entity_id,organization_type,status,degree,materialized_degree,edge_share,identifiers,label_identifier_count,registry_match,person_name_screen,screened_literal_party_count,current_disposition,adr159_outcome,obligation
01a0d74b-4290-7266-8986-905b58965e95,unclassified,active,26839,0,0.614699,,1,,pass,1,none,not yet reviewed,D-R11-ADR124-1
01a0d74e-9b12-7395-9b6c-d6901c7a9e4d,unclassified,active,1469,0,0.033645,,1,,pass,1,none,not yet reviewed,D-R11-ADR124-1
01a0d74e-9be6-70a8-810f-f32eb9396569,unclassified,active,1188,0,0.027209,,1,,pass,1,none,not yet reviewed,D-R11-ADR124-1
01a0d751-0901-7a6c-8789-06bab8c7456e,unclassified,active,200,130,0.004581,,1,,pass,1,none,not yet reviewed,D-R11-ADR124-1
01a0dbc4-54a8-7ccb-8e83-1e3e2a447dde,unclassified,active,1,0,0.000023,,1,,pass,1,none,not yet reviewed,D-R11-ADR124-1
01a0dbc4-54a8-7e55-8077-e9fc0d4cf3dd,unclassified,active,1,0,0.000023,,1,,pass,1,none,not yet reviewed,D-R11-ADR124-1
01a0dbc4-54a8-7e9d-9dfd-c693e95993dc,unclassified,active,1,0,0.000023,,1,,pass,1,none,not yet reviewed,D-R11-ADR124-1
01a0dbc7-6481-7920-b841-2722f32b53f9,unclassified,active,2,0,0.000046,,1,,pass,1,none,not yet reviewed,D-R11-ADR124-1
01a0dbc8-84b3-7fb1-92d3-d1d6af87a161,unclassified,active,1,0,0.000023,,1,,pass,1,none,not yet reviewed,D-R11-ADR124-1
01a0dbcc-2d9e-72af-92d0-ae3f499658f5,unclassified,active,1,0,0.000023,,1,,pass,1,none,not yet reviewed,D-R11-ADR124-1
01a0dbe0-71b5-71b2-9384-5f3cc9ff997f,unclassified,active,856,0,0.019605,,1,,pass,1,none,not yet reviewed,D-R11-ADR124-1
01a0dc4e-4122-79c4-8ae6-2ac0c65f3702,unclassified,active,1705,0,0.039050,,1,,pass,1,none,not yet reviewed,D-R11-ADR124-1
01a0dd2e-7258-712a-ab9b-fe4932ff6aba,unclassified,active,30,0,0.000687,,1,,pass,1,none,not yet reviewed,D-R11-ADR124-1
01a0dd2e-7258-7188-959e-fa5b55a2ae16,unclassified,active,30,0,0.000687,,1,,pass,1,none,not yet reviewed,D-R11-ADR124-1
01a0dd2e-7258-71bc-8645-52c9b5344764,unclassified,active,30,0,0.000687,,1,,pass,1,none,not yet reviewed,D-R11-ADR124-1
01a0dd2e-7258-71ee-9102-cdd7c306b839,unclassified,active,22,0,0.000504,,1,,pass,1,none,not yet reviewed,D-R11-ADR124-1
01a0dd2e-7258-723b-990f-c2db00f078f1,unclassified,active,30,0,0.000687,,1,,pass,1,none,not yet reviewed,D-R11-ADR124-1
01a0dd2e-7258-726f-b691-d6c64c70931d,unclassified,active,28,0,0.000641,,1,,pass,1,none,not yet reviewed,D-R11-ADR124-1
01a0dd2e-7258-729e-bc7b-39fde341bfd4,unclassified,active,30,0,0.000687,,1,,pass,1,none,not yet reviewed,D-R11-ADR124-1
01a0dd2e-7258-72cc-9a65-1fcdf02e767d,unclassified,active,14,0,0.000321,,1,,pass,1,none,not yet reviewed,D-R11-ADR124-1
01a0dd2e-7258-72fa-8e59-454b07622613,unclassified,active,22,0,0.000504,,1,,pass,1,none,not yet reviewed,D-R11-ADR124-1
01a0dd2e-8e49-7f6d-bcaa-e92ed4518ad6,unclassified,active,4,0,0.000092,,1,,pass,1,none,not yet reviewed,D-R11-ADR124-1
01a0dd2e-8e49-7fc0-84d3-a848339562d8,unclassified,active,2,0,0.000046,,1,,pass,1,none,not yet reviewed,D-R11-ADR124-1
01a0dd2e-8e49-7fee-af81-78986fdc9351,unclassified,active,10,0,0.000229,,1,,pass,1,none,not yet reviewed,D-R11-ADR124-1
01a0dd2e-8e4a-702d-bf05-0f06c339d01a,unclassified,active,20,0,0.000458,,1,,pass,1,none,not yet reviewed,D-R11-ADR124-1
01a0dd2e-8e4a-70c4-9bf4-6a8f33bac2ce,unclassified,active,2,0,0.000046,,1,,pass,1,none,not yet reviewed,D-R11-ADR124-1
01a0dd2e-8e4a-70fa-be1a-e8d3908d764c,unclassified,active,4,0,0.000092,,1,,pass,1,none,not yet reviewed,D-R11-ADR124-1
01a0dd2e-8e4a-7129-8d4f-4046c1e0d3d9,unclassified,active,28,0,0.000641,,1,,pass,1,none,not yet reviewed,D-R11-ADR124-1
01a0dd2e-8e4a-7158-b7b7-6cd5375826d1,unclassified,active,2,0,0.000046,,1,,pass,1,none,not yet reviewed,D-R11-ADR124-1
01a0dd2e-8e4a-7187-a47a-dab5617873a5,unclassified,active,4,0,0.000092,,1,,pass,1,none,not yet reviewed,D-R11-ADR124-1
01a0dd2e-8e4a-71b7-b57c-211f6113e6e1,unclassified,active,4,0,0.000092,,1,,pass,1,none,not yet reviewed,D-R11-ADR124-1
01a0dd2e-8e4a-71e6-84e8-45eb8cf2e164,unclassified,active,4,0,0.000092,,1,,pass,1,none,not yet reviewed,D-R11-ADR124-1
01a0dd2e-8e4a-7215-8840-e9d28daadeaf,unclassified,active,4,0,0.000092,,1,,pass,1,none,not yet reviewed,D-R11-ADR124-1
01a0dd2e-8e4a-7246-894f-b17e469674da,unclassified,active,24,0,0.000550,,1,,pass,1,none,not yet reviewed,D-R11-ADR124-1
01a0e175-41cc-7d80-ae1b-34f474833659,unclassified,active,871,0,0.019949,,1,,pass,1,none,not yet reviewed,D-R11-ADR124-1
01a0e62d-a1d3-7aeb-9f1e-1e39b4efb45d,unclassified,active,1006,0,0.023041,,1,,pass,1,none,not yet reviewed,D-R11-ADR124-1
01a0e66b-9038-7c00-812b-44d8f028ec25,unclassified,active,1,0,0.000023,,1,,pass,1,none,not yet reviewed,D-R11-ADR124-1
01a0e66b-b43c-7051-8fae-50ba1fc2515d,unclassified,active,1,0,0.000023,,1,,pass,1,none,not yet reviewed,D-R11-ADR124-1
01a0e66b-bc2f-7252-8bce-cced6fbbdaf3,unclassified,active,1,0,0.000023,,1,,pass,1,none,not yet reviewed,D-R11-ADR124-1
01a0e66b-bc2f-72ac-b9d7-caf3ec10523e,unclassified,active,1,0,0.000023,,1,,pass,1,none,not yet reviewed,D-R11-ADR124-1
01a0e66b-bc2f-72e8-acc1-d1528ecb13ea,unclassified,active,1,0,0.000023,,1,,pass,1,none,not yet reviewed,D-R11-ADR124-1
01a0e66b-bc2f-7315-8a00-3bb3e4f78154,unclassified,active,1,0,0.000023,,1,,flag_part_viii,1,none,not yet reviewed,D-R11-ADR124-1
01a0e66b-bc2f-7345-89b9-5b538ddcd33a,unclassified,active,1,0,0.000023,,1,,flag_part_viii,1,none,not yet reviewed,D-R11-ADR124-1
01a0e66b-bc2f-7386-a8c5-878169bb6574,unclassified,active,1,0,0.000023,,1,,flag_part_viii,1,none,not yet reviewed,D-R11-ADR124-1
01a0e66b-bc2f-73d6-a41a-d55787c98a47,unclassified,active,1,0,0.000023,,1,,pass,1,none,not yet reviewed,D-R11-ADR124-1
01a0e66b-bc2f-7417-9499-a2e7a4c82aa1,unclassified,active,4,0,0.000092,,1,,pass,1,none,not yet reviewed,D-R11-ADR124-1
01a0e66b-bc2f-7453-857d-dd24066e57dc,unclassified,active,9,0,0.000206,,1,,pass,1,none,not yet reviewed,D-R11-ADR124-1
01a0e66b-bc2f-74ea-a4b1-28fd64b8392f,unclassified,active,2,0,0.000046,,1,,pass,1,none,not yet reviewed,D-R11-ADR124-1
01a0e66b-bc30-7cf0-b763-f4f266baba31,unclassified,active,1,0,0.000023,,1,,pass,1,none,not yet reviewed,D-R11-ADR124-1
01a0e66b-bc31-7010-9eab-2ac64532f2e8,unclassified,active,1,0,0.000023,,1,,pass,1,none,not yet reviewed,D-R11-ADR124-1
01a0e66b-bc31-705b-b659-71c6465b64e5,unclassified,active,3,0,0.000069,,1,,pass,1,none,not yet reviewed,D-R11-ADR124-1
01a0e66b-bc31-7094-98bb-534fc50ab73a,unclassified,active,1,0,0.000023,,1,,pass,1,none,not yet reviewed,D-R11-ADR124-1
01a0e66b-c448-70a6-8381-87ba6d93a3d4,unclassified,active,1,0,0.000023,,1,,pass,1,none,not yet reviewed,D-R11-ADR124-1
01a0e66b-c448-7144-a636-ef6c5dbc9467,unclassified,active,3,0,0.000069,,1,,flag_part_viii,1,none,not yet reviewed,D-R11-ADR124-1
01a0e66b-c448-71b8-ac8b-1cd45fb12529,unclassified,active,1,0,0.000023,,1,,pass,1,none,not yet reviewed,D-R11-ADR124-1
01a0e66b-c448-7267-a009-2a85036ce316,unclassified,active,1,0,0.000023,,1,,pass,1,none,not yet reviewed,D-R11-ADR124-1
01a0e66b-c448-72dd-b3a2-68018b3117fd,unclassified,active,1,0,0.000023,,1,,pass,1,none,not yet reviewed,D-R11-ADR124-1
01a0e69c-3593-719c-b813-542c4167ba90,unclassified,active,90,0,0.002061,,1,,pass,1,none,not yet reviewed,D-R11-ADR124-1
01a0e777-6095-7802-a5c5-4027962e3733,unclassified,active,160,0,0.003665,,1,,pass,1,none,not yet reviewed,D-R11-ADR124-1
01a0e853-c590-79dd-9772-e6887937d63e,unclassified,active,562,0,0.012872,,1,,pass,1,none,not yet reviewed,D-R11-ADR124-1
01a0e8c0-a2fa-77f7-8688-de705da9afc6,unclassified,active,222,0,0.005085,,1,,pass,1,none,not yet reviewed,D-R11-ADR124-1
01a0e938-092a-7b27-8ccb-938436262874,unclassified,active,441,0,0.010100,,1,,pass,1,none,not yet reviewed,D-R11-ADR124-1
01a0e9a3-4441-74d2-9e72-fcfb5c01e3b1,unclassified,active,108,0,0.002474,,1,,pass,1,none,not yet reviewed,D-R11-ADR124-1
01a0ea0a-c24a-79f9-8c95-fe958e07e453,unclassified,active,35,0,0.000802,,1,,pass,1,none,not yet reviewed,D-R11-ADR124-1
01a0eb53-0c45-70e8-8a59-1921c8be27ca,unclassified,active,1328,0,0.030415,,1,,pass,1,none,not yet reviewed,D-R11-ADR124-1
01a0ec30-b330-7ad6-8b46-572404d094df,unclassified,active,861,0,0.019720,,1,,pass,1,none,not yet reviewed,D-R11-ADR124-1
01a0ec9c-fb10-77a0-84f1-a04270a573a6,unclassified,active,146,0,0.003344,,1,,pass,1,none,not yet reviewed,D-R11-ADR124-1
01a0ed0c-e0c9-7664-b029-92cbc2e60e90,unclassified,active,37,0,0.000847,,1,,pass,1,none,not yet reviewed,D-R11-ADR124-1
01a0ed79-4bf9-7c38-8605-f1b6ebb0d371,unclassified,active,177,0,0.004054,,1,,pass,1,none,not yet reviewed,D-R11-ADR124-1
01a0ede9-8c80-754f-b820-8dae8f8218a5,unclassified,active,624,0,0.014292,,1,,pass,1,none,not yet reviewed,D-R11-ADR124-1
01a0f079-fe27-73ba-9610-cf8916eba3cd,unclassified,active,146,0,0.003344,,1,,pass,1,none,not yet reviewed,D-R11-ADR124-1
01a0f0e7-b2dc-7430-9d91-d0353246193f,unclassified,active,1,0,0.000023,,1,,pass,1,none,not yet reviewed,D-R11-ADR124-1
01a0f0e7-b2dc-782e-9a60-880108ad1c4f,unclassified,active,1,0,0.000023,,1,,pass,1,none,not yet reviewed,D-R11-ADR124-1
01a0f0e7-b2dc-78a5-b69e-ff1062ab7c5f,unclassified,active,2,0,0.000046,,1,,pass,1,none,not yet reviewed,D-R11-ADR124-1
01a0f0e7-b2dc-78e7-945e-b0782c8c3655,unclassified,active,1,0,0.000023,,1,,pass,1,none,not yet reviewed,D-R11-ADR124-1
01a0f0e7-b2dc-7936-95d1-f5e5d3593fce,unclassified,active,1,0,0.000023,,1,,pass,1,none,not yet reviewed,D-R11-ADR124-1
01a0f0e7-b2dc-7959-8de3-fb806645782d,unclassified,active,1,0,0.000023,,1,,pass,1,none,not yet reviewed,D-R11-ADR124-1
01a0f0e7-b2dc-797f-9c16-d2d765d997a1,unclassified,active,1,0,0.000023,,1,,pass,1,none,not yet reviewed,D-R11-ADR124-1
01a0f0e7-b2dc-7c05-8dcf-db903c92a55b,unclassified,active,13,0,0.000298,,1,,pass,1,none,not yet reviewed,D-R11-ADR124-1
01a0f0e7-b2dc-7c4e-9553-4f9686b1d028,unclassified,active,1,0,0.000023,,1,,pass,1,none,not yet reviewed,D-R11-ADR124-1
01a0f0e7-b2dc-7c8d-b15b-61c7c41f6f05,unclassified,active,1,0,0.000023,,1,,pass,1,none,not yet reviewed,D-R11-ADR124-1
01a0f0e7-b2dc-7cb9-91fb-6f96cfbc162c,unclassified,active,1,0,0.000023,,1,,pass,1,none,not yet reviewed,D-R11-ADR124-1
01a0f0e7-b2dc-7ce5-9214-9f223ca6dbdf,unclassified,active,1,0,0.000023,,1,,pass,1,none,not yet reviewed,D-R11-ADR124-1
01a0f0e7-b2dc-7d10-abf7-88f382bef4c9,unclassified,active,2,0,0.000046,,1,,pass,1,none,not yet reviewed,D-R11-ADR124-1
01a0f0e7-b2dc-7d3c-8fa3-3b9812a22d54,unclassified,active,1,0,0.000023,,1,,pass,1,none,not yet reviewed,D-R11-ADR124-1
01a0f0e7-b2dc-7d65-b4e1-dd837140ebe0,unclassified,active,4,0,0.000092,,1,,pass,1,none,not yet reviewed,D-R11-ADR124-1
01a0f0e7-b2dc-7d93-baa2-027be22fbab8,unclassified,active,1,0,0.000023,,1,,pass,1,none,not yet reviewed,D-R11-ADR124-1
01a0f0e7-b2dc-7dbe-917c-7a39ce04b315,unclassified,active,2,0,0.000046,,1,,pass,1,none,not yet reviewed,D-R11-ADR124-1
01a0f0e7-b2dc-7e31-a3e3-382d529ccc6c,unclassified,active,1,0,0.000023,,1,,pass,1,none,not yet reviewed,D-R11-ADR124-1
01a0f0e7-b2dc-7e66-b75e-94b2ed31cd3d,unclassified,active,1,0,0.000023,,1,,pass,1,none,not yet reviewed,D-R11-ADR124-1
01a0f0e7-b2dc-7e92-80b0-dd1c854220fb,unclassified,active,1,0,0.000023,,1,,pass,1,none,not yet reviewed,D-R11-ADR124-1
01a0f0e7-b2dc-7ebc-bf32-cb7ac2fbd57a,unclassified,active,1,0,0.000023,,1,,pass,1,none,not yet reviewed,D-R11-ADR124-1
01a0f0e7-b2dc-7ee5-af6c-4f739d21c5be,unclassified,active,1,0,0.000023,,1,,pass,1,none,not yet reviewed,D-R11-ADR124-1
01a0f0e7-b2dc-7f1d-925c-3581e5956ea8,unclassified,active,3,0,0.000069,,1,,pass,1,none,not yet reviewed,D-R11-ADR124-1
01a0f0e7-b2dd-7048-b1f1-92525bca4f09,unclassified,active,1,0,0.000023,,1,,pass,1,none,not yet reviewed,D-R11-ADR124-1
01a0f0e7-b2dd-7086-9246-2f2758fa26fa,unclassified,active,1,0,0.000023,,1,,pass,1,none,not yet reviewed,D-R11-ADR124-1
01a0f0e7-b2dd-70bf-afdd-7b342951b618,unclassified,active,1,0,0.000023,,1,,pass,1,none,not yet reviewed,D-R11-ADR124-1
01a0f0e7-b2dd-70ea-88be-b360dbf91f01,unclassified,active,6,0,0.000137,,1,,pass,1,none,not yet reviewed,D-R11-ADR124-1
01a0f0e7-b2dd-7118-bc35-59db68b55ba0,unclassified,active,1,0,0.000023,,1,,pass,1,none,not yet reviewed,D-R11-ADR124-1
01a0f0e7-b2dd-7195-a56e-a34216ec9b18,unclassified,active,1,0,0.000023,,1,,pass,1,none,not yet reviewed,D-R11-ADR124-1
01a0f0e7-b2dd-71ca-8bbe-5adbc7c961d2,unclassified,active,1,0,0.000023,,1,,pass,1,none,not yet reviewed,D-R11-ADR124-1
01a0f0e7-b2dd-71f4-a4c0-656048a88f0f,unclassified,active,1,0,0.000023,,1,,pass,1,none,not yet reviewed,D-R11-ADR124-1
01a0f0e7-b2dd-721e-a363-7f68d01ee75f,unclassified,active,5,0,0.000115,,1,,pass,1,none,not yet reviewed,D-R11-ADR124-1
01a0f0e7-b2dd-7249-9c72-3190e6043649,unclassified,active,4,0,0.000092,,1,,pass,1,none,not yet reviewed,D-R11-ADR124-1
01a0f0e7-b2dd-7271-8c32-7081f0b22fa8,unclassified,active,5,0,0.000115,,1,,pass,1,none,not yet reviewed,D-R11-ADR124-1
01a0f0e7-b2dd-729d-9ba2-b58758552778,unclassified,active,2,0,0.000046,,1,,pass,1,none,not yet reviewed,D-R11-ADR124-1
01a0f0e7-b2dd-72c7-b07a-19a4ce85e604,unclassified,active,1,0,0.000023,,1,,pass,1,none,not yet reviewed,D-R11-ADR124-1
01a0f0e7-b2dd-72f0-873a-ae78067e78ea,unclassified,active,1,0,0.000023,,1,,pass,1,none,not yet reviewed,D-R11-ADR124-1
01a0f0e7-b2dd-731d-9c61-633e279de137,unclassified,active,1,0,0.000023,,1,,pass,1,none,not yet reviewed,D-R11-ADR124-1
01a0f0e7-b2dd-734b-83ee-4e6371d3a535,unclassified,active,1,0,0.000023,,1,,pass,1,none,not yet reviewed,D-R11-ADR124-1
01a0f0e7-b2dd-7373-951b-58aae0eb7a4e,unclassified,active,1,0,0.000023,,1,,pass,1,none,not yet reviewed,D-R11-ADR124-1
01a0f0e7-b2dd-73dc-b9c3-501c4c9003a9,unclassified,active,2,0,0.000046,,1,,pass,1,none,not yet reviewed,D-R11-ADR124-1
01a0f0e7-b2dd-740f-a48d-0dc7303bc4d5,unclassified,active,1,0,0.000023,,1,,pass,1,none,not yet reviewed,D-R11-ADR124-1
01a0f0e7-b2dd-7545-950e-442e12246747,unclassified,active,1,0,0.000023,,1,,pass,1,none,not yet reviewed,D-R11-ADR124-1
01a0f0e7-b2dd-757a-9066-6d0e1d61e90d,unclassified,active,1,0,0.000023,,1,,pass,1,none,not yet reviewed,D-R11-ADR124-1
01a0f0e7-b2dd-75a3-83e6-7bfc4d346b95,unclassified,active,2,0,0.000046,,1,,pass,1,none,not yet reviewed,D-R11-ADR124-1
01a0f0e7-b2dd-75cb-8946-dfae19df8a67,unclassified,active,2,0,0.000046,,1,,pass,1,none,not yet reviewed,D-R11-ADR124-1
01a0f0e7-b2dd-75f6-8eb7-e8e35f41dba7,unclassified,active,2,0,0.000046,,1,,pass,1,none,not yet reviewed,D-R11-ADR124-1
01a0f0e7-b2dd-761f-8d5a-0e18f0894c90,unclassified,active,2,0,0.000046,,1,,pass,1,none,not yet reviewed,D-R11-ADR124-1
01a0f0e7-b2dd-7649-80ea-c3b88150eb7e,unclassified,active,7,0,0.000160,,1,,pass,1,none,not yet reviewed,D-R11-ADR124-1
01a0f0e7-b2dd-7671-b5a3-d16edeb53c14,unclassified,active,1,0,0.000023,,1,,pass,1,none,not yet reviewed,D-R11-ADR124-1
01a0f0e7-b2dd-7699-9383-5ba9447a9ec1,unclassified,active,1,0,0.000023,,1,,pass,1,none,not yet reviewed,D-R11-ADR124-1
01a0f0e7-b2dd-76c3-8815-214d53a9cdd7,unclassified,active,1,0,0.000023,,1,,pass,1,none,not yet reviewed,D-R11-ADR124-1
01a0f0e7-b2dd-7787-a9f0-6b309c319f05,unclassified,active,1,0,0.000023,,1,,pass,1,none,not yet reviewed,D-R11-ADR124-1
01a0f0e7-b2dd-77be-a9ac-ebe3a4ff201f,unclassified,active,1,0,0.000023,,1,,pass,1,none,not yet reviewed,D-R11-ADR124-1
01a0f0e7-b2dd-77e8-b9de-b0df5ab47022,unclassified,active,1,0,0.000023,,1,,pass,1,none,not yet reviewed,D-R11-ADR124-1
01a0f0e7-b2dd-7810-8092-1339eff98238,unclassified,active,1,0,0.000023,,1,,pass,1,none,not yet reviewed,D-R11-ADR124-1
01a0f0e7-b2dd-783b-8343-d0506829cc67,unclassified,active,2,0,0.000046,,1,,pass,1,none,not yet reviewed,D-R11-ADR124-1
01a0f0e7-b2dd-7a09-ade7-8c96cb7cd3b2,unclassified,active,326,0,0.007466,,1,,pass,2,none,not yet reviewed,D-R11-ADR124-1
01a0f0e7-b2dd-7a56-bf93-d64ee69888fd,unclassified,active,2,0,0.000046,,1,,pass,1,none,not yet reviewed,D-R11-ADR124-1
01a0f0e7-b2dd-7a85-a992-a5dd90236446,unclassified,active,1,0,0.000023,,1,,pass,1,none,not yet reviewed,D-R11-ADR124-1
01a0f0e7-b2dd-7ab2-8c43-e880891d2c50,unclassified,active,1,0,0.000023,,1,,pass,1,none,not yet reviewed,D-R11-ADR124-1
01a0f0e7-b2dd-7ade-b08b-493fa5330976,unclassified,active,4,0,0.000092,,1,,pass,1,none,not yet reviewed,D-R11-ADR124-1
01a0f0e7-b2dd-7b09-b6ce-c060c1c59b9e,unclassified,active,1,0,0.000023,,1,,pass,1,none,not yet reviewed,D-R11-ADR124-1
01a0f0e7-b2dd-7b34-8e47-1807c940815a,unclassified,active,1,0,0.000023,,1,,pass,1,none,not yet reviewed,D-R11-ADR124-1
01a0f0e7-b2dd-7b60-a32a-3bb7be5422e8,unclassified,active,1,0,0.000023,,1,,pass,1,none,not yet reviewed,D-R11-ADR124-1
01a0f0e7-b2dd-7bd1-b6f8-fc04d32d3c7a,unclassified,active,1,0,0.000023,,1,,pass,1,none,not yet reviewed,D-R11-ADR124-1
01a0f0e7-b2dd-7c03-97ee-c139cf6f7cdb,unclassified,active,1,0,0.000023,,1,,pass,1,none,not yet reviewed,D-R11-ADR124-1
01a0f0e7-b2dd-7c2d-a4dc-e7ce0cf95397,unclassified,active,1,0,0.000023,,1,,pass,1,none,not yet reviewed,D-R11-ADR124-1
01a0f0e7-b2dd-7c57-a359-27f7a71e2177,unclassified,active,1,0,0.000023,,1,,pass,1,none,not yet reviewed,D-R11-ADR124-1
01a0f0e7-b2dd-7c7f-8403-63235492f0f7,unclassified,active,1,0,0.000023,,1,,pass,1,none,not yet reviewed,D-R11-ADR124-1
01a0f0e7-b2dd-7ca7-83c4-ec14a43b4c98,unclassified,active,6,0,0.000137,,1,,pass,1,none,not yet reviewed,D-R11-ADR124-1
01a0f0e7-b2dd-7ccf-ae43-3f9c830dc68b,unclassified,active,1,0,0.000023,,1,,pass,1,none,not yet reviewed,D-R11-ADR124-1
01a0f0e7-b2dd-7cf7-adb4-e1a51a5d640c,unclassified,active,1,0,0.000023,,1,,pass,1,none,not yet reviewed,D-R11-ADR124-1
01a0f0e7-b2dd-7d20-b9cf-1f2b028bd07a,unclassified,active,1,0,0.000023,,1,,pass,1,none,not yet reviewed,D-R11-ADR124-1
01a0f0e7-b2dd-7d48-9856-0af6429981c2,unclassified,active,1,0,0.000023,,1,,pass,1,none,not yet reviewed,D-R11-ADR124-1
01a0f0e7-b2dd-7d71-81d7-ca88d4ef35e1,unclassified,active,1,0,0.000023,,1,,pass,1,none,not yet reviewed,D-R11-ADR124-1
01a0f0e7-b2dd-7d9b-b8b3-2074b5d4695e,unclassified,active,3,0,0.000069,,1,,pass,1,none,not yet reviewed,D-R11-ADR124-1
01a0f0e7-b2dd-7e01-a29b-8f363af37be0,unclassified,active,1,0,0.000023,,1,,pass,1,none,not yet reviewed,D-R11-ADR124-1
01a0f0e7-b2dd-7e33-9af3-23fd9b261088,unclassified,active,2,0,0.000046,,1,,pass,1,none,not yet reviewed,D-R11-ADR124-1
01a0f0e7-b2dd-7e5c-8855-782febe2baf0,unclassified,active,1,0,0.000023,,1,,pass,1,none,not yet reviewed,D-R11-ADR124-1
01a0f0e7-b2dd-7e86-944d-7d14ca3fae39,unclassified,active,2,0,0.000046,,1,,pass,1,none,not yet reviewed,D-R11-ADR124-1
01a0f0e7-b2dd-7ead-ba6c-457595d2aa9d,unclassified,active,1,0,0.000023,,1,,pass,1,none,not yet reviewed,D-R11-ADR124-1
01a0f0e7-b2dd-7ed7-8c8a-6d30189e3c19,unclassified,active,1,0,0.000023,,1,,pass,1,none,not yet reviewed,D-R11-ADR124-1
01a0f0e7-b2dd-7f0a-aecc-2bac4704f643,unclassified,active,1,0,0.000023,,1,,pass,1,none,not yet reviewed,D-R11-ADR124-1
01a0f0e7-b2dd-7f3a-8a39-9a99e9a44e87,unclassified,active,1,0,0.000023,,1,,pass,1,none,not yet reviewed,D-R11-ADR124-1
01a0f0e7-b2dd-7f64-9cab-b9e0178d49c9,unclassified,active,1,0,0.000023,,1,,pass,1,none,not yet reviewed,D-R11-ADR124-1
01a0f0e7-b2dd-7f8c-bcb4-b2e7e233e2f4,unclassified,active,1,0,0.000023,,1,,pass,1,none,not yet reviewed,D-R11-ADR124-1
01a0f0e7-b2dd-7fb4-9685-11217ef8c3c4,unclassified,active,1,0,0.000023,,1,,pass,1,none,not yet reviewed,D-R11-ADR124-1
01a0f0e7-b2dd-7fdc-ba1c-169136757dba,unclassified,active,2,0,0.000046,,1,,pass,1,none,not yet reviewed,D-R11-ADR124-1
01a0f0e7-b2de-7002-ac78-d03b632f5797,unclassified,active,1,0,0.000023,,1,,pass,1,none,not yet reviewed,D-R11-ADR124-1
01a0f0e7-b2de-706c-b9b4-aecd9035fef4,unclassified,active,1,0,0.000023,,1,,pass,1,none,not yet reviewed,D-R11-ADR124-1
01a0f0e7-b2de-709c-a64e-4cbf5072663b,unclassified,active,2,0,0.000046,,1,,pass,1,none,not yet reviewed,D-R11-ADR124-1
01a0f0e7-b2de-70c5-a57b-22ec01ab37ab,unclassified,active,9,0,0.000206,,1,,pass,1,none,not yet reviewed,D-R11-ADR124-1
01a0f0e7-b2de-70ee-b07f-904ef0415c1f,unclassified,active,2,0,0.000046,,1,,pass,1,none,not yet reviewed,D-R11-ADR124-1
01a0f0e7-b2de-7114-9629-a759b374fb42,unclassified,active,4,0,0.000092,,1,,pass,1,none,not yet reviewed,D-R11-ADR124-1
01a0f0e7-b2de-713b-9658-b732b4b03580,unclassified,active,1,0,0.000023,,1,,pass,1,none,not yet reviewed,D-R11-ADR124-1
01a0f0e7-b2de-7163-841c-b4bf89f80d39,unclassified,active,1,0,0.000023,,1,,pass,1,none,not yet reviewed,D-R11-ADR124-1
01a0f0e7-b2de-718b-bb4d-14cd5f2259f9,unclassified,active,1,0,0.000023,,1,,pass,1,none,not yet reviewed,D-R11-ADR124-1
01a0f0e7-b2de-71b4-b12c-4fe82c2c160d,unclassified,active,4,0,0.000092,,1,,pass,1,none,not yet reviewed,D-R11-ADR124-1
01a0f0e7-b2de-71f1-9bd3-31e5cb29dcf1,unclassified,active,1,0,0.000023,,1,,pass,1,none,not yet reviewed,D-R11-ADR124-1
01a0f0e7-b2de-721c-adaa-de9aae4b4e85,unclassified,active,2,0,0.000046,,1,,pass,1,none,not yet reviewed,D-R11-ADR124-1
01a0f0e7-b2de-7243-bf4c-cd93076fa2d4,unclassified,active,1,0,0.000023,,1,,pass,1,none,not yet reviewed,D-R11-ADR124-1
01a0f0e7-b2de-729d-99be-e2fadccafb83,unclassified,active,1,0,0.000023,,1,,pass,1,none,not yet reviewed,D-R11-ADR124-1
01a0f0e7-b2de-72cc-bf9b-b84803ea258c,unclassified,active,1,0,0.000023,,1,,pass,1,none,not yet reviewed,D-R11-ADR124-1
01a0f0e7-b2de-72f6-8b44-2d36a8d16176,unclassified,active,1,0,0.000023,,1,,pass,1,none,not yet reviewed,D-R11-ADR124-1
01a0f0e7-b2de-731f-b6fe-3b614fa2ad3e,unclassified,active,1,0,0.000023,,1,,pass,1,none,not yet reviewed,D-R11-ADR124-1
01a0f0e7-b2de-7349-837a-8210b85e3144,unclassified,active,1,0,0.000023,,1,,pass,1,none,not yet reviewed,D-R11-ADR124-1
01a0f0e7-b2de-7374-b27a-f3c8701d6b1f,unclassified,active,1,0,0.000023,,1,,pass,1,none,not yet reviewed,D-R11-ADR124-1
01a0f0e7-b2de-739b-8885-e50f28df7d5f,unclassified,active,1,0,0.000023,,1,,pass,1,none,not yet reviewed,D-R11-ADR124-1
01a0f0e7-b2de-73c3-a411-c8c2cc33aec6,unclassified,active,2,0,0.000046,,1,,pass,1,none,not yet reviewed,D-R11-ADR124-1
01a0f0e7-b2de-73eb-b598-0c6beb2654eb,unclassified,active,1,0,0.000023,,1,,pass,1,none,not yet reviewed,D-R11-ADR124-1
01a0f0e7-b2de-7412-81bc-f588c0968b65,unclassified,active,1,0,0.000023,,1,,pass,1,none,not yet reviewed,D-R11-ADR124-1
01a0f0e7-b2de-7449-8b08-6e82911ff7c6,unclassified,active,7,0,0.000160,,1,,pass,1,none,not yet reviewed,D-R11-ADR124-1
01a0f0e7-b2de-7473-9aa1-0573efca666e,unclassified,active,2,0,0.000046,,1,,pass,1,none,not yet reviewed,D-R11-ADR124-1
01a0f0e7-b2de-74e5-9377-47dfff2b777e,unclassified,active,1,0,0.000023,,1,,pass,1,none,not yet reviewed,D-R11-ADR124-1
01a0f0e7-b2de-7516-b7c1-7d34fb2d1787,unclassified,active,8,0,0.000183,,1,,pass,1,none,not yet reviewed,D-R11-ADR124-1
01a0f0e7-b2de-753f-be0f-82e74d56a75c,unclassified,active,1,0,0.000023,,1,,pass,1,none,not yet reviewed,D-R11-ADR124-1
01a0f0e7-b2de-7568-beb2-976d9fa7f3dd,unclassified,active,1,0,0.000023,,1,,pass,1,none,not yet reviewed,D-R11-ADR124-1
01a0f0e7-b2de-7592-885a-00dd372df30d,unclassified,active,1,0,0.000023,,1,,pass,1,none,not yet reviewed,D-R11-ADR124-1
01a0f0e7-b2de-75bf-9653-c5a157bda0d8,unclassified,active,2,0,0.000046,,1,,pass,1,none,not yet reviewed,D-R11-ADR124-1
01a0f0e7-b2de-75e6-bdcf-e008a59ca65a,unclassified,active,1,0,0.000023,,1,,pass,2,none,not yet reviewed,D-R11-ADR124-1
01a0f0e7-b2de-760d-8404-09b45fbf90bf,unclassified,active,1,0,0.000023,,1,,pass,1,none,not yet reviewed,D-R11-ADR124-1
01a0f0e7-b2de-77dc-b76b-f4374832edfa,unclassified,active,1,0,0.000023,,1,,pass,1,none,not yet reviewed,D-R11-ADR124-1
01a0f0e7-b2de-79cb-84a1-5e50023aa8b9,unclassified,active,1,0,0.000023,,1,,pass,1,none,not yet reviewed,D-R11-ADR124-1
01a0f0e7-b2df-7c4b-88e8-1060b3379acf,unclassified,active,2,0,0.000046,,1,,pass,1,none,not yet reviewed,D-R11-ADR124-1
01a0f0e7-b2df-7de0-907e-69a9a8e00e7f,unclassified,active,5,0,0.000115,,1,,pass,1,none,not yet reviewed,D-R11-ADR124-1
01a0f0e7-b2df-7e7f-b608-21e40b9d4a2b,unclassified,active,1,0,0.000023,,1,,pass,1,none,not yet reviewed,D-R11-ADR124-1
01a0f0e7-b2df-7ec5-af37-fdd3e7c4c2ba,unclassified,active,1,0,0.000023,,1,,pass,1,none,not yet reviewed,D-R11-ADR124-1
01a0f0e7-b2df-7f00-987d-d94cd3a33dbd,unclassified,active,1,0,0.000023,,1,,pass,1,none,not yet reviewed,D-R11-ADR124-1
01a0f0e7-b2df-7f38-bc48-05729914bb4d,unclassified,active,1,0,0.000023,,1,,pass,1,none,not yet reviewed,D-R11-ADR124-1
01a0f0e7-b2df-7f72-9da9-8576c3384105,unclassified,active,1,0,0.000023,,1,,pass,1,none,not yet reviewed,D-R11-ADR124-1
01a0f0e7-b2df-7fa9-a16a-7b82319f8ed2,unclassified,active,1,0,0.000023,,1,,pass,1,none,not yet reviewed,D-R11-ADR124-1
01a0f0e7-b2df-7fec-b6de-bc1905e553bd,unclassified,active,7,0,0.000160,,1,,pass,1,none,not yet reviewed,D-R11-ADR124-1
01a0f0e7-b2e0-7043-8f47-b4d30e9e6373,unclassified,active,1,0,0.000023,,1,,pass,1,none,not yet reviewed,D-R11-ADR124-1
01a0f0e7-b2e0-707f-b1d2-afd0508df4b0,unclassified,active,1,0,0.000023,,1,,pass,1,none,not yet reviewed,D-R11-ADR124-1
01a0f0e7-b2e0-70b5-893e-a0c79ee0c237,unclassified,active,2,0,0.000046,,1,,pass,1,none,not yet reviewed,D-R11-ADR124-1
01a0f0e7-b2e0-70ed-9f0b-bc1f651d5169,unclassified,active,1,0,0.000023,,1,,pass,1,none,not yet reviewed,D-R11-ADR124-1
01a0f0e7-b2e0-7123-b921-dd86b700bd23,unclassified,active,1,0,0.000023,,1,,pass,1,none,not yet reviewed,D-R11-ADR124-1
01a0f0e7-b2e0-71c4-ac17-cb04dc94941f,unclassified,active,1,0,0.000023,,1,,pass,1,none,not yet reviewed,D-R11-ADR124-1
01a0f0e7-b2e0-73f5-bfb8-5a60a3f9434e,unclassified,active,1,0,0.000023,,1,,pass,1,none,not yet reviewed,D-R11-ADR124-1
01a0f0e7-b2e0-7441-9a83-beb74890cc65,unclassified,active,1,0,0.000023,,1,,pass,1,none,not yet reviewed,D-R11-ADR124-1
01a0f0e7-b2e0-7477-bc78-9fca219ca22d,unclassified,active,1,0,0.000023,,1,,pass,1,none,not yet reviewed,D-R11-ADR124-1
01a0f0e7-b2e0-74ac-8ea1-dfeaabb86935,unclassified,active,1,0,0.000023,,1,,pass,1,none,not yet reviewed,D-R11-ADR124-1
01a0f0e7-b2e0-74e4-b9e0-c2d5ad461d0b,unclassified,active,1,0,0.000023,,1,,pass,1,none,not yet reviewed,D-R11-ADR124-1
01a0f0e7-b2e0-7517-9993-38ee3ae3963b,unclassified,active,1,0,0.000023,,1,,pass,1,none,not yet reviewed,D-R11-ADR124-1
01a0f0e7-b2e0-7548-b587-9396d6316484,unclassified,active,1,0,0.000023,,1,,pass,1,none,not yet reviewed,D-R11-ADR124-1
01a0f0e7-b2e0-757a-9e5e-3b91a58c1776,unclassified,active,1,0,0.000023,,1,,pass,1,none,not yet reviewed,D-R11-ADR124-1
01a0f0e7-b2e0-75ac-a92f-d5d58a6ec071,unclassified,active,1,0,0.000023,,1,,pass,1,none,not yet reviewed,D-R11-ADR124-1
01a0f0e7-b2e0-75f1-ad45-a4101768188c,unclassified,active,5,0,0.000115,,1,,pass,1,none,not yet reviewed,D-R11-ADR124-1
01a0f0e7-b2e0-7623-a987-7857dbac8b43,unclassified,active,2,0,0.000046,,1,,pass,1,none,not yet reviewed,D-R11-ADR124-1
01a0f0e7-b2e0-7752-a675-5cf0dd31a8df,unclassified,active,1,0,0.000023,,1,,pass,1,none,not yet reviewed,D-R11-ADR124-1
01a0f0e7-b2e0-7790-ab08-7011a6950658,unclassified,active,1,0,0.000023,,1,,pass,1,none,not yet reviewed,D-R11-ADR124-1
01a0f0e7-b2e0-77c5-b78d-bc5cf8b8e7b8,unclassified,active,2,0,0.000046,,1,,pass,1,none,not yet reviewed,D-R11-ADR124-1
01a0f0e7-b2e0-7a18-9431-8df7dccb811e,unclassified,active,1,0,0.000023,,1,,pass,1,none,not yet reviewed,D-R11-ADR124-1
01a0f0e7-b2e0-7a6b-888e-ace43f7bc817,unclassified,active,1,0,0.000023,,1,,pass,1,none,not yet reviewed,D-R11-ADR124-1
01a0f0e7-b2e0-7aa8-9281-b6b082571628,unclassified,active,1,0,0.000023,,1,,pass,1,none,not yet reviewed,D-R11-ADR124-1
01a0f0e7-b2e0-7adb-91ba-9d1bc49eab23,unclassified,active,1,0,0.000023,,1,,pass,1,none,not yet reviewed,D-R11-ADR124-1
01a0f0e7-b2e0-7b0d-b18b-f91e0ebaba40,unclassified,active,1,0,0.000023,,1,,pass,1,none,not yet reviewed,D-R11-ADR124-1
01a0f0e7-b2e0-7b3e-93ab-d12f57f38fe1,unclassified,active,1,0,0.000023,,1,,pass,1,none,not yet reviewed,D-R11-ADR124-1
01a0f0e7-b2e0-7b85-9634-ea5a9b5bda65,unclassified,active,1,0,0.000023,,1,,pass,1,none,not yet reviewed,D-R11-ADR124-1
01a0f0e7-b2e0-7bb8-a3a0-c3155b24fc48,unclassified,active,1,0,0.000023,,1,,pass,1,none,not yet reviewed,D-R11-ADR124-1
01a0f0e7-b2e0-7bed-83e2-16abde6b7d16,unclassified,active,1,0,0.000023,,1,,pass,1,none,not yet reviewed,D-R11-ADR124-1
01a0f0e7-b2e0-7c21-b574-53acbb3a9a7e,unclassified,active,1,0,0.000023,,1,,pass,1,none,not yet reviewed,D-R11-ADR124-1
01a0f0e7-b2e0-7cc7-bea3-ccb71d93db63,unclassified,active,3,0,0.000069,,1,,pass,1,none,not yet reviewed,D-R11-ADR124-1
01a0f0e7-b2e0-7d09-b37c-aae1411f242b,unclassified,active,1,0,0.000023,,1,,pass,1,none,not yet reviewed,D-R11-ADR124-1
01a0f0e7-b2e0-7d3f-9974-3edff40dc0c4,unclassified,active,1,0,0.000023,,1,,pass,1,none,not yet reviewed,D-R11-ADR124-1
01a0f0e7-b2e0-7d75-8760-360c139d6314,unclassified,active,1,0,0.000023,,1,,pass,1,none,not yet reviewed,D-R11-ADR124-1
01a0f0e7-b2e0-7da6-be8d-9e1a1413f976,unclassified,active,2,0,0.000046,,1,,pass,1,none,not yet reviewed,D-R11-ADR124-1
01a0f0e7-b2e0-7ddc-9a5d-c4614759234d,unclassified,active,1,0,0.000023,,1,,pass,1,none,not yet reviewed,D-R11-ADR124-1
01a0f0e7-b2e0-7e0e-bd09-2bb2629e1366,unclassified,active,1,0,0.000023,,1,,pass,1,none,not yet reviewed,D-R11-ADR124-1
01a0f0e7-b2e0-7e43-885b-8e6bf45f530a,unclassified,active,1,0,0.000023,,1,,pass,1,none,not yet reviewed,D-R11-ADR124-1
01a0f0e7-b2e0-7e77-8e6a-97d2a00c7bfe,unclassified,active,5,0,0.000115,,1,,pass,1,none,not yet reviewed,D-R11-ADR124-1
01a0f0e7-b2e0-7eac-947e-1c54a3b3587a,unclassified,active,3,0,0.000069,,1,,pass,1,none,not yet reviewed,D-R11-ADR124-1
01a0f0e7-b2e0-7eff-9e11-947323622071,unclassified,active,1,0,0.000023,,1,,pass,1,none,not yet reviewed,D-R11-ADR124-1
01a0f0e7-b2e0-7f36-bcb5-89ce6a67b7ba,unclassified,active,1,0,0.000023,,1,,pass,1,none,not yet reviewed,D-R11-ADR124-1
01a0f0e7-b2e0-7fb8-9c14-d369b9e6aaa4,unclassified,active,1,0,0.000023,,1,,pass,1,none,not yet reviewed,D-R11-ADR124-1
01a0f0e7-b2e1-7001-b872-cb3e2e1ef348,unclassified,active,1,0,0.000023,,1,,pass,1,none,not yet reviewed,D-R11-ADR124-1
01a0f0e7-b2e1-7036-8a3e-37a450a0ab3f,unclassified,active,1,0,0.000023,,1,,pass,1,none,not yet reviewed,D-R11-ADR124-1
01a0f0e7-b2e1-7069-8668-efc1bae123de,unclassified,active,1,0,0.000023,,1,,pass,1,none,not yet reviewed,D-R11-ADR124-1
01a0f0e7-b2e1-709c-bb39-3738e1633823,unclassified,active,1,0,0.000023,,1,,pass,1,none,not yet reviewed,D-R11-ADR124-1
01a0f0e7-b2e1-70ce-a1ef-02f125d47788,unclassified,active,2,0,0.000046,,1,,pass,1,none,not yet reviewed,D-R11-ADR124-1
01a0f0e7-b2e1-70ff-914a-0fffc5bc4845,unclassified,active,1,0,0.000023,,1,,pass,1,none,not yet reviewed,D-R11-ADR124-1
01a0f0e7-b2e1-7133-9095-928d8d1e8925,unclassified,active,1,0,0.000023,,1,,pass,1,none,not yet reviewed,D-R11-ADR124-1
01a0f0e7-b2e1-7168-b799-b0b11bd22d39,unclassified,active,1,0,0.000023,,1,,pass,1,none,not yet reviewed,D-R11-ADR124-1
01a0f0e7-b2e1-719c-9b93-c0ae376b7bda,unclassified,active,1,0,0.000023,,1,,pass,1,none,not yet reviewed,D-R11-ADR124-1
01a0f0e7-b2e1-71d0-90ca-dfb8a95c3eaf,unclassified,active,1,0,0.000023,,1,,pass,1,none,not yet reviewed,D-R11-ADR124-1
01a0f0e7-b2e1-7213-ae4b-a9f55adee0ca,unclassified,active,2,0,0.000046,,1,,pass,1,none,not yet reviewed,D-R11-ADR124-1
01a0f0e7-b2e1-7282-a92f-3a4627704614,unclassified,active,5,0,0.000115,,1,,pass,1,none,not yet reviewed,D-R11-ADR124-1
01a0f0e7-b2e1-72be-acb1-50834738f45e,unclassified,active,1,0,0.000023,,1,,pass,1,none,not yet reviewed,D-R11-ADR124-1
01a0f0e7-b2e1-72f1-9e8f-61449decb7af,unclassified,active,4,0,0.000092,,1,,pass,1,none,not yet reviewed,D-R11-ADR124-1
01a0f0e7-b2e1-7325-81bb-0e2c8bc34a30,unclassified,active,1,0,0.000023,,1,,pass,1,none,not yet reviewed,D-R11-ADR124-1
01a0f0e7-b2e1-7358-b0a1-1abf26fd5208,unclassified,active,2,0,0.000046,,1,,pass,1,none,not yet reviewed,D-R11-ADR124-1
01a0f0e7-b2e1-738c-b0f7-693980e295fd,unclassified,active,1,0,0.000023,,1,,pass,1,none,not yet reviewed,D-R11-ADR124-1
01a0f0e7-b2e1-73be-9d0f-d746d5c3eb65,unclassified,active,1,0,0.000023,,1,,pass,1,none,not yet reviewed,D-R11-ADR124-1
01a0f0e7-b2e1-73f2-a7a9-7f77b6667ae3,unclassified,active,2,0,0.000046,,1,,pass,1,none,not yet reviewed,D-R11-ADR124-1
01a0f0e7-b2e1-7425-a6cb-33577e6d007d,unclassified,active,3,0,0.000069,,1,,pass,1,none,not yet reviewed,D-R11-ADR124-1
01a0f0e7-b2e1-7459-9813-60ec1d6ac47c,unclassified,active,3,0,0.000069,,1,,pass,1,none,not yet reviewed,D-R11-ADR124-1
01a0f0e7-b2e1-7494-9909-2d0ad9c42720,unclassified,active,1,0,0.000023,,1,,pass,1,none,not yet reviewed,D-R11-ADR124-1
01a0f0e7-b2e1-74cb-a13a-1cd2bdca51b7,unclassified,active,1,0,0.000023,,1,,pass,1,none,not yet reviewed,D-R11-ADR124-1
01a0f0e7-b2e1-755a-bfa6-7ea9c766c856,unclassified,active,1,0,0.000023,,1,,pass,1,none,not yet reviewed,D-R11-ADR124-1
01a0f0e7-b2e1-7592-8bc9-b093b3e573d3,unclassified,active,1,0,0.000023,,1,,pass,1,none,not yet reviewed,D-R11-ADR124-1
01a0f0e7-b2e1-75be-99ca-559081216a9d,unclassified,active,1,0,0.000023,,1,,pass,1,none,not yet reviewed,D-R11-ADR124-1
01a0f0e7-b2e1-75e9-8822-ed544b5df20c,unclassified,active,7,0,0.000160,,1,,pass,1,none,not yet reviewed,D-R11-ADR124-1
01a0f0e7-b2e1-7613-bebd-56d301aa7d5e,unclassified,active,1,0,0.000023,,1,,pass,1,none,not yet reviewed,D-R11-ADR124-1
01a0f0e7-b2e1-764b-b1f1-114ed3d70799,unclassified,active,1,0,0.000023,,1,,pass,1,none,not yet reviewed,D-R11-ADR124-1
01a0f0e7-b2e1-7675-a7a8-eb237ae3224c,unclassified,active,1,0,0.000023,,1,,pass,1,none,not yet reviewed,D-R11-ADR124-1
01a0f0e7-b2e1-780c-8a00-90a248fc8f9c,unclassified,active,1,0,0.000023,,1,,pass,1,none,not yet reviewed,D-R11-ADR124-1
01a0f0e7-b2e3-7de8-94c2-1d0a6c75c705,unclassified,active,1,0,0.000023,,1,,pass,1,none,not yet reviewed,D-R11-ADR124-1
01a0f0e7-b2e3-7f8a-b6a7-ac711e9b7bb8,unclassified,active,1,0,0.000023,,1,,pass,1,none,not yet reviewed,D-R11-ADR124-1
01a0f0e7-b2e4-70b8-b7d1-5bd30c372b3c,unclassified,active,1,0,0.000023,,1,,pass,1,none,not yet reviewed,D-R11-ADR124-1
01a0f0e7-b2e4-7110-98c7-ded16a146675,unclassified,active,1,0,0.000023,,1,,pass,1,none,not yet reviewed,D-R11-ADR124-1
01a0f0e7-b2e4-7147-a6a2-5adeb9d1a4d1,unclassified,active,1,0,0.000023,,1,,pass,1,none,not yet reviewed,D-R11-ADR124-1
01a0f0e7-b2e4-71c5-8ab4-da44c8826335,unclassified,active,1,0,0.000023,,1,,pass,1,none,not yet reviewed,D-R11-ADR124-1
01a0f0e7-b2e4-7201-ab87-ab15823bebb5,unclassified,active,1,0,0.000023,,1,,pass,1,none,not yet reviewed,D-R11-ADR124-1
01a0f0e7-b2e4-7230-99e5-e97fd957fcd3,unclassified,active,3,0,0.000069,,1,,pass,1,none,not yet reviewed,D-R11-ADR124-1
01a0f0e7-b2e4-725c-b971-10741f0494e7,unclassified,active,3,0,0.000069,,1,,pass,2,none,not yet reviewed,D-R11-ADR124-1
01a0f0e7-b2e4-728a-85c9-ef9b10b72bdd,unclassified,active,1,0,0.000023,,1,,pass,1,none,not yet reviewed,D-R11-ADR124-1
01a0f0e7-b2e4-742e-b5d4-e1416728aec0,unclassified,active,1,0,0.000023,,1,,pass,1,none,not yet reviewed,D-R11-ADR124-1
01a0f0e7-b2e4-7470-9eb0-f1176ab0ca17,unclassified,active,1,0,0.000023,,1,,pass,1,none,not yet reviewed,D-R11-ADR124-1
01a0f0e7-b2e4-749d-be28-f665b8e2bc94,unclassified,active,1,0,0.000023,,1,,pass,1,none,not yet reviewed,D-R11-ADR124-1
01a0f0e7-b2e4-74cb-a5f8-3eacfb66d19c,unclassified,active,3,0,0.000069,,1,,pass,1,none,not yet reviewed,D-R11-ADR124-1
01a0f0e7-b2e4-74fb-b1df-c722c173c26c,unclassified,active,2,0,0.000046,,1,,pass,1,none,not yet reviewed,D-R11-ADR124-1
01a0f0e7-b2e4-752b-8d00-6d64e214d92a,unclassified,active,1,0,0.000023,,1,,pass,1,none,not yet reviewed,D-R11-ADR124-1
01a0f0e7-b2e4-7557-bbbd-a4c666abc235,unclassified,active,1,0,0.000023,,1,,pass,1,none,not yet reviewed,D-R11-ADR124-1
01a0f0e7-b2e4-75b9-aa74-0314adc110cd,unclassified,active,3,0,0.000069,,1,,pass,1,none,not yet reviewed,D-R11-ADR124-1
01a0f0e7-b2e4-75ee-9737-113b90a59ecf,unclassified,active,1,0,0.000023,,1,,pass,1,none,not yet reviewed,D-R11-ADR124-1
01a0f0e7-b2e4-761b-bec9-872a9d3bfff0,unclassified,active,2,0,0.000046,,1,,pass,1,none,not yet reviewed,D-R11-ADR124-1
01a0f0e7-b2e4-764a-867d-adf47364ecb8,unclassified,active,1,0,0.000023,,1,,pass,1,none,not yet reviewed,D-R11-ADR124-1
01a0f0e7-b2e4-7677-a74e-9b535e4f43f1,unclassified,active,1,0,0.000023,,1,,pass,1,none,not yet reviewed,D-R11-ADR124-1
01a0f0e7-b2e4-76a5-8db0-6f4b6a5e3629,unclassified,active,1,0,0.000023,,1,,pass,1,none,not yet reviewed,D-R11-ADR124-1
01a0f0e7-b2e4-76d1-abe7-3ab172de40c2,unclassified,active,10,0,0.000229,,1,,pass,1,none,not yet reviewed,D-R11-ADR124-1
01a0f0e7-b2e4-76fd-8c57-76832d419929,unclassified,active,1,0,0.000023,,1,,pass,1,none,not yet reviewed,D-R11-ADR124-1
01a0f0e7-b2e4-772a-b3e1-58cf5d43dfb3,unclassified,active,1,0,0.000023,,1,,pass,1,none,not yet reviewed,D-R11-ADR124-1
01a0f0e7-b2e4-7755-93f0-cbb2e8cf9654,unclassified,active,1,0,0.000023,,1,,pass,1,none,not yet reviewed,D-R11-ADR124-1
01a0f0e7-b2e4-7781-87b8-d137ec556cda,unclassified,active,1,0,0.000023,,1,,pass,1,none,not yet reviewed,D-R11-ADR124-1
01a0f0e7-b2e4-77ae-ac8a-8eaf835e3cd5,unclassified,active,2,0,0.000046,,1,,pass,1,none,not yet reviewed,D-R11-ADR124-1
01a0f0e7-b2e4-77db-822b-25a3fa54f92f,unclassified,active,1,0,0.000023,,1,,pass,1,none,not yet reviewed,D-R11-ADR124-1
01a0f0e7-b2e4-79ec-8f5d-c724b0072a05,unclassified,active,1,0,0.000023,,1,,pass,1,none,not yet reviewed,D-R11-ADR124-1
01a0f0e7-b2e4-7a69-8885-19578b58c310,unclassified,active,1,0,0.000023,,1,,pass,1,none,not yet reviewed,D-R11-ADR124-1
01a0f0e7-b2e4-7aad-8681-f12b7ce61534,unclassified,active,1,0,0.000023,,1,,pass,1,none,not yet reviewed,D-R11-ADR124-1
01a0f0e7-b2e4-7add-b9e7-be735d7fa388,unclassified,active,1,0,0.000023,,1,,pass,1,none,not yet reviewed,D-R11-ADR124-1
01a0f0e7-b2e4-7b0a-a94a-133d62e08589,unclassified,active,1,0,0.000023,,1,,pass,1,none,not yet reviewed,D-R11-ADR124-1
01a0f0e7-b2e4-7b36-889e-8e8ddb0b6d39,unclassified,active,1,0,0.000023,,1,,pass,1,none,not yet reviewed,D-R11-ADR124-1
01a0f0e7-b2e4-7b64-b937-4b97695c655b,unclassified,active,1,0,0.000023,,1,,pass,1,none,not yet reviewed,D-R11-ADR124-1
01a0f0e7-b2e4-7b92-932e-b42bee04230c,unclassified,active,1,0,0.000023,,1,,pass,1,none,not yet reviewed,D-R11-ADR124-1
01a0f0e7-b2e4-7bbf-905e-7feb5bce9067,unclassified,active,1,0,0.000023,,1,,pass,1,none,not yet reviewed,D-R11-ADR124-1
01a0f0e7-b2e4-7bec-92e3-e189971a5d39,unclassified,active,1,0,0.000023,,1,,pass,1,none,not yet reviewed,D-R11-ADR124-1
01a0f0e7-b2e4-7c19-9eb4-2d0d3ff647f7,unclassified,active,2,0,0.000046,,1,,pass,1,none,not yet reviewed,D-R11-ADR124-1
01a0f0e7-b2e4-7c49-a822-247e047f03ce,unclassified,active,1,0,0.000023,,1,,pass,1,none,not yet reviewed,D-R11-ADR124-1
01a0f0e7-b2e4-7ccf-9377-be5f30adb637,unclassified,active,1,0,0.000023,,1,,pass,1,none,not yet reviewed,D-R11-ADR124-1
01a0f0e7-b2e4-7d04-8065-04d7939485bc,unclassified,active,1,0,0.000023,,1,,pass,1,none,not yet reviewed,D-R11-ADR124-1
01a0f0e7-b2e4-7d25-8f8d-2f99dca572a0,unclassified,active,2,0,0.000046,,1,,pass,1,none,not yet reviewed,D-R11-ADR124-1
01a0f0e7-b2e4-7d43-9ec4-811e82f14e7c,unclassified,active,1,0,0.000023,,1,,pass,1,none,not yet reviewed,D-R11-ADR124-1
01a0f0e7-b2e4-7d63-b2a9-d38bd8173e0e,unclassified,active,1,0,0.000023,,1,,pass,1,none,not yet reviewed,D-R11-ADR124-1
01a0f0e7-b2e4-7d83-91c8-0720611fad50,unclassified,active,1,0,0.000023,,1,,pass,1,none,not yet reviewed,D-R11-ADR124-1
01a0f0e7-b2e4-7da2-8cca-801b1d1b5dd0,unclassified,active,1,0,0.000023,,1,,pass,1,none,not yet reviewed,D-R11-ADR124-1
01a0f0e7-b2e4-7dc2-ad59-210d238c2db0,unclassified,active,2,0,0.000046,,1,,pass,1,none,not yet reviewed,D-R11-ADR124-1
01a0f0e7-b2e4-7de3-a82d-e74d36f5f1c6,unclassified,active,1,0,0.000023,,1,,pass,1,none,not yet reviewed,D-R11-ADR124-1
01a0f0e7-b2e4-7e05-be19-648f695e07bf,unclassified,active,2,0,0.000046,,1,,pass,1,none,not yet reviewed,D-R11-ADR124-1
01a0f0e7-b2e4-7e29-bf63-039a6d4c4a5f,unclassified,active,1,0,0.000023,,1,,pass,1,none,not yet reviewed,D-R11-ADR124-1
01a0f0e7-b2e4-7e49-be33-06bed69c2bf5,unclassified,active,1,0,0.000023,,1,,pass,1,none,not yet reviewed,D-R11-ADR124-1
01a0f0e7-b2e4-7f20-b5f4-a409451f8137,unclassified,active,1,0,0.000023,,1,,pass,1,none,not yet reviewed,D-R11-ADR124-1
01a0f0e7-b2e4-7f4c-9276-e6d63fbf38e9,unclassified,active,1,0,0.000023,,1,,pass,1,none,not yet reviewed,D-R11-ADR124-1
01a0f0e7-b2e4-7f71-821e-db0117d54585,unclassified,active,2,0,0.000046,,1,,pass,1,none,not yet reviewed,D-R11-ADR124-1
01a0f0e7-b2e4-7f91-bb11-5235a7efe3d5,unclassified,active,1,0,0.000023,,1,,pass,1,none,not yet reviewed,D-R11-ADR124-1
01a0f0e7-b2e4-7fb1-813c-fee8752fe820,unclassified,active,1,0,0.000023,,1,,pass,1,none,not yet reviewed,D-R11-ADR124-1
01a0f0e7-b2e4-7fd0-ada4-8595fc37a3c6,unclassified,active,1,0,0.000023,,1,,pass,1,none,not yet reviewed,D-R11-ADR124-1
01a0f0e7-b2e4-7ff0-9479-88a5c308d1e4,unclassified,active,1,0,0.000023,,1,,pass,1,none,not yet reviewed,D-R11-ADR124-1
01a0f0e7-b2e5-7010-92bf-2773472cf1df,unclassified,active,1,0,0.000023,,1,,pass,1,none,not yet reviewed,D-R11-ADR124-1
01a0f0e7-b2e5-7030-9cde-dd856a975fb7,unclassified,active,1,0,0.000023,,1,,pass,1,none,not yet reviewed,D-R11-ADR124-1
01a0f0e7-b2e5-7050-95c7-dc4a578d045c,unclassified,active,4,0,0.000092,,1,,pass,1,none,not yet reviewed,D-R11-ADR124-1
01a0f0e7-b2e5-707b-a76d-56eff5cefce3,unclassified,active,1,0,0.000023,,1,,pass,1,none,not yet reviewed,D-R11-ADR124-1
01a0f0e7-b2e5-709d-9e85-9c2ec79751a6,unclassified,active,1,0,0.000023,,1,,pass,1,none,not yet reviewed,D-R11-ADR124-1
01a0f0e7-b2e5-710a-a6e8-8cfb990f2cb4,unclassified,active,5,0,0.000115,,1,,pass,1,none,not yet reviewed,D-R11-ADR124-1
01a0f0e7-b2e5-7133-aa53-5da72bd18914,unclassified,active,1,0,0.000023,,1,,pass,1,none,not yet reviewed,D-R11-ADR124-1
01a0f0e7-b2e5-7154-b761-e528048497e5,unclassified,active,1,0,0.000023,,1,,pass,1,none,not yet reviewed,D-R11-ADR124-1
01a0f0e7-b2e5-7175-9a43-778fe32e2f03,unclassified,active,2,0,0.000046,,1,,pass,1,none,not yet reviewed,D-R11-ADR124-1
01a0f0e7-b2e5-7198-9c45-459843e982e0,unclassified,active,1,0,0.000023,,1,,pass,1,none,not yet reviewed,D-R11-ADR124-1
01a0f0e7-b2e5-71b9-ba2e-010d1e009c4a,unclassified,active,1,0,0.000023,,1,,pass,1,none,not yet reviewed,D-R11-ADR124-1
01a0f0e7-b2e5-71d9-b6ed-f22953b819ed,unclassified,active,1,0,0.000023,,1,,pass,1,none,not yet reviewed,D-R11-ADR124-1
01a0f0e7-b2e5-71fb-a11f-eefcf2f80e10,unclassified,active,1,0,0.000023,,1,,pass,1,none,not yet reviewed,D-R11-ADR124-1
01a0f0e7-b2e5-721b-98ec-8accd01fa760,unclassified,active,1,0,0.000023,,1,,pass,1,none,not yet reviewed,D-R11-ADR124-1
01a0f0e7-b2e5-723a-a29b-d11c9b49eeec,unclassified,active,1,0,0.000023,,1,,pass,1,none,not yet reviewed,D-R11-ADR124-1
01a0f0e7-b2e5-725a-92b8-a22015c58a31,unclassified,active,1,0,0.000023,,1,,pass,1,none,not yet reviewed,D-R11-ADR124-1
01a0f0e7-b2e5-727a-a0d4-d8b567b540ac,unclassified,active,1,0,0.000023,,1,,pass,1,none,not yet reviewed,D-R11-ADR124-1
01a0f0e7-b2e5-72de-adde-abab1181b413,unclassified,active,2,0,0.000046,,1,,pass,1,none,not yet reviewed,D-R11-ADR124-1
01a0f0e7-b2e5-7305-8305-461791f49aac,unclassified,active,1,0,0.000023,,1,,pass,1,none,not yet reviewed,D-R11-ADR124-1
01a0f0e7-b2e5-7326-8554-9a393228f915,unclassified,active,1,0,0.000023,,1,,pass,1,none,not yet reviewed,D-R11-ADR124-1
01a0f0e7-b2e5-7346-bd18-4f0cf662e4d6,unclassified,active,1,0,0.000023,,1,,pass,1,none,not yet reviewed,D-R11-ADR124-1
01a0f0e7-b2e5-7364-ad8a-7901e12c0fa4,unclassified,active,1,0,0.000023,,1,,pass,1,none,not yet reviewed,D-R11-ADR124-1
01a0f0e7-b2e5-7c65-ad10-c50333c43f50,unclassified,active,1,0,0.000023,,1,,pass,1,none,not yet reviewed,D-R11-ADR124-1
01a0f156-3348-7e13-9d0b-a5687e4e4ae4,unclassified,active,1,0,0.000023,,1,,pass,1,none,not yet reviewed,D-R11-ADR124-1
01a0f156-334a-733f-9d70-61d2b8d5691f,unclassified,active,1,0,0.000023,,1,,pass,1,none,not yet reviewed,D-R11-ADR124-1
01a0f156-3355-7567-9ede-efa054bb3930,unclassified,active,1,0,0.000023,,1,,pass,1,none,not yet reviewed,D-R11-ADR124-1
01a0f156-3356-76d2-9a2e-0b7bbe5cd55f,unclassified,active,1,0,0.000023,,1,,pass,1,none,not yet reviewed,D-R11-ADR124-1
01a0f156-3356-7b57-b308-65da058c4435,unclassified,active,4,0,0.000092,,1,,pass,1,none,not yet reviewed,D-R11-ADR124-1
01a0f156-3356-7c2d-ac12-399a940b2fc2,unclassified,active,28,0,0.000641,,1,,pass,1,none,not yet reviewed,D-R11-ADR124-1
01a0f156-3356-7c7a-b716-63c41dbfeb59,unclassified,active,1,0,0.000023,,1,,pass,1,none,not yet reviewed,D-R11-ADR124-1
01a0f156-3356-7cb7-9353-7873469d393f,unclassified,active,1,0,0.000023,,1,,pass,1,none,not yet reviewed,D-R11-ADR124-1
01a0f156-3356-7cf3-8ddb-02e42fd3a350,unclassified,active,1,0,0.000023,,1,,pass,1,none,not yet reviewed,D-R11-ADR124-1
01a0f156-3356-7d50-81ff-2e9e8d057331,unclassified,active,13,0,0.000298,,1,,pass,1,none,not yet reviewed,D-R11-ADR124-1
01a0f156-3356-7d87-8096-1ff3317891eb,unclassified,active,37,0,0.000847,,1,,pass,1,none,not yet reviewed,D-R11-ADR124-1
01a0f156-3356-7dbe-b81d-eaad86162a0b,unclassified,active,2,0,0.000046,,1,,pass,1,none,not yet reviewed,D-R11-ADR124-1
01a0f156-3356-7df7-80a9-8cb926cf21b6,unclassified,active,1,0,0.000023,,1,,pass,1,none,not yet reviewed,D-R11-ADR124-1
01a0f156-3356-7e34-945e-abbaf031a3c9,unclassified,active,1,0,0.000023,,1,,pass,1,none,not yet reviewed,D-R11-ADR124-1
01a0f156-3356-7e6e-9e57-7928eb87b959,unclassified,active,1,0,0.000023,,1,,pass,1,none,not yet reviewed,D-R11-ADR124-1
01a0f156-3356-7eb9-b332-10f73bed091f,unclassified,active,3,0,0.000069,,1,,pass,1,none,not yet reviewed,D-R11-ADR124-1
01a0f156-3356-7ef1-a3f5-ba98094a4c09,unclassified,active,1,0,0.000023,,1,,pass,1,none,not yet reviewed,D-R11-ADR124-1
01a0f156-3357-70a5-bbc2-441079493604,unclassified,active,1,0,0.000023,,1,,pass,1,none,not yet reviewed,D-R11-ADR124-1
01a0f156-3357-70f3-9227-95aa80010936,unclassified,active,1,0,0.000023,,1,,pass,1,none,not yet reviewed,D-R11-ADR124-1
01a0f156-3357-7148-98a8-0da1bc6d4f84,unclassified,active,1,0,0.000023,,1,,pass,1,none,not yet reviewed,D-R11-ADR124-1
01a0f156-3357-71b6-b66f-7e0cc4a562ba,unclassified,active,1,0,0.000023,,1,,pass,1,none,not yet reviewed,D-R11-ADR124-1
01a0f156-3357-71eb-8b0b-43f27c33b27e,unclassified,active,1,0,0.000023,,1,,pass,1,none,not yet reviewed,D-R11-ADR124-1
01a0f156-3357-7226-bc6b-a536a144c94c,unclassified,active,1,0,0.000023,,1,,pass,1,none,not yet reviewed,D-R11-ADR124-1
01a0f156-3357-7262-a12d-441b34eb1f31,unclassified,active,1,0,0.000023,,1,,pass,1,none,not yet reviewed,D-R11-ADR124-1
01a0f156-3357-7299-b0ec-7226deba4b2a,unclassified,active,3,0,0.000069,,1,,pass,1,none,not yet reviewed,D-R11-ADR124-1
01a0f156-3357-72d2-a69d-def141089801,unclassified,active,1,0,0.000023,,1,,pass,1,none,not yet reviewed,D-R11-ADR124-1
01a0f156-3357-730a-a2cc-0ccd6074463e,unclassified,active,1,0,0.000023,,1,,pass,1,none,not yet reviewed,D-R11-ADR124-1
01a0f156-3357-75c2-b9e8-1f0cc6a6358e,unclassified,active,1,0,0.000023,,1,,pass,1,none,not yet reviewed,D-R11-ADR124-1
01a0f156-3357-762a-9c01-c0c7cd4a88b5,unclassified,active,1,0,0.000023,,1,,pass,1,none,not yet reviewed,D-R11-ADR124-1
01a0f156-3357-7663-b1de-1d66a3880c85,unclassified,active,1,0,0.000023,,1,,pass,1,none,not yet reviewed,D-R11-ADR124-1
01a0f156-3357-76c5-a1e8-584bd0ad6e5b,unclassified,active,7,0,0.000160,,1,,pass,1,none,not yet reviewed,D-R11-ADR124-1
01a0f156-3357-7707-9784-df726fbbda0f,unclassified,active,2,0,0.000046,,1,,pass,2,none,not yet reviewed,D-R11-ADR124-1
01a0f156-3357-7746-8e73-ccca0ee7a248,unclassified,active,1,0,0.000023,,1,,pass,1,none,not yet reviewed,D-R11-ADR124-1
01a0f156-3357-7785-9035-e4b39e798314,unclassified,active,1,0,0.000023,,1,,pass,1,none,not yet reviewed,D-R11-ADR124-1
01a0f156-3357-77be-96f7-8a3efc705cef,unclassified,active,1,0,0.000023,,1,,pass,1,none,not yet reviewed,D-R11-ADR124-1
01a0f156-3357-7b26-ad52-b012c0c31963,unclassified,active,1,0,0.000023,,1,,pass,1,none,not yet reviewed,D-R11-ADR124-1
01a0f156-3357-7b75-bef3-edee0e858879,unclassified,active,9,0,0.000206,,1,,pass,1,none,not yet reviewed,D-R11-ADR124-1
01a0f156-3357-7be1-b939-2833682116a6,unclassified,active,1,0,0.000023,,1,,pass,1,none,not yet reviewed,D-R11-ADR124-1
01a0f156-3357-7c1e-93b3-1ae566f79f8a,unclassified,active,3,0,0.000069,,1,,pass,1,none,not yet reviewed,D-R11-ADR124-1
01a0f156-3357-7c58-8cc3-8b1990d8c03a,unclassified,active,1,0,0.000023,,1,,pass,1,none,not yet reviewed,D-R11-ADR124-1
01a0f156-3357-7c8e-b688-869af752c222,unclassified,active,1,0,0.000023,,1,,pass,1,none,not yet reviewed,D-R11-ADR124-1
01a0f156-3357-7cc5-9559-46605c42a3ed,unclassified,active,33,0,0.000756,,1,,pass,1,none,not yet reviewed,D-R11-ADR124-1
01a0f156-3357-7cfd-bb15-1413b1e9e330,unclassified,active,1,0,0.000023,,1,,pass,1,none,not yet reviewed,D-R11-ADR124-1
01a0f156-3357-7d38-a8cd-9d2414aac6df,unclassified,active,1,0,0.000023,,1,,pass,1,none,not yet reviewed,D-R11-ADR124-1
01a0f156-3357-7d71-af89-b7dc685fb843,unclassified,active,2,0,0.000046,,1,,pass,1,none,not yet reviewed,D-R11-ADR124-1
01a0f156-3357-7dab-a0cf-a445788a7beb,unclassified,active,2,0,0.000046,,1,,pass,1,none,not yet reviewed,D-R11-ADR124-1
01a0f156-3357-7de7-9be6-b25b8800727b,unclassified,active,1,0,0.000023,,1,,pass,1,none,not yet reviewed,D-R11-ADR124-1
01a0f156-3357-7e1f-8b85-ec4e1f44cc1c,unclassified,active,1,0,0.000023,,1,,pass,1,none,not yet reviewed,D-R11-ADR124-1
01a0f156-3357-7e6b-9f7b-5ec7727ebd1f,unclassified,active,1,0,0.000023,,1,,pass,1,none,not yet reviewed,D-R11-ADR124-1
01a0f156-3357-7ee4-940d-376814b6d412,unclassified,active,1,0,0.000023,,1,,pass,1,none,not yet reviewed,D-R11-ADR124-1
01a0f156-3357-7f20-a0fb-fca76336e5e6,unclassified,active,1,0,0.000023,,1,,pass,1,none,not yet reviewed,D-R11-ADR124-1
01a0f156-3357-7f72-96e6-a77b88a8082b,unclassified,active,5,0,0.000115,,1,,pass,1,none,not yet reviewed,D-R11-ADR124-1
01a0f156-3357-7fab-a230-9506bbd82492,unclassified,active,1,0,0.000023,,1,,pass,1,none,not yet reviewed,D-R11-ADR124-1
01a0f156-3357-7fe3-a8ee-a33726fb2444,unclassified,active,5,0,0.000115,,1,,pass,1,none,not yet reviewed,D-R11-ADR124-1
01a0f156-3358-7019-9d67-b50be3dd5ddb,unclassified,active,1,0,0.000023,,1,,pass,1,none,not yet reviewed,D-R11-ADR124-1
01a0f156-3358-7052-b036-311369e104a2,unclassified,active,5,0,0.000115,,1,,pass,1,none,not yet reviewed,D-R11-ADR124-1
01a0f156-3358-709c-9050-28a841fac6d3,unclassified,active,1,0,0.000023,,1,,pass,1,none,not yet reviewed,D-R11-ADR124-1
01a0f156-3358-70d1-9a62-c01afdafe84f,unclassified,active,1,0,0.000023,,1,,pass,1,none,not yet reviewed,D-R11-ADR124-1
01a0f156-3358-7103-8542-7afdf89fed67,unclassified,active,1,0,0.000023,,1,,pass,1,none,not yet reviewed,D-R11-ADR124-1
01a0f156-3358-7138-aa0d-dfef8e8472e1,unclassified,active,1,0,0.000023,,1,,pass,1,none,not yet reviewed,D-R11-ADR124-1
01a0f156-3358-716c-8cbf-90508705ee6d,unclassified,active,2,0,0.000046,,1,,pass,1,none,not yet reviewed,D-R11-ADR124-1
01a0f156-3358-71c5-a22d-80f719aaec07,unclassified,active,8,0,0.000183,,1,,pass,1,none,not yet reviewed,D-R11-ADR124-1
01a0f156-3358-71fe-ba75-7a95b0025389,unclassified,active,1,0,0.000023,,1,,pass,1,none,not yet reviewed,D-R11-ADR124-1
01a0f156-3358-7230-a67b-244faf7af9a8,unclassified,active,1,0,0.000023,,1,,pass,1,none,not yet reviewed,D-R11-ADR124-1
01a0f156-3358-7265-88c0-d2baa1992eb5,unclassified,active,1,0,0.000023,,1,,pass,1,none,not yet reviewed,D-R11-ADR124-1
01a0f156-3358-7299-85e7-9648b840a3b7,unclassified,active,1,0,0.000023,,1,,pass,1,none,not yet reviewed,D-R11-ADR124-1
01a0f156-3358-72cc-a735-323af35440fe,unclassified,active,33,0,0.000756,,1,,pass,1,none,not yet reviewed,D-R11-ADR124-1
01a0f156-3358-72ff-a6ab-4c34bb1855ce,unclassified,active,16,0,0.000366,,1,,pass,1,none,not yet reviewed,D-R11-ADR124-1
01a0f156-3358-7330-933c-463cdbfb50b4,unclassified,active,3,0,0.000069,,1,,pass,1,none,not yet reviewed,D-R11-ADR124-1
01a0f156-3358-7362-a3ca-8bcfa7c3fcfb,unclassified,active,1,0,0.000023,,1,,pass,1,none,not yet reviewed,D-R11-ADR124-1
01a0f156-3358-7394-bae6-5f44f3d70208,unclassified,active,1,0,0.000023,,1,,pass,1,none,not yet reviewed,D-R11-ADR124-1
01a0f156-3358-73c8-a4de-e6a3fe56b5be,unclassified,active,1,0,0.000023,,1,,pass,1,none,not yet reviewed,D-R11-ADR124-1
01a0f156-3358-73f4-bb0b-f7b0ed3827d6,unclassified,active,1,0,0.000023,,1,,pass,1,none,not yet reviewed,D-R11-ADR124-1
01a0f156-3358-7468-b10f-4362ccc8c2d7,unclassified,active,1,0,0.000023,,1,,pass,1,none,not yet reviewed,D-R11-ADR124-1
01a0f156-3358-749c-8e36-19bd7612f0fe,unclassified,active,2,0,0.000046,,1,,pass,1,none,not yet reviewed,D-R11-ADR124-1
01a0f156-3358-74c8-83c4-74e10c149740,unclassified,active,1,0,0.000023,,1,,pass,1,none,not yet reviewed,D-R11-ADR124-1
01a0f156-3358-74f2-a738-11ceeb5ab225,unclassified,active,1,0,0.000023,,1,,pass,1,none,not yet reviewed,D-R11-ADR124-1
01a0f156-3358-7521-81ff-182d0c280059,unclassified,active,1,0,0.000023,,1,,pass,1,none,not yet reviewed,D-R11-ADR124-1
01a0f156-3358-7549-941c-fcdd34899e68,unclassified,active,1,0,0.000023,,1,,pass,1,none,not yet reviewed,D-R11-ADR124-1
01a0f156-3358-7573-a67d-d0e52e79d5b2,unclassified,active,1,0,0.000023,,1,,pass,1,none,not yet reviewed,D-R11-ADR124-1
01a0f156-3358-759c-9b9f-3613bac3c3b6,unclassified,active,2,0,0.000046,,1,,pass,1,none,not yet reviewed,D-R11-ADR124-1
01a0f156-3358-75c4-b2c1-096c1b72128b,unclassified,active,1,0,0.000023,,1,,pass,1,none,not yet reviewed,D-R11-ADR124-1
01a0f156-3358-75ef-9c00-a94f8dbf18f3,unclassified,active,1,0,0.000023,,1,,pass,1,none,not yet reviewed,D-R11-ADR124-1
01a0f156-3359-762d-9f5e-52a961d1055f,unclassified,active,2,0,0.000046,,1,,pass,1,none,not yet reviewed,D-R11-ADR124-1
01a0f156-335a-7404-850d-54dd5bfbe6cb,unclassified,active,2,0,0.000046,,1,,pass,1,none,not yet reviewed,D-R11-ADR124-1
01a0f156-335b-76dd-89a9-be6b80b86d60,unclassified,active,2,0,0.000046,,1,,pass,1,none,not yet reviewed,D-R11-ADR124-1
01a0f156-335c-733b-aa99-1706a144b6fd,unclassified,active,1,0,0.000023,,1,,pass,1,none,not yet reviewed,D-R11-ADR124-1
01a0f156-335d-7658-b084-18c078ef8a15,unclassified,active,1,0,0.000023,,1,,pass,1,none,not yet reviewed,D-R11-ADR124-1
01a0f156-335d-7972-885f-5d0cca5136ff,unclassified,active,1,0,0.000023,,1,,pass,1,none,not yet reviewed,D-R11-ADR124-1
01a0f156-335d-79c7-b490-3c92b9add767,unclassified,active,1,0,0.000023,,1,,pass,1,none,not yet reviewed,D-R11-ADR124-1
01a0f156-335d-7a02-91ae-e1ff2173faf4,unclassified,active,1,0,0.000023,,1,,pass,1,none,not yet reviewed,D-R11-ADR124-1
01a0f156-335d-7a9c-86c3-929a6f43b8f9,unclassified,active,17,0,0.000389,,1,,pass,1,none,not yet reviewed,D-R11-ADR124-1
01a0f156-335d-7ad5-828a-5338c7f8136b,unclassified,active,1,0,0.000023,,1,,pass,1,none,not yet reviewed,D-R11-ADR124-1
01a0f156-335d-7b0a-b7f9-238e8eb7b74d,unclassified,active,3,0,0.000069,,1,,pass,1,none,not yet reviewed,D-R11-ADR124-1
01a0f156-335d-7b3d-b212-a3de5a9397dd,unclassified,active,25,0,0.000573,,1,,pass,1,none,not yet reviewed,D-R11-ADR124-1
01a0f156-335d-7b72-959c-edb03f108137,unclassified,active,3,0,0.000069,,1,,pass,1,none,not yet reviewed,D-R11-ADR124-1
01a0f156-335d-7ba4-b28a-18814b3e1481,unclassified,active,2,0,0.000046,,1,,pass,1,none,not yet reviewed,D-R11-ADR124-1
01a0f156-335d-7bd9-938c-524c7d878615,unclassified,active,1,0,0.000023,,1,,pass,1,none,not yet reviewed,D-R11-ADR124-1
01a0f156-335d-7c66-9c00-4d918a1f937b,unclassified,active,1,0,0.000023,,1,,pass,1,none,not yet reviewed,D-R11-ADR124-1
01a0f156-335d-7d02-9b77-88e58bd2d041,unclassified,active,2,0,0.000046,,1,,pass,1,none,not yet reviewed,D-R11-ADR124-1
01a0f156-335d-7d3f-8442-6ffaafe19c0b,unclassified,active,1,0,0.000023,,1,,pass,1,none,not yet reviewed,D-R11-ADR124-1
01a0f156-335d-7d70-ac55-2f4dcb45a543,unclassified,active,1,0,0.000023,,1,,pass,1,none,not yet reviewed,D-R11-ADR124-1
01a0f156-335d-7da5-9699-1ad30bda0a68,unclassified,active,1,0,0.000023,,1,,pass,1,none,not yet reviewed,D-R11-ADR124-1
01a0f156-335d-7dd6-bd82-876a8ced5318,unclassified,active,4,0,0.000092,,1,,pass,1,none,not yet reviewed,D-R11-ADR124-1
01a0f156-335d-7e07-9e3f-75885119c03a,unclassified,active,1,0,0.000023,,1,,pass,1,none,not yet reviewed,D-R11-ADR124-1
01a0f156-335d-7e3e-9659-4f8f87d628ab,unclassified,active,1,0,0.000023,,1,,pass,1,none,not yet reviewed,D-R11-ADR124-1
01a0f156-335d-7e6d-abf9-80cb2d629294,unclassified,active,1,0,0.000023,,1,,pass,1,none,not yet reviewed,D-R11-ADR124-1
01a0f156-335d-7e9f-9dd8-32ab79b6e7d8,unclassified,active,1,0,0.000023,,1,,pass,1,none,not yet reviewed,D-R11-ADR124-1
01a0f156-335d-7ed1-8659-199d9cbdf5ca,unclassified,active,1,0,0.000023,,1,,pass,1,none,not yet reviewed,D-R11-ADR124-1
01a0f156-335d-7f00-a07a-613af5b9a5a9,unclassified,active,4,0,0.000092,,1,,pass,1,none,not yet reviewed,D-R11-ADR124-1
01a0f156-335d-7f89-aef3-649982ad1c5b,unclassified,active,4,0,0.000092,,1,,pass,1,none,not yet reviewed,D-R11-ADR124-1
01a0f156-335d-7fca-8b70-113d1b481db6,unclassified,active,1,0,0.000023,,1,,pass,1,none,not yet reviewed,D-R11-ADR124-1
01a0f156-335e-7027-9fce-39605f2287c0,unclassified,active,1,0,0.000023,,1,,pass,1,none,not yet reviewed,D-R11-ADR124-1
01a0f156-335e-705f-9f6b-79d4404e0fe5,unclassified,active,1,0,0.000023,,1,,pass,1,none,not yet reviewed,D-R11-ADR124-1
01a0f156-335e-70c2-85a8-c81aa33aa242,unclassified,active,1,0,0.000023,,1,,pass,1,none,not yet reviewed,D-R11-ADR124-1
01a0f156-335e-70f8-870b-c12718244425,unclassified,active,1,0,0.000023,,1,,pass,1,none,not yet reviewed,D-R11-ADR124-1
01a0f156-335e-7128-b58e-1b0e8d1612cd,unclassified,active,1,0,0.000023,,1,,pass,1,none,not yet reviewed,D-R11-ADR124-1
01a0f156-335e-71a0-b9a5-7fa8e62df79d,unclassified,active,2,0,0.000046,,1,,pass,1,none,not yet reviewed,D-R11-ADR124-1
01a0f156-335e-71db-bf4d-75872d1d1d27,unclassified,active,2,0,0.000046,,1,,pass,1,none,not yet reviewed,D-R11-ADR124-1
01a0f156-335e-720f-95b0-f2afaa05c951,unclassified,active,1,0,0.000023,,1,,pass,1,none,not yet reviewed,D-R11-ADR124-1
01a0f156-335e-7241-8734-a82f070af422,unclassified,active,1,0,0.000023,,1,,pass,1,none,not yet reviewed,D-R11-ADR124-1
01a0f156-335e-7272-896a-c254736a3aea,unclassified,active,1,0,0.000023,,1,,pass,1,none,not yet reviewed,D-R11-ADR124-1
01a0f156-335e-72a2-9d10-53a3374995e9,unclassified,active,1,0,0.000023,,1,,pass,1,none,not yet reviewed,D-R11-ADR124-1
01a0f156-335e-72d5-a7e5-8fa3f18cc4ef,unclassified,active,2,0,0.000046,,1,,pass,1,none,not yet reviewed,D-R11-ADR124-1
01a0f156-335e-7306-b0cb-06df40d9b8db,unclassified,active,1,0,0.000023,,1,,pass,1,none,not yet reviewed,D-R11-ADR124-1
01a0f156-335e-7338-9601-a36d95fff45f,unclassified,active,6,0,0.000137,,1,,pass,1,none,not yet reviewed,D-R11-ADR124-1
01a0f156-335e-736a-bee6-21217a9b3fe7,unclassified,active,17,0,0.000389,,1,,pass,1,none,not yet reviewed,D-R11-ADR124-1
01a0f156-335e-739a-9f8f-6cd40be2e2fb,unclassified,active,1,0,0.000023,,1,,pass,1,none,not yet reviewed,D-R11-ADR124-1
01a0f156-335e-73cc-b682-71898e79652b,unclassified,active,1,0,0.000023,,1,,pass,1,none,not yet reviewed,D-R11-ADR124-1
01a0f156-335e-7432-8f96-980b6fe0a0ed,unclassified,active,1,0,0.000023,,1,,pass,1,none,not yet reviewed,D-R11-ADR124-1
01a0f156-335e-746b-9233-e9a0d5fd97a5,unclassified,active,1,0,0.000023,,1,,pass,1,none,not yet reviewed,D-R11-ADR124-1
01a0f156-335e-749e-9807-eae9f23073c3,unclassified,active,4,0,0.000092,,1,,pass,1,none,not yet reviewed,D-R11-ADR124-1
01a0f156-335e-74ce-84ee-2eb03fc54968,unclassified,active,1,0,0.000023,,1,,pass,1,none,not yet reviewed,D-R11-ADR124-1
01a0f156-335e-74ff-861d-752716cc4a15,unclassified,active,1,0,0.000023,,1,,pass,1,none,not yet reviewed,D-R11-ADR124-1
01a0f156-335e-7535-a5e7-332c1ce15eaa,unclassified,active,2,0,0.000046,,1,,pass,1,none,not yet reviewed,D-R11-ADR124-1
01a0f156-335e-7565-a462-6513398ed2c7,unclassified,active,1,0,0.000023,,1,,pass,1,none,not yet reviewed,D-R11-ADR124-1
01a0f156-335e-7595-af48-cb12643f094f,unclassified,active,1,0,0.000023,,1,,pass,1,none,not yet reviewed,D-R11-ADR124-1
01a0f156-335e-75c4-abda-d67ccf8b7374,unclassified,active,5,0,0.000115,,1,,pass,1,none,not yet reviewed,D-R11-ADR124-1
01a0f156-335e-75f4-b09c-f8e1f2367433,unclassified,active,1,0,0.000023,,1,,pass,1,none,not yet reviewed,D-R11-ADR124-1
01a0f156-335e-7625-81b7-6e1b3105c4ad,unclassified,active,1,0,0.000023,,1,,pass,1,none,not yet reviewed,D-R11-ADR124-1
01a0f156-335e-7654-8c3e-9986b33d0661,unclassified,active,1,0,0.000023,,1,,pass,1,none,not yet reviewed,D-R11-ADR124-1
01a0f156-335e-76d2-aac3-5b8bc4e4f41b,unclassified,active,1,0,0.000023,,1,,pass,1,none,not yet reviewed,D-R11-ADR124-1
01a0f156-335e-7709-a39e-312ace92b5a9,unclassified,active,1,0,0.000023,,1,,pass,1,none,not yet reviewed,D-R11-ADR124-1
01a0f156-335e-7739-a530-87638eafc68f,unclassified,active,2,0,0.000046,,1,,pass,1,none,not yet reviewed,D-R11-ADR124-1
01a0f156-335e-776a-836f-79594b9e6ee5,unclassified,active,3,0,0.000069,,1,,pass,1,none,not yet reviewed,D-R11-ADR124-1
01a0f156-335e-779b-bbe1-92bade5d63f5,unclassified,active,2,0,0.000046,,1,,pass,1,none,not yet reviewed,D-R11-ADR124-1
01a0f156-335e-77cb-80ed-f74c1d5c42b9,unclassified,active,37,0,0.000847,,1,,pass,1,none,not yet reviewed,D-R11-ADR124-1
01a0f156-335e-7804-9ad8-eecfe1c1db34,unclassified,active,1,0,0.000023,,1,,pass,1,none,not yet reviewed,D-R11-ADR124-1
01a0f156-335e-7832-a5af-4f6e1e79642d,unclassified,active,1,0,0.000023,,1,,pass,1,none,not yet reviewed,D-R11-ADR124-1
01a0f156-335e-78a9-85e6-b7d9927c9c95,unclassified,active,2,0,0.000046,,1,,pass,1,none,not yet reviewed,D-R11-ADR124-1
01a0f156-335e-78dd-8298-07b16e7bb330,unclassified,active,1,0,0.000023,,1,,pass,1,none,not yet reviewed,D-R11-ADR124-1
01a0f156-335e-790c-8a33-0f79a8624293,unclassified,active,3,0,0.000069,,1,,pass,2,none,not yet reviewed,D-R11-ADR124-1
01a0f156-335e-793c-9208-b054ab72a604,unclassified,active,1,0,0.000023,,1,,pass,1,none,not yet reviewed,D-R11-ADR124-1
01a0f156-335e-79ae-9e84-520cd79a430c,unclassified,active,2,0,0.000046,,1,,pass,1,none,not yet reviewed,D-R11-ADR124-1
01a0f156-335e-79e6-a262-783eea339ef9,unclassified,active,1,0,0.000023,,1,,pass,1,none,not yet reviewed,D-R11-ADR124-1
01a0f156-335e-7a19-a9db-40723e0a97b7,unclassified,active,1,0,0.000023,,1,,pass,1,none,not yet reviewed,D-R11-ADR124-1
01a0f156-335e-7a49-8adb-e80b1fa1c59e,unclassified,active,1,0,0.000023,,1,,pass,1,none,not yet reviewed,D-R11-ADR124-1
01a0f156-335e-7a78-81c6-e9edb753e2ef,unclassified,active,1,0,0.000023,,1,,pass,1,none,not yet reviewed,D-R11-ADR124-1
01a0f156-335e-7cc3-9d9b-2fe9b6642803,unclassified,active,1,0,0.000023,,1,,pass,1,none,not yet reviewed,D-R11-ADR124-1
01a0f156-335e-7d0c-b387-1cb62a505c18,unclassified,active,1,0,0.000023,,1,,pass,1,none,not yet reviewed,D-R11-ADR124-1
01a0f156-335e-7d40-b928-797f59dd2101,unclassified,active,1,0,0.000023,,1,,pass,1,none,not yet reviewed,D-R11-ADR124-1
01a0f156-335e-7d70-8d6f-d6db6b353de4,unclassified,active,2,0,0.000046,,1,,pass,1,none,not yet reviewed,D-R11-ADR124-1
01a0f156-335e-7dae-bc30-ebcceec2345f,unclassified,active,1,0,0.000023,,1,,pass,1,none,not yet reviewed,D-R11-ADR124-1
01a0f156-335e-7de5-9492-699450ffae25,unclassified,active,2,0,0.000046,,1,,pass,1,none,not yet reviewed,D-R11-ADR124-1
01a0f156-335e-7e17-94d0-e09b2bd28c3a,unclassified,active,1,0,0.000023,,1,,pass,1,none,not yet reviewed,D-R11-ADR124-1
01a0f156-335e-7e57-8821-5e087e6db71d,unclassified,active,1,0,0.000023,,1,,pass,1,none,not yet reviewed,D-R11-ADR124-1
01a0f156-335e-7e8f-937c-b98689f44f56,unclassified,active,2,0,0.000046,,1,,pass,1,none,not yet reviewed,D-R11-ADR124-1
01a0f156-335e-7ec1-8a3c-e5badf838a49,unclassified,active,1,0,0.000023,,1,,pass,1,none,not yet reviewed,D-R11-ADR124-1
01a0f156-335f-70a5-888a-73b289d001ae,unclassified,active,1,0,0.000023,,1,,pass,1,none,not yet reviewed,D-R11-ADR124-1
01a0f156-335f-70e7-9d32-7656e06d24e3,unclassified,active,2,0,0.000046,,1,,pass,1,none,not yet reviewed,D-R11-ADR124-1
01a0f156-335f-7118-abba-633d90afa366,unclassified,active,1,0,0.000023,,1,,pass,1,none,not yet reviewed,D-R11-ADR124-1
01a0f156-335f-7148-a249-efd2a89b0417,unclassified,active,1,0,0.000023,,1,,pass,1,none,not yet reviewed,D-R11-ADR124-1
01a0f156-335f-7178-9f6b-6d5543b364ce,unclassified,active,1,0,0.000023,,1,,pass,1,none,not yet reviewed,D-R11-ADR124-1
01a0f156-335f-71a8-b5de-c0cee8881f39,unclassified,active,1,0,0.000023,,1,,pass,1,none,not yet reviewed,D-R11-ADR124-1
01a0f156-335f-71d6-a46d-961381fca981,unclassified,active,1,0,0.000023,,1,,pass,1,none,not yet reviewed,D-R11-ADR124-1
01a0f156-335f-7206-8f1e-d08c26a8c6a3,unclassified,active,1,0,0.000023,,1,,pass,1,none,not yet reviewed,D-R11-ADR124-1
01a0f156-335f-7237-a763-e954448d27a7,unclassified,active,1,0,0.000023,,1,,pass,1,none,not yet reviewed,D-R11-ADR124-1
01a0f156-335f-726a-9a18-18cf4839ca36,unclassified,active,1,0,0.000023,,1,,pass,1,none,not yet reviewed,D-R11-ADR124-1
01a0f156-335f-7291-b278-9a147b2f9a7e,unclassified,active,1,0,0.000023,,1,,pass,1,none,not yet reviewed,D-R11-ADR124-1
01a0f156-335f-72b6-8d4b-8671678ba916,unclassified,active,1,0,0.000023,,1,,pass,1,none,not yet reviewed,D-R11-ADR124-1
01a0f156-335f-730e-a338-14461e92ff89,unclassified,active,1,0,0.000023,,1,,pass,1,none,not yet reviewed,D-R11-ADR124-1
01a0f156-335f-733c-8adb-9accd2a8521e,unclassified,active,1,0,0.000023,,1,,pass,1,none,not yet reviewed,D-R11-ADR124-1
01a0f156-335f-7363-adcc-e1833299c097,unclassified,active,2,0,0.000046,,1,,pass,1,none,not yet reviewed,D-R11-ADR124-1
01a0f156-335f-7387-9e1b-837c694679b0,unclassified,active,1,0,0.000023,,1,,pass,1,none,not yet reviewed,D-R11-ADR124-1
01a0f156-335f-73ad-8c6a-51e2aa40a78c,unclassified,active,1,0,0.000023,,1,,pass,1,none,not yet reviewed,D-R11-ADR124-1
01a0f156-335f-73d2-aed9-87f3e598fb5a,unclassified,active,1,0,0.000023,,1,,pass,1,none,not yet reviewed,D-R11-ADR124-1
01a0f156-335f-73f4-aa1a-71f00e6395ef,unclassified,active,2,0,0.000046,,1,,pass,1,none,not yet reviewed,D-R11-ADR124-1
01a0f156-335f-7416-815a-ef2c7a708ae7,unclassified,active,2,0,0.000046,,1,,pass,1,none,not yet reviewed,D-R11-ADR124-1
01a0f156-335f-7436-8c24-471c82a1d255,unclassified,active,1,0,0.000023,,1,,pass,1,none,not yet reviewed,D-R11-ADR124-1
01a0f156-335f-745a-95ce-90750780a11d,unclassified,active,1,0,0.000023,,1,,pass,1,none,not yet reviewed,D-R11-ADR124-1
01a0f156-335f-747e-a127-6ca40b877c25,unclassified,active,1,0,0.000023,,1,,pass,1,none,not yet reviewed,D-R11-ADR124-1
01a0f156-335f-74a1-8d58-80b61e18091d,unclassified,active,1,0,0.000023,,1,,pass,1,none,not yet reviewed,D-R11-ADR124-1
01a0f156-335f-74c0-9ba9-4604fad8a890,unclassified,active,1,0,0.000023,,1,,pass,1,none,not yet reviewed,D-R11-ADR124-1
01a0f156-335f-752c-bcb6-140efd948a37,unclassified,active,1,0,0.000023,,1,,pass,1,none,not yet reviewed,D-R11-ADR124-1
01a0f156-335f-7554-ad7f-2431e103a47e,unclassified,active,1,0,0.000023,,1,,pass,1,none,not yet reviewed,D-R11-ADR124-1
01a0f156-335f-7576-b035-955a6488560f,unclassified,active,1,0,0.000023,,1,,pass,1,none,not yet reviewed,D-R11-ADR124-1
01a0f156-335f-7598-a622-aab8104579d7,unclassified,active,2,0,0.000046,,1,,pass,1,none,not yet reviewed,D-R11-ADR124-1
01a0f156-335f-75bc-bc7e-a6659b205832,unclassified,active,1,0,0.000023,,1,,pass,1,none,not yet reviewed,D-R11-ADR124-1
01a0f156-335f-75df-b8bf-f09e1a199568,unclassified,active,2,0,0.000046,,1,,pass,1,none,not yet reviewed,D-R11-ADR124-1
01a0f156-335f-75ff-a090-ee5715251fa3,unclassified,active,1,0,0.000023,,1,,pass,1,none,not yet reviewed,D-R11-ADR124-1
01a0f156-335f-7622-aa84-1a7502b86cfc,unclassified,active,1,0,0.000023,,1,,pass,1,none,not yet reviewed,D-R11-ADR124-1
01a0f156-335f-7642-9e94-6615492d2f6e,unclassified,active,1,0,0.000023,,1,,pass,1,none,not yet reviewed,D-R11-ADR124-1
01a0f156-335f-7663-9e45-acd18ac7cb7e,unclassified,active,3,0,0.000069,,1,,pass,1,none,not yet reviewed,D-R11-ADR124-1
01a0f156-335f-7685-b6dd-47a03879a8cd,unclassified,active,5,0,0.000115,,1,,pass,1,none,not yet reviewed,D-R11-ADR124-1
01a0f156-335f-76a4-9282-7927c9d8c011,unclassified,active,1,0,0.000023,,1,,pass,1,none,not yet reviewed,D-R11-ADR124-1
01a0f156-335f-7700-9539-031fabdf40a2,unclassified,active,3,0,0.000069,,1,,pass,2,none,not yet reviewed,D-R11-ADR124-1
01a0f156-335f-7729-bfa6-dec772d7f3bb,unclassified,active,2,0,0.000046,,1,,pass,1,none,not yet reviewed,D-R11-ADR124-1
01a0f1c3-1999-77a4-b8ef-a3cd35288b4c,unclassified,active,1,0,0.000023,,1,,pass,1,none,not yet reviewed,D-R11-ADR124-1
01a0f1c3-199b-7096-a066-9c6e0ed6e66b,unclassified,active,2,0,0.000046,,1,,pass,1,none,not yet reviewed,D-R11-ADR124-1
01a0f1c3-199b-7396-9f3a-8cf300732f2b,unclassified,active,4,0,0.000092,,1,,pass,1,none,not yet reviewed,D-R11-ADR124-1
01a0f1c3-199b-73e0-bb1d-668f175ffe32,unclassified,active,2,0,0.000046,,1,,pass,1,none,not yet reviewed,D-R11-ADR124-1
01a0f1c3-199b-7455-86ac-acfe970ba45e,unclassified,active,5,0,0.000115,,1,,pass,1,none,not yet reviewed,D-R11-ADR124-1
01a0f1c3-199b-74a2-a52f-c42c6daa6afa,unclassified,active,1,0,0.000023,,1,,pass,1,none,not yet reviewed,D-R11-ADR124-1
01a0f1c3-199b-74d3-95a1-3bf381634546,unclassified,active,2,0,0.000046,,1,,pass,1,none,not yet reviewed,D-R11-ADR124-1
01a0f1c3-199b-7505-81bd-8dc8c6fd6f9c,unclassified,active,1,0,0.000023,,1,,pass,1,none,not yet reviewed,D-R11-ADR124-1
01a0f1c3-199b-7545-b3cf-580cffd518ea,unclassified,active,2,0,0.000046,,1,,pass,1,none,not yet reviewed,D-R11-ADR124-1
01a0f1c3-199b-75c7-b350-09c5c42b62ca,unclassified,active,1,0,0.000023,,1,,pass,1,none,not yet reviewed,D-R11-ADR124-1
01a0f1c3-199b-75ff-a09d-4e8335d7d9ba,unclassified,active,1,0,0.000023,,1,,pass,1,none,not yet reviewed,D-R11-ADR124-1
01a0f1c3-199b-7630-9383-9ef1258c5246,unclassified,active,19,0,0.000435,,1,,pass,1,none,not yet reviewed,D-R11-ADR124-1
01a0f1c3-199b-765b-b758-1fc05e174f00,unclassified,active,2,0,0.000046,,1,,pass,1,none,not yet reviewed,D-R11-ADR124-1
01a0f1c3-199b-7683-a1bf-5f693add25c6,unclassified,active,2,0,0.000046,,1,,pass,1,none,not yet reviewed,D-R11-ADR124-1
01a0f1c3-199b-76de-a5f0-b46f572f0d51,unclassified,active,1,0,0.000023,,1,,pass,1,none,not yet reviewed,D-R11-ADR124-1
01a0f1c3-199b-770f-a869-139faf4ef7b7,unclassified,active,5,0,0.000115,,1,,pass,1,none,not yet reviewed,D-R11-ADR124-1
01a0f1c3-199b-773e-9c4b-14d7ba82d62a,unclassified,active,1,0,0.000023,,1,,pass,1,none,not yet reviewed,D-R11-ADR124-1
01a0f1c3-199b-776d-9a02-ae8fcd9b94fd,unclassified,active,3,0,0.000069,,1,,pass,1,none,not yet reviewed,D-R11-ADR124-1
01a0f1c3-199b-7797-9212-4f0a53754f8b,unclassified,active,1,0,0.000023,,1,,pass,1,none,not yet reviewed,D-R11-ADR124-1
01a0f1c3-199b-77dd-81c1-e2219415b921,unclassified,active,2,0,0.000046,,1,,pass,1,none,not yet reviewed,D-R11-ADR124-1
01a0f1c3-199b-7807-bfd7-c0c8a3e4c545,unclassified,active,1,0,0.000023,,1,,pass,1,none,not yet reviewed,D-R11-ADR124-1
01a0f1c3-199b-7832-99d1-e621b52ce186,unclassified,active,1,0,0.000023,,1,,pass,1,none,not yet reviewed,D-R11-ADR124-1
01a0f1c3-199b-78c1-93aa-87786bf433b1,unclassified,active,1,0,0.000023,,1,,pass,1,none,not yet reviewed,D-R11-ADR124-1
01a0f1c3-199b-791d-8880-d55012890295,unclassified,active,1,0,0.000023,,1,,pass,1,none,not yet reviewed,D-R11-ADR124-1
01a0f1c3-199b-7951-a180-6cb3daad272d,unclassified,active,1,0,0.000023,,1,,pass,1,none,not yet reviewed,D-R11-ADR124-1
01a0f1c3-199b-797f-b79c-92fc56663833,unclassified,active,1,0,0.000023,,1,,pass,1,none,not yet reviewed,D-R11-ADR124-1
01a0f1c3-199b-7a24-ab50-e344ea5d235f,unclassified,active,1,0,0.000023,,1,,pass,1,none,not yet reviewed,D-R11-ADR124-1
01a0f1c3-199b-7a60-9524-fd43f5f721e0,unclassified,active,4,0,0.000092,,1,,pass,1,none,not yet reviewed,D-R11-ADR124-1
01a0f1c3-199b-7ad4-93df-b098f34188fb,unclassified,active,1,0,0.000023,,1,,pass,1,none,not yet reviewed,D-R11-ADR124-1
01a0f1c3-199b-7b0a-97b6-209f4b0317ab,unclassified,active,1,0,0.000023,,1,,pass,1,none,not yet reviewed,D-R11-ADR124-1
01a0f1c3-199b-7b37-ac1e-d7f03e50e9fe,unclassified,active,1,0,0.000023,,1,,pass,1,none,not yet reviewed,D-R11-ADR124-1
01a0f1c3-199b-7b63-89ad-6b295ccbee61,unclassified,active,1,0,0.000023,,1,,pass,1,none,not yet reviewed,D-R11-ADR124-1
01a0f1c3-199b-7ba4-ae54-5d2ef24e3297,unclassified,active,1,0,0.000023,,1,,pass,1,none,not yet reviewed,D-R11-ADR124-1
01a0f1c3-199b-7c13-b1df-8d33c669a0ac,unclassified,active,1,0,0.000023,,1,,pass,1,none,not yet reviewed,D-R11-ADR124-1
01a0f1c3-199b-7c4a-b82d-a6cf797415b3,unclassified,active,4,0,0.000092,,1,,pass,1,none,not yet reviewed,D-R11-ADR124-1
01a0f1c3-199b-7c76-b03e-64257af39d33,unclassified,active,1,0,0.000023,,1,,pass,1,none,not yet reviewed,D-R11-ADR124-1
01a0f1c3-199b-7ca2-b5f9-03a5abbd336d,unclassified,active,3,0,0.000069,,1,,pass,1,none,not yet reviewed,D-R11-ADR124-1
01a0f1c3-199b-7ccc-aadc-a5aad0503126,unclassified,active,1,0,0.000023,,1,,pass,1,none,not yet reviewed,D-R11-ADR124-1
01a0f1c3-199b-7cf5-adaf-0051e34d116c,unclassified,active,1,0,0.000023,,1,,pass,1,none,not yet reviewed,D-R11-ADR124-1
01a0f1c3-199b-7d1c-920a-59cc883a56b4,unclassified,active,1,0,0.000023,,1,,pass,1,none,not yet reviewed,D-R11-ADR124-1
01a0f1c3-199b-7d47-bd4d-b14dd518e23a,unclassified,active,1,0,0.000023,,1,,pass,1,none,not yet reviewed,D-R11-ADR124-1
01a0f1c3-199b-7d6f-a8ef-8dc67d99f97c,unclassified,active,1,0,0.000023,,1,,pass,1,none,not yet reviewed,D-R11-ADR124-1
01a0f1c3-199b-7d99-8c95-cb1bb13abad1,unclassified,active,1,0,0.000023,,1,,pass,1,none,not yet reviewed,D-R11-ADR124-1
01a0f1c3-199b-7dc3-a53e-e8bbe16d8773,unclassified,active,1,0,0.000023,,1,,pass,1,none,not yet reviewed,D-R11-ADR124-1
01a0f1c3-199b-7e35-83d3-0067c7bffcfe,unclassified,active,1,0,0.000023,,1,,pass,1,none,not yet reviewed,D-R11-ADR124-1
01a0f1c3-199b-7e6a-8537-d3237b96dd8f,unclassified,active,1,0,0.000023,,1,,pass,1,none,not yet reviewed,D-R11-ADR124-1
01a0f1c3-199b-7e95-9f3d-5a19fc219ac9,unclassified,active,1,0,0.000023,,1,,pass,1,none,not yet reviewed,D-R11-ADR124-1
01a0f1c3-199b-7ec3-96b9-78ccb4ee8a0b,unclassified,active,1,0,0.000023,,1,,pass,1,none,not yet reviewed,D-R11-ADR124-1
01a0f1c3-199b-7f4b-b9b3-f71c29a909a4,unclassified,active,1,0,0.000023,,1,,pass,1,none,not yet reviewed,D-R11-ADR124-1
01a0f1c3-199b-7f80-aa3f-72f3db4b499f,unclassified,active,1,0,0.000023,,1,,pass,1,none,not yet reviewed,D-R11-ADR124-1
01a0f1c3-199b-7fba-bb42-5d217553cee7,unclassified,active,2,0,0.000046,,1,,pass,1,none,not yet reviewed,D-R11-ADR124-1
01a0f1c3-199b-7fff-9c76-fa250fe3fe62,unclassified,active,1,0,0.000023,,1,,pass,1,none,not yet reviewed,D-R11-ADR124-1
01a0f1c3-199c-7081-90d9-24eb5c36fa8a,unclassified,active,1,0,0.000023,,1,,pass,1,none,not yet reviewed,D-R11-ADR124-1
01a0f1c3-199c-70b4-b456-f1c30c86fc55,unclassified,active,1,0,0.000023,,1,,pass,1,none,not yet reviewed,D-R11-ADR124-1
01a0f1c3-199c-70df-8b3d-fd5a7916544f,unclassified,active,1,0,0.000023,,1,,pass,1,none,not yet reviewed,D-R11-ADR124-1
01a0f1c3-199c-710d-aa9d-aad1d0386741,unclassified,active,4,0,0.000092,,1,,pass,1,none,not yet reviewed,D-R11-ADR124-1
01a0f1c3-199c-7139-b15d-a7d88bfcca77,unclassified,active,1,0,0.000023,,1,,pass,1,none,not yet reviewed,D-R11-ADR124-1
01a0f1c3-199c-7166-89b0-53486ba273f1,unclassified,active,1,0,0.000023,,1,,pass,1,none,not yet reviewed,D-R11-ADR124-1
01a0f1c3-199c-718f-b2e3-89ad3ed54125,unclassified,active,1,0,0.000023,,1,,pass,1,none,not yet reviewed,D-R11-ADR124-1
01a0f1c3-199c-71b8-ada9-ae1ca6259008,unclassified,active,2,0,0.000046,,1,,pass,1,none,not yet reviewed,D-R11-ADR124-1
01a0f1c3-199c-71e1-9db1-60ddd9c7da40,unclassified,active,3,0,0.000069,,1,,pass,1,none,not yet reviewed,D-R11-ADR124-1
01a0f1c3-199c-7209-9eb2-26ea68d5c0c0,unclassified,active,3,0,0.000069,,1,,pass,1,none,not yet reviewed,D-R11-ADR124-1
01a0f1c3-199c-7234-9cc0-3b2b4b537d49,unclassified,active,1,0,0.000023,,1,,pass,1,none,not yet reviewed,D-R11-ADR124-1
01a0f1c3-199c-72a1-b9fd-df68acc303e8,unclassified,active,1,0,0.000023,,1,,pass,1,none,not yet reviewed,D-R11-ADR124-1
01a0f1c3-199c-72d4-ab73-a1a189097d22,unclassified,active,1,0,0.000023,,1,,pass,1,none,not yet reviewed,D-R11-ADR124-1
01a0f1c3-199c-72ff-acde-bc70ad067c94,unclassified,active,1,0,0.000023,,1,,pass,1,none,not yet reviewed,D-R11-ADR124-1
01a0f1c3-199c-732d-ade4-b3c23fa75237,unclassified,active,2,0,0.000046,,1,,pass,1,none,not yet reviewed,D-R11-ADR124-1
01a0f1c3-199c-735b-82bb-7b8d5b2d248d,unclassified,active,1,0,0.000023,,1,,pass,1,none,not yet reviewed,D-R11-ADR124-1
01a0f1c3-199c-7387-bf02-b1ae2421158d,unclassified,active,1,0,0.000023,,1,,pass,1,none,not yet reviewed,D-R11-ADR124-1
01a0f1c3-199c-73b1-8666-7175281ad1e0,unclassified,active,1,0,0.000023,,1,,pass,1,none,not yet reviewed,D-R11-ADR124-1
01a0f1c3-199c-73dd-83bc-bbcb2e42ddc3,unclassified,active,1,0,0.000023,,1,,pass,1,none,not yet reviewed,D-R11-ADR124-1
01a0f1c3-199c-7406-ac11-060533427a93,unclassified,active,1,0,0.000023,,1,,pass,1,none,not yet reviewed,D-R11-ADR124-1
01a0f1c3-199c-742f-a549-84d6f21cb096,unclassified,active,1,0,0.000023,,1,,pass,1,none,not yet reviewed,D-R11-ADR124-1
01a0f1c3-199c-7458-adad-480560ae09cf,unclassified,active,1,0,0.000023,,1,,pass,1,none,not yet reviewed,D-R11-ADR124-1
01a0f1c3-199c-7481-8deb-5625185f2e8a,unclassified,active,2,0,0.000046,,1,,pass,1,none,not yet reviewed,D-R11-ADR124-1
01a0f1c3-199c-74bb-a54f-a08bc06b9a17,unclassified,active,1,0,0.000023,,1,,pass,1,none,not yet reviewed,D-R11-ADR124-1
01a0f1c3-199c-7516-80a8-ab5492d1732d,unclassified,active,3,0,0.000069,,1,,pass,1,none,not yet reviewed,D-R11-ADR124-1
01a0f1c3-199c-7546-acd2-d96847553587,unclassified,active,1,0,0.000023,,1,,pass,1,none,not yet reviewed,D-R11-ADR124-1
01a0f1c3-199c-7570-82bc-fafd76a34ddb,unclassified,active,1,0,0.000023,,1,,pass,1,none,not yet reviewed,D-R11-ADR124-1
01a0f1c3-199c-7598-80aa-b44d3e35b22a,unclassified,active,1,0,0.000023,,1,,pass,1,none,not yet reviewed,D-R11-ADR124-1
01a0f1c3-199c-75c1-b7f3-d62723c8cfa2,unclassified,active,1,0,0.000023,,1,,pass,1,none,not yet reviewed,D-R11-ADR124-1
01a0f1c3-19a9-71da-8ac3-54e98ede0186,unclassified,active,1,0,0.000023,,1,,pass,1,none,not yet reviewed,D-R11-ADR124-1
01a0f1c3-19a9-7560-9e56-b23e04117ee8,unclassified,active,2,0,0.000046,,1,,pass,1,none,not yet reviewed,D-R11-ADR124-1
01a0f1c3-19a9-75b8-b7f4-0ed3761a1021,unclassified,active,27,0,0.000618,,1,,pass,1,none,not yet reviewed,D-R11-ADR124-1
01a0f1c3-19a9-75f4-9e52-fae8355359e4,unclassified,active,2,0,0.000046,,1,,pass,1,none,not yet reviewed,D-R11-ADR124-1
01a0f1c3-19a9-7627-98b0-4e16cfc80f35,unclassified,active,1,0,0.000023,,1,,pass,1,none,not yet reviewed,D-R11-ADR124-1
01a0f1c3-19a9-7660-a37d-47d8b483f84f,unclassified,active,3,0,0.000069,,1,,pass,1,none,not yet reviewed,D-R11-ADR124-1
01a0f1c3-19a9-7698-bc81-8309f3cd8365,unclassified,active,2,0,0.000046,,1,,pass,1,none,not yet reviewed,D-R11-ADR124-1
01a0f1c3-19a9-76d1-a7a9-33395f3e61c6,unclassified,active,1,0,0.000023,,1,,pass,1,none,not yet reviewed,D-R11-ADR124-1
01a0f1c3-19a9-77d3-9d28-7a0ae3351d4f,unclassified,active,1,0,0.000023,,1,,pass,1,none,not yet reviewed,D-R11-ADR124-1
01a0f1c3-19a9-781f-a946-e6619db76c05,unclassified,active,1,0,0.000023,,1,,pass,1,none,not yet reviewed,D-R11-ADR124-1
01a0f1c3-19a9-78f9-92bd-1e9f2bcf98c3,unclassified,active,2,0,0.000046,,1,,pass,1,none,not yet reviewed,D-R11-ADR124-1
01a0f1c3-19a9-7966-b701-f28018b91967,unclassified,active,1,0,0.000023,,1,,pass,1,none,not yet reviewed,D-R11-ADR124-1
01a0f1c3-19a9-7ca7-b100-221c078fe355,unclassified,active,1,0,0.000023,,1,,pass,1,none,not yet reviewed,D-R11-ADR124-1
01a0f1c3-19a9-7cf6-ab09-3320319ec3f4,unclassified,active,3,0,0.000069,,1,,pass,1,none,not yet reviewed,D-R11-ADR124-1
01a0f1c3-19a9-7d64-ba41-0d81e11b7693,unclassified,active,2,0,0.000046,,1,,pass,1,none,not yet reviewed,D-R11-ADR124-1
01a0f1c3-19a9-7da3-910c-5e18198b1219,unclassified,active,1,0,0.000023,,1,,pass,1,none,not yet reviewed,D-R11-ADR124-1
01a0f1c3-19a9-7e04-a559-0f93aaab7b77,unclassified,active,2,0,0.000046,,1,,pass,1,none,not yet reviewed,D-R11-ADR124-1
01a0f1c3-19a9-7e39-8465-69586b48a29f,unclassified,active,2,0,0.000046,,1,,pass,1,none,not yet reviewed,D-R11-ADR124-1
01a0f1c3-19a9-7e6f-8649-6b7832ec9a6f,unclassified,active,2,0,0.000046,,1,,pass,1,none,not yet reviewed,D-R11-ADR124-1
01a0f1c3-19a9-7ea4-be5d-bff191c54d94,unclassified,active,1,0,0.000023,,1,,pass,1,none,not yet reviewed,D-R11-ADR124-1
01a0f1c3-19a9-7edf-9526-33607a5834d5,unclassified,active,1,0,0.000023,,1,,pass,1,none,not yet reviewed,D-R11-ADR124-1
01a0f1c3-19a9-7f30-8ac6-14fe3de953ef,unclassified,active,2,0,0.000046,,1,,pass,1,none,not yet reviewed,D-R11-ADR124-1
01a0f1c3-19a9-7f66-8c6a-9d7f0025ab68,unclassified,active,2,0,0.000046,,1,,pass,1,none,not yet reviewed,D-R11-ADR124-1
01a0f1c3-19a9-7f9c-ad44-a72d2863b328,unclassified,active,1,0,0.000023,,1,,pass,1,none,not yet reviewed,D-R11-ADR124-1
01a0f1c3-19a9-7fd4-837b-faa61c218f36,unclassified,active,1,0,0.000023,,1,,pass,1,none,not yet reviewed,D-R11-ADR124-1
01a0f1c3-19aa-7009-9d23-7418fe80be1f,unclassified,active,1,0,0.000023,,1,,pass,1,none,not yet reviewed,D-R11-ADR124-1
01a0f1c3-19aa-7096-95fb-d773406b9736,unclassified,active,1,0,0.000023,,1,,pass,1,none,not yet reviewed,D-R11-ADR124-1
01a0f1c3-19aa-70ce-9c94-d3b6cb94bd97,unclassified,active,1,0,0.000023,,1,,pass,1,none,not yet reviewed,D-R11-ADR124-1
01a0f1c3-19aa-7100-a839-61d0a9dafaa6,unclassified,active,1,0,0.000023,,1,,pass,1,none,not yet reviewed,D-R11-ADR124-1
01a0f1c3-19aa-7135-b2f7-0ed510406b4a,unclassified,active,2,0,0.000046,,1,,pass,1,none,not yet reviewed,D-R11-ADR124-1
01a0f1c3-19aa-716b-9af8-4fbf25b7bdc5,unclassified,active,1,0,0.000023,,1,,pass,1,none,not yet reviewed,D-R11-ADR124-1
01a0f1c3-19aa-71a2-be9a-5e74a77702a3,unclassified,active,1,0,0.000023,,1,,pass,1,none,not yet reviewed,D-R11-ADR124-1
01a0f1c3-19aa-71d6-9bac-8333c8fb1ee3,unclassified,active,13,0,0.000298,,1,,pass,1,none,not yet reviewed,D-R11-ADR124-1
01a0f1c3-19aa-720a-bd2e-bec8a6edfd5a,unclassified,active,1,0,0.000023,,1,,pass,1,none,not yet reviewed,D-R11-ADR124-1
01a0f1c3-19aa-7240-b26d-81b531f6731c,unclassified,active,2,0,0.000046,,1,,pass,1,none,not yet reviewed,D-R11-ADR124-1
01a0f1c3-19aa-7275-91c1-24f08e093f1e,unclassified,active,3,0,0.000069,,1,,pass,1,none,not yet reviewed,D-R11-ADR124-1
01a0f1c3-19aa-72b0-9c15-0651a2e10ff1,unclassified,active,1,0,0.000023,,1,,pass,1,none,not yet reviewed,D-R11-ADR124-1
01a0f1c3-19aa-72e5-939d-30595674e610,unclassified,active,2,0,0.000046,,1,,pass,1,none,not yet reviewed,D-R11-ADR124-1
01a0f1c3-19aa-7354-a62d-d79dc4ac3e47,unclassified,active,2,0,0.000046,,1,,pass,1,none,not yet reviewed,D-R11-ADR124-1
01a0f1c3-19aa-7390-b588-3f43a7b981df,unclassified,active,3,0,0.000069,,1,,pass,1,none,not yet reviewed,D-R11-ADR124-1
01a0f1c3-19aa-73cc-af8b-fba860c3f70e,unclassified,active,1,0,0.000023,,1,,pass,1,none,not yet reviewed,D-R11-ADR124-1
01a0f1c3-19aa-7400-a141-5cdec8276a79,unclassified,active,1,0,0.000023,,1,,pass,1,none,not yet reviewed,D-R11-ADR124-1
01a0f1c3-19aa-7436-934d-bb411f9df938,unclassified,active,1,0,0.000023,,1,,pass,1,none,not yet reviewed,D-R11-ADR124-1
01a0f1c3-19aa-746e-9a1a-38f86c7a7598,unclassified,active,1,0,0.000023,,1,,pass,1,none,not yet reviewed,D-R11-ADR124-1
01a0f1c3-19aa-74a5-8140-a639a1b3e2b9,unclassified,active,2,0,0.000046,,1,,pass,1,none,not yet reviewed,D-R11-ADR124-1
01a0f1c3-19aa-74dd-a3b1-14b72d0bc614,unclassified,active,1,0,0.000023,,1,,pass,1,none,not yet reviewed,D-R11-ADR124-1
01a0f1c3-19aa-7513-89b8-516fe634268e,unclassified,active,2,0,0.000046,,1,,pass,1,none,not yet reviewed,D-R11-ADR124-1
01a0f1c3-19aa-7549-afd0-eb7dca4db6aa,unclassified,active,1,0,0.000023,,1,,pass,1,none,not yet reviewed,D-R11-ADR124-1
01a0f1c3-19aa-7581-808e-a634d06819b7,unclassified,active,4,0,0.000092,,1,,pass,1,none,not yet reviewed,D-R11-ADR124-1
01a0f1c3-19aa-75b3-85eb-6a1df25c3a33,unclassified,active,7,0,0.000160,,1,,pass,1,none,not yet reviewed,D-R11-ADR124-1
01a0f1c3-19aa-762e-b2f2-f184fa4b4c3c,unclassified,active,263,0,0.006024,,1,,pass,1,none,not yet reviewed,D-R11-ADR124-1
01a0f1c3-19aa-7669-8cf0-d263c19a63fb,unclassified,active,1,0,0.000023,,1,,pass,1,none,not yet reviewed,D-R11-ADR124-1
01a0f1c3-19aa-769e-8ced-240d3a93f587,unclassified,active,1,0,0.000023,,1,,pass,1,none,not yet reviewed,D-R11-ADR124-1
01a0f1c3-19aa-76d5-be09-c46d20cc23ed,unclassified,active,1,0,0.000023,,1,,pass,1,none,not yet reviewed,D-R11-ADR124-1
01a0f1c3-19aa-771b-ab41-dc9cacad182d,unclassified,active,1,0,0.000023,,1,,pass,1,none,not yet reviewed,D-R11-ADR124-1
01a0f1c3-19aa-7759-8dd0-c0ad5ad4908e,unclassified,active,4,0,0.000092,,1,,pass,1,none,not yet reviewed,D-R11-ADR124-1
01a0f1c3-19aa-7792-a134-5a2f34fd30ca,unclassified,active,1,0,0.000023,,1,,pass,1,none,not yet reviewed,D-R11-ADR124-1
01a0f1c3-19aa-77c6-a115-516f7f0d391b,unclassified,active,1,0,0.000023,,1,,pass,1,none,not yet reviewed,D-R11-ADR124-1
01a0f1c3-19aa-77fc-99f7-0fb02cfd1eed,unclassified,active,11,0,0.000252,,1,,pass,1,none,not yet reviewed,D-R11-ADR124-1
01a0f1c3-19aa-7831-b01f-daa6aa36f9a7,unclassified,active,3,0,0.000069,,1,,pass,1,none,not yet reviewed,D-R11-ADR124-1
01a0f1c3-19aa-78a4-9c86-1c796f966cda,unclassified,active,1,0,0.000023,,1,,pass,1,none,not yet reviewed,D-R11-ADR124-1
01a0f1c3-19aa-78d8-ab61-e112c802c851,unclassified,active,1,0,0.000023,,1,,pass,1,none,not yet reviewed,D-R11-ADR124-1
01a0f1c3-19aa-7956-8777-abd96356b7f8,unclassified,active,1,0,0.000023,,1,,pass,1,none,not yet reviewed,D-R11-ADR124-1
01a0f1c3-19aa-79e7-bebe-59de6c00d234,unclassified,active,3,0,0.000069,,1,,pass,1,none,not yet reviewed,D-R11-ADR124-1
01a0f1c3-19aa-7a3b-b0fd-2d30cdee4297,unclassified,active,1,0,0.000023,,1,,pass,1,none,not yet reviewed,D-R11-ADR124-1
01a0f1c3-19aa-7a71-bbb2-23be5836420c,unclassified,active,1,0,0.000023,,1,,pass,1,none,not yet reviewed,D-R11-ADR124-1
01a0f1c3-19aa-7aa7-bdf6-7c0549b37968,unclassified,active,1,0,0.000023,,1,,pass,1,none,not yet reviewed,D-R11-ADR124-1
01a0f1c3-19aa-7ad9-a40a-9867d432e8b5,unclassified,active,1,0,0.000023,,1,,pass,1,none,not yet reviewed,D-R11-ADR124-1
01a0f1c3-19aa-7b0f-92c5-ce51fb69bc7d,unclassified,active,1,0,0.000023,,1,,pass,1,none,not yet reviewed,D-R11-ADR124-1
01a0f1c3-19aa-7b43-aaac-4e23c5820d92,unclassified,active,1,0,0.000023,,1,,pass,1,none,not yet reviewed,D-R11-ADR124-1
01a0f1c3-19aa-7bd7-b014-5ec680f7bb7c,unclassified,active,1,0,0.000023,,1,,pass,1,none,not yet reviewed,D-R11-ADR124-1
01a0f1c3-19aa-7c15-9945-dbf94d71f2d1,unclassified,active,1,0,0.000023,,1,,pass,1,none,not yet reviewed,D-R11-ADR124-1
01a0f1c3-19aa-7c4b-ac62-90a3388d25bd,unclassified,active,1,0,0.000023,,1,,pass,1,none,not yet reviewed,D-R11-ADR124-1
01a0f1c3-19aa-7c80-997f-a5ce5d5e6c6e,unclassified,active,3,0,0.000069,,1,,pass,1,none,not yet reviewed,D-R11-ADR124-1
01a0f1c3-19aa-7cb6-bc42-2e8efa0ba347,unclassified,active,1,0,0.000023,,1,,pass,1,none,not yet reviewed,D-R11-ADR124-1
01a0f1c3-19aa-7cec-af68-60b9fd9bd62e,unclassified,active,1,0,0.000023,,1,,pass,1,none,not yet reviewed,D-R11-ADR124-1
01a0f1c3-19aa-7d20-b3c5-6d8e30fee001,unclassified,active,1,0,0.000023,,1,,pass,1,none,not yet reviewed,D-R11-ADR124-1
01a0f1c3-19aa-7d55-8056-d8506cd6fcf1,unclassified,active,1,0,0.000023,,1,,pass,1,none,not yet reviewed,D-R11-ADR124-1
01a0f1c3-19aa-7d8f-929e-41de83fcab79,unclassified,active,1,0,0.000023,,1,,pass,1,none,not yet reviewed,D-R11-ADR124-1
01a0f1c3-19ab-7c28-aff8-8ee608d6ccdb,unclassified,active,1,0,0.000023,,1,,pass,1,none,not yet reviewed,D-R11-ADR124-1
01a0f1c3-19ac-76bc-b654-43443ae8895a,unclassified,active,1,0,0.000023,,1,,pass,1,none,not yet reviewed,D-R11-ADR124-1
01a0f1c3-19ad-72a5-8842-45a9f2747737,unclassified,active,1,0,0.000023,,1,,pass,1,none,not yet reviewed,D-R11-ADR124-1
01a0f1c3-19ad-737a-95a9-77cbcf014afb,unclassified,active,1,0,0.000023,,1,,pass,1,none,not yet reviewed,D-R11-ADR124-1
01a0f1c3-19ad-7408-bd47-a8a76e428537,unclassified,active,1,0,0.000023,,1,,pass,1,none,not yet reviewed,D-R11-ADR124-1
01a0f1c3-19ad-7440-b425-c875ccf10e5b,unclassified,active,4,0,0.000092,,1,,pass,1,none,not yet reviewed,D-R11-ADR124-1
01a0f1c3-19ad-746e-ae7c-10fe2a39c032,unclassified,active,6,0,0.000137,,1,,pass,1,none,not yet reviewed,D-R11-ADR124-1
01a0f1c3-19ad-74a5-9873-b22d954d9a11,unclassified,active,1,0,0.000023,,1,,pass,1,none,not yet reviewed,D-R11-ADR124-1
01a0f1c3-19ad-74d9-a256-b4478650d953,unclassified,active,3,0,0.000069,,1,,pass,1,none,not yet reviewed,D-R11-ADR124-1
01a0f1c3-19ad-7505-bbdd-a4ffdc1cc0f4,unclassified,active,1,0,0.000023,,1,,pass,1,none,not yet reviewed,D-R11-ADR124-1
01a0f1c3-19ad-7530-a418-9f34aeac17b8,unclassified,active,1,0,0.000023,,1,,pass,1,none,not yet reviewed,D-R11-ADR124-1
01a0f1c3-19ad-755d-9c34-7a54414a537f,unclassified,active,1,0,0.000023,,1,,pass,1,none,not yet reviewed,D-R11-ADR124-1
01a0f1c3-19ad-7586-800d-f3d04e6487f2,unclassified,active,1,0,0.000023,,1,,pass,1,none,not yet reviewed,D-R11-ADR124-1
01a0f1c3-19ad-75fd-9196-c24580db6071,unclassified,active,1,0,0.000023,,1,,pass,1,none,not yet reviewed,D-R11-ADR124-1
01a0f1c3-19ad-76a5-ad4b-748a7dd7c178,unclassified,active,1,0,0.000023,,1,,pass,1,none,not yet reviewed,D-R11-ADR124-1
01a0f1c3-19ad-76d3-b46b-cb27eb55f672,unclassified,active,1,0,0.000023,,1,,pass,1,none,not yet reviewed,D-R11-ADR124-1
01a0f1c3-19ad-7702-bd74-71e9002dc7b4,unclassified,active,1,0,0.000023,,1,,pass,1,none,not yet reviewed,D-R11-ADR124-1
01a0f1c3-19ad-7725-a214-ac104304ea6e,unclassified,active,1,0,0.000023,,1,,pass,1,none,not yet reviewed,D-R11-ADR124-1
01a0f1c3-19ad-774b-8894-c8b1dda97870,unclassified,active,2,0,0.000046,,1,,pass,1,none,not yet reviewed,D-R11-ADR124-1
01a0f1c3-19ad-7772-acb7-dbbbf97f8bb2,unclassified,active,1,0,0.000023,,1,,pass,1,none,not yet reviewed,D-R11-ADR124-1
01a0f1c3-19ad-7797-ae91-53c290b574af,unclassified,active,4,0,0.000092,,1,,pass,1,none,not yet reviewed,D-R11-ADR124-1
01a0f1c3-19ad-77ba-ba8f-af0faf8ef3e7,unclassified,active,1,0,0.000023,,1,,pass,1,none,not yet reviewed,D-R11-ADR124-1
01a0f1c3-19ad-77dd-9cc3-d1ef7deb16b8,unclassified,active,1,0,0.000023,,1,,pass,1,none,not yet reviewed,D-R11-ADR124-1
01a0f1c3-19ad-7801-8958-9afd8e0eeebb,unclassified,active,1,0,0.000023,,1,,pass,1,none,not yet reviewed,D-R11-ADR124-1
01a0f1c3-19ad-7824-b829-644012a126c1,unclassified,active,1,0,0.000023,,1,,pass,1,none,not yet reviewed,D-R11-ADR124-1
01a0f1c3-19ad-7846-8adb-625493583fb8,unclassified,active,1,0,0.000023,,1,,pass,1,none,not yet reviewed,D-R11-ADR124-1
01a0f1c3-19ad-7952-8104-499b5ce01510,unclassified,active,1,0,0.000023,,1,,pass,1,none,not yet reviewed,D-R11-ADR124-1
01a0f1c3-19ad-798a-b100-2362eaa2b0db,unclassified,active,4,0,0.000092,,1,,pass,1,none,not yet reviewed,D-R11-ADR124-1
01a0f1c3-19ad-79ae-a2a7-980527cfc79f,unclassified,active,4,0,0.000092,,1,,pass,1,none,not yet reviewed,D-R11-ADR124-1
01a0f1c3-19ad-79d2-8669-531d79660a53,unclassified,active,2,0,0.000046,,1,,pass,2,none,not yet reviewed,D-R11-ADR124-1
01a0f1c3-19ad-79f4-aedc-301fa236734a,unclassified,active,1,0,0.000023,,1,,pass,1,none,not yet reviewed,D-R11-ADR124-1
01a0f1c3-19ad-7a15-ac48-98d1dc485a48,unclassified,active,2,0,0.000046,,1,,pass,1,none,not yet reviewed,D-R11-ADR124-1
01a0f1c3-19ad-7a39-a987-fac93c164d2b,unclassified,active,1,0,0.000023,,1,,pass,1,none,not yet reviewed,D-R11-ADR124-1
01a0f1c3-19ad-7a5e-ada1-d1b3a693abb7,unclassified,active,1,0,0.000023,,1,,pass,1,none,not yet reviewed,D-R11-ADR124-1
01a0f1c3-19ad-7a84-a9a5-59fae6cd90ee,unclassified,active,1,0,0.000023,,1,,pass,1,none,not yet reviewed,D-R11-ADR124-1
01a0f1c3-19ad-7aaa-8716-29be0ed4d44d,unclassified,active,1,0,0.000023,,1,,pass,1,none,not yet reviewed,D-R11-ADR124-1
01a0f1c3-19ad-7acc-bebf-1aa09fbf65bc,unclassified,active,1,0,0.000023,,1,,pass,1,none,not yet reviewed,D-R11-ADR124-1
01a0f1c3-19ad-7afc-afdb-4ae3e8c07afa,unclassified,active,1,0,0.000023,,1,,pass,1,none,not yet reviewed,D-R11-ADR124-1
01a0f1c3-19ad-7b6b-8801-3f8ca3fc9b31,unclassified,active,1,0,0.000023,,1,,pass,1,none,not yet reviewed,D-R11-ADR124-1
01a0f1c3-19ad-7b97-9c2e-ac2eb08cce36,unclassified,active,1,0,0.000023,,1,,pass,1,none,not yet reviewed,D-R11-ADR124-1
01a0f1c3-19ad-7bba-ab8d-33e8449d7080,unclassified,active,1,0,0.000023,,1,,pass,1,none,not yet reviewed,D-R11-ADR124-1
01a0f1c3-19ad-7bdc-9dca-9b11846b5746,unclassified,active,1,0,0.000023,,1,,pass,1,none,not yet reviewed,D-R11-ADR124-1
01a0f1c3-19ad-7bff-9d32-46e85fe08a0b,unclassified,active,1,0,0.000023,,1,,pass,1,none,not yet reviewed,D-R11-ADR124-1
01a0f1c3-19ad-7c3f-a4b7-e4c1f6f9779d,unclassified,active,3,0,0.000069,,1,,pass,1,none,not yet reviewed,D-R11-ADR124-1
01a0f1c3-19ad-7c64-85fe-578079174377,unclassified,active,1,0,0.000023,,1,,pass,1,none,not yet reviewed,D-R11-ADR124-1
01a0f1c3-19ad-7c84-a7b7-bb2cd884e1d0,unclassified,active,1,0,0.000023,,1,,pass,1,none,not yet reviewed,D-R11-ADR124-1
01a0f232-81a0-726c-9eca-687a363afa94,unclassified,active,1,0,0.000023,,1,,pass,1,none,not yet reviewed,D-R11-ADR124-1
01a0f232-81a0-7307-9b25-a85e599ddac8,unclassified,active,1,0,0.000023,,1,,pass,1,none,not yet reviewed,D-R11-ADR124-1
01a0f232-81a0-7344-8a57-2795504a291a,unclassified,active,20,0,0.000458,,1,,pass,1,none,not yet reviewed,D-R11-ADR124-1
01a0f232-81a0-736f-ae14-0cba3a79e116,unclassified,active,1,0,0.000023,,1,,pass,1,none,not yet reviewed,D-R11-ADR124-1
01a0f232-81a0-7398-8725-46ab1830b0de,unclassified,active,1,0,0.000023,,1,,pass,1,none,not yet reviewed,D-R11-ADR124-1
01a0f232-81a0-73c1-9d65-a0227cc16c0f,unclassified,active,1,0,0.000023,,1,,pass,1,none,not yet reviewed,D-R11-ADR124-1
01a0f232-81a0-73ec-9ba9-b4e02a1575ca,unclassified,active,1,0,0.000023,,1,,pass,1,none,not yet reviewed,D-R11-ADR124-1
01a0f232-81a0-7419-a84f-95b2e7c782eb,unclassified,active,1,0,0.000023,,1,,pass,1,none,not yet reviewed,D-R11-ADR124-1
01a0f232-81a0-748f-9910-15fbe14a2a88,unclassified,active,1,0,0.000023,,1,,pass,1,none,not yet reviewed,D-R11-ADR124-1
01a0f232-81a0-74c1-b723-f6cf1a284474,unclassified,active,1,0,0.000023,,1,,pass,1,none,not yet reviewed,D-R11-ADR124-1
01a0f232-81a0-7510-bc9d-cbbb5f611269,unclassified,active,1,0,0.000023,,1,,pass,1,none,not yet reviewed,D-R11-ADR124-1
01a0f232-81a0-753a-b074-55a691551368,unclassified,active,1,0,0.000023,,1,,pass,1,none,not yet reviewed,D-R11-ADR124-1
01a0f232-81a0-75a4-8e62-0aa3174660c7,unclassified,active,1,0,0.000023,,1,,pass,1,none,not yet reviewed,D-R11-ADR124-1
01a0f232-81a0-75d8-9165-fe2539547f82,unclassified,active,1,0,0.000023,,1,,pass,1,none,not yet reviewed,D-R11-ADR124-1
01a0f232-81a0-7649-a412-137f30af2d23,unclassified,active,1,0,0.000023,,1,,pass,1,none,not yet reviewed,D-R11-ADR124-1
01a0f232-81a0-767b-a6fd-54e1f6e13b00,unclassified,active,1,0,0.000023,,1,,pass,1,none,not yet reviewed,D-R11-ADR124-1
01a0f232-81a0-76a4-864b-f34f0507d1aa,unclassified,active,1,0,0.000023,,1,,pass,1,none,not yet reviewed,D-R11-ADR124-1
01a0f232-81a0-76cf-a569-99d8e9367800,unclassified,active,1,0,0.000023,,1,,pass,1,none,not yet reviewed,D-R11-ADR124-1
01a0f232-81a0-76fa-9ea5-0ead00bbe8a4,unclassified,active,2,0,0.000046,,1,,pass,1,none,not yet reviewed,D-R11-ADR124-1
01a0f232-81a0-7724-832c-43d2a84bcee6,unclassified,active,1,0,0.000023,,1,,pass,1,none,not yet reviewed,D-R11-ADR124-1
01a0f232-81a0-774d-a662-be170529f695,unclassified,active,1,0,0.000023,,1,,pass,1,none,not yet reviewed,D-R11-ADR124-1
01a0f232-81a0-7779-837b-8ab280a12f46,unclassified,active,3,0,0.000069,,1,,pass,1,none,not yet reviewed,D-R11-ADR124-1
01a0f232-81a0-77a2-b67b-01962758f24a,unclassified,active,1,0,0.000023,,1,,pass,1,none,not yet reviewed,D-R11-ADR124-1
01a0f232-81a0-77cd-bb8a-5f45bcd05d73,unclassified,active,1,0,0.000023,,1,,pass,1,none,not yet reviewed,D-R11-ADR124-1
01a0f232-81a0-77fb-a7c4-8f572bb02f82,unclassified,active,1,0,0.000023,,1,,pass,1,none,not yet reviewed,D-R11-ADR124-1
01a0f232-81a0-7826-9972-6f837dc932fc,unclassified,active,2,0,0.000046,,1,,pass,1,none,not yet reviewed,D-R11-ADR124-1
01a0f232-81a0-78d6-90a5-8abc7306b36a,unclassified,active,1,0,0.000023,,1,,pass,1,none,not yet reviewed,D-R11-ADR124-1
01a0f232-81a0-7912-bfb1-424e1ed9f417,unclassified,active,1,0,0.000023,,1,,pass,1,none,not yet reviewed,D-R11-ADR124-1
01a0f232-81a0-793e-9131-1cf1a9726988,unclassified,active,1,0,0.000023,,1,,pass,1,none,not yet reviewed,D-R11-ADR124-1
01a0f232-81a0-796a-b2aa-be0c5071e43e,unclassified,active,3,0,0.000069,,1,,pass,1,none,not yet reviewed,D-R11-ADR124-1
01a0f232-81a0-7994-a0bc-0e6ac38f423d,unclassified,active,1,0,0.000023,,1,,pass,1,none,not yet reviewed,D-R11-ADR124-1
01a0f232-81a0-7a09-9bd1-0be437802033,unclassified,active,1,0,0.000023,,1,,pass,1,none,not yet reviewed,D-R11-ADR124-1
01a0f232-81a0-7a35-8cb6-be443165aa90,unclassified,active,1,0,0.000023,,1,,pass,1,none,not yet reviewed,D-R11-ADR124-1
01a0f232-81a0-7a60-a72f-f6a162ac80d2,unclassified,active,1,0,0.000023,,1,,pass,1,none,not yet reviewed,D-R11-ADR124-1
01a0f232-81a0-7a8a-94f2-749a4a67530d,unclassified,active,4,0,0.000092,,1,,pass,1,none,not yet reviewed,D-R11-ADR124-1
01a0f232-81a0-7ab5-b5fd-7b940fcf6a71,unclassified,active,1,0,0.000023,,1,,pass,1,none,not yet reviewed,D-R11-ADR124-1
01a0f232-81a0-7ae1-aee2-88306676518c,unclassified,active,1,0,0.000023,,1,,pass,1,none,not yet reviewed,D-R11-ADR124-1
01a0f232-81a0-7b0e-955c-a9965e5bd66b,unclassified,active,1,0,0.000023,,1,,pass,1,none,not yet reviewed,D-R11-ADR124-1
01a0f232-81a0-7ba1-907a-d3a52771adf4,unclassified,active,2,0,0.000046,,1,,pass,1,none,not yet reviewed,D-R11-ADR124-1
01a0f232-81a0-7bd6-9ff0-1ff0ea8914dc,unclassified,active,1,0,0.000023,,1,,pass,1,none,not yet reviewed,D-R11-ADR124-1
01a0f232-81a0-7c06-bfae-b52b91e19ca7,unclassified,active,1,0,0.000023,,1,,pass,1,none,not yet reviewed,D-R11-ADR124-1
01a0f232-81a0-7c34-8102-a3397b110f95,unclassified,active,1,0,0.000023,,1,,pass,1,none,not yet reviewed,D-R11-ADR124-1
01a0f232-81a0-7c61-8c53-452376398c1c,unclassified,active,39,0,0.000893,,1,,pass,1,none,not yet reviewed,D-R11-ADR124-1
01a0f232-81a0-7c8e-86bd-7a68a8057d44,unclassified,active,1,0,0.000023,,1,,pass,1,none,not yet reviewed,D-R11-ADR124-1
01a0f232-81a0-7cba-9102-0be9c1d2d1c3,unclassified,active,1,0,0.000023,,1,,pass,1,none,not yet reviewed,D-R11-ADR124-1
01a0f232-81a0-7ce7-8e92-f47ae1b7b912,unclassified,active,2,0,0.000046,,1,,pass,1,none,not yet reviewed,D-R11-ADR124-1
01a0f232-81a0-7d13-91b9-c20fe85469bf,unclassified,active,1,0,0.000023,,1,,pass,1,none,not yet reviewed,D-R11-ADR124-1
01a0f232-81a0-7dbc-bb89-e852d9aa2cd6,unclassified,active,1,0,0.000023,,1,,pass,1,none,not yet reviewed,D-R11-ADR124-1
01a0f232-81a0-7df8-9ec9-f796119d7e19,unclassified,active,2,0,0.000046,,1,,pass,1,none,not yet reviewed,D-R11-ADR124-1
01a0f232-81a0-7e25-90f1-8ea01c1c8f02,unclassified,active,1,0,0.000023,,1,,pass,1,none,not yet reviewed,D-R11-ADR124-1
01a0f232-81a0-7e51-88ee-3d4c80693bb3,unclassified,active,1,0,0.000023,,1,,pass,1,none,not yet reviewed,D-R11-ADR124-1
01a0f232-81a0-7e86-bc49-4932ad6ead84,unclassified,active,1,0,0.000023,,1,,pass,1,none,not yet reviewed,D-R11-ADR124-1
01a0f232-81a0-7eb5-a31f-585224b47a2c,unclassified,active,1,0,0.000023,,1,,pass,1,none,not yet reviewed,D-R11-ADR124-1
01a0f232-81a0-7f10-ba2a-d0c76fb5274c,unclassified,active,1,0,0.000023,,1,,pass,1,none,not yet reviewed,D-R11-ADR124-1
01a0f232-81a0-7f43-82c6-a51a299507fa,unclassified,active,1,0,0.000023,,1,,pass,1,none,not yet reviewed,D-R11-ADR124-1
01a0f232-81a0-7f6f-9601-502207f267f5,unclassified,active,1,0,0.000023,,1,,pass,1,none,not yet reviewed,D-R11-ADR124-1
01a0f232-81a0-7f9c-842e-e4ecb4389ed2,unclassified,active,1,0,0.000023,,1,,pass,1,none,not yet reviewed,D-R11-ADR124-1
01a0f232-81a0-7fc7-9aa8-b9837f9fc7f5,unclassified,active,1,0,0.000023,,1,,pass,1,none,not yet reviewed,D-R11-ADR124-1
01a0f232-81a0-7ffb-9f54-313a4e064737,unclassified,active,15,0,0.000344,,1,,pass,1,none,not yet reviewed,D-R11-ADR124-1
01a0f232-81a1-7026-9f5d-a1763df23b84,unclassified,active,2,0,0.000046,,1,,pass,1,none,not yet reviewed,D-R11-ADR124-1
01a0f232-81a1-7052-b6fe-b5883130e6cc,unclassified,active,3,0,0.000069,,1,,pass,1,none,not yet reviewed,D-R11-ADR124-1
01a0f232-81a1-7080-8060-fee8195bb304,unclassified,active,1,0,0.000023,,1,,pass,1,none,not yet reviewed,D-R11-ADR124-1
01a0f232-81a1-70b9-9a73-2e6b3fd98440,unclassified,active,1,0,0.000023,,1,,pass,1,none,not yet reviewed,D-R11-ADR124-1
01a0f232-81a1-70e5-a8d9-053f37514e8c,unclassified,active,3,0,0.000069,,1,,pass,1,none,not yet reviewed,D-R11-ADR124-1
01a0f232-81a1-7114-8433-5d64edfe42ff,unclassified,active,1,0,0.000023,,1,,pass,1,none,not yet reviewed,D-R11-ADR124-1
01a0f232-81a1-7181-afea-28305a71f49c,unclassified,active,1,0,0.000023,,1,,pass,1,none,not yet reviewed,D-R11-ADR124-1
01a0f232-81a1-71b3-b5b5-05c07d0b6804,unclassified,active,1,0,0.000023,,1,,pass,1,none,not yet reviewed,D-R11-ADR124-1
01a0f232-81a1-71dd-afa1-cfb96fd2a0e4,unclassified,active,1,0,0.000023,,1,,pass,1,none,not yet reviewed,D-R11-ADR124-1
01a0f232-81a1-7207-91c0-e45412c56762,unclassified,active,1,0,0.000023,,1,,pass,1,none,not yet reviewed,D-R11-ADR124-1
01a0f232-81a1-7232-af04-1608394a1f0f,unclassified,active,1,0,0.000023,,1,,pass,1,none,not yet reviewed,D-R11-ADR124-1
01a0f232-81a1-725d-8294-3716cffadb02,unclassified,active,1,0,0.000023,,1,,pass,1,none,not yet reviewed,D-R11-ADR124-1
01a0f232-81a1-74fd-9c67-0993b7ddb0b4,unclassified,active,2,0,0.000046,,1,,pass,1,none,not yet reviewed,D-R11-ADR124-1
01a0f232-81a1-753f-92ad-cc3f885e31dc,unclassified,active,1,0,0.000023,,1,,pass,1,none,not yet reviewed,D-R11-ADR124-1
01a0f232-81a1-756b-8123-4fa980fb6936,unclassified,active,1,0,0.000023,,1,,pass,1,none,not yet reviewed,D-R11-ADR124-1
01a0f232-81a1-7596-b290-9068a94918b9,unclassified,active,1,0,0.000023,,1,,pass,1,none,not yet reviewed,D-R11-ADR124-1
01a0f232-81a1-75c1-8e3c-b4c69bf5d546,unclassified,active,1,0,0.000023,,1,,pass,1,none,not yet reviewed,D-R11-ADR124-1
01a0f232-81a1-7673-a7dc-a27967cb5b3d,unclassified,active,1,0,0.000023,,1,,pass,1,none,not yet reviewed,D-R11-ADR124-1
01a0f232-81a1-76a1-8066-ffc4051972bf,unclassified,active,3,0,0.000069,,1,,pass,1,none,not yet reviewed,D-R11-ADR124-1
01a0f232-81a1-76d0-9781-227749c999e5,unclassified,active,1,0,0.000023,,1,,pass,1,none,not yet reviewed,D-R11-ADR124-1
01a0f232-81a1-76fa-83c9-f61ac54f3ba7,unclassified,active,1,0,0.000023,,1,,pass,1,none,not yet reviewed,D-R11-ADR124-1
01a0f232-81a1-7726-9bc2-4a8c24b4a977,unclassified,active,1,0,0.000023,,1,,pass,1,none,not yet reviewed,D-R11-ADR124-1
01a0f232-81a1-7750-86f0-023d383397d7,unclassified,active,2,0,0.000046,,1,,pass,1,none,not yet reviewed,D-R11-ADR124-1
01a0f232-81a1-7779-82db-7537079eb1ec,unclassified,active,4,0,0.000092,,1,,pass,1,none,not yet reviewed,D-R11-ADR124-1
01a0f232-81a1-77eb-b773-2fa746296d13,unclassified,active,1,0,0.000023,,1,,pass,1,none,not yet reviewed,D-R11-ADR124-1
01a0f232-81a1-781e-8557-3fa6a5876da4,unclassified,active,1,0,0.000023,,1,,pass,1,none,not yet reviewed,D-R11-ADR124-1
01a0f232-81a1-7849-a896-deced697d889,unclassified,active,1,0,0.000023,,1,,pass,1,none,not yet reviewed,D-R11-ADR124-1
01a0f232-81a1-78ce-8b23-c4ea45abb94d,unclassified,active,1,0,0.000023,,1,,pass,1,none,not yet reviewed,D-R11-ADR124-1
01a0f232-81a1-7921-99d1-783975ea1c25,unclassified,active,1,0,0.000023,,1,,pass,1,none,not yet reviewed,D-R11-ADR124-1
01a0f232-81a1-794c-8aa6-e43d52ac9b8c,unclassified,active,1,0,0.000023,,1,,pass,1,none,not yet reviewed,D-R11-ADR124-1
01a0f232-81a1-797a-883e-9357b8fc4b0a,unclassified,active,3,0,0.000069,,1,,pass,1,none,not yet reviewed,D-R11-ADR124-1
01a0f232-81a1-79a7-9ffa-13e5a916c07d,unclassified,active,1,0,0.000023,,1,,pass,1,none,not yet reviewed,D-R11-ADR124-1
01a0f232-81a1-79d4-bde1-841e7420562c,unclassified,active,1,0,0.000023,,1,,pass,1,none,not yet reviewed,D-R11-ADR124-1
01a0f232-81a1-7a01-8547-f88722f2d9b5,unclassified,active,17,0,0.000389,,1,,pass,1,none,not yet reviewed,D-R11-ADR124-1
01a0f232-81a1-7a32-862d-bce8a92fcc41,unclassified,active,1,0,0.000023,,1,,pass,1,none,not yet reviewed,D-R11-ADR124-1
01a0f232-81a1-7aad-bc51-851ac4588645,unclassified,active,1,0,0.000023,,1,,pass,1,none,not yet reviewed,D-R11-ADR124-1
01a0f232-81a1-7ae5-9036-48115257c474,unclassified,active,8,0,0.000183,,1,,pass,1,none,not yet reviewed,D-R11-ADR124-1
01a0f232-81a1-7b14-afea-e23c9677fa73,unclassified,active,1,0,0.000023,,1,,pass,1,none,not yet reviewed,D-R11-ADR124-1
01a0f232-81a1-7b82-b1fd-bcf6b8db161d,unclassified,active,1,0,0.000023,,1,,pass,1,none,not yet reviewed,D-R11-ADR124-1
01a0f232-81a1-7bb5-b1dd-e3cd93e29bf6,unclassified,active,1,0,0.000023,,1,,pass,1,none,not yet reviewed,D-R11-ADR124-1
01a0f232-81a1-7be0-bbee-d736078c8af7,unclassified,active,2,0,0.000046,,1,,pass,1,none,not yet reviewed,D-R11-ADR124-1
01a0f232-81a1-7c0b-9f4e-209047d9bbf5,unclassified,active,2,0,0.000046,,1,,pass,1,none,not yet reviewed,D-R11-ADR124-1
01a0f232-81a1-7c36-a181-d224690a55b3,unclassified,active,1,0,0.000023,,1,,pass,1,none,not yet reviewed,D-R11-ADR124-1
01a0f232-81a1-7ca4-a288-f41e750f846e,unclassified,active,1,0,0.000023,,1,,pass,1,none,not yet reviewed,D-R11-ADR124-1
01a0f232-81a1-7cdd-b667-d7f9a9a940a5,unclassified,active,1,0,0.000023,,1,,pass,1,none,not yet reviewed,D-R11-ADR124-1
01a0f232-81a1-7d06-9d0f-537043accdcb,unclassified,active,6,0,0.000137,,1,,pass,1,none,not yet reviewed,D-R11-ADR124-1
01a0f232-81a1-7d3c-8994-59c856b814db,unclassified,active,3,0,0.000069,,1,,pass,1,none,not yet reviewed,D-R11-ADR124-1
01a0f232-81a1-7d6a-9110-fdb19efdbb1b,unclassified,active,1,0,0.000023,,1,,pass,1,none,not yet reviewed,D-R11-ADR124-1
01a0f232-81a1-7d95-ac15-34935568c592,unclassified,active,1,0,0.000023,,1,,pass,1,none,not yet reviewed,D-R11-ADR124-1
01a0f232-81a1-7dbd-bf20-eba3e1891f7b,unclassified,active,1,0,0.000023,,1,,pass,1,none,not yet reviewed,D-R11-ADR124-1
01a0f232-81a1-7de9-b1fd-bcd8aa51879e,unclassified,active,1,0,0.000023,,1,,pass,1,none,not yet reviewed,D-R11-ADR124-1
01a0f232-81a1-7e12-a310-d2b6d32b64b4,unclassified,active,1,0,0.000023,,1,,pass,1,none,not yet reviewed,D-R11-ADR124-1
01a0f232-81a1-7e3e-a5c3-78718f08a290,unclassified,active,1,0,0.000023,,1,,pass,1,none,not yet reviewed,D-R11-ADR124-1
01a0f232-81a1-7eef-ac4e-764472e9038e,unclassified,active,1,0,0.000023,,1,,pass,1,none,not yet reviewed,D-R11-ADR124-1
01a0f232-81a1-7f24-9846-982c834b5107,unclassified,active,2,0,0.000046,,1,,pass,1,none,not yet reviewed,D-R11-ADR124-1
01a0f232-81a1-7f4f-8cfd-9d5865bd672a,unclassified,active,25,0,0.000573,,1,,pass,1,none,not yet reviewed,D-R11-ADR124-1
01a0f232-81a1-7f7b-9684-590a38b666d8,unclassified,active,2,0,0.000046,,1,,pass,1,none,not yet reviewed,D-R11-ADR124-1
01a0f232-81a1-7fa8-a584-eb41ba5f3c33,unclassified,active,1,0,0.000023,,1,,pass,1,none,not yet reviewed,D-R11-ADR124-1
01a0f232-81a1-7fd7-9717-a4dae12b7407,unclassified,active,1,0,0.000023,,1,,pass,1,none,not yet reviewed,D-R11-ADR124-1
01a0f232-81a2-7000-abb2-052360128f56,unclassified,active,1,0,0.000023,,1,,pass,1,none,not yet reviewed,D-R11-ADR124-1
01a0f232-81a2-702b-9982-46b92349ccdd,unclassified,active,1,0,0.000023,,1,,pass,1,none,not yet reviewed,D-R11-ADR124-1
01a0f232-81a2-7054-bc74-740321adc029,unclassified,active,1,0,0.000023,,1,,pass,1,none,not yet reviewed,D-R11-ADR124-1
01a0f232-81a2-70ac-aa74-7246f1267465,unclassified,active,1,0,0.000023,,1,,pass,1,none,not yet reviewed,D-R11-ADR124-1
01a0f232-81a2-70dc-9402-b723b55d4385,unclassified,active,1,0,0.000023,,1,,pass,1,none,not yet reviewed,D-R11-ADR124-1
01a0f232-81a2-710b-9c78-7be4e1a0dab1,unclassified,active,1,0,0.000023,,1,,pass,1,none,not yet reviewed,D-R11-ADR124-1
01a0f232-81a2-7137-b9d7-1272ce9caabc,unclassified,active,1,0,0.000023,,1,,pass,1,none,not yet reviewed,D-R11-ADR124-1
01a0f232-81a2-7163-a10c-f468541f1d4c,unclassified,active,1,0,0.000023,,1,,pass,1,none,not yet reviewed,D-R11-ADR124-1
01a0f232-81a2-7191-abe6-65776d2a1f9c,unclassified,active,1,0,0.000023,,1,,pass,1,none,not yet reviewed,D-R11-ADR124-1
01a0f232-81a2-71be-8c15-a00b861fcb7c,unclassified,active,1,0,0.000023,,1,,pass,1,none,not yet reviewed,D-R11-ADR124-1
01a0f232-81a2-71eb-b927-1aa7904d58f8,unclassified,active,1,0,0.000023,,1,,pass,1,none,not yet reviewed,D-R11-ADR124-1
01a0f232-81a2-7218-a00a-9159d93e2f1f,unclassified,active,1,0,0.000023,,1,,pass,1,none,not yet reviewed,D-R11-ADR124-1
01a0f232-81a2-7246-9d2b-aa2e11c74c7e,unclassified,active,1,0,0.000023,,1,,pass,1,none,not yet reviewed,D-R11-ADR124-1
01a0f232-81a2-726e-9536-1dd715320e01,unclassified,active,1,0,0.000023,,1,,pass,1,none,not yet reviewed,D-R11-ADR124-1
01a0f232-81a2-72d4-abd8-377156f07b38,unclassified,active,1,0,0.000023,,1,,pass,1,none,not yet reviewed,D-R11-ADR124-1
01a0f232-81a2-7308-9cfd-d09183c1c95e,unclassified,active,1,0,0.000023,,1,,pass,1,none,not yet reviewed,D-R11-ADR124-1
01a0f232-81a2-7334-b1e4-b1987f06fb8e,unclassified,active,1,0,0.000023,,1,,pass,1,none,not yet reviewed,D-R11-ADR124-1
01a0f232-81a2-735d-a767-98fe88012ceb,unclassified,active,1,0,0.000023,,1,,pass,1,none,not yet reviewed,D-R11-ADR124-1
01a0f232-81a2-7387-a24c-72b728f489a5,unclassified,active,14,0,0.000321,,1,,pass,1,none,not yet reviewed,D-R11-ADR124-1
01a0f232-81a2-73b1-9f9c-5e00c14e6747,unclassified,active,1,0,0.000023,,1,,pass,1,none,not yet reviewed,D-R11-ADR124-1
01a0f232-81a2-73dd-aae3-ccd0f9e2bf2b,unclassified,active,1,0,0.000023,,1,,pass,1,none,not yet reviewed,D-R11-ADR124-1
01a0f232-81a2-7492-8f72-8f198020ba10,unclassified,active,3,0,0.000069,,1,,pass,1,none,not yet reviewed,D-R11-ADR124-1
01a0f232-81a2-74c8-837c-cf0e5cf4248d,unclassified,active,1,0,0.000023,,1,,pass,1,none,not yet reviewed,D-R11-ADR124-1
01a0f232-81a2-74f4-a3b8-6d9fbd6881cd,unclassified,active,1,0,0.000023,,1,,pass,1,none,not yet reviewed,D-R11-ADR124-1
01a0f232-81a2-751e-bb8d-8a089f0f1551,unclassified,active,1,0,0.000023,,1,,pass,1,none,not yet reviewed,D-R11-ADR124-1
01a0f232-81a2-7549-bda6-2718835ae904,unclassified,active,1,0,0.000023,,1,,pass,1,none,not yet reviewed,D-R11-ADR124-1
01a0f232-81a2-7573-9e5d-00e41c62c9f2,unclassified,active,1,0,0.000023,,1,,pass,1,none,not yet reviewed,D-R11-ADR124-1
01a0f232-81a2-759b-8324-cc086228c8f5,unclassified,active,1,0,0.000023,,1,,pass,1,none,not yet reviewed,D-R11-ADR124-1
01a0f232-81a2-75c4-9168-9090eaf87d35,unclassified,active,1,0,0.000023,,1,,pass,1,none,not yet reviewed,D-R11-ADR124-1
01a0f232-81a2-75ee-aaf1-dc222d7edadd,unclassified,active,1,0,0.000023,,1,,pass,1,none,not yet reviewed,D-R11-ADR124-1
01a0f232-81a2-761a-9cd4-68b212da148e,unclassified,active,1,0,0.000023,,1,,pass,1,none,not yet reviewed,D-R11-ADR124-1
01a0f232-81a2-7675-b835-8729a7a895c3,unclassified,active,2,0,0.000046,,1,,pass,1,none,not yet reviewed,D-R11-ADR124-1
01a0f232-81a2-76a5-ba68-3a53fa2e9f5b,unclassified,active,2,0,0.000046,,1,,pass,1,none,not yet reviewed,D-R11-ADR124-1
01a0f232-81a2-78c3-b687-4cea5aab729a,unclassified,active,5,0,0.000115,,1,,pass,2,none,not yet reviewed,D-R11-ADR124-1
01a0f232-81a2-7986-a9e6-0f6063e1fc65,unclassified,active,1,0,0.000023,,1,,pass,1,none,not yet reviewed,D-R11-ADR124-1
01a0f232-81a2-79c5-b0f5-e6b1d84cf556,unclassified,active,1,0,0.000023,,1,,pass,1,none,not yet reviewed,D-R11-ADR124-1
01a0f232-81a2-79f3-b3c5-28ce98779999,unclassified,active,1,0,0.000023,,1,,pass,1,none,not yet reviewed,D-R11-ADR124-1
01a0f232-81a2-7a1f-b492-759394ba634e,unclassified,active,1,0,0.000023,,1,,pass,1,none,not yet reviewed,D-R11-ADR124-1
01a0f232-81a2-7a4a-9c68-ac5a84f281bf,unclassified,active,1,0,0.000023,,1,,pass,1,none,not yet reviewed,D-R11-ADR124-1
01a0f232-81a2-7a84-8675-d97bae8f48eb,unclassified,active,2,0,0.000046,,1,,pass,1,none,not yet reviewed,D-R11-ADR124-1
01a0f232-81a2-7b0b-adba-8d8de24c25d6,unclassified,active,12,0,0.000275,,1,,pass,1,none,not yet reviewed,D-R11-ADR124-1
01a0f232-81a2-7b44-bbb1-d709e36655e7,unclassified,active,1,0,0.000023,,1,,pass,1,none,not yet reviewed,D-R11-ADR124-1
01a0f232-81a2-7b70-852f-96ac4fef1bdd,unclassified,active,1,0,0.000023,,1,,pass,1,none,not yet reviewed,D-R11-ADR124-1
01a0f232-81a2-7b9e-a9bc-ff37e09036c1,unclassified,active,1,0,0.000023,,1,,pass,1,none,not yet reviewed,D-R11-ADR124-1
01a0f232-81a2-7bc9-a641-1a013b2c590a,unclassified,active,1,0,0.000023,,1,,pass,1,none,not yet reviewed,D-R11-ADR124-1
01a0f232-81a2-7c72-ad96-d02ade750b00,unclassified,active,1,0,0.000023,,1,,pass,1,none,not yet reviewed,D-R11-ADR124-1
01a0f232-81a2-7ca1-b377-0283db7f8a1d,unclassified,active,1,0,0.000023,,1,,pass,1,none,not yet reviewed,D-R11-ADR124-1
01a0f232-81a2-7cc4-bace-7a10950ca86a,unclassified,active,5,0,0.000115,,1,,pass,1,none,not yet reviewed,D-R11-ADR124-1
01a0f232-81a2-7ce5-9792-c037a6796270,unclassified,active,1,0,0.000023,,1,,pass,1,none,not yet reviewed,D-R11-ADR124-1
01a0f232-81a2-7d08-91d9-8164522f9a2b,unclassified,active,1,0,0.000023,,1,,pass,1,none,not yet reviewed,D-R11-ADR124-1
01a0f232-81a2-7d2c-8eae-8d5b692b5df9,unclassified,active,1,0,0.000023,,1,,pass,1,none,not yet reviewed,D-R11-ADR124-1
01a0f232-81a2-7d4f-acfd-8f6b048afd00,unclassified,active,1,0,0.000023,,1,,pass,1,none,not yet reviewed,D-R11-ADR124-1
01a0f232-81a2-7d70-b4f3-d4c3dbec526c,unclassified,active,1,0,0.000023,,1,,pass,1,none,not yet reviewed,D-R11-ADR124-1
01a0f232-81a2-7d92-ad8b-ffd19f95d79a,unclassified,active,1,0,0.000023,,1,,pass,1,none,not yet reviewed,D-R11-ADR124-1
01a0f232-81a2-7db4-9e50-d5fffd61c78f,unclassified,active,1,0,0.000023,,1,,pass,1,none,not yet reviewed,D-R11-ADR124-1
01a0f232-81a2-7dd7-8143-8b811723949d,unclassified,active,1,0,0.000023,,1,,pass,1,none,not yet reviewed,D-R11-ADR124-1
01a0f232-81a2-7dfa-a3bb-09e71e86f282,unclassified,active,1,0,0.000023,,1,,pass,1,none,not yet reviewed,D-R11-ADR124-1
01a0f232-81a2-7e58-a145-076bc6d3c394,unclassified,active,1,0,0.000023,,1,,pass,1,none,not yet reviewed,D-R11-ADR124-1
01a0f232-81a2-7e83-9d98-13d6f533f706,unclassified,active,2,0,0.000046,,1,,pass,1,none,not yet reviewed,D-R11-ADR124-1
01a0f232-81a2-7ea6-a515-c1811dc4540d,unclassified,active,1,0,0.000023,,1,,pass,1,none,not yet reviewed,D-R11-ADR124-1
01a0f232-81a2-7ec9-82dc-32d1faa7d7f7,unclassified,active,1,0,0.000023,,1,,pass,1,none,not yet reviewed,D-R11-ADR124-1
01a0f232-81a2-7eeb-8005-5b6fe735ce04,unclassified,active,1,0,0.000023,,1,,pass,1,none,not yet reviewed,D-R11-ADR124-1
01a0f232-81a2-7f0c-aea1-4d2cc3892dc0,unclassified,active,1,0,0.000023,,1,,pass,1,none,not yet reviewed,D-R11-ADR124-1
01a0f232-81a2-7f2e-8383-305fb20f2131,unclassified,active,1,0,0.000023,,1,,pass,1,none,not yet reviewed,D-R11-ADR124-1
01a0f232-81a2-7f4f-8a8c-2a2790d33560,unclassified,active,1,0,0.000023,,1,,pass,1,none,not yet reviewed,D-R11-ADR124-1
01a0f232-81a2-7f73-9277-eac12e551e9c,unclassified,active,1,0,0.000023,,1,,pass,1,none,not yet reviewed,D-R11-ADR124-1
01a0f232-81a2-7f95-8d03-f98930e822e7,unclassified,active,1,0,0.000023,,1,,pass,1,none,not yet reviewed,D-R11-ADR124-1
01a0f232-81a2-7fb7-ba30-4ea7271b482f,unclassified,active,1,0,0.000023,,1,,pass,1,none,not yet reviewed,D-R11-ADR124-1
01a0f232-81a2-7fd9-8092-47d55a703868,unclassified,active,1,0,0.000023,,1,,pass,1,none,not yet reviewed,D-R11-ADR124-1
01a0f232-81a3-7050-8e2f-fbf8ce49c9f2,unclassified,active,1,0,0.000023,,1,,pass,1,none,not yet reviewed,D-R11-ADR124-1
01a0f232-81a3-707b-983c-f53c8223dcb1,unclassified,active,1,0,0.000023,,1,,pass,1,none,not yet reviewed,D-R11-ADR124-1
01a0f232-81a3-709c-a6cd-1d5a60509517,unclassified,active,1,0,0.000023,,1,,pass,1,none,not yet reviewed,D-R11-ADR124-1
01a0f232-81a3-70be-b942-0636493fe50d,unclassified,active,2,0,0.000046,,1,,pass,1,none,not yet reviewed,D-R11-ADR124-1
01a0f232-81a3-70e6-9fd1-3fed795c3ae2,unclassified,active,2,0,0.000046,,1,,pass,1,none,not yet reviewed,D-R11-ADR124-1
01a0f232-81a3-71c0-bf76-c5b84d5b09bf,unclassified,active,1,0,0.000023,,1,,pass,1,none,not yet reviewed,D-R11-ADR124-1
01a0f232-81a3-71f1-badb-53a8b93e10e0,unclassified,active,1,0,0.000023,,1,,pass,1,none,not yet reviewed,D-R11-ADR124-1
01a0f5dd-fcfc-7398-b29e-50107b6ad2c2,unclassified,active,1,0,0.000023,,1,,flag_part_viii,1,none,not yet reviewed,D-R11-ADR124-1
01a10025-4a22-7fd9-b3fd-a151afa2eafe,unclassified,active,2,0,0.000046,,1,,pass,1,none,not yet reviewed,D-R11-ADR124-1
01a10025-4a2b-7fed-af6d-fde9d43f5811,unclassified,active,8,0,0.000183,,1,,pass,1,none,not yet reviewed,D-R11-ADR124-1
01a10025-4a2c-7f0f-b417-7c3302844dd3,unclassified,active,2,0,0.000046,,1,,pass,1,none,not yet reviewed,D-R11-ADR124-1
01a10025-4a2d-7bc9-b287-424b3f72b529,unclassified,active,2,0,0.000046,,1,,pass,1,none,not yet reviewed,D-R11-ADR124-1
01a10025-4a2d-7e48-bb81-342841bf05e7,unclassified,active,4,0,0.000092,,1,,pass,1,none,not yet reviewed,D-R11-ADR124-1
01a10025-4a2f-71cb-8b43-68d0f1bf5ffe,unclassified,active,4,0,0.000092,,1,,pass,1,none,not yet reviewed,D-R11-ADR124-1
01a10025-4a2f-737c-afba-2f479bb1329b,unclassified,active,8,0,0.000183,,1,,pass,1,none,not yet reviewed,D-R11-ADR124-1
01a10025-4a2f-7737-ae8b-f9ba22f495e5,unclassified,active,14,0,0.000321,,1,,pass,1,none,not yet reviewed,D-R11-ADR124-1
01a10025-4a2f-79e8-a77f-c902923a580b,unclassified,active,2,0,0.000046,,1,,pass,1,none,not yet reviewed,D-R11-ADR124-1
01a10025-4a2f-7b18-84d3-c08776f53540,unclassified,active,2,0,0.000046,,1,,pass,1,none,not yet reviewed,D-R11-ADR124-1
01a10025-4a30-7676-9091-4ffc0533adab,unclassified,active,2,0,0.000046,,1,,pass,1,none,not yet reviewed,D-R11-ADR124-1
01a10025-4a31-70ad-abdc-ae8c0376248d,unclassified,active,4,0,0.000092,,1,,pass,1,none,not yet reviewed,D-R11-ADR124-1
01a10025-4a31-7223-8759-091b31fa2b61,unclassified,active,2,0,0.000046,,1,,pass,1,none,not yet reviewed,D-R11-ADR124-1
01a10025-4a31-7bd3-bf77-03328cb88371,unclassified,active,2,0,0.000046,,1,,pass,1,none,not yet reviewed,D-R11-ADR124-1
01a10025-4a32-756a-a197-a42882b03bac,unclassified,active,2,0,0.000046,,1,,pass,1,none,not yet reviewed,D-R11-ADR124-1
01a10025-4a32-7818-a210-ee4b80b99af9,unclassified,active,2,0,0.000046,,1,,pass,1,none,not yet reviewed,D-R11-ADR124-1
01a10025-4a33-7663-8bd7-553a3cc49a59,unclassified,active,4,0,0.000092,,1,,pass,1,none,not yet reviewed,D-R11-ADR124-1
01a10025-4a34-7502-92ae-217ddf8c11c6,unclassified,active,2,0,0.000046,,1,,pass,1,none,not yet reviewed,D-R11-ADR124-1
01a10025-4a34-7fce-8d74-e310f05c8138,unclassified,active,2,0,0.000046,,1,,pass,1,none,not yet reviewed,D-R11-ADR124-1
01a10025-4a35-7174-982c-26e857b03192,unclassified,active,2,0,0.000046,,1,,pass,1,none,not yet reviewed,D-R11-ADR124-1
01a10025-4a35-7345-9cfb-e05e862f90bc,unclassified,active,10,0,0.000229,,1,,pass,1,none,not yet reviewed,D-R11-ADR124-1
01a10025-4a35-739c-ba55-d82f97cda042,unclassified,active,2,0,0.000046,,1,,pass,1,none,not yet reviewed,D-R11-ADR124-1
01a10025-4a35-73df-bd43-8a8179a9e388,unclassified,active,2,0,0.000046,,1,,pass,1,none,not yet reviewed,D-R11-ADR124-1
01a10025-4a35-7429-a17a-0b55dc4e1c31,unclassified,active,20,0,0.000458,,1,,pass,1,none,not yet reviewed,D-R11-ADR124-1
01a10025-4a35-7477-88b0-b683d56d3846,unclassified,active,2,0,0.000046,,1,,pass,1,none,not yet reviewed,D-R11-ADR124-1
01a10025-4a35-74c1-b2b6-58844d40959e,unclassified,active,6,0,0.000137,,1,,pass,1,none,not yet reviewed,D-R11-ADR124-1
01a10025-4a35-7501-8735-5fe9686ac3dc,unclassified,active,2,0,0.000046,,1,,pass,1,none,not yet reviewed,D-R11-ADR124-1
01a10025-4a35-753f-acca-34e2232de890,unclassified,active,2,0,0.000046,,1,,pass,1,none,not yet reviewed,D-R11-ADR124-1
01a10025-4a35-7589-afdf-c7667c2f6c2d,unclassified,active,2,0,0.000046,,1,,pass,1,none,not yet reviewed,D-R11-ADR124-1
01a10025-4a35-75c7-aafd-ee33183dcf60,unclassified,active,2,0,0.000046,,1,,pass,1,none,not yet reviewed,D-R11-ADR124-1
01a10025-4a35-7610-b89d-6761badbd628,unclassified,active,2,0,0.000046,,1,,pass,1,none,not yet reviewed,D-R11-ADR124-1
01a10025-4a35-7650-bdc5-cda0f4ebd669,unclassified,active,2,0,0.000046,,1,,pass,1,none,not yet reviewed,D-R11-ADR124-1
01a10025-4a35-768c-959a-679c46c97021,unclassified,active,2,0,0.000046,,1,,pass,1,none,not yet reviewed,D-R11-ADR124-1
01a10025-4a35-76c6-a5a4-233e46da058a,unclassified,active,80,0,0.001832,,1,,pass,1,none,not yet reviewed,D-R11-ADR124-1
01a10025-4a35-7706-9430-521c26e104d5,unclassified,active,2,0,0.000046,,1,,pass,1,none,not yet reviewed,D-R11-ADR124-1
01a10025-4a35-7741-a7cc-44b94058d3be,unclassified,active,2,0,0.000046,,1,,pass,1,none,not yet reviewed,D-R11-ADR124-1
01a10025-4a35-7786-966b-3960de2d2016,unclassified,active,12,0,0.000275,,1,,pass,1,none,not yet reviewed,D-R11-ADR124-1
01a10025-4a35-77ce-8c67-be55199a5c09,unclassified,active,2,0,0.000046,,1,,pass,1,none,not yet reviewed,D-R11-ADR124-1
01a10025-4a35-780a-8560-b525bfe08cdb,unclassified,active,2,0,0.000046,,1,,pass,1,none,not yet reviewed,D-R11-ADR124-1
01a10025-4a35-7847-85ab-3438185dc478,unclassified,active,2,0,0.000046,,1,,pass,1,none,not yet reviewed,D-R11-ADR124-1
01a10025-4a35-7902-a262-b6b070fae4d3,unclassified,active,4,0,0.000092,,1,,pass,1,none,not yet reviewed,D-R11-ADR124-1
01a10025-4a35-7975-b53c-4de76ae0675d,unclassified,active,2,0,0.000046,,1,,pass,1,none,not yet reviewed,D-R11-ADR124-1
01a10025-4a35-79ee-9d8b-ae18e72270c3,unclassified,active,2,0,0.000046,,1,,pass,1,none,not yet reviewed,D-R11-ADR124-1
01a10025-4a35-7a30-bb0b-df3568eb4931,unclassified,active,2,0,0.000046,,1,,pass,1,none,not yet reviewed,D-R11-ADR124-1
01a10025-4a35-7a69-b525-0831ce409c4b,unclassified,active,2,0,0.000046,,1,,pass,1,none,not yet reviewed,D-R11-ADR124-1
01a10025-4a35-7aa6-bfa4-da41b4f7e8e2,unclassified,active,2,0,0.000046,,1,,pass,1,none,not yet reviewed,D-R11-ADR124-1
01a10025-4a35-7ae0-96f7-314c025b4e1e,unclassified,active,2,0,0.000046,,1,,pass,1,none,not yet reviewed,D-R11-ADR124-1
01a10025-4a35-7b1c-9782-3ed65fa57340,unclassified,active,12,0,0.000275,,1,,pass,1,none,not yet reviewed,D-R11-ADR124-1
01a10025-4a35-7b57-a6b0-a58199252869,unclassified,active,2,0,0.000046,,1,,pass,1,none,not yet reviewed,D-R11-ADR124-1
01a10025-4a35-7b95-ae8f-3733adfa8a8e,unclassified,active,2,0,0.000046,,1,,pass,1,none,not yet reviewed,D-R11-ADR124-1
01a10025-4a35-7bd3-9a6e-57d6fa00ef26,unclassified,active,2,0,0.000046,,1,,pass,1,none,not yet reviewed,D-R11-ADR124-1
01a10025-4a35-7c0e-a47a-3bb17b21269d,unclassified,active,2,0,0.000046,,1,,pass,1,none,not yet reviewed,D-R11-ADR124-1
01a10025-4a35-7c4b-a9e1-0d83fb4b37d9,unclassified,active,2,0,0.000046,,1,,pass,1,none,not yet reviewed,D-R11-ADR124-1
01a10025-4a35-7c8a-a56f-ff7aa35ddc4f,unclassified,active,2,0,0.000046,,1,,pass,1,none,not yet reviewed,D-R11-ADR124-1
01a10025-5c73-7c67-952a-07ac4ae024ce,unclassified,active,8,0,0.000183,,1,,pass,1,none,not yet reviewed,D-R11-ADR124-1
01a10025-5c73-7d5e-bd38-00fbc7b9a813,unclassified,active,4,0,0.000092,,1,,pass,1,none,not yet reviewed,D-R11-ADR124-1
01a10025-5c73-7da7-b9de-94cb9f311cb7,unclassified,active,4,0,0.000092,,1,,pass,1,none,not yet reviewed,D-R11-ADR124-1
01a10025-5c73-7de6-9d23-375b5c62c926,unclassified,active,2,0,0.000046,,1,,pass,1,none,not yet reviewed,D-R11-ADR124-1
01a10025-5c73-7e22-8d26-2386e2a28a85,unclassified,active,2,0,0.000046,,1,,pass,1,none,not yet reviewed,D-R11-ADR124-1
01a10025-5c73-7e59-a72b-bd04ae0cf5d8,unclassified,active,8,0,0.000183,,1,,pass,1,none,not yet reviewed,D-R11-ADR124-1
01a10025-5c73-7eba-9436-b32ae1cf4721,unclassified,active,22,0,0.000504,,1,,pass,1,none,not yet reviewed,D-R11-ADR124-1
01a10025-5c73-7efd-ba63-658f14bcaf9a,unclassified,active,2,0,0.000046,,1,,pass,1,none,not yet reviewed,D-R11-ADR124-1
01a10025-5c73-7f3f-b94c-0275842332d5,unclassified,active,12,0,0.000275,,1,,pass,1,none,not yet reviewed,D-R11-ADR124-1
01a10025-5c73-7f80-a2cc-c9095c5137ae,unclassified,active,2,0,0.000046,,1,,pass,1,none,not yet reviewed,D-R11-ADR124-1
01a10025-5c73-7fbe-aff8-10af7bb24a16,unclassified,active,2,0,0.000046,,1,,pass,1,none,not yet reviewed,D-R11-ADR124-1
01a10025-5c73-7ffd-923e-d7cc3e27ccea,unclassified,active,2,0,0.000046,,1,,pass,1,none,not yet reviewed,D-R11-ADR124-1
01a10025-5c74-7035-a8a9-b6db108cbf07,unclassified,active,2,0,0.000046,,1,,pass,1,none,not yet reviewed,D-R11-ADR124-1
01a10025-5c74-706f-826c-f771b350ea24,unclassified,active,2,0,0.000046,,1,,pass,1,none,not yet reviewed,D-R11-ADR124-1
01a10025-5c74-70a6-89c5-32b8f7d70237,unclassified,active,2,0,0.000046,,1,,pass,1,none,not yet reviewed,D-R11-ADR124-1
01a10025-5c74-70f5-a0ab-b4774a0e17c0,unclassified,active,2,0,0.000046,,1,,pass,1,none,not yet reviewed,D-R11-ADR124-1
01a10025-5c74-712f-8656-a7958ff5a78b,unclassified,active,2,0,0.000046,,1,,pass,1,none,not yet reviewed,D-R11-ADR124-1
01a10025-5c74-71c8-96e3-f66b27b42fc8,unclassified,active,2,0,0.000046,,1,,pass,1,none,not yet reviewed,D-R11-ADR124-1
01a10025-5c74-722e-b6c9-e68d5f96f4d6,unclassified,active,2,0,0.000046,,1,,pass,1,none,not yet reviewed,D-R11-ADR124-1
01a10025-5c74-72a5-918e-d7356058ed47,unclassified,active,2,0,0.000046,,1,,pass,1,none,not yet reviewed,D-R11-ADR124-1
01a10025-5c74-72fe-8712-00c0eadc61ad,unclassified,active,2,0,0.000046,,1,,pass,1,none,not yet reviewed,D-R11-ADR124-1
01a10025-5c74-733a-bdc1-db479da8e08d,unclassified,active,4,0,0.000092,,1,,pass,1,none,not yet reviewed,D-R11-ADR124-1
01a10025-5c74-7372-8cc8-6874780aa895,unclassified,active,16,0,0.000366,,1,,pass,1,none,not yet reviewed,D-R11-ADR124-1
01a10025-5c74-73ab-bcb7-f06d0587d578,unclassified,active,2,0,0.000046,,1,,pass,1,none,not yet reviewed,D-R11-ADR124-1
01a10025-5c74-73e4-b25e-efa0f212c48a,unclassified,active,4,0,0.000092,,1,,pass,1,none,not yet reviewed,D-R11-ADR124-1
01a10025-5c74-741c-9120-c0626be299c8,unclassified,active,2,0,0.000046,,1,,pass,1,none,not yet reviewed,D-R11-ADR124-1
01a10025-5c74-7456-acff-923f3617fa08,unclassified,active,6,0,0.000137,,1,,pass,1,none,not yet reviewed,D-R11-ADR124-1
01a10025-5c74-7490-8d02-49bb94829483,unclassified,active,14,0,0.000321,,1,,pass,1,none,not yet reviewed,D-R11-ADR124-1
01a10025-5c74-74c6-8857-c70e6bb11205,unclassified,active,2,0,0.000046,,1,,pass,1,none,not yet reviewed,D-R11-ADR124-1
01a10025-5c74-74f9-98e6-11d49a7b8857,unclassified,active,2,0,0.000046,,1,,pass,1,none,not yet reviewed,D-R11-ADR124-1
01a10025-5c74-7531-9083-fafb762afe2a,unclassified,active,6,0,0.000137,,1,,pass,1,none,not yet reviewed,D-R11-ADR124-1
01a10025-5c74-7565-aabd-808e73c2d36d,unclassified,active,2,0,0.000046,,1,,pass,1,none,not yet reviewed,D-R11-ADR124-1
01a10025-5c74-759e-858f-f7d1a21c3220,unclassified,active,2,0,0.000046,,1,,pass,1,none,not yet reviewed,D-R11-ADR124-1
01a10025-5c74-75d1-ab2e-8a6c1ff4349b,unclassified,active,4,0,0.000092,,1,,pass,1,none,not yet reviewed,D-R11-ADR124-1
01a10025-5c74-7603-83be-8b5ea22eb980,unclassified,active,4,0,0.000092,,1,,pass,1,none,not yet reviewed,D-R11-ADR124-1
01a10025-5c74-7635-8452-d4f7f2d80685,unclassified,active,2,0,0.000046,,1,,pass,1,none,not yet reviewed,D-R11-ADR124-1
01a10025-5c74-7665-a878-deee2a98a859,unclassified,active,2,0,0.000046,,1,,pass,1,none,not yet reviewed,D-R11-ADR124-1
01a10025-5c74-76b7-99b6-c27d5a4e2a4f,unclassified,active,4,0,0.000092,,1,,pass,1,none,not yet reviewed,D-R11-ADR124-1
01a10025-5c74-76eb-a926-b38575c837fb,unclassified,active,8,0,0.000183,,1,,pass,1,none,not yet reviewed,D-R11-ADR124-1
01a10025-5c74-771f-8ac2-8981cd927bf1,unclassified,active,4,0,0.000092,,1,,pass,1,none,not yet reviewed,D-R11-ADR124-1
01a10025-5c74-7752-ae7c-5bfe793a01db,unclassified,active,2,0,0.000046,,1,,pass,1,none,not yet reviewed,D-R11-ADR124-1
01a10025-5c74-778a-9f6b-82e2807f3646,unclassified,active,2,0,0.000046,,1,,pass,1,none,not yet reviewed,D-R11-ADR124-1
01a10025-5c74-7b11-8a83-522d8b50be7b,unclassified,active,8,0,0.000183,,1,,pass,1,none,not yet reviewed,D-R11-ADR124-1
01a10025-5c74-7b58-bd4d-201ca1cb7ea3,unclassified,active,2,0,0.000046,,1,,pass,1,none,not yet reviewed,D-R11-ADR124-1
01a10025-5c74-7c98-b287-752dc97127f8,unclassified,active,10,0,0.000229,,1,,pass,1,none,not yet reviewed,D-R11-ADR124-1
01a10025-5c74-7cd7-b208-4c4cbab09a86,unclassified,active,4,0,0.000092,,1,,pass,1,none,not yet reviewed,D-R11-ADR124-1
01a10025-5c74-7e7d-b733-ce1b5e5945d5,unclassified,active,2,0,0.000046,,1,,pass,1,none,not yet reviewed,D-R11-ADR124-1
01a10025-5c74-7ed4-9d32-216804450560,unclassified,active,6,0,0.000137,,1,,pass,1,none,not yet reviewed,D-R11-ADR124-1
01a10025-6bbf-72dd-9cbc-704287a2e88f,unclassified,active,2,0,0.000046,,1,,pass,1,none,not yet reviewed,D-R11-ADR124-1
01a10025-6bbf-744a-9970-6a69797a2814,unclassified,active,4,0,0.000092,,1,,pass,1,none,not yet reviewed,D-R11-ADR124-1
01a10025-6bbf-749b-a4ac-30eaf8ac7626,unclassified,active,2,0,0.000046,,1,,pass,1,none,not yet reviewed,D-R11-ADR124-1
01a10025-6bbf-7536-a0ed-0376951aa4d9,unclassified,active,2,0,0.000046,,1,,pass,1,none,not yet reviewed,D-R11-ADR124-1
01a10025-6bbf-7579-81e7-3e8ee9ba9a4e,unclassified,active,2,0,0.000046,,1,,pass,1,none,not yet reviewed,D-R11-ADR124-1
01a10025-6bbf-75c4-868a-c33018ff3489,unclassified,active,2,0,0.000046,,1,,pass,1,none,not yet reviewed,D-R11-ADR124-1
01a10025-6bbf-760a-8e55-11a62b5ab82a,unclassified,active,2,0,0.000046,,1,,pass,1,none,not yet reviewed,D-R11-ADR124-1
01a10025-6bbf-7651-ab4e-c60ccac956dc,unclassified,active,2,0,0.000046,,1,,pass,1,none,not yet reviewed,D-R11-ADR124-1
01a10025-6bbf-7696-a8a0-903c8feecbc1,unclassified,active,2,0,0.000046,,1,,pass,1,none,not yet reviewed,D-R11-ADR124-1
01a10025-6bbf-76e3-acc6-12e386c72095,unclassified,active,2,0,0.000046,,1,,pass,1,none,not yet reviewed,D-R11-ADR124-1
01a10025-6bbf-7729-88d8-6d6c80a8f5c7,unclassified,active,2,0,0.000046,,1,,pass,1,none,not yet reviewed,D-R11-ADR124-1
01a10025-6bbf-7772-92d1-5381c3544fe9,unclassified,active,2,0,0.000046,,1,,pass,1,none,not yet reviewed,D-R11-ADR124-1
01a10025-6bbf-77ba-b9c7-a64b6dd9ee33,unclassified,active,4,0,0.000092,,1,,pass,1,none,not yet reviewed,D-R11-ADR124-1
01a10025-6bbf-7800-b3d7-40ff87214ac9,unclassified,active,2,0,0.000046,,1,,pass,1,none,not yet reviewed,D-R11-ADR124-1
01a10025-6bbf-7845-b2a5-65db98d8e062,unclassified,active,2,0,0.000046,,1,,pass,1,none,not yet reviewed,D-R11-ADR124-1
01a10025-6bbf-793f-8113-08eb70961c46,unclassified,active,2,0,0.000046,,1,,pass,1,none,not yet reviewed,D-R11-ADR124-1
01a10025-6bbf-798b-9e5b-e5ff64b70681,unclassified,active,2,0,0.000046,,1,,pass,1,none,not yet reviewed,D-R11-ADR124-1
01a10025-6bbf-79d6-8684-555604a2c43c,unclassified,active,2,0,0.000046,,1,,pass,1,none,not yet reviewed,D-R11-ADR124-1
01a10025-6bbf-7a1c-89bc-bbc2ec66e505,unclassified,active,2,0,0.000046,,1,,pass,1,none,not yet reviewed,D-R11-ADR124-1
01a10025-6bbf-7a65-bc1e-628a5c90589c,unclassified,active,2,0,0.000046,,1,,pass,1,none,not yet reviewed,D-R11-ADR124-1
01a10025-6bbf-7aab-acee-d8370b01bfe3,unclassified,active,2,0,0.000046,,1,,pass,1,none,not yet reviewed,D-R11-ADR124-1
01a10025-6bbf-7af2-bc6d-ed47e6fbae32,unclassified,active,2,0,0.000046,,1,,pass,1,none,not yet reviewed,D-R11-ADR124-1
01a10025-6bbf-7b39-a8bf-081e302e6360,unclassified,active,4,0,0.000092,,1,,pass,1,none,not yet reviewed,D-R11-ADR124-1
01a10025-6bbf-7b80-a11d-58448e63b7f5,unclassified,active,2,0,0.000046,,1,,pass,1,none,not yet reviewed,D-R11-ADR124-1
01a10025-6bbf-7bc6-bf15-e2c90499b873,unclassified,active,2,0,0.000046,,1,,pass,1,none,not yet reviewed,D-R11-ADR124-1
01a10025-6bbf-7c0b-a67d-6b832b77a447,unclassified,active,2,0,0.000046,,1,,pass,1,none,not yet reviewed,D-R11-ADR124-1
01a10025-6bbf-7c50-bf8b-7016404fc774,unclassified,active,2,0,0.000046,,1,,pass,1,none,not yet reviewed,D-R11-ADR124-1
01a10025-6bbf-7c96-b00c-3c0e5a71cebc,unclassified,active,2,0,0.000046,,1,,pass,1,none,not yet reviewed,D-R11-ADR124-1
01a10025-6bbf-7ce8-a931-29e1ebe004ad,unclassified,active,2,0,0.000046,,1,,pass,1,none,not yet reviewed,D-R11-ADR124-1
01a10025-6bbf-7d31-be46-cf5be0382ec6,unclassified,active,6,0,0.000137,,1,,pass,1,none,not yet reviewed,D-R11-ADR124-1
01a10025-6bbf-7d7b-b55c-c484b2d25c23,unclassified,active,2,0,0.000046,,1,,pass,1,none,not yet reviewed,D-R11-ADR124-1
01a10025-6bbf-7dc1-b1ee-63a3613d92f5,unclassified,active,2,0,0.000046,,1,,pass,1,none,not yet reviewed,D-R11-ADR124-1
01a10025-6bbf-7e08-9224-8d4c30152cb0,unclassified,active,2,0,0.000046,,1,,pass,1,none,not yet reviewed,D-R11-ADR124-1
01a10025-6bbf-7e4d-bd01-c00390014aa5,unclassified,active,2,0,0.000046,,1,,pass,1,none,not yet reviewed,D-R11-ADR124-1
01a10025-6bbf-7e93-9870-0b37086818b4,unclassified,active,2,0,0.000046,,1,,pass,1,none,not yet reviewed,D-R11-ADR124-1
01a10025-6bbf-7ed5-9d5d-15363106c4d2,unclassified,active,2,0,0.000046,,1,,pass,1,none,not yet reviewed,D-R11-ADR124-1
01a10025-6bbf-7f12-ae3a-0b345fa8b2ef,unclassified,active,4,0,0.000092,,1,,pass,1,none,not yet reviewed,D-R11-ADR124-1
01a10025-6bbf-7f56-b798-5694f1fc5cbc,unclassified,active,4,0,0.000092,,1,,pass,1,none,not yet reviewed,D-R11-ADR124-1
01a10025-6bbf-7f94-800e-51b9fb935617,unclassified,active,2,0,0.000046,,1,,pass,1,none,not yet reviewed,D-R11-ADR124-1
01a10025-6bbf-7fd1-a0f9-4ca991c37827,unclassified,active,2,0,0.000046,,1,,pass,1,none,not yet reviewed,D-R11-ADR124-1
01a10025-6bc0-700f-a5a5-cc04df8df46d,unclassified,active,2,0,0.000046,,1,,pass,1,none,not yet reviewed,D-R11-ADR124-1
01a10025-6bc0-7050-bba5-404b4e1e27c9,unclassified,active,2,0,0.000046,,1,,pass,1,none,not yet reviewed,D-R11-ADR124-1
01a10025-6bc0-708e-9167-458c5e024565,unclassified,active,2,0,0.000046,,1,,pass,1,none,not yet reviewed,D-R11-ADR124-1
01a10025-6bc0-710b-810c-e7e0939905ee,unclassified,active,2,0,0.000046,,1,,pass,1,none,not yet reviewed,D-R11-ADR124-1
01a10025-6bc0-7144-ae30-4afea2a153ed,unclassified,active,2,0,0.000046,,1,,pass,1,none,not yet reviewed,D-R11-ADR124-1
01a10025-6bc0-717e-8149-7774ac0e6b3f,unclassified,active,2,0,0.000046,,1,,pass,1,none,not yet reviewed,D-R11-ADR124-1
01a10025-6bc0-71be-9ee5-ea4a320cd4d9,unclassified,active,2,0,0.000046,,1,,pass,1,none,not yet reviewed,D-R11-ADR124-1
01a10025-6bc0-720b-8e88-2d3561245a6d,unclassified,active,8,0,0.000183,,1,,pass,1,none,not yet reviewed,D-R11-ADR124-1
01a10025-6bc0-7241-bd47-c19c19436ffd,unclassified,active,2,0,0.000046,,1,,pass,1,none,not yet reviewed,D-R11-ADR124-1
01a10025-6bc0-7288-bbfc-b88534cb7077,unclassified,active,2,0,0.000046,,1,,pass,1,none,not yet reviewed,D-R11-ADR124-1
01a10025-6bc0-72c0-bbff-3088892553df,unclassified,active,2,0,0.000046,,1,,pass,1,none,not yet reviewed,D-R11-ADR124-1
01a10025-6bc0-72fa-8006-c6fc84eb259d,unclassified,active,2,0,0.000046,,1,,pass,1,none,not yet reviewed,D-R11-ADR124-1
01a10025-6bc0-733c-9a4d-9a5d084fc68d,unclassified,active,6,0,0.000137,,1,,pass,1,none,not yet reviewed,D-R11-ADR124-1
01a10025-6bc0-7375-8aa9-0195d29b2662,unclassified,active,2,0,0.000046,,1,,pass,1,none,not yet reviewed,D-R11-ADR124-1
01a10025-6bc0-73ac-9cac-e5b53aab7776,unclassified,active,2,0,0.000046,,1,,pass,1,none,not yet reviewed,D-R11-ADR124-1
01a10025-6bc0-73e4-907c-a05836dbc78b,unclassified,active,2,0,0.000046,,1,,pass,1,none,not yet reviewed,D-R11-ADR124-1
01a10025-6bc0-741c-bb07-790b4b0021cc,unclassified,active,2,0,0.000046,,1,,pass,1,none,not yet reviewed,D-R11-ADR124-1
01a10025-6bc0-7452-8ea5-c00e36e839d0,unclassified,active,2,0,0.000046,,1,,pass,1,none,not yet reviewed,D-R11-ADR124-1
01a10025-6bc0-7493-a5ee-31eb5c43203f,unclassified,active,4,0,0.000092,,1,,pass,1,none,not yet reviewed,D-R11-ADR124-1
01a10025-6bc0-74ea-882d-882396baa27b,unclassified,active,2,0,0.000046,,1,,pass,1,none,not yet reviewed,D-R11-ADR124-1
01a10025-6bc0-7524-9665-f46c625ac3e6,unclassified,active,2,0,0.000046,,1,,pass,1,none,not yet reviewed,D-R11-ADR124-1
01a10025-6bc0-79d5-84f4-95e844d533b5,unclassified,active,8,0,0.000183,,1,,pass,1,none,not yet reviewed,D-R11-ADR124-1
01a10025-6bc0-7a3e-b069-9692e71957fa,unclassified,active,2,0,0.000046,,1,,pass,1,none,not yet reviewed,D-R11-ADR124-1
01a10025-6bc0-7a76-aef9-79af7a7ac3df,unclassified,active,2,0,0.000046,,1,,pass,1,none,not yet reviewed,D-R11-ADR124-1
01a10025-6bc0-7ab2-8cab-ae8c0f733d26,unclassified,active,2,0,0.000046,,1,,pass,1,none,not yet reviewed,D-R11-ADR124-1
01a10025-6bc0-7afc-b60a-3058da44f2b9,unclassified,active,6,0,0.000137,,1,,pass,1,none,not yet reviewed,D-R11-ADR124-1
01a10025-6bc0-7b33-9cb7-e237250ac665,unclassified,active,2,0,0.000046,,1,,pass,1,none,not yet reviewed,D-R11-ADR124-1
01a10025-6bc0-7b77-97fb-5f9c72b184cf,unclassified,active,2,0,0.000046,,1,,pass,1,none,not yet reviewed,D-R11-ADR124-1
01a10025-6bc0-7baf-922f-7ed8bc685ae9,unclassified,active,2,0,0.000046,,1,,pass,1,none,not yet reviewed,D-R11-ADR124-1
01a10025-6bc0-7bf1-9d02-1be7a8b5c7c0,unclassified,active,2,0,0.000046,,1,,pass,1,none,not yet reviewed,D-R11-ADR124-1
01a10025-6bc0-7c30-adb9-519aff89a9d0,unclassified,active,4,0,0.000092,,1,,pass,1,none,not yet reviewed,D-R11-ADR124-1
01a10025-6bc0-7c6e-b954-50b92197249d,unclassified,active,2,0,0.000046,,1,,pass,1,none,not yet reviewed,D-R11-ADR124-1
01a10025-6bc0-7ca3-a5c4-76650e293f84,unclassified,active,2,0,0.000046,,1,,pass,1,none,not yet reviewed,D-R11-ADR124-1
01a10025-8161-73a4-a4dc-1cd02fcbbf0d,unclassified,active,2,0,0.000046,,1,,pass,1,none,not yet reviewed,D-R11-ADR124-1
01a10025-8161-7507-9083-86f921558d88,unclassified,active,4,0,0.000092,,1,,pass,1,none,not yet reviewed,D-R11-ADR124-1
01a10025-8161-7581-8bd0-fe59b39fba5d,unclassified,active,2,0,0.000046,,1,,pass,1,none,not yet reviewed,D-R11-ADR124-1
01a10025-8161-75d2-90dd-2d33a1c99c46,unclassified,active,2,0,0.000046,,1,,pass,1,none,not yet reviewed,D-R11-ADR124-1
01a10025-8161-7662-8176-82397f5d5424,unclassified,active,2,0,0.000046,,1,,pass,1,none,not yet reviewed,D-R11-ADR124-1
01a10025-8161-76b0-9379-ed10ac5b304a,unclassified,active,2,0,0.000046,,1,,pass,1,none,not yet reviewed,D-R11-ADR124-1
01a10025-8161-7c49-8360-dd6b4f1b3406,unclassified,active,2,0,0.000046,,1,,pass,1,none,not yet reviewed,D-R11-ADR124-1
01a10025-8163-742f-b1f1-8fcd5da1f59f,unclassified,active,2,0,0.000046,,1,,pass,1,none,not yet reviewed,D-R11-ADR124-1
01a10025-8164-7c28-b907-59a6dbf5a47a,unclassified,active,4,0,0.000092,,1,,pass,1,none,not yet reviewed,D-R11-ADR124-1
01a10025-8164-7f21-b6b1-acc7c3bd8840,unclassified,active,2,0,0.000046,,1,,pass,1,none,not yet reviewed,D-R11-ADR124-1
01a10025-8cd1-7b41-8d7f-d8b0aaca3ee7,unclassified,active,4,0,0.000092,,1,,pass,1,none,not yet reviewed,D-R11-ADR124-1
01a10025-8cd1-7c87-bf01-df4de8d4899f,unclassified,active,2,0,0.000046,,1,,pass,1,none,not yet reviewed,D-R11-ADR124-1
01a10025-8cd1-7ce3-bf67-6dffa712f2e1,unclassified,active,2,0,0.000046,,1,,pass,1,none,not yet reviewed,D-R11-ADR124-1
01a10025-8cd1-7d31-9fee-a782cada07cf,unclassified,active,2,0,0.000046,,1,,pass,1,none,not yet reviewed,D-R11-ADR124-1
01a10025-8cd1-7d84-9e6d-9169bf660567,unclassified,active,2,0,0.000046,,1,,pass,1,none,not yet reviewed,D-R11-ADR124-1
01a10025-8cd1-7dc6-9381-fd3de478a8ce,unclassified,active,2,0,0.000046,,1,,pass,1,none,not yet reviewed,D-R11-ADR124-1
01a10025-9a45-7ab0-9c4b-d0164f30b03f,unclassified,active,4,0,0.000092,,1,,pass,1,none,not yet reviewed,D-R11-ADR124-1
01a10025-9a45-7be9-ad00-00991d0b40a8,unclassified,active,6,0,0.000137,,1,,pass,1,none,not yet reviewed,D-R11-ADR124-1
01a10025-9a45-7c40-9799-8111acc01dd5,unclassified,active,2,0,0.000046,,1,,pass,1,none,not yet reviewed,D-R11-ADR124-1
01a10025-9a45-7c7e-afde-aec914c31038,unclassified,active,2,0,0.000046,,1,,pass,1,none,not yet reviewed,D-R11-ADR124-1
01a10025-9a45-7cbf-b8d9-3895651fc853,unclassified,active,2,0,0.000046,,1,,pass,1,none,not yet reviewed,D-R11-ADR124-1
01a10025-9a45-7cf5-8eed-6cefbc1375f5,unclassified,active,2,0,0.000046,,1,,pass,1,none,not yet reviewed,D-R11-ADR124-1
01a10025-9a45-7d2f-939c-ab86f6cb49bb,unclassified,active,2,0,0.000046,,1,,pass,1,none,not yet reviewed,D-R11-ADR124-1
01a10025-c27c-7e71-a7a4-e414f1b9529f,unclassified,active,2,0,0.000046,,1,,pass,1,none,not yet reviewed,D-R11-ADR124-1
01a10025-c27c-7f9b-bb12-30cc9152df33,unclassified,active,2,0,0.000046,,1,,pass,1,none,not yet reviewed,D-R11-ADR124-1
01a10025-c27c-7ff1-883b-7b3562ce4145,unclassified,active,4,0,0.000092,,1,,pass,1,none,not yet reviewed,D-R11-ADR124-1
01a10025-c27d-7566-a5fe-26d1cba93826,unclassified,active,2,0,0.000046,,1,,pass,1,none,not yet reviewed,D-R11-ADR124-1
01a10025-c27d-75d7-83e5-6cf482565d48,unclassified,active,2,0,0.000046,,1,,pass,1,none,not yet reviewed,D-R11-ADR124-1
01a10025-c27d-761a-b81a-2e31928b5486,unclassified,active,2,0,0.000046,,1,,pass,1,none,not yet reviewed,D-R11-ADR124-1
01a10025-c27d-7659-a178-b4767ab060a0,unclassified,active,4,0,0.000092,,1,,pass,1,none,not yet reviewed,D-R11-ADR124-1
01a10025-c27d-7695-a4a8-f49478c00435,unclassified,active,2,0,0.000046,,1,,pass,1,none,not yet reviewed,D-R11-ADR124-1
01a10025-c27d-76d7-a4e6-28081dcff14c,unclassified,active,2,0,0.000046,,1,,pass,1,none,not yet reviewed,D-R11-ADR124-1
01a10025-c27d-771d-92b8-df3c9995df79,unclassified,active,2,0,0.000046,,1,,pass,1,none,not yet reviewed,D-R11-ADR124-1
01a10025-c27d-775b-9f21-3f18cd915ef4,unclassified,active,2,0,0.000046,,1,,pass,1,none,not yet reviewed,D-R11-ADR124-1
01a10025-c27d-77a5-a6d3-062a97a7fe46,unclassified,active,2,0,0.000046,,1,,pass,1,none,not yet reviewed,D-R11-ADR124-1
01a10025-c27d-77e0-bc0e-543a70966ad1,unclassified,active,6,0,0.000137,,1,,pass,1,none,not yet reviewed,D-R11-ADR124-1
01a10025-c27d-781f-8f92-e5c01e5e7a75,unclassified,active,4,0,0.000092,,1,,pass,1,none,not yet reviewed,D-R11-ADR124-1
01a10025-c27d-7854-9b88-062639f39847,unclassified,active,2,0,0.000046,,1,,pass,1,none,not yet reviewed,D-R11-ADR124-1
01a10025-c27d-790e-bcfe-408fa245050d,unclassified,active,2,0,0.000046,,1,,pass,1,none,not yet reviewed,D-R11-ADR124-1
01a10025-c27d-7960-a358-866537fbc875,unclassified,active,2,0,0.000046,,1,,pass,1,none,not yet reviewed,D-R11-ADR124-1
01a10025-c27d-79b6-8a98-dcfe44266598,unclassified,active,2,0,0.000046,,1,,pass,1,none,not yet reviewed,D-R11-ADR124-1
01a10025-c27d-7a1c-af23-0ad5ff0bf688,unclassified,active,4,0,0.000092,,1,,pass,1,none,not yet reviewed,D-R11-ADR124-1
01a10025-c27d-7a66-b893-0d91657e8b0b,unclassified,active,4,0,0.000092,,1,,pass,1,none,not yet reviewed,D-R11-ADR124-1
01a10025-c27d-7aaf-95af-adefe784982d,unclassified,active,12,0,0.000275,,1,,pass,1,none,not yet reviewed,D-R11-ADR124-1
01a10025-c27d-7af8-a178-8ee4333f52d6,unclassified,active,8,0,0.000183,,1,,pass,1,none,not yet reviewed,D-R11-ADR124-1
01a10025-c27d-7b31-8985-1d758c3edcf7,unclassified,active,2,0,0.000046,,1,,pass,1,none,not yet reviewed,D-R11-ADR124-1
01a10025-c27d-7b6e-aa3a-eb3ac301f94e,unclassified,active,4,0,0.000092,,1,,pass,1,none,not yet reviewed,D-R11-ADR124-1
01a10025-c27d-7ba2-8c94-c162c35674d2,unclassified,active,2,0,0.000046,,1,,pass,1,none,not yet reviewed,D-R11-ADR124-1
01a10025-c27d-7be2-932f-591bf30debf3,unclassified,active,2,0,0.000046,,1,,pass,1,none,not yet reviewed,D-R11-ADR124-1
01a10025-c27d-7c21-a76c-3a4f2101d6a4,unclassified,active,6,0,0.000137,,1,,pass,1,none,not yet reviewed,D-R11-ADR124-1
01a10025-c27d-7c60-882b-34807c4e11f9,unclassified,active,6,0,0.000137,,1,,pass,1,none,not yet reviewed,D-R11-ADR124-1
01a10025-c27d-7cb2-b57a-40d5438d7677,unclassified,active,6,0,0.000137,,1,,pass,1,none,not yet reviewed,D-R11-ADR124-1
01a10025-c27d-7cfe-8657-a7bc1410b73f,unclassified,active,6,0,0.000137,,1,,pass,1,none,not yet reviewed,D-R11-ADR124-1
01a10025-c27d-7d3e-babe-ded53b3db7da,unclassified,active,4,0,0.000092,,1,,pass,1,none,not yet reviewed,D-R11-ADR124-1
01a10025-c27d-7d7b-95f0-0b8f244c41ed,unclassified,active,4,0,0.000092,,1,,pass,1,none,not yet reviewed,D-R11-ADR124-1
01a10025-c27d-7db6-8595-bb6078868452,unclassified,active,4,0,0.000092,,1,,pass,1,none,not yet reviewed,D-R11-ADR124-1
01a10025-e182-755b-b87d-17bb9f8c6f32,unclassified,active,4,0,0.000092,,1,,pass,1,none,not yet reviewed,D-R11-ADR124-1
01a10025-f35d-7464-bb07-6244645c3ca9,unclassified,active,8,0,0.000183,,1,,pass,1,none,not yet reviewed,D-R11-ADR124-1
01a10025-f35d-76ae-9b2e-3b735e927ef6,unclassified,active,2,0,0.000046,,1,,pass,1,none,not yet reviewed,D-R11-ADR124-1
01a10025-f35d-7770-b1de-0c30adcb38b3,unclassified,active,2,0,0.000046,,1,,pass,1,none,not yet reviewed,D-R11-ADR124-1
01a10025-f35d-77c7-b8a2-c20064802cdd,unclassified,active,6,0,0.000137,,1,,pass,1,none,not yet reviewed,D-R11-ADR124-1
01a10025-f35d-7807-9ee2-fa9081ea2eea,unclassified,active,6,0,0.000137,,1,,pass,1,none,not yet reviewed,D-R11-ADR124-1
01a10025-f35d-7847-81e9-6d61fc016c7a,unclassified,active,2,0,0.000046,,1,,pass,1,none,not yet reviewed,D-R11-ADR124-1
01a10025-f35d-78d6-81ab-39a1c43ebd36,unclassified,active,2,0,0.000046,,1,,pass,1,none,not yet reviewed,D-R11-ADR124-1
01a10025-f35d-7924-94c1-6ff9671a7c13,unclassified,active,8,0,0.000183,,1,,pass,1,none,not yet reviewed,D-R11-ADR124-1
01a10025-f35d-7975-a394-54ad9778edd6,unclassified,active,2,0,0.000046,,1,,pass,1,none,not yet reviewed,D-R11-ADR124-1
01a10026-099e-7a15-a21a-6dea4a2f1dde,unclassified,active,6,0,0.000137,,1,,pass,1,none,not yet reviewed,D-R11-ADR124-1
01a10026-099e-7c24-800e-03795b85e816,unclassified,active,2,0,0.000046,,1,,pass,1,none,not yet reviewed,D-R11-ADR124-1
01a10026-099e-7c98-96f3-cc98451b04fa,unclassified,active,2,0,0.000046,,1,,pass,1,none,not yet reviewed,D-R11-ADR124-1
01a10026-099e-7ce8-9dce-f25e90cae95b,unclassified,active,6,0,0.000137,,1,,pass,1,none,not yet reviewed,D-R11-ADR124-1
01a10026-099e-7d26-b0c3-4902691bf904,unclassified,active,2,0,0.000046,,1,,pass,1,none,not yet reviewed,D-R11-ADR124-1
01a10026-099e-7d65-b02c-18546605414f,unclassified,active,4,0,0.000092,,1,,pass,1,none,not yet reviewed,D-R11-ADR124-1
01a10026-099e-7daa-b055-47ae02e5af5c,unclassified,active,2,0,0.000046,,1,,pass,1,none,not yet reviewed,D-R11-ADR124-1
01a10026-099e-7de8-bb05-94a913b8c341,unclassified,active,2,0,0.000046,,1,,pass,1,none,not yet reviewed,D-R11-ADR124-1
01a10026-099e-7e20-916e-bf7ae14df127,unclassified,active,32,0,0.000733,,1,,pass,1,none,not yet reviewed,D-R11-ADR124-1
01a10026-099e-7e70-bd2c-1d7e16837b6a,unclassified,active,2,0,0.000046,,1,,pass,1,none,not yet reviewed,D-R11-ADR124-1
01a10026-099e-7ec0-91da-3dbbf7313bc9,unclassified,active,2,0,0.000046,,1,,pass,1,none,not yet reviewed,D-R11-ADR124-1
01a10026-099e-7efb-96e8-60a6d86d2969,unclassified,active,2,0,0.000046,,1,,pass,1,none,not yet reviewed,D-R11-ADR124-1
01a10026-099e-7f4f-bde4-3cba65d3cf80,unclassified,active,2,0,0.000046,,1,,pass,1,none,not yet reviewed,D-R11-ADR124-1
01a10026-099f-7400-94ae-334ea9f86e5c,unclassified,active,10,0,0.000229,,1,,pass,1,none,not yet reviewed,D-R11-ADR124-1
01a10026-099f-7488-a34b-0837b0423330,unclassified,active,12,0,0.000275,,1,,pass,1,none,not yet reviewed,D-R11-ADR124-1
01a10026-16fc-782e-9bb8-249d2fa52940,unclassified,active,2,0,0.000046,,1,,pass,1,none,not yet reviewed,D-R11-ADR124-1
01a10026-16fc-7bd2-b9e7-094cd4dec367,unclassified,active,2,0,0.000046,,1,,pass,1,none,not yet reviewed,D-R11-ADR124-1
01a10026-16fc-7c16-a738-2daef9f12bb4,unclassified,active,2,0,0.000046,,1,,pass,1,none,not yet reviewed,D-R11-ADR124-1
01a10026-16fc-7c56-8dc3-d376bd022808,unclassified,active,4,0,0.000092,,1,,pass,1,none,not yet reviewed,D-R11-ADR124-1
01a10026-16fc-7c8a-941c-e6756951ada1,unclassified,active,2,0,0.000046,,1,,pass,1,none,not yet reviewed,D-R11-ADR124-1
01a10026-16fc-7cc0-85be-964284c13ff9,unclassified,active,2,0,0.000046,,1,,pass,1,none,not yet reviewed,D-R11-ADR124-1
01a10026-16fc-7d13-957c-3490284df3f7,unclassified,active,2,0,0.000046,,1,,pass,1,none,not yet reviewed,D-R11-ADR124-1
01a10026-16fc-7d47-a26a-1f036100f51a,unclassified,active,2,0,0.000046,,1,,pass,1,none,not yet reviewed,D-R11-ADR124-1
01a10026-16fc-7d79-b287-6d918f71c09d,unclassified,active,4,0,0.000092,,1,,pass,1,none,not yet reviewed,D-R11-ADR124-1
01a10026-16fc-7db5-8483-f1e6c75fc4d4,unclassified,active,4,0,0.000092,,1,,pass,1,none,not yet reviewed,D-R11-ADR124-1
01a10026-16fc-7dee-bd4f-fa090353a762,unclassified,active,2,0,0.000046,,1,,pass,1,none,not yet reviewed,D-R11-ADR124-1
01a10026-16fc-7e7e-b3ed-28111275b88f,unclassified,active,2,0,0.000046,,1,,pass,1,none,not yet reviewed,D-R11-ADR124-1
01a10026-16fc-7eb3-bed9-43b6ddfe5bac,unclassified,active,4,0,0.000092,,1,,pass,1,none,not yet reviewed,D-R11-ADR124-1
01a10026-16fc-7eee-aa05-154587a6289a,unclassified,active,2,0,0.000046,,1,,pass,1,none,not yet reviewed,D-R11-ADR124-1
01a10026-16fc-7f2a-a408-199d0b51c236,unclassified,active,2,0,0.000046,,1,,pass,1,none,not yet reviewed,D-R11-ADR124-1
01a10026-16fc-7f70-a34a-9ee0e249e8bc,unclassified,active,2,0,0.000046,,1,,pass,1,none,not yet reviewed,D-R11-ADR124-1
01a10026-16fc-7fac-a9e2-b6b92452248f,unclassified,active,2,0,0.000046,,1,,pass,1,none,not yet reviewed,D-R11-ADR124-1
01a10026-16fc-7fdb-8b68-def1dbea7d70,unclassified,active,2,0,0.000046,,1,,pass,1,none,not yet reviewed,D-R11-ADR124-1
01a10026-16fd-702d-b85e-cdb156762f2e,unclassified,active,2,0,0.000046,,1,,pass,1,none,not yet reviewed,D-R11-ADR124-1
01a10026-16fd-7061-bef1-c2cac7f508d7,unclassified,active,2,0,0.000046,,1,,pass,1,none,not yet reviewed,D-R11-ADR124-1
01a10026-16fd-709d-a7b0-cd428ed36231,unclassified,active,2,0,0.000046,,1,,pass,1,none,not yet reviewed,D-R11-ADR124-1
01a10026-16fd-70cf-bdb9-1dc8d6359ffd,unclassified,active,2,0,0.000046,,1,,pass,1,none,not yet reviewed,D-R11-ADR124-1
01a10026-16fd-7101-9d4c-d08d994110aa,unclassified,active,2,0,0.000046,,1,,pass,1,none,not yet reviewed,D-R11-ADR124-1
01a10026-16fd-7130-8ae0-05a8c1f94897,unclassified,active,2,0,0.000046,,1,,pass,1,none,not yet reviewed,D-R11-ADR124-1
01a10026-16fd-715c-9693-9146fe733815,unclassified,active,2,0,0.000046,,1,,pass,1,none,not yet reviewed,D-R11-ADR124-1
01a10026-16fd-719d-8bd0-9f2a55f9fb4c,unclassified,active,4,0,0.000092,,1,,pass,1,none,not yet reviewed,D-R11-ADR124-1
01a10026-16fd-71ce-b381-6462dcef25e9,unclassified,active,2,0,0.000046,,1,,pass,1,none,not yet reviewed,D-R11-ADR124-1
01a10026-16fd-7203-a617-8fafba6d3f7f,unclassified,active,8,0,0.000183,,1,,pass,1,none,not yet reviewed,D-R11-ADR124-1
01a10026-16fd-7235-89fa-d2cdfa35e61b,unclassified,active,2,0,0.000046,,1,,pass,1,none,not yet reviewed,D-R11-ADR124-1
01a10026-16fd-7267-a57a-f6ec7d8dff25,unclassified,active,2,0,0.000046,,1,,pass,1,none,not yet reviewed,D-R11-ADR124-1
01a10026-16fd-7295-aa55-0c550224b514,unclassified,active,2,0,0.000046,,1,,pass,1,none,not yet reviewed,D-R11-ADR124-1
01a10026-16fd-72d2-8762-24d1ad28288c,unclassified,active,2,0,0.000046,,1,,pass,1,none,not yet reviewed,D-R11-ADR124-1
01a10026-16fd-7310-9083-27f06b856939,unclassified,active,2,0,0.000046,,1,,pass,1,none,not yet reviewed,D-R11-ADR124-1
01a10026-16fd-7346-811a-ebcd2a7f8e9f,unclassified,active,4,0,0.000092,,1,,pass,1,none,not yet reviewed,D-R11-ADR124-1
01a10026-16fd-737f-bd80-d79ff629aa3f,unclassified,active,2,0,0.000046,,1,,pass,1,none,not yet reviewed,D-R11-ADR124-1
01a10026-16fd-73b6-81ce-430c96809940,unclassified,active,2,0,0.000046,,1,,pass,1,none,not yet reviewed,D-R11-ADR124-1
01a10026-16fd-73ee-927a-ec1ef94aeecb,unclassified,active,2,0,0.000046,,1,,pass,1,none,not yet reviewed,D-R11-ADR124-1
01a10026-16fd-7420-8d46-1f5ff8a5ea75,unclassified,active,2,0,0.000046,,1,,pass,1,none,not yet reviewed,D-R11-ADR124-1
01a10026-16fd-7456-8416-a168bf6dee59,unclassified,active,4,0,0.000092,,1,,pass,1,none,not yet reviewed,D-R11-ADR124-1
01a10026-16fd-748e-b0ef-865ea1b427ec,unclassified,active,4,0,0.000092,,1,,pass,1,none,not yet reviewed,D-R11-ADR124-1
01a10026-16fd-74bc-9a84-c047c3aac17c,unclassified,active,2,0,0.000046,,1,,pass,1,none,not yet reviewed,D-R11-ADR124-1
01a10026-16fd-74f9-b0e1-0ad85bd01804,unclassified,active,2,0,0.000046,,1,,pass,1,none,not yet reviewed,D-R11-ADR124-1
01a10026-16fd-752f-bd0d-62322229d0a6,unclassified,active,18,0,0.000412,,1,,pass,1,none,not yet reviewed,D-R11-ADR124-1
01a10026-16fd-756b-9a4d-7e08ca41c66d,unclassified,active,2,0,0.000046,,1,,pass,1,none,not yet reviewed,D-R11-ADR124-1
01a10026-16fd-75b0-b0e2-cab666149827,unclassified,active,2,0,0.000046,,1,,pass,1,none,not yet reviewed,D-R11-ADR124-1
01a10026-16fd-75e1-8775-38b92dddd3eb,unclassified,active,6,0,0.000137,,1,,pass,1,none,not yet reviewed,D-R11-ADR124-1
01a10026-16fd-7654-a34a-902dfe4b1b0b,unclassified,active,2,0,0.000046,,1,,pass,1,none,not yet reviewed,D-R11-ADR124-1
01a10026-16fd-768e-a2f1-67004cbf9aef,unclassified,active,2,0,0.000046,,1,,pass,1,none,not yet reviewed,D-R11-ADR124-1
01a10026-16fd-76c0-ab0f-db7699c6b94d,unclassified,active,2,0,0.000046,,1,,pass,1,none,not yet reviewed,D-R11-ADR124-1
01a10026-16fd-76f3-bfd1-3c2d1997d439,unclassified,active,2,0,0.000046,,1,,pass,1,none,not yet reviewed,D-R11-ADR124-1
01a10026-16fd-79a3-b45e-d5d50804047c,unclassified,active,2,0,0.000046,,1,,pass,1,none,not yet reviewed,D-R11-ADR124-1
01a10026-16fd-7a1a-b064-097c830895b7,unclassified,active,6,0,0.000137,,1,,pass,1,none,not yet reviewed,D-R11-ADR124-1
01a10026-16fd-7a5d-a894-65bfe9484db9,unclassified,active,2,0,0.000046,,1,,pass,1,none,not yet reviewed,D-R11-ADR124-1
01a10026-16fd-7a96-960f-0bc7263bf7dc,unclassified,active,4,0,0.000092,,1,,pass,1,none,not yet reviewed,D-R11-ADR124-1
01a10026-16fd-7ae9-afc1-39bc1c6b7dc5,unclassified,active,2,0,0.000046,,1,,pass,1,none,not yet reviewed,D-R11-ADR124-1
01a10026-16fd-7b36-989b-82c9d70efbd9,unclassified,active,2,0,0.000046,,1,,pass,1,none,not yet reviewed,D-R11-ADR124-1
01a10026-16fd-7b71-ac9e-50a8f55df6ff,unclassified,active,2,0,0.000046,,1,,pass,1,none,not yet reviewed,D-R11-ADR124-1
01a10026-16fd-7bab-a3ae-f66280c27e3a,unclassified,active,6,0,0.000137,,1,,pass,1,none,not yet reviewed,D-R11-ADR124-1
01a10026-16fd-7bde-804a-b6a7b53e1c0a,unclassified,active,2,0,0.000046,,1,,pass,1,none,not yet reviewed,D-R11-ADR124-1
01a10026-16fd-7c10-a9f4-e13383011acf,unclassified,active,2,0,0.000046,,1,,pass,1,none,not yet reviewed,D-R11-ADR124-1
01a10026-16fd-7c43-a74e-9a5137a5a066,unclassified,active,2,0,0.000046,,1,,pass,1,none,not yet reviewed,D-R11-ADR124-1
01a10026-16fd-7c77-aefa-22e4e11f8479,unclassified,active,8,0,0.000183,,1,,pass,1,none,not yet reviewed,D-R11-ADR124-1
01a10026-16fd-7ca8-97f6-ffaf6549e609,unclassified,active,2,0,0.000046,,1,,pass,1,none,not yet reviewed,D-R11-ADR124-1
01a10026-16fd-7ce1-a51d-39c6522d332f,unclassified,active,4,0,0.000092,,1,,pass,1,none,not yet reviewed,D-R11-ADR124-1
01a10026-16fd-7d02-9a92-0feba4940a3b,unclassified,active,2,0,0.000046,,1,,pass,1,none,not yet reviewed,D-R11-ADR124-1
01a10026-2b80-72c7-853c-d3e226b1f870,unclassified,active,2,0,0.000046,,1,,pass,1,none,not yet reviewed,D-R11-ADR124-1
01a10026-2b80-73cc-a103-e598805848b1,unclassified,active,4,0,0.000092,,1,,pass,1,none,not yet reviewed,D-R11-ADR124-1
01a10026-2b80-7411-aa87-f6f6fef5db14,unclassified,active,2,0,0.000046,,1,,pass,1,none,not yet reviewed,D-R11-ADR124-1
01a10026-2b80-744c-b784-b3d18b7180e8,unclassified,active,2,0,0.000046,,1,,pass,1,none,not yet reviewed,D-R11-ADR124-1
01a10026-2b80-7486-b7b2-4b219ddda71c,unclassified,active,4,0,0.000092,,1,,pass,1,none,not yet reviewed,D-R11-ADR124-1
01a10026-2b80-74be-967e-ccb12fa09e53,unclassified,active,2,0,0.000046,,1,,pass,1,none,not yet reviewed,D-R11-ADR124-1
01a10026-2b80-74f1-9a3d-ef732e70d2b4,unclassified,active,4,0,0.000092,,1,,pass,1,none,not yet reviewed,D-R11-ADR124-1
01a10026-2b80-752a-9690-1ba4801ac3b8,unclassified,active,2,0,0.000046,,1,,pass,1,none,not yet reviewed,D-R11-ADR124-1
01a10026-2b80-7563-9747-0c099ad7711d,unclassified,active,2,0,0.000046,,1,,pass,1,none,not yet reviewed,D-R11-ADR124-1
01a10026-2b80-7593-9b81-da68e4cd81c9,unclassified,active,6,0,0.000137,,1,,pass,1,none,not yet reviewed,D-R11-ADR124-1
01a10026-2b80-75cc-a2ed-0c53ff8cbf2c,unclassified,active,2,0,0.000046,,1,,pass,1,none,not yet reviewed,D-R11-ADR124-1
01a10026-2b80-7607-ac2e-8f843026ea91,unclassified,active,2,0,0.000046,,1,,pass,1,none,not yet reviewed,D-R11-ADR124-1
01a10026-2b80-7642-a48c-986addd52aac,unclassified,active,2,0,0.000046,,1,,pass,1,none,not yet reviewed,D-R11-ADR124-1
01a10026-2b80-798a-a20e-bc23a445bb7e,unclassified,active,2,0,0.000046,,1,,pass,1,none,not yet reviewed,D-R11-ADR124-1
01a10026-2b80-79d6-9e5f-10fc08a24d19,unclassified,active,2,0,0.000046,,1,,pass,1,none,not yet reviewed,D-R11-ADR124-1
01a10026-2b80-7a10-9ead-0dfe459ea902,unclassified,active,6,0,0.000137,,1,,pass,1,none,not yet reviewed,D-R11-ADR124-1
01a10026-2b80-7a59-bfbe-86cc8b396ff5,unclassified,active,12,0,0.000275,,1,,pass,1,none,not yet reviewed,D-R11-ADR124-1
01a10026-2b80-7aa0-809c-2e4115725620,unclassified,active,2,0,0.000046,,1,,pass,1,none,not yet reviewed,D-R11-ADR124-1
01a10026-2b80-7afe-a408-d52e4f68bc72,unclassified,active,2,0,0.000046,,1,,pass,1,none,not yet reviewed,D-R11-ADR124-1
01a10026-2b80-7b41-9825-e2bbeafa481f,unclassified,active,8,0,0.000183,,1,,pass,1,none,not yet reviewed,D-R11-ADR124-1
01a10026-2b80-7b83-8b89-63d8421525b1,unclassified,active,2,0,0.000046,,1,,pass,1,none,not yet reviewed,D-R11-ADR124-1
01a10026-2b80-7bc0-afa9-f46a45548f66,unclassified,active,10,0,0.000229,,1,,pass,1,none,not yet reviewed,D-R11-ADR124-1
01a10026-2b80-7bfe-a1d8-319aee4db674,unclassified,active,2,0,0.000046,,1,,pass,1,none,not yet reviewed,D-R11-ADR124-1
01a10026-2b80-7c37-ab8d-c6e8c7e8085f,unclassified,active,2,0,0.000046,,1,,pass,1,none,not yet reviewed,D-R11-ADR124-1
01a10026-2b80-7c75-9f07-ab73678a52a1,unclassified,active,2,0,0.000046,,1,,pass,1,none,not yet reviewed,D-R11-ADR124-1
01a10026-3aef-7e89-8767-b9078ce5ed42,unclassified,active,2,0,0.000046,,1,,pass,1,none,not yet reviewed,D-R11-ADR124-1
01a10026-3aef-7eef-9fc4-ae4944fb9173,unclassified,active,2,0,0.000046,,1,,pass,1,none,not yet reviewed,D-R11-ADR124-1
01a10026-3aef-7f3d-bd48-d0d099375dee,unclassified,active,2,0,0.000046,,1,,pass,1,none,not yet reviewed,D-R11-ADR124-1
01a10026-3aef-7f8a-a6b3-21c94812565c,unclassified,active,2,0,0.000046,,1,,pass,1,none,not yet reviewed,D-R11-ADR124-1
01a10026-3aef-7fd6-ab12-aed471ae1494,unclassified,active,2,0,0.000046,,1,,pass,1,none,not yet reviewed,D-R11-ADR124-1
01a10026-3af0-701b-bcb5-64f53e6b378f,unclassified,active,2,0,0.000046,,1,,pass,1,none,not yet reviewed,D-R11-ADR124-1
01a10026-3af0-7059-b7d7-8407c6199481,unclassified,active,2,0,0.000046,,1,,pass,1,none,not yet reviewed,D-R11-ADR124-1
01a10026-3af0-70ea-af2b-1cc6e900b79e,unclassified,active,2,0,0.000046,,1,,pass,1,none,not yet reviewed,D-R11-ADR124-1
01a10026-3af0-7131-9f44-81cf5e8fabc1,unclassified,active,2,0,0.000046,,1,,pass,1,none,not yet reviewed,D-R11-ADR124-1
01a10026-3af0-7173-a165-85175304a9e6,unclassified,active,2,0,0.000046,,1,,pass,1,none,not yet reviewed,D-R11-ADR124-1
01a10026-3af0-71c0-a0d1-a775123f35ed,unclassified,active,6,0,0.000137,,1,,pass,1,none,not yet reviewed,D-R11-ADR124-1
01a10026-3af0-7202-83cf-ed88d436128c,unclassified,active,4,0,0.000092,,1,,pass,1,none,not yet reviewed,D-R11-ADR124-1
01a10026-3af0-725d-bf42-e4c134d458b3,unclassified,active,2,0,0.000046,,1,,pass,1,none,not yet reviewed,D-R11-ADR124-1
01a10026-3af0-729d-98c0-227a37981572,unclassified,active,4,0,0.000092,,1,,pass,1,none,not yet reviewed,D-R11-ADR124-1
01a10026-3af0-7301-ad04-513b99be6fdf,unclassified,active,2,0,0.000046,,1,,pass,1,none,not yet reviewed,D-R11-ADR124-1
01a10026-3af0-734c-824b-dc45f100cf21,unclassified,active,2,0,0.000046,,1,,pass,1,none,not yet reviewed,D-R11-ADR124-1
01a10026-3af0-739e-aa3b-dfe78d6f4710,unclassified,active,2,0,0.000046,,1,,pass,1,none,not yet reviewed,D-R11-ADR124-1
01a10026-3af0-73ef-9502-fb73fad2d167,unclassified,active,2,0,0.000046,,1,,pass,1,none,not yet reviewed,D-R11-ADR124-1
01a10026-3af0-743b-8f19-b5dfaa6b2dac,unclassified,active,2,0,0.000046,,1,,pass,1,none,not yet reviewed,D-R11-ADR124-1
01a10026-3af0-7484-923d-779a585da6c3,unclassified,active,2,0,0.000046,,1,,pass,1,none,not yet reviewed,D-R11-ADR124-1
01a10026-3af0-74d4-9e06-e6111a4c43ef,unclassified,active,2,0,0.000046,,1,,pass,1,none,not yet reviewed,D-R11-ADR124-1
01a10026-5bb7-707e-851f-6105dcd661c7,unclassified,active,2,0,0.000046,,1,,pass,1,none,not yet reviewed,D-R11-ADR124-1
01a10026-5bb7-721d-bab2-96d79c4dfbe0,unclassified,active,2,0,0.000046,,1,,pass,1,none,not yet reviewed,D-R11-ADR124-1
01a10026-6cca-763f-a383-92cfc3d1e3fa,unclassified,active,2,0,0.000046,,1,,pass,1,none,not yet reviewed,D-R11-ADR124-1
01a10026-6cca-77ae-b9f3-1130d7158145,unclassified,active,2,0,0.000046,,1,,pass,1,none,not yet reviewed,D-R11-ADR124-1
01a10026-6cca-77f8-9b4d-a0399a9c38ad,unclassified,active,4,0,0.000092,,1,,pass,1,none,not yet reviewed,D-R11-ADR124-1
01a10026-6cca-783a-a36e-4bebb0d73e1b,unclassified,active,2,0,0.000046,,1,,pass,1,none,not yet reviewed,D-R11-ADR124-1
01a10026-6cca-793c-913a-08cde20c4bfe,unclassified,active,4,0,0.000092,,1,,pass,1,none,not yet reviewed,D-R11-ADR124-1
01a10026-7f3f-75c0-9608-d6f6cd1f5e56,unclassified,active,2,0,0.000046,,1,,pass,1,none,not yet reviewed,D-R11-ADR124-1
01a10026-937d-77af-9751-b69a515e92cc,unclassified,active,2,0,0.000046,,1,,pass,1,none,not yet reviewed,D-R11-ADR124-1
01a10026-937d-7a63-a4fc-4133273b1baf,unclassified,active,2,0,0.000046,,1,,pass,1,none,not yet reviewed,D-R11-ADR124-1
01a10026-937d-7acf-98c9-4498b1de5502,unclassified,active,2,0,0.000046,,1,,pass,1,none,not yet reviewed,D-R11-ADR124-1
01a10026-937d-7b1d-b20c-3ad5373c5d61,unclassified,active,2,0,0.000046,,1,,pass,1,none,not yet reviewed,D-R11-ADR124-1
01a10026-937d-7b67-8145-c1048d33fefb,unclassified,active,2,0,0.000046,,1,,pass,1,none,not yet reviewed,D-R11-ADR124-1
01a10026-937d-7bae-926a-d1c7fc3f14e1,unclassified,active,2,0,0.000046,,1,,pass,1,none,not yet reviewed,D-R11-ADR124-1
01a10026-937d-7bf6-9fd8-1fcae2aea21c,unclassified,active,2,0,0.000046,,1,,pass,1,none,not yet reviewed,D-R11-ADR124-1
01a10026-937d-7c57-9544-958f6d37a145,unclassified,active,2,0,0.000046,,1,,pass,1,none,not yet reviewed,D-R11-ADR124-1
01a10026-937d-7ca9-a7cf-34acdeaf9585,unclassified,active,2,0,0.000046,,1,,pass,1,none,not yet reviewed,D-R11-ADR124-1
01a10026-937d-7d07-8dcc-ec9a2250a11b,unclassified,active,2,0,0.000046,,1,,pass,1,none,not yet reviewed,D-R11-ADR124-1
01a10026-937d-7d56-90da-d77f1e2ad877,unclassified,active,2,0,0.000046,,1,,pass,1,none,not yet reviewed,D-R11-ADR124-1
01a10026-937d-7da6-8951-02af15ef99f9,unclassified,active,2,0,0.000046,,1,,pass,1,none,not yet reviewed,D-R11-ADR124-1
01a10026-937d-7df4-9cd1-1401de63c480,unclassified,active,2,0,0.000046,,1,,pass,1,none,not yet reviewed,D-R11-ADR124-1
01a10026-937d-7e3f-b886-99a1df195c8b,unclassified,active,2,0,0.000046,,1,,pass,1,none,not yet reviewed,D-R11-ADR124-1
01a10026-937d-7ea1-9744-6edc243530f1,unclassified,active,2,0,0.000046,,1,,pass,1,none,not yet reviewed,D-R11-ADR124-1
01a10026-937d-7ee7-ac66-4cee98f427f0,unclassified,active,2,0,0.000046,,1,,pass,1,none,not yet reviewed,D-R11-ADR124-1
01a10026-937d-7f34-9a95-6c3fd209d922,unclassified,active,2,0,0.000046,,1,,pass,1,none,not yet reviewed,D-R11-ADR124-1
01a10026-937d-7f84-95e4-0d243f73dbb9,unclassified,active,2,0,0.000046,,1,,pass,1,none,not yet reviewed,D-R11-ADR124-1
01a10026-937d-7fcc-8fb2-3e590a31a72f,unclassified,active,2,0,0.000046,,1,,pass,1,none,not yet reviewed,D-R11-ADR124-1
01a10026-937e-7023-9327-cee33c652094,unclassified,active,4,0,0.000092,,1,,pass,1,none,not yet reviewed,D-R11-ADR124-1
01a10026-937e-7068-a43c-f353e9f2161a,unclassified,active,2,0,0.000046,,1,,pass,1,none,not yet reviewed,D-R11-ADR124-1
01a10026-937e-70b5-9dd6-238c92644060,unclassified,active,2,0,0.000046,,1,,pass,1,none,not yet reviewed,D-R11-ADR124-1
01a10026-937e-7106-a6f0-fdba01a0855a,unclassified,active,2,0,0.000046,,1,,pass,1,none,not yet reviewed,D-R11-ADR124-1
01a10026-937e-714f-b54f-f24112bc313d,unclassified,active,2,0,0.000046,,1,,pass,1,none,not yet reviewed,D-R11-ADR124-1
01a10026-937e-71a4-a0dc-22f470cdd154,unclassified,active,2,0,0.000046,,1,,pass,1,none,not yet reviewed,D-R11-ADR124-1
01a10026-937e-71fa-94f8-5e0efb240e79,unclassified,active,2,0,0.000046,,1,,pass,1,none,not yet reviewed,D-R11-ADR124-1
01a10026-937e-7254-b1d3-b48b7c9e0cfe,unclassified,active,2,0,0.000046,,1,,pass,1,none,not yet reviewed,D-R11-ADR124-1
01a10026-937e-729b-8bb4-b1e161f07b93,unclassified,active,2,0,0.000046,,1,,pass,1,none,not yet reviewed,D-R11-ADR124-1
01a10026-937e-72e1-876a-93eb20f40e05,unclassified,active,2,0,0.000046,,1,,pass,1,none,not yet reviewed,D-R11-ADR124-1
01a10026-937e-732f-b294-74458d726a47,unclassified,active,6,0,0.000137,,1,,pass,1,none,not yet reviewed,D-R11-ADR124-1
01a10026-937e-737b-bc4e-7b18fb1b004c,unclassified,active,2,0,0.000046,,1,,pass,1,none,not yet reviewed,D-R11-ADR124-1
01a10026-937e-73ae-87ce-c1a4c2d4cbc4,unclassified,active,2,0,0.000046,,1,,pass,1,none,not yet reviewed,D-R11-ADR124-1
01a10026-a0e1-7224-bbc2-871ce6c8e24b,unclassified,active,2,0,0.000046,,1,,pass,1,none,not yet reviewed,D-R11-ADR124-1
01a10026-a0e1-793b-bc28-c504abbce176,unclassified,active,2,0,0.000046,,1,,pass,1,none,not yet reviewed,D-R11-ADR124-1
01a10026-a0e1-79d2-9ea1-8f68f456ddd8,unclassified,active,2,0,0.000046,,1,,pass,1,none,not yet reviewed,D-R11-ADR124-1
01a10026-a0e1-7a1a-837a-1380bd67d60d,unclassified,active,6,0,0.000137,,1,,pass,1,none,not yet reviewed,D-R11-ADR124-1
01a10026-a0e1-7a78-8337-9b5e383cd990,unclassified,active,2,0,0.000046,,1,,pass,1,none,not yet reviewed,D-R11-ADR124-1
01a10026-a0e1-7ac2-a78d-db5ab2c20cec,unclassified,active,2,0,0.000046,,1,,pass,1,none,not yet reviewed,D-R11-ADR124-1
01a10026-a0e1-7b05-84db-5dd978ed59ed,unclassified,active,2,0,0.000046,,1,,pass,1,none,not yet reviewed,D-R11-ADR124-1
01a10026-a0e1-7b4f-9f72-6f4f1759c97a,unclassified,active,2,0,0.000046,,1,,pass,1,none,not yet reviewed,D-R11-ADR124-1
01a10026-a0e1-7b8c-af11-d7ae741c998a,unclassified,active,2,0,0.000046,,1,,pass,1,none,not yet reviewed,D-R11-ADR124-1
01a10026-a0e1-7bc4-b819-54ae8db82842,unclassified,active,2,0,0.000046,,1,,pass,1,none,not yet reviewed,D-R11-ADR124-1
01a10026-a0e1-7c0f-8593-1c9fb55acf69,unclassified,active,2,0,0.000046,,1,,pass,1,none,not yet reviewed,D-R11-ADR124-1
01a10026-a0e1-7c4c-a4a2-bea87e14cb39,unclassified,active,2,0,0.000046,,1,,pass,1,none,not yet reviewed,D-R11-ADR124-1
01a10026-a0e1-7c8a-af18-72c8ec66c078,unclassified,active,2,0,0.000046,,1,,pass,1,none,not yet reviewed,D-R11-ADR124-1
01a10026-a0e1-7cc6-ae1f-400b108186b6,unclassified,active,2,0,0.000046,,1,,pass,1,none,not yet reviewed,D-R11-ADR124-1
01a10026-a0e1-7cfa-91f8-33cb3edfd75e,unclassified,active,2,0,0.000046,,1,,pass,1,none,not yet reviewed,D-R11-ADR124-1
01a10026-a0e1-7d35-9ddf-341283dc15c8,unclassified,active,6,0,0.000137,,1,,pass,1,none,not yet reviewed,D-R11-ADR124-1
01a10026-a0e1-7d6f-87ae-bb74ad5b5ca6,unclassified,active,2,0,0.000046,,1,,pass,1,none,not yet reviewed,D-R11-ADR124-1
01a10026-a0e1-7dbb-8318-df478d6f8690,unclassified,active,2,0,0.000046,,1,,pass,1,none,not yet reviewed,D-R11-ADR124-1
01a10026-a0e1-7e01-b316-7bf9b5687d09,unclassified,active,2,0,0.000046,,1,,pass,1,none,not yet reviewed,D-R11-ADR124-1
01a10026-a0e1-7e44-aae2-106b28a1c3e0,unclassified,active,2,0,0.000046,,1,,pass,1,none,not yet reviewed,D-R11-ADR124-1
01a10026-a0e1-7e83-8226-74834fe60ff3,unclassified,active,2,0,0.000046,,1,,pass,1,none,not yet reviewed,D-R11-ADR124-1
01a10026-afaa-7ea8-a4d1-9983ca2cc18a,unclassified,active,2,0,0.000046,,1,,pass,1,none,not yet reviewed,D-R11-ADR124-1
01a10026-afab-7042-80b7-dbdcf69504ce,unclassified,active,2,0,0.000046,,1,,pass,1,none,not yet reviewed,D-R11-ADR124-1
01a10026-d8b9-7c99-8f79-0075ae3d7a82,unclassified,active,4,0,0.000092,,1,,pass,1,none,not yet reviewed,D-R11-ADR124-1
01a10026-e915-70ca-bde8-848ad0324a61,unclassified,active,2,0,0.000046,,1,,pass,1,none,not yet reviewed,D-R11-ADR124-1
01a10026-e915-7231-8723-58db1fd1c39b,unclassified,active,4,0,0.000092,,1,,pass,1,none,not yet reviewed,D-R11-ADR124-1
01a10026-fa9b-7834-b35c-ccad45f504fc,unclassified,active,2,0,0.000046,,1,,pass,1,none,not yet reviewed,D-R11-ADR124-1
01a10026-fa9b-79af-a109-668c48346e64,unclassified,active,6,0,0.000137,,1,,pass,1,none,not yet reviewed,D-R11-ADR124-1
01a10026-fa9b-7a50-9b40-4d19d75cf912,unclassified,active,2,0,0.000046,,1,,pass,1,none,not yet reviewed,D-R11-ADR124-1
01a10026-fa9b-7aa9-8469-eb91c4b10a1e,unclassified,active,2,0,0.000046,,1,,pass,1,none,not yet reviewed,D-R11-ADR124-1
01a10026-fa9b-7aea-8b41-3761aa23c944,unclassified,active,4,0,0.000092,,1,,pass,1,none,not yet reviewed,D-R11-ADR124-1
01a10026-fa9b-7b22-ab22-5064f1adf1de,unclassified,active,2,0,0.000046,,1,,pass,1,none,not yet reviewed,D-R11-ADR124-1
01a10026-fa9b-7b6b-be8c-f57f704bc5d7,unclassified,active,2,0,0.000046,,1,,pass,1,none,not yet reviewed,D-R11-ADR124-1
01a10026-fa9b-7c0b-886d-879b382b9276,unclassified,active,4,0,0.000092,,1,,pass,1,none,not yet reviewed,D-R11-ADR124-1
01a10026-fa9b-7c61-8730-0f4cbe43a765,unclassified,active,2,0,0.000046,,1,,pass,1,none,not yet reviewed,D-R11-ADR124-1
01a10026-fa9b-7c9c-866f-25b2a81c4b0a,unclassified,active,2,0,0.000046,,1,,pass,1,none,not yet reviewed,D-R11-ADR124-1
01a10026-fa9b-7cd5-86ea-bc86b1fc93f1,unclassified,active,2,0,0.000046,,1,,pass,1,none,not yet reviewed,D-R11-ADR124-1
01a10026-fa9b-7d14-8ea3-17e8672d068a,unclassified,active,2,0,0.000046,,1,,pass,1,none,not yet reviewed,D-R11-ADR124-1
01a10026-fa9b-7d4c-bdb4-7b7bfc077914,unclassified,active,6,0,0.000137,,1,,pass,1,none,not yet reviewed,D-R11-ADR124-1
01a10026-fa9b-7d83-b8d2-8877a87dec96,unclassified,active,2,0,0.000046,,1,,pass,1,none,not yet reviewed,D-R11-ADR124-1
01a10026-fa9b-7db9-aaff-e4f17e640b5d,unclassified,active,2,0,0.000046,,1,,pass,1,none,not yet reviewed,D-R11-ADR124-1
01a10027-122c-7505-b758-47b3e9433927,unclassified,active,2,0,0.000046,,1,,pass,1,none,not yet reviewed,D-R11-ADR124-1
01a10027-122c-7555-8aa0-df9cd35cae69,unclassified,active,2,0,0.000046,,1,,pass,1,none,not yet reviewed,D-R11-ADR124-1
01a10027-122c-7596-83b7-f79b88f6f31b,unclassified,active,2,0,0.000046,,1,,pass,1,none,not yet reviewed,D-R11-ADR124-1
01a10027-122c-75da-95f9-2fd893d18b6b,unclassified,active,2,0,0.000046,,1,,pass,1,none,not yet reviewed,D-R11-ADR124-1
01a10027-122c-7627-9dce-328644284a8c,unclassified,active,2,0,0.000046,,1,,pass,1,none,not yet reviewed,D-R11-ADR124-1
01a10027-122c-766f-9fc1-4bca72937d62,unclassified,active,2,0,0.000046,,1,,pass,1,none,not yet reviewed,D-R11-ADR124-1
01a10027-122c-76bd-a6aa-66f36d153ece,unclassified,active,2,0,0.000046,,1,,pass,1,none,not yet reviewed,D-R11-ADR124-1
01a10027-122c-7708-91cc-d4711284d736,unclassified,active,2,0,0.000046,,1,,pass,1,none,not yet reviewed,D-R11-ADR124-1
01a10027-122c-7752-af36-9d1df42769e9,unclassified,active,2,0,0.000046,,1,,pass,1,none,not yet reviewed,D-R11-ADR124-1
01a10027-122c-77a4-94bb-1c7156dc3237,unclassified,active,2,0,0.000046,,1,,pass,1,none,not yet reviewed,D-R11-ADR124-1
01a10027-122c-77e9-833d-a1e57e050d0f,unclassified,active,2,0,0.000046,,1,,pass,1,none,not yet reviewed,D-R11-ADR124-1
01a10027-122c-7830-8b62-a0234761ae86,unclassified,active,2,0,0.000046,,1,,pass,1,none,not yet reviewed,D-R11-ADR124-1
01a10027-122c-78d9-8bb2-f30fce422b60,unclassified,active,2,0,0.000046,,1,,pass,1,none,not yet reviewed,D-R11-ADR124-1
01a10027-122c-793d-b23f-dd105befdf55,unclassified,active,2,0,0.000046,,1,,pass,1,none,not yet reviewed,D-R11-ADR124-1
01a10027-122c-7987-b428-3e4c1b0ca092,unclassified,active,2,0,0.000046,,1,,pass,1,none,not yet reviewed,D-R11-ADR124-1
01a10027-122c-79cd-b4e5-3eefd71537d0,unclassified,active,2,0,0.000046,,1,,pass,1,none,not yet reviewed,D-R11-ADR124-1
01a10027-122c-7a14-ad29-a1d31e9ee957,unclassified,active,2,0,0.000046,,1,,pass,1,none,not yet reviewed,D-R11-ADR124-1
01a10027-122c-7a5a-8314-1a0d0b0e7cd7,unclassified,active,2,0,0.000046,,1,,pass,1,none,not yet reviewed,D-R11-ADR124-1
01a10027-122c-7aa1-8200-4725868f2179,unclassified,active,2,0,0.000046,,1,,pass,1,none,not yet reviewed,D-R11-ADR124-1
01a10027-122c-7ae8-a2e6-11349bcfad89,unclassified,active,2,0,0.000046,,1,,pass,1,none,not yet reviewed,D-R11-ADR124-1
01a10027-122c-7b30-8b14-bbdf3b515dfb,unclassified,active,2,0,0.000046,,1,,pass,1,none,not yet reviewed,D-R11-ADR124-1
01a10027-122c-7b78-80a7-ed718e7ecc46,unclassified,active,2,0,0.000046,,1,,pass,1,none,not yet reviewed,D-R11-ADR124-1
01a10027-122c-7bb7-8667-f1739f6bb651,unclassified,active,2,0,0.000046,,1,,pass,1,none,not yet reviewed,D-R11-ADR124-1
01a10027-122c-7c00-b399-193c53746f96,unclassified,active,2,0,0.000046,,1,,pass,1,none,not yet reviewed,D-R11-ADR124-1
01a10027-122c-7c43-97b6-bc5ddd13a6df,unclassified,active,2,0,0.000046,,1,,pass,1,none,not yet reviewed,D-R11-ADR124-1
01a10027-122c-7c89-910f-00553abef4f9,unclassified,active,2,0,0.000046,,1,,pass,1,none,not yet reviewed,D-R11-ADR124-1
01a10027-122c-7cd0-9d41-58c3006d6b6c,unclassified,active,2,0,0.000046,,1,,pass,1,none,not yet reviewed,D-R11-ADR124-1
01a10027-122c-7d18-9cd0-bc8e3f91ed7a,unclassified,active,2,0,0.000046,,1,,pass,1,none,not yet reviewed,D-R11-ADR124-1
01a10027-122c-7d5c-bf7a-b85effb725a4,unclassified,active,2,0,0.000046,,1,,pass,1,none,not yet reviewed,D-R11-ADR124-1
01a10027-122c-7d9f-9c3f-616fbded92ee,unclassified,active,2,0,0.000046,,1,,pass,1,none,not yet reviewed,D-R11-ADR124-1
01a10027-122c-7de0-bb28-82afd0c78a26,unclassified,active,2,0,0.000046,,1,,pass,1,none,not yet reviewed,D-R11-ADR124-1
01a10027-122c-7e20-9e8c-7a63f8ea2866,unclassified,active,2,0,0.000046,,1,,pass,1,none,not yet reviewed,D-R11-ADR124-1
01a10027-122c-7e60-a34f-2af38785a8a4,unclassified,active,2,0,0.000046,,1,,pass,1,none,not yet reviewed,D-R11-ADR124-1
01a10027-122c-7ea0-abfd-2da386656d80,unclassified,active,2,0,0.000046,,1,,pass,1,none,not yet reviewed,D-R11-ADR124-1
01a10027-122c-7edc-9ff8-6e785926bc0d,unclassified,active,2,0,0.000046,,1,,pass,1,none,not yet reviewed,D-R11-ADR124-1
01a10027-122c-7f16-a16f-a113c600e74f,unclassified,active,2,0,0.000046,,1,,pass,1,none,not yet reviewed,D-R11-ADR124-1
01a10027-122c-7f52-8ac2-03459045f096,unclassified,active,2,0,0.000046,,1,,pass,1,none,not yet reviewed,D-R11-ADR124-1
01a10027-122c-7f95-999d-983116745f6a,unclassified,active,2,0,0.000046,,1,,pass,1,none,not yet reviewed,D-R11-ADR124-1
01a10027-122d-7254-b76f-6d93fda0ff4d,unclassified,active,2,0,0.000046,,1,,pass,1,none,not yet reviewed,D-R11-ADR124-1
01a10027-122d-7296-9569-26f4ba101c55,unclassified,active,2,0,0.000046,,1,,pass,1,none,not yet reviewed,D-R11-ADR124-1
01a10027-122d-72ce-a8a4-50c474e49ae4,unclassified,active,2,0,0.000046,,1,,pass,1,none,not yet reviewed,D-R11-ADR124-1
01a10027-122d-730a-8c7a-b2e1755b2c72,unclassified,active,2,0,0.000046,,1,,pass,1,none,not yet reviewed,D-R11-ADR124-1
01a10027-122d-74d0-81c4-60255746aef0,unclassified,active,2,0,0.000046,,1,,pass,1,none,not yet reviewed,D-R11-ADR124-1
01a10027-122d-7514-bd6d-7d3f62f0f02a,unclassified,active,10,0,0.000229,,1,,pass,1,none,not yet reviewed,D-R11-ADR124-1
01a10027-122d-7546-aa96-8b0254d2cb32,unclassified,active,2,0,0.000046,,1,,pass,1,none,not yet reviewed,D-R11-ADR124-1
01a10027-122d-7576-80c7-89e6a680dfbb,unclassified,active,2,0,0.000046,,1,,pass,1,none,not yet reviewed,D-R11-ADR124-1
01a10027-122d-75a5-9110-965b6795a4dd,unclassified,active,2,0,0.000046,,1,,pass,1,none,not yet reviewed,D-R11-ADR124-1
01a10027-122d-75d2-bc6a-0bea45504218,unclassified,active,2,0,0.000046,,1,,pass,1,none,not yet reviewed,D-R11-ADR124-1
01a10027-122d-75fe-83bd-df6ae173516c,unclassified,active,2,0,0.000046,,1,,pass,1,none,not yet reviewed,D-R11-ADR124-1
01a10027-122d-7630-ba10-735220c06043,unclassified,active,2,0,0.000046,,1,,pass,1,none,not yet reviewed,D-R11-ADR124-1
01a10027-122d-7661-b589-472e130233fc,unclassified,active,2,0,0.000046,,1,,pass,1,none,not yet reviewed,D-R11-ADR124-1
01a10027-122d-7695-a34d-5989318a20c7,unclassified,active,2,0,0.000046,,1,,pass,1,none,not yet reviewed,D-R11-ADR124-1
01a10027-122d-76cc-8708-247e8405697c,unclassified,active,2,0,0.000046,,1,,pass,1,none,not yet reviewed,D-R11-ADR124-1
01a10027-122d-772d-9afb-9a2f43c27cf0,unclassified,active,2,0,0.000046,,1,,pass,1,none,not yet reviewed,D-R11-ADR124-1
01a10027-122d-7784-a38d-847334e0f8b1,unclassified,active,2,0,0.000046,,1,,pass,1,none,not yet reviewed,D-R11-ADR124-1
01a10027-122d-77d4-8fdd-fa357f3ce956,unclassified,active,2,0,0.000046,,1,,pass,1,none,not yet reviewed,D-R11-ADR124-1
01a10027-122d-7829-8af1-869b22f43295,unclassified,active,2,0,0.000046,,1,,pass,1,none,not yet reviewed,D-R11-ADR124-1
01a10027-122d-78bc-8482-a24c85047282,unclassified,active,2,0,0.000046,,1,,pass,1,none,not yet reviewed,D-R11-ADR124-1
01a10027-122d-7915-a6b8-1575b1ed63fc,unclassified,active,2,0,0.000046,,1,,pass,1,none,not yet reviewed,D-R11-ADR124-1
01a10027-122d-7b4d-8812-dd597c30815b,unclassified,active,2,0,0.000046,,1,,pass,1,none,not yet reviewed,D-R11-ADR124-1
01a10027-122d-7baa-b964-f34ff49288f8,unclassified,active,2,0,0.000046,,1,,pass,1,none,not yet reviewed,D-R11-ADR124-1
01a10027-122d-7be0-8f76-98d8839f05d1,unclassified,active,2,0,0.000046,,1,,pass,1,none,not yet reviewed,D-R11-ADR124-1
01a10027-122d-7c17-843a-07ece2fb5ee6,unclassified,active,2,0,0.000046,,1,,pass,1,none,not yet reviewed,D-R11-ADR124-1
01a10027-122d-7c4c-b916-be2f533c3aad,unclassified,active,2,0,0.000046,,1,,pass,1,none,not yet reviewed,D-R11-ADR124-1
01a10027-122d-7c81-b3bd-949597d2fdd1,unclassified,active,2,0,0.000046,,1,,pass,1,none,not yet reviewed,D-R11-ADR124-1
01a10027-122d-7cb5-9493-2621ee7710f0,unclassified,active,2,0,0.000046,,1,,pass,1,none,not yet reviewed,D-R11-ADR124-1
01a10027-122d-7cea-b07f-958cc0cc038f,unclassified,active,2,0,0.000046,,1,,pass,1,none,not yet reviewed,D-R11-ADR124-1
01a10027-122d-7d1e-aeaf-0dc905b9b42d,unclassified,active,2,0,0.000046,,1,,pass,1,none,not yet reviewed,D-R11-ADR124-1
01a10027-122d-7d52-9df7-9531ce0a4cc2,unclassified,active,2,0,0.000046,,1,,pass,1,none,not yet reviewed,D-R11-ADR124-1
01a10027-122d-7d8a-bc16-7511c1624bb4,unclassified,active,2,0,0.000046,,1,,pass,1,none,not yet reviewed,D-R11-ADR124-1
01a10027-122d-7dc0-bdd5-4e8a8b005ef2,unclassified,active,2,0,0.000046,,1,,pass,1,none,not yet reviewed,D-R11-ADR124-1
01a10027-122d-7df8-b752-9b2d3afdff43,unclassified,active,2,0,0.000046,,1,,pass,1,none,not yet reviewed,D-R11-ADR124-1
01a10027-122d-7e2b-b605-e341e0e87c5a,unclassified,active,2,0,0.000046,,1,,pass,1,none,not yet reviewed,D-R11-ADR124-1
01a10027-122d-7e58-bdbb-bf42fb50bb4a,unclassified,active,2,0,0.000046,,1,,pass,1,none,not yet reviewed,D-R11-ADR124-1
01a10027-122d-7e85-810c-fe1a606fc4f8,unclassified,active,4,0,0.000092,,1,,pass,1,none,not yet reviewed,D-R11-ADR124-1
01a10027-122d-7eb6-8459-d3d6d4dbeaa1,unclassified,active,2,0,0.000046,,1,,pass,1,none,not yet reviewed,D-R11-ADR124-1
01a10027-1d67-709b-817c-216ab260c0ed,unclassified,active,2,0,0.000046,,1,,pass,1,none,not yet reviewed,D-R11-ADR124-1
01a10027-1d67-7212-8d57-18222ee3c633,unclassified,active,2,0,0.000046,,1,,pass,1,none,not yet reviewed,D-R11-ADR124-1
01a10027-1d67-72bf-820e-a9c217859136,unclassified,active,2,0,0.000046,,1,,pass,1,none,not yet reviewed,D-R11-ADR124-1
01a10027-1d67-7305-a4c4-185690e2df45,unclassified,active,2,0,0.000046,,1,,pass,1,none,not yet reviewed,D-R11-ADR124-1
01a10027-1d67-7348-91a9-93e4fd759923,unclassified,active,2,0,0.000046,,1,,pass,1,none,not yet reviewed,D-R11-ADR124-1
01a10027-1d67-7385-a570-542ed8af5cba,unclassified,active,2,0,0.000046,,1,,pass,1,none,not yet reviewed,D-R11-ADR124-1
01a10027-1d67-73ca-b78f-e5b255be282f,unclassified,active,2,0,0.000046,,1,,pass,1,none,not yet reviewed,D-R11-ADR124-1
01a10027-1d67-73ff-b5d6-abbacba4bc25,unclassified,active,2,0,0.000046,,1,,pass,1,none,not yet reviewed,D-R11-ADR124-1
01a10027-1d67-7444-be6b-b2d064253dfd,unclassified,active,2,0,0.000046,,1,,pass,1,none,not yet reviewed,D-R11-ADR124-1
01a10027-1d67-7475-99fd-80e6452e1ead,unclassified,active,2,0,0.000046,,1,,pass,1,none,not yet reviewed,D-R11-ADR124-1
01a10027-1d67-74b4-8c04-d2491fea833c,unclassified,active,2,0,0.000046,,1,,pass,1,none,not yet reviewed,D-R11-ADR124-1
01a10027-1d67-74f1-b5c6-3908082056ff,unclassified,active,2,0,0.000046,,1,,pass,1,none,not yet reviewed,D-R11-ADR124-1
01a10027-1d67-752e-bf23-8cd038aadd65,unclassified,active,2,0,0.000046,,1,,pass,1,none,not yet reviewed,D-R11-ADR124-1
01a10027-1d67-756b-9e43-8690c817f2e6,unclassified,active,2,0,0.000046,,1,,pass,1,none,not yet reviewed,D-R11-ADR124-1
01a10027-2c59-7bc4-b6bf-540451d53e13,unclassified,active,2,0,0.000046,,1,,pass,1,none,not yet reviewed,D-R11-ADR124-1
01a10027-2c59-7ea9-8b2a-62ab7e48a403,unclassified,active,2,0,0.000046,,1,,pass,1,none,not yet reviewed,D-R11-ADR124-1
01a10027-2c59-7f06-bc07-6d35b207b416,unclassified,active,6,0,0.000137,,1,,pass,1,none,not yet reviewed,D-R11-ADR124-1
01a10027-2c59-7f4d-884f-1d86a8b7669c,unclassified,active,2,0,0.000046,,1,,pass,1,none,not yet reviewed,D-R11-ADR124-1
01a10027-2c59-7fa1-95e6-45fc1d7ea0f7,unclassified,active,2,0,0.000046,,1,,pass,1,none,not yet reviewed,D-R11-ADR124-1
01a10027-2c59-7fe7-b9ab-e431f8dd5f2d,unclassified,active,2,0,0.000046,,1,,pass,1,none,not yet reviewed,D-R11-ADR124-1
01a10027-2c5a-702a-ab86-6503eaa6f86d,unclassified,active,2,0,0.000046,,1,,pass,1,none,not yet reviewed,D-R11-ADR124-1
01a10027-2c5a-707b-9900-cb6421d7c83b,unclassified,active,4,0,0.000092,,1,,pass,1,none,not yet reviewed,D-R11-ADR124-1
01a10027-2c5a-70c4-8b70-e1b260d04d0a,unclassified,active,2,0,0.000046,,1,,pass,1,none,not yet reviewed,D-R11-ADR124-1
01a10027-2c5a-710b-a8ec-8290a5e838de,unclassified,active,2,0,0.000046,,1,,pass,1,none,not yet reviewed,D-R11-ADR124-1
01a10027-2c5a-7169-9ec9-b166aec97c48,unclassified,active,2,0,0.000046,,1,,pass,1,none,not yet reviewed,D-R11-ADR124-1
01a10027-2c5a-71c6-98f0-932fa4b1bacb,unclassified,active,2,0,0.000046,,1,,pass,1,none,not yet reviewed,D-R11-ADR124-1
01a10027-2c5a-7215-ba25-8dacd34b027b,unclassified,active,2,0,0.000046,,1,,pass,1,none,not yet reviewed,D-R11-ADR124-1
01a10027-2c5a-7262-9bb5-0ac53a1c05b4,unclassified,active,2,0,0.000046,,1,,pass,1,none,not yet reviewed,D-R11-ADR124-1
01a10027-2c5a-72ab-9556-ae35c205312f,unclassified,active,2,0,0.000046,,1,,pass,1,none,not yet reviewed,D-R11-ADR124-1
01a10027-2c5a-72f6-b584-0eeb65e3241f,unclassified,active,4,0,0.000092,,1,,pass,1,none,not yet reviewed,D-R11-ADR124-1
01a10027-2c5a-733e-abba-c6400e5bba99,unclassified,active,2,0,0.000046,,1,,pass,1,none,not yet reviewed,D-R11-ADR124-1
01a10027-2c5a-7387-baa9-e0495a3283a7,unclassified,active,2,0,0.000046,,1,,pass,1,none,not yet reviewed,D-R11-ADR124-1
01a10027-2c5a-7408-b4d3-a7bc7acdd148,unclassified,active,2,0,0.000046,,1,,pass,1,none,not yet reviewed,D-R11-ADR124-1
01a10027-2c5a-7450-bb93-95266a4f12ea,unclassified,active,4,0,0.000092,,1,,pass,1,none,not yet reviewed,D-R11-ADR124-1
01a10027-2c5a-7497-8182-5b858f9b90fb,unclassified,active,2,0,0.000046,,1,,pass,1,none,not yet reviewed,D-R11-ADR124-1
01a10027-2c5a-74e2-b902-7aa1f0b3df11,unclassified,active,2,0,0.000046,,1,,pass,1,none,not yet reviewed,D-R11-ADR124-1
01a10027-2c5a-752a-a3eb-51b12216db98,unclassified,active,2,0,0.000046,,1,,pass,1,none,not yet reviewed,D-R11-ADR124-1
01a10027-2c5a-757e-a189-f9a2d35dc589,unclassified,active,4,0,0.000092,,1,,pass,1,none,not yet reviewed,D-R11-ADR124-1
01a10027-2c5a-75bc-97ae-6fd6ef2ed576,unclassified,active,2,0,0.000046,,1,,pass,1,none,not yet reviewed,D-R11-ADR124-1
01a10027-2c5a-75ff-8cee-ed3e69de940f,unclassified,active,6,0,0.000137,,1,,pass,1,none,not yet reviewed,D-R11-ADR124-1
01a10027-2c5a-764e-8608-9bfb36bf7dab,unclassified,active,2,0,0.000046,,1,,pass,1,none,not yet reviewed,D-R11-ADR124-1
01a10027-2c5a-768e-8796-bf9ecb63955f,unclassified,active,2,0,0.000046,,1,,pass,1,none,not yet reviewed,D-R11-ADR124-1
01a10027-2c5a-7a99-844f-5620bd007cd5,unclassified,active,2,0,0.000046,,1,,pass,1,none,not yet reviewed,D-R11-ADR124-1
01a10027-387b-79eb-8c44-8207c299a28b,unclassified,active,2,0,0.000046,,1,,pass,1,none,not yet reviewed,D-R11-ADR124-1
01a10027-387b-7b09-8921-2dee3f333c1e,unclassified,active,2,0,0.000046,,1,,pass,1,none,not yet reviewed,D-R11-ADR124-1
01a10027-387b-7b60-9bbb-24670fa0bd9f,unclassified,active,2,0,0.000046,,1,,pass,1,none,not yet reviewed,D-R11-ADR124-1
01a10027-387b-7bb4-9f06-2b8f48d2c2b7,unclassified,active,2,0,0.000046,,1,,pass,1,none,not yet reviewed,D-R11-ADR124-1
01a10027-387b-7c07-a6f2-6a30caf36845,unclassified,active,4,0,0.000092,,1,,pass,1,none,not yet reviewed,D-R11-ADR124-1
01a10027-387b-7c52-a7b9-cddceccbefc8,unclassified,active,2,0,0.000046,,1,,pass,1,none,not yet reviewed,D-R11-ADR124-1
01a10027-387b-7c98-8988-ca6ef351dd1b,unclassified,active,2,0,0.000046,,1,,pass,1,none,not yet reviewed,D-R11-ADR124-1
01a10027-387b-7cdc-b90e-87d93a7e87aa,unclassified,active,2,0,0.000046,,1,,pass,1,none,not yet reviewed,D-R11-ADR124-1
01a10027-387b-7d1c-9121-814813a8eca0,unclassified,active,2,0,0.000046,,1,,pass,1,none,not yet reviewed,D-R11-ADR124-1
01a10027-387b-7d5c-a14f-ebf773391ee6,unclassified,active,2,0,0.000046,,1,,pass,1,none,not yet reviewed,D-R11-ADR124-1
01a10027-387b-7da8-a4eb-5c34ea7cd338,unclassified,active,2,0,0.000046,,1,,pass,1,none,not yet reviewed,D-R11-ADR124-1
01a10027-4858-79b2-8ab7-43554f94eeac,unclassified,active,2,0,0.000046,,1,,pass,1,none,not yet reviewed,D-R11-ADR124-1
01a10027-4858-7b45-8b91-7670d868a3e4,unclassified,active,2,0,0.000046,,1,,pass,1,none,not yet reviewed,D-R11-ADR124-1
01a10027-5f57-719a-8fcc-b8890d7afda2,unclassified,active,2,0,0.000046,,1,,pass,1,none,not yet reviewed,D-R11-ADR124-1
01a10027-5f57-7352-b78e-9cd7a707b54a,unclassified,active,2,0,0.000046,,1,,pass,1,none,not yet reviewed,D-R11-ADR124-1
01a10027-5f57-73b4-95bf-9f9a660a7c63,unclassified,active,2,0,0.000046,,1,,pass,1,none,not yet reviewed,D-R11-ADR124-1
01a10027-5f57-7419-90cd-dedcf053ffb8,unclassified,active,2,0,0.000046,,1,,pass,1,none,not yet reviewed,D-R11-ADR124-1
01a10027-5f57-748e-961d-1fc45ab61665,unclassified,active,2,0,0.000046,,1,,pass,1,none,not yet reviewed,D-R11-ADR124-1
01a10027-5f57-74fc-8066-698f0cc43e90,unclassified,active,2,0,0.000046,,1,,pass,1,none,not yet reviewed,D-R11-ADR124-1
01a10027-5f57-7555-9444-2bfa89872f27,unclassified,active,2,0,0.000046,,1,,pass,1,none,not yet reviewed,D-R11-ADR124-1
01a10027-5f57-760c-9eea-a1e9ffdde707,unclassified,active,2,0,0.000046,,1,,pass,1,none,not yet reviewed,D-R11-ADR124-1
01a10027-5f57-766b-92ac-7db8f2a7d623,unclassified,active,2,0,0.000046,,1,,pass,1,none,not yet reviewed,D-R11-ADR124-1
