cand_id,name,url,publisher,publisher_type,technology_classes,geographies,coverage_estimate,format_access,update_cadence,volume_estimate,terms_url,terms_verbatim_excerpt,licence_guess,rights_lane,part_viii_flags,lineage,registry_match,connector_reuse,retrieved_at,found_by_query_id,evidence_class,notes,cell_id,candidate_level,family_id,vendors,ontology_concepts,lineage_class,part_viii_verdict,access_check,gap_ref
I3-C001,Agency-published Flock / LPR location layers on ArcGIS Online (family),https://hub.arcgis.com/api/search/v1/collections/dataset/items?q=flock,Multiple US agencies (via ArcGIS Online / Hub),gov-open-data,T01;T04;T05;T07,US,26 agency/agency-staff location layers found (I3-C002..C027) of 82 hub items containing the term flock among 902 unique ids returned for numberMatched=1266 (live-read); + 13 LPR layers of 131 for q=LPR,arcgis,"irregular (per-layer modified dates 2022-11..2026-09, live-read)","counts read for 10 layers: 11..523 points each (returnCountOnly, live-read)","NONE-FOUND(checked: ArcGIS item licenseInfo + accessInformation fields in hub API record, both empty)","NONE-FOUND(checked: ArcGIS item licenseInfo + accessInformation fields in hub API record, both empty)",guess:LicenseRef-PublicRecord-FactualCompilation (per layer; none states a licence),bytes=undetermined; facts=likely-open; derived=undetermined,private-registrant-location;residential-intersection,origin,related:camreg_osm_surveillance,dot_511:arcgis_query (camera_registry sweep family),2026-09-30T18:00:43Z,I3-Q001;I3-Q004;I3-L001,live-read,"Family row. Only 5 hub Flock layers were already registered (camreg_lpd_flock, camreg_jmh_us [owner org is City of Medford], camreg_friendswood_tx, camreg_duganmeyer, osm_surveillance_deflock target). The 1266 figure (I2 calibration) is fuzzy full-text; only 82 items contain ""flock"" in title/snippet/tags/description (I3-L001). Owner-org (`source`) field separates agency origin from personal/student/journalism copies. Several agency layers carry Flock export fields (Org_Name, Org_Type, Network_Name, Serialnumber) that can name private (HOA/business) operators -> T04 evidence but C3 registrant screen. operators=police;sheriff;dot;hoa;business. Also Flock integration layers (FlockOS address/beat feeds) evidence T05 without camera points (I3-C028).",I3-T01-C03-G0,family,FAM-AGOL-ALPR,Flock Safety;Motorola Solutions (Vigilant),alpr-fixed;rtcc-platform,independent_account,flag,200 GET hub search API 2026-09-30T18:00:43Z,I1#1;NEW-5;NEW-6
I3-C002,D3 Flock Camera Data (FDOT District 3 Safety Information),https://services1.arcgis.com/O1JpcwDW8sjYuddV/arcgis/rest/services/D3_Flock_Camera_Data/FeatureServer/0,"Florida Department of Transportation, District 3 (via ArcGIS Online)",gov-open-data,T01;T04,US-FL,"407 points (returnCountOnly, live-read) covering FDOT District 3 (NW Florida)",arcgis,"irregular (item: ""Update Frequency: As Needed""; modified 2024-08-07)",407 rows,"NONE-FOUND(checked: ArcGIS item licenseInfo + accessInformation fields in hub API record, both empty)","NONE-FOUND(checked: ArcGIS item licenseInfo + accessInformation fields in hub API record, both empty)",guess:LicenseRef-PublicRecord-FactualCompilation (FL public-records law; verify),bytes=undetermined; facts=likely-open; derived=undetermined,none-observed,origin,new,dot_511:arcgis_query (camera_registry sweep family),2026-09-30T18:00:43Z,I3-Q001;I3-Q005;I3-F017;I3-F052,live-read,"State DOT permit-compliance inventory of Flock cameras on state right-of-way: fields Install_Type, FDOT_ROW, Is_Location_FDOT_Compliant, Non_Compliance_Reason. Item description: ""This layer represents point location and description of cameras installed in the district. Permit details and other information are available."" Data custodian D3 Planning. accessInformation=""Florida Department of Transportation"". Operators include multiple agencies (inference) -> jurisdiction attribution needed. operators=police;sheriff;dot. Strongest single new origin found: a state agency independently inventorying another vendor network.",I3-T01-C03-G0,target,FAM-AGOL-ALPR,Flock Safety,alpr-fixed,independent_account,pass,200 GET FeatureServer layer JSON (metadata only),I1#1;I1:state=FL
I3-C003,FLOCK removal status layer (FDOT),https://services1.arcgis.com/O1JpcwDW8sjYuddV/arcgis/rest/services/FLOCK_removal_status_layer/FeatureServer/0,Florida Department of Transportation (via ArcGIS Online),gov-open-data,T01,US-FL,"523 points (returnCountOnly, live-read); fields County, StateRoad, Status (removal)",arcgis,unknown (not in item record),523 rows,"NONE-FOUND(checked: ArcGIS item licenseInfo + accessInformation fields in hub API record, both empty)","NONE-FOUND(checked: ArcGIS item licenseInfo + accessInformation fields in hub API record, both empty)",guess:LicenseRef-PublicRecord-FactualCompilation,bytes=undetermined; facts=likely-open; derived=undetermined,none-observed,origin,new,dot_511:arcgis_query (camera_registry sweep family),2026-09-30T18:00:43Z,I3-Q001;I3-F040;I3-F053,live-read,Same FDOT org as I3-C002; adds a removal Status per Flock camera on FDOT ROW. A dated removal/compliance series is itself an accountability signal (permit enforcement). Needs context documents (FDOT permit policy) before interpretation (S5 guard: status field is not a removal fact until verified). operators=police;sheriff;hoa;business (inference).,I3-T01-C03-G0,target,FAM-AGOL-ALPR,Flock Safety,alpr-fixed,independent_account,pass,200 GET FeatureServer layer JSON (metadata only),I1#1;I1:state=FL
I3-C004,D4 - Camera Survey (FDOT District 4 ROW camera inventory form),https://services1.arcgis.com/O1JpcwDW8sjYuddV/arcgis/rest/services/survey123_9d6dea3d367340a9999762eb0ab7f7a3_form/FeatureServer/0,"Florida Department of Transportation, District 4 (via ArcGIS Online)",gov-open-data,T01;T07,US-FL:Broward County;US-FL:Palm Beach County;US-FL:Martin County;US-FL:St. Lucie County;US-FL:Indian River County,unknown count (not fetched); 5 counties per item description,arcgis,unknown,unknown,"NONE-FOUND(checked: ArcGIS item licenseInfo + accessInformation fields in hub API record, both empty)","NONE-FOUND(checked: ArcGIS item licenseInfo + accessInformation fields in hub API record, both empty)",guess:LicenseRef-PublicRecord-FactualCompilation,bytes=undetermined; facts=likely-open; derived=undetermined,operator-identifier,origin,new,dot_511:arcgis_query (camera_registry sweep family),2026-09-30T18:00:43Z,I3-Q001;I3-F041,live-read,"Survey123 form: ""used to document camera systems located within the Florida Department of Transportation (FDOT) Right-of-Way (ROW)... Camera types to be recorded include: Red Light Cameras (RLC), School Zone Detection Systems (SDC), License Plate Readers (LPR)"". Fields camera_type, mounting_type, removal_status, operations_center, county + Creator/Editor (FDOT staff usernames -> drop at extraction). Also covers T09 ATE (I4 lane; note for I7). Form layers may be non-queryable; access to rows unverified.",I3-T01-C03-G0,target,FAM-AGOL-ALPR,Flock Safety,alpr-fixed;alpr-unspecified,independent_account,flag,200 GET FeatureServer layer JSON (metadata only),I1#1;I1:state=FL
I3-C005,Flock_Camera_Locations2 (Savannah Police Department),https://services3.arcgis.com/0m9qmmEbiydeqFeD/arcgis/rest/services/Flock_Camera_Locations2/FeatureServer/0,"Savannah Police Department, GA (via ArcGIS Online)",gov-open-data,T01;T04,US-GA:Savannah,"176 points (returnCountOnly, live-read)",arcgis,irregular (created/modified 2026-07-14),176 rows,"NONE-FOUND(checked: ArcGIS item licenseInfo + accessInformation fields in hub API record, both empty)","NONE-FOUND(checked: ArcGIS item licenseInfo + accessInformation fields in hub API record, both empty)",guess:LicenseRef-PublicRecord-FactualCompilation,bytes=undetermined; facts=likely-open; derived=undetermined,private-registrant-location,origin,new,dot_511:arcgis_query (camera_registry sweep family),2026-09-30T18:00:43Z,I3-Q001;I3-F012;I3-F056,live-read,"Fields Camera_Org, Camera_Name, Latitude, Longitude, Validation_Date. Camera_Org may name non-police (HOA/business) Flock owners sharing into SPD -> T04; C3 screen for private operators. Org owner SARICCDR (Savannah Area Regional Intelligence Center / RTCC, inference). operators=police;business;hoa (inference).",I3-T01-C03-G0,target,FAM-AGOL-ALPR,Flock Safety,alpr-fixed,independent_account,flag,200 GET FeatureServer layer JSON (metadata only),I1#1;I1:state=GA
I3-C006,"Flock_Camera_Locations_Sep_2023 (City of Brookhaven, GA)",https://services.arcgis.com/hOnx0eXgrjDCJCZV/arcgis/rest/services/Flock_Camera_Locations_Sep_2023/FeatureServer/0,"City of Brookhaven, GA (via ArcGIS Online)",gov-open-data,T01;T04,US-GA:Brookhaven,"124 points (returnCountOnly, live-read)",arcgis,static (snapshot 2023-08-30),124 rows,"NONE-FOUND(checked: ArcGIS item licenseInfo + accessInformation fields in hub API record, both empty)","NONE-FOUND(checked: ArcGIS item licenseInfo + accessInformation fields in hub API record, both empty)",guess:LicenseRef-PublicRecord-FactualCompilation,bytes=undetermined; facts=likely-open; derived=undetermined,private-registrant-location,origin,new,dot_511:arcgis_query (camera_registry sweep family),2026-09-30T18:00:43Z,I3-Q001;I3-F018;I3-F057,live-read,"Flock export fields Location_Name, Network_Name, Org_Name, Serialnumber: Org_Name may name private operators. Historical snapshot (SIG-INGEST-025b: no recurrence).",I3-T01-C03-G0,target,FAM-AGOL-ALPR,Flock Safety,alpr-fixed,independent_account,flag,200 GET FeatureServer layer JSON (metadata only),I1#1
I3-C007,"Flock (City of Pueblo, CO)",https://services1.arcgis.com/IL17xsvNU5Bmw3RY/arcgis/rest/services/Flock/FeatureServer/0,"City of Pueblo, CO (via ArcGIS Online)",gov-open-data,T01,US-CO:Pueblo,"114 points (returnCountOnly, live-read)",arcgis,static (created/modified 2025-02-07),114 rows,"NONE-FOUND(checked: ArcGIS item licenseInfo + accessInformation fields in hub API record, both empty)","NONE-FOUND(checked: ArcGIS item licenseInfo + accessInformation fields in hub API record, both empty)",guess:LicenseRef-PublicRecord-FactualCompilation,bytes=undetermined; facts=likely-open; derived=undetermined,none-observed,origin,new,dot_511:arcgis_query (camera_registry sweep family),2026-09-30T18:00:43Z,I3-Q001;I3-F002;I3-F059,live-read,"Fields Date_installed, Company, Location_updated_2_6_25, Serial, Pole, Lat, Long -> install dates give a deployment time series.",I3-T01-C03-G0,target,FAM-AGOL-ALPR,Flock Safety,alpr-fixed,independent_account,pass,200 GET FeatureServer layer JSON (metadata only),I1#1;I1:state=CO
I3-C008,Flock_Location_Data view (East Baton Rouge Sheriff's Office),https://services7.arcgis.com/w9KefBd0vxjnp6IW/arcgis/rest/services/Flock_Location_Data_view/FeatureServer/0,"East Baton Rouge Parish Sheriff's Office, LA (staff account on the ebrso.org domain, via ArcGIS Online)",gov-open-data,T01;T04,US-LA:East Baton Rouge Parish,"157 points (returnCountOnly, live-read)",arcgis,static (2024-11-21),157 rows,"NONE-FOUND(checked: ArcGIS item licenseInfo + accessInformation fields in hub API record, both empty)","NONE-FOUND(checked: ArcGIS item licenseInfo + accessInformation fields in hub API record, both empty)",guess:LicenseRef-PublicRecord-FactualCompilation,bytes=undetermined; facts=likely-open; derived=undetermined,private-registrant-location,origin,new,dot_511:arcgis_query (camera_registry sweep family),2026-09-30T18:00:43Z,I3-Q001;I3-Q010;I3-F014;I3-F055,live-read,"Fields Name, Direction, Jurisdiction, Owner, Camera_ID: Owner separates sheriff vs other owners -> T04. Publisher attribution rests on the ebrso.org e-mail domain of the account (live-read of owner field); verify org. Same account also publishes ""Vigilant_Location_Data view"" (item 559ffdef96, found I3-Q010; schema not read) -> EBRSO runs Flock and Vigilant fixed LPR. Survey123 ISU forms from the same account ignored.",I3-T01-C03-G0,target,FAM-AGOL-ALPR,Flock Safety;Motorola Solutions (Vigilant),alpr-fixed,independent_account,flag,200 GET FeatureServer layer JSON (metadata only),I1#1;I1:state=LA
I3-C009,"FLOCK_CAMERAS_ASOF_20240318 (CCSO, west Georgia; org unresolved)",https://services1.arcgis.com/AaPyNbrJpNGryRqh/arcgis/rest/services/FLOCK_CAMERAS_ASOF_20240318/FeatureServer/0,"""CCSO"" county sheriff's office (org name private; extent in west Georgia) (via ArcGIS Online)",gov-open-data,T01;T04,US-GA,"41 points (returnCountOnly, live-read)",arcgis,static (as-of 2024-03-18),41 rows,"NONE-FOUND(checked: ArcGIS item licenseInfo + accessInformation fields in hub API record, both empty)","NONE-FOUND(checked: ArcGIS item licenseInfo + accessInformation fields in hub API record, both empty)",guess:LicenseRef-PublicRecord-FactualCompilation,bytes=undetermined; facts=likely-open; derived=undetermined,private-registrant-location,origin,new,dot_511:arcgis_query (camera_registry sweep family),2026-09-30T18:00:43Z,I3-Q001;I3-F016;I3-F050;I3-F054,live-read,"Raw Flock export fields (Camera_Id, Gimlet_Device_Type, Network_Id, Network_Name, Org_Name, Org_Type, Product_Name, Serialnumber) -> Org_Type/Product_Name give operator type and product (Falcon etc.). Portal self returned 403 GWM_0003 (private org) -> publisher unresolved; lineage origin-unknown until resolved (possibly Carroll or Coweta County SO; inference).",I3-T01-C03-G0,target,FAM-AGOL-ALPR,Flock Safety,alpr-fixed,independent_account,flag,200 GET FeatureServer layer JSON (metadata only),I1#1;I1:state=GA
I3-C010,"FLOCK_Location (City of Thomasville, GA)",https://services.arcgis.com/BrciE7dKF0KqDF0U/arcgis/rest/services/FLOCK_Location/FeatureServer/0,"City of Thomasville, GA (org name via ArcGIS portal self record)",gov-open-data,T01,US-GA:Thomasville,unknown count,arcgis,static (2023-03-21),unknown,"NONE-FOUND(checked: ArcGIS item licenseInfo + accessInformation fields in hub API record, both empty)","NONE-FOUND(checked: ArcGIS item licenseInfo + accessInformation fields in hub API record, both empty)",guess:LicenseRef-PublicRecord-FactualCompilation,bytes=undetermined; facts=likely-open; derived=undetermined,none-observed,origin,new,dot_511:arcgis_query (camera_registry sweep family),2026-09-30T18:00:43Z,I3-Q001;I3-F004;I3-F051,live-read,"Fields reproduce Flock's deployment site-survey template (Product, Pole, Power, Permit_Required, Permit_Jurisdiction, Flock_Sign, Utility_Agreement, F3rd_Party_Involvement). The same template appears in Gastonia and Rocky Mount layers: a recognisable signature for finding more agency Flock layers.",I3-T01-C03-G0,target,FAM-AGOL-ALPR,Flock Safety,alpr-fixed,independent_account,pass,200 GET FeatureServer layer JSON (metadata only),I1#1;I1:state=GA
I3-C011,"City of Gastonia NC Flock layers: Condor Cameras, LPR, Flock OS integration layers",https://services3.arcgis.com/u6Nvh8zpOQRNNRJi/arcgis/rest/services/Condor_Cameras/FeatureServer/0,"City of Gastonia, NC (via ArcGIS Online)",gov-open-data,T01;T04;T05;T07,US-NC:Gastonia,Condor + LPR point layers (counts not read) + 3 FlockOS feed layers (Police Beats/Parcels/Address Points for Flock OS),arcgis,static (2024-10-30; FlockOS layers 2025-04-02/03),unknown,"NONE-FOUND(checked: ArcGIS item licenseInfo + accessInformation fields in hub API record, both empty)","NONE-FOUND(checked: ArcGIS item licenseInfo + accessInformation fields in hub API record, both empty)",guess:LicenseRef-PublicRecord-FactualCompilation,bytes=undetermined; facts=likely-open; derived=undetermined,private-registrant-location,origin,new,dot_511:arcgis_query (camera_registry sweep family),2026-09-30T18:00:43Z,I3-Q001;I3-Q004;I3-F024;I3-F027;I3-F043,live-read,"Condor_Cameras (Flock Condor PTZ video: T07) with Flock site-survey fields; LPR layer 2 fields Camera, Lat, Lon, Owner (-> T04); ""Police Beats for Flock OS"", ""Parcels for Flock OS view"", ""Address Points for Flock OS"" evidence a FlockOS (RTCC, T05) integration. One publisher, three Flock product lines.",I3-T01-C03-G0,publisher,FAM-AGOL-ALPR,Flock Safety,alpr-fixed;camera-ptz;rtcc-platform,independent_account,flag,200 GET FeatureServer layer JSON (metadata only),I1#1;I1#2;I1:state=NC
I3-C012,"LPR_Cameras (City of Rocky Mount, NC)",https://services.arcgis.com/4MdqIsNzxG7xyTvf/arcgis/rest/services/LPR_Cameras/FeatureServer/7,"City of Rocky Mount, NC (via ArcGIS Online)",gov-open-data,T01,US-NC:Rocky Mount,"74 points (returnCountOnly, live-read)",arcgis,static (2025-08-01),74 rows,"NONE-FOUND(checked: ArcGIS item licenseInfo + accessInformation fields in hub API record, both empty)","NONE-FOUND(checked: ArcGIS item licenseInfo + accessInformation fields in hub API record, both empty)",guess:LicenseRef-PublicRecord-FactualCompilation,bytes=undetermined; facts=likely-open; derived=undetermined,none-observed,origin,new,dot_511:arcgis_query (camera_registry sweep family),2026-09-30T18:00:43Z,I3-Q004;I3-F031;I3-F044;I3-F061,live-read,"Layer 7 carries the Flock site-survey template (Flock_Sign, Product, Deployment) -> Flock deployment.",I3-T01-C03-G0,target,FAM-AGOL-ALPR,Flock Safety,alpr-fixed,independent_account,pass,200 GET FeatureServer layer JSON (metadata only),I1#1;I1:state=NC
I3-C013,Leon County Sheriff's Office Overwatch Viewer (VIGILANT Fixed LPRs; public access cameras),https://services.arcgis.com/ptvDyBs1KkcwzQNJ/arcgis/rest/services/Leon_County_Sheriff_s_Office_Overwatch_Viewer_WFL1/FeatureServer/2,"Tallahassee-Leon County GIS for Leon County Sheriff's Office, FL (via ArcGIS Online)",gov-open-data,T01;T05;T07,US-FL:Leon County;US-FL:Tallahassee,11 Vigilant fixed LPR points (layer 2) + public-access and I-10 camera layers,arcgis,static (2021-05-27),11 LPR rows + camera layers,"NONE-FOUND(checked: ArcGIS item licenseInfo + accessInformation fields in hub API record, both empty)","NONE-FOUND(checked: ArcGIS item licenseInfo + accessInformation fields in hub API record, both empty)",guess:LicenseRef-PublicRecord-FactualCompilation,bytes=undetermined; facts=likely-open; derived=undetermined,none-observed,origin,new,dot_511:arcgis_query (camera_registry sweep family),2026-09-30T18:00:43Z,I3-Q004;I3-F048;I3-F058,live-read,"Motorola Solutions/Vigilant fixed LPR sites published by a sheriff's RTCC (""Overwatch"") viewer: the only Vigilant location layer found. Layer 0 ""Public Access Cameras"" (USER_PROVIDER, USER_CAM_TYPE) may include private providers -> C3 check. Historical (2021).",I3-T01-C03-G0,target,FAM-AGOL-ALPR,Motorola Solutions (Vigilant),alpr-fixed;rtcc-platform;camera-fixed-cctv,independent_account,pass,200 GET FeatureServer layer JSON (metadata only),I1#1;I1#2;I1#10;I1:state=FL
I3-C014,"Flock Cameras - Public (City of Shelbyville, TN)",https://services3.arcgis.com/0Uo0Kvp9YTHRegvR/arcgis/rest/services/Flock_Cameras_-_Public/FeatureServer/0,"City of Shelbyville, TN (via ArcGIS Online)",gov-open-data,T01,US-TN:Shelbyville,unknown count,arcgis,irregular (2026-05-11/12),unknown,"NONE-FOUND(checked: ArcGIS item licenseInfo + accessInformation fields in hub API record, both empty)","NONE-FOUND(checked: ArcGIS item licenseInfo + accessInformation fields in hub API record, both empty)",guess:LicenseRef-PublicRecord-FactualCompilation,bytes=undetermined; facts=likely-open; derived=undetermined,none-observed,origin,new,dot_511:arcgis_query (camera_registry sweep family),2026-09-30T18:00:43Z,I3-Q001;I3-F006,live-read,"Fields include DirectionFacing and monthly JanHits..DecHits per camera: a per-camera hotlist-hit AGGREGATE (no plates) -> usage-aggregate lane. Verify what ""Hits"" means before use.",I3-T01-C03-G0,target,FAM-AGOL-ALPR,Flock Safety,alpr-fixed,independent_account,pass,200 GET FeatureServer layer JSON (metadata only),I1#1;I1:state=TN
I3-C015,"Flock_WFL1 (City of Temecula, CA)",https://services3.arcgis.com/IgR6ay8jzuIj7VSF/arcgis/rest/services/Flock_WFL1/FeatureServer/0,"City of Temecula, CA (staff account, via ArcGIS Online)",gov-open-data,T01,US-CA:Temecula,unknown count,arcgis,irregular (2026-09-04),unknown,"NONE-FOUND(checked: ArcGIS item licenseInfo + accessInformation fields in hub API record, both empty)","NONE-FOUND(checked: ArcGIS item licenseInfo + accessInformation fields in hub API record, both empty)",guess:LicenseRef-PublicRecord-FactualCompilation,bytes=undetermined; facts=likely-open; derived=undetermined,none-observed,origin,new,dot_511:arcgis_query (camera_registry sweep family),2026-09-30T18:00:43Z,I3-Q001;I3-F005,live-read,"Fields ID, NUM, NAME, LAT, LONG, ROTATION, ANGLE, URL.",I3-T01-C03-G0,target,FAM-AGOL-ALPR,Flock Safety,alpr-fixed,independent_account,pass,200 GET FeatureServer layer JSON (metadata only),I1#1;I1:state=CA
I3-C016,"flock (City of Jeffersonville, IN)",https://services.arcgis.com/NuZplX0yD9b0Mx90/arcgis/rest/services/flock/FeatureServer/0,"City of Jeffersonville, IN (staff account, via ArcGIS Online)",gov-open-data,T01,US-IN:Jeffersonville,unknown count,arcgis,static (2026-01-21),unknown,"NONE-FOUND(checked: ArcGIS item licenseInfo + accessInformation fields in hub API record, both empty)","NONE-FOUND(checked: ArcGIS item licenseInfo + accessInformation fields in hub API record, both empty)",guess:LicenseRef-PublicRecord-FactualCompilation,bytes=undetermined; facts=likely-open; derived=undetermined,none-observed,origin,new,dot_511:arcgis_query (camera_registry sweep family),2026-09-30T18:00:43Z,I3-Q001;I3-F001,live-read,"Fields NAME, X_COORD, Y_COORD. Title only says ""flock"": confirm device type from the agency before asserting ALPR.",I3-T01-C03-G0,target,FAM-AGOL-ALPR,Flock Safety,alpr-fixed,independent_account,pass,200 GET FeatureServer layer JSON (metadata only),I1#1;I1:state=IN
I3-C017,"Flock Locations (City of Marble Falls, TX)",https://services8.arcgis.com/IeXFMFwivjBzu9iB/arcgis/rest/services/Flock_Locations_WFL1/FeatureServer/2,"City of Marble Falls, TX (via ArcGIS Online)",gov-open-data,T01,US-TX:Marble Falls,unknown count,arcgis,static (2025-03-20),unknown,"NONE-FOUND(checked: ArcGIS item licenseInfo + accessInformation fields in hub API record, both empty)","NONE-FOUND(checked: ArcGIS item licenseInfo + accessInformation fields in hub API record, both empty)",guess:LicenseRef-PublicRecord-FactualCompilation,bytes=undetermined; facts=likely-open; derived=undetermined,none-observed,origin,new,dot_511:arcgis_query (camera_registry sweep family),2026-09-30T18:00:43Z,I3-Q001;I3-F011;I3-F042,live-read,"Snippet ""Locations for the Public Safety Flock System""; layer 2 fields Location_Name, Street, City, State, Postal_Code, Funding (funding source per camera -> links to grants).",I3-T01-C03-G0,target,FAM-AGOL-ALPR,Flock Safety,alpr-fixed,independent_account,pass,200 GET FeatureServer layer JSON (metadata only),I1#1;I1:state=TX
I3-C018,"Flock_Camera_Location (City of Peachtree Corners, GA)",https://services3.arcgis.com/jEYjQXUX2JTVoctH/arcgis/rest/services/Flock_Camera_Location/FeatureServer/0,"City of Peachtree Corners, GA (via ArcGIS Online)",gov-open-data,T01,US-GA:Peachtree Corners,unknown count,arcgis,static (2022-11-07; mod 2023-08-21),unknown,"NONE-FOUND(checked: ArcGIS item licenseInfo + accessInformation fields in hub API record, both empty)","NONE-FOUND(checked: ArcGIS item licenseInfo + accessInformation fields in hub API record, both empty)",guess:LicenseRef-PublicRecord-FactualCompilation,bytes=undetermined; facts=likely-open; derived=undetermined,none-observed,origin,new,dot_511:arcgis_query (camera_registry sweep family),2026-09-30T18:00:43Z,I3-Q001;I3-F013,live-read,"KML-import fields (Name, FolderPath, PopupInfo).",I3-T01-C03-G0,target,FAM-AGOL-ALPR,Flock Safety,alpr-fixed,independent_account,pass,200 GET FeatureServer layer JSON (metadata only),I1#1;I1:state=GA
I3-C019,"Community Safety Cameras (Prince William County, VA)",https://services2.arcgis.com/0Q7l03Ls62VG0fy4/arcgis/rest/services/Community_Safety_Devices/FeatureServer/0,"Prince William County, VA (via ArcGIS Online)",gov-open-data,T01,US-VA:Prince William County,"29 points (returnCountOnly, live-read); status Active/Proposed/Alternative/Flex; type Flex/Permanent",arcgis,irregular (2026-09-01/10),29 rows,"NONE-FOUND(checked: ArcGIS item licenseInfo + accessInformation fields in hub API record, both empty)","NONE-FOUND(checked: ArcGIS item licenseInfo + accessInformation fields in hub API record, both empty)",guess:LicenseRef-PublicRecord-FactualCompilation,bytes=undetermined; facts=likely-open; derived=undetermined,none-observed,origin,new,dot_511:arcgis_query (camera_registry sweep family),2026-09-30T18:00:43Z,I3-Q001;I3-F023;I3-F060,live-read,"Item tags include FLOCK; snippet ""locations of community safety cameras throughout Prince William County"". Includes PROPOSED sites -> planned-deployment status (do not assert as installed).",I3-T01-C03-G0,target,FAM-AGOL-ALPR,Flock Safety,alpr-fixed,independent_account,pass,200 GET FeatureServer layer JSON (metadata only),I1#1;I1:state=VA
I3-C020,"FlockLPRCam (Milford, CT)",https://services2.arcgis.com/JUU3wfkYLZ85bP4F/arcgis/rest/services/FlockLPRCam/FeatureServer/0,"""Milford"" org (extent Milford, CT; via ArcGIS Online)",gov-open-data,T01,US-CT:Milford,unknown count,arcgis,irregular (2026-08-14/26),unknown,"NONE-FOUND(checked: ArcGIS item licenseInfo + accessInformation fields in hub API record, both empty)","NONE-FOUND(checked: ArcGIS item licenseInfo + accessInformation fields in hub API record, both empty)",guess:LicenseRef-PublicRecord-FactualCompilation,bytes=undetermined; facts=likely-open; derived=undetermined,none-observed,origin,new,dot_511:arcgis_query (camera_registry sweep family),2026-09-30T18:00:43Z,I3-Q001;I3-F022,live-read,"Fields Id, Status; description ""approximate locations, not GPS data"" -> precision caveat must travel with any claim.",I3-T01-C03-G0,target,FAM-AGOL-ALPR,Flock Safety,alpr-fixed,independent_account,pass,200 GET FeatureServer layer JSON (metadata only),I1#1;I1:state=CT
I3-C021,"Flock camera locations / Flock Camera Map (Monterey Park, CA staff accounts)",https://services9.arcgis.com/ivAMP6vRMPA12GAA/arcgis/rest/services/Flock_camera_locations/FeatureServer/0,"City of Monterey Park, CA (two city-staff accounts; org name not set)",gov-open-data,T01,US-CA:Monterey Park,unknown count,arcgis,static (2025-02..2025-12),unknown,"NONE-FOUND(checked: ArcGIS item licenseInfo + accessInformation fields in hub API record, both empty)","NONE-FOUND(checked: ArcGIS item licenseInfo + accessInformation fields in hub API record, both empty)",guess:LicenseRef-PublicRecord-FactualCompilation,bytes=undetermined; facts=likely-open; derived=undetermined,none-observed,origin,new,dot_511:arcgis_query (camera_registry sweep family),2026-09-30T18:00:43Z,I3-Q001;I3-F009,live-read,"Fields Camera_No, Street, Address, Intersection, Direction, Pole. Org-level name absent: publisher attribution rests on account names (verify).",I3-T01-C03-G0,target,FAM-AGOL-ALPR,Flock Safety,alpr-fixed,independent_account,pass,200 GET FeatureServer layer JSON (metadata only),I1#1;I1:state=CA
I3-C022,"GardenCity_Flock_Cameras (Garden City, NY; hosted in a Mark43 org)",https://services7.arcgis.com/uFAr0LUPy14bDaLg/arcgis/rest/services/GardenCity_Flock_Cameras_022526/FeatureServer/0,A staff account in the ArcGIS org that also hosts Mark43 staff layers (vendor-hosted; agency not confirmed),gov-open-data,T01,US-NY:Garden City,two snapshots 2026-02-25 and 2026-02-27,arcgis,static,unknown,"NONE-FOUND(checked: ArcGIS item licenseInfo + accessInformation fields in hub API record, both empty)","NONE-FOUND(checked: ArcGIS item licenseInfo + accessInformation fields in hub API record, both empty)",guess:LicenseRef-PublicRecord-FactualCompilation,bytes=undetermined; facts=likely-open; derived=undetermined,none-observed,derived-from:unknown-agency-origin,new,dot_511:arcgis_query (camera_registry sweep family),2026-09-30T18:00:43Z,I3-Q001;I3-F015,live-read,"Vendor (Mark43 RMS/CAD) ArcGIS org hosting a customer's Flock camera list -> lineage uncertain (derived-from agency data). Same org hosts ""CGPD LPR Hits"" (plate-level; I3-C036) and camreg_mark43 CCTV (registered). Treat as lead to Garden City (Village) PD origin.",I3-T01-C03-G0,target,FAM-AGOL-ALPR,Flock Safety,alpr-fixed,republished_document,flag,200 GET FeatureServer layer JSON (metadata only),I1#1;I1:state=NY
I3-C023,"LPR Cameras (City of Elgin, IL)",https://services5.arcgis.com/tsDpkyNqjjzAB8LP/arcgis/rest/services/LPR_Cameras/FeatureServer/0,"City of Elgin, IL (via ArcGIS Online)",gov-open-data,T01,US-IL:Elgin,unknown count,arcgis,irregular (2026-08-31),unknown,"NONE-FOUND(checked: ArcGIS item licenseInfo + accessInformation fields in hub API record, both empty)","NONE-FOUND(checked: ArcGIS item licenseInfo + accessInformation fields in hub API record, both empty)",guess:LicenseRef-PublicRecord-FactualCompilation,bytes=undetermined; facts=likely-open; derived=undetermined,none-observed,origin,new,dot_511:arcgis_query (camera_registry sweep family),2026-09-30T18:00:43Z,I3-Q004;I3-F028,live-read,"Fields Location, CameraCount. Same org publishes ""LPR Public Feedback Form"" (Survey123) -> a public-consultation record; form rows BLOCK (private persons).",I3-T01-C03-G0,target,FAM-AGOL-ALPR,unknown,alpr-fixed,independent_account,pass,200 GET FeatureServer layer JSON (metadata only),I1#1;I1:state=IL
I3-C024,"LPR Cameras (City of South Fulton, GA)",https://services3.arcgis.com/y2BJK2GUfoTwH7py/arcgis/rest/services/LPR_Cameras_WFL1/FeatureServer/0,"City of South Fulton, GA (via ArcGIS Online)",gov-open-data,T01,US-GA:South Fulton,unknown count,arcgis,static (2024-03-20),unknown,"NONE-FOUND(checked: ArcGIS item licenseInfo + accessInformation fields in hub API record, both empty)","NONE-FOUND(checked: ArcGIS item licenseInfo + accessInformation fields in hub API record, both empty)",guess:LicenseRef-PublicRecord-FactualCompilation,bytes=undetermined; facts=likely-open; derived=undetermined,none-observed,origin,new,dot_511:arcgis_query (camera_registry sweep family),2026-09-30T18:00:43Z,I3-Q004;I3-F037,live-read,"Fields Name, Location. The same org also publishes ""COSF Police Camera Locations"" (item 7c00abbc53, found I3-Q086; schema not read) -> T07 police cameras.",I3-T01-C03-G0,target,FAM-AGOL-ALPR,unknown,alpr-fixed,independent_account,pass,200 GET FeatureServer layer JSON (metadata only),I1#1;I1:state=GA
I3-C025,"Stationary LPR (Pittsylvania County, VA)",https://services2.arcgis.com/mTpBDvIjv8OhMDVd/arcgis/rest/services/Stationary_LPR/FeatureServer/74,"Pittsylvania County, VA (via ArcGIS Online)",gov-open-data,T01,US-VA:Pittsylvania County,unknown count,arcgis,static (2025-12-12),unknown,"NONE-FOUND(checked: ArcGIS item licenseInfo + accessInformation fields in hub API record, both empty)","NONE-FOUND(checked: ArcGIS item licenseInfo + accessInformation fields in hub API record, both empty)",guess:LicenseRef-PublicRecord-FactualCompilation,bytes=undetermined; facts=likely-open; derived=undetermined,none-observed,origin,new,dot_511:arcgis_query (camera_registry sweep family),2026-09-30T18:00:43Z,I3-Q004;I3-F033;I3-F045,live-read,"Layer 74 ""Stationary LPR"" (field Location).",I3-T01-C03-G0,target,FAM-AGOL-ALPR,unknown,alpr-fixed,independent_account,pass,200 GET FeatureServer layer JSON (metadata only),I1#1;I1:state=VA
I3-C026,"LPR_Cameras (City of Alabaster, AL staff account)",https://services5.arcgis.com/Z1v85DZS9DpIp2Y6/arcgis/rest/services/LPR_Cameras/FeatureServer/1,"City of Alabaster, AL (city-staff account)",gov-open-data,T01,US-AL:Alabaster,unknown count,arcgis,irregular (2024-10-24; mod 2026-09-23),unknown,"NONE-FOUND(checked: ArcGIS item licenseInfo + accessInformation fields in hub API record, both empty)","NONE-FOUND(checked: ArcGIS item licenseInfo + accessInformation fields in hub API record, both empty)",guess:LicenseRef-PublicRecord-FactualCompilation,bytes=undetermined; facts=likely-open; derived=undetermined,none-observed,origin,new,dot_511:arcgis_query (camera_registry sweep family),2026-09-30T18:00:43Z,I3-Q004;I3-F030;I3-F046,live-read,"Layer 1 fields Type, Company, Agency, CameraNumber, SerialNumber, Status -> vendor and operating agency per camera.",I3-T01-C03-G0,target,FAM-AGOL-ALPR,unknown,alpr-fixed,independent_account,pass,200 GET FeatureServer layer JSON (metadata only),I1#1;I1:state=AL
I3-C027,Flock Expansion Map (Brazoria-area staff account),https://services7.arcgis.com/U8F7GX7z2oGyKvaa/arcgis/rest/services/Flock_Expansion_Map/FeatureServer/1,"Brazoria-named staff account (org name not set; extent Brazoria County, TX area)",gov-open-data,T01,US-TX:Brazoria County,"Cameras layer 1 (Location, Current_, EntryExit, Top20) + crime layers",arcgis,static (2025-12-09),unknown,"NONE-FOUND(checked: ArcGIS item licenseInfo + accessInformation fields in hub API record, both empty)","NONE-FOUND(checked: ArcGIS item licenseInfo + accessInformation fields in hub API record, both empty)",guess:LicenseRef-PublicRecord-FactualCompilation,bytes=undetermined; facts=likely-open; derived=undetermined,free-text-narrative;private-person-name,origin,new,dot_511:arcgis_query (camera_registry sweep family),2026-09-30T18:00:43Z,I3-Q001;I3-F007;I3-F047,live-read,Camera layer is planning (current vs proposed). Crime layers 2/4 carry Case_Number and Address -> never ingest those. Publisher unresolved (county vs city).,I3-T01-C03-G0,target,FAM-AGOL-ALPR,Flock Safety,alpr-fixed,independent_account,flag,200 GET FeatureServer layer JSON (metadata only),I1#1;I1:state=TX
I3-C028,Municipal GIS feeds built for Flock integration (FlockOS address/beat/sector layers) - LEAD,https://hub.arcgis.com/api/search/v1/collections/dataset/items?q=flock,Multiple: City of Johns Creek GA; City of Carrollton TX; City of Pearland TX; City of Murfreesboro TN; Athens-Clarke County GA (ACCPD),gov-open-data,T01;T05,US-GA:Johns Creek;US-TX:Carrollton;US-TX:Pearland;US-TN:Murfreesboro;US-GA:Athens-Clarke County,5 publishers (live-read titles/owners in hub API),arcgis,static,n/a (no device points),"NONE-FOUND(checked: ArcGIS item licenseInfo + accessInformation fields in hub API record, both empty)","NONE-FOUND(checked: ArcGIS item licenseInfo + accessInformation fields in hub API record, both empty)",guess:LicenseRef-PublicRecord-FactualCompilation,bytes=undetermined; facts=likely-open; derived=undetermined,officer-name;free-text-narrative,origin,new,dot_511:arcgis_query (camera_registry sweep family),2026-09-30T18:00:43Z,I3-Q001;I3-L001;I3-F003;I3-F019,live-read,"LEAD-ONLY. Layers named ""Flock"" / ""AddressPoints_Flock"" / ""Subdivisions_Flock"" / ""Flock_Sectors"" / ""Site Addresses FLOCK"" / ""Police Beats for Flock OS"" evidence that an agency configured a Flock product (FlockOS/Flock map integration) - a T05 deployment signal without device locations. ACCPD ""New Flock Camera Analysis Locations"" layer 0 is incident rows with an Officer field -> BLOCK rows; programme fact only. Use only as corroboration of a deployment evidenced elsewhere (agenda/contract).",I3-T01-C03-G0,family,FAM-AGOL-FLOCKOS,Flock Safety,rtcc-platform;alpr-fixed,independent_account,block,200 GET FeatureServer layer JSON (metadata only),I1#1;I1#2
I3-C029,TDOT Automated License Plate Readers (hosted by STV Inc. consultant org),https://services2.arcgis.com/nf3p7v7Zy4fTOh6M/arcgis/rest/services/Automated_License_Plate_Readers/FeatureServer/0,"Tennessee Department of Transportation, Bureau of Engineering (per item accessInformation) via consultant STV Inc. org",gov-open-data,T01,US-TN,unknown (token required),arcgis,unknown (2024-01-17),unknown,"NONE-FOUND(checked: ArcGIS item licenseInfo + accessInformation fields in hub API record, both empty)","NONE-FOUND(checked: ArcGIS item licenseInfo + accessInformation fields in hub API record, both empty)",guess:LicenseRef-PublicRecord-FactualCompilation,bytes=undetermined; facts=likely-open; derived=undetermined,none-observed,mirror-of:TDOT-origin-unknown,new,dot_511:arcgis_query (camera_registry sweep family),2026-09-30T18:00:43Z,I3-Q002;I3-F025,live-read,LEAD-ONLY: hub lists the item publicly but the service returns 499 Token Required -> INACCESSIBLE without credentials (never requested). Evidences a TDOT ALPR inventory; pursue via TDOT open-data or records (operator decision).,I3-T01-C03-G0,target,FAM-AGOL-ALPR,unknown,alpr-fixed,republished_document,pass,200 GET body error 499 Token Required,I1#1;I1#10;I1:state=TN
I3-C030,ALPR Collection Survey (Illinois State Police),https://hub.arcgis.com/api/search/v1/collections/dataset/items?q=ALPR,Illinois State Police (org source per hub record),gov-open-data,T01,US-IL,file geodatabase item (XForm survey; size not read),arcgis,static (2023-03-06/04-03),unknown,"NONE-FOUND(checked: ArcGIS item licenseInfo + accessInformation fields in hub API record, both empty)","NONE-FOUND(checked: ArcGIS item licenseInfo + accessInformation fields in hub API record, both empty)",guess:LicenseRef-PublicRecord-FactualCompilation,bytes=undetermined; facts=likely-open; derived=undetermined,private-person-name,origin,new,dot_511:arcgis_query (camera_registry sweep family),2026-09-30T18:00:43Z,I3-Q002,live-read,"LEAD-ONLY: File Geodatabase item ""ALPR Collection Survey"" in the ISP ArcGIS org (not downloaded, R6). Evidences an ISP ALPR survey/collection effort (context: Illinois expressway camera programme, inference). Ask ISP for published ALPR site lists or reports; do not download the survey file (may hold respondent names).",I3-T01-C03-G0,target,FAM-AGOL-ALPR,unknown,alpr-fixed,independent_account,flag,hub record only; item bytes not fetched,I1#1;I1#4;I1:state=IL
I3-C031,MO License Plate Reader (LPR) Success Stories survey (Missouri Office of Homeland Security via SEMA org),https://services2.arcgis.com/jWXb6JPWtBjOCalT/arcgis/rest/services/survey123_19ed4a17a3444c5cb1eabdcafbd776b1_fieldworker/FeatureServer/0,Missouri State Emergency Management Agency / Office of Homeland Security (via ArcGIS Online),gov-open-data,T01,US-MO,unknown,arcgis,irregular (2022-03-22; mod 2026-07-07),unknown,https://www.mo.gov/data-policy/,"licenseInfo: ""Missouri Data Policy: https://www.mo.gov/data-policy/"" (policy page not fetched)",guess:LicenseRef-PublicRecord-FactualCompilation,bytes=undetermined; facts=likely-open; derived=undetermined,private-person-name;person-level-enforcement;officer-name,origin,new,dot_511:arcgis_query (camera_registry sweep family),2026-09-30T18:00:43Z,I3-Q004;I3-F039,live-read,"Metadata-only. Snippet: ""A survey was established to collect data from law enforcement agencies referencing the successes of license plate readers funded by Office of Homeland Security."" Fields include submitter, telephone, e_mail, arrests, missing-person -> BLOCK rows. Evidences a Missouri state-funded LPR grant programme (T01 grant lane -> I6 C10 cross-ref). licenseInfo: ""Missouri Data Policy: https://www.mo.gov/data-policy/"".",I3-T01-C03-G0,channel,FAM-AGOL-ALPR,unknown,alpr-fixed,independent_account,block,200 GET FeatureServer layer JSON (metadata only),I1#1;I1#4;I1:state=MO
I3-C032,New ALPR Location Request (Cuyahoga County OEM Survey123),https://services7.arcgis.com/GXM8JipKyc0m6HBi/arcgis/rest/services/survey123_4de7fa9232d542f6a185093c63d31bce_fieldworker/FeatureServer/0,"Cuyahoga County, OH Office of Emergency Management (via ArcGIS Online)",gov-open-data,T01,US-OH:Cuyahoga County,unknown,arcgis,irregular (2022-06-07; mod 2026-09-01),unknown,"NONE-FOUND(checked: ArcGIS item licenseInfo + accessInformation fields in hub API record, both empty)","NONE-FOUND(checked: ArcGIS item licenseInfo + accessInformation fields in hub API record, both empty)",guess:LicenseRef-PublicRecord-FactualCompilation,bytes=undetermined; facts=likely-open; derived=undetermined,private-person-name,origin,new,dot_511:arcgis_query (camera_registry sweep family),2026-09-30T18:00:43Z,I3-Q002;I3-F026,live-read,"Metadata-only: fields first_name, last_name, county, municipality, e_mail_address, phone_number -> BLOCK rows. Evidences a county-run ALPR programme taking municipal location requests (programme lead for agenda/contract search).",I3-T01-C03-G0,channel,FAM-AGOL-ALPR,unknown,alpr-fixed,independent_account,block,200 GET FeatureServer layer JSON (metadata only),I1#1;I1:state=OH
I3-C033,Flock camera GPS locations 2025 (Virginian-Pilot CSV item),https://hub.arcgis.com/api/search/v1/collections/dataset/items?q=flock%20camera,The Virginian-Pilot (newspaper) ArcGIS account,journalism,T01,US-VA:Norfolk;US-VA:Virginia Beach;US-VA:Chesapeake,CSV item (not downloaded),arcgis,static (2025-11-21),unknown,"NONE-FOUND(checked: ArcGIS item licenseInfo + accessInformation fields in hub API record, both empty)","NONE-FOUND(checked: ArcGIS item licenseInfo + accessInformation fields in hub API record, both empty)",guess:LicenseRef-Journalism-Copyright (facts only),bytes=undetermined; facts=likely-open; derived=undetermined,none-observed,derived-from:agency-records(unknown),new,dot_511:arcgis_query (camera_registry sweep family),2026-09-30T18:00:43Z,I3-Q001;I3-Q005,live-read,"Journalism dataset (probably records-derived Hampton Roads Flock GPS list; inference). Lineage: derived-from agency records (origin unknown). The University of Arizona GIS ""Flock Cameras Hampton Roads"" layers appear derived from it (inference). Closes GL1 thin cities Norfolk/Chesapeake/Virginia Beach if origin records are found. CSV not downloaded (R6 metadata-first).",I3-T01-C03-G0,target,FAM-AGOL-ALPR,Flock Safety,alpr-fixed,derived_summary,flag,hub record only; CSV not fetched,I1:city=Norfolk;I1:city=Chesapeake;I1:city=Virginia Beach;I1#1
I3-C034,Research-compiled checkpoint / stand-alone ALPR datasets (University of Arizona GIS; WUSTL KML),https://hub.arcgis.com/api/search/v1/collections/dataset/items?q=ALPR,University of Arizona GIS (the account already registered as camreg_duganmeyer); a Washington University in St. Louis account,academic,T01;T03,US,"2 UA layers (""Checkpoint and POE ALPR Dataset - 2 June 2025"", ""Stand Alone ALPR Dataset - 1 September 2025"") + 1 WUSTL KML",arcgis,static (2025),unknown,"NONE-FOUND(checked: ArcGIS item licenseInfo + accessInformation fields in hub API record, both empty)","NONE-FOUND(checked: ArcGIS item licenseInfo + accessInformation fields in hub API record, both empty)",guess:LicenseRef-PublicRecord-FactualCompilation,bytes=undetermined; facts=likely-open; derived=undetermined,none-observed,derived-from:unknown,related:camreg_duganmeyer,dot_511:arcgis_query (camera_registry sweep family),2026-09-30T18:00:43Z,I3-Q002,live-read,Academic compilations (CBP checkpoint/port-of-entry ALPR; boundary rule 4: ALPR stays I3). Same owner as registered camreg_duganmeyer; related to camreg_stanford_us ALPR_Checkpoints. derived-from unknown origins -> not independent.,I3-T01-C03-G0,target,FAM-AGOL-ALPR,unknown,alpr-checkpoint,derived_summary,pass,200 GET FeatureServer layer JSON (metadata only),I1#10;NEW-5
I3-C035,SCV FLOCK LOCAL (NAPSG Foundation OSM export),https://services.arcgis.com/0ZRg6WRC7mxSLyKX/arcgis/rest/services/SCV_FLOCK_LOCAL/FeatureServer/0,NAPSG Foundation (staff account),other,T01,US-CA:Santa Clarita (inference from title),unknown,arcgis,static (2026-09-08),unknown,"NONE-FOUND(checked: ArcGIS item licenseInfo + accessInformation fields in hub API record, both empty)","NONE-FOUND(checked: ArcGIS item licenseInfo + accessInformation fields in hub API record, both empty)",guess:ODbL-1.0,bytes=undetermined; facts=likely-open; derived=undetermined,none-observed,mirror-of:camreg_osm_surveillance,related:camreg_osm_surveillance,dot_511:arcgis_query (camera_registry sweep family),2026-09-30T18:00:43Z,I3-Q001;I3-F010,live-read,"Fields osmId, osmType, brand, operator, surveillanceZone -> an OSM/DeFlock export republished: mirror, not independent (NEW-5 pattern). Record only to prevent double counting.",I3-T01-C03-G0,target,FAM-AGOL-ALPR,Flock Safety,alpr-fixed,same_bytes,pass,200 GET FeatureServer layer JSON (metadata only),NEW-5
I3-C036,HAZARD: publicly readable ArcGIS layers holding ALPR plate reads / search results (metadata only),https://services.arcgis.com/9tC74aDHuml0x5Yz/arcgis/rest/services/Flock_Safety_Search_Results_10_16_2024_10_21_24AM/FeatureServer/0,"Accounts in: City of Oakland GIS org; a lakeway-tx.gov account; a Mark43-hosted org (""CGPD LPR Hits"", tag demo tenant); National Fusion Center Association (""LPR Hits"" 2016-17); ccdps.org (""Patrol1_LPR_Data"" CFS); personal CSV ""Flock_Search_Results_5_20_2025""",gov-open-data,T01;T03,US-CA:Oakland;US-TX:Lakeway;US-FL;US,6 items (live-read schemas for 5; CSV not fetched),arcgis,static,NOT READ,"NONE-FOUND(checked: ArcGIS item licenseInfo + accessInformation fields in hub API record, both empty)","NONE-FOUND(checked: ArcGIS item licenseInfo + accessInformation fields in hub API record, both empty)",guess:LicenseRef-PublicRecord-FactualCompilation,bytes=undetermined; facts=likely-open; derived=undetermined,plate-level;per-search-audit;person-level-enforcement;free-text-narrative,origin,new,dot_511:arcgis_query (camera_registry sweep family),2026-09-30T18:00:43Z,I3-Q001;I3-Q004;I3-F020;I3-F021;I3-F032;I3-F034;I3-F036,live-read,"BLOCK - never ingest, never read rows. Layer schemas show Plate, Capture_Time, Capture_Network, Capture_Camera, lat/lon (Oakland org; Lakeway adds Image_File_Name) and PLATE, HOTLIST_REASON, TIMESTAMP, ADDRESS (CGPD). These are Flock ""search results"" exports published as public feature services. Hazard for SIG's own ArcGIS camera-registry sweeps: titles contain ""Flock""/""LPR"" and would match keyword discovery. Raised as finding NEW-1 (incoming/I3.csv).",I3-T01-C03-G0,family,FAM-HAZARD,Flock Safety,alpr-fixed,independent_account,block,200 GET layer JSON (schema only),NEW-5
I3-C037,All license plate reader data (ALPR) - Oakland per-read datasets 2010-2014 (15 Socrata views),https://data.oaklandca.gov/api/views/wy2w-ue82.json,"City of Oakland, CA (data.oaklandca.gov)",gov-open-data,T01;T02,US-CA:Oakland,15 dataset views (Socrata resultSetSize 16 for q=ALPR; live-read),socrata,static (updatedAt 2015),NOT READ,http://opendatacommons.org/licenses/by/1.0/,"Socrata view license: ""Open Data Commons Attribution License"" termsLink http://opendatacommons.org/licenses/by/1.0/",guess:ODC-By-1.0,bytes=prohibited-by-terms; facts=undetermined; derived=undetermined,plate-level,origin,new,dot_511:socrata_rows (MUST NOT be used),2026-09-30T18:06:52Z,I3-Q007;I3-Q008;I3-F062,live-read,"BLOCK. Columns red_vrm (plate), red_timestamp, location_1 = per-read plate data (SIG-PUB-002). rights_lane bytes marked prohibited on Part VIII grounds, not licence. Recorded so no Socrata sweep ingests it; aggregate lane (reads per period) is possible only by a reviewed aggregation outside SIG. Already the historical basis of EFF reporting (inference).",I3-T01-C03-G0,family,FAM-HAZARD,unknown,alpr-mobile;alpr-fixed,independent_account,block,200 GET /api/views metadata only,NEW-5
I3-C038,Automatic License Plate Recognition Systems: Summary of State Laws (Sept 2025) + ALPRS fact sheet (Dec 2025),https://legislativeanalysis.org/wp-content/uploads/2025/09/Automatic-License-Plate-Recognition-Systems-Summary-of-State-Laws.pdf,"Legislative Analysis and Public Policy Association (LAPPA, formerly NAMSDL); ONDCP Model Acts Program",ngo,T01;T02;T03;T04,US;US-VI;US-PR;US-GU,"50 states + DC + territories; 119 pp; ""Research current as of September 2025"" (live-read)",pdf,irregular (2025-09 edition; fact sheet 2025-12),119-page PDF (6.9 MB),https://legislativeanalysis.org/wp-content/uploads/2025/09/Automatic-License-Plate-Recognition-Systems-Summary-of-State-Laws.pdf,"""(c) 2025 Legislative Analysis and Public Policy Association. This document is intended for informational purposes only and does not constitute legal advice or opinion.""",guess:LicenseRef-Copyright-AllRightsReserved (facts + statute citations only),bytes=likely-restricted; facts=likely-open; derived=undetermined,none-observed,derived-from:state statutes,related:state_alpr_statute_inventory,state_statute_seed (refresh the 2022-02-03 NCSL seed); dossier_documents:pdf_text,2026-09-30T18:12:06Z,I3-Q013;I3-F063;I3-F064,live-read,"Inventory-first source for the GS enumeration: audits required in AL, ID, MD, MN, MT, NC, VA, VI; aggregate reports to a specified entity in AL, AR, CA, MD, NE, NH, NC, OK, VT, VA, VI; logs in 11 states; MN BCA public fixed-reader list (fn 45); AR biannual statistics incl. private operators (fn 42-43). Supersedes the frozen NCSL seed (16 states, 2022) that lacks VA (SIG-INGEST-049f). A later NCSL 2026-07 ALPR document exists on cdt.org but returned 403 (not read).",I3-T01-C11-GS,channel,,,alpr-fixed;alpr-mobile,derived_summary,pass,200 GET,I1#4;I1#10
I3-C039,Agencies that use License Plate Readers (LPR) - Minnesota BCA statutory public list,https://dps.mn.gov/agencies-use-lprs-lpr,"Minnesota Department of Public Safety, Bureau of Criminal Apprehension",statutory-report,T01;T02,US-MN,116 agency panels; 88 list stationary reader locations (~726 list items); counts by local parse of the page JSON (I3-L003),html,"irregular (updated on agency notification within 10 days, per 13.824 subd. 8)",1 page; ~726 location strings,NONE-FOUND(checked: https://dps.mn.gov/agencies-use-lprs-lpr page footer),NONE-FOUND,guess:LicenseRef-PublicRecord-FactualCompilation (MN Gov. Data Practices Act public data),bytes=undetermined; facts=likely-open; derived=undetermined,none-observed,origin,new,dossier_documents:html_text (page JSON in __NEXT_DATA__); new:mn_bca_lpr_list,2026-09-30T18:12:55Z,I3-Q014;I3-Q015;I3-L003;I3-F066;I3-F067,live-read,"STATUTORY ORIGIN LIST: Minn. Stat. 13.824 subd. 8(b) requires the BCA to keep a public list of agencies using ALPR ""including locations of any fixed stationary automated license plate readers"". Page text: ""This includes devices mounted on a law enforcement vehicle and those in stationary or fixed locations."" Locations are text (intersections), not coordinates -> geocoding needed. No vendor named (vendor from LRL audits, I3-C040). The Atlas cites this page (61 links) but only as row evidence; SIG has no origin row. Closes I1#4 for MN and gives a state-wide denominator of ALPR-using agencies (121 names).",I3-T01-C04-GS,publisher,,,alpr-fixed;alpr-mobile,independent_account,pass,200 GET 2026-09-30T18:12:55Z,I1#4;I1#1;I1:state=MN
I3-C040,Minnesota Legislative Reference Library - mandated ALPR biennial audit reports (Minn. Stat. 13.824 subd. 6),https://www.lrl.mn.gov/docs/2026/mandated/261027.pdf,Minnesota Legislative Reference Library (deposit of agency-commissioned independent audits),statutory-report,T01;T02;T03,US-MN,per-agency biennial audits 2017-2026 (sample 2026 audit read); Atlas cites only 16 ALPR LRL links (I3-L002) vs 121 ALPR agencies on the BCA list -> most audits not in SIG,pdf,biennial per agency,~5 pp per audit (sample),NONE-FOUND(checked: sample PDF only),NONE-FOUND,"guess:LicenseRef-PublicRecord (audit results are public by statute: ""The results of the audit are public."")",bytes=undetermined; facts=likely-open; derived=undetermined,officer-name,origin,new,dossier_documents:pdf_text; new:lrl_mandated_index,2026-09-30T18:13:43Z,I3-Q016;I3-L002;I3-F068,live-read,"Sample (Belle Plaine PD, audited 2026-04-28) states vendor (Flock), number of stationary readers (5), storage (AWS), audit period, sharing, BCA notification compliance. Addressed to the chief (institutional name -> flag, drop at extraction). URL pattern lrl.mn.gov/docs/<yr>/mandated/<id>.pdf; enumeration needs the LRL mandates index (not fetched; WebSearch budget exhausted).",I3-T01-C04-GS,channel,,Flock Safety,alpr-fixed,independent_account,flag,200 GET,I1#4;I1#1;I1:state=MN
I3-C041,Code of Virginia 2.2-5517 Use of automatic license plate recognition systems by law-enforcement agencies (eff. 2025-07-01),https://law.lis.virginia.gov/vacode/title2.2/chapter55.6/section2.2-5517/,Virginia General Assembly (Legislative Information System),legislation,T01;T02;T03;T04,US-VA,"1 statute; subsections D-L (use limits, 21-day retention, no out-of-state/federal/private sharing, annual agency reports, VSP aggregate, public posting)",html,static (amended by session laws),1 page,https://law.lis.virginia.gov/vacode/title2.2/chapter55.6/section2.2-5517/,NONE-FOUND (statute text; government-edicts doctrine - verify),guess:LicenseRef-GovernmentEdict,bytes=undetermined; facts=likely-open; derived=undetermined,none-observed,origin,related:state_alpr_statute_inventory,state_statute_seed; accountability:openstates,2026-09-30T18:14:38Z,I3-Q017;I3-F070,live-read,"VA is ABSENT from the frozen seed. Duties: I (agency report to VSP by Apr 1), J (VSP aggregate to Governor/GA/VSCC by Jul 1), K (agency must publicly post its policy and its report), F (no sharing with other-state, federal, private or commercial databases). SIG-INGEST-050: register duties now.",I3-T01-C11-GS,target,,,alpr-fixed;alpr-mobile,independent_account,pass,200 GET,I1#4;I1#10
I3-C042,"Virginia State Police - ALPR Reporting Requirements (v2, 2026-03) and annual aggregate ALPR report (2.2-5517(J))",https://vsp.es.virginia.gov/wp-content/uploads/2026/03/ALPR-Reporting-Requirements-v2.pdf,"Virginia Department of State Police, CJIS Data Analysis & Reporting Team",statutory-report,T01;T02;T03,US-VA,statewide; quarterly agency submissions + annual aggregate (first aggregate due 2026-07-01; not located - WebSearch unavailable),pdf,annual (aggregate); quarterly agency forms,4-page spec,NONE-FOUND(checked: spec PDF),NONE-FOUND,guess:LicenseRef-PublicRecord,bytes=undetermined; facts=likely-open; derived=undetermined,none-observed,origin,new,dossier_documents:pdf_text,2026-09-30T18:14:37Z,I3-Q017;I3-F069,live-read,"Spec lists metrics: cameras owned/leased by type (vehicle-mounted, fixed, temporary), queries, stops by notification reason, and driver demographics from CPA/IBR extracts -> aggregate lane only (demographics are aggregates; never person rows). LEAD for the aggregate report itself.",I3-T01-C04-GS,publisher,,,alpr-fixed;alpr-mobile,independent_account,pass,200 GET,I1#4;I1#10;I1:state=VA
I3-C043,Virginia State Crime Commission - Law Enforcement Use of ALPR Update (Jan 2026) and 2025 Annual Report chapter,https://vscc.virginia.gov/2026/VSCC%20ALPR%20Report%20January%202026%20FINAL%20REVISED%20Jan%2021%202026.pdf,Virginia State Crime Commission,statutory-report,T01;T02;T04,US-VA,"statewide survey: 159 responding agencies using ALPR; vendor counts Flock Safety 137, Leonardo 12, Motorola 12, Thomson Reuters/CLEAR LPR 6, other 12 (live-read)",pdf,annual (mandated through 2032 per report),16 pp,NONE-FOUND(checked: report PDF),NONE-FOUND,guess:LicenseRef-PublicRecord,bytes=undetermined; facts=likely-open; derived=undetermined,none-observed,origin,new,dossier_documents:pdf_text,2026-09-30T18:14:40Z,I3-Q017;I3-F071,live-read,"Agency-level survey aggregates by agency type and vendor; notes VSP approved 8 ALPR systems (list ""continuously updated""; approved-system use required by 2026-07-01) and VSP model policy. Thomson Reuters/CLEAR LPR (6 agencies) = commercial plate data subscriptions (T04). Staff names in front matter (institutional).",I3-T01-C04-GS,publisher,,Flock Safety;Leonardo;Motorola Solutions;Thomson Reuters,alpr-fixed;plate-data-commercial-unspecified,independent_account,pass,200 GET,I1#4;I1#1;I1:state=VA
I3-C044,Virginia law-enforcement agency public postings of ALPR policy and annual report (2.2-5517(K)) - LEAD,https://law.lis.virginia.gov/vacode/title2.2/chapter55.6/section2.2-5517/,~159 Virginia law-enforcement agencies (each agency posts its own),statutory-report,T01;T02;T03,US-VA,~159 agencies (VSCC survey count); no posting sampled,other,annual (reports due Apr 1),unknown,NONE-FOUND,NONE-FOUND,guess:LicenseRef-PublicRecord,bytes=undetermined; facts=likely-open; derived=undetermined,none-observed,origin,new,dossier_documents:pdf_text|html_text; agenda/website discovery per agency,2026-09-30T18:14:38Z,I3-Q017,live-read,"LEAD-ONLY: statutory duty ""shall publicly post the policy ... and the report"" (K). EoF lists 113 VA portals; per-agency posts are a second, non-Flock origin for the same agencies. Not sampled (WebSearch budget exhausted).",I3-T01-C05-GS,channel,,,alpr-fixed,independent_account,pass,duty verified at statute; postings not fetched,I1#4;I1#1;I1:state=VA
I3-C045,New Jersey State Police - 2024 Audit of ALPR Data Collected/Utilized by NJ Law Enforcement Agencies (dead link),https://nj.gov/njsp/ALPR/pdf/2024_Audit_Automated_License_Plate_Recognition_(ALPR)_Data_Collected_Utilized_NJ_Law_Enforcement_Agencies.pdf,New Jersey State Police,statutory-report,T01;T02;T03,US-NJ,statewide audit cited by 401 Atlas rows (I3-L004); origin now 404,pdf,annual (inference from title),unknown,NONE-FOUND,NONE-FOUND,guess:LicenseRef-PublicRecord,bytes=undetermined; facts=likely-open; derived=undetermined,none-observed,origin,related:eff_atlas_of_surveillance,dossier_documents:pdf_text,2026-09-30T18:16:23Z,I3-L004;I3-F072;I3-F073;I3-F074,live-read,INACCESSIBLE: HTTP 404 at origin and on /njsp/ALPR/; archive.org availability API returned 429 (host stopped). LEAD: NJ AG ALPR directive audit series; find current NJSP/NJOAG location. Finding NEW-2 (citation rot).,I3-T01-C04-GS,publisher,,,alpr-fixed;alpr-mobile,independent_account,pass,404 GET 2026-09-30T18:16:23Z,I1#4;I1:state=NJ
I3-C046,CityProtect agency pages (Motorola Solutions CommandCentral Community / camera registry),https://www.cityprotect.com/agency/sccso,Motorola Solutions (CityProtect platform) on behalf of each agency,vendor-portal,T06;T05,US,111 distinct /agency/<slug> pages cited by 113 Atlas camera-registry rows (I3-L004),html,unknown,111+ agency pages,NOT-CHECKED (terms link not present in the JS shell),NONE-FOUND,guess:LicenseRef-VendorToS-Unknown,bytes=undetermined; facts=undetermined; derived=undetermined,private-registrant-location,origin,new,new:vendor_listing (NOT without terms review),2026-09-30T18:16:35Z,I3-L004;I3-F075,live-read,"Page is an Angular shell (content client-rendered); API not probed (R4). Motorola's private-camera registry product: no SIG row exists (I1 vendor view: ""no Motorola registry channel""). Programme-level facts only; registrant data never.",I3-T06-C01-G0,channel,,Motorola Solutions,private-camera-registry,independent_account,flag,200 GET (JS shell),I1#2
I3-C047,CrimeWatch agency Camera Registry web forms (e.g. Payson PD),https://crimewatch.net/us/az/gila/payson-pd/281034/webforms/camera-registry,"CRIMEWATCH Technologies, Inc. (platform) for each agency",vendor-portal,T06,US,30 Atlas-cited agency camera-registry forms (+ PA county crimewatchpa.com sites) (I3-L004),html,unknown,30+ agency forms,https://crimewatch.net/us/az/gila/payson-pd/terms,"""Use any automated system (including bots, crawlers, or scraping tools) to access, extract, or index any portion of the Services without our prior written consent""",guess:LicenseRef-VendorToS-NoAutomatedAccess,bytes=prohibited-by-terms; facts=likely-open; derived=undetermined,private-registrant-location;private-person-name,origin,new,none (terms prohibit automated access); link-only programme facts,2026-09-30T18:16:42Z,I3-L004;I3-F076;I3-F077,live-read,"Form text states the registry programme and registrant terms (""Please complete this form to register your security cameras with the Payson Police Department""). Programme existence per agency is a fact; the platform forbids automated access -> manual/link-only lane.",I3-T06-C01-G0,channel,,CRIMEWATCH,private-camera-registry,independent_account,flag,200 GET,I1#2
I3-C048,Legistar council matters evidencing ALPR / RTCC / registry decisions across registered tenants (family),"https://webapi.legistar.com/v1/{client}/matters?$filter=substringof('Flock',MatterTitle)",US city/county councils on Legistar (294 verified tenants in agenda_tenants.toml),agenda,T01;T03;T04;T05;T06,US,"ALPR title filter hit in 10 of 13 tenants queried (Nashville, Albuquerque, Cleveland, Detroit, St Paul, Madison, Dallas, Columbus, Louisville, Brazoria County; 0 in Atlanta, Kansas City, Richmond VA) (live-read)",api,irregular (council cycle),2-17 matching matters per tenant,NOT-CHECKED (Legistar Web API terms; registry row legistar governs),NONE-FOUND,guess:LicenseRef-PublicRecord (meeting records),bytes=undetermined; facts=likely-open; derived=undetermined,private-person-name,origin,related:legistar,"procurement:legistar - add a technology/vendor keyword pass (Flock, License Plate, LPR, Fusus, Real Time Crime, Green Light, Vigilant) over already-enumerated tenants",2026-09-30T18:18:31Z,I3-Q019;I3-Q022;I3-Q023;I3-Q024;I3-Q025;I3-Q026;I3-Q027;I3-Q029;I3-Q031;I3-Q033,live-read,"Highest-yield API channel found this row: a keyword filter over MatterTitle returns contracts, ordinances, program updates and audits per tenant. The platform is registered; what is NEW is using it as ALPR customer evidence (I1#1 ""customer evidence from agendas""). Tenant-id caveat: registry key carrollton_ga points at client carrolltontx (finding NEW-3); Atlanta tenant holds only 2021-2022 matters.",I3-T01-C07-G0,family,FAM-LEGISTAR-ALPR,Flock Safety;Motorola Solutions (Vigilant);Insight Public Sector;STS 360,alpr-fixed;rtcc-platform;private-camera-registry,independent_account,flag,200 GET Legistar Web API (13 tenants),I1#1;I1#2;I1#6
I3-C049,"Nashville Metro Council - LPR ordinances (Metro Code 13.08.080), 2023 full-implementation resolution, 2024 procurement resolution",https://webapi.legistar.com/v1/nashville/matters,"Metropolitan Government of Nashville-Davidson County, TN (Legistar client nashville)",agenda,T01,US-TN:Nashville,13 matters 2020-2024,api,irregular (council cycle),13 matters 2020-2024,NOT-CHECKED (Legistar Web API terms; registry row legistar governs),NONE-FOUND,guess:LicenseRef-PublicRecord (meeting records),bytes=undetermined; facts=likely-open; derived=undetermined,private-person-name,origin,related:legistar,procurement:legistar (tenant already enumerated in agenda_tenants.toml),2026-09-30T18:19:00Z,I3-Q019,live-read,Nashville ran an LPR pilot then approved full implementation (2023 resolution title) with code amendments on placement/signage (2023). Matter titles only were read (MatterTitle filter); attachments not fetched. Staff/contact names in some titles -> redact at extraction.,I3-T01-C07-G0,target,FAM-LEGISTAR-ALPR,unknown,alpr-fixed,independent_account,flag,200 GET Legistar Web API,I1#1;I1:city=Nashville
I3-C050,Albuquerque City Council - APD LPR record-purge policy (2013) and amendment (2023),https://webapi.legistar.com/v1/cabq/matters,"City of Albuquerque, NM (Legistar client cabq)",agenda,T01,US-NM:Albuquerque,3 matters (2 relevant),api,irregular (council cycle),3 matters (2 relevant),NOT-CHECKED (Legistar Web API terms; registry row legistar governs),NONE-FOUND,guess:LicenseRef-PublicRecord (meeting records),bytes=undetermined; facts=likely-open; derived=undetermined,private-person-name,origin,related:legistar,procurement:legistar (tenant already enumerated in agenda_tenants.toml),2026-09-30T18:19:00Z,I3-Q022,live-read,Policy-level evidence of APD LPR use and retention (tier-B state NM). Matter titles only were read (MatterTitle filter); attachments not fetched. Staff/contact names in some titles -> redact at extraction.,I3-T01-C07-G0,target,FAM-LEGISTAR-ALPR,unknown,alpr-fixed,independent_account,flag,200 GET Legistar Web API,I1#4;I1:city=Albuquerque;I1:state=NM
I3-C051,"Cleveland City Council - emergency ordinances for contracts with Flock Group, Inc. (2025-10, 2026-05)",https://webapi.legistar.com/v1/cityofcleveland/matters,"City of Cleveland, OH (Legistar client cityofcleveland)",agenda,T01,US-OH:Cleveland,2 Flock contract ordinances,api,irregular (council cycle),2 Flock contract ordinances,NOT-CHECKED (Legistar Web API terms; registry row legistar governs),NONE-FOUND,guess:LicenseRef-PublicRecord (meeting records),bytes=undetermined; facts=likely-open; derived=undetermined,private-person-name,origin,related:legistar,procurement:legistar (tenant already enumerated in agenda_tenants.toml),2026-09-30T18:19:00Z,I3-Q023,live-read,Thin GL1 city: first direct Flock contract evidence for Cleveland in SIG. Matter titles only were read (MatterTitle filter); attachments not fetched. Staff/contact names in some titles -> redact at extraction.,I3-T01-C07-G0,target,FAM-LEGISTAR-ALPR,Flock Safety,alpr-fixed,independent_account,flag,200 GET Legistar Web API,I1#1;I1:city=Cleveland
I3-C052,Detroit City Council - Motorola Solutions LPR contract 3004870 (2016) and LPR/in-car video installation contract 6000336 (2017),https://webapi.legistar.com/v1/detroit/matters,"City of Detroit, MI (Legistar client detroit)",agenda,T01;T02,US-MI:Detroit,2 contract matters,api,irregular (council cycle),2 contract matters,NOT-CHECKED (Legistar Web API terms; registry row legistar governs),NONE-FOUND,guess:LicenseRef-PublicRecord (meeting records),bytes=undetermined; facts=likely-open; derived=undetermined,private-person-name,origin,related:legistar,procurement:legistar (tenant already enumerated in agenda_tenants.toml),2026-09-30T18:19:00Z,I3-Q024,live-read,"contract_ids=3004870;6000336. ""100% Federal Funding"" on 3004870 -> grant back-chain for I6. MI is tier A. Matter titles only were read (MatterTitle filter); attachments not fetched. Staff/contact names in some titles -> redact at extraction.",I3-T01-C07-G0,target,FAM-LEGISTAR-ALPR,Motorola Solutions,alpr-fixed;alpr-mobile,independent_account,flag,200 GET Legistar Web API,I1#1;I1#6;I1:city=Detroit;I1:state=MI
I3-C053,Saint Paul City Council - 2026 resolution calling on the City and Ramsey County to end Flock contracts; ACLU-MN ALPR presentation,https://webapi.legistar.com/v1/stpaul/matters,"City of Saint Paul, MN (Legistar client stpaul)",agenda,T01,US-MN:Saint Paul;US-MN:Ramsey County,2 matters (2026),api,irregular (council cycle),2 matters (2026),NOT-CHECKED (Legistar Web API terms; registry row legistar governs),NONE-FOUND,guess:LicenseRef-PublicRecord (meeting records),bytes=undetermined; facts=likely-open; derived=undetermined,private-person-name,origin,related:legistar,procurement:legistar (tenant already enumerated in agenda_tenants.toml),2026-09-30T18:19:00Z,I3-Q025,live-read,Contract-termination debate (accountability event); confirms City + County Flock contracts exist (title) - verify instruments. Matter titles only were read (MatterTitle filter); attachments not fetched. Staff/contact names in some titles -> redact at extraction.,I3-T01-C07-G0,target,FAM-LEGISTAR-ALPR,Flock Safety,alpr-fixed,independent_account,flag,200 GET Legistar Web API,I1#1;I1:city=St. Paul
I3-C054,Madison Common Council - NuPark mobile license plate recognition (parking) five-year contract (2017),https://webapi.legistar.com/v1/madison/matters,"City of Madison, WI (Legistar client madison)",agenda,T02,US-WI:Madison,1 relevant matter,api,irregular (council cycle),1 relevant matter,NOT-CHECKED (Legistar Web API terms; registry row legistar governs),NONE-FOUND,guess:LicenseRef-PublicRecord (meeting records),bytes=undetermined; facts=likely-open; derived=undetermined,private-person-name,origin,related:legistar,procurement:legistar (tenant already enumerated in agenda_tenants.toml),2026-09-30T18:19:00Z,I3-Q026,live-read,"Parking-enforcement mobile LPR (T02; operator=parking), not police. Remaining matches are noise. Matter titles only were read (MatterTitle filter); attachments not fetched. Staff/contact names in some titles -> redact at extraction.",I3-T01-C07-G0,target,FAM-LEGISTAR-ALPR,NuPark,alpr-mobile,independent_account,flag,200 GET Legistar Web API,I1#10;I1:city=Madison
I3-C055,"Dallas City Council - Flock Group three-year service contract (2025), Flock purchase and retention extension (2024), DPD Flock program updates (2026)",https://webapi.legistar.com/v1/cityofdallas/matters,"City of Dallas, TX (Legistar client cityofdallas)",agenda,T01,US-TX:Dallas,8 matters 2020-2026,api,irregular (council cycle),8 matters 2020-2026,NOT-CHECKED (Legistar Web API terms; registry row legistar governs),NONE-FOUND,guess:LicenseRef-PublicRecord (meeting records),bytes=undetermined; facts=likely-open; derived=undetermined,private-person-name,origin,related:legistar,procurement:legistar (tenant already enumerated in agenda_tenants.toml),2026-09-30T18:19:00Z,I3-Q027,live-read,"Program-update briefings (2026-02, 2026-08) are recurring disclosures. Matter titles only were read (MatterTitle filter); attachments not fetched. Staff/contact names in some titles -> redact at extraction.",I3-T01-C07-G0,target,FAM-LEGISTAR-ALPR,Flock Safety,alpr-fixed,independent_account,flag,200 GET Legistar Web API,I1#1;I1:city=Dallas
I3-C056,"Columbus City Council - Flock Group lease/install contract (2024), ForceMetrics add-on (2025), Flock audit hearings (2026); RTCC campus design contracts",https://webapi.legistar.com/v1/columbus/matters,"City of Columbus, OH (Legistar client columbus)",agenda,T01;T05,US-OH:Columbus,17 ALPR matters + 3 RTCC matters,api,irregular (council cycle),17 ALPR matters + 3 RTCC matters,NOT-CHECKED (Legistar Web API terms; registry row legistar governs),NONE-FOUND,guess:LicenseRef-PublicRecord (meeting records),bytes=undetermined; facts=likely-open; derived=undetermined,private-person-name,origin,related:legistar,procurement:legistar (tenant already enumerated in agenda_tenants.toml),2026-09-30T18:19:00Z,I3-Q029;I3-Q040,live-read,Also Insight Public Sector LPR lease (2023) and DPS Real Time Crime Center & Public Safety Operations Campus (AECOM architect-of-record 2023/2025). ForceMetrics = third-party data integration into Flock (T05/T22 boundary). Matter titles only were read (MatterTitle filter); attachments not fetched. Staff/contact names in some titles -> redact at extraction.,I3-T01-C07-G0,target,FAM-LEGISTAR-ALPR,Flock Safety;Insight Public Sector;ForceMetrics;AECOM,alpr-fixed;rtcc-platform,independent_account,flag,200 GET Legistar Web API,I1#1;I1#2
I3-C057,Louisville Metro Council - district-fund appropriations to LMPD for LPR purchase/lease and RTCC cameras (2017-2026),https://webapi.legistar.com/v1/louisville/matters,"Louisville Metro, KY (Legistar client louisville)",agenda,T01;T05,US-KY:Louisville,9 ALPR matters + 2 RTCC matters,api,irregular (council cycle),9 ALPR matters + 2 RTCC matters,NOT-CHECKED (Legistar Web API terms; registry row legistar governs),NONE-FOUND,guess:LicenseRef-PublicRecord (meeting records),bytes=undetermined; facts=likely-open; derived=undetermined,private-person-name,origin,related:legistar,procurement:legistar (tenant already enumerated in agenda_tenants.toml),2026-09-30T18:19:00Z,I3-Q031;I3-Q037,live-read,Council members fund individual LPR/RTCC camera placements from Neighborhood Development / Capital Infrastructure funds: a per-district funding trail. Matter titles only were read (MatterTitle filter); attachments not fetched. Staff/contact names in some titles -> redact at extraction.,I3-T01-C07-G0,target,FAM-LEGISTAR-ALPR,unknown,alpr-fixed,independent_account,flag,200 GET Legistar Web API,I1#1;I1#2;I1#6
I3-C058,Brazoria County Commissioners Court - Texas DPS LPR MOU and Houston HIDTA LPR MOU (2026-07-31),https://webapi.legistar.com/v1/brazoriacountytx/matters,"Brazoria County, TX (Legistar client brazoriacountytx)",agenda,T03,US-TX:Brazoria County,2 consent items (2026),api,irregular (council cycle),2 consent items (2026),NOT-CHECKED (Legistar Web API terms; registry row legistar governs),NONE-FOUND,guess:LicenseRef-PublicRecord (meeting records),bytes=undetermined; facts=likely-open; derived=undetermined,private-person-name,origin,related:legistar,procurement:legistar (tenant already enumerated in agenda_tenants.toml),2026-09-30T18:19:00Z,I3-Q033,live-read,T03 sharing: county sheriff/DA MOUs with Texas DPS and Houston HIDTA LPR programmes -> state/HIDTA ALPR repositories (I1#10 sharing currency). Also contextualises I3-C027. Matter titles only were read (MatterTitle filter); attachments not fetched. Staff/contact names in some titles -> redact at extraction.,I3-T01-C07-G0,target,FAM-LEGISTAR-ALPR,unknown,alpr-unspecified,independent_account,flag,200 GET Legistar Web API,I1#10;I1#1
I3-C059,Detroit City Council - RTCC-funded software licence (6000294) and real-time crime analysis training (2888789) contracts (2014-2016),https://webapi.legistar.com/v1/detroit/matters,"City of Detroit, MI (Legistar client detroit)",agenda,T05,US-MI:Detroit,6 matters,api,irregular (council cycle),6 matters,NOT-CHECKED (Legistar Web API terms; registry row legistar governs),NONE-FOUND,guess:LicenseRef-PublicRecord (meeting records),bytes=undetermined; facts=likely-open; derived=undetermined,private-person-name,origin,related:legistar,procurement:legistar (tenant already enumerated in agenda_tenants.toml),2026-09-30T18:19:00Z,I3-Q035,live-read,contract_ids=6000294;2888789. Matter titles only were read (MatterTitle filter); attachments not fetched. Staff/contact names in some titles -> redact at extraction.,I3-T05-C07-G0,target,FAM-LEGISTAR-ALPR,unknown,rtcc-platform,independent_account,flag,200 GET Legistar Web API,I1#2;I1:city=Detroit
I3-C060,Dallas City Council - Sigma Surveillance (STS 360) service-contract supplemental agreement (2021),https://webapi.legistar.com/v1/cityofdallas/matters,"City of Dallas, TX (Legistar client cityofdallas)",agenda,T05;T07,US-TX:Dallas,1 matter,api,irregular (council cycle),1 matter,NOT-CHECKED (Legistar Web API terms; registry row legistar governs),NONE-FOUND,guess:LicenseRef-PublicRecord (meeting records),bytes=undetermined; facts=likely-open; derived=undetermined,private-person-name,origin,related:legistar,procurement:legistar (tenant already enumerated in agenda_tenants.toml),2026-09-30T18:19:00Z,I3-Q036,live-read,STS 360 = public-safety camera/RTCC vendor (inference; verify from the agreement). Matter titles only were read (MatterTitle filter); attachments not fetched. Staff/contact names in some titles -> redact at extraction.,I3-T05-C07-G0,target,FAM-LEGISTAR-ALPR,Sigma Surveillance (STS 360),rtcc-platform;camera-fixed-cctv,independent_account,flag,200 GET Legistar Web API,I1#2
I3-C061,Detroit City Council - Project Green Light ordinance/report requests (2016-2017),https://webapi.legistar.com/v1/detroit/matters,"City of Detroit, MI (Legistar client detroit)",agenda,T06,US-MI:Detroit,7 matters,api,irregular (council cycle),7 matters,NOT-CHECKED (Legistar Web API terms; registry row legistar governs),NONE-FOUND,guess:LicenseRef-PublicRecord (meeting records),bytes=undetermined; facts=likely-open; derived=undetermined,private-person-name,origin,related:legistar,procurement:legistar (tenant already enumerated in agenda_tenants.toml),2026-09-30T18:19:00Z,I3-Q046,live-read,Project Green Light = Detroit public-private business camera partnership (T06). Titles only. Matter titles only were read (MatterTitle filter); attachments not fetched. Staff/contact names in some titles -> redact at extraction.,I3-T06-C07-G0,target,FAM-LEGISTAR-ALPR,unknown,private-camera-integration,independent_account,flag,200 GET Legistar Web API,I1#2;I1:city=Detroit;I1:state=MI
I3-C062,Axon Community Connect - community listing (Registered / Integrated camera counts per location),https://axoncommunityconnect.com/communities/,"Axon Enterprise, Inc. (Axon Fusus platform)",vendor-portal,T06;T05,US,"registry row notes 321 communities (R7-F7.15); listing now client-rendered, count not re-read",html,unknown,unknown,https://www.axon.com/terms-of-use,"""You may not use any ""deep-link,"" ""page-scrape,"" ""robot,"" ""spider,"" or other automatic device, program, algorithm or methodology, or any similar or equivalent manual process, to access, acquire, copy or monitor any portion of the Site or any Content""",guess:LicenseRef-VendorToS-NoScraping,bytes=prohibited-by-terms; facts=undetermined; derived=undetermined,private-registrant-location,origin,same-as:axon_community_connect,registry row gated; manual per-community lookups only,2026-09-30T18:23:32Z,I3-Q058;I3-F078,live-read,"Page: ""Community Connect is a voluntary, public-facing program within the Axon Fusus platform that allows residents and businesses to register or integrate their private security cameras with their local law enforcement agency."" Columns: Location, Registered Cameras, Integrated Cameras, Go to Connect Site. Terms excerpt is from the axon.com Terms of Use linked in the page footer -> informs HG-03 for the gated row.",I3-T06-C01-G0,channel,,Axon (Fusus),private-camera-registry;private-camera-integration,independent_account,flag,200 GET,I1#2
I3-C063,KSUALPRS flock-sharing-data - normalized Flock network-sharing reports (records-derived),https://github.com/ksualprs/flock-sharing-data,KSUALPRS (civic project) via GitHub,ngo,T03,US,manifest of agency sharing reports (count not read); used by ksualprs.com/sharing,bulk-file,irregular (pushed 2026-08-29),unknown (CSV per report),https://github.com/ksualprs/flock-sharing-data,"""To the extent KSUALPRS holds copyright or database rights in this normalized dataset, it is dedicated to the public domain under CC0 1.0 Universal. Source records may remain subject to rights held by their original creators, and the provenance notes do not assert otherwise.""",guess:CC0-1.0 (normalization only),bytes=likely-open; facts=likely-open; derived=likely-open,none-observed,derived-from:agency Flock network-sharing reports (records releases),new,new:github_csv (flock_portal sharing-edge model),2026-09-30T18:24:46Z,I3-Q062;I3-F080,live-read,"Columns preserved from Flock exports: Organization Name, Networks Shared With Me, Networks I'm Sharing -> institutional sharing edges independent of the Eyes on Flock portal mirror (currency + corroboration for I1#10). Part VIII: org names only. Verify each report's provenance note before use.",I3-T01-C14-G0,publisher,,Flock Safety,alpr-fixed,derived_summary,pass,200 GET GitHub API readme,I1#10;I1#1;NEW-6
I3-C064,FlockWatch corpus (rhowardstone/flockwatch-data) - 99.4M ALPR search records from agency releases (METADATA ONLY),https://github.com/rhowardstone/flockwatch-data,rhowardstone (individual) via GitHub,records-release,T01;T03,US,"README: 99,435,526 search records, 6,466 agencies, 2023-01-01..2026-06-30 (live-read of README only)",bulk-file,irregular,~785 MB parquet (README),NONE-FOUND(checked: README),NONE-FOUND,guess:LicenseRef-Unknown,bytes=prohibited-by-terms; facts=undetermined; derived=undetermined,per-search-audit;officer-name;plate-level;free-text-narrative;operator-identifier,derived-from:agency audit-log releases,related:agency_audit_export,NONE (Part VIII block); aggregate lane only via a reviewed external aggregation,2026-09-30T18:24:54Z,I3-Q061;I3-F084,live-read,"BLOCK: columns officer, plate, reason, case_number. Never download. Its sources.json (released-file list with FOIA URL, row counts, camera-owning agency) is a possible aggregate-only lead for which agencies released audits - to be screened by I7, not read here. bytes lane marked prohibited on Part VIII grounds.",I3-T01-C15-G0,publisher,FAM-HAZARD,Flock Safety,alpr-fixed,derived_summary,block,200 GET README only,I1#10;NEW-6
I3-C065,FlockRadar - map of disclosed ALPR / Flock deployments with per-record source links,https://github.com/rxsklife/flockradar,FlockRadar (civic project; rxsklife) via GitHub; site flockradar.com,crowdsourced,T01,US,unknown record count (README),other,irregular (pushed 2026-08-28),unknown,https://github.com/rxsklife/flockradar,code AGPL-3.0 (README badge); data licence not stated,guess:LicenseRef-Unknown (data),bytes=undetermined; facts=likely-open; derived=undetermined,none-observed,derived-from:public records (per-popup source links),new,new:github_json (lead source for origin documents),2026-09-30T18:24:50Z,I3-Q061;I3-F082,live-read,"""The public map of license plate reader cameras your government has already told you about."" ""Every popup links to its source."" Use as a lead to origin documents (not independent corroboration).",I3-T01-C15-G0,publisher,,Flock Safety,alpr-fixed,derived_summary,pass,200 GET GitHub API readme,I1#1
I3-C066,Texas Surveillance Contract Watch (tx-surveillance-watch) - procurement alerting across Texas portals,https://github.com/StickyHashTr33/tx-surveillance-watch,StickyHashTr33 (civic project) via GitHub,ngo,T00;T01;T05,US-TX,"monitors USAspending, San Antonio tabulations, Texas ESBD awards, Bexar BidNet, Austin contracts + Legistar (README)",other,daily/irregular (automated alerts),unknown,NONE-FOUND(checked: README),NONE-FOUND,guess:LicenseRef-Unknown,bytes=undetermined; facts=likely-open; derived=undetermined,none-observed,derived-from:TX procurement portals,new,channel map only (I6 owns C08/ESBD),2026-09-30T18:24:52Z,I3-Q062;I3-F083,live-read,Useful as a CHANNEL MAP: names Texas ESBD awards (txsmartbuy.gov/esbdawards) and San Antonio tabulations as ALPR contract channels. out-of-cell->I6-T00-C08-GS for the state portals.,I3-T01-C14-G0,channel,,Flock Safety;Genetec;Vigilant;Rekor;Motorola Solutions;Fusus,alpr-fixed;rtcc-platform,derived_summary,pass,200 GET GitHub API readme,I1#6;I1#1
I3-C067,FlockWatch contract-decision ledger (jdmediallc/flockwatch),https://github.com/jdmediallc/flockwatch,jdmediallc via GitHub,ngo,T01,US,README one line only; content not inspected,other,unknown (pushed 2026-09-30),unknown,NONE-FOUND(checked: README),NONE-FOUND,guess:LicenseRef-Unknown,bytes=undetermined; facts=likely-open; derived=undetermined,none-observed,derived-from:council/contract records,new,lead source for agenda back-chaining,2026-09-30T18:24:48Z,I3-Q062;I3-F081,live-read,"""FlockWatch: neutral, sourced ledger of Flock Safety camera contract decisions by US local governments"" (README). LEAD-ONLY until contents reviewed.",I3-T01-C14-G0,publisher,,Flock Safety,alpr-fixed,derived_summary,pass,200 GET GitHub API readme,I1#1;I1#6
I3-C068,Michigan Flock transparency archive (Cantica-Systems/mi-flock-transparency) - MIRROR OF REFUSED ORIGIN,https://github.com/Cantica-Systems/mi-flock-transparency,Cantica-Systems via GitHub,crowdsourced,T01;T03,US-MI,"Michigan portals grouped by county (Kent, Ottawa, Kalamazoo, ...) (README)",bulk-file,daily-ish (captures before 30-day age-off),unknown,https://github.com/Cantica-Systems/mi-flock-transparency,CC0-1.0 (repo licence per GitHub API); source is Flock portals (refused origin),guess:CC0-1.0 (repo) over refused-origin bytes,bytes=prohibited-by-terms; facts=undetermined; derived=undetermined,per-search-audit;operator-identifier;free-text-narrative,mirror-of:flock_transparency_portals,related:flock_transparency_portals,NONE (mirror of refused origin + per-search audits),2026-09-30T18:24:56Z,I3-Q061;I3-F085,live-read,"BLOCK/EXCLUDE: ""Each portal's search audits, share lists, and page snapshots are copied here before they age off the public page"". Same class: pmocek/scrape-flock-safety-subscriber-portals (excluded). Record only so no connector treats it as an origin.",I3-T01-C15-G0,publisher,FAM-HAZARD,Flock Safety,alpr-fixed,same_bytes,block,200 GET README only,NEW-6
I3-C069,OpenStreetMap surveillance:type=ALPR - the ORIGIN of the national ALPR layer (NEW-5 answered),https://taginfo.openstreetmap.org/api/4/tag/stats?key=surveillance:type&value=ALPR,OpenStreetMap contributors (DeFlock app writes to OSM),crowdsourced,T01;T29,US;INTL,"154,814 objects tagged surveillance:type=ALPR (data_until 2026-09-30T00:59:05Z); manufacturer=Flock Safety 113,726; surveillance:type=gunshot_detector 3,744",api,realtime (minutely diffs),"154,814 objects",https://www.openstreetmap.org/copyright,ODbL-1.0 (registry osm_copyright),guess:ODbL-1.0,bytes=likely-open; facts=likely-open; derived=likely-restricted,rf-derived-candidate;residential-intersection,origin,same-as:osm_overpass,osm (overpass/replication) - widen the bbox from OKC to US,2026-09-30T18:24:11Z,I3-Q059;I3-Q060;I3-Q063;I3-Q089;I3-F079,live-read,"The ingested national ALPR layer comes from ArcGIS republishes (osm_surveillance_deflock 132,689 rows observed 2026-09-18; stanford alpr_locations_nationwide 19,044). The origin (OSM) is already registered and live but scoped to the Oklahoma City bbox. GitHub survey: 17 of 18 ALPR map repos are OSM/DeFlock viewers -> no independent crowd origin exists. Vendor attribution is in manufacturer tags (NEW-7).",I3-T01-C15-G0,channel,,Flock Safety;Motorola Solutions;Axon,alpr-fixed;gunshot-detection-fixed,independent_account,flag,200 GET taginfo API,NEW-5;NEW-7;I1#1
I3-C070,"Eye on Surveillance - New Orleans surveillance map (cameras, ALPR, Project NOLA)",https://github.com/eye-on-surveillance/surveillance-map,Eye on Surveillance (New Orleans NGO); production map.eyeonsurveillance.org,ngo,T07;T01;T06,US-LA:New Orleans,unknown camera count,api,irregular (editor submissions + admin review),unknown,NONE-FOUND(checked: README),NONE-FOUND,guess:LicenseRef-Unknown,bytes=undetermined; facts=likely-open; derived=undetermined,residential-intersection;private-registrant-location,origin,new,new:django_rest_api (check API terms first),2026-09-30T18:25:51Z,I3-Q063;I3-F086,live-read,Crowdsourced with admin review (quality signal). Project NOLA is a public-private camera network (T06). Compare with registered camreg_nola_safety_la.,I3-T01-C15-G0,publisher,,Project NOLA,camera-fixed-cctv;private-camera-integration,independent_account,flag,200 GET GitHub API readme,I1#2
I3-C071,Florida ALPR Public Records Archive (SouthFLPrivacyAdvocates/ALPR-RECORDS) - Broward County records releases,https://github.com/SouthFLPrivacyAdvocates/ALPR-RECORDS,South Florida Privacy Advocates via GitHub,records-release,T01,US-FL:Broward County,"per-city folders: agreements, budget, meetings, policies, purchasing, reports (+ sha256 hashes)",bulk-file,irregular (pushed 2026-07-15),unknown,https://github.com/SouthFLPrivacyAdvocates/ALPR-RECORDS,"CC0-1.0 (repo licence); README: ""unaltered public records ... obtained through lawful public records requests""",guess:CC0-1.0 (repo) / public records,bytes=undetermined; facts=likely-open; derived=undetermined,private-person-name,mirror-of:Broward agency records,new,records:github_mirror; dossier_documents:pdf_text,2026-09-30T18:25:53Z,I3-Q064;I3-F087,live-read,"""No resident or case-level data is included""; officials/vendors named in official capacity. Mirrors of agency records (not independent); hashed originals help provenance.",I3-T01-C14-G0,publisher,,Flock Safety,alpr-fixed,republished_document,flag,200 GET GitHub API readme,I1#1;I1#6
I3-C072,DHS System of Records Notices referencing license plate data (Federal Register API),https://www.federalregister.gov/api/v1/documents.json?conditions[term]=%22license%20plate%20reader%22,"U.S. Department of Homeland Security (ICE, CBP) via the Federal Register",legislation,T03;T04;T01,US,"SORNs: ICE-009 External Investigations (2008, 2010, 2020), ICE-008 Search Arrest and Seizure (2025-07-21), CBP-007 Border Crossing Information (2015, 2016), CBP-006 ATS (2012) (live-read titles/abstracts)",api,irregular,~8 SORNs,https://www.federalregister.gov/reader-aids/using-federalregister-gov/understanding-the-federal-register,"NONE-FOUND (federal work, 17 U.S.C. 105; verify)",guess:LicenseRef-USGov-PublicDomain,bytes=likely-open; facts=likely-open; derived=likely-open,none-observed,origin,related:SRC-023,accountability-style document; new:federal_register_api,2026-09-30T18:26:11Z,I3-Q065;I3-Q090;I3-F088;I3-F103,live-read,"Federal records systems that hold/consume LPR data (ICE HSI commercial LPR access; CBP border crossing plate reads). Complements SRC-023 (DHS PIA on commercial LPR). LPR mention is in full text, not abstracts -> confirm per SORN.",I3-T03-C16-G0,channel,,Thomson Reuters;Motorola Solutions (Vigilant),plate-data-commercial-purchase;alpr-checkpoint,independent_account,pass,200 GET FR API,I1#10
I3-C073,New Hampshire RSA 261:75-b XI - agency annual LPR report to the commissioner (LEAD),https://www.gencourt.state.nh.us/rsa/html/XXI/261/261-75-b.htm,New Hampshire Department of Safety (recipient); NH General Court (statute),statutory-report,T01;T02,US-NH,statewide duty; reports not located,other,annual,unknown,NONE-FOUND,NONE-FOUND,guess:LicenseRef-PublicRecord,bytes=undetermined; facts=likely-open; derived=undetermined,none-observed,origin,related:state_alpr_statute_inventory,records lead (SIG-INGEST-025a),2026-09-30T18:27:10Z,I3-F091,live-read,"LEAD-ONLY: ""A law enforcement agency using an LPR device shall report to the commissioner annually ... (a) The number of devices in use. (b) The number of matches ..."" NH is tier A (w=0.82) with no EoF portals.",I3-T01-C04-GS,channel,,,alpr-fixed,independent_account,pass,200 GET statute,I1#4;I1:state=NH
I3-C074,Maryland Public Safety 3-509(e) - MSP/MCAC annual ALPR report to the General Assembly (LEAD),https://mgaleg.maryland.gov/mgawebsite/Laws/StatuteText?article=gps&section=3-509&enactments=false,"Maryland Department of State Police with the Maryland Coordination and Analysis Center (recipient: Senate JPR, House Judiciary, LPC)",statutory-report,T01;T02;T03,US-MD,statewide annual since 2016; reports deposited under SG 2-1257 (not located),other,annual (by Mar 1),unknown,NONE-FOUND,NONE-FOUND,guess:LicenseRef-PublicRecord,bytes=undetermined; facts=likely-open; derived=undetermined,none-observed,origin,related:state_alpr_statute_inventory,records lead; dossier_documents:pdf_text once located,2026-09-30T18:27:11Z,I3-F092,live-read,"LEAD-ONLY: ""(e) On or before March 1 of each year beginning in 2016, the Department of State Police, in conjunction with the Center and law enforcement agencies that maintain an automatic license plate reader database, shall report ... (1) the total number of automatic license plate reader units being operated in the State ..."" -> a statewide unit count series (2016-).",I3-T01-C04-GS,channel,,,alpr-fixed;alpr-mobile,independent_account,pass,200 GET statute,I1#4;I1#10;I1:state=MD
I3-C075,California Vehicle Code 2413(e) - CHP LPR practices/usage in the annual auto-theft report to the Legislature (LEAD),https://leginfo.legislature.ca.gov/faces/codes_displaySection.xhtml?lawCode=VEH&sectionNum=2413,California Highway Patrol (report); California Legislature (statute),statutory-report,T01;T03,US-CA,statewide (CHP only); report not located,other,annual,unknown,NONE-FOUND,NONE-FOUND,guess:LicenseRef-PublicRecord,bytes=undetermined; facts=likely-open; derived=undetermined,none-observed,origin,related:state_alpr_statute_inventory,records lead,2026-09-30T18:27:45Z,I3-F095,live-read,"LEAD-ONLY: CHP ""shall, as a part of the annual automobile theft report ... report the LPR practices and usage, including the number of LPR data disclosures, a record of the agencies to which data was disclosed and for what purpose"" -> a CHP sharing-recipient list (T03).",I3-T01-C04-GS,channel,,,alpr-fixed,independent_account,pass,200 GET statute,I1#4;I1#10;I1:state=CA
I3-C076,Municipal contract / expenditure registers on Socrata as ALPR procurement evidence (family),https://api.us.socrata.com/api/catalog/v1?q=contracts%20vendor%20award&only=dataset,Multiple US cities/counties (Socrata),procurement,T01,US,"52 contract-like datasets in catalog; Flock hits in 2 of 4 local registers queried (Cook County, Mesa); Chicago/Austin negative",socrata,varies (daily-monthly),n/a,NOT-CHECKED (per-dataset licence in /api/views/<id>.json),NONE-FOUND,guess:LicenseRef-PublicRecord,bytes=undetermined; facts=likely-open; derived=undetermined,none-observed,origin,new,dot_511:socrata_rows ($q vendor filter),2026-09-30T18:28:57Z,I3-Q067,live-read,"Vendor-name full-text over contract rows (business records, not Part VIII). State/cooperative registers in the same catalog (TX DIR, DE, NY PARIS) belong to I6.",I3-T01-C09-G0,family,FAM-SOCRATA-PROC,Flock Safety,alpr-fixed,independent_account,pass,200 GET catalog,I1#6;I1#1
I3-C077,Cook County Procurement - Awarded Contracts & Amendments: Flock Safety LPR services (Sheriff),https://datacatalog.cookcountyil.gov/resource/qh8j-6k63.json,"Cook County, IL Office of the Chief Procurement Officer (Socrata)",procurement,T01,US-IL:Cook County,"2 contracts: Insight Public Sector ""Flock Safety License Plate Reader Services"" USD 900,000 (start 2026-05-01, Sheriff IT); Flock Safety ""LICENSE PLATE READERS"" USD 74,750 (2022-10-01, Office of the Sheriff)",socrata,daily (dataset updated 2026-09-30),2 rows matched,NOT-CHECKED,NONE-FOUND,guess:LicenseRef-PublicRecord,bytes=undetermined; facts=likely-open; derived=undetermined,none-observed,origin,new,dot_511:socrata_rows,2026-09-30T18:29:10Z,I3-Q069;I3-Q079,live-read,"Reseller (Insight Public Sector) carries the Flock award -> vendor attribution must read the description, not only vendor_name. Also Axon Taser/BWC/DEMS rows (I4-T23).",I3-T01-C09-G0,target,FAM-SOCRATA-PROC,Flock Safety;Insight Public Sector,alpr-fixed,independent_account,pass,200 GET SODA,I1#1;I1#6
I3-C078,City of Mesa AZ - City Expenditures: payments to Flock Safety (Police),https://citydata.mesaaz.gov/resource/vdg8-dx96.json,"City of Mesa, AZ (Socrata)",procurement,T01,US-AZ:Mesa,"10 expenditure rows FY23-24..FY25-26; sum USD 711,746.03 (computed; includes reversals)",socrata,monthly (dataset updated 2026-09-16),10 rows matched,NOT-CHECKED,NONE-FOUND,guess:LicenseRef-PublicRecord,bytes=undetermined; facts=likely-open; derived=undetermined,private-person-name,origin,related:legistar,dot_511:socrata_rows ($q vendor filter),2026-09-30T18:29:12Z,I3-Q070,live-read,Payments are spending evidence (S5 guard: spending != installed hardware). Some unrelated rows in this dataset are personal-services lines -> filter by vendor_name only.,I3-T01-C09-G0,target,FAM-SOCRATA-PROC,Flock Safety,alpr-fixed,independent_account,flag,200 GET SODA,I1#1;I1#6
I3-C079,Police HALO Cameras (Denver Police Department),https://services1.arcgis.com/zdB7qR0BtYrg0Xpl/arcgis/rest/services/POLICE_HALO_P/FeatureServer/0,City and County of Denver (geospatialDENVER),gov-open-data,T07,US-CO:Denver,count not read,arcgis,unknown,unknown,NONE-FOUND(checked: ArcGIS item licenseInfo/accessInformation via hub API),NONE-FOUND,guess:LicenseRef-PublicRecord-FactualCompilation,bytes=undetermined; facts=likely-open; derived=undetermined,none-observed,origin,related:camreg_denver_co,dot_511:arcgis_query (camera_registry family),2026-09-30T18:31:57Z,I3-Q086;I3-F096,live-read,"""These data show the location of existing Denver Police Department (DPD)/ HALO (High Activity Location Observation) surveillance cameras."" Fields include PAN_RANGE, TILT_RANGE, BLIND_AREA (PTZ).",I3-T07-C03-G0,target,FAM-AGOL-CCTV,unknown,camera-ptz;camera-fixed-cctv,independent_account,pass,200 GET layer JSON (schema only),I1#5
I3-C080,"MPD Cameras Public View v2 (DC Metropolitan Police, Cradlepoint geotagged)",https://services.arcgis.com/neT9SoYxizqTHZPH/arcgis/rest/services/MPD_Cameras_Public_View_v2/FeatureServer/0,District of Columbia (DC GIS org),gov-open-data,T07,US-DC,count not read,arcgis,unknown,unknown,NONE-FOUND(checked: ArcGIS item licenseInfo/accessInformation via hub API),NONE-FOUND,guess:LicenseRef-PublicRecord-FactualCompilation,bytes=undetermined; facts=likely-open; derived=undetermined,residential-intersection,origin,related:camreg_washington_dc,dot_511:arcgis_query (camera_registry family),2026-09-30T18:31:57Z,I3-Q086;I3-F097,live-read,"Fields device_type, camera_type, Ward, PoliceDistrict, nearest_address, state_updated_at -> MPD camera fleet with live status; distinct from registered DC CCTV street cameras.",I3-T07-C03-G0,target,FAM-AGOL-CCTV,unknown,camera-fixed-cctv,independent_account,flag,200 GET layer JSON (schema only),I1#5;I1:state=DC
I3-C081,Seattle Police Department CCTV Pilot Areas,https://services.arcgis.com/ZOyb2t4B0UYuYNYH/arcgis/rest/services/Seattle_Police_Department_CCTV_Pilot_Areas/FeatureServer/0,City of Seattle (SPD GIS),gov-open-data,T07,US-WA:Seattle,count not read,arcgis,unknown,unknown,NONE-FOUND(checked: ArcGIS item licenseInfo/accessInformation via hub API),NONE-FOUND,guess:LicenseRef-PublicRecord-FactualCompilation,bytes=undetermined; facts=likely-open; derived=undetermined,none-observed,origin,related:ccops_seattle,dot_511:arcgis_query (camera_registry family),2026-09-30T18:31:57Z,I3-Q086;I3-F098,live-read,"Fields Name, PopupInfo, PilotArea. Complements ccops_seattle SIR documents with locations.",I3-T07-C03-G0,target,FAM-AGOL-CCTV,unknown,camera-fixed-cctv,independent_account,pass,200 GET layer JSON (schema only),I1#5
I3-C082,Hyattsville CCTV Camera Program 2024,https://services1.arcgis.com/C8MAhNIV9pLl1tVX/arcgis/rest/services/Hyattsville_CCTV_Camera_Program_2024/FeatureServer/0,"City of Hyattsville, MD (cohgis)",gov-open-data,T07,US-MD:Hyattsville,count not read,arcgis,unknown,unknown,NONE-FOUND(checked: ArcGIS item licenseInfo/accessInformation via hub API),NONE-FOUND,guess:LicenseRef-PublicRecord-FactualCompilation,bytes=undetermined; facts=likely-open; derived=undetermined,none-observed,origin,new,dot_511:arcgis_query (camera_registry family),2026-09-30T18:31:57Z,I3-Q086;I3-F099,live-read,"Fields Loc_Name, City_Ward, Installed, Operating, Cam_Type, Status, Inst_Date (program status series).",I3-T07-C03-G0,target,FAM-AGOL-CCTV,unknown,camera-fixed-cctv,independent_account,pass,200 GET layer JSON (schema only),I1#5
I3-C083,"Security Camera Locations (City of San Bernardino, CA)",https://services2.arcgis.com/7OxlX3znYaz1cdox/arcgis/rest/services/Security_Camera_Locations/FeatureServer/0,"City of San Bernardino, CA",gov-open-data,T07,US-CA:San Bernardino,count not read,arcgis,unknown,unknown,NONE-FOUND(checked: ArcGIS item licenseInfo/accessInformation via hub API),NONE-FOUND,guess:LicenseRef-PublicRecord-FactualCompilation,bytes=undetermined; facts=likely-open; derived=undetermined,residential-intersection,origin,new,dot_511:arcgis_query (camera_registry family),2026-09-30T18:31:57Z,I3-Q086;I3-F101,live-read,"Fields Site, Status, Feature, CameraType, ComType, System (geocoded addresses).",I3-T07-C03-G0,target,FAM-AGOL-CCTV,unknown,camera-fixed-cctv,independent_account,flag,200 GET layer JSON (schema only),I1#5
I3-C084,Private Security Camera Rebate Program and Voucher Program (DC Office of Victim Services and Justice Grants) - per-PSA aggregates,https://maps2.dcgis.dc.gov/dcgis/rest/services/DCGIS_DATA/Public_Safety_WebMercator/MapServer/33,District of Columbia Office of Victim Services and Justice Grants (DC GIS),gov-open-data,T06,US-DC,"per Police Service Area, per MONTH_YEAR: RECEIVED, UNDERREVIEW, APPROVED, DECLINED, REBATEFUND, CAMERAFOUNDED (voucher programme = layer 34, not read)",arcgis,monthly (MONTH_YEAR field),unknown,NONE-FOUND(checked: layer JSON),NONE-FOUND,guess:LicenseRef-PublicRecord-FactualCompilation (DC open data),bytes=undetermined; facts=likely-open; derived=undetermined,none-observed,origin,new,dot_511:arcgis_query,2026-09-30T18:32:02Z,I3-Q086;I3-F100,live-read,"AGGREGATE lane for a public subsidy of private cameras (T06 public-private): no registrant points. Description: ""creates a rebate for residents, businesses, nonprofits, and religious institutions to purchase and install ...""",I3-T07-C03-G0,target,FAM-AGOL-CCTV,unknown,private-camera-registry,independent_account,pass,200 GET MapServer layer JSON,I1#2;I1:state=DC
I3-C085,"HAZARD: RegisteredCameraLocations (Town of Flower Mound, TX) - camera-registry registrant PII exposed (METADATA ONLY)",https://services7.arcgis.com/6qFRqt366CpC8ZLF/arcgis/rest/services/RegisteredCameraLocations/FeatureServer/0,Town of Flower Mound GIS (ArcGIS Online),gov-open-data,T06,US-TX:Flower Mound,NOT READ,arcgis,unknown,NOT READ,NONE-FOUND,NONE-FOUND,guess:n/a,bytes=prohibited-by-terms; facts=undetermined; derived=undetermined,home-address;private-person-name;private-registrant-location;operator-identifier,origin,new,NONE,2026-09-30T18:32:05Z,I3-Q086;I3-F102,live-read,"BLOCK. Schema fields FIRST_NAME, LAST_NAME, ADDRESS1, PHONE, EMAIL, camera coverage directions: private registrants published as a public feature layer. Programme existence is the only usable fact. See finding NEW-1. bytes lane marked prohibited on Part VIII grounds.",I3-T07-C03-G0,target,FAM-HAZARD,unknown,private-camera-registry,independent_account,block,200 GET layer JSON (schema only),I1#2
I3-C086,Police private-camera registration programmes evidenced by ArcGIS Survey123 forms/layers (family; programme facts only),https://hub.arcgis.com/api/search/v1/collections/dataset/items?q=%22police%20cameras%22,"~25 US agencies incl. Stark County OH, Johns Creek GA, Decatur IL, Jasper, Gilroy CA, Tumwater WA, Danville IL, Grand Forks ND, Renton WA, Flower Mound TX, Grand Blanc Twp MI, Travelers Rest SC, Baltimore County MD, Friendswood TX, Tucson AZ, Rochelle IL, West Fargo ND, Springfield Twp, Pleasant Hill, Gloucester County NJ Prosecutor, Upper Arlington OH, Olympia WA, Hampden",gov-open-data,T06,US,~25 programme evidences in one hub query page (numberMatched=355) (live-read titles/owners),arcgis,irregular,n/a (rows never read),NONE-FOUND,NONE-FOUND,guess:n/a (programme facts only),bytes=prohibited-by-terms; facts=likely-open; derived=undetermined,private-registrant-location;private-person-name;home-address,origin,related:camreg_osm_surveillance,programme-existence facts only (title/owner/created date from hub metadata); never form rows,2026-09-30T18:31:23Z,I3-Q086,live-read,"Each Survey123 form = a police camera-registry programme (T06). Rows hold registrants (names, addresses) -> BLOCK rows; I7 may harvest programme existence + start date from item metadata only. Includes tier-A/B states (MI Grand Blanc Twp; ND Grand Forks, West Fargo). Also a vendor-consultant item ""Real-Time Crime Center Camera Registration"" (OGx Consulting). out-of-cell: owning cell I3-TRES-C03-G0.",I3-T07-C03-G0,family,FAM-AGOL-PREG,unknown,private-camera-registry,independent_account,block,hub metadata only,I1#2;I1:state=MI;I1:state=ND
I3-C087,"Columbus City Council - contracts with Motorola Solutions dba Vigilant Solutions for (commercial) license plate data subscriptions (2020, 2022, 2023, 2026)",https://webapi.legistar.com/v1/columbus/matters,"City of Columbus, OH (Legistar client columbus)",agenda,T04;T03,US-OH:Columbus,4 ordinances,api,irregular (council cycle),4 ordinances,NOT-CHECKED (Legistar Web API terms; registry row legistar governs),NONE-FOUND,guess:LicenseRef-PublicRecord (meeting records),bytes=undetermined; facts=likely-open; derived=undetermined,private-person-name,origin,related:legistar,procurement:legistar (tenant already enumerated in agenda_tenants.toml),2026-09-30T18:19:00Z,I3-Q092,live-read,"T04 commercial plate data: a 2022 title reads ""for the purchase of commercial lice[nse plate data]"" (truncated at read). Found by the residual probe of TRES-C07 (owning class T04). Matter titles only were read (MatterTitle filter); attachments not fetched. Staff/contact names in some titles -> redact at extraction.",I3-TRES-C07-G0,target,FAM-LEGISTAR-ALPR,Motorola Solutions (Vigilant),plate-data-commercial-purchase,independent_account,flag,200 GET Legistar Web API,I1#10;I1#1
I3-C088,"CourtListener opinions citing ""Flock Safety"" (state appellate; metadata level)",https://www.courtlistener.com/api/rest/v4/search/?q=%22Flock%20Safety%22&type=o,"Free Law Project (CourtListener) - opinions of OH, IL, IA, IN, TX courts and others",court,T01;T03,US,"12 opinions (1991 false-positive + 2024-2026: OH 6, IL 1, IA 1, IN 1, TX 1, NC business court 1, AR bankruptcy 1)",api,daily,12 opinions,https://www.courtlistener.com/terms/,NONE-FOUND (terms page not fetched),guess:LicenseRef-CourtOpinions-PublicDomain (verify),bytes=undetermined; facts=likely-open; derived=undetermined,private-person-name;person-level-enforcement,origin,related:courtlistener_recap,accountability:courtlistener_recap (gated),2026-09-30T18:33:10Z,I3-Q093,live-read,"Suppression / Fourth-Amendment rulings on Flock evidence are accountability events; party names = defendants -> metadata-level only (case, court, date), never names.",I3-T01-C12-G0,channel,,Flock Safety,alpr-fixed,independent_account,flag,200 GET CourtListener API,I1#12;I1#1
I3-C089,Chicago OEMC - Link Your Cameras (Private Sector Camera Initiative),https://www.chicago.gov/city/en/depts/oem/provdrs/tech/svcs/link_your_cameras.html,City of Chicago Office of Emergency Management and Communications,other,T06;T05,US-IL:Chicago,1 programme page + brochure (brochure not fetched),html,static,1 page,NOT-CHECKED,NONE-FOUND,guess:LicenseRef-PublicRecord,bytes=undetermined; facts=likely-open; derived=undetermined,private-registrant-location,origin,related:camreg_chicago_il,dossier_documents:html_text,2026-09-30T18:34:00Z,I3-L004;I3-F105,live-read,"""The Private Sector Camera Initiative links Chicago based organizations, companies and sister agencies' cameras systems into the Office of Emergency Management and Communications (OEMC) state-of-the-art unified video surveillance network."" Names CPS, CHA, CTA, Parks, Millennium Park, Soldier Field. publisher_type=other: agency programme page (channel C05).",I3-T06-C05-G0,publisher,,,private-camera-integration;camera-federation-hub,independent_account,flag,200 GET,I1#2
I3-C090,"Flock Safety community camera-registration pages (refer.flocksafety.com/community/<slug>, e.g. ""Manatee Overwatch"")",https://refer.flocksafety.com/community/manatee-overwatch,"Flock Safety (platform) for Manatee County, FL programme",vendor-portal,T06;T04,US-FL:Manatee County,6 Atlas camera-registry links to refer.flocksafety.com (I3-L004),html,unknown,unknown,NOT-CHECKED (Flock terms page not fetched),NONE-FOUND,guess:LicenseRef-VendorToS-Unknown,bytes=undetermined; facts=undetermined; derived=undetermined,private-registrant-location;private-person-name,origin,related:flock_api_terms,none until terms reviewed; programme facts link-only,2026-09-30T18:34:03Z,I3-L004;I3-F107,live-read,"Page: ""By registering your cameras, you can help strengthen emergency preparedness and incident response in Manatee County. REGISTER YOUR CAMERA NOW""; form asks Organization Type (Residential / HOA / Builder / Place of Worship; Commercial / Business; ...). Flock's private-camera registry product (a Flock analogue of Fusus Connect) - not the refused transparency portals.",I3-T06-C01-G0,channel,,Flock Safety,private-camera-registry,independent_account,flag,200 GET,I1#2;I1#1
