cand_id,name,url,publisher,publisher_type,technology_classes,geographies,coverage_estimate,format_access,update_cadence,volume_estimate,terms_url,terms_verbatim_excerpt,licence_guess,rights_lane,part_viii_flags,lineage,registry_match,connector_reuse,retrieved_at,found_by_query_id,evidence_class,notes,cell_id,candidate_level,family_id,vendors,ontology_concepts,lineage_class,part_viii_verdict,access_check,gap_ref
I9b-C001,Little Rock Board of Directors meeting-agenda PDFs (resolutions: Skopenow OSINT renewal 2026-05-05; LRPD Flock Safety cameras via Insight Public Sector 2025-02-18),https://littlerock.gov/wp-content/uploads/meeting-agenda/AGENDA%20-%20WEB%20-%205-5-2026/R-Skopenow.pdf,"City of Little Rock, AR (Board of Directors)",agenda,T20;T01,US-AR:Little Rock,"2 resolution PDFs surfaced by search (search-summary, unfetched); content not read",pdf,irregular (per meeting),unknown,NONE-FOUND(checked: none; host behind bot-verification),NONE-FOUND,guess:LicenseRef-public-record,bytes=undetermined; facts=undetermined; derived=undetermined,none-observed,origin,new,new:html_pdf_agenda (WordPress uploads folder),2026-09-30T19:03:25Z,I9b-Q001;I9b-F001,lead-only(challenge),"LEAD-ONLY; access=200 bot-verification interstitial ('Please wait while your request is being verified') at F001 -> host stop-listed, not retried. Search summary (lead, unverified) described a $52,541.75 one-year Skopenow renewal for the LRPD Crime Analysis Unit. Second agenda URL surfaced by the same query: .../AGENDA%20-%20WEB%20-%202-18-2025/R%20-%20LRPD%20Flock%20Safety%20Cameras%20with%20Insight%20Public%20Sector.pdf (Flock -> I3 class). I5 found Little Rock has no Legistar client (I5 Q038), so this uploads folder is the agenda channel. operators=police",I4-T20-C09-G0,channel,,Skopenow;Flock Safety;Insight Public Sector,osint-platform;social-media-monitoring,independent_account,pass,200 challenge-interstitial 2026-09-30T19:03:25Z; stop-listed,I1#7;I1:state=AR
I9b-C002,City Record Online (CROL) - NYC Open Data dg92-zbpx,https://data.cityofnewyork.us/d/dg92-zbpx,"City of New York, Department of Citywide Administrative Services (DCAS)",procurement,T00;T20;T19;T13;T23,US-NY:New York,"all NYC agency City Record notices (solicitations, awards, contract award hearings); vendor_name aggregate: Dataminr 8, Axon 11, ShotSpotter 2 notices (I9b-Q008, live-read); Cobwebs appears in short_title (F002: Bronx DA public hearing 90224S8003KXL, 2023-11-30)",socrata,"daily (rowsUpdatedAt/updatedAt 2026-09-30, Q007/F012)",unknown row count (metadata only; count not run),https://data.cityofnewyork.us/api/views/dg92-zbpx.json,"views JSON: ""license"":{""name"":""Public Domain""}; attribution: Department of Citywide Administrative Services (DCAS)",guess:LicenseRef-NYC-OpenData-PublicDomain,bytes=likely-open; facts=likely-open; derived=likely-open,private-person-name,origin,new,dot_511:socrata_rows (SoQL aggregate by vendor/title),2026-09-30T19:05:52Z,I9b-Q003;I9b-F002;I9b-Q007;I9b-F012;I9b-Q008;I9b-Q033,live-read,"Columns include contact_name/contact_phone/email (agency contacts, institutional) and vendor_address -> drop at extraction. Noise: 'CLEARVIEW DATA SYSTEMS' is not Clearview AI; '%BRINC%' matched Parsons Brinckerhoff -> word-boundary vendor matching needed. Multi-class; the SMM (Dataminr) and SMM/OSINT (Cobwebs) hits are why it was found in this cell. operators=police;district-attorney;city Q033 surfaced further CROL notices: Bronx DA Cellebrite Premium sole source (RequestDetail/20230616101) and Queens DA Premium ES renewal (20240920101) - forensics (T19) in the same channel.",I4-T20-C09-G0,channel,,Dataminr;Cobwebs;Axon;ShotSpotter,social-media-monitoring;osint-platform,independent_account,flag,200 GET 2026-09-30T19:05:52Z (views JSON); robots not read,I1#6;I1#7
I9b-C003,"Jasper County Council special called meeting agenda e-packet 2024-06-28 (Sheriff purchase of Cellebrite electronic evidence extraction system, sole source, $47,520)",https://jaspercountysc.gov/media/1lqbd25k/06282024-agenda-e-packet-special-called-meeting.pdf,"Jasper County, SC (County Council)",agenda,T19,US-SC:Jasper County,"1 agency purchase (live-read F009: 'desires to purchase an electronic evidence extraction system from Cellebrite, a sole source provider'; 'quoted purchase price ... $47,520.00')",pdf,static (single packet; council packets irregular),"915,313 bytes PDF",NONE-FOUND(checked: document only),NONE-FOUND,guess:LicenseRef-public-record,bytes=undetermined; facts=likely-open; derived=undetermined,none-observed,origin,new,dossier_documents:pdf_text,2026-09-30T19:04:25Z,I9b-Q004;I9b-F009,live-read,Same resolution also covers a second Sheriff purchase via a South Carolina state contract (state-contract back-chain -> I6-T00-C08-GS). SC is tier C but has no DOT source (I5). operators=sheriff,I4-T19-C09-G0,target,,Cellebrite,extraction-physical;mobile-forensics-unspecified,independent_account,pass,200 GET 2026-09-30T19:04:25Z,I1#7;I1:state=SC
I9b-C004,Town of Davie Notice of Intent to Award a Sole Source Procurement NTSS-2018-026: Cellebrite Universal Mobile Phone Forensics Software Upgrade,https://www.davie-fl.gov/DocumentCenter/View/4395/NTSS-2018-026-Cellebrite---Universal-Mobile-Phone-Forensic-Software-Upgrade,"Town of Davie, FL (Purchasing)",procurement,T19,US-FL:Davie,1 notice dated 2017-11-14 (live-read F010),pdf,static (2017),"1,652,217 bytes PDF",NONE-FOUND(checked: document only),NONE-FOUND,guess:LicenseRef-public-record,bytes=undetermined; facts=likely-open; derived=undetermined,none-observed,origin,new,dossier_documents:pdf_text,2026-09-30T19:04:25Z,I9b-Q004;I9b-F010,live-read,"Historical (2017). Channel pattern: CivicPlus DocumentCenter 'Notice of Intent to Award a Sole Source' (NTSS) postings are a findable municipal sole-source channel; a search hook for FOR vendors. Search also surfaced (unfetched leads): Miami-Dade 2022 minutes 220591min.pdf, La Vista NE DocumentCenter/View/11097, Decatur IL Cellebrite Premium, Nampa ID (GovTech), NYC CROL 20240920101. operators=police",I4-T19-C09-G0,target,,Cellebrite,mobile-forensics-unspecified,independent_account,pass,200 GET 2026-09-30T19:04:25Z,I1#7
I9b-C005,WSIPC RFP 24-01 Student Safety Solutions - Gaggle cooperative contract (Washington K-12),https://www.wsipc.org/purchasing/gaggle-24-01,WSIPC (Washington School Information Processing Cooperative),procurement,T25,US-WA,"1 cooperative master (RFP 24-01) with public notice, RFP, sample contract, 4 addenda, publication affidavits (OR, UT, WA) (live-read F003); member-district orders not listed",html,irregular,11 linked PDFs,NONE-FOUND(checked: https://www.wsipc.org/purchasing/gaggle-24-01),NONE-FOUND,guess:LicenseRef-public-record,bytes=undetermined; facts=likely-open; derived=undetermined,none-observed,origin,new,new:coop_contract_docs,2026-09-30T19:03:26Z,I9b-Q005;I9b-F003,live-read,"out-of-cell->I6-T00-C08-G0 (cooperative side is I6's). Page instructs: 'On the Request for Quote, Purchase Order, and all vendor communication, reference contract number: WSIPC RFP 24-01' -> back-chain key for district POs. contract_ids=WSIPC RFP 24-01. Affidavits of publication in OR and UT suggest multi-state eligibility (inference). operators=school-district",I4-T25-C09-G0,publisher,,Gaggle,school-surveillance-suite,independent_account,pass,200 GET 2026-09-30T19:03:26Z,I1#7
I9b-C006,"Florida Buy (PAEC) State Cooperative Purchasing Program - GAGGLE.NET, INC. contract (award letter, interlocal agreement, 2024 extension, 2025 renewal)",https://floridabuy.paec.org/gaggle-net-inc/,"Panhandle Area Educational Consortium (PAEC), Florida Buy",procurement,T25,US-FL,"1 cooperative contract; documents: Agenda, Award Letter, Bid Documents, Interlocal Agreement, Vendor Response, 2024 Extension, 2025 Renewal (live-read F011)",html,annual (renewal documents),7 linked documents,NONE-FOUND(checked: https://floridabuy.paec.org/gaggle-net-inc/),NONE-FOUND,guess:LicenseRef-public-record,bytes=undetermined; facts=likely-open; derived=undetermined,none-observed,origin,new,new:coop_contract_docs,2026-09-30T19:04:26Z,I9b-Q005;I9b-F011,live-read,"out-of-cell->I6-T00-C08-G0. Florida Buy is an education cooperative; the interlocal agreement names who may piggyback (not read). Search also surfaced (unfetched) Pavilion contract 22-02PV-07 (aggregator; I6) and Gaggle statewide consortium partnerships in PA and SD (vendor press, techlearning). operators=school-district",I4-T25-C09-G0,publisher,,Gaggle,school-surveillance-suite,independent_account,pass,200 GET 2026-09-30T19:04:26Z,I1#7
I9b-C007,FAA Part 91.113 Certificates of Waiver and Authorization - per-agency CoW PDFs (filename pattern 91-113-<year>-<serial>-<Agency>-CoW.pdf),https://www.faa.gov/sites/faa.gov/files/91-113-2026-01134-Aurora-Police-Department-CoW.pdf,Federal Aviation Administration (FAA),other,T14,US,"search surfaced 7 per-agency CoW PDFs with 2026 serials 00020-01134 (Southington PD, Hinsdale PD, Toledo PD, Aurora PD, Harpersville PD, Elyria PD); serial 01134 implies >=1,134 CoWs numbered in 2026 (inference from serial numbering; search-summary, unfetched)",pdf,irregular (per waiver; the index table I4-C011 is paged to >=38),"unknown (>=1,134 in 2026 by serial, inference)",NONE-FOUND(checked: none; faa.gov 403 at F005),NONE-FOUND,guess:LicenseRef-US-federal-work-17USC105,bytes=likely-open; facts=likely-open; derived=likely-open,private-person-name,origin,related:faa_drone_waivers,new:faa_waivers,2026-09-30T19:03:27Z,I9b-Q014;I9b-F005,lead-only(403),"LEAD-ONLY; access=faa.gov answered 403 to this row (F005) -> host stop-listed; not retried, no mirror. Search summary (unverified) gives validity windows (e.g. Aurora PD effective 2026-09-08 to 2030-09-30; Southington 2026-02-02 to 2030-02-28). Unlike Part 107 waivers these are issued to public-aircraft operators (agencies), so filenames name agencies, not pilots; the PDFs may still name an agency point of contact (institutional role) -> flag. Document-level origin behind the index table I4-C011 and behind EFF's FOIA sheet I4-C002. operators=police;sheriff;fire",I4-T14-C16-G0,family,I9b-FAM-FAA91113,,drone-as-first-responder;uas-general,independent_account,flag,"403 GET 2026-09-30T19:03:27Z (faa.gov, F005)",I1#8
I9b-C008,"Houston City Council renews Dataminr social-media monitoring software for HPD ($108,000; vote 2024-02-21) - Houston Landing",https://houstonlanding.org/houston-council-renews-support-for-dataminr-social-media-monitoring-tool-used-by-police/,Houston Landing (journalism),journalism,T20,US-TX:Houston,"1 council approval (live-read F013: 'Council members approved without debate or dissent spending $108,000 on software from Dataminr')",html,static (2024-02-21),1 article,NONE-FOUND(checked: article page only),NONE-FOUND,guess:LicenseRef-journalism-copyright,bytes=likely-restricted; facts=likely-open; derived=undetermined,none-observed,derived-from:Houston City Council agenda item (origin not fetched),new,dossier_documents:html_text (facts only); origin via Houston agenda (NovusAgenda per I5),2026-09-30T19:08:16Z,I9b-Q013;I9b-F013;I9b-Q016,live-read,Journalism = facts only; the origin council item was not fetched. Houston is a GL1 thin city (w 0.48). operators=police,I4-T20-C09-G0,target,,Dataminr,social-media-monitoring,derived_summary,pass,200 GET 2026-09-30T19:08:16Z,I1#7;I1:city=Houston
I9b-C009,"Virginia State Police Dataminr records and Master Services Agreement (records released to a requester, posted 2025-05-21)",https://joshstanfield.substack.com/p/vsp-releases-more-dataminr-surveillance,"Virginia State Police records, posted by requester (Substack 'Virginia Politics Revealed')",records-release,T20,US-VA,"1 state-police SMM contract (live-read F014: 'VSP Releases More Dataminr Surveillance Records & Master Services Agreement', dated May 21, 2025); a follow-up post 'VSP FOIA Update: Records Released' is linked",html,static,1 post + attached records (not opened),NONE-FOUND(checked: post only),NONE-FOUND,guess:LicenseRef-public-record (agency records) / author copyright (post text),bytes=undetermined; facts=likely-open; derived=undetermined,free-text-narrative;private-person-name,mirror-of:Virginia State Police released records,new,records (document adapter; no connector for Substack),2026-09-30T19:08:17Z,I9b-Q013;I9b-F014;I9b-Q083,live-read,"out-of-cell->I4-T20-C13-G0 (records release). Released records may include e-mails and alert content -> free-text screen before any extraction; attachments were not opened. operators=state-police Same series also posted James Madison University's Dataminr records (released 2025-05-05; Q083 lead, not fetched) -> a campus-police member.",I4-T20-C09-G0,target,,Dataminr,social-media-monitoring,republished_document,flag,200 GET 2026-09-30T19:08:17Z,I1#7
I9b-C010,"Arkadelphia Public Schools board to consider three-year GoGuardian contract ($42,875) replacing Impero (agenda meeting 2021-11-02) - Arkadelphian",https://arkadelphian.com/2021/10/29/school-board-to-consider-switching-online-monitoring-service/,The Arkadelphian (local journalism),journalism,T25,US-AR:Arkadelphia,"1 district (live-read F016: 'currently uses Impero but could end up with a three-year contract with GoGuardian'; '$42,875 purchase')",html,static (2021),1 article,NONE-FOUND(checked: article page only),NONE-FOUND,guess:LicenseRef-journalism-copyright,bytes=likely-restricted; facts=likely-open; derived=undetermined,private-person-name,derived-from:Arkadelphia School District board agenda (origin not fetched),new,dossier_documents:html_text (facts only),2026-09-30T19:08:18Z,I9b-Q009;I9b-F016,live-read,"Historical (2021); consideration, not a confirmed award (a template/agenda is not an executed instrument). Names a district staff member (institutional; not copied). AR is tier A (w 0.56). operators=school-district",I4-T25-C07-G0,target,,GoGuardian;Impero,school-surveillance-suite,derived_summary,pass,200 GET 2026-09-30T19:08:18Z,I1#7;I1:state=AR
I9b-C011,"Buffalo Common Council summary, week of 2024-12-09 (Police Commissioner request to purchase Dataminr services) - Partnership for the Public Good",https://ppgbuffalo.org/news-and-events/news/article:12-13-2024-12-00am-buffalo-common-council-summary-week-of-december-9-2024/,Partnership for the Public Good (Buffalo civic NGO),ngo,T20,US-NY:Buffalo,1 council item (live-read F018: Police Commissioner 'requesting permission to purchase services from Dataminr'),html,weekly (council summaries),1 page,NONE-FOUND(checked: page only),NONE-FOUND,guess:LicenseRef-ngo-copyright,bytes=undetermined; facts=likely-open; derived=undetermined,none-observed,derived-from:Buffalo Common Council caucus/agenda (origin not fetched),new,dossier_documents:html_text (facts only),2026-09-30T19:08:20Z,I9b-Q013;I9b-F018,live-read,"Search summaries (leads, unfetched: WGRZ) say a two-year $82,800 contract funded by a NYS DCJS technology grant -> state-grant channel lead for I6-T00-C10-GS. Page says 'the agendas can be found on the council's meeting website'. operators=police",I4-T20-C09-G0,target,,Dataminr,social-media-monitoring,derived_summary,pass,200 GET 2026-09-30T19:08:20Z,I1#7
I9b-C012,"Govly public award pages (aggregated state/local purchase orders) - e.g. Idaho Technology Authority PO 250026 to Navigate360, LLC",https://app.govly.com/public/awards/e4324476d55d2bd06de962f8a5a1fc56,Govly (commercial aggregator); origin: Idaho Technology Authority purchase order,procurement,T25;T22,US-ID,"1 award page read (live-read F019: 'Threat Assessment Platform using NTAC methodolgy'; Recipient Navigate360, LLC; Award Amount $17,257.00; Awarded September 01, 2024; Identifier 250026)",html,unknown,unknown (aggregator; 'Sign up free' account wall for more),NONE-FOUND(checked: award page only),NONE-FOUND,guess:LicenseRef-aggregator-terms-unknown,bytes=likely-restricted; facts=likely-open; derived=undetermined,none-observed,derived-from:Idaho state purchase-order records,new,new:coop_contract_docs (aggregator lead only; ingest from the state origin),2026-09-30T19:08:20Z,I9b-Q011;I9b-F019,live-read,out-of-cell->I6-T00-C08-G0 (aggregators are I6's; Pavilion/CivicIQ analogue). Account creation is forbidden (R3); only the public award page was read. Useful as a finder for state PO origins (Idaho transparency). award_ids=250026. operators=state,I4-T25-C09-G0,channel,,Navigate360,school-surveillance-suite;risk-assessment,derived_summary,pass,200 GET 2026-09-30T19:08:20Z,I1#6;I1#7
I9b-C013,Ingham County Board of Commissioners Resolution #25-254: Resolution to authorize a contract renewal with Cellebrite Inc. (adopted 2025-05-13),https://resolutions.ingham.org/storage/Portals/BC/2025%20Resolutions/25-254.doc,"Ingham County, MI (Board of Commissioners)",agenda,T19,US-MI:Ingham County,"1 county resolution (live-read F022: 'Ingham County has been using Cellebrite Inc. since 2021'; 'not to exceed $9,439.50 for 2025-2026 to be paid out of the 2025 Sheriff's Office budget'; renewals authorised to 2028-2029)",other,irregular (per resolution; annual resolution folders),"25,600 bytes .doc; host serves a per-year resolutions folder (inference from path)",NONE-FOUND(checked: document only),NONE-FOUND,guess:LicenseRef-public-record,bytes=undetermined; facts=likely-open; derived=undetermined,private-person-name,origin,new,dossier_documents (legacy .doc; needs a doc->text step),2026-09-30T19:10:31Z,I9b-F022;I9b-Q019,live-read,"Recovered fetch: the originating WebSearch (issued by the interrupted run between 19:07:29Z and 19:10:30Z) was not persisted, so found_by_query_id is the fetch only. Resolution text lists committee member surnames in vote tallies (elected officials, institutional) and the vendor's business address; the document metadata carries a staff author name (not copied). MI is tier A (w 0.56). operators=sheriff The original 2021 authorisation is resolution 21-245 on the same host (resolutions.ingham.org/storage/Portals/BC/2021 Resolutions/21-245.doc; surfaced by Q019, not fetched) -> per-year resolution folders.",I4-T19-C09-G0,target,,Cellebrite,mobile-forensics-unspecified,independent_account,flag,200 GET 2026-09-30T19:10:31Z,I1#7;I1:state=MI
I9b-C014,"Putnam commission approves opioid settlement funds for device unlocking system (Cellebrite Inseyets, Putnam County Sheriff) - Herald-Dispatch / HD Media, 2025-08-13",https://www.herald-dispatch.com/news/putnam_news/putnam-commission-approves-opioid-settlement-funds-for-device-unlocking-system/article_006271e7-fd5e-4bc1-b9b1-8b8462deedb8.html,"HD Media (Herald-Dispatch, journalism)",journalism,T19,US-WV:Putnam County,"1 county approval (live-read F023: 'commissioners approved the use of opioid settlement money for a Cellebrite Inseyets subscription, allowing the Putnam County Sheriff's Department to unlock phones'; the Sheriff, the city of Hurricane and the County Commission 'entered into an agreement to purchase the subscription')",html,static (2025-08-13),1 article,NONE-FOUND(checked: article page only),NONE-FOUND,guess:LicenseRef-journalism-copyright,bytes=likely-restricted; facts=likely-open; derived=undetermined,none-observed,derived-from:Putnam County Commission meeting (origin not fetched),new,dossier_documents:html_text (facts only); origin = Putnam County Commission minutes,2026-09-30T19:10:31Z,I9b-F023;I9b-Q019,live-read,Recovered fetch (originating query unrecorded; see C013). Notable funding channel: opioid-settlement funds used for forensics tooling -> a state/county opioid-settlement expenditure-report lead for I6-T00-C10-GS (inference). Multi-agency (county + City of Hurricane) shared subscription. Names the elected sheriff (institutional). WV is tier A (w 0.72) and had no I4 candidate. operators=sheriff;police,I4-T19-C09-G0,target,,Cellebrite,extraction-physical;mobile-forensics-unspecified,derived_summary,pass,200 GET 2026-09-30T19:10:31Z,I1#7;I1:state=WV
I9b-C015,"Manitowoc County Public Safety Committee minutes 2026-03-11 (acceptance of Wisconsin DOJ 'Hardware and Cellebrite Program' grant, $40k)",https://manitowoccountywi.gov/wp-content/uploads/2026/03/3-11-2026-Public-Safety-Committee-Minutes.pdf,"Manitowoc County, WI (Public Safety Committee)",agenda,T19,US-WI:Manitowoc County,1 grant acceptance (live-read F024: 'Another Wisconsin DOJ grant submitted by Lt. [name] for Cellebrite and Hardware program for $40k'; 'A motion to approve the resolution accepting the Wis DOJ Hardware and Cellebrite Program grant ... passed unanimously'),pdf,monthly (committee minutes),"115,336 bytes PDF",NONE-FOUND(checked: document only),NONE-FOUND,guess:LicenseRef-public-record,bytes=undetermined; facts=likely-open; derived=undetermined,private-person-name,origin,new,dossier_documents:pdf_text,2026-09-30T19:10:32Z,I9b-F024,live-read,Recovered fetch (originating query unrecorded; see C013). Reveals a state grant programme funding forensics tools (Wisconsin DOJ) -> grant-channel lead for I6-T00-C10-GS (the award list itself was not searched here). Minutes name deputies (institutional roles) and supervisors (elected). operators=sheriff,I4-T19-C09-G0,target,,Cellebrite,mobile-forensics-unspecified,independent_account,flag,200 GET 2026-09-30T19:10:32Z,I1#7;I1:state=WI
I9b-C016,"Savannah City Council 2023-05-25 item 17: Authorize the City Manager to Execute a Contract for PLX PenLink Software from PenLink ($57,371)",https://agenda.savannahga.gov/publishing/may-25-2023-city-council-regular-meeting/1394_9407.html,"City of Savannah, GA (City Council, Agenda Plus)",agenda,T20;T19,US-GA:Savannah,"1 contract approval (live-read F025: 'PLX PenLink will allow for the capability to aggregate and analyze the digital evidence the Savannah Police Department captures from mobile devices, social media, and other third-party systems'; $57,371)",html,irregular (per meeting),1 item page,NONE-FOUND(checked: document only),NONE-FOUND,guess:LicenseRef-public-record,bytes=undetermined; facts=likely-open; derived=undetermined,none-observed,origin,new,new:agendaplus_html (same Agenda Plus host as I4-C088),2026-09-30T19:10:32Z,I9b-F025,live-read,"Recovered fetch (originating query unrecorded; see C013). Same publisher/platform as I4-C088 (Savannah BriefCam item) -> cross-row related for I7; this is a new item (PenLink), not a duplicate. PenLink PLX spans social-media and device-evidence aggregation (T20/T19 boundary). operators=police",I4-T20-C09-G0,target,,PenLink,social-media-monitoring;mobile-forensics-unspecified,independent_account,pass,200 GET 2026-09-30T19:10:32Z,I1#7
I9b-C017,"NT Quotations and Tenders Online NS25-0080: Provision of the Fivecast Onyx Software Subscription, Support and Maintenance (Office of the Independent Commissioner Against Corruption)",https://tendersonline.nt.gov.au/Tender/Details/25785,Northern Territory Government (Quotations and Tenders Online); buyer: NT ICAC,procurement,T20,ISO:AU;AU-NT,"1 tender record (live-read F026: 'requires a Fivecast Onyx software subscription ... to evaluate useability with existing systems and intelligence capability development'; Release 7/08/2025, Close 12/12/2025, Award 16/12/2025; procurement method 'Selected')",html,irregular (per tender; portal lists Current/Closed/Awarded),1 tender page; portal size unknown,NONE-FOUND(checked: https://tendersonline.nt.gov.au/Tender/Details/25785),NONE-FOUND,guess:LicenseRef-NT-Government-copyright,bytes=undetermined; facts=likely-open; derived=undetermined,none-observed,origin,new,new:nt_tenders_html,2026-09-30T19:10:34Z,I9b-F026,live-read,"Recovered fetch (originating query unrecorded; see C013). out-of-cell->I5-T00-C08-GI1 (international procurement). A state-level AU tender portal with Awarded listings; I5 captured AusTender OCDS (I5-C336, federal) but no state portal. Fivecast is an Australian OSINT/SMM vendor. Jurisdiction-conditional publication (Privacy Act 1988 (Cth); NT Information Act). operators=anti-corruption-commission",I4-T20-C09-G0,channel,,Fivecast,osint-platform;social-media-monitoring,independent_account,pass,200 GET 2026-09-30T19:10:34Z,I1#11;I1#7
I9b-C018,"Council approves PD grant application for monitoring program (Frisco PD social-media and intelligence monitoring app, $35,000 grant) - Community Impact, 2015-04-22",https://communityimpact.com/frisco/news/council-approves-pd-grant-application-for-monitoring-program/,Community Impact (journalism),journalism,T20,US-TX:Frisco,"1 council approval of a grant application (live-read F037: 'approved the Frisco Police Department's request to apply for a $35,000 grant for a social media and intelligence monitoring program'; datePublished 2015-04-22)",html,static (2015),1 article,NONE-FOUND(checked: article page only),NONE-FOUND,guess:LicenseRef-journalism-copyright,bytes=likely-restricted; facts=likely-open; derived=undetermined,none-observed,derived-from:Frisco City Council consent agenda 2015-04-21 (origin not fetched),new,dossier_documents:html_text (facts only),2026-09-30T20:16:30Z,I9b-Q016;I9b-F037,live-read,"Historical; a grant application is not an award (S5 guard: eligibility is not an award). Frisco is a GL1 thin city (I5 found only a weak open-data negative and an OnBase agenda host, I5-C127). The article quotes the police chief (institutional). operators=police",I4-T20-C09-G0,target,,,social-media-monitoring,derived_summary,pass,200 GET 2026-09-30T20:16:30Z,I1#7;I1:city=Frisco
I9b-C019,"Durham City Council rejects police tech proposal (Peregrine Technologies data-integration contract dropped) - ABC11/WTVD, 2026-02-03",https://abc11.com/amp/post/durham-city-council-rejects-police-tech-proposal/18536425/,WTVD ABC11 (journalism),journalism,T22,US-NC:Durham,1 proposed contract not pursued (live-read F029: 'The Durham City Council is no longer moving forward with a proposed contract by Peregrine Technologies that would help manage data into a single interface for Durham Police'; datePublished 2026-02-04T01:18:34Z),html,static (2026),1 article,NONE-FOUND(checked: article page only),NONE-FOUND,guess:LicenseRef-journalism-copyright,bytes=likely-restricted; facts=likely-open; derived=undetermined,none-observed,derived-from:Durham City Council work session (origin not fetched; Durham AgendaCenter = I5-C125),new,dossier_documents:html_text (facts only),2026-09-30T20:16:25Z,I9b-Q017;I9b-F029,live-read,"out-of-cell->I4-TRES-C07-G0 (T22 has no dedicated C07 cell) (investigative platform; council process). A rejected proposal is still an institutional fact (proposal + decision), not a deployment. Durham is a GL1 thin city (I5: 'none (ShotSpotter page 404)'), so this is its first T22 evidence. operators=police",I4-T20-C09-G0,target,,Peregrine Technologies,third-party-investigative-platform,derived_summary,pass,200 GET 2026-09-30T20:16:25Z,I1#9;I1:city=Durham
I9b-C020,"Troy police's use of investigative software questioned in midst of Flock controversy (Thomson Reuters CLEAR in a ~$600,000 state grant) - WAMC, 2026-07-27",https://www.wamc.org/news/2026-07-27/troy-police-ai-technology-surveillance,WAMC Northeast Public Radio (journalism),journalism,T21;T01,US-NY:Troy,"1 council approval (live-read F030: 'The Troy City Council unanimously approved a nearly $600,000 state grant that included $9,000 for artificial intelligence-integrated investigative software'; residents asked for guardrails on 'CLEAR software')",html,static (2026-07-27),1 article,NONE-FOUND(checked: article page only),NONE-FOUND,guess:LicenseRef-journalism-copyright,bytes=likely-restricted; facts=likely-open; derived=undetermined,private-person-name,derived-from:Troy City Council committee meeting 2026-07-23 (origin not fetched),new,dossier_documents:html_text (facts only),2026-09-30T20:16:25Z,I9b-Q017;I9b-F030,live-read,out-of-cell->I4-T21-C09-G0 (records broker purchase); Flock part -> I3. State-grant funding (NY) -> I6-T00-C10-GS lead. Names a resident speaker (private person; not copied). operators=police,I4-T20-C09-G0,target,,Thomson Reuters CLEAR;Flock Safety,person-records-broker,derived_summary,flag,200 GET 2026-09-30T20:16:25Z,I1#13
I9b-C021,Boone County Purchasing memo: Amendment #3 to Contract C000888 from cooperative contract CTI 70457009 (NASPO ValuePoint Cloud Solutions) - Magnet Forensics AXIOM licences via Carahsoft for the Sheriff's Office (2025-11-06),https://www.showmeboone.com/purchasing/WebPublish/bid-awards/2025/Notice%20of%20Award/Amendment_3_C000888_from_CT170457009_NASPO_Valuepoint_Cloud_Solutions_Magnet_AXIOM_GrayKey.pdf,"Boone County, MO (Purchasing)",procurement,T19,US-MO:Boone County,1 contract amendment (live-read F031: 'Amendment #3 to contract C000888 awarded from cooperative contract for NASPO Cloud Solutions for the purchase of the Magnet Forensics AXIOM software licenses from Carahsoft Technology Corporation for the Boone County Sheriffs Office for the 2025-2026 period'); the URL folder 'bid-awards/2025/Notice of Award' is a published award series,pdf,irregular (per award; yearly Notice of Award folders),"15,920 bytes PDF; folder size unknown",NONE-FOUND(checked: document only),NONE-FOUND,guess:LicenseRef-public-record,bytes=undetermined; facts=likely-open; derived=undetermined,private-person-name,origin,new,procurement (bid-award PDF folder) + dossier_documents:pdf_text,2026-09-30T20:16:26Z,I9b-Q018;I9b-F031,live-read,"Cooperative back-chain: local order -> NASPO ValuePoint Cloud Solutions master (Carahsoft) -> other local orders (I6 owns the cooperative side; contract_ids=C000888;CTI 70457009). A reseller (Carahsoft) masks the vendor in payee data, the S5 caveat. Memo names a senior buyer with phone (institutional). operators=sheriff",I4-T19-C09-G0,target,,Magnet Forensics;Carahsoft,mobile-forensics-unspecified,independent_account,flag,200 GET 2026-09-30T20:16:26Z,I1#7;I1#6
I9b-C022,"Riverside County Board of Supervisors 2025-03-11 item 3.28: Sheriff-Coroner-PA - Approve the EULA with Magnet Forensics, LLC without seeking competitive bids and authorize purchase of the GrayKey Premier Device and Services for five years",https://media.rivcocob.org/proceeds/2025/p2025_03_11_files/03.28001.pdf,"County of Riverside, CA (Board of Supervisors)",agenda,T19,US-CA:Riverside County,"1 sole-source approval (live-read F032: 'Authorize the Purchase of the GrayKey Premier Device and Services for Five Years; All Districts. [Total Cost - 373,867; up to $20,000 in additional compensation] - 100% Sheriff's Budget'; 27-page packet incl. EULA)",pdf,irregular (per meeting; proceedings folders by date),"11,436,932 bytes PDF (27 pp)",NONE-FOUND(checked: document only),NONE-FOUND,guess:LicenseRef-public-record,bytes=undetermined; facts=likely-open; derived=undetermined,none-observed,origin,new,dossier_documents:pdf_text,2026-09-30T20:16:26Z,I9b-Q018;I9b-F032,live-read,"media.rivcocob.org served 200 (I5 had rivcocob.org 403 Cloudflare, I5-C209 LEAD-ONLY) -> the media subdomain is a reachable origin for Riverside BoS proceedings (a GL3 county #10). Search also surfaced a Riverside PenLink item (03.50001, 2024-04-30; unfetched lead, T20). operators=sheriff",I4-T19-C09-G0,target,,Magnet Forensics,extraction-physical,independent_account,pass,200 GET 2026-09-30T20:16:26Z,I1#7
I9b-C023,"Boulder County buys phone-hacking tech using money meant to treat, prevent drug addiction (Cellebrite and GrayKey from opioid-settlement funds) - KUNC / Boulder Beat, 2023-02-27",https://www.kunc.org/news/2023-02-27/boulder-county-buys-phone-hacking-tech-using-money-meant-to-treat-prevent-drug-addiction,KUNC (public radio; Boulder Beat),journalism,T19,US-CO:Boulder County,"1 county allocation (live-read F033: 'Spending on mobile device forensics tools ... $81,250 - 4.5% of an $1.8 million total first funding round')",html,static (2023),1 article,NONE-FOUND(checked: article page only),NONE-FOUND,guess:LicenseRef-journalism-copyright,bytes=likely-restricted; facts=likely-open; derived=undetermined,none-observed,derived-from:Boulder County opioid-settlement funding decisions (origin not fetched),new,dossier_documents:html_text (facts only),2026-09-30T20:16:27Z,I9b-Q019;I9b-F033,live-read,"With I9b-C014 (Putnam WV) this is a second jurisdiction funding forensics tools from opioid settlements -> recurring state opioid-settlement expenditure reporting is a plausible T19 funding channel (inference; ND HHS county report URL returned 404, F034). Boulder County has a registry agenda tenant (agenda_tenants.toml:7370). operators=sheriff;police",I4-T19-C09-G0,target,,Cellebrite;Magnet Forensics,mobile-forensics-unspecified,derived_summary,pass,200 GET 2026-09-30T20:16:27Z,I1#7
I9b-C024,"City of San Diego Purchasing - purchase-order PDF directory (apps.sandiego.gov/directories/purchasing/pdf/pos/<year>/<PO>.pdf), e.g. PO 4500105212 Cellebrite UFED 4PC Ultimate renewal for SDPD",https://apps.sandiego.gov/directories/purchasing/pdf/pos/2019/4500105212.pdf,"City of San Diego, CA (Purchasing & Contracting)",procurement,T00;T19,US-CA:San Diego,1 PO read (live-read F035: 'Vendor: Cellebrite USA Corp'; line 'UFED 4PC ULTIMATE SW RENEWAL San Diego Police Dept. / Information Services'); the path pattern implies a year-foldered PO series (inference; no index page read),pdf,irregular (per PO),unknown (one PO per purchase; year folders),NONE-FOUND(checked: document only),NONE-FOUND,guess:LicenseRef-public-record,bytes=undetermined; facts=likely-open; derived=undetermined,private-person-name,origin,related:SRC-004,procurement (new: PO-PDF directory walker; needs an index or search page),2026-09-30T20:16:29Z,I9b-Q020;I9b-F035,live-read,"Channel-level: every city PO is published as a PDF, so vendor-term discovery works for any class (T00). POs carry staff names, phones and e-mail addresses of buyers, billing contacts and vendor sales staff -> private-person-name flag; extract vendor/amount/department only. San Diego is not a thin city; value = a repeatable local purchase channel for zero-channel classes. operators=police Queue: SRC-004 (San Diego Sunshine Act goods/services contract table) is the same municipal lineage group (san-diego-municipal); the PO PDFs are a finer-grained sibling surface, hence related, not same-as.",I4-T19-C09-G0,channel,,Cellebrite,mobile-forensics-unspecified,independent_account,flag,200 GET 2026-09-30T20:16:29Z,I1#7;I1#6
I9b-C025,"City of La Vista council packet 2017-12-05: Resolution authorizing purchase of a Cellebrite UFED mobile forensic extraction device (not to exceed $9,085; HIDTA grant via Nebraska State Patrol)",https://www.cityoflavista.org/DocumentCenter/View/11097,"City of La Vista, NE (City Council)",agenda,T19,US-NE:La Vista,"1 purchase resolution (live-read F036: 'approve the purchase of a Cellebrite Mobile Forensic Extrication Device in an amount not to exceed $9,085'; 'Grant funds ... from the High Intensity Drug Trafficking Area Program have been awarded to La Vista by the Nebraska State Patrol'; 'PASSED AND APPROVED THIS 5TH DAY OF DECEMBER, 2017')",pdf,static (2017),"73,898 bytes PDF (3 pp)",NONE-FOUND(checked: document only),NONE-FOUND,guess:LicenseRef-public-record,bytes=undetermined; facts=likely-open; derived=undetermined,private-person-name,origin,new,dossier_documents:pdf_text (CivicPlus DocumentCenter),2026-09-30T20:16:30Z,I9b-Q020;I9b-F036,live-read,Historical. Funding path HIDTA -> state patrol -> city is a federal pass-through (I6-T00-C10 lead). Vendor quote names a police contact and a sales rep (not copied). operators=police,I4-T19-C09-G0,target,,Cellebrite,extraction-physical,independent_account,flag,200 GET 2026-09-30T20:16:30Z,I1#7
I9b-C026,"Utah Public Notice Website (utah.gov/pmn) - statewide repository of public-body meeting notices, agendas and minutes (incl. school-district and charter boards)",https://www.utah.gov/pmn/files/1405571.pdf,State of Utah (Utah Public Notice Website; Division of Archives and Records Service),agenda,T00;T25,US-UT,"2 files read: F038 Uintah School District 'Approved Business Meeting Minutes', 2026-02-11 (7 pp); F021 St. George Academy approved board minutes, 2025-09-11; neither contained a T25 vendor term (live-read). Statewide scope is from the host's function (inference)",pdf,"irregular (per meeting, statewide)","unknown (numeric file ids >= 1,405,571 observed; inference, not a count)",NONE-FOUND(checked: file URLs only),NONE-FOUND,guess:LicenseRef-public-record,bytes=undetermined; facts=likely-open; derived=undetermined,private-person-name;free-text-narrative,origin,new,new:utah_pmn (file-id documents; a search/body index would be needed),2026-09-30T20:19:39Z,I9b-Q021;I9b-F038;I9b-F021,live-read,"Channel: one state host carries minutes for every Utah public body, so vendor-term discovery (Gaggle, GoGuardian, Flock, ShotSpotter...) would be statewide in one place. Minutes list board members and staff by name (institutional) and public commenters (private) -> free-text screen. out-of-cell->I5-CRES-CRES-GD (state-anchored multi-class agenda aggregator). No search index URL was fetched. operators=school-district;city;county",I4-T25-C07-G0,channel,,,school-surveillance-suite,independent_account,flag,200 GET 2026-09-30T20:19:39Z,I1#7;I1:state=UT
I9b-C027,"School Board of Clay County (FL) 2023-08-03 regular meeting item C2 - Lightspeed Systems (content filter, MDM, Lightspeed Alert, Classroom Management), $178,255.80",https://agenda.oneclay.net/publishing/august-3-2023-regular-school-board-meeting/9260_52398.html,"Clay County District Schools, FL (School Board, Agenda Plus)",agenda,T25,US-FL:Clay County,"1 approval item (live-read F041: 'Lightspeed Systems includes the Lightspeed internet content filter, Lightspeed Mobile Device Management, Lightspeed Alert, and Lightspeed Classroom Management'; 'This purchase amount is $178,255.80'; 'The recommendation is to approve the purchase of Lightspeed Systems')",html,irregular (per meeting),"1 item page + 1 attachment (230180 Lightspeed Systems.pdf, not opened)",NONE-FOUND(checked: document only),NONE-FOUND,guess:LicenseRef-public-record,bytes=undetermined; facts=likely-open; derived=undetermined,private-person-name,origin,new,"new:agendaplus_html (same Agenda Plus 'publishing' platform as Savannah, I9b-C016 / I4-C088)",2026-09-30T20:19:40Z,I9b-Q023;I9b-F041,live-read,"Agenda Plus is a second school-board platform alongside BoardDocs/BoardBook/Simbli and, unlike them, served plain HTML to a scripted GET (F041). Item names a district director with e-mail (institutional; not copied). operators=school-district",I4-T25-C07-G0,target,,Lightspeed Systems,school-surveillance-suite,independent_account,flag,200 GET 2026-09-30T20:19:40Z,I1#7
I9b-C028,"San Angelo ISD to Consider Tech Purchase, Central High Construction Deal (LightSpeed products) - San Angelo LIVE!, 2026-06-08",https://sanangelolive.com/news/san-angelo/2026-06-08/san-angelo-isd-consider-tech-purchase-central-high-construction-deal,San Angelo LIVE! (local journalism),journalism,T25,US-TX:San Angelo,1 board consideration (live-read F042: 'The board will then consider approval of the purchase of LightSpeed products'; datePublished 2026-06-08),html,static (2026),1 article,NONE-FOUND(checked: article page only),NONE-FOUND,guess:LicenseRef-journalism-copyright,bytes=likely-restricted; facts=likely-open; derived=undetermined,none-observed,derived-from:San Angelo ISD board agenda (origin not fetched),new,dossier_documents:html_text (facts only),2026-09-30T20:19:41Z,I9b-Q023;I9b-F042,live-read,"Consideration, not a confirmed award; product mix not stated (may be filter only, not Alert). The City of San Angelo has an agenda tenant (agenda_tenants.toml:5820), not the ISD. operators=school-district",I4-T25-C07-G0,target,,Lightspeed Systems,school-surveillance-unspecified,derived_summary,pass,200 GET 2026-09-30T20:19:41Z,I1#7
I9b-C029,"Kentucky Department of Education - KETS contract for Internet Content Management: Liminex, Inc. dba GoGuardian, Contract # MA-758-2500000688",https://education.ky.gov/districts/tech/kpur/Pages/InternetContentManagementSystem.aspx,Kentucky Department of Education (KETS - Kentucky Education Technology System),procurement,T25,US-KY,"1 statewide master agreement (live-read F044: 'The following vendor holds the KETS contract for Internet Content Management. This contract is available to be used by the Kentucky Department of Education and Kentucky's public school districts'; 'Liminex, Inc. dba GoGuardian Contract # MA-758-2500000688'; page published 3/27/2026); the search summary gave effective 12/23/2024 to 12/22/2030 (lead)",html,irregular (contract page; linked MA PDF),1 page + 1 MA PDF (not opened),NONE-FOUND(checked: document only),NONE-FOUND,guess:LicenseRef-public-record,bytes=undetermined; facts=likely-open; derived=undetermined,private-person-name,origin,new,new:coop_contract_docs (state master agreement; back-chain key),2026-09-30T20:19:41Z,I9b-Q024;I9b-F044,live-read,out-of-cell->I6-T00-C08-GS (state contract vehicle). A statewide K-12 vehicle for a student-monitoring vendor: availability is not a local purchase (S5 guard); district orders must be found separately (contract_ids=MA-758-2500000688). Page lists a vendor sales contact with phone/e-mail (not copied). The KETS 'Technology Purchasing and Standards' section likely lists other statewide vehicles (inference). operators=school-district;state,I4-T25-C09-G0,publisher,,GoGuardian,school-surveillance-suite,independent_account,flag,200 GET 2026-09-30T20:19:41Z,I1#7;I1#6
I9b-C030,St. Cloud Area School District (ISD 742) - 'Securly' parent page: Securly Home parent portal on district-issued devices,https://tech.isd742.org/parent-connect/securly,"St. Cloud Area School District ISD 742, MN",other,T25,US-MN:St. Cloud,"1 district self-disclosure (live-read F048: 'St. Cloud Area School District DOES NOT actively monitor student internet searches or flagged activities via Securly. This is a service provided to families at no cost for district-issued devices'; 'Flagged activities include web searches related to self-harm, bullying, violence, and grief')",html,irregular,1 page (mirrored on apollo.isd742.org),NONE-FOUND(checked: page only),NONE-FOUND,guess:LicenseRef-public-record,bytes=undetermined; facts=likely-open; derived=undetermined,none-observed,origin,new,dossier_documents:html_text,2026-09-30T20:20:28Z,I9b-Q025;I9b-F048,live-read,"out-of-cell->I4-TRES-C05-G0 (programme page). District-origin statement of deployment AND operating mode (flags routed to parents, not staff) - the kind of qualifier a claim must carry. Same page appears on each school subdomain (apollo.isd742.org) = same_bytes mirrors. operators=school-district",I4-T25-C09-G0,target,,Securly,school-surveillance-suite,independent_account,pass,200 GET 2026-09-30T20:20:28Z,I1#7
I9b-C031,"Eugene police expand drone program with new FAA exemption (BVLOS from the police station, up to 200 ft) - OPB/KLCC, 2025-04-17",https://www.opb.org/article/2025/04/17/eugene-police-drone-faa-waiver,OPB / KLCC (public media journalism),journalism,T14,US-OR:Eugene,"1 agency FAA authorisation (live-read F045: 'Eugene police expand drone program with new FAA exemption', 2025-04-17; 'The Eugene Police Department got FAA approval to fly drones f[rom the police station]')",html,static (2025),1 article,NONE-FOUND(checked: article page only),NONE-FOUND,guess:LicenseRef-journalism-copyright,bytes=likely-restricted; facts=likely-open; derived=undetermined,none-observed,"derived-from:FAA exemption/waiver issued to Eugene PD (origin on faa.gov, not fetchable: 403)",new,dossier_documents:html_text (facts only),2026-09-30T20:19:42Z,I9b-Q026;I9b-F045,live-read,"Shows the FAA channel has at least two instruments (Part 91.113 CoW, I9b-C007/I4-C011, and exemptions under 49 USC 44807) with no key-free list reachable from this network; journalism is the only reachable proxy. Eugene also has a registered crowdsourced ALPR source (eyes_off_eugene, gated). operators=police",I4-T14-C16-G0,target,,,drone-as-first-responder,derived_summary,pass,200 GET 2026-09-30T20:19:42Z,I1#8
I9b-C032,Find a Tender notice 048481-2025: Open-Source Intelligence software for social-media screening (Metropolitan Police Service / BlueLight Commercial national framework),https://www.find-tender.service.gov.uk/Notice/048481-2025,UK Cabinet Office Find a Tender service; buyer Metropolitan Police Service,procurement,T20,ISO:GB,"LEAD-ONLY; search summary (unverified): a GBP 6.8M 3-year framework award for OSINT social-media screening software (published 2026-07-20) and an expected national volume of 155,000 checks per year",other,irregular,unknown,NONE-FOUND(checked: none; host 403),NONE-FOUND,guess:OGL-3.0,bytes=undetermined; facts=undetermined; derived=undetermined,none-observed,origin,new,new:ocds (Find a Tender OCDS API),2026-09-30T20:22:43Z,I9b-Q032;I9b-F049,lead-only(403),"LEAD-ONLY; access=403 at F049 (same host refused I5 at 18:08:16Z) -> stop-listed; not retried, no mirror. out-of-cell->I5-T00-C08-GI1. Vetting-screening use (staff/applicant checks) as well as policing use; Part VIII: screening subjects are persons -> any record-level output would be block; notice-level facts only. UK-GDPR/DPA 2018. operators=police",I4-T20-C09-G0,target,,,osint-platform;social-media-monitoring,independent_account,pass,403 GET 2026-09-30T20:22:43Z; host stop-listed,I1#11;I1#7
I9b-C033,"Marietta Schools approves 'vape detection systems' at 3 schools (HALO) - WSB-TV, 2025-07-15",https://www.wsbtv.com/news/local/cobb-county/marietta-schools-superintendent-recommends-purchase-vape-detection-systems-3-schools/OICZSM44IJFX5L4IRYNSDTQ2PE,WSB-TV (journalism),journalism,T25,US-GA:Marietta,"1 board approval (live-read F050: 'The Marietta School Board voted unanimously Tuesday to approve their use'; HALOs for Marietta High School, Marietta Middle School and the Woods-Wilkins Campus; 'Board documents show the proposal ...'); dated July 15, 2025",html,static (2025),1 article,NONE-FOUND(checked: article page only),NONE-FOUND,guess:LicenseRef-journalism-copyright,bytes=likely-restricted; facts=likely-open; derived=undetermined,none-observed,derived-from:Marietta City Schools board documents (origin not fetched),new,dossier_documents:html_text (facts only),2026-09-30T20:22:43Z,I9b-Q034;I9b-F050,live-read,"HALO smart sensors are in the I2 T25 seed list (they add audio keyword alerting to vape detection; vendor capability claims unverified here). Device count/cost in the search summary (42 devices, $41,790) were not located in the fetched text and are not cited. operators=school-district",I4-T25-C09-G0,target,,HALO (IPVideo),school-surveillance-unspecified,derived_summary,pass,200 GET 2026-09-30T20:22:43Z,I1#7
I9b-C034,"Montgomery ISD approves vape sensors for high schools (HALO smart sensors) - Community Impact, 2022-06-29",https://communityimpact.com/houston/conroe-montgomery/education/2022/06/29/montgomery-isd-approves-vape-sensors-for-high-schools,Community Impact (journalism),journalism,T25,US-TX:Montgomery,1 board approval (live-read F051: headline 'Montgomery ISD approves vape sensors for high schools'; article dated by URL path 2022-06-29),html,static (2022),1 article,NONE-FOUND(checked: article page only),NONE-FOUND,guess:LicenseRef-journalism-copyright,bytes=likely-restricted; facts=likely-open; derived=undetermined,none-observed,derived-from:Montgomery ISD board of trustees agenda (origin not fetched),new,dossier_documents:html_text (facts only),2026-09-30T20:22:46Z,I9b-Q034;I9b-F051,live-read,"Amount (about $49,000, 23 sensors) is from the search summary, not verified in the fetched text. operators=school-district",I4-T25-C09-G0,target,,HALO (IPVideo),school-surveillance-unspecified,derived_summary,pass,200 GET 2026-09-30T20:22:46Z,I1#7
I9b-C035,District of Columbia Public Schools negotiated contract GAGA-2021-C-0011 'Gaggle Software Management' (Safety Management Services for Office 365; period 2020-10-01 to 2021-09-30),https://dcps.dc.gov/sites/default/files/dc/sites/dcps/page_content/attachments/GAGA-2021-C-0011%20Gaggle%20Contract.pdf,District of Columbia Public Schools (Office of Contracts and Acquisitions),procurement,T25,US-DC,"1 executed contract (live-read F054: 'CONTRACT NO: GAGA-2021-C-0011'; 'CAPTION: Gaggle Software Management'; 'The contractor shall provide for DC Public School Students, Safety Management Services for 365'; 'PERIOD OF CONTRACT: October 1, 2020 through September 30, 2021'; firm-fixed-price schedule B.3; 23 pp)",pdf,static (FY2021); DCPS posts contracts as page attachments (irregular),"592,391 bytes PDF (23 pp)",NONE-FOUND(checked: document only),NONE-FOUND,guess:LicenseRef-public-record,bytes=undetermined; facts=likely-open; derived=undetermined,private-person-name,origin,new,dossier_documents:pdf_text,2026-09-30T20:22:46Z,I9b-Q036;I9b-F054;I9b-Q042;I9b-F065,live-read,"An executed instrument (not a template) at a district's own contracts page = origin. DC is tier B (w 0.34). DCPS posts contract PDFs under dcps.dc.gov page_content/attachments, a findable per-contract channel (inference from path). Signature blocks name officials (institutional). contract_ids=GAGA-2021-C-0011. operators=school-district Merged within-row: DCPS 'Lightspeed License' IFB GAGA-2022-I-0368 (F065, 41 pp, issued 2022-08-26) is a second DCPS student-monitoring instrument on the same attachments path - a solicitation form, not proof of award.",I4-T25-C09-G0,target,,Gaggle,school-surveillance-suite,independent_account,flag,200 GET 2026-09-30T20:22:46Z,I1#7;I1:state=DC
I9b-C036,OMNIA Partners - Gaggle supplier page and public-sector contract documents,https://www.omniapartners.com/suppliers/gaggle/public-sector/contract-documents,OMNIA Partners (cooperative purchasing organisation),procurement,T25,US,1 cooperative supplier listing (live-read F055: 'Gaggle provides online safety management for K-12 students to participants of the OMNIA Partners agreement. Available To: State & Local Government K-12 Education Higher Education ...'),html,irregular,1 page (contract documents behind a connect form; not submitted),NONE-FOUND(checked: supplier page),NONE-FOUND,guess:LicenseRef-cooperative-terms-unknown,bytes=undetermined; facts=likely-open; derived=undetermined,none-observed,origin,related:omnia_partners,new:coop_contract_docs,2026-09-30T20:22:47Z,I9b-Q036;I9b-F055,live-read,out-of-cell->I6-T00-C08-G0 (cooperative side). Same platform as I6-C002 (OMNIA Flock). Availability is not a purchase (S5 guard). The page's contact form was not used (R3). operators=school-district,I4-T25-C09-G0,publisher,,Gaggle,school-surveillance-suite,independent_account,pass,200 GET 2026-09-30T20:22:47Z,I1#7;I1#6
I9b-C037,"Northeastern Regional Information Center (NERIC, Capital Region BOCES) - Gaggle service page",https://neric.org/gaggle/,"NERIC (Capital Region BOCES regional information center, NY)",procurement,T25,US-NY,1 regional service offering (live-read F056: 'NERIC > Services > Gaggle'; 'Gaggle helps K-12 districts manage student safety on school-provided technology'),html,irregular,1 page,NONE-FOUND(checked: service page),NONE-FOUND,guess:LicenseRef-public-record,bytes=undetermined; facts=likely-open; derived=undetermined,none-observed,origin,new,new:coop_contract_docs (BOCES service catalogue),2026-09-30T20:22:48Z,I9b-Q036;I9b-F056,live-read,"out-of-cell->I6-T00-C08-GS. NY districts buy through BOCES/RIC service agreements (CoSers), so district-level Gaggle use in NY is likely invisible in district procurement and visible only via RIC participation (inference). operators=school-district",I4-T25-C09-G0,publisher,,Gaggle,school-surveillance-suite,independent_account,pass,200 GET 2026-09-30T20:22:48Z,I1#7;I1#6
I9b-C038,"Kaua'i County Council approves phone hacking device for police (GrayKey accepted as an $11,743.60 donation from Operation Underground Railroad) - The Garden Island, 2023-12-21",https://thegardenisland.com/2023/12/21/hawaii-news/kauai-county-council-approves-phone-hacking-device-for-police,The Garden Island (journalism),journalism,T19,US-HI:Kauai County,"1 council acceptance (live-read F058: 'council members unanimously approved the acceptance of an $11,743.60 donation from Operation Underground Railroad, for a GrayKey'; meeting Dec. 20 [2023])",html,static (2023),1 article,NONE-FOUND(checked: article page only),NONE-FOUND,guess:LicenseRef-journalism-copyright,bytes=likely-restricted; facts=likely-open; derived=undetermined,none-observed,"derived-from:Kaua'i County Council meeting 2023-12-20 (origin on the registered Granicus tenant kauai.granicus.com, not fetched)",related:agenda_tenants:kauai,dossier_documents:html_text (facts only); origin via agenda tenant kauai (Granicus),2026-09-30T20:24:46Z,I9b-Q039;I9b-F058,live-read,Public-private angle: a private NGO donated the forensics device (donation acceptance is a council-visible event; donor-funded surveillance is a distinct funding channel). HI is tier B (w 0.48). operators=police,I4-T19-C09-G0,target,,Magnet Forensics (Grayshift),extraction-physical,derived_summary,pass,200 GET 2026-09-30T20:24:46Z,I1#7;I1:state=HI
I9b-C039,"CitizenPortal.ai (cpo.soar.com) - AI-generated summaries of local government meetings; e.g. 'Rock Island approves $13,345 purchase of GreyKey investigative tool for police' (2026-02-09)",https://cpo.soar.com/articles/7404313/Illinois/Rock-Island-approves-13345-purchase-of-GreyKey-investigative-tool-for-police,CitizenPortal.ai / Soar (commercial meeting-summary aggregator),other,T00;T19,US,"1 summary read (live-read F059: 'This article was created by AI summarizing key points discussed. AI makes mistakes'; 'The Rock Island City Council approved a $13,345 purchase from Magnet Forensics for GreyKey'); national scope inferred from the site navigation (City/County/State/Schools; inference)",html,daily (inference: dated per-meeting articles),"unknown (article id 7,404,313; inference, not a count)",NONE-FOUND(checked: article page only),NONE-FOUND,guess:LicenseRef-aggregator-terms-unknown,bytes=likely-restricted; facts=undetermined; derived=undetermined,none-observed,derived-from:municipal meeting video (AI summary; origin = each body's own record),new,none (discovery lead only; ingest from the origin body),2026-09-30T20:24:50Z,I9b-Q039;I9b-F059,live-read,"Channel for DISCOVERY ONLY: AI-generated text is not evidence (the site says 'AI makes mistakes'); every hit must be confirmed at the origin (for Rock Island, the registered agenda tenant, agenda_tenants.toml:5800). Useful because it indexes meeting video that has no text agenda item. The page advertises 'Log in' features (not used). operators=police;city;county;school-district",I4-T19-C09-G0,channel,,Magnet Forensics,extraction-physical,derived_summary,pass,200 GET 2026-09-30T20:24:50Z,I1#7
I9b-C040,"District student-monitoring self-disclosure pages (school websites titled 'Gaggle Safety Management', 'Gaggle', 'Lightspeed Alert', 'Securly')",https://www.onslow.k12.nc.us/departments/instructional-technology/cybersecurity-at-ocs/gaggle-safety-management,US school districts (each district is the publisher; family row),other,T25,US,"4 members fetched: Onslow County Schools NC (F061), Pflugerville ISD TX (F063), Whitesboro CSD NY (F064), St. Cloud ISD 742 MN (I9b-C030, F048); further unfetched members surfaced by search: Weld RE-5J CO (F062 522), wps.k12.va.us, Clinton CSD NY, Baltimore City Schools and West Ada ID (406)",html,irregular,unknown (one page per district),NONE-FOUND(checked: member pages),NONE-FOUND,guess:LicenseRef-public-record,bytes=undetermined; facts=likely-open; derived=undetermined,none-observed,origin,new,dossier_documents:html_text (district CMS pages; Finalsite hosts refuse scripted GETs with 406),2026-09-30T20:25:02Z,I9b-Q040;I9b-Q041;I9b-F061;I9b-F063;I9b-F064,live-read,"out-of-cell->I4-TRES-C05-G0 (programme pages). District-origin deployment statements: first-party, recurring, findable by the vendor product name as page title. They state existence and sometimes operating mode (C030 routes flags to parents) but rarely amounts; pair with board approvals (C07) for money. No student data on the pages fetched. operators=school-district",I4-T25-C07-G0,family,I9b-FAM-SCH-DISCLOSURE,Gaggle;Lightspeed Systems;Securly,school-surveillance-suite,independent_account,pass,200 GET 2026-09-30T20:25:02Z,I1#7
I9b-C041,Onslow County Schools (NC) - 'Gaggle Safety Management' page (Cybersecurity at OCS),https://www.onslow.k12.nc.us/departments/instructional-technology/cybersecurity-at-ocs/gaggle-safety-management,"Onslow County Schools, NC",other,T25,US-NC:Onslow County,"1 district page (live-read F061: page title 'Gaggle Safety Management - Onslow County Schools', listed under 'Cybersecurity at OCS')",html,irregular,1 page,NONE-FOUND(checked: page only),NONE-FOUND,guess:LicenseRef-public-record,bytes=undetermined; facts=likely-open; derived=undetermined,none-observed,origin,new,dossier_documents:html_text,2026-09-30T20:25:02Z,I9b-Q040;I9b-F061,live-read,Member of I9b-FAM-SCH-DISCLOSURE. out-of-cell->I4-TRES-C05-G0. operators=school-district,I4-T25-C07-G0,target,I9b-FAM-SCH-DISCLOSURE,Gaggle,school-surveillance-suite,independent_account,pass,200 GET 2026-09-30T20:25:02Z,I1#7
I9b-C042,Pflugerville ISD (TX) - 'Gaggle' page (Safety & Emergency Management programs),https://www.pfisd.net/programs/safety-emergency-mgmt/gaggle,"Pflugerville Independent School District, TX",other,T25,US-TX:Pflugerville,"1 district page (live-read F063: page title 'Gaggle - Pflugerville Independent School District', in the Safety & Emergency Management section alongside 'Anonymous Alerts')",html,irregular,1 page,NONE-FOUND(checked: page only),NONE-FOUND,guess:LicenseRef-public-record,bytes=undetermined; facts=likely-open; derived=undetermined,none-observed,origin,new,dossier_documents:html_text,2026-09-30T20:25:24Z,I9b-Q040;I9b-F063,live-read,Member of I9b-FAM-SCH-DISCLOSURE. out-of-cell->I4-TRES-C05-G0. Placement under district safety/emergency management (not IT) is itself an institutional fact. operators=school-district,I4-T25-C07-G0,target,I9b-FAM-SCH-DISCLOSURE,Gaggle,school-surveillance-suite,independent_account,pass,200 GET 2026-09-30T20:25:24Z,I1#7
I9b-C043,Whitesboro Central School District (NY) - 'Lightspeed Alert' page (Information and Instructional Technology),https://www.wboro.org/departments/information-and-instructional-technology/lightspeed-alert,"Whitesboro Central School District, NY",other,T25,US-NY:Whitesboro,1 district page (live-read F064: page title 'Lightspeed Alert - Whitesboro Central School District'),html,irregular,1 page,NONE-FOUND(checked: page only),NONE-FOUND,guess:LicenseRef-public-record,bytes=undetermined; facts=likely-open; derived=undetermined,none-observed,origin,new,dossier_documents:html_text,2026-09-30T20:25:26Z,I9b-Q041;I9b-F064,live-read,Member of I9b-FAM-SCH-DISCLOSURE. out-of-cell->I4-TRES-C05-G0. The search summary (lead) says the district selected Lightspeed Alert in summer 2024 (not verified in the fetched text). operators=school-district,I4-T25-C07-G0,target,I9b-FAM-SCH-DISCLOSURE,Lightspeed Systems,school-surveillance-suite,independent_account,pass,200 GET 2026-09-30T20:25:26Z,I1#7
I9b-C044,City of St. Petersburg (FL) - Meetings & Agendas (Revize CMS-hosted council and committee agenda PDFs),https://stpete.org/government/meetings___agendas/,"City of St. Petersburg, FL (City Clerk)",agenda,T00,US-FL:St. Petersburg,channel identity (live-read F067: Revize CMS page 'meetings___agendas' with Revize calendar and document-center plugins; search surfaced council agenda PDFs at stpete.org/2022-07-14 Council Agenda (1).pdf and cms5.revize.com/revize/stpete/2024-04-11 PSI Agenda Packet_revised.pdf),pdf,irregular (per meeting); search summary says documents older than 1 year are removed from the site (lead),unknown,NONE-FOUND(checked: https://stpete.org/government/meetings___agendas/),NONE-FOUND,guess:LicenseRef-public-record,bytes=undetermined; facts=likely-open; derived=undetermined,private-person-name,origin,new,new:revize_documents (no agenda API; PDF discovery),2026-09-30T20:27:20Z,I9b-Q043;I9b-F067,live-read,"Resolves I5 not-reached item St. Petersburg (C07-GL1): no agenda platform (Legistar negative per I5 Q062); agendas are CMS PDFs, and a one-year retention window (lead) means history must be captured as it is posted. 'PSI' = the council Public Safety & Infrastructure committee (inference from the packet name). operators=city;police",I5-T00-C07-GL1,publisher,,,,independent_account,flag,200 GET 2026-09-30T20:27:20Z,I1#9;I1:city=St. Petersburg
I9b-C045,City of Virginia Beach (VA) City Clerk eDocs - Laserfiche WebLink repository 'CityClerk' (council agendas/minutes) + S3-hosted City Council agenda PDFs,https://edocs.vbgov.com/WebLink/Browse.aspx?id=49637280&dbid=0&repo=CityClerk,"City of Virginia Beach, VA (City Clerk)",agenda,T00,US-VA:Virginia Beach,channel identity (live-read F068: the city's 'City Council Meeting' event page links 'https://edocs.vbgov.com/WebLink/Browse.aspx?id=49637280&dbid=0&repo=CityClerk' and 'https://s3.us-east-1.amazonaws.com/virginia-beach-departments-docs/city-clerk/City-Council/Brief-Agenda.pdf'); the eDocs host itself was not fetched,pdf,"irregular (agendas posted by Friday before meetings, per search summary)",unknown,NONE-FOUND(checked: event page),NONE-FOUND,guess:LicenseRef-public-record,bytes=undetermined; facts=likely-open; derived=undetermined,private-person-name,origin,new,new:laserfiche_weblink (document repository browse),2026-09-30T20:27:21Z,I9b-Q044;I9b-F068,live-read,"Resolves I5 not-reached item Virginia Beach (C07-GL1; I5 F122 curl error, this row got 200 from virginiabeach.gov). Laserfiche WebLink is also Everett WA's host (lfportal.everettwa.gov answered 403 to this row, F007) -> expect bot controls. Open data = I5-C145. operators=city",I5-T00-C07-GL1,publisher,,,,independent_account,flag,200 GET 2026-09-30T20:27:21Z,I1#9;I1:city=Virginia Beach
I9b-C046,Nevada Public Notice website (notice.nv.gov) - statewide posting site for public-body meeting agendas,https://notice.nv.gov/,State of Nevada (Department of Administration; public notice website),agenda,T00,US-NV,LEAD-ONLY; search summary (unverified): the City of Henderson 'posts all agendas on the City of Henderson website and the Nevada Public Notice website',other,irregular,unknown,NONE-FOUND(checked: none; TLS failure),NONE-FOUND,guess:LicenseRef-public-record,bytes=undetermined; facts=undetermined; derived=undetermined,none-observed,origin,new,new:state_public_notice_site,2026-09-30T20:27:22Z,I9b-Q046;I9b-F069,lead-only(tls-failure),LEAD-ONLY; access=curl 35 SSL_ERROR_SYSCALL at F069; not retried. Would resolve Henderson NV (C07-GL1 not-reached; cityofhenderson.com 403 to I5) and North Las Vegas (access-dark) and cover every Nevada public body. Same pattern as Utah PMN (I9b-C026). out-of-cell->I5-CRES-CRES-GD. operators=city;county;school-district,I5-T00-C07-GL1,channel,,,,independent_account,pass,curl35 GET 2026-09-30T20:27:22Z,I1#9;I1:city=Henderson;I1:state=NV
I9b-C047,"City of Lincoln/Lancaster County, NE Maps & Apps - ArcGIS Online organisation (orgId wpJGOi6N4Rq5cqFv) and gis.lincoln.ne.gov",https://services1.arcgis.com/wpJGOi6N4Rq5cqFv/arcgis/rest/services,"City of Lincoln / Lancaster County, NE (GIS)",gov-open-data,T00,US-NE:Lincoln,"channel identity (live-read Q049: 10 of the first 50 Hub results for 'Lincoln Nebraska' are this org's items, incl. 'Urban Area' on gis.lincoln.ne.gov and LPD traffic-stop layers 2013-2019); opendata.lincoln.ne.gov no longer resolves (F070)",arcgis,irregular,unknown (org item count not queried),NONE-FOUND(checked: hub search JSON only),NONE-FOUND,guess:LicenseRef-per-item-licenseInfo,bytes=undetermined; facts=likely-open; derived=undetermined,person-level-enforcement,origin,new,dot_511:arcgis_query (org-scoped Hub search),2026-09-30T20:27:27Z,I9b-Q049;I9b-F070,live-read,"Resolves I5 not-reached item Lincoln (C03-GL1): the open-data portal hostname is gone, the ArcGIS org is the live channel. Same org publishes I5-C107 (55 traffic cameras) -> related, for I7. Part VIII: the LPD traffic-stop layers are person-level enforcement records (stops) -> do not ingest (block those items; titles only were seen). operators=city;police Verdict stays flag at channel level; the LPD traffic-stop items themselves are block (person-level).",I5-T00-C03-GL1,publisher,,,,independent_account,flag,curl6 GET 2026-09-30T20:27:27Z,I1#9;I1:city=Lincoln
I9b-C048,"City of St. Petersburg, Florida - ArcGIS Online organisation (orgId 9qPLjNtocjo438CJ)",https://services2.arcgis.com/9qPLjNtocjo438CJ/arcgis/rest/services,"City of St. Petersburg, FL (GIS)",gov-open-data,T00,US-FL:St. Petersburg,"channel identity (live-read Q050: 28 of 56 Hub matches for '""City of St. Petersburg""' belong to this org: City Council Districts, City Limits, Zoning Districts, Business Districts ...); no surveillance layer among them (weak negative)",arcgis,irregular,"28 hub items (Q050, search-scoped count)",NONE-FOUND(checked: hub search JSON only),NONE-FOUND,guess:LicenseRef-per-item-licenseInfo,bytes=undetermined; facts=likely-open; derived=undetermined,none-observed,origin,new,dot_511:arcgis_query (org-scoped Hub search),2026-09-30T20:28:34Z,I9b-Q048;I9b-Q050,live-read,"Resolves I5 not-reached item St. Petersburg (C03-GL1): stat.stpete.org is not a Socrata domain (Q048), the ArcGIS org is the open-data channel. operators=city",I5-T00-C03-GL1,publisher,,,,independent_account,pass,200 GET 2026-09-30T20:28:34Z,I1#9;I1:city=St. Petersburg
I9b-C049,Utah Code 63G-18 (Government Use of Unmanned Aerial Vehicles Act) - annual per-agency UAV use report to DPS and on the agency website,https://le.utah.gov/xcode/Title63G/Chapter18/63G-18-S104.html,Utah State Legislature (statute); reports by each Utah law-enforcement agency and DPS,legislation,T14,US-UT,"LEAD-ONLY; statutory duty per search summary (unverified): agencies that operated a UAV report by March 31 the number of operations and of criminal investigations aided, to DPS and on their own websites; the statute page returned 200 (F071) but renders its text by script, so the duty text was not read",other,annual (per duty; unverified),unknown,NONE-FOUND(checked: statute page),NONE-FOUND,guess:LicenseRef-US-state-law,bytes=undetermined; facts=likely-open; derived=undetermined,none-observed,origin,new,dossier_documents (per-agency report PDFs; DPS compilation not located),2026-09-30T20:30:25Z,I9b-Q051;I9b-F071,lead-only(js-rendered),"LEAD-ONLY. Fills I4 T14-C04-GS not-reached item UT as a DUTY (records-acquisition lead, SIG-INGEST-025a), not a feed. A Police1 headline (lead) says few Utah agencies report. Next step: DPS compilation or agency-site search for '63G-18' reports. operators=police;sheriff",I4-T14-C04-GS,channel,,,uas-general,independent_account,pass,200 GET 2026-09-30T20:30:25Z,I1#8;I1#4;I1:state=UT
I9b-C050,Texas Government Code 423.008 biennial law-enforcement unmanned-aircraft reports (posted by each reporting agency),https://tpwd.texas.gov/warden/law-enforcement-faq/tpwd-2023-2024-423-report.pdf,"Texas state agencies and county/municipal agencies in jurisdictions over 150,000 (each agency publishes its own report)",statutory-report,T14,US-TX,"family; 2 members read (F072 TPWD 2023-2024; F074 SAPD 2019-2020), both stating 'This document satisfies the reporting requirements as listed in the Texas Government Code Sec. 423.008'; other members surfaced by search (TDI State Fire Marshal 2025, TDCJ OIG 2024 [TLS failure], a West... PD 2023-2024 on wstx.us)",pdf,biennial (odd-year January filings),unknown (one report per qualifying agency per biennium),NONE-FOUND(checked: member PDFs),NONE-FOUND,guess:LicenseRef-TX-public-information,bytes=undetermined; facts=likely-open; derived=undetermined,free-text-narrative;residential-intersection,origin,new,dossier_documents:pdf_text (per-agency; discover by the phrase 'Sec. 423.008'),2026-09-30T20:30:27Z,I9b-Q052;I9b-F072;I9b-F074,live-read,"Fills I4 T14-C04-GS not-reached item TX (I4: capitol.texas.gov unreachable). The duty (per the reports' own quotation of 423.008(a)) covers state agencies and agencies in counties/municipalities over 150,000 and requires use counts, investigations aided, collection on non-subjects and total cost -> recurring, jurisdiction-keyed drone census for large TX places. Reports list dates/locations/incident types per use -> free-text screen; location of uses may be residential (flag). operators=police;sheriff;state-police",I4-T14-C04-GS,family,I9b-FAM-TX423,,uas-general,independent_account,flag,200 GET 2026-09-30T20:30:27Z,I1#8;I1#4
I9b-C051,Texas Parks and Wildlife Department Law Enforcement Division 2023-2024 Small Unmanned Aircraft Systems Legislative Report (Gov't Code 423.008),https://tpwd.texas.gov/warden/law-enforcement-faq/tpwd-2023-2024-423-report.pdf,Texas Parks and Wildlife Department (Law Enforcement Division),statutory-report,T14,US-TX,"1 biennial report (live-read F072: 'Texas Parks and Wildlife Department Law Enforcement Division 2023-2024 Small Unmanned Aircraft Systems Legislative Report'); earlier editions on the same host (2017-2018, 2019-2020, 2021-2022 per search)",pdf,biennial,"2,135,320 bytes PDF",NONE-FOUND(checked: document only),NONE-FOUND,guess:LicenseRef-TX-public-information,bytes=undetermined; facts=likely-open; derived=undetermined,free-text-narrative,origin,new,dossier_documents:pdf_text,2026-09-30T20:30:27Z,I9b-Q052;I9b-F072,live-read,Member of I9b-FAM-TX423. A state agency series back to 2017-2018 = time series. operators=state-police,I4-T14-C04-GS,target,I9b-FAM-TX423,,uas-general,independent_account,flag,200 GET 2026-09-30T20:30:27Z,I1#8;I1#4
I9b-C052,San Antonio Police Department Helicopter Detail 2019-2020 Small Unmanned Aerial Systems Report (Gov't Code 423.008),https://www.sa.gov/files/assets/main/sapd/2019-2020texassuassapdflight-report.pdf,"City of San Antonio, TX (San Antonio Police Department)",statutory-report,T14,US-TX:San Antonio,1 biennial report (live-read F074: 'San Antonio Police Department Helicopter Detail 2019-2020 Small Unmanned Aerial Systems Report'; 'This document satisfies the reporting requirements as listed in Texas Government Code Sec. 423.008'),pdf,biennial (later editions not located in this pass),"1,027,880 bytes PDF",NONE-FOUND(checked: document only),NONE-FOUND,guess:LicenseRef-TX-public-information,bytes=undetermined; facts=likely-open; derived=undetermined,free-text-narrative;residential-intersection,origin,new,dossier_documents:pdf_text,2026-09-30T20:30:34Z,I9b-Q052;I9b-F074,live-read,Member of I9b-FAM-TX423. Historical edition; newer SAPD editions should exist under the duty (inference). operators=police,I4-T14-C04-GS,target,I9b-FAM-TX423,,uas-general,independent_account,flag,200 GET 2026-09-30T20:30:34Z,I1#8;I1#4
I9b-C053,"Annual Report of the Department of Public Safety on Maine Law Enforcement Agencies' Use of Unmanned Aerial Vehicles (25 MRSA 4501) - 2016, Maine Law and Legislative Digital Library",https://lldc.mainelegislature.org/Open/Rpts/tl685_35_p23_2016.pdf,Maine Department of Public Safety (report to the Joint Standing Committee on Judiciary); held by the Maine State Law and Legislative Reference Library,statutory-report,T14,US-ME,"1 statewide annual report (live-read F075: 'ANNUAL REPORT OF THE DEPARTMENT OF PUBLIC SAFETY ON MAINE LAW ENFORCEMENT AGENCIES' USE OF UNMANNED AERIAL VEHICLES'; 'to the knowledge of the department, no law enforcement agencies in the State of Maine have used an unm[anned aerial vehicle]')",pdf,annual (per 25 MRSA 4501; later editions not located in this pass),"321,389 bytes PDF",NONE-FOUND(checked: document only),NONE-FOUND,guess:LicenseRef-ME-public-record,bytes=undetermined; facts=likely-open; derived=undetermined,none-observed,origin,new,dossier_documents:pdf_text (LLDC 'Open/Rpts' path),2026-09-30T20:30:36Z,I9b-Q053;I9b-F075,live-read,"Fills I4 T14-C04-GS not-reached item ME. Statewide aggregate (counts, warrants sought/obtained per the duty) = pass. ME is tier A (w 0.67). The LLDC 'Open/Rpts' collection likely holds later editions and other ME surveillance reports (inference). operators=state-police;police;sheriff",I4-T14-C04-GS,publisher,,,uas-general,independent_account,pass,200 GET 2026-09-30T20:30:36Z,I1#8;I1#4;I1:state=ME
I9b-C054,"Montana DOJ Legislative Report - Facial Recognition for Government Use Act (MCA 44-15-111), 2025, to the Law and Justice Interim Committee",https://archive.legmt.gov/content/Committees/Interim/2025-2026/LJIC/Sept-10-2025/12.DOJ-LegislativeReport-Facial-Recognition-for-Government-Use-Act-2025.pdf,"Montana Department of Justice (Montana Analysis and Technical Information Center, MATIC)",statutory-report,T11,US-MT,LEAD-ONLY; search summary (unverified): MATIC processed zero FR requests and received zero agency FR-use reports July 2024-June 2025; a Department of Labor & Industry FR report is filed alongside,pdf,"annual (by September 1, per summary)",unknown,NONE-FOUND(checked: none; TLS failure),NONE-FOUND,guess:LicenseRef-MT-public-record,bytes=undetermined; facts=undetermined; derived=undetermined,none-observed,origin,new,dossier_documents:pdf_text,2026-09-30T20:30:37Z,I9b-Q055;I9b-F076,lead-only(tls-failure),LEAD-ONLY; access=curl 35 at F076 and WebFetch socket closed. Fills I4 T11-C04-GS not-reached item MT as a found-but-unreachable report. A statutory zero is a coverage fact worth holding (with its period). MT is tier B (w 0.34). operators=state-police,I4-T11-C04-GS,publisher,,,face-recognition-unspecified,independent_account,pass,curl35 GET 2026-09-30T20:30:37Z,I1#8;I1#4;I1:state=MT
I9b-C055,"Inside Utah's facial recognition system: How police use the technology - KUTV (via KJZZ), 2026-06-22",https://kjzz.com/news/local/inside-utahs-facial-recognition-system-how-police-use-the-technology,KUTV / KJZZ (Sinclair; journalism),journalism,T11,US-UT,"statewide FR request aggregate (live-read F077: 'Utah law enforcement agencies submitted 1,191 facial recognition requests between July 1, 2024, and June 30, 2025. Of those, 706 resulted in probable matches'; 'State law requires all facial recognition requests to be processed through the Utah Department of Public Safety')",html,static (2026-06-22),1 article,NONE-FOUND(checked: article page only),NONE-FOUND,guess:LicenseRef-journalism-copyright,bytes=likely-restricted; facts=likely-open; derived=undetermined,private-person-name,derived-from:Utah DPS annual FR request data (origin not located),new,dossier_documents:html_text (facts only),2026-09-30T20:30:43Z,I9b-Q056;I9b-F077,live-read,Fills I4 T11-C04-GS not-reached item UT at the derived level; the DPS annual report (origin) is the acquisition target. Centralised processing (all requests via DPS) means one statewide count series. Article recounts a misidentification case (private person; not copied). operators=state-police;police,I4-T11-C04-GS,target,,,face-identification-1ton,derived_summary,flag,200 GET 2026-09-30T20:30:43Z,I1#8;I1#4;I1:state=UT
I9b-C056,"Florida Department of Highway Safety and Motor Vehicles - Red Light Camera Report (annual summary under s. 316.0083(4), F.S.), FY2023-2024 and prior years",https://www.flhsmv.gov/pdf/cabinetreports/redlightcameraanalysis2024.pdf,Florida Department of Highway Safety and Motor Vehicles (FLHSMV),statutory-report,T09,US-FL,"statewide annual (live-read F078: 'In total, 38 jurisdictions appeared on the Department of Revenue report for remittance of R L C penalties during Fiscal Year 2023-2024'; 'Refer to Appendix F for a list of the 38 jurisdictions and their survey responses'); editions FY2015-FY2024 surfaced by search at the same path pattern",pdf,annual (jurisdiction reports due October 1; state summary to Governor and Legislature),"2,226,605 bytes PDF (FY2023-24); ~10 annual editions",NONE-FOUND(checked: document only),NONE-FOUND,guess:LicenseRef-FL-public-record,bytes=undetermined; facts=likely-open; derived=undetermined,none-observed,origin,new,dossier_documents:pdf_text (appendix tables per jurisdiction),2026-09-30T20:32:56Z,I9b-Q057;I9b-F078,live-read,"Fills I4 T09-C04-GS not-reached item FL. A state-compiled, jurisdiction-keyed census of red-light-camera operators (38 in FY2023-24) with a ten-year series -> ATE whole-class gap (NEW-8) at state scale. Aggregates only (no violation rows). operators=city;county;police",I4-T09-C04-GS,publisher,,,fixed-camera-unspecified,independent_account,pass,200 GET 2026-09-30T20:32:56Z,NEW-8;I1#4;I1#7
I9b-C057,"Pennsylvania Work Zone Speed Safety Camera (WZSSC) Program 2026 Annual Report (75 Pa.C.S. 3369(h)(4); PennDOT, PA Turnpike, PSP)",https://workzonecameras.penndot.gov/wp-content/uploads/2026/05/2026-WZSSC-Annual-Report_04.02.2026.pdf,Pennsylvania Department of Transportation with the Pennsylvania Turnpike Commission and Pennsylvania State Police,statutory-report,T09,US-PA,"statewide annual (live-read F079: 'Work Zone Speed Safety Camera Program 2026 ANNUAL REPORT'; 'Per 75 Pa. C.S. §3369(h)(4), the WZSSC program report must be submitted to the Senate and House Transportation Committee Chairs no later than April 1, annually'); 2024 edition also on the host",pdf,annual (by April 1),"11,944,844 bytes PDF",NONE-FOUND(checked: document only),NONE-FOUND,guess:LicenseRef-PA-public-record,bytes=undetermined; facts=likely-open; derived=undetermined,none-observed,origin,new,dossier_documents:pdf_text,2026-09-30T20:32:58Z,I9b-Q058;I9b-F079,live-read,Fills I4 T09-C04-GS not-reached item PA. State-operated mobile ATE (work zones) - distinct from municipal red-light/speed programmes; the Philadelphia programmes are separate. Registry has PennDOT CCTV (camreg_penndot_pa) but no ATE source. operators=dot;state-police,I4-T09-C04-GS,publisher,,,fixed-camera-unspecified,independent_account,pass,200 GET 2026-09-30T20:32:58Z,NEW-8;I1#4
I9b-C058,"New Jersey OAG SFY21 Body-Worn Camera Grant Program - Program Administration and Guidelines ($57,500,000)",https://www.nj.gov/oag/grants/BWC_Program-Administration-and-Guidelines.pdf,"State of New Jersey, Department of Law and Public Safety, Office of the Attorney General",grant,T23,US-NJ,"1 state grant programme (live-read F080: 'A total of $57,500,000 of the budget will be awarded to participating law enforcement agencies, for use by December 31, 2025'); recipient list not in this document",pdf,static (SFY21 programme; reporting to 2025),"343,805 bytes PDF",NONE-FOUND(checked: document only),NONE-FOUND,guess:LicenseRef-NJ-public-record,bytes=undetermined; facts=likely-open; derived=undetermined,none-observed,origin,new,dossier_documents:pdf_text; awards list to be located (NJ OAG grants pages),2026-09-30T20:32:59Z,I9b-Q060;I9b-F080,live-read,"Programme document, not an award list (eligibility is not an award). Same OAG grants host as I6-C030 (NJ ARP ALPR grants) -> the award announcement pattern there suggests a BWC recipient list may exist (inference). operators=police",I4-T23-C10-G0,publisher,,,bwc-recorded,independent_account,pass,200 GET 2026-09-30T20:32:59Z,I1#4
I9b-C059,"Denver Weighs Dumping ShotSpotter as $4.7M Contract Nears Its End - Hoodline, 2026-08-20",https://hoodline.com/2026/08/denver-weighs-dumping-shotspotter-as-4-7m-contract-nears-its-end/,Hoodline (journalism),journalism,T13,US-CO:Denver,"1 contract status (live-read F081: 'Denver police are preparing to let their long-running ShotSpotter contract quietly expire'; published August 20, 2026)",html,static (2026),1 article,NONE-FOUND(checked: article page only),NONE-FOUND,guess:LicenseRef-journalism-copyright,bytes=likely-restricted; facts=likely-open; derived=undetermined,none-observed,derived-from:Denver City Council bill introduced 2026-08-18 (origin not fetched),new,dossier_documents:html_text (facts only),2026-09-30T20:33:00Z,I9b-Q061;I9b-F081,live-read,"The search summary adds a council bill cutting $147,421 (to $4,352,579) and a 13% network shrink; not verified in the fetched text. A decommissioning event (end of deployment) is as important as an award for currency. operators=police",I4-T13-C07-G0,target,,SoundThinking,gunshot-detection-fixed,derived_summary,pass,200 GET 2026-09-30T20:33:00Z,I1#8
I9b-C060,"ShotSpotter contract to end in Durham after city council votes against extending it after a year - ABC11, 2023-12-19",https://abc11.com/post/durham-shotspotter-cancel-contract-city-council/14199823/,WTVD ABC11 (journalism),journalism,T13,US-NC:Durham,1 contract ended (live-read F082: 'ShotSpotter contract to end in Durham after city council votes against extending it after a year'; datePublished 2023-12-19),html,static (2023),1 article,NONE-FOUND(checked: article page only),NONE-FOUND,guess:LicenseRef-journalism-copyright,bytes=likely-restricted; facts=likely-open; derived=undetermined,none-observed,"derived-from:Durham City Council decision Dec 2023 (origin: Durham AgendaCenter I5-C125, not fetched)",new,dossier_documents:html_text (facts only),2026-09-30T20:33:02Z,I9b-Q061;I9b-F082,live-read,"Durham is a GL1 thin city where I5 found 'none (ShotSpotter page 404)': this shows a one-year pilot that ended - explains the 404 and gives a start/end window. Together with I9b-C019 (Peregrine dropped 2026), Durham's council has declined two surveillance contracts. operators=police",I4-T13-C07-G0,target,,SoundThinking,gunshot-detection-fixed,derived_summary,pass,200 GET 2026-09-30T20:33:02Z,I1#8;I1:city=Durham
I9b-C061,"City of Sacramento City Clerk - contract 10-day posting (e.g. 2025-01291 Agreement - Gunfire Detection System, SoundThinking)",https://www.cityofsacramento.gov/content/dam/portal/clerk/contract-10-day-posting/2025-01291%20Agreement%20-%20Gunfire%20Detection%20System%20Two-Thirds%20Vote%20Required.pdf,"City of Sacramento, CA (Office of the City Clerk)",procurement,T00;T13,US-CA:Sacramento,"LEAD-ONLY; both URL variants returned 404 (F083, F084); search summary (unverified): agreement with SoundThinking for three gunshot-detection systems, not to exceed $2,654,445 through June 14, 2030",pdf,"irregular (each contract posted for a 10-day window, per the folder name; inference)",unknown,NONE-FOUND(checked: none; 404),NONE-FOUND,guess:LicenseRef-public-record,bytes=undetermined; facts=undetermined; derived=undetermined,none-observed,origin,new,new:ephemeral_posting_watcher (must be polled within the window),2026-09-30T20:33:02Z,I9b-Q062;I9b-F083;I9b-F084,lead-only(404-ephemeral),"LEAD-ONLY. The 'contract-10-day-posting' folder is a pre-execution posting channel for ALL city contracts (T00): valuable, but ephemeral - a later fetch finds 404, so it needs a scheduled watcher and SIG's own capture (evidence store) to be useful. Sacramento already has an AB 481 source in I4 (I4-C012, same host). operators=police;city",I4-T13-C09-G0,channel,,SoundThinking,gunshot-detection-fixed,independent_account,pass,404 GET 2026-09-30T20:33:02Z,I1#6;I1#8
I9b-C062,Majority of traffic cameras nixed by Iowa DOT under new law (HF 2681 ATE permit rulings) - The Gazette,https://www.thegazette.com/state-government/majority-of-traffic-cameras-nixed-by-iowa-dot-under-new-law/,"The Gazette, Cedar Rapids (journalism)",journalism,T09,US-IA,statewide permit outcome (live-read F085: 'The DOT on Monday approved only 11 fixed automated traffic enforcement cameras across the state while denying requests for 128 others'; 'Only 11 fixed automated traffic enforcement cameras in just five Iowa cities have been approved by the state'),html,static (2024-25 permit round),1 article,NONE-FOUND(checked: article page only),NONE-FOUND,guess:LicenseRef-journalism-copyright,bytes=likely-restricted; facts=likely-open; derived=undetermined,none-observed,derived-from:Iowa DOT ATE permit rulings under HF 2681 (origin not linked from the article; not fetched),new,dossier_documents:html_text (facts only); origin = Iowa DOT permit decisions,2026-09-30T20:35:15Z,I9b-Q065;I9b-F085,live-read,"Fills I4 T09-C04-GS not-reached item IA. Iowa is the first state found where a STATE AGENCY rules per camera location (permit granted/denied) -> the Iowa DOT permit list would be a statewide, location-keyed ATE registry; acquisition target = the DOT's own decision records (inference; search summary cites 348 permit requests from 28 municipalities, 143 mobile approved). operators=city;police;dot",I4-T09-C04-GS,target,,,fixed-camera-unspecified,derived_summary,pass,200 GET 2026-09-30T20:35:15Z,NEW-8;I1#4
I9b-C063,"Muscatine Police Department Automated Traffic Enforcement (A.T.E.) 2024 Annual Report (HF 2681), updated 2025-03-11",https://www.muscatineiowa.gov/DocumentCenter/View/31202/2024-ATE-Annual-Report---Updated-03-11-25-PDF,"City of Muscatine, IA (Police Department)",statutory-report,T09,US-IA:Muscatine,1 city annual report (live-read F086: 'MUSCATINE POLICE DEPARTMENT AUTOMATED TRAFFIC ENFORCEMENT (A.T.E) 2024 ANNUAL REPORT'; 'The City of Muscatine has operated an ATE system of traffic enforcement since 2011 in several locations within the city limits'; systems enforce speed and red-light),pdf,annual,"671,562 bytes PDF",NONE-FOUND(checked: document only),NONE-FOUND,guess:LicenseRef-IA-public-record,bytes=undetermined; facts=likely-open; derived=undetermined,private-person-name,origin,new,dossier_documents:pdf_text (CivicPlus DocumentCenter),2026-09-30T20:35:16Z,I9b-Q065;I9b-F086,live-read,One member of what is likely a per-city HF 2681 annual-report family across Iowa's permitted ATE cities (inference). Report is authored by a named sergeant (institutional). Aggregates only in the parts read. operators=police,I4-T09-C04-GS,target,,,fixed-camera-unspecified,independent_account,flag,200 GET 2026-09-30T20:35:16Z,NEW-8;I1#4
I9b-C064,"Duke Wilson Center for Science and Justice - independent ShotSpotter evaluations (Evaluation of Fayetteville's ShotSpotter Installation: Results from the First 18 Months, Aug 2025; Evaluation of Durham's ShotSpotter Installation, 2024)",https://wcsj.law.duke.edu/wp-content/uploads/2025/09/Fayetteville-Report-For-City-August-25-2025.pdf,"Wilson Center for Science and Justice, Duke University School of Law (academic)",academic,T13,US-NC:Fayetteville;US-NC:Durham,2 city evaluations (live-read F089: 'Evaluation of Fayetteville's ShotSpotter Installation Results from the First 18 Months ... August 2025'); the Durham evaluation (2024) is on the same host (search result; not fetched),pdf,irregular,"3,565,774 bytes PDF (Fayetteville)",NONE-FOUND(checked: document only),NONE-FOUND,guess:LicenseRef-academic-copyright,bytes=likely-restricted; facts=likely-open; derived=undetermined,residential-intersection,origin,new,dossier_documents:pdf_text (facts only),2026-09-30T20:35:19Z,I9b-Q068;I9b-F089,live-read,"out-of-cell->I4-T13-C14-G0 (academic/civil data). The Fayetteville report is titled 'For City' (prepared for the city), so deployment extent/period facts are city-sourced. Fayetteville NC is new to SIG's GSD evidence (inference: not in the I4 list). Evaluations may map coverage areas at neighbourhood level -> residential flag if polygons are extracted. operators=police",I4-T13-C04-G0,publisher,,SoundThinking,gunshot-detection-fixed,independent_account,flag,200 GET 2026-09-30T20:35:19Z,I1#8
I9b-C065,"Maryland Department of State Police - Report Required by Chapters 222 and 223 of the 2020 General Assembly (cell site simulator deployments, CY2024; MSAR# 12443)",https://mdsp.prod.maryland.gov/media/290/download,Maryland Department of State Police,statutory-report,T17,US-MD,1 state annual report (live-read F090: 'submits to you the information required regarding the deployment of cell site simulators for the calendar year 2024. The Maryland State Police used a cell site simulator a total of twenty-seven (27) times during the calendar year 2024. Four (4) of these instances were in response to exigent circumstances'),pdf,annual,"105,291 bytes PDF",NONE-FOUND(checked: document only),NONE-FOUND,guess:LicenseRef-MD-public-record,bytes=undetermined; facts=likely-open; derived=undetermined,none-observed,origin,new,dossier_documents:pdf_text; MSAR numbers index the Maryland General Assembly report library,2026-09-30T20:35:24Z,I9b-Q069;I9b-F090,live-read,"Fills an I4 T17 state item (MD) - statewide CSS deployment counts, the kind of current possession/use fact I4 said was missing ('no current agency-possession list'). Other MD agencies may file under the same chapters (inference). The MSAR number implies retrieval from the MGA Library's report archive too (dlslibrary). operators=state-police",I4-T17-C05-GS,publisher,,,cell-site-simulator-general,independent_account,pass,200 GET 2026-09-30T20:35:24Z,I1#8;I1#4
I9b-C066,"Plano is latest DFW community to add drones to first responder program (council 8-0, Motorola Solutions DFR five-year contract, 2026-07-27) - KRLD/Audacy",https://www.audacy.com/krld/news/local/plano-is-latest-dfw-community-to-add-drones-to-first-responder-program,KRLD / Audacy (journalism),journalism,T14,US-TX:Plano,"1 council approval (live-read F091: 'Plano's Drone as First Responder (DFR) program is a new initiative approved by the Plano City Council on July 27, 2026'; 'The council voted 8-0 to approve a $1.4-1.44 million, five-year contract with Motorola Solutions'; drones launch from rooftop docking stations)",html,static (2026),1 article,NONE-FOUND(checked: article page only),NONE-FOUND,guess:LicenseRef-journalism-copyright,bytes=likely-restricted; facts=likely-open; derived=undetermined,none-observed,derived-from:Plano City Council 2026-07-27 (origin on registered NovusAgenda census host plano.novusagenda.com; not fetched),new,dossier_documents:html_text (facts only),2026-09-30T20:35:24Z,I9b-Q071;I9b-F091,live-read,"Plano is a GL1 thin city (I5: open data C153, NovusAgenda census; 'none' surveillance evidence found) -> first Plano surveillance-deployment evidence found by this row. Motorola DFR = drones via Motorola Solutions (T14; not Flock). operators=police",I4-T14-C07-G0,target,,Motorola Solutions,drone-as-first-responder,derived_summary,pass,200 GET 2026-09-30T20:35:24Z,I1#8;I1:city=Plano
I9b-C067,"BRINC Drones Land in Victorville for $832K DFR Rollout - DroneXL, 2026-04-27",https://dronexl.co/2026/04/27/brinc-drones-victorville-832k/,DroneXL (trade journalism),journalism,T14,US-CA:Victorville,"1 council approval (live-read F092: 'The City Council unanimously approved the three-year service agreement back in October 2025, and Q1 2026 was the deployment window'; Victorville is 'the first contract city under the San Bernardino County Sheriff's Department to put DFR technology into the field')",html,static (2026),1 article,NONE-FOUND(checked: article page only),NONE-FOUND,guess:LicenseRef-journalism-copyright,bytes=likely-restricted; facts=likely-open; derived=undetermined,none-observed,derived-from:Victorville City Council Oct 2025 (origin not fetched; PublicCEO cited as the article's source),new,dossier_documents:html_text (facts only),2026-09-30T20:35:27Z,I9b-Q071;I9b-F092,live-read,"Contract-city policing: the city buys, the county sheriff operates -> operator/buyer split matters for attribution. CA AB 481 military-equipment reports (I4-C012 family) should also list it (inference). operators=sheriff;city",I4-T14-C07-G0,target,,BRINC,drone-as-first-responder,derived_summary,pass,200 GET 2026-09-30T20:35:27Z,I1#8
I9b-C068,"Arizona HB 2574 (56th Legislature, 2nd Regular Session, 2024): school safety software; appropriation - statewide connected behavioral threat assessment and management platform",https://azleg.gov/legtext/56leg/2R/summary/H.HB2574_021424_APPROP.DOCX.htm,Arizona House of Representatives (bill summary),legislation,T25;T22,US-AZ,"1 bill (live-read F093: 'Appropriates $7,000,000 in FY 2025 and $5,000,000 in FY 2026 to establish a statewide connected behavioral threat assessment and management platform (Assessment Platform)'; committee action 'MAPS DPA 12-3-0-0')",html,static (2024 session),1 summary page,NONE-FOUND(checked: summary page),NONE-FOUND,guess:LicenseRef-AZ-public-record,bytes=undetermined; facts=likely-open; derived=undetermined,none-observed,origin,new,legislation (bill tracking),2026-09-30T20:37:41Z,I9b-Q078;I9b-F093,live-read,Fills I4 T25-C04-GS item AZ at the legislation level. Enactment status and the platform vendor were not verified (a bill summary is not an enacted appropriation - S5 guard). A statewide school threat-assessment platform concentrates student-level data -> any operational output is minor-data (block); only programme/appropriation facts are admissible. operators=state;school-district,I4-T25-C04-GS,target,,,school-surveillance-unspecified;risk-assessment,independent_account,pass,200 GET 2026-09-30T20:37:41Z,I1#7;I1#4
I9b-C069,New York Senate Bill S7037 (2025): 'social media monitoring safety act' (education law; appropriation),https://legislation.nysenate.gov/pdf/bills/2025/s7037,New York State Senate,legislation,T25;T20,US-NY,"1 proposed bill (live-read F094: 'AN ACT to amend the education law, in relation to enacting the social media monitoring safety act; and making an appropriation therefor'; referred to the Committee on Finance)",pdf,static (2025-26 session),"3,946 bytes PDF",NONE-FOUND(checked: bill PDF),NONE-FOUND,guess:LicenseRef-NY-public-record,bytes=undetermined; facts=likely-open; derived=undetermined,none-observed,origin,new,legislation (NY Open Legislation API exists; not queried here),2026-09-30T20:37:42Z,I9b-Q078;I9b-F094,live-read,"Proposed, in committee (not law). Would fund district-level social-media monitoring statewide (per the search summary; the fetched first page confirms the act's title). Legislation is I6's cross-cutting channel for multi-class tracking; captured here as the T25 state item NY. operators=school-district",I4-T25-C04-GS,target,,,social-media-monitoring;school-surveillance-unspecified,independent_account,pass,200 GET 2026-09-30T20:37:42Z,I1#7
I9b-C070,Massachusetts Capital Investment Plan FY2025-2029 - line S027 Municipal Body-Worn Camera Grant Program (EO Public Safety and Security),https://budget.digital.mass.gov/capital/fy25/beneficiary-agency/public-safety/eo-public-safety-and-security/s027,"Commonwealth of Massachusetts, Executive Office for Administration and Finance (Capital budget)",grant,T23,US-MA,"1 capital line (live-read F096: 'S027 Municipal Body-Worn Camera Grant Program'; 'Grant program to provide municipal police departments with equipment to implement or expand body-worn camera programs'; table by fiscal year, bond cap / non-bond)",html,annual (capital plan),1 line page,NONE-FOUND(checked: line page),NONE-FOUND,guess:LicenseRef-MA-public-record,bytes=undetermined; facts=likely-open; derived=undetermined,none-observed,origin,new,new:ma_capital_budget_html,2026-09-30T20:37:43Z,I9b-Q079;I9b-F096,live-read,"Programme-level funding (bond cap) for MA municipal BWC grants; award announcements are on mass.gov (403 to I4, C107-style) -> this is a reachable state-origin anchor for the MA BWC programme. Funding line is not a per-agency award (S5 guard). operators=police",I4-T23-C10-G0,publisher,,,bwc-recorded,independent_account,pass,200 GET 2026-09-30T20:37:43Z,I1#4
I9b-C071,"Dona Ana County Sheriff's Office hopes to solve more crimes with rapid DNA technology ($350,000 federal appropriation) - KFOX14, 2022-03-11",https://kfoxtv.com/news/local/doa-ana-county-sheriffs-office-hopes-to-solve-more-crimes-with-dna-technology,KFOX14 (Sinclair; journalism),journalism,T12,US-NM:Dona Ana County,"1 funding event (live-read F097: 'The Dona Ana County Sheriff's Office will be receiving a US Government Appropriation for $350,000 to intensify their Rapid DNA Machine'; datePublished 2022-03-11)",html,static (2022),1 article,NONE-FOUND(checked: article page only),NONE-FOUND,guess:LicenseRef-journalism-copyright,bytes=likely-restricted; facts=likely-open; derived=undetermined,none-observed,derived-from:FY2022 congressionally directed spending (origin not fetched),new,dossier_documents:html_text (facts only),2026-09-30T20:37:44Z,I9b-Q080;I9b-F097,live-read,T12 BIO was unsearched in I4 (probe refused); this is the first I9b T12 evidence. Congressionally directed spending (earmarks) is a funding channel for local surveillance tech (-> I6 grants). Dona Ana County has a registry agenda tenant (agenda_tenants.toml:4420). NM is tier B. Rapid DNA outputs are biometric -> programme facts only. operators=sheriff,I4-T12-C09-G0,target,,,rapid-dna,derived_summary,pass,200 GET 2026-09-30T20:37:44Z,I1:state=NM
I9b-C072,"Schools use AI to monitor kids, hoping to prevent violence. Our investigation found security risks - AP / The Seattle Times, 2025-03-12 (via KTLA syndication)",https://ktla.com/news/ap-us-news/ap-schools-use-ai-to-monitor-kids-hoping-to-prevent-violence-our-investigation-found-security-risks/amp/,Associated Press with The Seattle Times (journalism; KTLA syndication),journalism,T25,US-WA:Vancouver;US,district-level deployment + national scale claim (live-read F098: surveillance software 'immediately alerted Vancouver Public Schools staff in Washington state'; 'Vancouver and many other districts around the country have turned to technology to monitor school-issued devices 24/7'),html,static (2025-03-12),1 article,NONE-FOUND(checked: article page only),NONE-FOUND,guess:LicenseRef-AP-copyright,bytes=likely-restricted; facts=likely-open; derived=undetermined,minor-data;free-text-narrative,mirror-of:AP original (syndicated copy),new,none (facts only; the underlying records are student data),2026-09-30T20:37:44Z,I9b-Q076;I9b-F098,live-read,"BLOCK: the investigation rests on district records containing students' flagged writing (minor-data); the article itself quotes student situations. Only district-level facts (Vancouver PS uses Gaggle; the search summary gives ~2,200 students alerted Oct 2023-Oct 2024 and ~1,500 Gaggle districts nationally, unverified) may be used, never records. operators=school-district",I4-T25-C14-G0,target,,Gaggle,school-surveillance-suite,republished_document,block,200 GET 2026-09-30T20:37:44Z,I1#7
I9b-C073,"DHS FOIA release: 'DHS Operational Use of Social Media' template (SMOUT) compilation, posted May 2023 (Bates DHS-001-02632)",https://www.dhs.gov/sites/default/files/2023-05/May_DHS-use-of-Social-Media.pdf,US Department of Homeland Security (Privacy Office; FOIA library posting),records-release,T20,US,"1 records release (live-read F099: 'DHS OPERATIONAL USE OF SOCIAL MEDIA This template is used to assess the Department's Operational Use of Social Media, consistent with Management Directive 110-01'; page marked 'archived and contains outdated information'; 17,253,984 bytes)",pdf,static (posted 2023-05),"17,253,984 bytes PDF (page count not computed)",NONE-FOUND(checked: document only),NONE-FOUND,guess:LicenseRef-US-federal-work-17USC105,bytes=undetermined; facts=likely-open; derived=undetermined,free-text-narrative;private-person-name,origin,new,dossier_documents:pdf_text (OCR likely needed),2026-09-30T20:37:45Z,I9b-Q075;I9b-F099,live-read,The component-by-component SMOUT approvals are the DHS-internal register of which offices may monitor social media and for what purpose -> federal SMM operator layer (I1#13-adjacent). Origin on dhs.gov (Brennan hosts per-component copies = mirrors). FOIA releases carry staff names/emails (possibly redacted) -> free-text screen. operators=federal,I4-T20-C16-G0,target,,,social-media-monitoring,independent_account,flag,200 GET 2026-09-30T20:37:45Z,I1#7;I1#13
I9b-C074,New Hampshire Department of Safety - Body-Worn and Dashboard Camera Grant,https://dos.nh.gov/body-worn-and-dashboard-camera-grant,New Hampshire Department of Safety,grant,T23,US-NH,"LEAD-ONLY; page exists (search result title 'Body-Worn and Dashboard Camera Grant'); 403 at F095, content not read",other,unknown,unknown,NONE-FOUND(checked: none; 403),NONE-FOUND,guess:LicenseRef-NH-public-record,bytes=undetermined; facts=undetermined; derived=undetermined,none-observed,origin,new,grant page (html),2026-09-30T20:37:42Z,I9b-Q079;I9b-F095,lead-only(403),"LEAD-ONLY; access=403 (challenge suspected) at F095; stop-listed, not retried. NH is tier A (w 0.82) with no BWC/GSD/FRT sources (I5 §4.1) -> a state BWC grant programme would be NH's first T23 channel. operators=police",I4-T23-C10-G0,publisher,,,bwc-recorded;in-car-video-recorded,independent_account,pass,403 GET 2026-09-30T20:37:42Z (challenge page); host stop-listed,I1#4;I1:state=NH
I9b-C075,Immigration Policy Tracking Project - policy entries with timelines and linked documents (e.g. 'ICE contracts with Clearview AI for facial-recognition technology'),https://immpolicytracking.org/policies/reported-ice-contracts-with-clearview-ai-for-facial-recognition-technology/,Immigration Policy Tracking Project (academic/NGO tracker),ngo,T28;T11,US,"1 entry read (live-read F100: 'ICE's Homeland Security Investigations (HSI) entered into a $9.2 million contract with Clearview AI'; 'Original Date Announced September 9, 2025'; 'Documents (6)'); tracker also has entries such as CBP's Cellebrite NOI and ICE's FR app (search results)",html,irregular (tracker updates),unknown (per-policy pages),NONE-FOUND(checked: entry page),NONE-FOUND,guess:LicenseRef-ngo-copyright,bytes=undetermined; facts=likely-open; derived=undetermined,none-observed,derived-from:federal announcements and records (per-entry documents),new,curated ingest (facts + linked origin documents),2026-09-30T20:40:05Z,I9b-Q081;I9b-F100,live-read,"A dated, document-linked tracker of federal immigration-enforcement measures incl. surveillance procurements (FR, forensics, data brokers) -> T28 BORD channel (I1 zero-source class per I4). Linked documents may include leaked material for some entries -> check provenance per document (leak exclusion). operators=federal",I4-T11-C16-G0,channel,,Clearview AI,face-identification-1ton,derived_summary,pass,200 GET 2026-09-30T20:40:05Z,I1#8;I1#13
I9b-C076,Brennan Center - DC Metropolitan Police Department Social Media Monitoring Documents (released via FOIA lawsuit with Data for Black Lives),https://www.brennancenter.org/our-work/research-reports/dc-metropolitan-police-department-social-media-monitoring-documents,Brennan Center for Justice (hosting records obtained from DC MPD),records-release,T20,US-DC,"1 document collection (live-read F101: 'A lawsuit by the Brennan Center and Data for Black Lives unearthed documents about how the DC police department moni[tors social media]'); sibling Brennan collections: Boston PD (1,000+ pages) and LAPD social-media user guide (search results)",html,static,1 landing page + linked PDFs (not opened),NONE-FOUND(checked: landing page),NONE-FOUND,guess:LicenseRef-public-record (agency records) / ngo copyright (commentary),bytes=undetermined; facts=likely-open; derived=undetermined,free-text-narrative;private-person-name;person-level-enforcement,mirror-of:DC Metropolitan Police Department records (released under FOIA litigation),new,records (document adapter),2026-09-30T20:40:06Z,I9b-Q082;I9b-F101,live-read,"Brennan is an I4 exclusive snowball source; I4 captured only its SMM map (I4-C166). These document releases are the underlying agency records for DC (tier B), Boston and LA. Records may name monitored individuals/groups and officers -> free-text and person-level screen; aggregate/programme facts only. operators=police Verdict raised to block (I2 7.4: monitored persons are person-level-enforcement; the records reportedly track individual users and friend networks) - metadata and programme facts only.",I4-T20-C14-G0,publisher,,,social-media-monitoring,republished_document,block,200 GET 2026-09-30T20:40:06Z,I1#7;I1:state=DC
I9b-C077,"Minnesota State Court Administrator - Report to Legislature on interception, pen register, trap and trace, mobile tracking device and electronic communication information warrants (Minn. Stat. 626A.17 subd. 3, 626.085 subd. 5(b), 626A.42 subd. 5(b)), 2024",https://www.leg.mn.gov/docs/2024/Mandated/241537.pdf,"Minnesota Judicial Branch, State Court Administrator's Office (filed with the Legislative Reference Library)",statutory-report,T18;T17,US-MN,"1 statewide report (live-read F102: dated November 15, 2024; 'RE: Minn. Stat. §§ 626A.17, subd. 3, 626.085 subd. 5(b), 626A.42, subd. 5(b). Report to Legislature by the State Court Administrator'; covers warrants for 'the interception of communications; the installation and use of a pen register; trap and trace; mobile tracking device; electronic communication information'); 2023 edition 230750 also in the LRL mandated series",pdf,annual (LRL mandated series; 2023 and 2024 editions seen),"128,981 bytes PDF",NONE-FOUND(checked: document only),NONE-FOUND,guess:LicenseRef-MN-public-record,bytes=undetermined; facts=likely-open; derived=undetermined,none-observed,origin,new,"dossier_documents:pdf_text (LRL 'Mandated' URL pattern, like the MN ALPR audits I3-C040)",2026-09-30T20:40:08Z,I9b-Q084;I9b-F102,live-read,Closes an I4 negative for MN: I4 found pen-register/trap-and-trace tables absent from the federal Wiretap Report; this state report covers them plus mobile tracking and 626A.42 electronic-device location (the CSS/location-warrant statute). Aggregates by court/county; letter names the administrator (institutional). operators=courts;police,I4-T18-C04-G0,publisher,,,metadata-interception;wiretap-content;cell-site-simulator-general,independent_account,pass,200 GET 2026-09-30T20:40:08Z,I1#4;I1#8
I9b-C078,"Hawai'i Judiciary report under HRS 803-47(b) - applications for orders authorizing interception of wire, oral or electronic communications (Judiciary Communication JC35, 2025 session; CY2024)",https://data.capitol.hawaii.gov/sessions//session2025/bills/JC35_.pdf,Hawai'i State Judiciary (communication to the Legislature),statutory-report,T18,US-HI,"1 state annual report (live-read F103: 'Pursuant to Section 803-47(b), Hawai'i Revised Statutes, the Judiciary respectfully transmits the following report'; 'For the calendar year 2024, there were no applications for orders authorizing or approving the interception of wire, oral, electronic communications filed by the Attorney General and the Prosecuting Attorneys')",pdf,annual (per session; JC27 for 2024 session also seen),"268,757 bytes PDF",NONE-FOUND(checked: document only),NONE-FOUND,guess:LicenseRef-HI-public-record,bytes=undetermined; facts=likely-open; derived=undetermined,none-observed,origin,new,dossier_documents:pdf_text (capitol.hawaii.gov session 'JC' communications),2026-09-30T20:40:08Z,I9b-Q084;I9b-F103,live-read,A statutory zero is a coverage fact (with period). HI is tier B (w 0.48). The session-JC URL pattern is enumerable per year (inference). operators=courts;prosecutors,I4-T18-C04-G0,publisher,,,wiretap-content,independent_account,pass,200 GET 2026-09-30T20:40:08Z,I1#4;I1:state=HI
I9b-C079,"Sparks City Council Renews SoundThinking Inc. Contract - KUNR, 2026-02-27",https://www.kunr.org/local-stories/2026-02-27/sparks-city-council-renews-soundthinking-contract,KUNR Public Radio (journalism),journalism,T13,US-NV:Sparks,"1 council renewal (live-read F104: headline 'Sparks City Council Renews SoundThinking Inc. Contract', published February 27, 2026)",html,static (2026),1 article,NONE-FOUND(checked: article page only),NONE-FOUND,guess:LicenseRef-journalism-copyright,bytes=likely-restricted; facts=likely-open; derived=undetermined,none-observed,derived-from:Sparks City Council meeting Feb 2026 (origin not fetched),new,dossier_documents:html_text (facts only),2026-09-30T20:40:10Z,I9b-Q085;I9b-F104,live-read,"Term and amount (three years through 2029, $1.19M) come from search summaries and This Is Reno (403), not the fetched text. Corroborated as a named renewal by the vendor (I9b-C080 is not independent). operators=police",I4-T13-C09-G0,target,,SoundThinking,gunshot-detection-fixed,derived_summary,pass,200 GET 2026-09-30T20:40:10Z,I1#8
I9b-C080,SoundThinking press releases - named customer renewals and expansions with coverage (e.g. 'SoundThinking Highlights Major Multi-Year Customer Renewals in Q2 2026'),https://www.soundthinking.com/press-releases/soundthinking-highlights-major-multi-year-customer-renewals-in-q2-2026,"SoundThinking, Inc. (vendor)",vendor-portal,T13,US,"1 release read (live-read F105: 'Albuquerque (NM) Police - five-year ShotSpotter renewal; 42 square miles'; 'Worcester (MA) Police Department - three-year ShotSpotter renewal; 8.1 square miles'; 'Richland County Sheriff's Department, SC - three-year ShotSpotter renewal; 8 square miles'; further items for Macon-Bibb, Peoria, Fayetteville per search)",html,quarterly (inference: per-quarter renewal releases),unknown (press archive),NONE-FOUND(checked: release page),NONE-FOUND,guess:LicenseRef-vendor-copyright,bytes=likely-restricted; facts=likely-open; derived=undetermined,none-observed,origin,new,new:vendor_press_html (lead generator; confirm each at the agency),2026-09-30T20:40:11Z,I9b-Q085;I9b-F105,live-read,"Vendor statements are assertions (D6, ADR-122/131): cite as 'the vendor states'. Value: named agencies + square-mile coverage per renewal, i.e. the only public per-city coverage figure for a class whose sensor locations are secret (I4 negative). Pair with I4-C082 (SoundThinking 10-K). operators=police;sheriff",I4-T13-C09-G0,channel,,SoundThinking,gunshot-detection-fixed,independent_account,pass,200 GET 2026-09-30T20:40:11Z,I1#8;NEW-7
I9b-C081,Spokane City Council Public Safety & Community Health Committee minutes 2026-03-30 (item 6: Special Budget Ordinance FY26 Cellebrite Software Renewal),https://static.spokanecity.org/documents/bcc/committees/public-safety-and-community-health/minutes/2026/03/psch-minutes-2026-03-30.pdf,"City of Spokane, WA (City Council committee)",agenda,T19,US-WA:Spokane,1 committee item (live-read F106: '6. SPECIAL BUDGET ORDINANCE FY26 CELLEBRITE SOFTWARE RENEWAL'),pdf,monthly (committee minutes),"213,412 bytes PDF",NONE-FOUND(checked: document only),NONE-FOUND,guess:LicenseRef-WA-public-record,bytes=undetermined; facts=likely-open; derived=undetermined,private-person-name,origin,new,dossier_documents:pdf_text (static.spokanecity.org committee-minutes path pattern),2026-09-30T20:40:12Z,I9b-Q087;I9b-F106,live-read,"Minutes list presenters and council members by name (institutional). Spokane County Sheriff's GrayKey (Inlander, Q073 lead) is a separate agency. operators=police",I4-T19-C07-G0,target,,Cellebrite,mobile-forensics-unspecified,independent_account,flag,200 GET 2026-09-30T20:40:12Z,I1#7
I9b-C082,"Red Light_Speed Camera (City of Medford, OR ArcGIS organisation)",https://services.arcgis.com/ogdeCdziRfIzuoFs/arcgis/rest/services/Red_Light_Speed_Camera/FeatureServer/0,"City of Medford, OR (via ArcGIS Online)",gov-open-data,T09,US-OR:Medford,"5 features (live-read F108: returnCountOnly {""count"":5}); hub item 4568b09185cf4bb28c7db73aad9f8203 (Q089)",arcgis,unknown,5 features,NONE-FOUND(checked: hub search JSON; item licenseInfo empty),NONE-FOUND,guess:LicenseRef-per-item-licenseInfo,bytes=undetermined; facts=likely-open; derived=undetermined,none-observed,origin,related:camreg_jmh_us,dot_511:arcgis_query,2026-09-30T20:42:18Z,I9b-Q089;I9b-F108,live-read,"Same ArcGIS org as registered camreg_jmh_us (Medford PD Flock layer, camera_registry_targets.toml:1334) and I4-C019 (Medford drone deployments) -> org-level channel already partly known; this ATE layer is new. Owner is a staff-style account id (not copied). Rows not read beyond the count. operators=city;police",I4-T09-C03-G0,target,,,fixed-camera-unspecified,independent_account,pass,200 GET 2026-09-30T20:42:18Z,NEW-8
I9b-C083,"TPVA Red Light Camera Locations 2015 (Suffolk County, NY Traffic and Parking Violations Agency; SCOpenData)",https://services.arcgis.com/JsDD4qdG5r2a7hR5/arcgis/rest/services/TPVA_Red_Light_Camera_Locations_2015/FeatureServer/0,"Suffolk County, NY (SCOpenData via ArcGIS Online)",gov-open-data,T09,US-NY:Suffolk County,"215 features (live-read F109: {""count"":215}); hub licence field 'CC-BY-4.0' (Q089)",arcgis,static (2015 snapshot),215 features,NONE-FOUND(checked: hub search JSON licence field only),hub item license: CC-BY-4.0,guess:CC-BY-4.0,bytes=likely-open; facts=likely-open; derived=likely-open,none-observed,origin,new,dot_511:arcgis_query,2026-09-30T20:42:19Z,I9b-Q089;I9b-F109,live-read,Historical (2015) baseline for a large county red-light programme (a GL3 county); label the time window (SIG-INGEST-025b). A second copy by a personal account exists (mirror; skipped). operators=county,I4-T09-C03-G0,target,,,fixed-camera-unspecified,independent_account,pass,200 GET 2026-09-30T20:42:19Z,NEW-8
I9b-C084,"Red Light Cameras and Direction (City of Lakeland, FL ArcGIS organisation)",https://services1.arcgis.com/mcbQY5xNGGGM1vBX/arcgis/rest/services/Red_Light_Cameras_and_Direction_WFL1/FeatureServer/0,"City of Lakeland, FL (via ArcGIS Online)",gov-open-data,T09,US-FL:Lakeland,"11 features (live-read F110: {""count"":11}); hub item 31d8970bf98b441fb6b45a78a8291d54 (Q089)",arcgis,unknown,11 features,NONE-FOUND(checked: hub search JSON),NONE-FOUND,guess:LicenseRef-per-item-licenseInfo,bytes=undetermined; facts=likely-open; derived=undetermined,none-observed,origin,new,dot_511:arcgis_query,2026-09-30T20:42:20Z,I9b-Q089;I9b-F110,live-read,Owner account id embeds a staff e-mail (not copied). Cross-check against the FLHSMV red-light report jurisdiction list (I9b-C056 Appendix F) - independent lineage (city layer vs state report). operators=city;police,I4-T09-C03-G0,target,,,fixed-camera-unspecified,independent_account,pass,200 GET 2026-09-30T20:42:20Z,NEW-8
I9b-C085,"Memphis Police Department Policy and Procedures manual (full, revised 2023-06-27) - hosted on the city's 'Reimagine' site",https://reimagine.memphistn.gov/wp-content/uploads/sites/70/2023/08/2023_MPD_POLICY_AND_PROCEDURES_FULL_6-27-2023.pdf,"City of Memphis, TN (Memphis Police Department)",other,T00,US-TN:Memphis,LEAD-ONLY; search summary: MPD P&P manual 'revised version was published on 06-27-23'; chapter PDFs also on memphispolice.org,other,irregular (revisions),unknown,NONE-FOUND(checked: none; 403),NONE-FOUND,guess:LicenseRef-TN-public-record,bytes=undetermined; facts=undetermined; derived=undetermined,none-observed,origin,new,dossier_documents:pdf_text,2026-09-30T20:43:26Z,I9b-Q090;I9b-F111,lead-only(403),LEAD-ONLY; access=403 at F111; stop-listed. Fills the Memphis C05-GL1 item as a located-but-refused channel (I5 found Memphis hub with 0 camera items and no SkyCop evidence). Try memphispolice.org chapter PDFs in a later row. operators=police,I5-T00-C05-GL1,publisher,,,,independent_account,pass,403 GET 2026-09-30T20:43:26Z; host stop-listed,I1#9;I1:city=Memphis
I9b-C086,IMPD says officers can now only use Flock camera system for specific cases - FOX59,https://fox59.com/news/indycrime/impd-says-officers-can-now-only-use-flock-camera-system-for-specific-cases/amp/,FOX59 (Nexstar; journalism),journalism,T01,US-IN:Indianapolis,1 policy change (live-read F112: 'IMPD says officers can now only use Flock camera system for specific cases'; 'Flock cameras were a hot topic at Wednesday's City-C[ounty Council]'); per the search summary the rule is an internal SOP not yet a public general order (retention now 30 days),html,static,1 article,NONE-FOUND(checked: article page only),NONE-FOUND,guess:LicenseRef-journalism-copyright,bytes=likely-restricted; facts=likely-open; derived=undetermined,none-observed,derived-from:Indianapolis City-County Council committee discussion (origin not fetched),new,dossier_documents:html_text (facts only),2026-09-30T20:43:29Z,I9b-Q091;I9b-F112,live-read,"out-of-cell->I3 (Flock/ALPR facts). Recorded for the C05-GL1 item Indianapolis as evidence that the governing policy is NOT public (a coverage fact: policy exists, publication pending). Article date shown only as '3 weeks ago' (no absolute date read; not inferred). operators=police",I5-T00-C05-GL1,target,,Flock Safety,alpr-fixed,derived_summary,pass,200 GET 2026-09-30T20:43:29Z,I1#9;I1:city=Indianapolis;I1#1
I9b-C087,Charlotte-Mecklenburg Police Department - Interactive Directives Guide (compiled directives PDF),https://www.charlottenc.gov/files/assets/police/documents/directives/cmpddirectives.pdf,"City of Charlotte, NC (Charlotte-Mecklenburg Police Department)",other,T00,US-NC:Charlotte,"1 compiled manual (live-read F113: 16,240,760-byte PDF; e.g. a directive with 'Effective Date: 1/21/2025' listing issued items incl. 'Body-Worn Cameras (BWC)' and 'Drones and associated items'); a versioned copy exists at .../police/v/55/documents/directives/cmpddirectives.pdf",pdf,irregular (versioned asset path 'v/55' implies revisions; inference),"16,240,760 bytes PDF",NONE-FOUND(checked: document only),NONE-FOUND,guess:LicenseRef-NC-public-record,bytes=undetermined; facts=likely-open; derived=undetermined,none-observed,origin,new,dossier_documents:pdf_text (large; section split needed),2026-09-30T20:43:30Z,I9b-Q092;I9b-F113,live-read,"Fills the Charlotte C05-GL1 item. Complements I5-C116 (Charlotte Legistar: DFR programme, red-light pilot). Policy manuals give use rules, retention and sharing terms (capability predicates), not deployments. operators=police",I5-T00-C05-GL1,publisher,,,,independent_account,pass,200 GET 2026-09-30T20:43:30Z,I1#9;I1:city=Charlotte
I9b-C088,Anchorage Municipal Code chapter 3.102 'Municipal Use of Surveillance Technologies' - AO 2023-78 amending it to require a body-worn camera policy,https://www.muni.org/Departments/Assembly/Documents/AO%202023-78.pdf,"Municipality of Anchorage, AK (Assembly; Assembly Counsel's Office)",ccops-report,T00;T23,US-AK:Anchorage,"1 ordinance (live-read F115: 'AN ORDINANCE OF THE ANCHORAGE MUNICIPAL ASSEMBLY AMENDING ANCHORAGE MUNICIPAL CODE CHAPTER 3.102, MUNICIPAL USE OF SURVEILLANCE TECHNOLOGIES, TO ADD A REQUIREMENT FOR A BODY-WORN CAMERA POLICY'; 'For reading: July 11, 2023'; recites AO 2020-116(S) ballot proposition)",pdf,static (ordinance); chapter 3.102 duties recur,"283,684 bytes PDF",NONE-FOUND(checked: document only),NONE-FOUND,guess:LicenseRef-AK-public-record,bytes=undetermined; facts=likely-open; derived=undetermined,none-observed,origin,new,legislation; any 3.102 reports -> ccops family,2026-09-30T20:43:32Z,I9b-Q094;I9b-F115,live-read,"out-of-cell->I6-T00-C06-GP (CCOPS-style ordinance). Anchorage (GL1, 2 I1 sources) has a surveillance-technology chapter in its municipal code -> any reports/approvals it mandates are a local oversight channel SIG does not track (inference; the chapter's reporting duties were not read beyond the amendment). operators=police;city",I5-T00-C05-GL1,publisher,,,bwc-recorded,independent_account,pass,200 GET 2026-09-30T20:43:32Z,I1#9;I1:city=Anchorage;I1#4
I9b-C089,"Anchorage police unveil plans to use license plate readers, array of security cameras ($11.8M five-year technology contract approved by the Assembly) - Anchorage Daily News, 2025-09-27",https://www.adn.com/alaska-news/anchorage/2025/09/27/anchorage-police-unveil-plans-to-use-license-plate-readers-array-of-security-cameras,Anchorage Daily News (journalism),journalism,T01;T05;T06;T14,US-AK:Anchorage,"1 Assembly approval (live-read F114: 'to automatically scan license plates and scour a network of public and private cameras throughout the city'; 'part of an $11.8 million technology upgrade contract approved by the Anchorage Assembly on Tuesday'; 'The five-year contract approved w[as] ...'); published September 27, 2025",html,static (2025),1 article,NONE-FOUND(checked: article page only),NONE-FOUND,guess:LicenseRef-journalism-copyright,bytes=likely-restricted; facts=likely-open; derived=undetermined,none-observed,"derived-from:Anchorage Assembly action Sept 2025 (origin: Assembly documents on muni.org, I5-C130; not fetched)",new,dossier_documents:html_text (facts only),2026-09-30T20:43:31Z,I9b-Q094;I9b-F114,live-read,"Multi-class public-private deployment in a GL1 thin city (ALPR, camera federation incl. private cameras, drones per search summary) -> hand-off to I3 (T01/T05/T06). Vendor not read in the fetched text. operators=police",I5-T00-C05-GL1,target,,,alpr-fixed;camera-federation-hub;private-camera-integration,derived_summary,pass,200 GET 2026-09-30T20:43:31Z,I1#9;I1:city=Anchorage;I1#2
I9b-C090,"City of Memphis quarterly financial presentation to Council - 'Vendor Payments All Divisions (Over $100K)' tables (Q1 FY2026: July 1 - September 30, 2025)",https://memphistn.gov/wp-content/uploads/2025/11/Q1-FINANCIAL-PRESENTAION_11.17.25-for-Council.pdf,"City of Memphis, TN (Finance Division)",procurement,T00;T01;T07,US-TN:Memphis,"1 quarterly report read (live-read F116: 'Q1 VENDOR PAYMENTS ALL DIVISIONS (OVER $100K)'; 'GENERAL FUND - VENDOR PAYMENTS > $100k (1 OF 7)'; line items include 'FLOCK-FALCON INFRASTRUCTURE-FREE COVERAGE DATES 09-JUN-2025 - 08-JUN-2026', 'CAMERA SYSTEM', 'CAD MAINTENANCE AND SUPPORT')",pdf,quarterly (Council financial presentations),"17,483,975 bytes PDF",NONE-FOUND(checked: document only),NONE-FOUND,guess:LicenseRef-TN-public-record,bytes=undetermined; facts=likely-open; derived=undetermined,private-person-name,origin,new,dossier_documents:pdf_text (table extraction by vendor term),2026-09-30T20:45:04Z,I9b-Q095;I9b-F116,live-read,Fills the Memphis C09-GL1 item with a recurring payment channel; first origin-level Flock evidence for Memphis found by this row (hand-off I3 for T01). Vendor payee lists can include natural persons -> filter by entity. Memphis is a GL1 thin city with no SkyCop evidence in I5. operators=police;city,I5-T00-C09-GL1,publisher,,Flock Safety,alpr-fixed,independent_account,flag,200 GET 2026-09-30T20:45:04Z,I1#9;I1:city=Memphis;I1#1;I1#6
I9b-C091,"150 more cameras planned for traffic and safety monitoring, per Memphis City Council update (SkyCop, city traffic cameras, 'Connect 2 Memphis') - WSMV / Action News 5, 2025-10-22",https://www.wsmv.com/2025/10/22/150-more-cameras-planned-traffic-safety-monitoring-per-memphis-city-council-update,WSMV4 / Action News 5 (Gray Media; journalism),journalism,T07;T06;T08,US-TN:Memphis,"1 council update (live-read F117: headline '150 more cameras planned for traffic and safety monitoring, per Memphis City Council update'; photo credit 'Memphis Police Department SkyCop camera'; published Oct. 22, 2025); the search summary adds 238 traffic cameras placed in 2024 and MPD's 'Connect 2 Memphis' programme connecting public cameras",html,static (2025),1 article,NONE-FOUND(checked: article page only),NONE-FOUND,guess:LicenseRef-journalism-copyright,bytes=likely-restricted; facts=likely-open; derived=undetermined,none-observed,derived-from:Memphis City Council committee presentation Oct 2025 (origin not fetched),new,dossier_documents:html_text (facts only),2026-09-30T20:45:04Z,I9b-Q098;I9b-F117,live-read,Hand-off to I3 (T06/T07 public-private camera integration). Counts beyond the headline are from the search summary (unverified). operators=police;city,I5-T00-C14-GL1,target,,,camera-fixed-cctv;private-camera-integration,derived_summary,pass,200 GET 2026-09-30T20:45:04Z,I1#9;I1:city=Memphis;I1#2
I9b-C092,"Tulsa police won't share the locations of more than 200 surveillance cameras - The Frontier, 2025-01-06",https://www.readfrontier.org/stories/tulsa-police-wont-share-the-locations-of-more-than-200-surveillance-cameras/,"The Frontier (nonprofit investigative journalism, Tulsa)",journalism,T01;T07,US-OK:Tulsa,"1 investigation (live-read F118: 'Tulsa police won't share the locations of more than 200 surveillance cameras'; 'The city pays a private company more than $696,000 a year for the cameras, which read license plates'; datePublished 2025-01-06)",html,static (2025),1 article,NONE-FOUND(checked: article page only),NONE-FOUND,guess:LicenseRef-journalism-copyright,bytes=likely-restricted; facts=likely-open; derived=undetermined,none-observed,derived-from:TPD records and city payments (origin not fetched),new,dossier_documents:html_text (facts only),2026-09-30T20:45:06Z,I9b-Q099;I9b-F118,live-read,"Hand-off I3 (Flock at origin, per the search summary the cameras are Flock). A documented location-withholding decision is itself a coverage fact for Tulsa (GL1; registry has dossier_tulsa/SRC-002 lineage). KOSU republished it (mirror). operators=police",I5-T00-C04-GL1,target,,Flock Safety,alpr-fixed;camera-fixed-cctv,independent_account,pass,200 GET 2026-09-30T20:45:06Z,I1#9;I1:city=Tulsa;I1#1
I9b-C093,"Governor of Guam press release: 'Bill for GPD Security Cameras now Law' (Bill 132-35, the Governor's alternative to Bill 20-35)",https://governor.guam.gov/press_release/bill-for-gpd-security-cameras-now-law/,Office of the Governor of Guam,legislation,T07,US-GU,"1 enacted measure (live-read F119: signed 'Bill 132-35 into law'; the Governor 'sent an alternative bill to the Legislature which was adopted and introduced by Senator Taitague as Bill 132-35' after vetoing 'a similar measure, Bill 20-35, because the bill did not identify a proper funding source'; quote on 'security cameras in public areas')",html,static (2019),1 press release,NONE-FOUND(checked: press release page),NONE-FOUND,guess:LicenseRef-GU-public-record,bytes=undetermined; facts=likely-open; derived=undetermined,none-observed,origin,new,legislation / dossier_documents:html_text,2026-09-30T20:46:22Z,I9b-Q101;I9b-F119,live-read,"First executive-origin surveillance deployment authority for Guam in SIG's candidate set (I5: GU near-dark). Search summaries (unverified) give Public Law 35-22, $200,000 and 21 priority sites. operators=police;territorial",I5-T00-C11-GT,target,,,camera-fixed-cctv,independent_account,pass,200 GET 2026-09-30T20:46:22Z,I1#14;I1:territory=GU
I9b-C094,Legislature of the U.S. Virgin Islands press release: 'Committee advances bill to provide automatic license plate reader data system' (Bill No. 34-0142),https://legvi.org/committee-advances-bill-to-provide-automatic-license-plate-reader-data-system,Legislature of the Virgin Islands (34th Legislature),legislation,T01;T07,US-VI,1 bill advanced in committee (live-read F122: 'Lawmakers voted in the affirmative for Bill No. 34-0142. The measure seeks to permit the Virgin Islands Police Department (VIPD) in collaboration with the Virgin Islands Bureau of Information Technology to develop and maintain an automatic license [plate reader system]'; testimony on real-time video from cameras near schools and businesses),html,"static (34th Legislature, 2021-22)",1 press release,NONE-FOUND(checked: press page),NONE-FOUND,guess:LicenseRef-VI-public-record,bytes=undetermined; facts=likely-open; derived=undetermined,none-observed,origin,new,legislation (legvi.org press + bill tracking),2026-09-30T20:46:29Z,I9b-Q105;I9b-F122,live-read,"Hand-off I3 (ALPR). Territory-wide ALPR system proposal: a committee vote is not enactment (S5 guard). Adds a VI legislative channel beside I5-C235 (ShotSpotter journalism) and I5-C236 (DPP contract page, 403). operators=police;territorial",I5-T00-C11-GT,target,,,alpr-fixed;camera-fixed-cctv,independent_account,pass,200 GET 2026-09-30T20:46:29Z,I1#14;I1:territory=VI
I9b-C095,"Tohono O'odham Legislative Branch - Notice of public hearing: Border Patrol Linear Ground Detection System and Automated Surveillance Tower proposals (Domestic Affairs Committee, 2025-11-19)",https://tolc-nsn.org/docs/UPDATED_PublicHrgsNotice_LGDS&AutomatedSurveillanceTower_Proposals_111925.pdf,"Tohono O'odham Nation, Legislative Branch (Domestic Affairs Committee)",legislation,T28,US-TRIBAL:Tohono O'odham Nation of Arizona;US-AZ,"1 tribal legislative notice (live-read F123: 'Border Patrol Presentation on Additional Technology Proposals'; 'The United States Border Patrol Tucson Sector is proposing to deploy a Linear Ground Detection System (""LGDS"") and Automated S[urveillance Towers]'; hearing November 26, 2025 at the Hikiwan Recreation Center)",pdf,irregular (Legislative Council notices and actions),"113,819 bytes PDF",NONE-FOUND(checked: document only),NONE-FOUND,guess:LicenseRef-tribal-government-record,bytes=undetermined; facts=undetermined; derived=undetermined,tribal-sovereignty,origin,new,dossier_documents:pdf_text (tolc-nsn.org docs path; Council actions also on tolc-nsn.gov),2026-09-30T20:46:36Z,I9b-Q106;I9b-F123,live-read,Resolves the I5a-2 item 'Tohono O'odham not reached': the Nation's own legislature publishes notices and actions on federal border-surveillance proposals on its land (CBP IFT towers per journalism). Tribal data sovereignty: publication needs a tribal-data-governance decision (I5 practice); notice names the committee chairperson (institutional). operators=federal;tribal,I5-T00-C14-GT,publisher,,,persistent-aerial-surveillance,independent_account,flag,200 GET 2026-09-30T20:46:36Z,I1#14;I1:tribal
I9b-C096,"Guam Office of Public Accountability - procurement appeals archive (e.g. OPA-PA-14-007, Guam Visitors Bureau CCTV surveillance award protest)",https://gwosa2.opaguam.org/sites/default/files/opa-pa-14-007_decision.pdf,"Office of Public Accountability, Guam",procurement,T00;T07,US-GU,LEAD-ONLY; search summary: a 2014 protest by Pacific Data Systems of the GVB CCTV surveillance award to G4S Security Systems; archive index 'Filed Procurement Appeals - Cases' (page 11 surfaced); decision PDF returned 400 (F121),other,irregular,unknown,NONE-FOUND(checked: none; 400),NONE-FOUND,guess:LicenseRef-GU-public-record,bytes=undetermined; facts=undetermined; derived=undetermined,none-observed,origin,new,procurement (appeals archive html/pdf),2026-09-30T20:46:29Z,I9b-Q102;I9b-F121,lead-only(400),LEAD-ONLY. A territory-wide procurement-dispute archive is one of the few GU procurement surfaces found; protests expose awarded vendors and scopes. operators=territorial,I5-T00-C09-GT,channel,,G4S,camera-fixed-cctv,independent_account,pass,400 GET 2026-09-30T20:46:29Z; host stop-listed,I1#14;I1:territory=GU
I9b-C097,NH GRANIT - New Hampshire statewide GIS clearinghouse (nhgeodata.unh.edu; NH Office of Strategic Initiatives with UNH Earth Systems Research Center),https://nhgeodata.unh.edu/hosting/rest/services,"State of New Hampshire, Office of Strategic Initiatives / University of New Hampshire ESRC (NH GRANIT)",gov-open-data,T00,US-NH,"channel identity (live-read Q108: Hub items on nhgeodata.unh.edu from 'NH Office of Strategic Initiatives' (House district boundaries) and 'Earth Systems Research Center, University of New Hampshire' (orthophotography)); 0 camera/surveillance layers among 13 matches",arcgis,irregular,unknown (server not enumerated),NONE-FOUND(checked: hub search JSON),NONE-FOUND,guess:LicenseRef-per-item-licenseInfo,bytes=undetermined; facts=likely-open; derived=undetermined,none-observed,origin,new,dot_511:arcgis_query (server enumeration),2026-09-30T20:47:45Z,I9b-Q108,live-read,"Resolves the I5a-2 'NH portal' item as channel identity only: NH (tier A, w 0.82) has a state GIS server but no surveillance layer surfaced (weak negative, single-term search). NH DOT cameras remain keyed via newengland511 (I5). operators=state",I5-T00-C03-GD,publisher,,,,independent_account,pass,200 GET 2026-09-30T20:47:45Z,I1#5;I1:state=NH
I9b-C098,"Portland Police Seek Approval to Deploy Drone for Public Safety Operations (Portland, Maine) - DroneXL, 2025-09-11",https://dronexl.co/2025/09/10/portland-police-seek-approval-deploy-drone/,DroneXL (trade journalism),journalism,T14,US-ME:Portland,"1 approval request + statewide context (live-read F124: 'Under city policy, the drone cannot be equipped with facial recognition technology'; 'Portland would join at least 22 law enforcement agencies across Maine already operating drones, according to 2024 data from the Maine Criminal Justice Academy'; datePublished 2025-09-11)",html,static (2025),1 article,NONE-FOUND(checked: article page only),NONE-FOUND,guess:LicenseRef-journalism-copyright,bytes=likely-restricted; facts=likely-open; derived=undetermined,none-observed,derived-from:Portland City Council committee materials Sept 2025 (origin not fetched),new,dossier_documents:html_text (facts only),2026-09-30T20:49:16Z,I9b-Q111;I9b-F124,live-read,"Fills the GL4 C05 item Portland ME (tier A, w 0.67): draft drone use policy + the city FR ban constraint. Also points to a statewide drone count held by the Maine Criminal Justice Academy (2024) - a state data lead complementing the DPS 4501 report (I9b-C053). Names the PD legal adviser (institutional). operators=police",I5-T00-C05-GL4,target,,,uas-general,derived_summary,pass,200 GET 2026-09-30T20:49:16Z,I1#5;I1:state=ME;I1#8
I9b-C099,"When could license plate readers come to Burlington? - ABC22 & FOX44 (Burlington, VT)",https://digital-release.mychamplainvalley.com/news/local-news/when-could-license-plate-readers-come-to-burlington/amp/,ABC22 & FOX44 (Nexstar; journalism),journalism,T01,US-VT:Burlington,1 policy priority (live-read F125: 'Burlington Mayor Emma Mulvaney-Stanak this week named installing cameras with license plate reader technology as one of the top three priorities for City Council next year'; 'whether it would even be legal'),html,static,1 article,NONE-FOUND(checked: article page only),NONE-FOUND,guess:LicenseRef-journalism-copyright,bytes=likely-restricted; facts=likely-open; derived=undetermined,none-observed,derived-from:Burlington City Council priorities (origin: registered CivicClerk tenant burlingtonvt; not fetched),related:agenda_tenants:burlington_vt,dossier_documents:html_text (facts only),2026-09-30T20:49:16Z,I9b-Q112;I9b-F125,live-read,Hand-off I3 (ALPR). VT is the top-weight tier-A state (0.85) with no Flock portal per I5. The search summary claims Burlington 'has already deployed' Flock cameras; the fetched text only shows a Flock photo from Syracuse NY -> NOT verified here. Article date shown only relatively ('10 months ago'; not inferred). Vermont's ALPR statute limits (legality question) -> I3 C04/C11. operators=police;city,I5-T00-C05-GL4,target,,,alpr-fixed,derived_summary,pass,200 GET 2026-09-30T20:49:16Z,I1#5;I1:state=VT;I1#1
I9b-C100,"CanadaBuys tender and award notices (federal procurement portal) - e.g. M5000-262538 Automated License Plate Recognition Systems (ALPR), RCMP 'D' Division, solicitation WS5478096948",https://canadabuys.canada.ca/en/tender-opportunities/tender-notice/ws5478096948-doc5521581403,Public Services and Procurement Canada (CanadaBuys); buyer RCMP,procurement,T00;T01,ISO:CA,"1 notice read (live-read F126: 'M5000-262538 - Automated License Plate Recognition Systems (ALPR)'; 'Solicitation number WS5478096948'; 'Publication date 2026/01/19'; 'Closing date and time 2026/02/03'; status Expired; option to buy more within 24 months of award); search also surfaced a CBSA FRT algorithm test, an ALPR award notice CW2230880 and Alberta BWC notices",html,daily (tender portal),unknown (national portal; notices incl. provincial/municipal buyers),NONE-FOUND(checked: notice page),NONE-FOUND,guess:OGL-Canada-2.0,bytes=likely-open; facts=likely-open; derived=likely-open,none-observed,origin,new,"new:canadabuys (open data CSV exports exist per portal practice; inference, not checked)",2026-09-30T20:49:21Z,I9b-Q113;I9b-F126,live-read,"The GI1 procurement channel I5 lacked for Canada beyond the federal contracts search (I5-C334): tender + award notices, including provincial and municipal buyers (Alberta, Parkland County). The search summary names Genetec AutoVu as the RCMP product (vendor not in the text read). PIPEDA/provincial regimes: jurisdiction-conditional publication. operators=federal-police;provincial;municipal",I5-T00-C08-GI1,channel,,Genetec,alpr-mobile;alpr-fixed,independent_account,pass,200 GET 2026-09-30T20:49:21Z,I1#11
I9b-C101,"PSPC collaborative procurement - 'Service request order: Body-worn camera and digital evidence management system' (Axon; available to provinces, territories, municipalities and other eligible organizations)",https://www.canada.ca/en/public-services-procurement/services/acquisitions/collaborative-procurement-opportunities-governments-other-eligible-organizations/list-commodities/body-worn-camera-digital-evidence-management-system.html,Public Services and Procurement Canada,procurement,T23,ISO:CA,"1 national collaborative vehicle (live-read F127: BWC and DEMS 'software-as-a-service (SaaS) as a fully manage[d service]'; options 'combined BWC and DEMS', 'DEMS-only', 'cellular enablement', 'live streaming'; 'Each authorized user will have its own separate and distinct instance of Axon evidence')",html,irregular,1 page,NONE-FOUND(checked: page),NONE-FOUND,guess:OGL-Canada-2.0,bytes=likely-open; facts=likely-open; derived=likely-open,none-observed,origin,new,new:coop_contract_docs (national collaborative procurement; back-chain key),2026-09-30T20:49:22Z,I9b-Q113;I9b-F127,live-read,Canada's analogue of a US cooperative master for Axon BWC (I6 owns cooperatives; GI1 cell here). Availability to municipalities is not a purchase (S5 guard); authorised-user orders must be found separately. Live-streaming option noted (capability predicate). operators=federal;provincial;municipal-police,I5-T00-C08-GI1,publisher,,Axon,bwc-recorded;bwc-livestream,independent_account,pass,200 GET 2026-09-30T20:49:22Z,I1#11;I1#2
I9b-C102,"Home Office - 'Live facial recognition in Immigration Enforcement' transparency data (monthly deployment results; e.g. 'Live facial recognition deployment in November 2025', Holyhead, CSV)",https://www.gov.uk/government/publications/live-facial-recognition-deployment-in-november-2025,"UK Home Office (Immigration Enforcement), published on GOV.UK",statutory-report,T11;T28,ISO:GB,"1 monthly release read (live-read F131: 'This document lists the results of recent live facial recognition (LFR) deployment completed by Immigration Enforcement in Holyhead from 10 November 2025 to 29 November 2025'; 'Published 9 January 2026'; attachment 'CSV, 1.57 KB'; part of the collection 'Live facial recognition in Immigration Enforcement')",bulk-file,monthly (per deployment month; collection),1.57 KB CSV per month (not downloaded),NONE-FOUND(checked: publication page; GOV.UK content is generally OGL v3.0 - inference),NONE-FOUND,guess:OGL-3.0,bytes=likely-open; facts=likely-open; derived=likely-open,none-observed,origin,new,new:govuk_transparency_csv (GOV.UK content API is keyless),2026-09-30T20:49:32Z,I9b-Q116;I9b-F131,live-read,"A national, structured, recurring LFR deployment series (location, dates, results) - the aggregate lane I5 said UK ANPR/LFR lacks except via Parliament answers (I5-C345). CSV not opened; expected per-deployment aggregates (faces scanned, alerts, arrests) - confirm no person-level rows before ingest. UK-GDPR/DPA 2018 Part 3. operators=federal-immigration",I5-T00-C04-GI1,publisher,,,face-live,independent_account,pass,200 GET 2026-09-30T20:49:32Z,I1#11;I1#8
I9b-C103,CNIL - 'Utilisation de BriefCam et d'autres logiciels d'analyse video par l'Etat et des communes : la CNIL prononce plusieurs mises en demeure' (2024-12-05),https://cnil.fr/fr/utilisation-briefcam-logiciels-analyse-video-par-etat-communes-la-cnil-prononce-plusieurs-mises-en-demeure,"Commission nationale de l'informatique et des libertes (CNIL, France)",statutory-report,T10;T11,ISO:FR,"1 regulator decision notice (live-read F132: dated '05 decembre 2024'; 'La CNIL a realise des controles aupres du ministere de l'Interieur et de plusieurs communes afin de verifier les conditions dans lesquelles des logiciels d'analyse automatique des images, tels que [BriefCam] ...'; controls began December 2023 after a Disclose investigation)",html,irregular (CNIL news/decisions),1 page,NONE-FOUND(checked: page; CNIL publications generally under Licence Ouverte - inference),NONE-FOUND,guess:LicenseRef-Etalab-2.0,bytes=likely-open; facts=likely-open; derived=likely-open,none-observed,origin,new,accountability; france_belgium_records family (I2 connector hint),2026-09-30T20:49:32Z,I9b-Q118;I9b-F132,live-read,EU DPA enforcement naming state and municipal video-analytics use (BriefCam; FR option) - a GI2 regulator channel. Communes are named in the decision (institutional). GDPR/LED. operators=national-police;municipal,I5-T00-C04-GI2,target,,BriefCam,video-analytics-unspecified;face-retrospective,independent_account,pass,200 GET 2026-09-30T20:49:32Z,I1#11
I9b-C104,"Lawrence school board approves renewal of Gaggle software ($53,411.25 annual subscription, 6-1 vote) - Lawrence Journal-World, 2024-07-08",https://www2.ljworld.com/news/schools/2024/jul/08/lawrence-school-board-approves-renewal-of-gaggle-software/,Lawrence Journal-World (journalism),journalism,T25,US-KS:Lawrence,"1 board renewal (live-read F133: 'The school board approved the renewal of the annual subscription - costing $53,411.25 - to Gaggle with a vote of 6-1')",html,static (2024),1 article,NONE-FOUND(checked: article page only),NONE-FOUND,guess:LicenseRef-journalism-copyright,bytes=likely-restricted; facts=likely-open; derived=undetermined,none-observed,derived-from:USD 497 Board of Education meeting 2024-07-08 (origin not fetched),new,dossier_documents:html_text (facts only),2026-09-30T20:52:03Z,I9b-Q119;I9b-F133,live-read,"Names board members (elected, institutional). A contested renewal (6-1) is itself a governance fact. operators=school-district",I4-T25-C09-G0,target,,Gaggle,school-surveillance-suite,derived_summary,pass,200 GET 2026-09-30T20:52:03Z,I1#7
I9b-C105,"Washoe County Board of County Commissioners 2026-06-16 item 6.H.5: accept FY2025 Justice Assistance Grant (not to exceed $103,127.50, via Reno Police Department) for Cellebrite software licences for the ICAC team",https://washoe-nv.granicusideas.com/meetings/2121-board-of-county-commissioners-on-2026-06-16-10-00-am/agenda_items/6a2aca3444253827f1004e76-6-dot-h-5-recommendation-to-accept-a-fiscal-year-2025,"Washoe County, NV (Board of County Commissioners; Granicus public-comment agenda)",agenda,T19,US-NV:Washoe County,"1 grant acceptance (live-read F134: 'Recommendation to accept a fiscal year 2025 Justice Assistance Grant (JAG) Program grant award [amount not to exceed $103,127.50, no County match required] as administered from the Reno Police Department ... for the purchase of Cellebrite software licenses for the Internet Crimes Against [Children]')",html,irregular (per meeting),1 item page,NONE-FOUND(checked: item page),NONE-FOUND,guess:LicenseRef-NV-public-record,bytes=undetermined; facts=likely-open; derived=undetermined,none-observed,origin,related:agenda_tenants:washoe_county_nv,procurement:legistar (registered tenant washoe-nv) + granicusideas item pages,2026-09-30T20:52:04Z,I9b-Q120;I9b-F134,live-read,"Byrne JAG pass-through (federal -> city -> county) funding forensics: the same pattern as HIDTA (I9b-C025) and state DOJ grants (I9b-C015) -> I6 grants lane. granicusideas.com hosts per-item public-comment pages for Granicus agendas (Oakland, Toledo, Washoe seen) - a scrape-friendly item-level surface (inference). operators=sheriff;police",I4-T19-C09-G0,target,,Cellebrite,mobile-forensics-unspecified,independent_account,pass,200 GET 2026-09-30T20:52:04Z,I1#7
I9b-C106,"Only 24% of New Bedford ShotSpotter alerts confirmed as gunshots - The New Bedford Light, 2026-07-08",https://newbedfordlight.org/only-24-of-new-bedford-shotspotter-alerts-confirmed-as-gunshots/,The New Bedford Light (nonprofit journalism),journalism,T13,US-MA:New Bedford,"1 records-based analysis (live-read F135: headline 'Only 24% of New Bedford ShotSpotter alerts confirmed as gunshots'; 'ShotSpotter totals don't mirror the frequency of documented shots-fired incidents'; datePublished 2026-07-08); per the search summary, records span Jan 2021-May 2026 with 224 alerts in 2021 and 99 in 2025",html,static (2026),1 article,NONE-FOUND(checked: article page only),NONE-FOUND,guess:LicenseRef-journalism-copyright,bytes=likely-restricted; facts=likely-open; derived=undetermined,none-observed,derived-from:New Bedford PD records released to the publisher (origin not fetched),new,dossier_documents:html_text (aggregate facts only),2026-09-30T20:52:05Z,I9b-Q121;I9b-F135,live-read,"Aggregate alert counts per year = the GSD aggregate lane; underlying alert rows would be incident-level (flag, aggregate only). Names a PD spokesperson (institutional). operators=police",I4-T13-C04-G0,target,,SoundThinking,gunshot-detection-fixed,independent_account,pass,200 GET 2026-09-30T20:52:05Z,I1#8
I9b-C107,"'ShotSpotter' not curbing violence and only delaying HPD response times, Houston Chronicle reports - ABC13/KTRK, 2023-07-11",https://abc13.com/amp/post/what-is-shotspotter-houston-chronicle-police-data-hpd-response-times-report-by-yilun-cheng/13490331/,ABC13 KTRK (journalism; relaying a Houston Chronicle data analysis),journalism,T13,US-TX:Houston,"1 analysis relay (live-read F136: headline ''ShotSpotter' not curbing violence and only delaying HPD response times, Houston Chronicle reports'; dated Tuesday, July 11, 2023)",html,static (2023),1 article,NONE-FOUND(checked: article page only),NONE-FOUND,guess:LicenseRef-journalism-copyright,bytes=likely-restricted; facts=likely-open; derived=undetermined,none-observed,derived-from:Houston Chronicle analysis of HPD data (origin not fetched),new,dossier_documents:html_text (facts only),2026-09-30T20:52:07Z,I9b-Q121;I9b-F136,live-read,Houston is a GL1 thin city (I5: 'none' surveillance evidence); with I9b-C008 (Dataminr) this row found two Houston surveillance programmes. operators=police,I4-T13-C04-G0,target,,SoundThinking,gunshot-detection-fixed,derived_summary,pass,200 GET 2026-09-30T20:52:07Z,I1#8;I1:city=Houston
I9b-C108,Bangor Police Department General Order 2-59 'Unmanned Aerial Systems' (effective 2025-10-05),https://www.bangormaine.gov/DocumentCenter/View/4872/BPD---Policy--for-Unmanned-Aerial-Systems-PDF,"City of Bangor, ME (Police Department)",other,T14,US-ME:Bangor,"1 policy (live-read F137: 'BANGOR POLICE DEPARTMENT POLICY General Order UNMANNED AERIAL SYSTEMS This policy is effective October 5, 2025 and amends or supersedes all previous policies')",pdf,irregular (revisions),"241,894 bytes PDF",NONE-FOUND(checked: document only),NONE-FOUND,guess:LicenseRef-ME-public-record,bytes=undetermined; facts=likely-open; derived=undetermined,none-observed,origin,new,dossier_documents:pdf_text (CivicPlus DocumentCenter),2026-09-30T20:52:07Z,I9b-Q124;I9b-F137,live-read,out-of-cell->I5-T00-C05-GL4 (tier-A locality policy: ME w 0.67). A published UAS policy implies a programme (Maine's 4501 requires governing-body approval to acquire a drone). operators=police,I4-T14-C05-G0,target,,,uas-general,independent_account,pass,200 GET 2026-09-30T20:52:07Z,I1#8;I1:state=ME
I9b-C109,Little Rock Police Department General Order G.O. 332 'Small Unmanned Aircraft Systems' (2025-09-17; PowerDMS public portal),https://public.powerdms.com/LITTLEROCKPD/documents/2098788,"City of Little Rock, AR (Police Department; via PowerDMS public portal)",other,T14,US-AR:Little Rock,1 general order (live-read F138: 'LITTLE ROCK POLICE DEPARTMENT GENERAL ORDER G. O. 332 SMALL UNMANNED AIRCRAFT SYSTEMS DATE: ... 09/17/2025 ... REPLACES: 06/17/2025'),pdf,irregular (revisions; two versions in 2025),"172,675 bytes PDF",NONE-FOUND(checked: document only),NONE-FOUND,guess:LicenseRef-AR-public-record,bytes=undetermined; facts=likely-open; derived=undetermined,none-observed,origin,related:powerdms_public_portals,dossier_documents:pdf_text; PowerDMS public portal,2026-09-30T20:52:08Z,I9b-Q124;I9b-F138,live-read,"out-of-cell->I5-T00-C05-GL4 (AR tier A, w 0.56). The LRPD PowerDMS portal is a reachable policy channel for Little Rock, whose own site served a bot-verification page to this row (F001). operators=police",I4-T14-C05-G0,target,,,uas-general,independent_account,pass,200 GET 2026-09-30T20:52:08Z,I1#8;I1:state=AR
I9b-C110,"Staatscourant - 'Cameraplan ANPR Politie' under article 126jj Wetboek van Strafvordering (Q3-2026 edition, Staatscourant 2026 nr. 23725, 2026-07-01)",https://zoek.officielebekendmakingen.nl/stcrt-2026-23725.pdf,"Nationale Politie (Netherlands), published in the Staatscourant (officielebekendmakingen.nl)",statutory-report,T01;T03,ISO:NL,"national ANPR camera plan (live-read F141: 'Cameraplan ANPR Politie Q3-2026 126jj Wetboek van Strafvordering'; 'Dit cameraplan bevat een overzicht van de ANPR-camera's ... waarvan gebruik wordt gemaakt of zal worden gemaakt'; columns 'Locatienaam Plaats Gemeente Latitude Longitude 1 2 3 4 Publ.'); 1,202 latitude/longitude pairs in the extracted text (method: regex count of coordinate pairs; may include duplicate directions)",pdf,"quarterly (edition 'Q3-2026'; the rule requires a yearly plan, published in parts - inference)","3,321,025 bytes PDF; ~1,202 coordinate rows",NONE-FOUND(checked: document only; Dutch official publications are generally free of copyright under Auteurswet art. 11 - inference),NONE-FOUND,guess:LicenseRef-NL-Auteurswet-art11-public-domain,bytes=likely-open; facts=likely-open; derived=likely-open,none-observed,origin,new,new:staatscourant_pdf_table (officielebekendmakingen has an SRU search API; not queried) -> camera registry points,2026-09-30T20:53:55Z,I9b-Q128;I9b-F141,live-read,"Hand-off I3 (ALPR, GI2). A statutory, geocoded, national police ANPR location register with per-camera purpose codes - the ANPR-location channel that UK and NZ withhold (I5 §8). Infrastructure points on roads/borders (Part VIII pass; no plate data). GDPR/LED: publication is by the controller itself. Registry check: politie.nl hosts I5-C346 (Camera in Beeld) only. operators=national-police",I5-T00-C04-GI2,publisher,,,alpr-fixed,independent_account,pass,200 GET 2026-09-30T20:53:55Z,I1#11;I1#1
I9b-C111,"CBP national media release: 'CBP Completes Simplified Arrival Expansion at All US Airports' (biometric facial comparison at entry, 2022-06-02)",https://cbp.gov/newsroom/national-media-release/cbp-completes-simplified-arrival-expansion-all-us-airports,US Customs and Border Protection,other,T11;T28,US,"1 national deployment milestone (live-read F142: 'Release Date Thu, 06/02/2022'; 'completed the expansion of biometric facial comparison technology at all international airports across the United States'; 'complements biometric boarding, which is currently at select departure locations')",html,"irregular (newsroom; per-port local releases continue, e.g. 2025)",1 release,NONE-FOUND(checked: release page),NONE-FOUND,guess:LicenseRef-US-federal-work-17USC105,bytes=likely-open; facts=likely-open; derived=likely-open,none-observed,origin,new,new:cbp_newsroom (national + local releases as a deployment-event feed),2026-09-30T20:53:59Z,I9b-Q132;I9b-F142,live-read,"Federal FR deployment at ports of entry (the T28/T11 operator layer): the newsroom's local releases name individual airports, seaports and land crossings as they go live -> a location-keyed event series (inference from the search results). Aggregate counts (172 entry / 32 exit airports) are search-summary only. operators=federal",I4-T11-C16-G0,publisher,,,face-verification-1to1,independent_account,pass,200 GET 2026-09-30T20:53:59Z,I1#8;I1#13
