cand_id,name,url,publisher,publisher_type,technology_classes,geographies,coverage_estimate,format_access,update_cadence,volume_estimate,terms_url,terms_verbatim_excerpt,licence_guess,rights_lane,part_viii_flags,lineage,registry_match,connector_reuse,retrieved_at,found_by_query_id,evidence_class,notes,cell_id,candidate_level,family_id,vendors,ontology_concepts,lineage_class,part_viii_verdict,access_check,gap_ref,value_note
I4-C001,Part 107 Waivers Issued,https://www.faa.gov/uas/commercial_operators/part_107_waivers/waivers_issued,U.S. Federal Aviation Administration,gov-open-data,T14,US,"~2,199 unexpired Part 107 waivers (computed: pages 0-86 x 25 rows + 24 on page 87; live-read F001/F002); all operator types, public-safety not flagged",html,irregular (basis: newest rows dated 2026-09..2026-11 at retrieval; no stated cadence),88 HTML pages x 25 rows (live-read F002 last page=87) + one CoW PDF per waiver,NONE-FOUND(checked: https://www.faa.gov/uas/commercial_operators/part_107_waivers/waivers_issued; faa.gov host stopped at F004),NONE-FOUND,guess:LicenseRef-US-Federal-Work-17USC105,bytes=likely-open; facts=likely-open; derived=undetermined,operator-identifier(Responsible Person column; CoW PDF filenames embed responsible-person names);private-person-name,origin,same-as:SRC-025,new:html-table-scrape(org/date/regulation columns only),2026-09-30T18:05:30Z,I4-Q001;I4-F001;I4-F002,live-read,"NEW FACTS for SRC-025: no CSV/XLSX/API - only a paginated Drupal table with a keyword box; columns Date of Issuance|Expiration Date|Company Name|Responsible Person|Waivered Regulation; table lists UNEXPIRED waivers only (earliest issuance on last page 2022-10-03, expiry 2026-10-31) so history requires snapshot diffing; some 'Date of Issuance' values post-date retrieval (2026-11-02 seen at 2026-09-30) -> likely effective dates; public-safety/DFR not identifiable except via Company Name = agency and regulation 107.31 (BVLOS)/107.33/107.39/107.145; DFR programmes mostly use Part 91 (see I4-C011) not Part 107; related:faa_drone_waivers; operators=police;sheriff;business",I4-T14-C16-G0,publisher,,,uas-general;drone-as-first-responder;uas-unspecified,independent_account,block,200 GET 2026-09-30T18:05:30Z (curl); later WebFetch 403 on faa.gov PDF -> host stopped,I1#8,Confirms SRC-025 has no bulk form and only an org/date/regulation lane is safe; screening must drop Responsible Person before capture.
I4-C002,EFF FOIA release: FAA Part 91 waivers to public safety agencies (spreadsheet + map),https://docs.google.com/spreadsheets/d/1FpoISaAdmQLtMKelPy1sdCOLvYVNxSXBVzASo-I-djI/edit?gid=0,Electronic Frontier Foundation (FOIA release of FAA records; hosted on Google Sheets),records-release,T14,US,"'over 1,000 public safety agencies' with Part 91 waivers as of February 2026 (EFF, live-read F003); dronexl: 'more than 1,000 public safety agencies between April 2025 and February 2026' (F005)",other,static (basis: one FOIA release published 2026-07-23 per F005),">1,000 agency rows (per F003/F005; sheet itself not opened - R6)",NONE-FOUND(checked: https://www.eff.org/deeplinks/2026/07/hundreds-drone-first-responder-programs-could-soon-be-launched-across-country),NONE-FOUND,guess:LicenseRef-FOIA-Release-US-Federal,bytes=undetermined; facts=likely-open; derived=undetermined,operator-identifier(suspected: FAA waiver records carry responsible-person/contact fields; schema not inspected),mirror-of:I4-C011,related:faa_drone_waivers,new:google-sheets-csv-export (after screening),2026-09-30T18:06:30Z,I4-Q002;I4-F003;I4-F005,live-read,"Verbatim F003: 'over 1,000 public safety agencies—including police, fire, and other emergency management agencies—had received Federal Aviation Administration (FAA) waivers'; 'Only 976 DFR waivers had been granted since the first DFR program launched in 2018 through April 2025'; 976 is 'according to an FAA representative' (F005: 'An FAA representative told EFF...'). LEAD VERIFIED AT EFF, NOT AT FAA: no FAA-published statement found (faa.gov stopped). Map companion (datawrapper 450Mp) merged here. Unverified lead Q006: '551 entries covering 535 separate waivers, held by 506 named agencies across 48 states' (source 404). Fields per F005: approval dates, expiration dates, agency. operators=police;sheriff;fire;ems",I4-T14-C16-G0,publisher,,,drone-as-first-responder;uas-general,republished_document,flag,EFF page 200 WebFetch 2026-09-30T18:06:30Z; sheet not fetched (R6 suspected personal fields),I1#8,"First national agency-level DFR authorization list (>1,000 agencies) - far beyond Atlas/Bard counts; closes the DFR half of I1#8."
I4-C003,"FAA List of Certificates of Authorizations (COAs) (EFF FOIA, 2012)",https://www.eff.org/node/70457,Electronic Frontier Foundation (FOIA release of FAA records),records-release,T14,US,"all FAA-issued approved, expired and disapproved COAs as of 2012 (per page description, live-read F006); count not stated",pdf,static (basis: single 2012-04-16 document),1 PDF (20120416_faa_drones_coa_0.pdf; size not fetched),NONE-FOUND(checked: https://www.eff.org/node/70457),NONE-FOUND,guess:LicenseRef-FOIA-Release-US-Federal,bytes=undetermined; facts=likely-open; derived=undetermined,none-observed(PDF not opened),mirror-of:FAA-COA-records(origin-unknown bytes),related:faa_drone_waivers,dossier_documents:pdf_text,2026-09-30T18:07:11Z,I4-Q003;I4-F006,live-read,"Historical baseline (public-aircraft COAs to universities, state/local police, federal). Page text: 'List of all FAA-issued approved, expired, and disapproved Certificates of Authorizations (COAs). These are issued to public entities like universities, state and local law enforcement agencies. and the federal government.' Part of EFF case /cases/faa-drone-authorizations; registry faa_drone_waivers notes cite an 'EFF FOIA release' - this may be it. operators=police;sheriff;campus;federal",I4-T14-C16-G0,publisher,,,uas-general;drone-as-first-responder;uas-unspecified,republished_document,pass,200 WebFetch 2026-09-30T18:07:11Z,I1#8,Only public enumeration of public-aircraft COA holders (2012 baseline) - the Part 91 lineage Atlas lacks.
I4-C004,"FAA list of government agencies with drone COAs (MuckRock FOIA, 2014)",https://www.muckrock.com/news/archives/2014/oct/06/faa-has-finally-released-its-list-government-agenc/,MuckRock (FOIA release of FAA records),records-release,T14,US,unknown (403; title only from search lead),other,static (basis: 2014 release),unknown,NONE-FOUND(checked: 403 at F008),NONE-FOUND,guess:LicenseRef-FOIA-Release-US-Federal,bytes=undetermined; facts=likely-open; derived=undetermined,none-observed(not read),mirror-of:FAA-COA-records(origin-unknown bytes),new,dossier_documents:pdf_text,2026-09-30T18:08:02Z,I4-Q006;I4-Q003;I4-F008,lead-only(access-blocked),LEAD-ONLY; access=403 muckrock.com (host stopped); MuckRock request page 'faa-list-of-coa-applicants-9201' also surfaced in Q003; MuckRock generic lane is I6 (out-of-cell->I6 for follow-up); 2014 historical baseline between I4-C003 (2012) and I4-C002 (2026),I4-T14-C16-G0,channel,,,uas-general;drone-as-first-responder;uas-unspecified,republished_document,pass,403 WebFetch 2026-09-30T18:08:02Z,I1#8,Fills the 2014 point of the public-COA time series; needs an I6/MuckRock-lane fetch.
I4-C005,Unmanned Aerial Vehicle (UAV) annual reports (Minn. Stat. 626.19),https://dps.mn.gov/divisions/bca/data-and-reports/uav-uav-annual-reports,"Minnesota Department of Public Safety, Bureau of Criminal Apprehension",statutory-report,T14,US-MN,"135 agencies reporting for 2025 (59 sheriffs, 66 police, 10 other) - statewide mandatory reporting (live-read F013)",pdf,annual (basis: statute requires DPS report by June 15; 2020-2025 series on page F012),7 PDFs (2020-2025 + 2020 addendum); 2025 report 24pp (F013),NONE-FOUND(checked: https://dps.mn.gov/divisions/bca/data-and-reports/uav-uav-annual-reports),NONE-FOUND,guess:LicenseRef-MN-Gov-Public-Record,bytes=undetermined; facts=likely-open; derived=undetermined,none-observed,origin,new,dossier_documents:pdf_text,2026-09-30T18:10:32Z,I4-Q008;I4-F012;I4-F013,live-read,"Verbatim F013: 'In 2025, Minnesota law enforcement agencies reported a total of 9,080 UAV uses in circumstances where a warrant was not required. That is up 38 percent from the 6,603 reported in 2024.'; 'spent a total of $1,312,332.76 on UAV agency programs'; by-agency use + per-agency reason-code tables; reason codes changed 2025-07-01 (Laws 2025 ch 35). Legislative Reference Library mirrors at lrl.mn.gov/docs/*/mandated/ (mirror-of this). Atlas cites 194 dead links to the old /divisions/bca/Documents/ path (F017 404; finding). operators=police;sheriff;state-police",I4-T14-C04-GS,publisher,,,uas-general;drone-as-first-responder;uas-unspecified,independent_account,pass,200 GET 2026-09-30T18:10:32Z (assets.dps.mn.gov),I1#8;I1:state=MN,"Statutory census of every MN agency using drones with use counts and costs - origin behind 194 Atlas rows, now at a new path."
I4-C006,Illinois Freedom From Drone Surveillance Act annual report (725 ILCS 167),https://icjia.illinois.gov/about/publications/sfy-25-drone-surveillance-report,Illinois Criminal Justice Information Authority,statutory-report,T14,US-IL,"546 agencies completed the form; 122 agencies reported owning 321 drones (SFY22, live-read F016)",pdf,annual (basis: statute 'annually publish'; SFY14-SFY25 series),1 PDF per SFY (SFY22 report sampled; SFY25 page is an SPA over agency.icjia-api.cloud),NONE-FOUND(checked: https://icjia.illinois.gov/about/publications/sfy-25-drone-surveillance-report),NONE-FOUND,guess:LicenseRef-IL-Gov-Public-Record,bytes=undetermined; facts=likely-open; derived=undetermined,none-observed,origin,new,dossier_documents:pdf_text,2026-09-30T18:11:43Z,I4-Q008;I4-F014;I4-F015;I4-F016,live-read,"Verbatim F016: 'the Illinois Criminal Justice Information Authority (ICJIA) is mandated to annually publish a concise report listing every law enforcement agency that owns a drone and the number of drones owned'; table lists agencies including ZERO-drone respondents (negative evidence usable). Older reports at icjia.state.il.us/assets/pdf/drone/Drone_Report_2017-2019.pdf (Atlas, not fetched). SFY25 file URL needs the ICJIA API (not probed). operators=police;sheriff;campus",I4-T14-C04-GS,publisher,,,uas-general;drone-as-first-responder;uas-unspecified,independent_account,pass,200 GET 2026-09-30T18:11:43Z (agency.icjia-api.cloud),I1#8;I1:state=IL,"Agency-by-agency drone ownership census incl. zero-drone agencies - gives SIG negatives, which no other drone source has."
I4-C007,"Texas law-enforcement unmanned aircraft reports (Gov't Code ch. 423; SB 2569, 89R)",https://capitol.texas.gov/tlodocs/89R/analysis/pdf/SB02569I.pdf,Texas Legislature (duty on law enforcement agencies),legislation,T14,US-TX,unknown (host unreachable),other,annual (basis: search-lead statute text; unverified),unknown,NONE-FOUND(checked: capitol.texas.gov and statutes.capitol.texas.gov unreachable),NONE-FOUND,guess:LicenseRef-TX-Gov-Public-Record,bytes=undetermined; facts=likely-open; derived=undetermined,none-observed(not read),origin,new,dossier_documents:pdf_text,2026-09-30T18:12:18Z,I4-Q008;I4-F018;I4-F019;I4-F020,lead-only(access-blocked),LEAD-ONLY; access=socket closed / SSL_ERROR_SYSCALL on both Texas hosts; search leads (unverified): agencies in populous counties report annual UAS use; SB 2569 (2025) moves reports to each agency's public website -> would create a per-agency web-report channel; Atlas has 172 TX drone rows. operators=police;sheriff,I4-T14-C04-GS,channel,,,uas-general;drone-as-first-responder;uas-unspecified,independent_account,pass,error: socket closed (WebFetch) / 000 SSL (curl) 2026-09-30T18:12:18Z,I1#8;I1:state=TX,Second-largest Atlas drone state; a statutory report duty would give TX an origin channel - verify from another network.
I4-C008,Nevada public-agency UAV registry and annual report (NRS 493.118; NAC 493.100),https://dps.nv.gov/uav-registration,Nevada Department of Public Safety,legislation,T14,US-NV,all NV public agencies operating UAVs (statutory scope); 0 published registry rows found (live-read F021/F022),other,annual (basis: statutory annual report to Legislature; none found),0 published documents found,NONE-FOUND(checked: https://dps.nv.gov/uav-registration; https://www.dps.nv.gov/records-req/z-unmanned-aerial-vehicle),NONE-FOUND,guess:LicenseRef-NV-Gov-Public-Record,bytes=undetermined; facts=likely-open; derived=undetermined,operator-identifier(statutory registry fields include operator names/contact - search lead),origin,new,n/a (records-acquisition lead),2026-09-30T18:12:58Z,I4-Q010;I4-F021;I4-F022;I4-F011,live-read,"LEAD-ONLY: statutory duty, no publication found on DPS pages (page updated 09/08/2025). NCSL 2016 (F011): AB 239 'requires the creation of a registry of all UAS operated by public agencies in the state'. Annual report may sit in Nevada LCB 'reports to the Legislature' (not reached). operators=police;sheriff;fire",I4-T14-C04-GS,channel,,,uas-general;drone-as-first-responder;uas-unspecified,independent_account,flag,200 WebFetch 2026-09-30T18:12:58Z,I1#8;I1:state=NV,A statewide public-agency drone registry exists by law; a records request or LCB report would give NV a complete inventory.
I4-C009,Vermont Law Enforcement Agency Drone Use report (20 V.S.A. § 4624),https://legislature.vermont.gov/assets/Legislative-Reports/2023-DPS-UAS-Legislative-Report.pdf,Vermont Department of Public Safety (filed with the Vermont Legislature),statutory-report,T14,US-VT,"3 agencies reported for 2023 (VSP, Burlington PD, Milton PD); DPS 'not knowingly in receipt' of other reports (live-read F023)",pdf,"annual (basis: § 4624(b) annual forwarding; 2021, 2022, 2023 reports surfaced Q011)",1 PDF per year (2023 sampled),NONE-FOUND(checked: https://legislature.vermont.gov/assets/Legislative-Reports/2023-DPS-UAS-Legislative-Report.pdf),NONE-FOUND,guess:LicenseRef-VT-Gov-Public-Record,bytes=undetermined; facts=likely-open; derived=undetermined,"free-text-narrative;officer-name(pilot names in per-deployment appendix, institutional role);residential-intersection(per-deployment locations);home-address(possible in location field)",origin,new,dossier_documents:pdf_text,2026-09-30T18:13:47Z,I4-Q011;I4-F023,live-read,"Verbatim F023: 'The Vermont State Police report deploying a drone 159 times in 2023.' Reports also posted under committee 'Reports and Resources' (2021 Gov Ops, 2022 Judiciary) = mirrors. Only agency-level counts/costs are an ingestible lane; per-deployment appendix rows must never be captured. operators=state-police;police",I4-T14-C04-GS,publisher,,,uas-general;drone-as-first-responder;uas-unspecified,independent_account,flag,200 GET 2026-09-30T18:13:47Z,I1#8;I1:state=VT,Statutory VT drone-use census with the rare 'non-target data collected' metric; also shows statewide under-reporting (3 agencies).
I4-C010,Oregon public-body UAS registry and annual use reports (ORS 837.360),https://www.oregonlegislature.gov/bills_laws/ors/ors837.html,Oregon Department of Aviation (statutory duty),legislation,T14,US-OR,all OR public bodies operating UAS (statutory scope); publication not located,other,annual (basis: ORS 837.360(7)(a) annual reports),unknown,NONE-FOUND(checked: https://www.oregonlegislature.gov/bills_laws/ors/ors837.html),NONE-FOUND,guess:LicenseRef-OR-Gov-Public-Record,bytes=undetermined; facts=likely-open; derived=undetermined,operator-identifier(statutory registry fields: names and contact information of operating individuals),origin,new,n/a (records-acquisition lead),2026-09-30T18:14:02Z,I4-Q012;I4-F024,live-read,LEAD-ONLY: F024 ORS 2025 ed.: 'The Oregon Department of Aviation shall establish a registry of unmanned aircraft systems registered under subsection (2)(a)'; public bodies report 'the frequency of use of the unmanned aircraft systems by the public body during the preceding calendar year' and purposes. ODA website not reached (fetch budget). Medford OR PD publishes drone deployments on ArcGIS (I4-C019). operators=police;sheriff;fire;dot,I4-T14-C04-GS,channel,,,uas-general;drone-as-first-responder;uas-unspecified,independent_account,flag,200 WebFetch 2026-09-30T18:14:02Z,I1#8;I1:state=OR,Statewide registry + annual use reports by law; the aggregate report lane would give OR a complete public-body drone census.
I4-C011,Part 91.113 Waivers Issued,https://www.faa.gov/uas/advanced_operations/part_91_waivers/waivers_issued,U.S. Federal Aviation Administration,gov-open-data,T14,US,unknown (search lead shows pages to >=38; not fetched),other,unknown (not fetched),">=39 paginated HTML pages (search-result URLs ?page=22, ?page=38)",NONE-FOUND(checked: not fetched - faa.gov stopped at F004),NONE-FOUND,guess:LicenseRef-US-Federal-Work-17USC105,bytes=likely-open; facts=likely-open; derived=undetermined,operator-identifier(suspected: sibling Part 107 table has Responsible Person column),origin,related:faa_drone_waivers,new:html-table-scrape(org/date columns only),2026-09-30T18:08:02Z,I4-Q007,lead-only(search-snippet; host stopped),"LEAD-ONLY; access=faa.gov host stopped after 403 (F004). This is the FAA's own table for Part 91 (public-aircraft / DFR BVLOS 91.113) waivers - the channel for DFR, distinct from SRC-025 (Part 107). Not in registry or queue. Companion: FR-BVLOS-91.113 Waiver Guide (faa.gov public_safety_toolkit). Likely origin of EFF FOIA sheet I4-C002 and of the unverified '551 entries / 535 waivers / 506 agencies / 48 states' lead. PRIORITY RE-FETCH by integrator or a later batch. operators=police;sheriff;fire",I4-T14-C16-G0,publisher,,,drone-as-first-responder;uas-general,independent_account,flag,not fetched (faa.gov stopped 2026-09-30T18:06:30Z),I1#8,"Likely the only official, repeatable, agency-named DFR authorization list; would replace a one-off FOIA sheet with a pollable origin."
I4-C012,California AB 481 military equipment use policies and annual reports (Gov. Code §§ 7070-7075),https://www.cityofsacramento.gov/content/dam/portal/police/Transparency/Military-Use-Reports/2023_0816-1825%20-%20AMUER.pdf,California law enforcement agencies (per-agency; exemplar Sacramento Police Department),statutory-report,T14;T16,US-CA,every CA law enforcement agency holding 'military equipment' (statutory scope); 49 CA agencies' Atlas drone rows already cite these docs (local-op I4-L027),pdf,annual (basis: § 7072(a) 'annually thereafter'),1 policy + 1 annual report per agency per year; Sacramento 2022-23 report 203pp (F034),NONE-FOUND(checked: https://www.cityofsacramento.gov/content/dam/portal/police/Transparency/Military-Use-Reports/2023_0816-1825%20-%20AMUER.pdf),NONE-FOUND,guess:LicenseRef-CA-Gov-Public-Record,bytes=undetermined; facts=likely-open; derived=undetermined,free-text-narrative;officer-name(institutional roles),origin,related:eff_atlas_of_surveillance,dossier_documents:pdf_text,2026-09-30T18:19:03Z,I4-L024;I4-L027;I4-F033;I4-F034,live-read,"Verbatim F034: 'Assembly Bill 481 requires publication of the military equipment use policy and annual report on the department's website'; categories '1. Uncrewed Aerial System (UAS)' and '2. Robots: A remotely controlled uncrewed machine that operates on the ground' with per-model inventory (e.g., Remotec Andros F6A, Qinetiq Dragon Runner 20, DJI M30T). Covers T16 robots (out-of-cell->I4-T16-C07-G0) and T14 at statewide scale. Elk Grove exemplar 403 (F033). Possible overlap with I6 CCOPS lane (AB 481 is a state statute, not a local CCOPS ordinance) - flag for I7 dedupe. operators=police;sheriff;campus",I4-T14-C04-GS,channel,FAM-CA-AB481,DJI;Remotec;QinetiQ,uas-general;uas-unspecified;ugv;ground-robotics-unspecified,independent_account,flag,200 GET 2026-09-30T18:19:03Z (Sacramento); 403 elkgrovepd.org,I1#8;I1:state=CA,Statewide statutory per-agency inventory of drones AND ground robots with models and counts - the only channel found for robots (T16 has no I1 class).
I4-C013,Legistar matter-title keyword channel for UAS / DFR approvals,https://webapi.legistar.com/v1/mesa/matters,Granicus Legistar InSite (per-municipality tenants),agenda,T14,US,"318 Legistar tenants already enumerated in agenda_tenants.toml (I4-L026); 2 tenants probed: Mesa 8 drone matters, San Antonio 5 (4 true + 1 false positive)",api,daily (basis: live council matter index),0-10 drone matters per tenant (2-tenant probe),NONE-FOUND(checked: https://webapi.legistar.com/v1/mesa/matters),NONE-FOUND,guess:LicenseRef-Municipal-Public-Record,bytes=undetermined; facts=likely-open; derived=undetermined,"private-person-name(presenter names in titles, institutional roles)",origin,related:agenda_tenants(legistar); tenant already enumerated,agenda:legistar (add class keyword filter),2026-09-30T18:15:25Z,I4-Q014;I4-Q015,live-read,"Configure-existing-connector: OData $filter=substringof('drone'|'unmanned'|vendor, MatterTitle) works on the shared host. Keyword hazard: 'Brinc' matched 'Parsons Brinckerhoff' (Q015) - use word-boundary post-filter. San Antonio: 2017 SAPD drone briefing, 2019 SAFD drone program briefing. Robot policies hide inside AB 481 'military equipment' matter titles (Q022). contract_ids=State of Arizona cooperative contract (InnovativeUAS / Gresco; id not in title). operators=police;fire",I4-T14-C07-G0,channel,FAM-LEGISTAR-UAS,,uas-general;drone-as-first-responder;uas-unspecified,independent_account,flag,200 GET 2026-09-30T18:15:13Z / 18:15:25Z,I1#8,Turns 318 already-registered Legistar tenants into a drone-approval feed with one keyword filter - no new connector.
I4-C014,City of Mesa AZ council matters: police UAS purchases and Drone as First Responder contract,https://webapi.legistar.com/v1/mesa/matters/22044,"City of Mesa, AZ (via Legistar)",agenda,T14,US-AZ:Mesa,8 drone matters 2020-2025 (live-read Q014),api,irregular (basis: council actions),8 matters,NONE-FOUND(checked: https://webapi.legistar.com/v1/mesa/matters),NONE-FOUND,guess:LicenseRef-Municipal-Public-Record,bytes=undetermined; facts=likely-open; derived=undetermined,none-observed,origin,related:agenda_tenants(mesa_az_legistar); tenant already enumerated,agenda:legistar,2026-09-30T18:15:13Z,I4-Q014,live-read,"22-0108: UAS purchase via 'State of Arizona cooperative contract with Total Control Innovations, LLC, dba InnovativeUAS at $89,000'; 24-1241: cooperative contract 'Innovative UAS dba Gresco Supply at $190,000 annually' incl. 'mini drones and tethered drones'; 24-1119 DFR: 'sole source vendor, Aerodome, Inc., at $340,000, annually' -> Flock Aerodome is out-of-cell->I3 (T29); 21-0754/21-1195 drone detection systems (counter-UAS, no ontology concept - see notes.md). contract_ids=State of Arizona cooperative contract (InnovativeUAS/Gresco; number not in title) -> I6. operators=police",I4-T14-C07-G0,target,FAM-LEGISTAR-UAS,InnovativeUAS;Gresco Supply;Aerodome,uas-general;drone-as-first-responder,independent_account,pass,200 GET 2026-09-30T18:15:13Z,I1#8;I1:city=Mesa,"Exemplar proving the Legistar channel yields dated, priced, vendor-named drone/DFR approvals."
I4-C015,UAV Flight Log,https://data.bloomington.in.gov/d/3a7f-6kb4,"City of Bloomington, IN (Socrata)",gov-open-data,T14,US-IN:Bloomington,"77 flights (column non_null count, live-read F026); city-wide departments",socrata,irregular (basis: description says 'updated bi-monthly'; rowsUpdatedAt 2025-01-14),77 rows x 16 columns (metadata),http://opendatacommons.org/licenses/pddl/1.0/,"license: Open Data Commons Public Domain Dedication and License (licenseId PDDL); description: 'Unmanned Aerial Vehicle (UAV) flight data for flights conducted by the City of Bloomington, Indiana. This dataset is updated bi-monthly.'",guess:PDDL-1.0,bytes=likely-open; facts=likely-open; derived=undetermined,operator-identifier(FAA pilot certificate number column);home-address(Street Address (Area Surveyed));free-text-narrative;residential-intersection,origin,new,gov-open-data:socrata (aggregate-only),2026-09-30T18:15:59Z,I4-Q016;I4-F026,live-read,"Metadata only; rows never read. Columns include Department, Authorized Use, Drone Make & Model, FAA drone registration no., FAA pilot certificate no., street address, start/end times, privacy-risk + mitigation fields. Only per-department flight counts and drone models are a safe lane. operators=police;dot;business(unknown mix)",I4-T14-C05-G0,target,,,uas-general;uas-unspecified,independent_account,block,200 GET 2026-09-30T18:15:59Z (metadata endpoint),I1#8;I1:city=Bloomington,Rare machine-readable municipal drone flight log with an open licence; valuable for aggregate counts only.
I4-C016,Agency police drone flight-log / usage feature services on ArcGIS Online,https://hub.arcgis.com/api/search/v1/collections/dataset/items?q=police%20drones,Various municipal police departments (ArcGIS Online orgs),gov-open-data,T14,US,"7 agency-org drone layers in 49 hub hits (live-read Q025): Bloomington IL, Peoria IL (3 items), Lombard IL, Puyallup WA, Medford OR + DroneSense DFR support layers (Greenville SC, McKinney TX)",arcgis,irregular (basis: item modified dates 2023-2026),unknown rows (schemas not fetched: fetch cap),"NONE-FOUND(checked: hub item licenseInfo fields, Q025)",NONE-FOUND (Medford item licenseInfo: 'No special restrictions or limitations on using the item's content have been provided.'),guess:LicenseRef-Esri-Item-Unspecified,bytes=undetermined; facts=likely-open; derived=undetermined,residential-intersection(suspected per-flight points);home-address(suspected);free-text-narrative(suspected),origin,new,arcgis:featureserver (aggregate-only after schema preflight),2026-09-30T18:20:21Z,I4-Q025,live-read,"Three of five flight-log publishers are Illinois agencies (Bloomington, Peoria, Lombard) - inference: may reflect Illinois drone-act public-posting duties; verify. Lombard is a Survey123 results layer (form layer owned by a personal account -> lineage check). McKinney 'Address Points for DroneSense' / 'Multifamily Buildings for DroneSense' are DFR dispatch support layers (evidence of a DroneSense DFR deployment, not flight logs). Owner account ids not copied. Schemas must be preflighted (FeatureServer?f=json) before any row read. operators=police",I4-T14-C05-G0,family,FAM-AGOL-DRONE-LOGS,DroneSense,uas-general;drone-as-first-responder;uas-unspecified,independent_account,flag,200 GET hub search 2026-09-30T18:20:21Z; items not opened,I1#8,"A discoverable, repeatable family of agency-published drone flight logs - the drone analogue of I3's agency Flock layers."
I4-C017,Police Drone Flights,https://services3.arcgis.com/8EQ1HhogM827boPC/arcgis/rest/services/Police_Drone_Flights/FeatureServer (hub item f7a13e5b4e8e46feb0d16b95d0da9107),"City of Bloomington, IL (via ArcGIS Online)",gov-open-data,T14,US-IL:Bloomington,"1 agency layer (hub metadata, live-read Q025); rows unknown",arcgis,unknown (basis: hub modified date only),unknown (FeatureServer?f=json not fetched: fetch cap),NONE-FOUND(checked: hub item licenseInfo via Q025),NONE-FOUND,guess:LicenseRef-Esri-Item-Unspecified,bytes=undetermined; facts=likely-open; derived=undetermined,residential-intersection(suspected per-flight points);home-address(suspected),origin,new,arcgis:featureserver (aggregate-only after schema preflight),2026-09-30T18:20:21Z,I4-Q025,live-read,"snippet 'City of Bloomington Police Department Drone Flights and associated data.'; tags CoB, CityofBloomingtonIL, Police, Drone, Flights; created 2024-10; orgName in hub record = the city (agency-owned org); schema not inspected; operators=police",I4-T14-C05-G0,target,FAM-AGOL-DRONE-LOGS,,uas-general;drone-as-first-responder;uas-unspecified,independent_account,flag,200 GET hub search 2026-09-30T18:20:21Z; item not opened,I1#8;I1:city=Bloomington,Agency-origin per-flight drone deployment layer; aggregate flight counts close the 'use' half of I1#8 for this place.
I4-C018,Peoria Police Department Drone Usage,https://services1.arcgis.com/Vm4J3EDyqMzmDYgP/arcgis/rest/services/Peoria_Police_Department_Drone_Usage/FeatureServer (hub item 4a524d8e6a88470495452b0094a265af),"City of Peoria, IL (via ArcGIS Online)",gov-open-data,T14,US-IL:Peoria,"1 agency layer (hub metadata, live-read Q025); rows unknown",arcgis,unknown (basis: hub modified date only),unknown (FeatureServer?f=json not fetched: fetch cap),NONE-FOUND(checked: hub item licenseInfo via Q025),NONE-FOUND,guess:LicenseRef-Esri-Item-Unspecified,bytes=undetermined; facts=likely-open; derived=undetermined,residential-intersection(suspected per-flight points);home-address(suspected),origin,new,arcgis:featureserver (aggregate-only after schema preflight),2026-09-30T18:20:21Z,I4-Q025,live-read,companion items 1b2ec53a51244a25bf1e1e7a9839a2c6 (view) and e4df908c2e394b1a8ee0f226060539b3 (second copy by another account in the same org) -> dedupe; created 2024-03; orgName in hub record = the city (agency-owned org); schema not inspected; operators=police,I4-T14-C05-G0,target,FAM-AGOL-DRONE-LOGS,,uas-general;drone-as-first-responder;uas-unspecified,independent_account,flag,200 GET hub search 2026-09-30T18:20:21Z; item not opened,I1#8;I1:city=Peoria,Agency-origin per-flight drone deployment layer; aggregate flight counts close the 'use' half of I1#8 for this place.
I4-C019,Drone Deployments FS,https://services.arcgis.com/ogdeCdziRfIzuoFs/arcgis/rest/services/Drone_Deployments_FS/FeatureServer (hub item c79243b53ed845e09c57a469f033da5a),"City of Medford, OR (via ArcGIS Online)",gov-open-data,T14,US-OR:Medford,"1 agency layer (hub metadata, live-read Q025); rows unknown",arcgis,unknown (basis: hub modified date only),unknown (FeatureServer?f=json not fetched: fetch cap),NONE-FOUND(checked: hub item licenseInfo via Q025),NONE-FOUND,guess:LicenseRef-Esri-Item-Unspecified,bytes=undetermined; facts=likely-open; derived=undetermined,residential-intersection(suspected per-flight points);home-address(suspected),origin,new,arcgis:featureserver (aggregate-only after schema preflight),2026-09-30T18:20:21Z,I4-Q025,live-read,"description 'Drone deployments by the City of Medford Police Department'; state inferred from item extent (lon -122.9, lat 42.3); licenseInfo 'No special restrictions or limitations on using the item's content have been provided.'; created 2024-07; orgName in hub record = the city (agency-owned org); schema not inspected; operators=police",I4-T14-C05-G0,target,FAM-AGOL-DRONE-LOGS,,uas-general;drone-as-first-responder;uas-unspecified,independent_account,flag,200 GET hub search 2026-09-30T18:20:21Z; item not opened,I1#8;I1:state=OR,Agency-origin per-flight drone deployment layer; aggregate flight counts close the 'use' half of I1#8 for this place.
I4-C020,CAPE by Motorola Solutions DFR transparency portals,https://www.aerial.motorolasolutions.com/transparency/hemetpd-ca,"Motorola Solutions (CAPE) on behalf of agencies (exemplars Hemet PD, Brea PD)",vendor-portal,T14,US,"2 portals cited by Atlas (Hemet, Brea; local-op I4-L025); full roster unknown",other,unknown (JS app; content not read),unknown,NONE-FOUND(checked: https://www.aerial.motorolasolutions.com/transparency/hemetpd-ca),NONE-FOUND,guess:LicenseRef-Vendor-Proprietary,bytes=likely-restricted; facts=undetermined; derived=undetermined,residential-intersection(suspected per-flight call locations/paths),origin,new,new:vendor-transparency-portal (analogue of refused flock_transparency_portals - rights review needed),2026-09-30T18:16:57Z,I4-L024;I4-L025;I4-F027;I4-F028;I4-Q156;I4-F221;I4-Q168,live-read,"F028 meta description (the vendor states): 'CAPE by Motorola Solutions is the leading cloud platform for drone telepresence and data management.'; Angular SPA fronted by Incapsula; content needs JS - not attempted; per-agency slug pattern /transparency/<agency>-<state>. Motorola split rule: drones are T14 (I4), not I3. access=JS-only. operators=police | MERGED I4-C303 (same CAPE by Motorola Solutions DFR portal family found by A and G); I4-C303 facts: 5 agencies per aggregator F221 (derived; origin not reached) // LEAD-ONLY. Existence evidenced only by the aggregator count ""Motorola CAPE transparency portals — 5 agencies"" (F221); I4-Q168 found no public portal page for CAPE or Axon Air/DroneSense. Boundary: CAPE drone software is T14 (I4) even though Motorola CommandCentral Aware is I3 (T05). Origin URL pattern not reached (budget).",I4-T14-C02-G0,family,FAM-CAPE-TRANSPARENCY,Motorola Solutions (CAPE),drone-as-first-responder;uas-general,independent_account,flag,200 GET 2026-09-30T18:16:57Z (SPA shell only),I1#8,Vendor-hosted per-agency DFR transparency portals - a DFR analogue of Flock portals; needs a rights decision like flock_transparency_portals.
I4-C021,Chula Vista Police Department UAS / Drone as First Responder program,https://www.chulavistaca.gov/departments/police-department/programs/uas-drone-program,"City of Chula Vista, CA",other,T14,US-CA:Chula Vista,unknown (403),other,unknown,unknown,NONE-FOUND(checked: 403 at F029),NONE-FOUND,guess:LicenseRef-Municipal-Public-Record,bytes=undetermined; facts=likely-open; derived=undetermined,residential-intersection(suspected flight data),origin,related:eff_atlas_of_surveillance,dossier_documents,2026-09-30T18:17:08Z,I4-L024;I4-F029,lead-only(access-blocked),LEAD-ONLY; access=403 chulavistaca.gov (host stopped); Atlas AOS003126 cites this page + showpublisheddocument/27654; Chula Vista is the reference US DFR programme (flight data reportedly published - unverified). operators=police,I4-T14-C05-G0,channel,,,drone-as-first-responder,independent_account,flag,403 WebFetch 2026-09-30T18:17:08Z,I1#8;I1:city=Chula Vista,Reference DFR programme's own flight data would be the benchmark agency-origin DFR dataset; needs another access route.
I4-C022,"Public Safety Drones, 3rd Edition",https://dronecenter.bard.edu/projects/public-safety-drones-project/public-safety-drones-3rd-edition/,Center for the Study of the Drone at Bard College,academic,T14,US,"1,578 state and local public safety agencies; 899 counties (live-read F031, March 2020)",pdf,"static (basis: 3rd edition March 2020; editions 2017, 2018, 2020; no later edition on page)",10pp PDF + embedded Google My Maps (mid 1zcTdAkQB_gqVX383oQcyujM7Nd85rquH),NONE-FOUND(checked: https://dronecenter.bard.edu/projects/public-safety-drones-project/public-safety-drones-3rd-edition/),NONE-FOUND,guess:LicenseRef-All-Rights-Reserved,bytes=likely-restricted; facts=likely-open; derived=undetermined,none-observed,derived-from:faa_part107_waivers+media+state/local records,related:eff_atlas_of_surveillance,"curated ingest (map KML export - inference, not verified)",2026-09-30T18:17:31Z,I4-L022;I4-F030;I4-F031,live-read,"Verbatim F031: 'We have tallied 1,578 state and local police, sheriff, fire, and emergency services agencies in the U.S. that are believed to have acquired drones.'; 'These data are sourced primarily from local media reports, publicly-available U.S. Federal Aviation Administration records such as Part 107 Waivers, and state and local government records'; 'Total number of counties with at least one agency with drones 899'. Atlas cites this page 808 times (1 URL) -> Atlas drone rows are largely Bard-derived; historical baseline, not current. Structured export: Google My Maps usually offers KML (inference; not fetched). operators=police;sheriff;fire;ems",I4-T14-C14-G0,publisher,,,uas-general;drone-as-first-responder;uas-unspecified,derived_summary,pass,200 WebFetch/GET 2026-09-30T18:17:08Z-18:17:31Z,I1#8,"Explains Atlas lineage (808 of 1,828 drone rows) and is the 2020 baseline; its agency map is a structured seed if KML export holds."
I4-C023,Prying Eyes: Government Drone Data Across New York State,https://www.nyclu.org/en/campaigns/prying-eyes-government-drone-data-across-new-york-state,New York Civil Liberties Union,ngo,T14,US-NY,unknown (challenge page),other,unknown,unknown,NONE-FOUND(checked: challenge at F035),NONE-FOUND,guess:LicenseRef-Unknown,bytes=undetermined; facts=likely-open; derived=undetermined,none-observed(not read),derived-from:NY agency FOIL responses,related:eff_atlas_of_surveillance,curated ingest,2026-09-30T18:19:47Z,I4-L022;I4-F035,lead-only(access-blocked),LEAD-ONLY; access=challenge ('Please wait while your request is being verified') - nyclu.org stopped; Atlas cites it on 50 NY drone rows (local-op I4-L022). operators=police;sheriff;state-police,I4-T14-C14-G0,channel,,,uas-general;drone-as-first-responder;uas-unspecified,derived_summary,pass,challenge WebFetch 2026-09-30T18:19:47Z,I1#8;I1:state=NY,Statewide NGO FOIL compilation for NY (no state reporting duty found); needs a non-challenged access route.
I4-C024,"USAspending keyword gap: UAS vendor and class terms (Skydio, Brinc, Dedrone, 'unmanned aircraft system')",https://api.usaspending.gov/api/v2/search/spending_by_award_count/,U.S. Department of the Treasury (USAspending.gov),procurement,T14,US,"1,308 contracts, 112 IDVs, 165 grants matched FY2020-FY2026 (live-read Q019; mostly federal/DoD, not filtered to local recipients)",api,daily (basis: USAspending pipeline),"1,879 award records across types (Q019 counts)",NONE-FOUND(checked: https://api.usaspending.gov/api/v2/search/spending_by_award_count/ response),NONE-FOUND,guess:LicenseRef-US-Federal-Work-17USC105,bytes=likely-open; facts=likely-open; derived=undetermined,none-observed,origin,related:usaspending,procurement:usaspending (add keywords),2026-09-30T18:17:52Z,I4-Q019,live-read,"Configure-existing-connector: live keyword list has only 'drone' for this class; add 'unmanned aircraft', 'UAS', 'Skydio', 'Brinc', 'Dedrone', 'counter-unmanned', 'tethered aerostat'. Recipient-type filter to state/local governments needed to cut DoD noise. operators=federal;police;sheriff | INTEGRATOR NOTE (I4-L009): the live keyword space is TWO lists — live_targets.toml:55 (10 terms, the static sub-award target) and procurement_vocab.toml [usaspending_sweep] (19 terms, P26.14; incl. 'facial recognition', 'drone', 'unmanned aerial', 'cell-site simulator', 'stingray', 'acoustic gunshot', 'predictive policing', 'geofence', 'data broker', 'body camera'). Neither list has vendor names or forensics/SMM/ATE/weapons-detection/EM/biometric terms; sweep slices are page-bounded (prime 1 page, sub 2 pages), so recall also depends on bounds (I8). | Correction: the sweep already has 'drone' AND 'unmanned aerial'; the gap is vendor names (Skydio, Brinc, Dedrone), 'counter-unmanned' and 'tethered aerostat'.",I4-T14-C09-G0,channel,FAM-USASPENDING-SLICES,Skydio;Brinc;Dedrone,uas-general;drone-as-first-responder;uas-unspecified,independent_account,pass,200 POST search API 2026-09-30T18:17:52Z,I1#8,Zero-cost widening of a live connector to catch drone grants/contracts the single 'drone' keyword misses.
I4-C025,FEMA Counter-Unmanned Aircraft Systems Grant Program awards (FY2026),https://api.usaspending.gov/api/v2/search/spending_by_award/,U.S. Department of Homeland Security / FEMA (via USAspending.gov),grant,T14,US,"12 state-level awards in the top-25 grant results, summing $250,000,000 (computed over returned rows; live-read Q020)",api,annual (basis: FY2026 award cycle; award ids EMW-2026-CU-*),12 awards seen (page 1; hasNext=true for the wider query),NONE-FOUND(checked: USAspending API response),NONE-FOUND,guess:LicenseRef-US-Federal-Work-17USC105,bytes=likely-open; facts=likely-open; derived=undetermined,none-observed,origin,related:usaspending;related:fema_hsgp_allocations,procurement:usaspending (keyword 'counter-unmanned'),2026-09-30T18:17:52Z,I4-Q020,live-read,"Description 'COUNTER-UNMANNED AIRCRAFT SYSTEMS GRANT PROGRAM'; recipients incl. California Office of Emergency Services $34,591,628, Texas Office of the Governor $30,276,431, DC $28,266,328, Florida DEM $23,636,511, Kansas Highway Patrol $5,341,058; state pass-through -> subawards to local agencies likely (inference). Counter-UAS (drone detection/mitigation; Dedrone/Axon) has NO ontology concept - see notes.md finding. Distinct from P31-owned fema_hsgp_allocations (different program). award_ids=EMW-2026-CU-05000;EMW-2026-CU-05001;EMW-2026-CU-05002;EMW-2026-CU-05003;EMW-2026-CU-05004;EMW-2026-CU-05005;EMW-2026-CU-05006;EMW-2026-CU-05007;EMW-2026-CU-05008;EMW-2026-CU-05009;EMW-2026-CU-05010;EMW-2026-CU-05011. operators=state-police;federal",I4-T14-C09-G0,channel,FAM-USASPENDING-SLICES,,uas-unspecified (proposed: counter-uas),independent_account,pass,200 POST search API 2026-09-30T18:17:52Z,I1#8;NEW-C-UAS(proposed),"A new $250M federal funding stream for drone-detection surveillance in every state, invisible to SIG's current keywords and ontology."
I4-C026,SEC EDGAR full-text: 'drone as first responder' vendor disclosures,"https://efts.sec.gov/LATEST/search-index?q=%22drone%20as%20first%20responder%22&forms=10-K,10-Q,S-1,8-K",U.S. Securities and Exchange Commission (issuer filings),vendor-portal,T14,US,"24 filings: Axon 10, Ondas 5, Lantronix 4, SoundThinking 3, Wrap 1, Amprius 1 (live-read Q023)",api,daily (basis: EDGAR filings),24 filings (Q023 total),NONE-FOUND(checked: efts.sec.gov response),NONE-FOUND,guess:LicenseRef-US-Federal-Filing-Public,bytes=likely-open; facts=likely-open; derived=undetermined,none-observed,origin,new,new:sec-edgar-fts,2026-09-30T18:19:32Z,I4-Q023,live-read,"Vendor statements (genre D6) - cite as 'the vendor states'; filings not opened (fetch cap). Useful for DFR customer counts/named deployments in 8-K exhibits (Axon/Dedrone; Ondas; SoundThinking DFR partnership - inference from issuer list). Skydio/Brinc are private (no EDGAR). operators=police | integrator: EDGAR family (A C026, B C082, D C153, G C304/C305) = one new:sec_edgar_fts connector; no EDGAR source is registered (I4-L083)",I4-T14-C02-G0,channel,FAM-EDGAR-FTS,Axon;Ondas;Lantronix;SoundThinking;Wrap;Amprius,drone-as-first-responder,independent_account,pass,200 GET 2026-09-30T18:19:32Z,I1#8,"Repeatable public-company channel for DFR customer assertions where private vendors (Skydio, Brinc) publish none."
I4-C027,FAA restricted-area rulemakings for CBP tethered aerostat sites (Federal Register),https://www.federalregister.gov/documents/2025/08/25/2025-16236/establishment-of-restricted-areas-r-6319aandb-in-the-vicinity-of-south-padre-island-tx,Federal Aviation Administration (via Federal Register),legislation,T15,US-TX:South Padre Island,1 FR document matched the term query (live-read Q021); exemplar CBP aerostat at South Padre Island TX,api,irregular (basis: per-site rulemakings),1 document (Q021 count=1),NONE-FOUND(checked: https://www.federalregister.gov/api/v1/documents/2025-16236.json),NONE-FOUND,guess:LicenseRef-US-Federal-Work-17USC105,bytes=likely-open; facts=likely-open; derived=undetermined,none-observed,origin,new,new:federalregister-api,2026-09-30T18:18:22Z,I4-Q021;I4-F032,live-read,Verbatim F032 abstract: 'The new restricted areas would provide U.S. Customs and Border Protection (CBP) with the ability to deploy a tethered aerostat in support of homeland security and national defense.'; NPRM; Docket No. FAA-2025-2318; Airspace Docket No. 25-ASW-2. Query used quoted OR terms; recall of other aerostat sites (TARS) untested - re-query 'aerostat' alone. Overlaps T28 border (other batch). operators=federal,I4-T15-C16-G0,channel,,,tethered-aerostat,independent_account,pass,200 GET 2026-09-30T18:18:22Z,NEW(T15 no I1 class),"Geolocated, dated federal record of aerostat sites - a structured channel for a class SIG has zero coverage of."
I4-C028,USAspending: CBP Tethered Aerostat Radar Program and tethered aerostat contracts,https://api.usaspending.gov/api/v2/search/spending_by_award/,U.S. Department of the Treasury (USAspending.gov); awarding agency CBP,procurement,T15,US,"2 CBP aerostat contracts in top-25 (Peraton TARS O&M $47,453,903.39; Altaeros $5,529,966) of a keyword query dominated by DoD (live-read Q024)",api,daily (basis: USAspending pipeline),"25 rows page 1, hasNext=true",NONE-FOUND(checked: USAspending API response),NONE-FOUND,guess:LicenseRef-US-Federal-Work-17USC105,bytes=likely-open; facts=likely-open; derived=undetermined,none-observed,origin,related:usaspending,procurement:usaspending (add 'tethered aerostat'; filter awarding agency CBP/DHS),2026-09-30T18:19:59Z,I4-Q024,live-read,"award_ids=70B02C20C00000004;70B06C23F00001240; related out-of-cell->T28: 70B02C26C00000008 Elbit 'PERSISTENT SURVEILLANCE AND DETECTION EXTENSION' $243,612,326.12, 70B02C20C00000038 Quantum Technology Sciences; DOJ 15JPSS22C00000042 Accenture 'TETHERED AEROSTAT SYSTEMS (TAS)' (international, out of scope). No municipal persistent-aerial-surveillance (e.g., PSS-style) contract surfaced. operators=federal",I4-T15-C16-G0,channel,FAM-USASPENDING-SLICES,Peraton;Altaeros;TCOM,tethered-aerostat;persistent-aerial-surveillance,independent_account,pass,200 POST search API 2026-09-30T18:19:59Z,NEW(T15 no I1 class),"Dated, priced federal record of the TARS aerostat network operator - reachable through the existing connector."
I4-C029,FAA Aircraft Registry (N-number inquiry / releasable aircraft database) for agency-registered aircraft,https://registry.faa.gov/aircraftinquiry/Search/NNumberResult,U.S. Federal Aviation Administration,gov-open-data,T14;T15,US,76 Atlas drone rows cite N-number lookups (local-op I4-L022); registry-wide coverage not measured,other,unknown (not fetched),unknown,NONE-FOUND(checked: not fetched - faa.gov stopped),NONE-FOUND,guess:LicenseRef-US-Federal-Work-17USC105,bytes=likely-open; facts=likely-open; derived=undetermined,home-address(registrant addresses for individual owners);private-person-name,origin,related:faa_drone_waivers,new:faa-registry-bulk (government-registrant filter only),2026-09-30T18:11:20Z,I4-L022,lead-only(local-op; host stopped),LEAD-ONLY; access=faa.gov stopped; Atlas uses registry.faa.gov N-number results for agency aircraft (manned + large UAS). Individual registrants carry names/home addresses -> only government-registrant rows are a possible lane (block for everything else). operators=police;sheriff;state-police;federal,I4-T14-C16-G0,channel,,,uas-general;persistent-aerial-surveillance,independent_account,block,not fetched (faa.gov stopped 2026-09-30T18:06:30Z),I1#8;NEW(T15),"Could enumerate police aviation fleets (helicopters, planes) - manned aerial surveillance SIG lacks; heavy screening needed."
I4-C050,ATE camera-location and per-camera aggregate datasets on US open-data portals (Socrata Discovery + ArcGIS Hub),https://api.us.socrata.com/api/catalog/v1?q=automated%20enforcement&only=dataset,multiple US cities/counties (via Socrata and ArcGIS Online),gov-open-data,T09,US,US agency ATE datasets met this batch: 13 new target rows (C051-C064) + 11 registered layers (camera_registry_targets.toml; L031) across Socrata resultSetSize 18/32/316 and Hub numberMatched 395 (speed camera; only first 100 read) (live-read),api,"irregular (per-dataset: daily Chicago, quarterly Montgomery MD, monthly MTA; basis catalog metadata)",13 new US datasets/layers (catalog metadata count); Hub query unpaged beyond 100,per-dataset licence field (see target rows),"per-dataset: ""Creative Commons Attribution 4.0"" (DC); ""Public Domain"" (Montgomery MD); ""See Terms of Use"" (Chicago); none (MTA, Howard Co)",guess:NOASSERTION (per-target),bytes=undetermined; facts=likely-open; derived=undetermined,"plate-level (violation-level datasets only: MTA kh8p-hcbm vehicle_id; NOLA citations); person-level-enforcement (suspected, per-violation rows)",origin,related:camreg_baltimore_atves_md,dot_511:arcgis_query|socrata_rows,2026-09-30T18:06:46Z,I4-Q027;I4-Q028;I4-Q029;I4-Q030;I4-Q031,live-read,"operators=dot;police;transit. Channel row for the NEW-8 class: location layers pass; per-camera daily/quarterly/monthly COUNT tables are aggregate (pass); per-violation/citation tables BLOCK (metadata only). Registered US ATE already: Chicago 4i42-qv3h/thvf-6diy, Arlington VA photo red/speed, PG County MD 3a3p-zwvz/mnkf-cu5c, Baltimore ATVES x4, Seattle ATSC, NOLA traffic safety cameras (L031). Student/personal republishes of Chicago data on Hub skipped (NEW-5). CKAN catalog.data.gov path 404 (Q049).",I4-T09-C03-G0,channel,FAM-B-ATE-OD,,fixed-camera-unspecified (provisional); traffic-enforcement:ate-speed-camera (proposed); traffic-enforcement:ate-red-light-camera (proposed); traffic-enforcement:ate-bus-lane-camera (proposed); traffic-enforcement:ate-school-bus-stop-arm-camera (proposed); traffic-enforcement:ate-stop-sign-camera (proposed); traffic-enforcement:ate-truck-restriction-camera (proposed),independent_account,flag,200 GET 2026-09-30T18:06:46Z (Socrata catalog + Hub search JSON),NEW-8; I1#7,First systematic inventory of US ATE open-data channels for a class with no ontology concept (NEW-8); adds 13 datasets beyond the 11 registered layers.
I4-C051,Automated Safety Cameras (ASC),https://maps2.dcgis.dc.gov/dcgis/rest/services/DCGIS_DATA/Public_Safety_WebMercator/MapServer/43,"District of Columbia, District Department of Transportation (via DC GIS / OCTO)",gov-open-data,T09,US-DC,"DC citywide ASC camera sites, all 7 enforcement types (live-read F036 description)",arcgis,unknown (Hub item modified epoch 1790766475000 = 2026-09; basis Hub metadata),unknown row count (metadata only; returnCountOnly not fetched),https://hub.arcgis.com/api/search/v1/collections/dataset/items?q=speed%20camera (item 03d94dc6579949ae9d7c9dd8ffebeb89 licenseInfo),This work is licensed under a Creative Commons Attribution 4.0 International License.,guess:CC-BY-4.0,bytes=likely-open; facts=likely-open; derived=likely-open,none-observed,origin,related:dot_511_dc,dot_511:arcgis_query,2026-09-30T18:07:16Z,I4-Q030;I4-F036,live-read,"operators=dot. Fields (F036): ENFORCEMENT_SPACE_CODE SITE_CODE ENFORCEMENT_TYPE LOCATION_DESCRIPTION SPEED_LIMIT DEVICE_MOBILITY CAMERA_STATUS ACTIVE_STATUS CAMERA_LATITUDE CAMERA_LONGITUDE WARD ANC SMD. Layer description verbatim: ""ASC is currently enforcing Posted Speed Limit (Speed), Stop Sign (Failure to come to a complete STOP), Red-Light (Running Red-Light), Bus Lane, Bus Zone, School Bus Stop-Arm, and Truck Restriction routes."" Same host already registered for DDOT traffic CCTV only. Companion table C052 and Hub item ce2f8eea1f4242daa7fef1caa4d41ad3 (ASC Table, layer 47, not fetched).",I4-T09-C03-G0,target,FAM-B-ATE-OD,,fixed-camera-unspecified (provisional); traffic-enforcement:ate-speed-camera (proposed); traffic-enforcement:ate-red-light-camera (proposed); traffic-enforcement:ate-bus-lane-camera (proposed); traffic-enforcement:ate-school-bus-stop-arm-camera (proposed); traffic-enforcement:ate-stop-sign-camera (proposed); traffic-enforcement:ate-truck-restriction-camera (proposed),independent_account,pass,200 GET 2026-09-30T18:07:16Z,NEW-8; I1#7,"Richest single US ATE location layer found (7 enforcement types incl. bus-lane, stop-arm, truck) under CC BY 4.0; DC ATE absent from registry."
I4-C052,Automated Safety Cameras (ASC) Violation Count By Month,https://maps2.dcgis.dc.gov/dcgis/rest/services/DCGIS_DATA/Public_Safety_WebMercator/MapServer/46,"District of Columbia, District Department of Transportation (via DC GIS)",gov-open-data,T09,US-DC,monthly counts per enforcement space for all DC ASC cameras (live-read F037),arcgis,monthly (field YEAR_MONTH; basis F037 schema),unknown (metadata only),https://hub.arcgis.com/api/search/v1/collections/dataset/items?q=speed%20camera (item 394b99f2501e418a97394a6ae164431f licenseInfo),This work is licensed under a Creative Commons Attribution 4.0 International License.,guess:CC-BY-4.0,bytes=likely-open; facts=likely-open; derived=likely-open,none-observed,origin,related:dot_511_dc,dot_511:arcgis_query,2026-09-30T18:07:16Z,I4-Q030;I4-F037,live-read,"operators=dot. Fields (F037): ENFORCEMENT_SPACE_CODE YEAR_MONTH CAMERA_STATUS NUM_VIOLATIONS ENFORCEMENT_TYPE LAST_RECORD. Description verbatim: ""a summary of the warnings and violations issued by month and year by different ASC enforcement types, including Red Light, Speed, Truck Restriction, and Stop Sign violations."" Aggregate per camera-month: usage-aggregate lane.",I4-T09-C03-G0,target,FAM-B-ATE-OD,,fixed-camera-unspecified (provisional); traffic-enforcement:ate-speed-camera (proposed); traffic-enforcement:ate-red-light-camera (proposed); traffic-enforcement:ate-bus-lane-camera (proposed); traffic-enforcement:ate-school-bus-stop-arm-camera (proposed); traffic-enforcement:ate-stop-sign-camera (proposed); traffic-enforcement:ate-truck-restriction-camera (proposed),independent_account,pass,200 GET 2026-09-30T18:07:16Z,NEW-8,"Per-camera monthly activity series joinable to C051 by ENFORCEMENT_SPACE_CODE - usage evidence, not just presence."
I4-C053,Speed Camera Violations,https://data.cityofchicago.org/d/hhkd-xvj4,"City of Chicago, Department of Transportation (Socrata)",gov-open-data,T09,US-IL:Chicago,"all Chicago program cameras, 2014-07-01 to present-14d (live-read catalog description)",socrata,daily (Metadata_Frequency=Daily),per camera-day rows; row count not read (catalog metadata only),https://data.cityofchicago.org/d/hhkd-xvj4,"licence field: ""See Terms of Use"" (Chicago ToU text not captured; registry records chicago.gov ToU 404, camera_registry_targets.toml:394)",guess:LicenseRef-Chicago-ToU,bytes=undetermined; facts=likely-open; derived=undetermined,none-observed,origin,related:camreg_chicago_il,dot_511:socrata_rows,2026-09-30T18:06:06Z,I4-Q028,live-read,"operators=dot. Schema (catalog columns_field_name): camera_id address intersection violation_date violations latitude longitude. Description verbatim: ""This dataset reflects the daily volume of violations that have occurred in Children's Safety Zones for each camera. The data reflects violations that occurred from July 1, 2014 until present, minus the most recent 14 days."" Aggregate per camera-day (no plate/owner fields). Location layer already registered; this is the usage series.",I4-T09-C03-G0,target,FAM-B-ATE-OD,,fixed-camera-unspecified (provisional); traffic-enforcement:ate-speed-camera (proposed),independent_account,pass,200 GET catalog 2026-09-30T18:06:06Z,NEW-8,12-year daily per-camera activity series for the largest US ATE program with open data - activity evidence beyond the registered location layers.
I4-C054,Red Light Camera Violations,https://data.cityofchicago.org/d/spqx-js37,"City of Chicago, Department of Transportation (Socrata)",gov-open-data,T09,US-IL:Chicago,"all Chicago program cameras, 2014-07-01 to present-14d (live-read catalog description)",socrata,daily (Metadata_Frequency=Daily),per camera-day rows; row count not read (catalog metadata only),https://data.cityofchicago.org/d/spqx-js37,"licence field: ""See Terms of Use"" (Chicago ToU text not captured; registry records chicago.gov ToU 404, camera_registry_targets.toml:394)",guess:LicenseRef-Chicago-ToU,bytes=undetermined; facts=likely-open; derived=undetermined,none-observed,origin,related:camreg_chicago_il,dot_511:socrata_rows,2026-09-30T18:06:06Z,I4-Q027,live-read,"operators=dot. Schema (catalog columns_field_name): camera_id address intersection violation_date violations latitude longitude. Description verbatim: ""This dataset reflects the daily volume of violations created by the City of Chicago Red Light Program for each camera. The data reflects violations that occurred from July 1, 2014 until present, minus the most recent 14 days."" Aggregate per camera-day (no plate/owner fields). Location layer already registered; this is the usage series.",I4-T09-C03-G0,target,FAM-B-ATE-OD,,fixed-camera-unspecified (provisional); traffic-enforcement:ate-red-light-camera (proposed),independent_account,pass,200 GET catalog 2026-09-30T18:06:06Z,NEW-8,12-year daily per-camera activity series for the largest US ATE program with open data - activity evidence beyond the registered location layers.
I4-C055,Automated Speed Enforcement Violations,https://data.montgomerycountymd.gov/d/uv5p-zm58,"Montgomery County, MD, Department of Police (Socrata)",gov-open-data,T09,US-MD:Montgomery County,"all county program sites, quarterly totals (live-read catalog description)",socrata,quarterly (description),per site-quarter rows; count not read,https://data.montgomerycountymd.gov/d/uv5p-zm58,"licence field: ""Public Domain""",guess:LicenseRef-PublicDomain,bytes=likely-open; facts=likely-open; derived=likely-open,none-observed,origin,new,dot_511:socrata_rows,2026-09-30T18:06:06Z,I4-Q028,live-read,"operators=police. Schema: site_number address directions quarter_name total latitude longitude (site points => doubles as a location layer). Description verbatim: ""This data set contains data about speeding violations captured through automated enforcement (speed cameras).  Update Frequency: Quarterly"" Created 2024-03-13. Also ArcGIS SpeedCameras_2024 (C062) from MCPD.",I4-T09-C03-G0,target,FAM-B-ATE-OD,,fixed-camera-unspecified (provisional); traffic-enforcement:ate-speed-camera (proposed),independent_account,pass,200 GET catalog 2026-09-30T18:06:06Z,NEW-8,Public-domain per-site ATE location+activity series for a large county (one of the oldest US speed-camera programs) absent from the registry.
I4-C056,Automated Red Light Violations,https://data.montgomerycountymd.gov/d/3cju-6hst,"Montgomery County, MD, Department of Police (Socrata)",gov-open-data,T09,US-MD:Montgomery County,"all county program sites, quarterly totals (live-read catalog description)",socrata,quarterly (description),per site-quarter rows; count not read,https://data.montgomerycountymd.gov/d/3cju-6hst,"licence field: ""Public Domain""",guess:LicenseRef-PublicDomain,bytes=likely-open; facts=likely-open; derived=likely-open,none-observed,origin,new,dot_511:socrata_rows,2026-09-30T18:06:06Z,I4-Q027,live-read,"operators=police. Schema: site_number address directions quarter_name total latitude longitude (site points => doubles as a location layer). Description verbatim: ""This data set contains data about violations for running red lights at traffic signals captured by automated enforcement (red-light cameras).  Update Frequency: Quarterly"" Created 2024-03-13. Also ArcGIS SpeedCameras_2024 (C062) from MCPD.",I4-T09-C03-G0,target,FAM-B-ATE-OD,,fixed-camera-unspecified (provisional); traffic-enforcement:ate-red-light-camera (proposed),independent_account,pass,200 GET catalog 2026-09-30T18:06:06Z,NEW-8,Public-domain per-site ATE location+activity series for a large county (one of the oldest US speed-camera programs) absent from the registry.
I4-C057,Automated School Bus Camera Violations,https://data.montgomerycountymd.gov/d/fp9s-vfdj,"Montgomery County, MD, Department of Police (Socrata)",gov-open-data,T09,US-MD:Montgomery County,county school-bus stop-arm camera violations (live-read catalog description),socrata,quarterly (description),per-violation rows; count not read,https://data.montgomerycountymd.gov/d/fp9s-vfdj,"licence field: ""Public Domain""",guess:LicenseRef-PublicDomain,bytes=likely-open; facts=likely-open; derived=likely-open,person-level-enforcement (suspected: per-violation rows with timestamp+location; no plate/owner field in schema),origin,new,dot_511:socrata_rows,2026-09-30T18:05:49Z,I4-Q027,live-read,"operators=police;school-district. Schema: id citation_bus_number violation_datetime tickets_mailed intersection latitude longitude quarter_name. Description verbatim: ""violations for passing a school bus with red lights flashing captured by automated enforcement (bus-arm cameras)"". Ingest only as aggregates (count by bus/quarter); rows not read.",I4-T09-C03-G0,target,FAM-B-ATE-OD,,traffic-enforcement:ate-school-bus-stop-arm-camera (proposed); fixed-camera-unspecified (provisional),independent_account,flag,200 GET catalog 2026-09-30T18:05:49Z,NEW-8,Only open dataset met for bus-mounted stop-arm cameras (vehicle-mounted ATE sub-class the proposed family must cover).
I4-C058,MTA Bus Automated Camera Enforced Routes: Beginning October 2019,https://data.ny.gov/d/ki2b-sg5y,Metropolitan Transportation Authority (New York City Transit / MTA Bus) via data.ny.gov,gov-open-data,T09,US-NY:New York City,all MTA bus routes with ABLE/ACE camera enforcement since 2019 (live-read catalog description),socrata,"irregular (Posting-Frequency ""As needed"")",route-program rows; count not read,NONE-FOUND(checked: https://api.us.socrata.com/api/catalog/v1 licence field for ki2b-sg5y),NONE-FOUND,guess:NOASSERTION,bytes=undetermined; facts=likely-open; derived=undetermined,none-observed,origin,new,dot_511:socrata_rows,2026-09-30T18:06:06Z,I4-Q029,live-read,"operators=transit. Schema: program route implementation_date. Description verbatim: ""ABLE, launched as a pilot in 2019, and later expanded and rebranded as ACE in 2024, uses cameras mounted on buses to capture vehicles obstructing bus lanes, double parked, or parked illegally at bus stops."" Programme-level deployment facts (route x date).",I4-T09-C03-G0,target,FAM-B-ATE-OD,,traffic-enforcement:ate-bus-lane-camera (proposed); fixed-camera-unspecified (provisional),independent_account,pass,200 GET catalog 2026-09-30T18:06:06Z,NEW-8,"Transit-operated, vehicle-mounted camera enforcement deployment by route/date - a transit-operator ATE lane SIG has no source for."
I4-C059,MTA Bus Automated Camera Enforcement Violations: Beginning October 2019,https://data.ny.gov/d/kh8p-hcbm,Metropolitan Transportation Authority via data.ny.gov,gov-open-data,T09,US-NY:New York City,every ACE violation incl. rejected (live-read catalog description),socrata,monthly (Posting-Frequency),"per-violation rows (granularity ""Violation ID""); count not read",NONE-FOUND(checked: Socrata catalog licence field for kh8p-hcbm),NONE-FOUND,guess:NOASSERTION,bytes=undetermined; facts=likely-open; derived=undetermined,"plate-level (vehicle_id column: per-vehicle identifier, reversible-derivative risk); person-level-enforcement",origin,new,none (metadata only),2026-09-30T18:06:06Z,I4-Q029,live-read,operators=transit. Schema only: violation_id vehicle_id first_occurrence last_occurrence violation_latitude violation_longitude bus_route_id stop_id violation_type violation_status. BLOCK: never read rows; an aggregate (violations by route/month) could be derived only by the publisher. Captured as the metadata-only exception (aggregate lane pointer).,I4-T09-C03-G0,target,FAM-B-ATE-OD,,traffic-enforcement:ate-bus-lane-camera (proposed),independent_account,block,200 GET catalog 2026-09-30T18:06:06Z,NEW-8,Documents a per-vehicle ATE violation feed that must be blocked; recorded so I7 does not ingest it by accident.
I4-C060,Traffic Camera Citations,https://data.nola.gov/d/va3u-jspg,"City of New Orleans, Chief Administrative Office (Socrata; attribution ""Automated Traffic Systems (Vendor)"")",gov-open-data,T09,US-LA:New Orleans,citations since April 2008 (live-read catalog description),socrata,static (last updated 2022-02-06; stated Monthly),per-citation rows; count not read,https://data.nola.gov/d/va3u-jspg,"licence field: ""Creative Commons 1.0 Universal (Public Domain Dedication)""",guess:CC0-1.0,bytes=likely-open; facts=likely-open; derived=likely-open,person-level-enforcement (recipient_zip_code/recipient_city/recipient_state + notice_number + vio_datetime + vio_evnt_speed),origin,related:camreg_nola_safety_la,none (metadata only),2026-09-30T18:05:49Z,I4-Q027,live-read,"operators=police. BLOCK rows. Description points to a locations dataset ""Traffic-Camera-Locations/htp7-qv47"" (not fetched; check vs registered camreg_nola_safety_la ArcGIS layer). Vendor-attributed data (attribution field).",I4-T09-C03-G0,target,FAM-B-ATE-OD,,fixed-camera-unspecified (provisional); traffic-enforcement:ate-speed-camera (proposed); traffic-enforcement:ate-red-light-camera (proposed),independent_account,block,200 GET catalog 2026-09-30T18:05:49Z,NEW-8,Block record: per-citation ATE data with recipient geography; pointer to a NOLA locations dataset (htp7-qv47) to verify.
I4-C061,Automated Enforcement Locations (Tacoma),https://services3.arcgis.com/SCwJH1pD8WSn5T5y/arcgis/rest/services/AutomatedEnforcementLocations_Tacoma/FeatureServer/0,"City of Tacoma, Public Works (ArcGIS Online, owner IT.DataCurator)",gov-open-data,T09,US-WA:Tacoma,Tacoma speed camera locations (live-read F038),arcgis,unknown,unknown (metadata only),https://hub.arcgis.com/api/search/v1/collections/dataset/items?q=speed%20camera (item ed8eb6a8c87643faa3ea1c6864301c05),"licenseInfo: ""Disclaimer | City of Tacoma Open Data""; accessInformation: ""City of Tacoma, Public Works""; layer copyrightText: ""City of Tacoma""",guess:NOASSERTION,bytes=undetermined; facts=likely-open; derived=undetermined,none-observed,origin,new,dot_511:arcgis_query,2026-09-30T18:07:16Z,I4-Q030;I4-F038,live-read,"operators=dot. Fields: location cameratype address x y direction_of_travel speed_limit. Description verbatim: ""locations and attributes of speed cameras, created as part of the Automated Enforcement program for City of Tacoma"". Tacoma also publishes ""AE Camera Corridors"" (20f99629..., candidate expansion corridors) in C065. Cross-check: WTSC tables list Tacoma red-light and school-zone cameras (F041).",I4-T09-C03-G0,target,FAM-B-ATE-OD,,fixed-camera-unspecified (provisional); traffic-enforcement:ate-speed-camera (proposed),independent_account,pass,200 GET 2026-09-30T18:07:16Z,NEW-8,Agency-owned WA ATE layer corroborable against the new WTSC statewide table (C067).
I4-C062,SpeedCameras_2024 (MCPD Speed camera Locations as of August 2024),https://services2.arcgis.com/gEFt9c3jUfWMXCEP/arcgis/rest/services/SpeedCameras_2024/FeatureServer,"Montgomery County (MD) Police Department (ArcGIS Online, owner <staff account id redacted>)",gov-open-data,T09,US-MD:Montgomery County,"MCPD speed camera locations as of Aug 2024 (Hub snippet, live-read Q030 response)",arcgis,"static (snapshot ""as of August 2024"")",unknown (layer JSON not fetched),NONE-FOUND(checked: Hub item 71702a6aebe74eea9ac6511d05748791 licenseInfo/accessInformation empty),NONE-FOUND,guess:NOASSERTION,bytes=undetermined; facts=likely-open; derived=undetermined,none-observed,origin,new,dot_511:arcgis_query,2026-09-30T18:06:46Z,I4-Q030,live-read,"operators=police. Agency-org item (orgName ""Montgomery County Police Dept""); layer schema not fetched (budget). Snapshot complements Socrata uv5p-zm58 (C055).",I4-T09-C03-G0,target,FAM-B-ATE-OD,,fixed-camera-unspecified (provisional); traffic-enforcement:ate-speed-camera (proposed),independent_account,pass,200 GET Hub search 2026-09-30T18:06:46Z (layer not fetched),NEW-8,Dated point snapshot of a major county speed-camera fleet; lineage-independent of the Socrata site table.
I4-C063,Speed Safety Cameras (Bellevue),https://services1.arcgis.com/EYzEZbDhXZjURPbP/arcgis/rest/services/Speed_Safety_Cameras/FeatureServer,"City of Bellevue, WA (ArcGIS Online, owner <staff account id redacted>)",gov-open-data,T09,US-WA:Bellevue,"Bellevue speed safety camera locations (Hub snippet, Q030)",arcgis,unknown,unknown (layer JSON not fetched),https://hub.arcgis.com/api/search/v1/collections/dataset/items?q=speed%20camera (item 1bd1907efbe6410ab308c99bdb607f82 licenseInfo),"Disclaimer: The information on this map is a geographic representation derived from the City of Bellevue Geographic Information System. The City of Bellevue does not guarantee that the information on this map is accurate or complete. This map is provided on an ""as is"" basis and disclaims all warrant[...truncated in capture]",guess:LicenseRef-Bellevue-GIS-Disclaimer,bytes=undetermined; facts=likely-open; derived=undetermined,none-observed,origin,related:camreg_bellevue_wa,dot_511:arcgis_query,2026-09-30T18:06:46Z,I4-Q030,live-read,"operators=dot. Sibling Bellevue traffic-camera source is GATED for a commercial-use prohibition in its licence (sources.toml:3536, L037) - same clause may apply here; full licenseInfo not captured. WTSC lists Bellevue red-light + school-zone cameras (F041).",I4-T09-C03-G0,target,FAM-B-ATE-OD,,fixed-camera-unspecified (provisional); traffic-enforcement:ate-speed-camera (proposed),independent_account,pass,200 GET Hub search 2026-09-30T18:06:46Z (layer not fetched),NEW-8,WA agency ATE layer; rights likely follow the already-gated Bellevue camera source.
I4-C064,SchZoneHighligh (school zones where automated enforcement is applied),https://opendata.howardcountymd.gov/d/h9kb-3hx7,"Howard County, MD (Socrata)",gov-open-data,T09,US-MD:Howard County,"school-zone polygons under automated enforcement (catalog description ""School zone where automated enforcement is applied."")",socrata,irregular (updated 2024-04-10),geometry rows; count not read,NONE-FOUND(checked: Socrata catalog licence field for h9kb-3hx7),NONE-FOUND,guess:NOASSERTION,bytes=undetermined; facts=likely-open; derived=undetermined,none-observed,origin,new,dot_511:socrata_rows,2026-09-30T18:06:06Z,I4-Q028,live-read,operators=police;dot. Schema: id the_geom. Zone (enforcement area) not device points.,I4-T09-C03-G0,target,FAM-B-ATE-OD,,fixed-camera-unspecified (provisional); traffic-enforcement:ate-speed-camera (proposed),independent_account,pass,200 GET catalog 2026-09-30T18:06:06Z,NEW-8,Enforcement-zone geometry (not points) - shows the ontology needs an area-of-enforcement predicate for ATE.
I4-C065,Additional US agency ATE items on ArcGIS Hub (metadata only; layers not fetched),https://hub.arcgis.com/api/search/v1/collections/dataset/items?q=speed%20camera,multiple (City of Medford OR; City of Boulder CO; City of Sherwood OR; Connecticut DOT; City of Tacoma; Osceola (FL) account; City of Albuquerque account; Altumint (vendor) for Fairfield CT),gov-open-data,T09,US-OR:Medford; US-CO:Boulder; US-OR:Sherwood; US-CT; US-WA:Tacoma; US-FL:Osceola County; US-NM:Albuquerque; US-CT:Fairfield,"8 items (Hub search responses Q030/Q031, live-read)",arcgis,unknown,8 items,per item: Boulder licenseInfo points to https://bouldercolorado.gov/services/open-data#section-4148 (not fetched); others empty,"Boulder licenseInfo: ""https://bouldercolorado.gov/services/open-data#section-4148""; others NONE-FOUND",guess:NOASSERTION,bytes=undetermined; facts=likely-open; derived=undetermined,none-observed,origin,new,dot_511:arcgis_query,2026-09-30T18:06:46Z,I4-Q030;I4-Q031,live-read,"operators=dot;police. Item ids: Medford 4568b09185cf4bb28c7db73aad9f8203 (""There are five photo enforced intersections in the city of Medford. These cameras record red light and speeding violations.""; Medford org also hosts a registered Flock layer); Boulder 48adb3d13b8e485b88315d4766eaa254 (Red Light Cameras PUBLIC VIEW; owner <staff account id redacted> personal-style account -> lineage check NEW-5); Sherwood 827e8bd855f0430bbe1535f99ad38b9c (Mobile Speed Cameras = feedback-form service -> likely public-comment points, private-person-name risk, verify); CTDOT de7f20af877941fb98d109f267b353bf (Automated Work Zone Speed Camera Maintenance Work); Tacoma 20f9962953f44e828b7bc6772c187752 (AE Camera Corridors - candidate expansion corridors, speed studies); Osceola 4578b6146fd5479188da9c0e0f9695eb (School Speed Camera Locations, personal account); Albuquerque e7dc7650f5534fa8bea66c490b36a83e (High Priority Proposed Speed Camera Locations, planning); Fairfield CT a459e4551bd44eecb13f7e300f0311df (CSV, orgName Altumint = vendor-published, ""the vendor states"" lineage). Excluded: student/university republishes of Chicago data (NEW-5), Philadelphia Inquirer CSV (journalism, not fetched).",I4-T09-C03-G0,family,FAM-B-ATE-OD,Altumint,fixed-camera-unspecified (provisional); traffic-enforcement:ate-speed-camera (proposed); traffic-enforcement:ate-red-light-camera (proposed),independent_account,flag,200 GET Hub search 2026-09-30T18:06:46Z (layers not fetched),NEW-8; I1:state=CT; I1:state=OR; I1:state=NM,"Shortlist of 8 further agency/vendor ATE layers (incl. work-zone and school-zone programmes in CT, FL, NM) for I7 metadata verification."
I4-C066,"Edmonton photo-enforcement datasets (ISD locations, photo enforcement zones, tickets issued by month)",https://data.edmonton.ca/d/7fnd-72gr,City of Edmonton (Socrata),gov-open-data,T09,ISO:CA; CA-AB,"10 datasets (Socrata catalog Q027/Q029, live-read)",socrata,monthly/irregular (updatedAt 2025-09..2026-09),10 datasets,https://data.edmonton.ca/d/7fnd-72gr,"licence field: ""See Terms of Use"" (7 datasets); none (vfki-xv3i, 39my-9n5c)",guess:LicenseRef-Edmonton-ToU,bytes=undetermined; facts=likely-open; derived=undetermined,none-observed,origin,new,dot_511:socrata_rows,2026-09-30T18:06:06Z,I4-Q027;I4-Q029;I4-L039,live-read,"out-of-cell→I5 (international). Ids: 7fnd-72gr ISD locations; vfki-xv3i / 39my-9n5c / mbyc-ffgt / epqc-y5cq / pmj3-tdmq photo enforcement zones (+history); x6it-tefe mobile zones; r53s-3xgt mobile tickets by month (site x month, speed bins = aggregate); qytp-zt97 ISD tickets by month. Registry has Calgary/St Albert/Ottawa ATE but not Edmonton.",I4-T09-C03-G0,family,FAM-B-ATE-EDM,,fixed-camera-unspecified (provisional); traffic-enforcement:ate-speed-camera (proposed); traffic-enforcement:ate-red-light-camera (proposed),independent_account,pass,200 GET catalog 2026-09-30T18:06:06Z,NEW-8,Most complete ATE open-data set met (locations + scheduled zones + monthly tickets) - an ATE schema template for I5.
I4-C067,"2026 Automated Safety Enforcement Report (Report to the Legislature, RCW 46.63.220(6))",https://wtsc.wa.gov/wp-content/uploads/dlm_uploads/2026/06/2026-Automated-Safety-Enforcement-Report_WTSC.pdf,Washington Traffic Safety Commission (with University of Washington),statutory-report,T09,US-WA,"statewide: ""29 incorporated municipalities currently operating automated enforcement programs""; ""416 cameras in operation as of December 31, 2025"" (live-read F041)",pdf,"annual (statute: annual report beginning July 1, 2026)",51 pp; Appendix B per-city supplementary tables (red-light 22 cities; school-zone 25 cities; speed/other),NONE-FOUND(checked: F041 pdf text),NONE-FOUND,guess:LicenseRef-WA-StateAgencyWork,bytes=undetermined; facts=likely-open; derived=undetermined,none-observed,origin,new,dossier_documents:pdf_text,2026-09-30T18:07:58Z,I4-Q033;I4-F041;I4-F257,live-read,"operators=police;dot. Verbatim (F041): ""All cities contracted with one of two vendors, Novoa Global and Verra Mobility""; ""Slightly more than half of these cameras (215; 52 percent of all cameras) enforced red-light compliance""; ""Overall, 846,133 infractions were issued statewide in 2025""; mandate ""(ii) The Washington traffic safety commission must provide an annual report to the transportation committees of the legislature, and post the report to its website for public access, beginning July 1, 2026, that includes ... information on the number of automated traffic safety cameras in use by type and location"". Also notes ""RCW 46.63.170 was repealed in 2024"" (seed statute in batch prompt is superseded) and SB 6066 (2026) crash prevention zones effective June 11, 2026. Future editions to add school-bus and work-zone cameras. | integrator QA I4-F257: bytes identical to B's capture (sha256 6ea0e2d9ecdc); quotes confirmed",I4-T09-C04-GS,publisher,FAM-B-ATE-STAT,Verra Mobility; Novoa Global,fixed-camera-unspecified (provisional); traffic-enforcement:ate-speed-camera (proposed); traffic-enforcement:ate-red-light-camera (proposed),independent_account,pass,200 GET 2026-09-30T18:07:58Z,NEW-8; I1#4; I1:state=WA,"First statewide statutory ATE census found (every WA program, camera counts by type, vendor, infractions per city) - a recurring state channel that beats city-by-city discovery."
I4-C068,WA city/county annual automated traffic safety camera reports (RCW 46.63.220(6)(b)(i) duty),https://wtsc.wa.gov/wp-content/uploads/dlm_uploads/2026/06/2026-Automated-Safety-Enforcement-Report_WTSC.pdf,29 WA cities operating programs (per WTSC),statutory-report,T09,US-WA,"29 cities (+4 in development) per F041; 1 exemplar fetched (Seattle, C069)",pdf,annual (statutory),~29 reports/yr (computed from F041 city count),"NONE-FOUND(checked: F041, F066)",NONE-FOUND,guess:NOASSERTION,bytes=undetermined; facts=likely-open; derived=undetermined,none-observed,origin,new,dossier_documents:pdf_text,2026-09-30T18:07:58Z,I4-Q033;I4-F041;I4-F066,live-read,"Duty verbatim (F041 Appendix C): ""(b)(i) Cities and counties using automated traffic safety cameras must post an annual report on the city's or county's website of the number of traffic crashes that occurred at each location where an automated traffic safety camera is located, as well as the number of notices of infraction issued for each camera."" Per-camera (location) granularity by statute; list of 29 cities is in F041 pp.16-17.",I4-T09-C04-GS,family,FAM-B-ATE-STAT,Verra Mobility; Novoa Global,fixed-camera-unspecified (provisional); traffic-enforcement:ate-speed-camera (proposed); traffic-enforcement:ate-red-light-camera (proposed),independent_account,pass,200 GET 2026-09-30T18:07:58Z,NEW-8; I1#4; I1:state=WA,Statutory per-camera reporting duty in 29 cities - location-level ATE facts with a legal publication mandate.
I4-C069,2024-2025 Automated Traffic Safety Camera Program Annual Report,https://seattle.gov/documents/Departments/SDOT/VisionZero/ATSC/2024_2025_ATSC_Annual_Report.pdf,"City of Seattle, Seattle Department of Transportation",statutory-report,T09,US-WA:Seattle,"all Seattle ATSC sites: red-light, school speed zone, block-the-box, transit-only lane (live-read F066)",pdf,annual (Seattle Municipal Code since 2013 + RCW 46.63.220),"22 pp incl. appendix site table (Site ID, Site Name, ATSC Type)",NONE-FOUND(checked: F066 pdf text),NONE-FOUND,guess:NOASSERTION,bytes=undetermined; facts=likely-open; derived=undetermined,none-observed,origin,related:camreg_seattle_wa,dossier_documents:pdf_text,2026-09-30T18:16:19Z,I4-Q033;I4-F066,live-read,"operators=dot. Dated September 2026. Verbatim: ""Since 2013, Seattle Municipal Code has required that the Executive prepare an annual report which includes the number of traffic crashes and notices of infraction issued for each camera location"". Red-light notices table total ""44,318 27,204"" (events vs infractions, cf WTSC Seattle red-light 42,850/27,204). Revenue table 2024 total $14,400,450. Registered layer seattle_wa_atsc_cameras gives points; this adds per-site activity + crashes.",I4-T09-C04-GS,target,FAM-B-ATE-STAT,,fixed-camera-unspecified (provisional); traffic-enforcement:ate-speed-camera (proposed); traffic-enforcement:ate-red-light-camera (proposed); traffic-enforcement:ate-bus-lane-camera (proposed),independent_account,pass,200 GET 2026-09-30T18:16:19Z,NEW-8; I1#4,Exemplar of the RCW 46.63.220 city duty: per-site infractions/crashes/revenue for a registered layer.
I4-C070,NYC school speed zone photo enforcement annual report (N.Y. VTL §1180-b(n)),https://www.nysenate.gov/legislation/laws/VAT/1180-B,"City of New York (NYC DOT) - report to Governor, Temporary President of the Senate, Speaker of the Assembly",statutory-report,T09,US-NY:New York City,"up to 750 school speed zones (statute, F059)",other,annual (due June 1 each year since 2020),1 report/yr,NONE-FOUND(checked: F059),NONE-FOUND,guess:LicenseRef-PublicLaw,bytes=undetermined; facts=likely-open; derived=undetermined,none-observed,origin,new,dossier_documents:pdf_text,2026-09-30T18:15:59Z,I4-Q033;I4-F059;I4-F042,live-read,"LEAD-ONLY (publication access-blocked). access=a860-gpp.nyc.gov 403 (F042). Duty verbatim (F059): report contents include ""the locations where and dates when photo speed violation monitoring systems were used"", ""the number of violations recorded within all school speed zones"", ""the total amount of revenue realized by the city""; program sunset July 1, 2030. Search lead: NYC DOT 2024 speed camera report on NYC Government Publications Portal (not fetched).",I4-T09-C04-GS,channel,FAM-B-ATE-STAT,,fixed-camera-unspecified (provisional); traffic-enforcement:ate-speed-camera (proposed),independent_account,pass,F059 200 statute; F042 403 publication portal,NEW-8; I1#4; I1:state=NY,Statutory annual report with camera locations+dates for the largest US speed-camera program (750 zones).
I4-C071,"Maryland statewide speed monitoring system program report (Transp. §21-809, Maryland Police Training and Standards Commission)",https://mgaleg.maryland.gov/mgawebsite/Laws/StatuteText?article=gtr&section=21-809&enactments=false,Maryland Police Training and Standards Commission (report to Governor and General Assembly),statutory-report,T09,US-MD,"every speed monitoring program run by a local jurisdiction, SHA or MDTA (statute, F062)",other,annual (on or before Dec 31),1 statewide report/yr,NONE-FOUND(checked: F062),NONE-FOUND,guess:LicenseRef-PublicLaw,bytes=undetermined; facts=likely-open; derived=undetermined,none-observed,origin,new,dossier_documents:pdf_text,2026-09-30T18:15:59Z,I4-Q032;I4-F062,live-read,"LEAD-ONLY (duty verified; publication not searched - batch budget). Duty verbatim (F062): ""Compile and make publicly available a report for the previous fiscal year on each speed monitoring system program operated by a local jurisdiction, the State Highway Administration, or the Maryland Transportation Authority"". Required contents (F062 summary): citations issued/voided per camera, gross/net revenue, contractor payments, system types, specific locations, activation dates, citation counts per system per location. Registered MD ATE (Baltimore, PG County) + new Montgomery/Howard (C055/C056/C064) could be reconciled against it.",I4-T09-C04-GS,channel,FAM-B-ATE-STAT,,fixed-camera-unspecified (provisional); traffic-enforcement:ate-speed-camera (proposed),independent_account,pass,F062 200 statute; publication not reached,NEW-8; I1#4; I1:state=MD,Statute mandates a public statewide per-camera location+citation+contractor-payment census - highest-value ATE lead if the MPTSC publication is found.
I4-C072,Virginia photo speed monitoring device reports to Department of State Police (Code of Va. §46.2-882.1(K)),https://law.lis.virginia.gov/vacode/title46.2/chapter8/section46.2-882.1/,Virginia state and local law-enforcement agencies operating photo speed devices (report to Virginia State Police),statutory-report,T09,US-VA,"all VA operators of photo speed devices in school crossing zones, highway work zones, high-risk intersection segments, safety red zones (PD 8), National Park highways (F061)",other,annual (by November 15),unknown,NONE-FOUND(checked: F061),NONE-FOUND,guess:LicenseRef-PublicLaw,bytes=undetermined; facts=likely-open; derived=undetermined,none-observed,origin,new,dossier_documents:pdf_text,2026-09-30T18:15:59Z,I4-Q032;I4-F061,live-read,"LEAD-ONLY (duty; publication not found/not searched). Duty verbatim (F061): ""Any state or local law-enforcement agency that places and operates a photo speed monitoring device ... shall report to the Department of State Police ... by November 15 of each year on the number of traffic violations prosecuted; the number of successful prosecutions; the operating costs ... and the total amount of monetary civil penalties collected."" Whether VSP compiles/publishes is unverified. Registered VA ATE: Arlington photo red/speed.",I4-T09-C04-GS,channel,FAM-B-ATE-STAT,,fixed-camera-unspecified (provisional); traffic-enforcement:ate-speed-camera (proposed),independent_account,pass,F061 200 statute; publication not reached,NEW-8; I1#4; I1:state=VA,State-police-held annual returns from every VA speed-camera operator - a records-acquisition lead for a statewide census.
I4-C073,"Oregon city photo red light / photo radar process-and-outcome evaluations to the Legislative Assembly (ORS 810.434, 810.438)",https://www.oregonlegislature.gov/bills_laws/ors/ors810.html,Oregon cities operating photo red light / photo radar,statutory-report,T09,US-OR,every operating OR city (count unknown),other,biennial (by March 1 of each odd-numbered year),unknown,NONE-FOUND(checked: F065),NONE-FOUND,guess:LicenseRef-PublicLaw,bytes=undetermined; facts=likely-open; derived=undetermined,none-observed,origin,new,dossier_documents:pdf_text,2026-09-30T18:16:19Z,I4-Q032;I4-F065,live-read,"LEAD-ONLY. Duty verbatim (F065): ""By March 1 of each odd-numbered year, each city that operates a camera under this section shall present to the Legislative Assembly the process and outcome evaluation conducted by the city."" Likely deposited with the Legislature (OLIS) - not searched. Hub leads Medford/Sherwood OR in C065.",I4-T09-C04-GS,channel,FAM-B-ATE-STAT,,fixed-camera-unspecified (provisional); traffic-enforcement:ate-speed-camera (proposed); traffic-enforcement:ate-red-light-camera (proposed),independent_account,pass,F065 200 statute; publication not reached,NEW-8; I1#4; I1:state=OR,Biennial statutory evaluations naming every OR ATE city - a legislature-deposited channel.
I4-C074,Rhode Island automated school-zone speed enforcement annual reports (R.I. Gen. Laws §31-41.3-14),https://webserver.rilegislature.gov/Statutes/TITLE31/31-41.3/31-41.3-14.htm,RI agencies/municipalities authorizing school-zone speed cameras,statutory-report,T09,US-RI,every RI school-zone speed camera programme (count unknown),other,annual,unknown,"NONE-FOUND(checked: F069, F070)",NONE-FOUND,guess:LicenseRef-PublicLaw,bytes=undetermined; facts=likely-open; derived=undetermined,none-observed,origin,new,dossier_documents:pdf_text,2026-09-30T18:17:01Z,I4-Q032;I4-F069;I4-F070,live-read,"LEAD-ONLY. Duty (F070): ""The agency or municipality authorizing the installation of automated school-zone-speed-enforcement systems"" shall prepare ""an annual report"" with citations issued per school zone, violations paid/found/dismissed, accidents at each zone, maintenance costs, revenue; no recipient named. Source P.L. 2016 ch. 164/165.",I4-T09-C04-GS,channel,FAM-B-ATE-STAT,,fixed-camera-unspecified (provisional); traffic-enforcement:ate-speed-camera (proposed),independent_account,pass,F070 200 statute; publication not reached,NEW-8; I1#4; I1:state=RI,Per-school-zone reporting duty in RI; closes an I1 state gap if municipal reports are posted.
I4-C075,Speed and Red Light Cameras - state laws (GHSA State Laws by Issue),https://www.ghsa.org/state-laws/issues/speed%20and%20red%20light%20cameras,Governors Highway Safety Association,ngo,T09,US,50 states + DC across 6 pages; page 1 (AL-FL) read (live-read F040),html,"irregular (""Last Updated: October 2025 (laws reviewed June 2025)"")",51 jurisdiction rows (6 pages),NONE-FOUND(checked: F040),NONE-FOUND,guess:NOASSERTION,bytes=undetermined; facts=likely-open; derived=undetermined,none-observed,derived-from:IIHS/NCSL state law compilations,new,curated ingest,2026-09-30T18:07:22Z,I4-Q032;I4-F040,live-read,"Inventory-first compilation for I4-T09-C04-GS. Sources stated: NCSL, IIHS, State Highway Safety Offices. Page-1 examples (F040): California speed ""Permitted in seven specified jurisdictions (pilot program through Jan 1, 2032)""; Connecticut speed/red light ""effective 10/1/23""; Delaware speed ""No state law or programs"". NCSL origin blocked (F039 403). Authorisation, not reporting duties - duties verified at origin (C067-C074).",I4-T09-C04-GS,channel,FAM-B-ATE-STAT,,fixed-camera-unspecified (provisional); traffic-enforcement:ate-speed-camera (proposed); traffic-enforcement:ate-red-light-camera (proposed),derived_summary,pass,200 GET 2026-09-30T18:07:22Z; ncsl.org 403,NEW-8; I1#4,Maintained 51-jurisdiction ATE authorisation table - the enumeration spine for per-state ATE duties and programmes.
I4-C076,Oakland ShotSpotter/SoundThinking legislative matters (Legistar InSite API),"https://webapi.legistar.com/v1/oakland/matters?$filter=substringof('ShotSpotter',MatterTitle)","City of Oakland, CA (City Council via Legistar)",agenda,T13,US-CA:Oakland,19 matters 2006-06-22 to 2025-05-06 (live-read Q036),api,irregular (per council action),19 matters,NONE-FOUND(checked: Legistar API response),NONE-FOUND,guess:NOASSERTION,bytes=undetermined; facts=likely-open; derived=undetermined,free-text-narrative,origin,related:legistar,procurement:legistar,2026-09-30T18:10:11Z,I4-Q036,live-read,"operators=police;housing. tenant already enumerated (agenda_tenants.toml oakland_ca, verified 2026-09-17). Lifecycle exemplar: 2006 ""Shot Spotter Lease Agreement ... Waiving The Competitive Bid Process""; 2012 PSA; 2012 ""Oakland Housing Authority MOU - Shotspotter""; 2014/2016/2018/2020/2021 extensions/amendments; 2024-07-05 ""Renew The Agreement Which Expired June 30, 2024 With Soundthinking Inc.""; 2024-09-19 ""OPD ShotSpotter Annual Report"" (surveillance-ordinance report -> ccops_oakland, P31-owned: consume_existing). Channel conclusion: GSD agenda evidence is reachable by title filter on the ~318 registered Legistar tenants with the existing vocab term ""shotspotter"" - configure-existing, not a new source.",I4-T13-C07-G0,target,FAM-B-GSD-AGENDA,SoundThinking (ShotSpotter),gunshot-detection-fixed; gunshot-detection-unspecified,independent_account,flag,200 GET 2026-09-30T18:10:11Z; cleveland tenant 500 (Q037),I1#8,Proves one Legistar filter returns a 19-year GSD contract lifecycle (sole-source waiver to renewal) - GSD beyond Atlas via an already-live connector.
I4-C077,"Agenda Report: Authorize the City Manager to enter into a contract with SoundThinking, Inc. (formerly ShotSpotter, Inc.) - Jan 27, 2025, Item 2",https://ww2.cityofpasadena.net/2025%20Agendas/Jan_27_25/AR%202.pdf,"City of Pasadena, CA (Police Department to City Council)",agenda,T13,US-CA:Pasadena,"1 renewal; system ""fully operational on February 9, 2022"" (live-read F047)",pdf,static,4 pp,NONE-FOUND(checked: F047),NONE-FOUND,guess:NOASSERTION,bytes=undetermined; facts=likely-open; derived=undetermined,free-text-narrative,origin,new,dossier_documents:pdf_text,2026-09-30T18:10:52Z,I4-Q038;I4-F047,live-read,"operators=police. Verbatim: ""AMOUNT NOT TO EXCEED $661,500 OVER A THREE-YEAR PERIOD""; ""without competitive bidding pursuant to City Charter Section 1002(f)""; funding ""appropriating $220,500 from the unappropriated fund balance in the Asset Forfeiture Fund 207""; Community Police Oversight Commission recommended renewal Dec 12, 2024. Sole-source rationale repeats vendor claims (""the only system that offers a multi-level, comprehensive review process"") = the city restating the vendor. Pasadena agenda platform not in tenant registry (ww2.cityofpasadena.net static PDFs).",I4-T13-C07-G0,target,FAM-B-GSD-AGENDA,SoundThinking (ShotSpotter),gunshot-detection-fixed; gunshot-detection-unspecified,independent_account,flag,200 GET 2026-09-30T18:10:52Z,I1#8,Exemplar of sole-source GSD renewal funded by asset forfeiture - funding-source facts Atlas rows lack.
I4-C078,"Legislation ID 24-1023: Second Amendment to Agreement with SoundThinking, Inc.",https://agendas.fresno.gov/en/legislation/id-24-1023-18310,"City of Fresno, CA (Police Department to City Council)",procurement,T13,US-CA:Fresno,17.26 sq mi coverage (live-read F051),html,static,"1 item + 2 attachments (Second Amendment, Agreement)",NONE-FOUND(checked: F051),NONE-FOUND,guess:NOASSERTION,bytes=undetermined; facts=likely-open; derived=undetermined,free-text-narrative,origin,related:legistar,procurement:legistar,2026-09-30T18:11:48Z,I4-Q040;I4-F051,live-read,"operators=police;dot. tenant already enumerated (agenda_tenants.toml fresno_ca, legistar). F051: date August 15, 2024; term July 1, 2024 - June 30, 2027; ""17.26 square miles""; annual $1,046,675; NTE $3,140,025; funding Police Department and Department of Transportation General Fund. Computed price = $1,046,675 / 17.26 sq mi = ~$60,642 per sq mi per year (method: annual / coverage). No cooperative id met.",I4-T13-C09-G0,target,FAM-B-GSD-PROC,SoundThinking (ShotSpotter),gunshot-detection-fixed; gunshot-detection-unspecified,independent_account,flag,200 GET 2026-09-30T18:11:48Z,I1#8,Coverage-area + price exemplar (sq mi and $/yr) - the two quantities that turn GSD presence into extent.
I4-C079,"Teeter Report - Review of Contracts and Purchasing Files, Formal Session May 12, 2026",https://detroitmi.gov/sites/detroitmi.localhost/files/2026-05/2026May12_Teeter%20Report.pdf,"City of Detroit, City Council Legislative Policy Division",procurement,T13;T00,US-MI:Detroit,ShotSpotter 34.48 sq mi (live-read F052); report covers all contracts submitted that week,pdf,"weekly (per Formal Session; basis report heading ""CONTRACTS, & PURCHASE ORDERS SUBMITTED FOR THE WEEK OF"")",34 pp this issue,NONE-FOUND(checked: F052),NONE-FOUND,guess:NOASSERTION,bytes=undetermined; facts=likely-open; derived=undetermined,officer-name (institutional roles: council staff cc list); free-text-narrative,origin,new,dossier_documents:pdf_text,2026-09-30T18:11:48Z,I4-Q040;I4-F052,live-read,"operators=police. out-of-cell→I5 (Detroit place-anchored multi-class weekly channel). Verbatim: ""6004334-A1 100% City Funding – AMEND 1 – To Provide an Extension of Time and an Increase of Funds for the Subscription Based Gunshot Detection, Location, and Forensic Analysis Service. – Contractor: Soundthinking, Inc.""; ""Amended Contract Period: October 11, 2022 through March 31, 2027 – Contract Increase Amount: $2,058,778.00 – Total Contract Amount: $9,058,788.00""; ""expanded coverage of the City’s current ShotSpotter range of about 6.48 square miles for detection to add approximately 28 square miles for a total of 34.48 square miles of range""; Year 4 fee $1,960,000; forensic reports via separate contract 6003161; ""Expert Witness Services $350.00 per hour"". Computed: $1,960,000 / 34.48 sq mi = ~$56,845 per sq mi per year. Detroit is a legistar+escribe tenant (agenda_tenants.toml) but LPD Teeter reports are a separate detroitmi.gov file series.",I4-T13-C09-G0,target,FAM-B-GSD-PROC,SoundThinking (ShotSpotter),gunshot-detection-fixed; gunshot-detection-unspecified,independent_account,flag,200 GET 2026-09-30T18:11:48Z,I1#8; I1:city=Detroit,"Weekly legislative-staff contract review with contract ids, coverage and fee schedule - a recurring multi-class Detroit procurement channel."
I4-C080,"South Bend ""Agreement Renewal for Renewal of Sole Source Software and System for Location, Alert and Analysis of Gunfire - ShotSpotter"" (Laserfiche WebLink doc 303128)",https://docs.southbendin.gov/WebLink/0/doc/303128/Page5.aspx,"City of South Bend, IN (Laserfiche WebLink)",procurement,T13,US-IN:South Bend,1 agreement renewal (title from search lead only),other,static,unknown,NONE-FOUND(checked: F050),NONE-FOUND,guess:NOASSERTION,bytes=undetermined; facts=likely-open; derived=undetermined,none-observed,origin,new,none,2026-09-30T18:11:15Z,I4-Q039;I4-F050,live-read,"LEAD-ONLY; access=cookie-wall (""cookies must be enabled to access WebLink""; F050) - not retried. Title is a search-result lead (not verified). Laserfiche WebLink is a common municipal records platform - channel note for I6/I5.",I4-T13-C09-G0,channel,FAM-B-GSD-PROC,SoundThinking (ShotSpotter),gunshot-detection-fixed; gunshot-detection-unspecified,independent_account,pass,200 cookie-wall 2026-09-30T18:11:15Z,I1#8; I1:state=IN,Access-blocked sole-source GSD renewal record; Laserfiche portals need a cookie-capable fetcher decision.
I4-C081,FY21 - SPI ShotSpotter Expansion Evaluation - Final Report (St. Louis Metropolitan Police Department),https://www.siue.edu/ccsvp/pdf/SPIShotSpotterSLMPD2026.pdf,"Southern Illinois University Edwardsville (with SLMPD), BJA-funded",academic,T13,US-MO:St. Louis,expansion ~1 sq mi (Dutchtown) activated March 2025; St. Louis ShotSpotter since 2008 (live-read F054),pdf,static,62 pp,NONE-FOUND(checked: F054),"NONE-FOUND (report carries DOJ disclaimer: ""Points of view or opinions in this document are those of the author and do not necessarily represent the official position or policies of the U.S. Department of Justice."")",guess:NOASSERTION,bytes=undetermined; facts=likely-open; derived=undetermined,none-observed,origin,new,dossier_documents:pdf_text,2026-09-30T18:13:00Z,I4-Q042;I4-F054,live-read,"operators=police. award_ids=15PBJA-21-GG-04373-SMTP. Verbatim: ""This project was supported by Grant No. 15PBJA-21-GG-04373-SMTP , awarded by the Bureau of Justice Assistance""; ""St. Louis was one of the first cities to adopt ShotSpotter in 2008"". Channel inference (not verified this batch): BJA Smart Policing Initiative (SPI) awards fund GSD deployments with required evaluations -> OJP award search keyed on SPI + GSD evaluations is a federal-funding lane distinct from SRC-022 (COPS TEP) and from usaspending keywords (award title would not say ShotSpotter). Maps/incident figures not inspected for Part VIII. Duke WCSJ Durham 12-month pilot evaluation = unfetched lead.",I4-T13-C04-G0,target,FAM-B-GSD-EVAL,SoundThinking (ShotSpotter),gunshot-detection-fixed; gunshot-detection-unspecified,independent_account,pass,200 GET 2026-09-30T18:13:00Z,I1#8,Independent evaluation tied to a federal award id - links GSD deployment to BJA funding that usaspending keyword search cannot see.
I4-C082,"SoundThinking, Inc. (formerly ShotSpotter, Inc.) Form 10-K series (CIK 0001351636)",https://www.sec.gov/Archives/edgar/data/1351636/000119312526132104/ssti-20251231.htm,"SoundThinking, Inc. (SEC EDGAR)",vendor-portal,T13;T22;T26,US; INTL,"the vendor states ""178 cities and 22 universities and corporations as of December 31, 2025""; ""over 1,092 square miles"" under contract, ""1,064 miles have gone live"" (live-read F055)",html,annual (10-K; 9 filings FY2017-FY2025 per Q044),"9 10-K filings matching ""ShotSpotter""+""square miles""",NONE-FOUND(checked: F055),NONE-FOUND,guess:NOASSERTION,bytes=undetermined; facts=likely-open; derived=undetermined,none-observed,origin,new,new:sec_edgar_fts,2026-09-30T18:13:16Z,I4-Q043;I4-Q044;I4-F055,live-read,"Vendor statements (D6), not facts. F055: ""approximately 319 customers""; countries ""United States, South Africa, Uruguay, Brazil and the Bahamas""; ""City of New York, accounted for 29% of our revenues"" (2025); 2024 ""City of New York and the City of Chicago, accounted for 23% and 10%""; ""291 SafePointe lanes under contract"" (out-of-cell→I4-T26 weapon detection); products ShotSpotter, CrimeTracer, CaseBuilder, ResourceRouter (T22), PlateRanger powered by Rekor (out-of-cell→I3 T01), SafePointe. Annual series gives a vendor-stated national GSD denominator (cities, sq mi) to compare with Atlas GSD 248 rows. Chicago ended ShotSpotter 2024-09-22 (C084). | integrator: EDGAR family (A C026, B C082, D C153, G C304/C305) = one new:sec_edgar_fts connector; no EDGAR source is registered (I4-L083)",I4-T13-C02-G0,publisher,FAM-EDGAR-FTS,SoundThinking (ShotSpotter; SafePointe; PlateRanger),gunshot-detection-fixed; gunshot-detection-unspecified; acoustic-sensing-general,independent_account,pass,200 GET 2026-09-30T18:13:16Z,I1#8,"Only national denominator for GSD (178 cities, 1,092 sq mi, vendor-stated, annual since FY2017) against which Atlas/agenda coverage can be measured."
I4-C083,ShotSpotter is a Failure. What’s Next? (MacArthur Justice Center),https://www.macarthurjustice.org/shotspotter-is-a-failure-whats-next/,Roderick & Solange MacArthur Justice Center,ngo,T13,US-IL:Chicago,"Chicago deployments July 1, 2019 - April 14, 2021 (~21.5 months) analysed (live-read F056)",html,"static (May 5, 2022)",1 article; no dataset published,https://www.macarthurjustice.org/shotspotter-is-a-failure-whats-next/,© 2026 Copyright Roderick & Solange MacArthur Justice Center. All rights reserved.,guess:LicenseRef-AllRightsReserved,bytes=likely-restricted; facts=likely-open; derived=undetermined,none-observed,derived-from:City of Chicago OEMC records obtained via FOIA,related:SRC-017,curated ingest,2026-09-30T18:13:50Z,I4-Q045;I4-F056,live-read,"NGO aggregate claims (F056): ""89%"" of ShotSpotter reports led police to find no gun-related crime; ~40,000 dead-end deployments; deployed in 12 Chicago districts; ""$33 million"" 3-year contract (2018). No data download links on page. Underlying OEMC alert-level data (unpublished) would be Part VIII flag. Contested by vendor-commissioned Edgeworth analysis (lead, not fetched). WIRED sensor leak excluded (registry-refused).",I4-T13-C14-G0,target,,SoundThinking (ShotSpotter),gunshot-detection-fixed; gunshot-detection-unspecified,independent_account,pass,200 GET 2026-09-30T18:13:50Z,I1#8,"Civil-society outcome aggregates for the largest historical GSD deployment; facts citable, bytes restricted."
I4-C084,Violence Reduction - Shotspotter Alerts - Historical,https://data.cityofchicago.org/d/3h7q-7mdb,"City of Chicago, Chicago Police Department (Socrata)",gov-open-data,T13,US-IL:Chicago,all ShotSpotter alerts 2017 - 2024-09-22 in covered CPD districts (live-read F067),socrata,static (historical-only since 2024-09-22),per-alert rows; count not read,https://data.cityofchicago.org/d/3h7q-7mdb,"licence field: ""See Terms of Use""",guess:LicenseRef-Chicago-ToU,bytes=undetermined; facts=likely-open; derived=undetermined,residential-intersection (per-alert block + latitude/longitude points),origin,related:SRC-017,dot_511:socrata_rows (aggregate-only),2026-09-30T18:16:52Z,I4-F067;I4-Q160;I4-F224,live-read,"operators=police. METADATA ONLY. Verbatim: ""NOTE: The City of Chicago ended its use of ShotSpotter on 9/22/2024. This dataset is historical-only and ends with that date."" Columns: date block zip_code ward community_area district beat unique_id incident_type_description rounds latitude longitude. Ingest only as aggregates (alerts by district/month) -> coverage-area evidence (which districts had sensors) without alert points. URL from agent prior knowledge, verified by fetch (not surfaced by a batch query). | MERGED I4-C306 (same dataset data.cityofchicago.org/d/3h7q-7mdb found by B and G); I4-C306 facts: 12 CPD districts with sensors as of May 2021 (002-011, 015, 025) of 22 districts (denominator = inference); 2017-09/22/2024 (live-read F224) // Metadata only; no rows read. Columns: date, block, zip_code, ward, community_area, district, beat, street_outreach_organization, unique_id, rounds, incident_type_description, latitude, longitude, location. Per-alert block + lat/long -> aggregate to district/month (programme footprint + end date are the SIG facts). Same Chicago terms basis as registered camreg_chicago_il (gated/flipped). Related: SRC-017 Chicago OIG ShotSpotter (queue). download_count 25,549 (Socrata discovery). operators=police.",I4-T13-C14-G0,target,,SoundThinking (ShotSpotter),gunshot-detection-fixed; gunshot-detection-unspecified,independent_account,flag,200 GET 2026-09-30T18:16:52Z (metadata endpoint),I1#8,Government-published alert series is the only open proxy for sensor coverage (sensor sites are secret); must be aggregated to district level.
I4-C085,"Wiretap Report (annual, 18 U.S.C. §2519) - summary tables Wire 1-9",https://www.uscourts.gov/data-news/reports/statistical-reports/wiretap-reports/wiretap-report-2024,Administrative Office of the U.S. Courts,statutory-report,T18,US,"federal + 23 reporting states in 2024; 2,297 wiretaps authorized (1,290 federal, 1,007 state) (live-read F043)",bulk-file,annual (data as of Dec 31),9 xlsx summary tables/yr + 2 appendix tables; Table 7 series 2014-2024,"NONE-FOUND(checked: F043, F044)",NONE-FOUND,guess:LicenseRef-USGov-PublicDomain,bytes=likely-open; facts=likely-open; derived=likely-open,none-observed,origin,new,new:uscourts_tables,2026-09-30T18:08:33Z,I4-Q026;I4-F043;I4-F254,live-read,"Tables (F043): Wire 1 jurisdictions with statutes; Wire 2 orders by judges; Wire 3 offenses; Wire 4 interceptions; Wire 5 average cost; Wire 6 types of surveillance/arrests/convictions; Wire 7 authorized 2014-2024; Wire 8 supplementary prior-year; Wire 9 arrests/convictions; URL pattern /data-news/data-tables/<yyyy>/12/31/wiretap/wire-<n>. No pen-register/trap-and-trace data in the report (F043) - pen-register reporting (18 U.S.C. §3126 DOJ report) not searched. | integrator QA I4-F254: 2,297 / 1,290 federal / 1,007 state confirmed verbatim; 11 xlsx tables",I4-T18-C04-G0,publisher,FAM-B-WIRE,,wiretap-content; lawful-intercept-unspecified,independent_account,pass,200 GET 2026-09-30T18:08:33Z,I1#4,"Only national statutory lawful-intercept series (federal + every reporting state, by jurisdiction, annual xlsx) - first T18 channel for SIG."
I4-C086,Wiretap Appendix Tables A-1 (U.S. District Courts) and B-1 (State Courts) - per-order intercept reports,https://www.uscourts.gov/data-news/data-tables/2024/12/31/wiretap/wire-a1,Administrative Office of the U.S. Courts,statutory-report,T18,US,"every reported intercept order terminated in the year; A-1 2024 = 2,178 sheet rows x 26 cols (live-read F045)",bulk-file,annual,A-1 xlsx 279.14 KB (2024),NONE-FOUND(checked: F044),NONE-FOUND,guess:LicenseRef-USGov-PublicDomain,bytes=likely-open; facts=likely-open; derived=likely-open,"officer-name (institutional roles: judge surname, authorizing official)",origin,new,new:uscourts_tables,2026-09-30T18:09:13Z,I4-Q026;I4-F044;I4-F045,live-read,"Header (F045): Jurisdiction, A.O. Number, Judge, Authorizing Official, Offense, Type, Location, Application Date, Original Order (Days), Number of Extensions, Total Length (Days), Installation, Number of Days in Operation, Avg. Intercepts Per Day, Number of Persons Intercepts, Number of Intercepts, Number of Incriminating Intercepts, Total Cost($), Other Than Manpower Cost ($), Arrests, Trials, Motions Granted/Denied/Pending, Persons Convicted. Type codes incl. WC/TX; Location codes (e.g. D, N). No subject persons. Ingest by jurisdiction x type aggregates; strip Judge/Authorizing Official columns. Raw xlsx deleted after hashing.",I4-T18-C04-G0,target,FAM-B-WIRE,,wiretap-content; lawful-intercept-unspecified,independent_account,flag,200 GET 2026-09-30T18:09:13Z,I1#4,Per-order intercept type/duration/cost by federal district and state court - device-type (wire/cell/text) mix at jurisdiction grain after name stripping.
I4-C087,"California Electronic Interceptions Report (Attorney General, Penal Code §629.62)",https://oag.ca.gov/system/files/media/annual-rept-legislature-2025.pdf,"California Department of Justice, Office of the Attorney General",statutory-report,T18,US-CA,"all 58 CA counties report (PC 629.61); ""Wiretap orders were issued in 18 of California’s 58 counties"" in 2025 (live-read F046)",pdf,annual (to Legislature; search lead shows editions 2009-2025),84 pp (2025); Tables 1-10 incl. Table 5 PC 629.62 inventory and Table 7 counties reporting no activity,NONE-FOUND(checked: F046),NONE-FOUND,guess:NOASSERTION,bytes=undetermined; facts=likely-open; derived=undetermined,"free-text-narrative (per-case investigation descriptions, Table 4)",origin,new,dossier_documents:pdf_text,2026-09-30T18:09:33Z,I4-Q034;I4-F046,live-read,"Verbatim (F046): ""issued in compliance with Penal Code sections 629.62 and 629.82, subdivision (d)""; ""Penal Code section 629.61 requires each county throughout the state to annually provide the Attorney General with specific information regarding its electronic interception activity""; 2024 comparison ""364 applications were submitted and approved"". Includes county-level negatives (Table 7) - a coverage fact. Case narratives -> pre-publication screen. Other states with AG/court wiretap reports (e.g. PA, NJ, NY) not reached.",I4-T18-C04-G0,publisher,FAM-B-WIRE,,wiretap-content; lawful-intercept-unspecified,independent_account,flag,200 GET 2026-09-30T18:09:33Z,I1#4; I1:state=CA,County-grain state intercept census with explicit negatives - finer than the US Courts state table (B-1).
I4-C088,Authorize the City Manager to Execute a Contract with Brief Cam for Video Analytics Software (100 cameras),https://agenda.savannahga.gov/publishing/september-22-2022-city-council-regular-meeting/1365_8723.html,"City of Savannah, GA (City Council; AgendaPlus)",agenda,T10,US-GA:Savannah,100 cameras licensed (live-read F057),html,"static (Sept 22, 2022)",1 item + 2 exhibits,NONE-FOUND(checked: F057),NONE-FOUND,guess:NOASSERTION,bytes=undetermined; facts=likely-open; derived=undetermined,free-text-narrative,origin,new,new:agendaplus,2026-09-30T18:14:16Z,I4-Q046;I4-F057,live-read,"operators=police. F057: vendor ""S.S. Brief Cam Ltd.""; Year-1 $149,072; annual $18,000; sole source (patents); funding ""Capital Improvement Fund""; exhibits Funding Verification + Purchasing Notes. Footer ""Powered by AgendaPlus"" - platform absent from agenda_tenants.toml (8 platforms; L033). Older than 2022 preference boundary but the only fetched VA agenda exemplar.",I4-T10-C07-G0,target,,BriefCam (Canon),video-analytics-object; video-analytics-unspecified,independent_account,flag,200 GET 2026-09-30T18:14:16Z,I1#8(adjacent),Video-analytics licence count (100 cameras) + cost; exposes an agenda platform (AgendaPlus) missing from the tenant registry.
I4-C089,Utah Board of Education awards $3M contract to company for AI gun detection tech (AEGIX / ZeroEyes),https://www.ksl.com/article/50703030/utah-board-of-education-awards-3m-contract-to-company-for-ai-gun-detection-tech,KSL.com (journalism) reporting Utah State Board of Education award,journalism,T10,US-UT,statewide offer to all Utah school districts; 4 districts named as working with the technology (live-read F058),html,"static (Aug 5, 2023)",1 article,NONE-FOUND(checked: F058),NONE-FOUND,guess:LicenseRef-AllRightsReserved,bytes=likely-restricted; facts=likely-open; derived=undetermined,none-observed,derived-from:Utah State Board of Education award (origin not fetched),new,curated ingest,2026-09-30T18:14:35Z,I4-Q047;I4-F058,live-read,"operators=school-district. LEAD for a state-level procurement origin (USBE / Utah Division of Purchasing) - not fetched. F058: awarded Aug 3, 2023; $3 million; AEGIX prime, ZeroEyes technology partner; districts named: Salt Lake City, Cache County, Logan City, Park City. Classified T10 by function (boundary rule 6) even though sold to schools.",I4-T10-C09-G0,target,,ZeroEyes; AEGIX,video-analytics-object,independent_account,pass,200 GET 2026-09-30T18:14:35Z,I1#8(adjacent),Points to a statewide school gun-detection-on-video contract - a state-scale T10 procurement channel to fetch at origin.
I4-C090,USAspending connector keyword gap: SoundThinking rename + ATE / video-analytics / biometric vendor terms,https://api.usaspending.gov/api/v2/search/spending_by_award/,U.S. Department of the Treasury (USAspending.gov),procurement,T13;T09;T10;T12,US,configured keyword list = 10 terms (live_targets.toml:55); SoundThinking name in use since 10-K FY2023 (F055/Q044 display names),api,daily (USAspending),n/a (configuration),NONE-FOUND(checked: registry only),NONE-FOUND,guess:LicenseRef-USGov-PublicDomain,bytes=likely-open; facts=likely-open; derived=likely-open,none-observed,origin,related:usaspending,procurement:usaspending,2026-09-30T18:13:16Z,I4-L030;I4-Q044;I4-F055,live-read,"Configure-existing-connector candidate (inference from registry file + EDGAR display names). Missing keywords: ""soundthinking"" (vendor renamed from ShotSpotter; FTS display names SHOTSPOTTER INC -> SOUNDTHINKING INC), ""red light camera"", ""speed camera"", ""automated traffic enforcement"", ""photo enforcement"", ""BriefCam"", ""ZeroEyes"", ""Omnilert"", ""video analytics"", ""rapid DNA"", ""mobile fingerprint"". Not tested against USAspending this batch (POST search not used). | INTEGRATOR NOTE (I4-L009): the live keyword space is TWO lists — live_targets.toml:55 (10 terms, the static sub-award target) and procurement_vocab.toml [usaspending_sweep] (19 terms, P26.14; incl. 'facial recognition', 'drone', 'unmanned aerial', 'cell-site simulator', 'stingray', 'acoustic gunshot', 'predictive policing', 'geofence', 'data broker', 'body camera'). Neither list has vendor names or forensics/SMM/ATE/weapons-detection/EM/biometric terms; sweep slices are page-bounded (prime 1 page, sub 2 pages), so recall also depends on bounds (I8). | Correction: the sweep already has 'shotspotter', 'acoustic gunshot', 'gunshot detection' and 'video surveillance'; the gap is 'soundthinking' plus the ATE/VA/BIO terms listed.",I4-T13-C09-G0,channel,FAM-USASPENDING-SLICES,SoundThinking; BriefCam; ZeroEyes; Omnilert; Verra Mobility,gunshot-detection-fixed; gunshot-detection-unspecified; video-analytics-object; rapid-dna; fingerprint-*; traffic-enforcement (proposed family),independent_account,pass,n/a (local registry read),I1#8; NEW-8,Zero-cost recall gain on a live connector: post-2023 SoundThinking awards and all ATE/VA/BIO federal awards are invisible to the current keyword list.
I4-C091,"Agenda-content vocabulary gap: no terms for ATE, video-analytics vendors, biometrics (agenda_content_vocab.toml)",https://webapi.legistar.com/v1/oakland/matters,SIG agenda connector over registered tenants (Legistar/PrimeGov/Granicus/CivicPlus/...),agenda,T09;T10;T12,US,"~1,055 tenant/census rows across 8 platforms (L033) searched without these terms",api,n/a,n/a (configuration),NONE-FOUND(checked: registry only),NONE-FOUND,guess:NOASSERTION,bytes=undetermined; facts=likely-open; derived=undetermined,free-text-narrative,origin,related:legistar,procurement:legistar,2026-09-30T18:14:16Z,I4-L034;I4-Q036;I4-F057;I4-Q163;I4-F231;I4-L084,live-read,"Configure-existing-connector candidate. agenda_content_vocab.toml has shotspotter (117-120) and gunshot_detection (169-172) but no terms for: ""red light camera"", ""speed camera"", ""automated traffic enforcement"", ""photo enforcement"", ""school zone camera"", ""BriefCam"", ""Avigilon"", ""ZeroEyes"", ""Omnilert"", ""Veritone"", ""Vintra"", ""video analytics"", ""rapid DNA"", ""mobile fingerprint"". Q036 shows title filters work per tenant; F057 shows a BriefCam item a vocab would have tagged. AgendaPlus platform also absent. | MERGED I4-C314 (same configure-existing agenda-vocabulary gap for T09 ATE found by B and G); I4-C314 facts: all enumerated agenda tenants (count not re-derived); 0 of 15 agenda_content_vocab categories cover ATE (L084) // Finding: connectors/src/connectors/data/agenda_content_vocab.toml has categories alpr, flock_safety, vigilant, rtcc, drone(:108), shotspotter(:117), surveillance_ordinance, facial_recognition, body_worn_camera(:138), cctv, cell_site_simulator, predictive_policing, gunshot_detection, social_media_monitoring(:175), contract_notice — no automated-traffic-enforcement category, whereas legislation_vocab.toml:166 (automated_traffic_enforcement: ""red.?light camera"", ""speed camera"", ""photo enforcement"", ""school zone speed"" ...) and openstates_plan.toml:70-79 have one. Vendor patterns to add: Verra Mobility, RedSpeed, Altumint, Blue Line Solutions, Hayden AI, Sensys Gatso, Jenoptik, Modaxo/Conduent.",I4-T10-C07-G0,channel,,BriefCam; Avigilon; ZeroEyes; Omnilert; Veritone; Vintra; Verra Mobility,video-analytics-object; video-analytics-unspecified; rapid-dna; fingerprint-*; traffic-enforcement (proposed family),independent_account,flag,n/a (local registry read),NEW-8; I1#8(adjacent),"One vocabulary change (ATE, video-analytics and biometric terms) lets every already-enumerated agenda tenant surface ATE/VA/BIO approvals (NEW-8); merged with G's ATE-vocabulary row."
I4-C100,"Facial Recognition | WaTech (Technology Services Board posting of FR Notices of Intent and Accountability Reports, ch. 43.386 RCW)",https://watech.wa.gov/node/2066,"Washington Technology Solutions (WaTech) / Technology Services Board, State of Washington",statutory-report,T11,US-WA,"1 Notice of Intent posted (WaTech's own, 2023-08-28) on the state-agency legislative-authority page (live-read I4-F073/I4-F075); local-agency reports post on each agency's site + its own legislative authority (RCW 43.386.020, live-read I4-F072)",html,"irregular (basis: report required before deployment, updated every two years - I4-F072)","1 linked PDF, 1 page (live-read I4-F073/I4-L040)",https://watech.wa.gov/node/2066 (page footer; no separate terms page fetched),© Copyright 2022 WaTech - Washington Technology Solutions,guess:LicenseRef-WA-StateGov-Copyright,bytes=undetermined; facts=likely-open; derived=undetermined,none-observed,origin,new,dossier_documents:pdf_text,2026-09-30T18:06:40Z,I4-Q053;I4-F072;I4-F073;I4-F075;I4-L040,live-read,"Statute (I4-F072): report 'posted on the agency's public website, and submitted to a legislative authority. The legislative authority must post each submitted accountability report on its public website'. TSB page (I4-F073): 'The TSB is required to post the Notice of Intent and Accountability Reports submitted to it as the designated legislative authority under RCW 43.386.' Only posted item = WaTech NOI 2023-08-28 on biometric resident identity verification (face or voice), committing to ch. 43.386 if pursued (I4-L040). Local sheriff/police accountability reports (posted on agency + council sites) are the real family; not enumerated this batch (budget). operators=state-agency; access=open",I4-T11-C04-GS,channel,FAM-WA-43386,,face-verification-1to1;face-recognition-unspecified,independent_account,pass,200 GET 2026-09-30T18:06:40Z (WebFetch); robots=not-read,I1#4;I1#8,"First verified state posting point for WA's statutory FR accountability reports (I1#4 names state FRT accountability reports as an unharvested regime); thin today (1 NOI), so its value is as the anchor for the local-agency report family."
I4-C101,Facial Recognition Report - annual judicial report of FR warrants to the Administrative Office of the Courts (RCW 43.386.080),https://customerservices.courts.wa.gov/support/solutions/articles/72000578453-facial-recognition-report,Washington Administrative Office of the Courts,statutory-report,T11,US-WA,statewide duty on every judge issuing or denying an FR warrant (live-read I4-F074); no public compilation located,other,annual (basis: filed with AOC each January - I4-F074),unknown (no publication found),NONE-FOUND(checked: https://customerservices.courts.wa.gov/support/solutions/articles/72000578453-facial-recognition-report),NONE-FOUND,guess:LicenseRef-WA-StateGov-Unstated,bytes=undetermined; facts=likely-open; derived=undetermined,officer-name;per-search-audit,origin,new,records,2026-09-30T18:06:40Z,I4-Q053;I4-F074,live-read,"LEAD-ONLY. Basis RCW 43.386.080 and .070(3) (ESSB 6280, Laws of 2020 ch. 257 s8) per I4-F074. Report content includes 'the identity of the applying officer and agency' and surveillance location details, so per-warrant rows are person-level: aggregate lane only (FR warrant counts by agency/county). Whether AOC publishes a statewide summary was not established. access=help-article-only",I4-T11-C04-GS,channel,FAM-WA-43386,,face-live;face-recognition-unspecified,independent_account,block,200 GET 2026-09-30T18:06:40Z (WebFetch),I1#4;I1#8,Only statutory channel found for counts of judicially authorised FR surveillance in a US state; usable only as an aggregate lane and only if AOC publishes.
I4-C102,"Colorado agency facial recognition accountability reports (C.R.S. 24-18-301 to -309, SB22-113)",https://www.arvadaco.gov/917/Facial-Recognition-Technology,Colorado state and local agencies using FR (statutory family; exemplar City of Arvada),statutory-report,T11,US-CO,"1 of an unknown number of CO agency reports verified (Arvada, live-read I4-F080); 2 more CO leads not fetched (Brighton FRS Accountability Report; Town of Mead FR use and accountability policy - I4-Q058)",html,irregular (basis: report posted before use; Arvada page shows yearly statistics - I4-F080),unknown (no statewide list found),NONE-FOUND(checked: https://www.arvadaco.gov/917/Facial-Recognition-Technology),NONE-FOUND,guess:LicenseRef-Municipal-Unstated,bytes=undetermined; facts=likely-open; derived=undetermined,none-observed,origin,new,dossier_documents:pdf_text,2026-09-30T18:08:23Z,I4-Q054;I4-F080;I4-Q058,live-read,"Arvada page cites 'CRS § 24-18-301 through 309' (I4-F080). Statute text itself not fetched (budget). Leads for more members: https://www.brightonco.gov/DocumentCenter/View/30236/FRS-Accountability-Report_Final ; https://www.townofmead.org/sites/default/files/fileattachments/police_department/page/65823/facial_recognition_use_and_accountability_issued_policy_060123.pdf (Q058 leads, not fetched). Several CO agencies use Lumen via the Colorado Information Sharing Consortium (I4-F080) - a shared regional FR system (out-of-cell->I4-T11-C09-G0). operators=police;sheriff",I4-T11-C04-GS,family,FAM-CO-24-18,LexisNexis (Lumen),face-identification-1ton;face-retrospective,independent_account,pass,200 GET 2026-09-30T18:08:23Z (WebFetch),I1#4;I1#8,Statutory per-agency FR accountability reports posted on agency websites - a repeatable state-scale disclosure family SIG has no channel for (I1#4).
I4-C103,Facial Recognition Technology - Arvada Police Department (SB22-113 accountability report page),https://www.arvadaco.gov/917/Facial-Recognition-Technology,"City of Arvada, CO (CivicPlus site)",statutory-report,T11,US-CO:Arvada,"1 agency; 2025: 97 of 13,396 investigations used FR, 44 positive matches, 53 no match (live-read I4-F080)",html,annual (basis: yearly usage statistics block on the page - I4-F080),1 page + 1 report PDF at /DocumentCenter/View/2256 (not fetched),NONE-FOUND(checked: https://www.arvadaco.gov/917/Facial-Recognition-Technology footer),NONE-FOUND,guess:LicenseRef-Municipal-Unstated,bytes=undetermined; facts=likely-open; derived=undetermined,none-observed,origin,new,dossier_documents:pdf_text,2026-09-30T18:08:23Z,I4-Q054;I4-F080,live-read,"Lumen (the city page states it was developed by a Colorado company, now owned by LexisNexis) accessed through the Colorado Information Sharing Consortium; draft report 2023-09-13, public meetings 2023-09-25..27, City Council approval 2023-10-23 (out-of-cell->I4-T11-C07-G0), implementation 2024-01-21; APD policy PM 703 (I4-F080). operators=police; access=open",I4-T11-C04-GS,target,FAM-CO-24-18,LexisNexis (Lumen),face-identification-1ton;face-retrospective,independent_account,pass,200 GET 2026-09-30T18:08:23Z (WebFetch),I1#4;I1#8,"Exemplar proving the CO family carries usage aggregates (searches, matches) and approval dates, not just policy text."
I4-C104,Code of Virginia § 15.2-1723.2 Facial recognition technology; approval (local agency annual public FR report by April 1),https://law.lis.virginia.gov/vacode/title15.2/chapter17/section15.2-1723.2/,Virginia General Assembly (Division of Legislative Automated Systems),legislation,T11,US-VA,duty on every local law-enforcement agency using FRT statewide (live-read I4-F079); no report fetched,other,annual (basis: 'by April 1 each year' in the pre-2026-07-01 version; the version effective 2026-07-01 removes the duty - I4-F079),unknown,https://law.lis.virginia.gov/vacode/title15.2/chapter17/section15.2-1723.2/ (page footer),© Copyright Commonwealth of Virginia. All rights reserved. Site developed by the Division of Legislative Automated Systems (DLAS).,guess:LicenseRef-VA-AllRightsReserved,bytes=undetermined; facts=likely-open; derived=undetermined,none-observed,origin,new,dossier_documents:pdf_text,2026-09-30T18:08:23Z,I4-Q054;I4-F079,live-read,"LEAD-ONLY. Pre-2026-07-01 text (I4-F079): chief of police/sheriff 'shall publicly post and annually update a report by April 1 each year' (queries, unauthorized access, vendor, demographic performance); records of queries kept; State Police Model FR Policy; Division of Purchases and Supply approves tech (NIST FRVT, 98% accuracy). Version effective 2026-07-01: 'No local law-enforcement agency shall purchase or deploy facial recognition technology unless such purchase or deployment...is expressly authorized by statute' - reporting provisions gone. Treat the channel as a closed historical window (update_cadence must not create a recurrence expectation). operators=police;sheriff",I4-T11-C04-GS,channel,FAM-VA-15.2-1723.2,,face-identification-1ton;face-retrospective;face-recognition-unspecified,independent_account,pass,200 GET 2026-09-30T18:08:23Z (WebFetch),I1#4;I1#8,"Statewide per-agency FR usage reports for the years the duty ran; a finite historical harvest target, and a warning that the regime changed on 2026-07-01."
I4-C105,"Maryland Criminal Procedure §§ 2-501 to 2-510 (SB 182/2024, Ch. 808) - FR annual agency reports and GOCPP report to the General Assembly",https://mgaleg.maryland.gov/mgawebsite/Legislation/Details/sb0182?ys=2024RS,Maryland General Assembly,legislation,T11,US-MD,statewide duty; Governor's Office of Crime Prevention and Policy reports LEA data to the General Assembly 'on or before October 1 each year' (live-read I4-F081); no report fetched,other,annual (basis: October 1 GA report - I4-F081),unknown,NONE-FOUND(checked: https://mgaleg.maryland.gov/mgawebsite/Legislation/Details/sb0182?ys=2024RS),NONE-FOUND,guess:LicenseRef-MD-StateGov-Unstated,bytes=undetermined; facts=likely-open; derived=undetermined,none-observed,origin,new,dossier_documents:pdf_text,2026-09-30T18:08:47Z,I4-Q054;I4-F081;I4-Q055;I4-F084,live-read,"LEAD-ONLY. Ch. 808, effective 2024-10-01; DPSCS training program by 2026-06-30; statewide model policy (I4-F081). Fiscal note https://mgaleg.maryland.gov/2024RS/fnotes/bil_0002/sb0182.pdf and chapter text https://mgaleg.maryland.gov/2024RS/Chapters_noln/CH_808_sb0182e.pdf (linked, not fetched). Search-snippet LEAD (Q055, unverified): LEAs publish by Feb 1, submit to GOCPYVS by May 1, GOCPYVS report disaggregated by agency. Per-agency exemplar (Montgomery County PD 2025 FR report) returned 404 (I4-F084). operators=police;sheriff;state-police",I4-T11-C04-GS,channel,FAM-MD-CP2-5,,face-identification-1ton;face-retrospective,independent_account,pass,200 GET 2026-09-30T18:08:47Z (WebFetch),I1#4;I1#8,"The strongest state FR reporting regime found (per-agency annual reports rolled into an October report to the legislature, disaggregated by agency); a yearly national-quality aggregate lane once the GA report is located."
I4-C106,"25 MRSA §6001 facial surveillance - public-record de-identified FR search logs (Maine State Police, Bureau of Motor Vehicles)",https://legislature.maine.gov/statutes/25/title25sec6001.html,Maine Legislature,legislation,T11,US-ME,"2 statewide log holders (State Police, BMV) (live-read I4-F082)",other,unknown (basis: continuous logs; no periodic report duty - I4-F082),unknown,NONE-FOUND(checked: https://legislature.maine.gov/statutes/25/title25sec6001.html),NONE-FOUND,guess:LicenseRef-ME-StateGov-Unstated,bytes=undetermined; facts=likely-open; derived=undetermined,per-search-audit;officer-name,origin,new,records,2026-09-30T18:09:04Z,I4-Q054;I4-F082,live-read,"LEAD-ONLY. §6001(2)(F): 'De-identified logs containing the date of the search request, the name of the public employee or public official who made the request and the name of the department ... the databases searched, the statutory offense under investigation and the race and sex of the person under investigation are public records' (PL 2021 c.394). Per-search rows naming requesters -> never ingest rows; aggregate lane only (counts by department/offense). No publication found; a records request is outside research scope (SIG-ACQ-004).",I4-T11-C04-GS,channel,,,face-identification-1ton;face-retrospective,independent_account,block,200 GET 2026-09-30T18:09:04Z (WebFetch),I1#4;I1#8,"A statutory public-records duty that could yield statewide FR request counts; recorded so I7 plans an aggregate-only records lane, never a log feed."
I4-C107,Massachusetts facial recognition annual report (mass.gov document 'facial-recognition-annual-report-september-2022'),https://www.mass.gov/doc/facial-recognition-annual-report-september-2022/download,Commonwealth of Massachusetts (issuing office not verified),statutory-report,T11,US-MA,unknown (403),other,unknown (title suggests annual; unverified),unknown,NONE-FOUND(checked: https://www.mass.gov/doc/facial-recognition-annual-report-september-2022/download - 403),NONE-FOUND,guess:LicenseRef-MA-StateGov-Unstated,bytes=undetermined; facts=likely-open; derived=undetermined,none-observed,origin,new,dossier_documents:pdf_text,2026-09-30T18:06:19Z,I4-Q051;I4-F071;I4-Q057;I4-F086,live-read,"LEAD-ONLY; access-blocked. mass.gov returned 403 (I4-F071) - host stopped. A second copy lead, https://malegislature.gov/Bills/194/HD4719.pdf, failed with a socket error (I4-F086). Search-snippet LEADS only (unverified): 2020 police-reform FR reporting duties; a State Police figure of 45 FR requests 2023-09-01..2024-09-30. Content unread, so Part VIII status unknown. access=403",I4-T11-C04-GS,channel,,,face-identification-1ton;face-retrospective,independent_account,pass,403 GET 2026-09-30T18:06:19Z (WebFetch); malegislature.gov socket error 2026-09-30T18:10:25Z,I1#4;I1#8,"Probable MA statutory FR report series (RMV/State Police); blocked today, so recorded for a later access check rather than dropped."
I4-C108,Detroit Police Department Weekly Report on Facial Recognition (to the Board of Police Commissioners),https://detroitmi.gov/sites/detroitmi.localhost/files/events/2026-01/251229%20BOPC%20Facial%20Rec%20Report.pdf,"City of Detroit, MI - Detroit Police Department / Board of Police Commissioners",agenda,T11,US-MI:Detroit,1 agency; weekly reports observed 2020-06 (I4-F085) and 2025-12 (I4-F087); search listed filenames 2024-02..2026-01 (I4-Q057 lead),pdf,weekly (basis: 'Weekly Report on Facial Recognition' with week/QTD/YTD ranges - I4-F085/I4-F087),2-page Tableau PDF per week (live-read I4-L041/I4-L042); about 52 per year (inference from cadence),NONE-FOUND(checked: the two report PDFs I4-F085/I4-F087),NONE-FOUND,guess:LicenseRef-Municipal-Unstated,bytes=undetermined; facts=likely-open; derived=undetermined,none-observed,origin,new,dossier_documents:pdf_text,2026-09-30T18:10:25Z,I4-Q056;I4-F085;I4-L041;I4-Q057;I4-F087;I4-L042,live-read,"Pursuant to DPD Directive 307.5-5.1; counts of fulfilled requests by crime type, leads (match/no match/in progress), searches in violation of policy (0 in both samples), and aggregate race/gender/source of probe photo (sources include 'PGL' - read as Project Green Light, inference - security camera, social media). Aggregate only - no case numbers or names seen. Earlier path pattern: detroitmi.gov/sites/detroitmi.localhost/files/2020-06/DPD Report on Facial Recognition Usage <mmddyy - mmddyy>.pdf. Detroit has an eScribe agenda tenant (agenda_tenants.toml:7529) but these PDFs are on detroitmi.gov event pages; not checked on eScribe. operators=police; access=open",I4-T11-C05-G0,publisher,,,face-identification-1ton;face-retrospective,independent_account,pass,200 GET 2026-09-30T18:09:55Z and 2026-09-30T18:10:25Z (WebFetch),I1#8,"Longest-running per-agency FR usage series found (weekly since 2020, with policy-violation counts and probe-photo sources tied to Project Green Light), an aggregate lane no Atlas row carries."
I4-C109,Policy 610 Cellular Site Simulator Usage and Privacy - Orange County Sheriff-Coroner Department,https://ocsheriff.gov/sites/ocsd/files/2023-06/Policy%20610%20Cellular%20Site%20Simulator%20Usage%20and%20Privacy.pdf,"Orange County Sheriff-Coroner Department, CA",statutory-report,T17,US-CA:Orange County,1 agency (live-read I4-F095),pdf,irregular (basis: policy revision date 2023/06/01 - I4-L046),7 pages (I4-L046),https://ocsheriff.gov/sites/ocsd/files/2023-06/Policy%20610%20Cellular%20Site%20Simulator%20Usage%20and%20Privacy.pdf (document header),"Copyright Lexipol, LLC 2023/06/01, All Rights Reserved. Published with permission by Orange County Sheriff-Coroner Department",guess:LicenseRef-Lexipol-AllRightsReserved,bytes=likely-restricted; facts=likely-open; derived=undetermined,none-observed,origin,new,dossier_documents:pdf_text,2026-09-30T18:14:23Z,I4-Q064;I4-F095;I4-L046,live-read,Lexipol-authored text: facts only. Cites Gov. Code §53166; 'authorized uses of the cellular site simulator technology by the Orange County Sheriff's Department' (610.1). 610.7.2: program coordinator gives the Sheriff an internal annual report (not a public report). Possession/operation not separately verified. operators=sheriff; access=open,I4-T17-C05-GS,target,FAM-CA-53166,Lexipol (policy author),cell-site-simulator-general,independent_account,pass,200 GET 2026-09-30T18:14:23Z (WebFetch),I1#4;I1#8,Exemplar of the GC 53166 posting family: an agency self-disclosing CSS use under statute.
I4-C110,"Pasadena Police Department Policy 620 Cellular Site Simulator Usage and Privacy (City Council agenda 2024-01-22, item 8, Attachment A)",https://ww2.cityofpasadena.net/2024%20Agendas/Jan_22_24/AR%208%20ATTACHMENT%20A.pdf,"City of Pasadena, CA (City Council agenda)",agenda,T17,US-CA:Pasadena,1 agency (live-read I4-F104),pdf,static (basis: single agenda attachment dated for the 2024-01-22 meeting),6 pages (I4-L049),https://ww2.cityofpasadena.net/2024%20Agendas/Jan_22_24/AR%208%20ATTACHMENT%20A.pdf (document header),"Copynght [sic, text extraction] Lexipol, LLC 2024/01/07, All Rights Reserved Published with permission by Pasadena Police Department",guess:LicenseRef-Lexipol-AllRightsReserved,bytes=likely-restricted; facts=likely-open; derived=undetermined,none-observed,origin,new,dossier_documents:pdf_text,2026-09-30T18:17:41Z,I4-Q064;I4-F104;I4-L049,live-read,"Lexipol-authored text: facts only. Changes in consultation with the Community Police Oversight Commission and Independent Police Auditor; ANNUAL REPORT to the Chief, IPA, Public Safety Committee and/or City Council, and CPOC with the number of times CSS was used etc. (I4-L049) -> a public-body report series lead. Agenda placement matches GC 53166's council-approval requirement (I4-F094) -> council agendas are the CSS acquisition/approval channel (out-of-cell->I4-T17-C09-G0). operators=police; access=open",I4-T17-C05-GS,target,FAM-CA-53166,Lexipol (policy author),cell-site-simulator-general,independent_account,pass,200 GET 2026-09-30T18:17:41Z (WebFetch),I1#4;I1#8,"Shows the CA CSS channel also runs through council agendas and oversight-commission annual reports, not only website policies."
I4-C111,"USAspending award search - facial-recognition vendor keywords (Clearview AI, Rank One Computing, DataWorks Plus, Idemia, Paravision)",https://api.usaspending.gov/api/v2/search/spending_by_award/,U.S. Department of the Treasury (USAspending.gov),procurement,T11,US,"federal prime contracts only: 22 Clearview AI awards 2019-2026 across ICE, FBI, USMS, Army, Air Force, IRS, CBP, DOJ OBD (I4-Q059); 51 hits for 5 FR vendor terms + 'facial recognition' (I4-Q071)",api,unknown (API; refresh cadence not checked),31 + 51 award rows read (live-read I4-Q059/I4-Q071),NONE-FOUND(checked: API responses only),NONE-FOUND,guess:LicenseRef-USGov-PublicDomain-17USC105,bytes=undetermined; facts=likely-open; derived=undetermined,none-observed,origin,related:usaspending,procurement:usaspending,2026-09-30T18:11:49Z,I4-Q059;I4-Q071;I4-L043;I4-L044,live-read,"Configure-existing-connector candidate. The live static target (live_targets.toml:55) has no FR terms; the P26.14 [usaspending_sweep] plan (procurement_vocab.toml:561-581) has 'facial recognition' but no vendor names. Add 'Clearview AI', 'Rank One Computing', 'DataWorks Plus'; screen descriptions ('COGNITECH CORPORATION' is a false positive for Cognitec; NEC returned 0). Examples: ICE 70CMSD25P00000111 $7,687,500 2025-09-05 'FACIAL RECOGNITION SOFTWARE'; ICE 70CMSD21P00000127 $2,287,500 2021; FBI 15F06723P0001356 $359,000 2023; Rank One: Navy $7,934,761 2025, DOJ OBD $7,414,143.80 2026. Award ceilings/obligations are not spending on deployment. award_ids=70CMSD25P00000111;70CMSD21P00000127;15F06723P0001356;15F06726P0000453; out-of-cell->T28 (ICE/CBP); operators=federal",I4-T11-C09-G0,channel,FAM-USASPENDING-SLICES,Clearview AI;Rank One Computing;DataWorks Plus;Idemia;Paravision,face-identification-1ton;face-retrospective,independent_account,pass,200 POST (documented search API) 2026-09-30T18:11:49Z and 18:18:46Z,I1#8,Federal FR subscriptions (e.g. ICE's $7.69M 2025 Clearview award) are invisible to SIG's current USAspending keywords; adding vendor terms to an existing connector closes the federal-operator slice of I1#8.
I4-C112,USAspending sub-award search - FEMA HSGP (SHSP/UASI) sub-award descriptions naming FR and cell-site-simulator purchases,https://api.usaspending.gov/api/v2/search/spending_by_award/,"U.S. Department of the Treasury (USAspending.gov), FFATA sub-awards reported under FEMA HSGP primes",grant,T11;T17,US,11 FEMA sub-awards with FR in the description in a 100-row window (I4-Q075) + 1 CSS sub-award in an 8-row window (I4-Q072),api,unknown (API; refresh cadence not checked),108 sub-award rows read (live-read),NONE-FOUND(checked: API responses only),NONE-FOUND,guess:LicenseRef-USGov-PublicDomain-17USC105,bytes=undetermined; facts=likely-open; derived=undetermined,none-observed,origin,related:fema_hsgp_allocations,procurement:usaspending,2026-09-30T18:18:59Z,I4-Q072;I4-Q075,live-read,"fema_hsgp_allocations is P31-owned and targets PRIME allocations (live_targets.toml:225-226); sub-award descriptions are a distinct slice - consume_existing context, configure a sub-award keyword slice rather than a new source. CSS: City of Dallas sub-award 4902901 $900,000 2023-10-13 'WILL FUND A CELL SITE SIMULATOR FOR THE DALLAS FUSION CENTER' (prime ASST_NON_EMW-2023-SS-00025_070). FR: County of Adams (NE region) $636,500 2020-09-14 incl. 'CLEARVIEW AI FACIAL RECOGNITION TOOL'; Marion County Sheriff $133,000 2023-09-20 (Clearview AI); Indiana State Police (Indiana Intelligence Fusion Center) $490,000 2024-11-08 'FACE RECOGNITION AND LICENSE PLATE READER'; Panhandle RPC (TX) FR workstations 2021/2022; City of Fort Worth $250,000 2026-07-31 real-time centre incl. FR. Keyword noise: 'stingray' (fish, boats, NOAA), 'Clearview' (place names) -> description screen required. Funding is not deployment. award_ids=ASST_NON_EMW-2023-SS-00025_070;ASST_NON_EMW-2020-SS-00099_070;ASST_NON_EMW-2023-SS-00077_070;ASST_NON_EMW-2024-SS-05105_070; out-of-cell->T27 (Dallas Fusion Center, IIFC); operators=police;sheriff;state-police",I4-T17-C09-G0,channel,FAM-USASPENDING-SLICES,Clearview AI,face-identification-1ton;cell-site-simulator-general,independent_account,pass,200 POST (documented search API) 2026-09-30T18:18:59Z and 18:19:54Z,I1#8,"The only national structured channel found that names local agencies' grant-funded FR and CSS purchases (e.g. a CSS for the Dallas Fusion Center), giving the federal-to-local funding edge for two I1#8 classes."
I4-C113,Statewide Network of Agency Photos (SNAP) - Michigan State Police,https://www.michigan.gov/msp/divisions/bid/dais/statewide-network-of-agency-photos-snap,Michigan State Police,other,T11,US-MI,unknown (403),other,unknown,unknown,NONE-FOUND(checked: https://www.michigan.gov/msp/divisions/bid/dais/statewide-network-of-agency-photos-snap - 403),NONE-FOUND,guess:LicenseRef-MI-StateGov-Unstated,bytes=undetermined; facts=likely-open; derived=undetermined,none-observed,origin,new,dossier_documents,2026-09-30T18:11:09Z,I4-Q058;I4-F088;I4-L047,live-read,"LEAD-ONLY; access-blocked (403, host stopped). Atlas FR rows link michigan.gov 402 times (I4-L047) - likely SNAP participating-agency evidence (inference). Leads not fetched: SNAP acceptable use policy page; https://public.powerdms.com/MSP1917/documents/1922938. access=403",I4-T11-C09-G0,channel,,,face-identification-1ton;face-retrospective,independent_account,pass,403 GET 2026-09-30T18:11:09Z (WebFetch),I1#8,A statewide shared FR system whose participating-agency list would add many agency-to-system edges; blocked today.
I4-C114,LASD RFP582-SH Appendix A Statement of Work (LACRIS regional biometric/FR system),https://lasd.org/wp-content/uploads/2024/02/Solicitations_RFP582-SH_3_Appendix_A_SOW_021624.pdf,Los Angeles County Sheriff's Department,procurement,T11,US-CA:Los Angeles County,unknown (challenge page),other,"static (basis: one solicitation, file dated 2024-02)",unknown,NONE-FOUND(checked: lasd.org SOW URL - loading/challenge screen),NONE-FOUND,guess:LicenseRef-County-Unstated,bytes=undetermined; facts=likely-open; derived=undetermined,none-observed,origin,new,procurement,2026-09-30T18:11:15Z,I4-Q058;I4-F089;I4-L047,live-read,LEAD-ONLY; access-blocked (tool received only a loading/challenge screen; host stopped). Atlas FR rows link lacris.org 34 times (I4-L047). Search-snippet LEAD (unverified): LACRIS serves 65+ LE agencies with 8.275M booking photos. access=challenge,I4-T11-C09-G0,target,,,face-identification-1ton;face-retrospective,independent_account,pass,challenge/loading screen GET 2026-09-30T18:11:15Z (WebFetch),I1#8,Replacement procurement for the largest regional FR system in California; its SOW would name the participating agencies and system scale.
I4-C115,DHS AI Use Case Inventory (2025),https://www.dhs.gov/ai/use-case-inventory,U.S. Department of Homeland Security (Office of the Chief Information Officer),statutory-report,T11;T28,US,"214 DHS use cases across 12 components (CBP 83, ICE 51, TSA 26, USCIS 23, FEMA 22, ...) (live-read I4-F090)",html,annual (basis: yearly inventories under OMB guidance; page 'Last Updated: 02/12/2026' - I4-F090),214 use cases (live-read I4-F090),NONE-FOUND(checked: https://www.dhs.gov/ai/use-case-inventory),NONE-FOUND,guess:LicenseRef-USGov-PublicDomain-17USC105,bytes=undetermined; facts=likely-open; derived=undetermined,none-observed,origin,new,new:ai_inventory,2026-09-30T18:12:40Z,I4-Q061;I4-F090,live-read,"'Face Recognition and Face Capture (FR/FC) technology is built on the same machine training and machine learning concepts ... therefore DHS considers FR/FC technology a subset of AI' (I4-F090). Simplified fields: name, ID, summary, topic area, stage (pre-deployment/pilot/deployed/retired), high-impact status; full spreadsheet on the AI Use Case Inventory Library page (link not captured). The 2024 consolidated federal CSV carries 14 DHS FR rows (I4-L045, see I4-C116). Related queued channel: DHS PIAs = SRC-023 (FR PIAs such as HART and CBP e3 belong there). out-of-cell->T28; operators=federal | cross-row: see I4-C116 (I6 owns multi-class AI inventories)",I4-T11-C16-G0,publisher,FAM-FED-AI-INV,,face-verification-1to1;face-identification-1ton;face-live;face-retrospective,independent_account,pass,200 GET 2026-09-30T18:12:40Z (WebFetch),I1#8,"A structured, annually refreshed federal register of FR deployments with stage and rights-impact flags; no SIG source covers federal FR use cases."
I4-C116,2024 Federal AI Use Case Inventory (consolidated),https://github.com/ombegov/2024-Federal-AI-Use-Case-Inventory,U.S. Office of Management and Budget / Federal CIO (GitHub organisation ombegov),gov-open-data,T11;T28,US,"raw CSV: 1,757 rows from 37 agencies, DOJ and DoD absent (I4-L045); README: 41 submissions, 2,133 use cases, 351 rights/safety-impacting as of 2025-01-23 (I4-F092); 19 FR rows (DHS 14, DOL 2, HHS 1, TREAS 1, USDA 1) (I4-L045)",bulk-file,annual (basis: 2023 and 2024 inventory files in the repository - I4-F092),"2,655,883-byte CSV; 1,757 rows (live-read I4-F093/I4-L045)",NONE-FOUND(checked: https://github.com/ombegov/2024-Federal-AI-Use-Case-Inventory - no LICENSE seen),NONE-FOUND,guess:LicenseRef-USGov-PublicDomain-17USC105,bytes=undetermined; facts=likely-open; derived=undetermined,none-observed,origin,new,new:ai_inventory,2026-09-30T18:13:44Z,I4-Q063;I4-F092;I4-F093;I4-L045,live-read,"Consolidated under EO 13960 s5 / OMB M-24-10 (I4-F092). Files: 2024_consolidated_ai_inventory_raw.csv/.xls, 2023 xls, data_dictionary.yaml. Fields include 16_dev_stage, 17_impact_type, 23_contract_piids (12 of 19 FR rows carry PIIDs -> joins to USAspending I4-C111), 29_contains_pii. Mirrors (not origin): datalumos project 220361, Data Rescue Project portal (I4-Q063). FINDING: DOJ absent from the raw CSV, so FBI/USMS FR use cases need DOJ's own inventory (not verified; guessed URL 404, I4-F091). operators=federal | cross-row: federal AI use-case inventories are multi-class and owned by I6 (I6-T00-C16-G0); captured here via I4-T11-C16-G0's own seed ('DOJ AI use case inventory facial recognition') — I7 dedupes",I4-T11-C16-G0,channel,FAM-FED-AI-INV,,face-verification-1to1;face-identification-1ton;face-recognition-unspecified,independent_account,pass,200 GET 2026-09-30T18:13:25Z (WebFetch) + 200 GET raw CSV 2026-09-30T18:13:44Z (curl),I1#8,"National bulk file linking federal FR use cases to contract PIIDs, a join key into USAspending that no other SIG source offers."
I4-C117,"City of Milwaukee Legistar matters - 'facial recognition' (4 matters, 2018-2026)","https://webapi.legistar.com/v1/milwaukee/matters?$filter=substringof('facial recognition',MatterTitle)","City of Milwaukee, WI (Common Council / Fire and Police Commission, via Legistar)",agenda,T11,US-WI:Milwaukee,4 matters 2018-2026 (live-read I4-Q070),api,irregular (basis: council/FPC filing dates 2018-11-27 to 2026-01-29),4 rows,NONE-FOUND(checked: API response only),NONE-FOUND,"guess:CC0-1.0 (registry legistar row, per I1 source_coverage)",bytes=undetermined; facts=likely-open; derived=undetermined,none-observed,origin,related:legistar,agenda:legistar (tenant already enumerated),2026-09-30T18:18:16Z,I4-Q070,live-read,"Tenant already enumerated (agenda_tenants.toml:188) and agenda_content_vocab.toml:134-135 already matches 'facial recognition', so no configuration change is needed; kept as the C07 exemplar. 181237 (2018-11-27, Resolution, Passed): acceptance and funding of a 2018-19 Homeland Security Mobile Facial Recognition and Identification grant; FPC212033 (2025-04-11) MPD communication on FR software; FPC212382 / FPC212383 (2026-01-29) NYU Policing Project and MPD communications on FR. operators=police",I4-T11-C07-G0,target,,,face-identification-1ton;face-recognition-unspecified,independent_account,pass,"200 GET 2026-09-30T18:18:16Z (curl, Legistar Web API)",I1#8,"Confirms the existing Legistar tenants and vocabulary already surface FR approvals (e.g. a DHS-funded mobile FR grant, 2018), so C07 needs no new channel."
I4-C118,"The Perpetual Line-Up - jurisdiction pages (Georgetown Law Center on Privacy & Technology, 2016)",https://www.perpetuallineup.org/jurisdiction/florida,Center on Privacy & Technology at Georgetown Law,academic,T11,US,"per-jurisdiction scorecards; FL example: Pinellas County Sheriff's Office FACES, 33M+ faces, 243 agencies, ~8,000 searches/month (live-read I4-F101); Atlas cites the site 249 times (I4-L047)",html,static (basis: data 'September 2016' - I4-F101),unknown (per-state pages + Google Drive document folders + PDF),https://www.perpetuallineup.org/jurisdiction/florida (page footer),"© 2016 Center on Privacy & Technology at Georgetown Law, all rights reserved.",guess:LicenseRef-AllRightsReserved,bytes=likely-restricted; facts=likely-open; derived=undetermined,free-text-narrative,derived-from:agency public-records responses (Google Drive 'View Documents' folders),related:eff_atlas_of_surveillance,atlas-like,2026-09-30T18:16:58Z,I4-L047;I4-F101,live-read,"Historical baseline (2016), not current. The linked records-request files may hold audit/search material - not opened; pre-publication screen needed. Algorithm named for FACES: MorphoTrust. The Atlas is derived from these pages, so the scorecards plus their underlying records are the origin layer. operators=sheriff;police;federal",I4-T11-C14-G0,publisher,,MorphoTrust,face-identification-1ton;face-retrospective,derived_summary,flag,200 GET 2026-09-30T18:16:58Z (WebFetch),I1#8,"Historical 2016 baseline of FR system scale and sharing (e.g. 243 agencies on FACES), with the records behind it, that current sources lack."
I4-C119,Who Has Your Face? - resources and agency-sharing CSV (EFF),https://whohasyourface.eff.org/resources/,Electronic Frontier Foundation,ngo,T11;T28,US,"state-by-state DMV-photo FR access by federal, state and local agencies; documents 2013-2020, updated March 2020 (live-read I4-F102); Atlas cites it 38 times (I4-L047)",bulk-file,static (basis: CSV named 3-10-2020 - I4-F102),"1 CSV (/press/who-has-your-face-agency-sharing-3-10-2020.csv; not downloaded, fetch cap)",https://www.eff.org/copyright,[Copyright (CC-BY)](https://www.eff.org/copyright),guess:CC-BY-4.0,bytes=likely-open; facts=likely-open; derived=undetermined,none-observed,derived-from:agency public-records (DocumentCloud + government sites),related:eff_atlas_of_surveillance,data_driven:csv (eff_data_driven precedent),2026-09-30T18:17:10Z,I4-L047;I4-F102,live-read,Per-state source links go to public records on DocumentCloud and government sites (I4-F102). Agency-level sharing table (no person data expected; CSV not opened). EFF site licence CC-BY per eff.org/copyright (registry precedent: sources.toml:651 note). out-of-cell->T28 (FBI/ICE DMV access); operators=federal;state-police;police,I4-T11-C14-G0,publisher,,,face-identification-1ton;face-retrospective,derived_summary,pass,200 GET 2026-09-30T18:17:10Z (WebFetch),I1#8,"The only structured, CC-BY national table of which agencies can run FR against DMV photos, giving the state DMV sharing edges for I1#8."
I4-C120,California Government Code § 53166 - cellular communications interception technology usage and privacy policies and acquisition approvals,https://leginfo.legislature.ca.gov/faces/codes_displaySection.xhtml?lawCode=GOV&sectionNum=53166,California Legislature,legislation,T17,US-CA,"every CA local agency operating CCIT must post a usage and privacy policy; acquisition needs a council resolution/ordinance (sheriffs: website notice) (live-read I4-F094); 2 exemplars fetched (I4-C109, I4-C110)",pdf,irregular (basis: policy posted on adoption/revision; no reporting mandate - I4-F094),unknown (no statewide list of posted policies found),NONE-FOUND(checked: https://leginfo.legislature.ca.gov/faces/codes_displaySection.xhtml?lawCode=GOV&sectionNum=53166),NONE-FOUND,guess:LicenseRef-CA-Statute-PublicEdict,bytes=undetermined; facts=likely-open; derived=undetermined,none-observed,origin,new,dossier_documents:pdf_text,2026-09-30T18:14:23Z,I4-Q064;I4-F094,live-read,"Statute (I4-F094): policy 'shall be available in writing to the public, and, if the local agency has an Internet Web site, the usage and privacy policy shall be posted conspicuously on that Internet Web site'; 'A local agency shall not acquire cellular communications interception technology unless approved by its legislative body by adoption, at a regularly scheduled public meeting ... of a resolution or ordinance'. Stats. 2015 ch. 659 (SB 741), effective 2016-01-01. Unfetched member lead: San Jose PD communications interception technology policy (sjpd.org). Lexipol template text is common -> facts only. Channel analogous to SB 34 (ALPR). operators=police;sheriff",I4-T17-C05-GS,channel,FAM-CA-53166,,cell-site-simulator-general;cell-site-simulator-unspecified,independent_account,pass,200 GET 2026-09-30T18:14:23Z (WebFetch),I1#4;I1#8,The only state-scale CSS self-disclosure regime found: it makes every CA operator post a policy and take acquisitions to a public meeting.
I4-C121,Minn. Stat. § 626A.42 - tracking-warrant reports; State Court Administrator biennial report to the Legislature,https://www.revisor.mn.gov/statutes/cite/626A.42,Minnesota Legislature (Office of the Revisor of Statutes),legislation,T17,US-MN,statewide (every tracking warrant issued or denied) (live-read I4-F096); report not fetched,other,biennial (basis: 'by November 15 of even-numbered years' - I4-F096),unknown,NONE-FOUND(checked: https://www.revisor.mn.gov/statutes/cite/626A.42),NONE-FOUND,guess:LicenseRef-MN-Statute-PublicEdict,bytes=undetermined; facts=likely-open; derived=undetermined,officer-name,origin,new,dossier_documents:pdf_text,2026-09-30T18:14:48Z,I4-Q052;I4-F096,live-read,"LEAD-ONLY. Judges report to the State Court Administrator (incl. officer/agency identities - per-warrant rows are person-level); the SCA 'shall transmit to the legislature a report', which 'is public and must be available for public inspection' at the Legislative Reference Library and on the SCA website (I4-F096). 2014 c278 s2; am. 2020 c82. The statute covers electronic-device location information generally; cell-site simulators are not named (so CSS counts may not be separable).",I4-T17-C05-GS,channel,,,cell-site-simulator-unspecified,independent_account,flag,200 GET 2026-09-30T18:14:48Z (WebFetch),I1#4;I1#8,A statutory aggregate count of location-tracking warrants (the legal route for CSS use) in one state; an I1#4 reporting regime for T17.
I4-C122,"USAspending award search - cell-site-simulator award descriptions (ATF/L3Harris, ICE, FBI/Octasic)",https://api.usaspending.gov/api/v2/search/spending_by_award/,U.S. Department of the Treasury (USAspending.gov),procurement,T17,US,5 true CSS prime awards in a 100-row window (ATF x3 L3Harris 2013/2023/2024; ICE 'CELL SITE SIMULATOR VEHICLES' 2024; FBI Octasic 'CELL SITE SIMULATOR SYSTEMS' 2026-09-30) (live-read I4-Q060),api,unknown (API; refresh cadence not checked),"100 award rows read, hasNext=true",NONE-FOUND(checked: API responses only),NONE-FOUND,guess:LicenseRef-USGov-PublicDomain-17USC105,bytes=undetermined; facts=likely-open; derived=undetermined,none-observed,origin,related:usaspending,procurement:usaspending,2026-09-30T18:12:06Z,I4-Q060;I4-L043;I4-L044,live-read,"Configure-existing. [usaspending_sweep] (procurement_vocab.toml:561-581) already lists 'cell-site simulator' and 'stingray'; the static live target (live_targets.toml:55) lists neither. Add unhyphenated 'cell site simulator' and vendor 'Octasic'; do NOT add 'hailstorm' (matched Cenzic Hailstorm app-security software at NASA/NRC/DOJ) or 'Tactical Support Equipment' (84 mostly military-kit rows); 'stingray' also matches fish/pipeline rows. Examples: ATF 15A00023FAQ000202 $3,695,000 2023-09-29; ATF 15A00024FAQ000163 $2,650,000 2024-07-26; ATF DJA13AHDQG0793 $898,074 2013 ('STING RAY'); ICE 70CMSD24FR0000115 $2,400,647.17 2024-09-30; FBI 15F06726P0000957 $1,985,280 2026-09-30. Local CSS purchases appear only when federally funded (see I4-C112). award_ids=15A00023FAQ000202;15A00024FAQ000163;DJA13AHDQG0793;70CMSD24FR0000115;15F06726P0000957; out-of-cell->T28 (ICE); operators=federal",I4-T17-C09-G0,channel,FAM-USASPENDING-SLICES,L3Harris;Octasic;TechOps Specialty Vehicles,cell-site-simulator-general,independent_account,pass,200 POST (documented search API) 2026-09-30T18:12:06Z,I1#8,Federal CSS buyers (ATF about $6.3M in 2023-24 - computed sum of two awards; FBI's 2026 Octasic award) are only visible through Atlas today; a keyword tweak brings them into the existing connector.
I4-C123,Stingray Tracking Devices: Who's Got Them? (ACLU map),https://www.aclu.org/issues/privacy-technology/surveillance-technologies/stingray-tracking-devices,American Civil Liberties Union,ngo,T17,US,'The ACLU has identified 75 agencies in 27 states' (live-read I4-F099),html,"static (basis: 'Last updated December 14, 2018' - I4-F099)",75 agencies + a federal-agency list (not enumerated on the page),NONE-FOUND(checked: https://www.aclu.org/issues/privacy-technology/surveillance-technologies/stingray-tracking-devices),NONE-FOUND,guess:LicenseRef-ACLU-Unstated,bytes=undetermined; facts=likely-open; derived=undetermined,none-observed,derived-from:agency records and press (per-agency sources not inspected),same-as:aclu_cell_site_simulators,atlas-like,2026-09-30T18:15:53Z,I4-F099,live-read,"Registry row check (requested by the batch). FINDING: frozen since 2018-12-14 ('[Updated November 2018]'); no structured table or download on the page, although the registry note calls it an 'Agency possession dataset' (sources.toml:704-712). A historical survey is not current; do not schedule as a feed. operators=police;sheriff;state-police;federal",I4-T17-C13-G0,publisher,,,cell-site-simulator-unspecified,derived_summary,pass,200 GET 2026-09-30T18:15:53Z (WebFetch),I1#8,"Same-as the gated registry row; adds the currency fact (frozen 2018, no table) so I7 treats it as a 2018 baseline, not a live feed."
I4-C124,kevincollier/Stingray - 'Stingray project to share.xlsx' (Vocativ 2017 dataset),https://github.com/kevincollier/Stingray,"Kevin Collier (journalist; Vocativ 2017), via GitHub",journalism,T17,US,unknown (xlsx not opened); Atlas CSS rows cite it 48 times and the Vocativ 2017 article (via Wayback) 54 times (I4-L047),bulk-file,static (basis: single commit - I4-F098),1 xlsx file,NONE-FOUND(checked: https://github.com/kevincollier/Stingray - no LICENSE file),NONE-FOUND,guess:LicenseRef-NoLicense-AllRightsReserved,bytes=likely-restricted; facts=likely-open; derived=undetermined,none-observed,derived-from:origin-unknown,related:eff_atlas_of_surveillance,atlas-like,2026-09-30T18:15:53Z,I4-L047;I4-F098,live-read,"LINEAGE CHECK REQUIRED: the repository states no data origin (I4-F098); confirm a records-request (not leak) origin before any use. Not downloaded (metadata-only; fetch cap). Vocativ URL itself is reachable only via web.archive.org in the Atlas (not used here, per R4).",I4-T17-C13-G0,target,,,cell-site-simulator-unspecified,derived_summary,pass,200 GET 2026-09-30T18:15:53Z (WebFetch),I1#8,"The most-cited CSS compilation behind the Atlas (48 rows), a 2017 agency-possession baseline beside ACLU's 2018 map, pending a provenance check."
I4-C150,USAspending spending_by_award - prime contracts/IDVs matching mobile-forensics vendor keywords,https://api.usaspending.gov/api/v2/search/spending_by_award/,U.S. Department of the Treasury (USAspending.gov),procurement,T19,US,3813 contracts + 21 IDVs + 28 grants + 2 loans keyword-matched 2008-01-01..2026-09-30 (spending_by_award_count; not deduped; includes MSAB/Graphite false positives) (live-read),api,daily (basis: USAspending federal award feed; inference),"page1 of prime contracts: 100 rows hasNext=true; recipients CELLEBRITE INC 22, MAGNET FORENSICS LLC 9 (+USA INC 2) + resellers (live-read)",NONE-FOUND(checked: api.usaspending.gov search responses only; upstream terms not re-fetched this batch - registry rights block sources.toml [sources.usaspending.rights] terms_url=https://api.usaspending.gov/docs/),NONE-FOUND,guess:CC0-1.0,bytes=likely-open; facts=likely-open; derived=likely-open,none-observed,origin,related:usaspending,procurement:usaspending,2026-09-30T18:06:44Z,I4-Q076;I4-Q077;I4-Q100;I4-Q170,live-read,"configure-existing-connector: add T19 keywords (Cellebrite, Grayshift, GrayKey, Magnet Forensics, Magnet AXIOM, Oxygen Forensic, Belkasoft, XRY) to [usaspending_sweep] (procurement_vocab.toml:560-581, 19 terms, none forensic; live_targets.toml:55 post_body has 10) - I4-L050. Awarding sub-agencies on page1: ICE 18, FBI 12, USSS 10, DEA 5, IRS 4, Army/USAF (mostly MSAB-base noise). Disambiguation required: keyword MSAB matches Muwaffaq Salti Air Base (Jordan) construction; Graphite matches furniture/parts - match exploit-service vendors by recipient (PARAGON SOLUTIONS (US) INC). award_ids=15F06725F0002168 (FBI via FCN INC $19,095,803.26 UNLOCK AND EXTRACTION SOFTWARE CELLEBRITE 2025-09-30); 15F06722F0002094 (FBI via REDHAWK IT $16,627,350.95 CELLEBRITE MOBILE FORENSICS SUITE 2022-09-30); 70CTD024P00000012 (ICE PARAGON SOLUTIONS (US) INC $2,000,000 2024-09-30). Resellers dominate (FCN, Panamerica, Carahsoft, Redhawk) -> vendor attribution needs description text. operators=federal | INTEGRATOR NOTE (I4-L009): the live keyword space is TWO lists — live_targets.toml:55 (10 terms, the static sub-award target) and procurement_vocab.toml [usaspending_sweep] (19 terms, P26.14; incl. 'facial recognition', 'drone', 'unmanned aerial', 'cell-site simulator', 'stingray', 'acoustic gunshot', 'predictive policing', 'geofence', 'data broker', 'body camera'). Neither list has vendor names or forensics/SMM/ATE/weapons-detection/EM/biometric terms; sweep slices are page-bounded (prime 1 page, sub 2 pages), so recall also depends on bounds (I8). | integrator QA I4-Q170: 4 unambiguous vendor terms (Cellebrite, Grayshift, GrayKey, Magnet Forensics) -> contracts 3,538, grants 28, IDVs 18 (keyword hits, not deduplicated)",I4-T19-C16-G0,channel,FAM-USASPENDING-SLICES,Cellebrite;Magnet Forensics;Grayshift;Paragon Solutions;Carahsoft;FCN,mobile-forensics-unspecified;exploit-service,independent_account,pass,200 POST 2026-09-30T18:06:44Z (documented API; 8/8 host cap used),I1#7;I1#13;NEW-8,First structured national channel for mobile-forensics (and exploit-service) purchases; closes zero-channel class I1#7 by a keyword change to an already-live connector (I1#13).
I4-C151,USAspending sub-awards (grant pass-through) matching mobile-forensics vendor keywords,https://api.usaspending.gov/api/v2/search/spending_by_award/,U.S. Department of the Treasury (USAspending.gov; FFATA sub-award reports by prime grantees),grant,T19,US,84 subgrants + 130 subcontracts keyword-matched (spending_by_award_count subawards=true) (live-read),api,irregular (basis: FFATA sub-award reporting by primes; inference),"84 subgrant rows, hasNext=false; awarding DOJ 49, DHS 32 (live-read)",NONE-FOUND(checked: api.usaspending.gov search responses only; upstream terms not re-fetched this batch - registry rights block sources.toml [sources.usaspending.rights] terms_url=https://api.usaspending.gov/docs/),NONE-FOUND,guess:CC0-1.0,bytes=likely-open; facts=likely-open; derived=likely-open,free-text-narrative,origin,related:usaspending,procurement:usaspending,2026-09-30T18:07:14Z,I4-Q078;I4-Q079,live-read,"out-of-cell->I4-T19-C09-G0: this is the state/local PURCHASE lane (federal grant -> local forensics buy). Prime pass-throughs: Kentucky Office of Homeland Security 28, Executive Office of the State of Kansas 9, Arkansas State Police 6+2, City of Houston 4, Indiana courts (ICJI) 3, CA BSCC 2, Nebraska Military Dept 2, Ohio AG 2, WA DOC 2, Phoenix PD 2, NM DPS 2, FDLE 1. Sub-awardee examples: County of Adams NE (CELLEBRITE TOOL, MAGNETAXIOM 2020-09-14 $636,500 bundle); City of Houston via Carahsoft (UFED 4 PC renewal); WA DOC (CELLEBRITE CELLPHONE CRACKING SYSTEM $338,777.69); Madison County IN HTCU; Johnson County KS (GRAYKEY licence line); Seattle PD Magnet Forensics $111,100 2025-09-15; Pender County NC (GrayKey and Cellebrite). Noise: Namibia Nature Foundation, IBIS BrassTrax-only rows -> keyword + description filter needed. geographies incl. US-KY;US-KS;US-AR;US-TX:Houston;US-IN;US-CA:San Diego County;US-NE:Adams County;US-OH;US-WA;US-AZ:Phoenix;US-NM;US-FL:Orlando;US-PA:Allegheny County;US-NC:Pender County. operators=police;sheriff;state-police;prosecutor;corrections",I4-T19-C16-G0,channel,FAM-USASPENDING-SLICES,Cellebrite;Magnet Forensics;Grayshift;Carahsoft,mobile-forensics-unspecified,independent_account,flag,200 POST 2026-09-30T18:07:14Z,I1#7;I1#13;NEW-8,"Only structured national channel found that names LOCAL agencies buying Cellebrite/GrayKey/Magnet (via federal grants); same connector, sub-award path already built."
I4-C152,USAspending spending_by_award - prime contracts matching SMM/OSINT vendor keywords,https://api.usaspending.gov/api/v2/search/spending_by_award/,U.S. Department of the Treasury (USAspending.gov),procurement,T20;T18,US,"1899 contracts + 27 IDVs + 12 grants (+27 loans, 7 direct payments = generic-term noise) keyword-matched 2008..2026 (live-read)",api,daily (basis: USAspending federal award feed; inference),"page1 100 rows hasNext=true: PEN-LINK LTD 53, DATAMINR INC 19, SKOPENOW 2, BABEL STREET 2, COBWEBS AMERICA 2, ZEROFOX 1 + resellers (live-read)",NONE-FOUND(checked: api.usaspending.gov search responses only; upstream terms not re-fetched this batch - registry rights block sources.toml [sources.usaspending.rights] terms_url=https://api.usaspending.gov/docs/),NONE-FOUND,guess:CC0-1.0,bytes=likely-open; facts=likely-open; derived=likely-open,none-observed,origin,related:usaspending,procurement:usaspending,2026-09-30T18:07:29Z,I4-Q080;I4-Q081,live-read,"configure-existing-connector: add T20 keywords (Babel Street, Dataminr, ShadowDragon, Skopenow, Voyager Labs, Cobwebs, Penlink/Pen-Link, Fivecast, Zignal, ZeroFox, Media Sonar, Social Sentinel, Geofeedia, LifeRaft, social media monitoring). Sub-agencies page1: DEA 33, ICE 17, USAF 9, State 7, USSS 6, FBI 5, TSA 5, USMS 4, CBP 3. award_ids=70CMSD22C00000001 (ICE Pen-Link $26,155,762.25 2022-07-01 500 users); 15DDHQ23F00000995 (DEA ShadowDragon Horizon/SocialNet via Thundercat $12,564,156.15); 70CTD026FR0000025 (ICE 25 Babel Street Insights licences via Flywheel Data $10,300,000 2026-05-20); 70B03C23F00001053 (CBP Babel Street via Panamerica $5,906,000.98); 70CMSD26C00000006 (ICE ZeroFox $13,000,000 2026-07-13); FA701421C0024 (USAF Dataminr PAI $298,797,862.68); 15F06721P0002431 (FBI ZeroFox via CMA $14,872,327.04). Pen-Link descriptions include TELECOMMUNICATIONS ANALYSIS AND INTERCEPT -> T18 overlap; Babel Street description includes LOCATION -> T21 (Locate X is DATA). operators=federal | INTEGRATOR NOTE (I4-L009): the live keyword space is TWO lists — live_targets.toml:55 (10 terms, the static sub-award target) and procurement_vocab.toml [usaspending_sweep] (19 terms, P26.14; incl. 'facial recognition', 'drone', 'unmanned aerial', 'cell-site simulator', 'stingray', 'acoustic gunshot', 'predictive policing', 'geofence', 'data broker', 'body camera'). Neither list has vendor names or forensics/SMM/ATE/weapons-detection/EM/biometric terms; sweep slices are page-bounded (prime 1 page, sub 2 pages), so recall also depends on bounds (I8).",I4-T20-C16-G0,channel,FAM-USASPENDING-SLICES,Pen-Link;Dataminr;Babel Street;ShadowDragon;Skopenow;Cobwebs;ZeroFox;Thundercat;Flywheel Data;Panamerica,social-media-monitoring;osint-platform;osint-monitoring-unspecified,independent_account,pass,200 POST 2026-09-30T18:07:29Z,I1#7;I1#13;NEW-8,First structured channel for federal SMM/OSINT contracts (ICE/CBP/DEA/FBI) - SIG has zero SMM rows; keyword change on a live connector.
I4-C153,Cellebrite DI Ltd. SEC filings (Form 20-F annual reports; Form 6-K ex99-1 quarterly results releases),https://efts.sec.gov/LATEST/search-index?q=%22Cellebrite%22&ciks=0001854587,Cellebrite DI Ltd. (filer) via U.S. SEC EDGAR,vendor-portal,T19,US;INTL,"6 annual 20-F/20-F/A FY2021-FY2025 + quarterly 6-K releases; 23 filings contain ""state and local"" + ""law enforcement"" (live-read)",api,"quarterly (basis: 6-K results releases 2025-05-14, 2025-08-14, 2025-11-12; 20-F annual) (live-read)",23 FTS hits for CIK 0001854587 on the phrase pair; 9 hits for Cellebrite+law enforcement+customers in 20-F (live-read),NONE-FOUND(checked: efts.sec.gov search JSON; sec.gov cele-20251231.htm; sec.gov ea026501001ex99-1_cellebrite.htm),NONE-FOUND,guess:LicenseRef-SEC-public-filing,bytes=undetermined; facts=likely-open; derived=undetermined,none-observed,origin,new,new:sec_edgar_fts,2026-09-30T18:08:23Z,I4-Q083;I4-F106;I4-Q108;I4-F129,live-read,"The vendor states (20-F FY2025, filed 2026-03-03, 0001628280-26-013790): sales to public safety agencies incl. law enforcement, defense and intelligence were >90% of revenue in 2023-2025, and U.S. federal government customers ~16% of total 2025 revenue. The vendor states (6-K Q3 2025, 0001213900-25-109216): strong demand from U.S. state and local and Latin America segments drove 21% subscription revenue growth; Thousands of public safety organizations... rely on Cellebrite. No customer count found in fetched text (WebFetch may truncate the 20-F). Aggregate market context only - never agency-level. SuperCom Ltd 20-F also hit (out-of-cell->I4 T24 EM). | integrator: EDGAR family (A C026, B C082, D C153, G C304/C305) = one new:sec_edgar_fts connector; no EDGAR source is registered (I4-L083)",I4-T19-C02-G0,publisher,FAM-EDGAR-FTS,Cellebrite,mobile-forensics-unspecified,independent_account,pass,200 GET 2026-09-30T18:08:23Z (efts via WebFetch); 200 GET www.sec.gov x2,I1#7;NEW-8,"Only vendor-side denominator for the class (share of revenue from US state/local vs federal); coverage-estimation context for I1#7, not deployments."
I4-C154,USAspending sub-awards (grant pass-through) matching SMM/OSINT vendor keywords,https://api.usaspending.gov/api/v2/search/spending_by_award/,U.S. Department of the Treasury (USAspending.gov; FFATA sub-award reports),grant,T20,US,"24 subgrant rows keyword-matched, ~8 are local SMM/OSINT purchases (manual read of descriptions) (live-read)",api,irregular (basis: FFATA sub-award reporting; inference),24 rows hasNext=false (live-read),NONE-FOUND(checked: api.usaspending.gov search responses only; upstream terms not re-fetched this batch - registry rights block sources.toml [sources.usaspending.rights] terms_url=https://api.usaspending.gov/docs/),NONE-FOUND,guess:CC0-1.0,bytes=likely-open; facts=likely-open; derived=likely-open,free-text-narrative,origin,related:usaspending,procurement:usaspending,2026-09-30T18:07:50Z,I4-Q082,live-read,"out-of-cell->I4-T20-C09-G0 (local purchase lane). Local SMM/OSINT buys: Marion County Sheriff IN - Skopenow OSINT platform $133,000 (2023-09-20, via Indiana DHS); City of Indianapolis IMPD - Dataminr First Alert 1-year contract $80,000 (2023-09-15); Attorney General of Wyoming - web intelligence platform and Cobwebs support $182,000 (2023-11-07); Oklahoma Dept of Emergency Mgmt - Dataminr software $88,128.30 (2025-01-13); Shelby County TN - Pen-Link $53,334.23 (2020-05-21); City of Austin regional fusion centre and City of Fort Worth intelligence projects via Texas Governor (context only). Noise: Democracy International (Tunisia), Meltwater (media monitoring), NORC/IACP research. geographies incl. US-IN:Marion County;US-IN:Indianapolis;US-WY;US-OK;US-TN:Shelby County;US-TX:Austin;US-TX:Fort Worth. operators=sheriff;police;state-police;emergency-management",I4-T20-C16-G0,channel,FAM-USASPENDING-SLICES,Skopenow;Dataminr;Cobwebs;Pen-Link,social-media-monitoring;osint-platform;osint-monitoring-unspecified,independent_account,flag,200 POST 2026-09-30T18:07:50Z,I1#7;I1#13;NEW-8,Names local agencies buying Skopenow/Dataminr/Cobwebs with federal grants - the first repeatable local SMM purchase evidence; zero-channel class.
I4-C155,Maine DAFS Procurement Services - Procurement Justification Forms / Notices of Intent (noi-docs),https://www.maine.gov/dafs/bbm/procurementservices/sites/maine.gov.dafs.bbm.procurementservices/files/noi-docs/NOI%201220251052.pdf,"State of Maine, Dept of Administrative & Financial Services, Procurement Services",procurement,T19,US-ME,"1 PJF read (Cellebrite, Dept of Public Safety / Maine Drug Enforcement Agency); search leads showed >=4 Cellebrite NOI PDFs 2023-2025 (lead) (live-read for 1)",pdf,irregular (basis: per-award NOI postings; inference),unknown; index page not located (404 at guessed URL),NONE-FOUND(checked: noi-docs/NOI 1220251052.pdf; maine.gov/dafs/bbm/procurementservices/vendors/notice-intent-award -> 404),NONE-FOUND,guess:LicenseRef-US-ME-public-record,bytes=undetermined; facts=likely-open; derived=undetermined,private-person-name;free-text-narrative,origin,new,new:state_procurement_notice_pdf,2026-09-30T18:11:00Z,I4-Q085;I4-F107,live-read,"PJF RQS-16A-20251007000062: vendor Cellebrite Inc; Inseyets Online Pro Upgrade & Subscription Renewal (8 units); $77,628.80; 11/15/2025-11/14/2026; Single Source/Unique Vendor - ""sole developer and provider of the UFED Forensic System""; agency notes an eleven-year vendor relationship. Device serial numbers present (not person data). Statewide single-source justification register = repeatable state channel if an index exists (not found). operators=state-police",I4-T19-C09-G0,publisher,,Cellebrite,mobile-forensics-unspecified,independent_account,flag,200 GET 2026-09-30T18:11:00Z,I1#7;I1:state=ME,"State sole-source justification register naming the forensic product, term and amount - a state-level origin channel SIG lacks for T19."
I4-C156,Washington State Open Checkbook - vendor payments (fiscal.wa.gov),https://fiscal.wa.gov/Spending/Checkbook2123,Washington State Legislature LEAP Committee + Office of Financial Management,gov-open-data,T19;T20,US-WA,all AFRS state-agency vendor payments since 2012-01-01 excl. listed categories (live-read disclaimer); T19/T20 payees NOT verified (no rows read),bulk-file,"monthly (basis: page text ""Data is added monthly with previous month vendor payments."") (live-read)",one Excel file per biennium 2013-15..2025-27 (e.g. ../Spending/VendorPayments2123.xlsx) (live-read),https://fiscal.wa.gov/Spending/DisclaimerWAVendorCB.pdf,"The Open Checkbook information includes budgeted payments generated through the State of Washington Agency and Financial Reporting System (AFRS), excluding selected payments. AFRS is the official accounting record of the state. ... Payments made from agency-specific systems are excluded from the checkbook ... Checkbook data have not been audited and are available from January 1, 2012.",guess:LicenseRef-US-WA-public-record,bytes=undetermined; facts=likely-open; derived=undetermined,private-person-name,origin,new,new:state_checkbook_xlsx,2026-09-30T18:11:01Z,I4-Q085;I4-F108;I4-F111,live-read,"WA DOC Cellebrite purchase is evidenced separately in I4-C151 (sub-award) -> expect payee rows here (inference, unverified). Excluded categories per disclaimer: salaries, payments exempt from disclosure, school apportionment, debt service, other payment systems, revenue refunds; higher-education payments excluded (so campus police buys absent). Vendor filter must run on payee name; individual payees possible -> flag. Also a T09-T28 multi-class channel (out-of-cell->I6 multi-class).",I4-T19-C09-G0,publisher,,,mobile-forensics-unspecified;social-media-monitoring;osint-platform;osint-monitoring-unspecified,independent_account,flag,200 GET 2026-09-30T18:11:01Z; disclaimer PDF 200,I1#7;I1:state=WA,Statewide monthly vendor-payment bulk file - a vendor-name filter yields every WA state-agency forensics/SMM payee without per-agency records work.
I4-C157,Grayshift LLC quote Q-17510-1 to Whitestown Metropolitan Police (posted on town website),https://whitestown.in.gov/wp-content/uploads/2022/10/GrayShift-Quote.pdf,"Town of Whitestown, IN (website upload of vendor quote)",procurement,T19,US-IN:Whitestown,"1 agency, 1 quote (live-read)",pdf,static (basis: single 2022 document),2 pages (live-read),NONE-FOUND(checked: GrayShift-Quote.pdf),NONE-FOUND,guess:LicenseRef-US-IN-public-record,bytes=undetermined; facts=likely-open; derived=undetermined,private-person-name;officer-name,origin,new,new:agency_document_pdf,2026-09-30T18:12:50Z,I4-Q088;I4-F112,live-read,"Quote created 9/2/2022: GrayKey License - Essential $9,995.00 + Expansion Pack-20 $8,295.00 = USD 18,290.00; licence term 3/2/2023-3/1/2024 (renewal). Contains named police contact + salesperson emails (institutional roles; NOT copied); raw copy deleted after hashing. Exemplar of vendor quotes embedded in council packets (quote != executed PO). operators=police",I4-T19-C09-G0,target,FAM-I4D-AGENCYDOC-T19,Grayshift,mobile-forensics-unspecified,independent_account,flag,200 GET 2026-09-30T18:12:50Z,I1#7;I1:state=IN,Exemplar proving small-town GrayKey licences (price/tier/term) are published by agencies themselves; zero-channel class.
I4-C158,"Jefferson County, MO Council - Bill 24-0315 ordinance renewing GrayKey licensing (Grayshift, sole source) for the Sheriff",https://www.ecode360.com/JE3328/laws/LF2030035.pdf,"Jefferson County, MO (legislation hosted on General Code eCode360)",legislation,T19,US-MO:Jefferson County,1 ordinance; cites prior Ordinances 22-0149 (purchase) and 23-0145 (renewal) (live-read),pdf,annual (basis: yearly licence renewal ordinances 22/23/24) (live-read),7 pages (live-read),NONE-FOUND(checked: LF2030035.pdf),NONE-FOUND,guess:LicenseRef-US-MO-public-record,bytes=undetermined; facts=likely-open; derived=undetermined,officer-name,origin,new,new:ecode360_laws,2026-09-30T18:12:51Z,I4-Q088;I4-F113,live-read,"out-of-cell->I4-T19-C07-G0. Renewal of GrayKey licensing fee + training from sole-source vendor Grayshift LLC, term to 3-10-25, up to $33,105.00, for the Department of the Sheriff. eCode360 hosts enacted legislation (LF files) for many municipalities - a possible cross-municipality legislation channel (unverified breadth). Clerk name in institutional role only. operators=sheriff",I4-T19-C09-G0,target,FAM-I4D-AGENDA-T19,Grayshift,mobile-forensics-unspecified,independent_account,flag,200 GET 2026-09-30T18:12:51Z,I1#7;I1:state=MO,Enacted-ordinance exemplar showing a county sheriff GrayKey programme with a 3-year renewal chain - legislative origin for T19.
I4-C159,Carahsoft - Cellebrite government contract vehicles page,https://www.carahsoft.com/cellebrite/contracts,Carahsoft Technology Corp. (reseller),vendor-portal,T19,US,6 federal + 16 state/local + 3 education + 7 cooperative vehicles listed (live-read),html,unknown,~32 contract vehicles (live-read),NONE-FOUND(checked: carahsoft.com/cellebrite/contracts),NONE-FOUND,guess:LicenseRef-AllRightsReserved,bytes=likely-restricted; facts=likely-open; derived=undetermined,none-observed,origin,new,new:vendor_contract_vehicle_page,2026-09-30T18:12:52Z,I4-Q089;I4-F114,live-read,"LEAD for I6 (cooperative/state contract registers): out-of-cell->I6. The vendor/reseller states these vehicles; availability is not a purchase. contract_ids=GSA 47QTCA21A000R; GS-35F-0119Y; 47QSWA18D008F; SEWP NNG15SC03B/NNG15SC27B; ITES-SW2 W52P1J-20-D-0042; ESI BPA N66001-23-A-0049; CMAS 3-20-70-2247G; PA DGS 4400028357; MD 060B2490021; OH STS 534354; IA 2026-BUS-7713; NM 30-00000-23-00067; MA ITS86; FL 43210000-23-OMNIA-ACS; TX DIR-CPO-5687; OMNIA R240303 / 23-6692-01; NASPO KY MA7581700001211; NASPO DC 101416; CoreTrust 24COR-018GR; E&I EI00063-2021MA; MHEC MC15-F04; VASCUPP UVA1482501; Fairfax 4400012235; WSSC 48531; Arizona ADPS17-170241 (from I4-Q094, not on this page)",I4-T19-C09-G0,publisher,,Cellebrite;Carahsoft,mobile-forensics-unspecified,independent_account,pass,200 GET 2026-09-30T18:12:52Z,I1#7,"Seed list of state term contracts (PA, MD, OH, IA, NM, TX DIR, FL) whose own registers could enumerate Cellebrite buyers - hands I6 concrete contract ids."
I4-C160,"Miami-Dade County BCC - designated purchase Contract No. SS-10291 (Cellebrite, MDPD)",https://www.miamidade.gov/govaction/legistarfiles/MinMatters/Y2023/231615min.pdf,"Miami-Dade County, FL (Board of County Commissioners legislative file)",agenda,T19;T20,US-FL:Miami-Dade County,1 award; 31-page legislative file (live-read),pdf,static (basis: 2023 award item),31 pages (live-read),NONE-FOUND(checked: 231615min.pdf),NONE-FOUND,guess:LicenseRef-US-FL-public-record,bytes=undetermined; facts=likely-open; derived=undetermined,free-text-narrative;private-person-name,origin,new,agenda:legistar-style county files (miamidade.granicus.com tenant exists in agenda_tenants.toml:9962; this legistarfiles path is separate),2026-09-30T18:14:20Z,I4-Q091;I4-F115,live-read,"Designated purchase for MDPD of Cellebrite Pathfinder, Cellebrite Guardian, Cellebrite Premium Enterprise (ES) and Open-Source Intelligence (OSINT - Smart Search); Contract No. SS-10291; $6,817,350 (both verified in extracted text; 14 and 5 occurrences). Also T20 (OSINT). Upturn page links a 2020 Miami-Dade file (201021min.pdf) = earlier award chain (not fetched). operators=police",I4-T19-C07-G0,target,FAM-I4D-AGENDA-T19,Cellebrite,mobile-forensics-unspecified;osint-platform,independent_account,flag,200 GET 2026-09-30T18:14:20Z,I1#7;I1:state=FL,Largest local T19 award found ($6.8M) with product-level detail incl. Pathfinder/Guardian and OSINT - agenda-origin exemplar.
I4-C161,"Placer County, CA Board of Supervisors memo - GrayKey Software License Fee (Magnet Forensics) for the District Attorney",https://www.placer.ca.gov/DocumentCenter/View/75853/24F,"County of Placer, CA (Procurement Services Division)",agenda,T19,US-CA:Placer County,1 board item (live-read),pdf,static (basis: 2023-12-12 item),2 pages (live-read),NONE-FOUND(checked: DocumentCenter/View/75853/24F),NONE-FOUND,guess:LicenseRef-US-CA-public-record,bytes=undetermined; facts=likely-open; derived=undetermined,officer-name,origin,new,new:civicplus_documentcenter,2026-09-30T18:14:21Z,I4-Q091;I4-F116,live-read,"Memo dated December 12, 2023: approve four-year GrayKey premier license and related equipment with Magnet Forensics LLC for the District Attorney Office, max aggregate $184,000, 12/1/2023-11/30/2027. Officials named in institutional roles (not copied). Shows GrayKey now sold by Magnet Forensics (post-acquisition vendor-name drift: Grayshift->Magnet). operators=prosecutor",I4-T19-C07-G0,target,FAM-I4D-AGENDA-T19,Magnet Forensics;Grayshift,mobile-forensics-unspecified,independent_account,flag,200 GET 2026-09-30T18:14:21Z,I1#7;I1:state=CA,County board approval exemplar with multi-year GrayKey term and DA operator - shows prosecutor offices as T19 operators.
I4-C162,Existing agenda connector (Legistar InSite API tenants) - T19/T20 vocabulary gap,https://webapi.legistar.com/v1/phoenix/matters,Granicus Legistar (per-tenant municipal legislative files),agenda,T19;T20,US,306 Legistar-platform tenants in agenda_tenants.toml (platform field; 793 tenants total; the batch's '578' counted lines containing webapi.legistar.com — corrected by integrator I4-L008); probe: Phoenix 2 Cellebrite matters of 67 forensic-titled (live-read),api,daily (basis: live council agendas; inference),per-tenant; Phoenix 67 matters matched Forensic/Cellebrite/GrayKey (live-read),NONE-FOUND(checked: webapi.legistar.com phoenix/atlantaga JSON responses; registry sources.toml [sources.legistar.rights] exists),NONE-FOUND,guess:LicenseRef-per-tenant-public-record,bytes=undetermined; facts=likely-open; derived=undetermined,free-text-narrative;private-person-name,origin,related:legistar,agenda:legistar (+agenda_content_vocab.toml),2026-09-30T18:16:28Z,I4-L052;I4-Q094;I4-Q095;I4-Q103,live-read,"configure-existing-connector: agenda_content_vocab.toml has NO mobile-forensics term and its social_media_monitoring term matches only [social media monitoring, social-media monitoring, geofeedia] (lines 174-178; same in legislation_vocab.toml:214) - vendor names (Cellebrite, GrayKey, Grayshift, Magnet, UFED, Dataminr, Babel Street, Skopenow, ShadowDragon, Media Sonar, Cobwebs, Penlink, Voyager Labs, Navigate360/Social Sentinel) are absent. Probe evidence: Phoenix 16-1501 Cellebrite Infield UFED Mobile Forensic Solution (Ordinance S-43239); 18-0682 Contract for Cellebrite UFED Hardware, Software and Support - State of Arizona - ADPS17-170241 (Ordinance S-44508). SMM probe: Phoenix 18-3607 Consideration of Citizen Petition Related to the Police Department Use of Social Media (title only); Atlanta 0 hits but Legistar substringof is case-sensitive -> vocab matching must be case-insensitive. Also NYC City Record (procportal_nyc_ny, live) full-text matches cellebrite in 9 notices (I4-Q086) - verify the procurement classifier keeps them. contract_ids=ADPS17-170241; Maricopa County 14023-C",I4-T19-C07-G0,channel,FAM-I4D-AGENDA-T19,Cellebrite;Grayshift;Magnet Forensics;Dataminr;Babel Street;Skopenow;ShadowDragon;Media Sonar;Cobwebs;Pen-Link;Voyager Labs;Navigate360,mobile-forensics-unspecified;social-media-monitoring;osint-platform;osint-monitoring-unspecified,independent_account,flag,200 GET 2026-09-30T18:16:28Z (phoenix); 200 GET 2026-09-30T18:22:24Z (atlantaga),I1#7;NEW-8;I1#6,Hundreds of already-enumerated agenda tenants carry T19/T20 approvals that SIG cannot see only because the vocabulary lacks vendor terms - cheapest fix for two zero-channel classes.
I4-C163,"Upturn - Mass Extraction (2020), Appendix C: Total Amounts Spent on MDFTs (agency table)",https://www.upturn.org/work/mass-extraction/,"Upturn, Inc.",ngo,T19,US,"Appendix C: 84 agency rows (75 with amounts, 9 Unknown) since 2015; the headline >2,000 agencies is NOT published as a list (live-read)",html,"static (basis: report dated October 20, 2020)","1 HTML table, 84 rows x 3 columns (Law Enforcement Agency / Amount Spent (at least) / Vendors) (live-read)",NONE-FOUND(checked: https://www.upturn.org/work/mass-extraction/ full HTML incl. footer),NONE-FOUND,guess:LicenseRef-AllRightsReserved,bytes=undetermined; facts=likely-open; derived=undetermined,per-search-audit,origin,new,curated ingest (new:html_table),2026-09-30T18:15:10Z,I4-Q092;I4-F117;I4-F118,live-read,"Verbatim claim: ""our research documents more than 2,000 agencies that have purchased these tools, in all 50 states and the District of Columbia"" - basis: 110+ records requests PLUS GovSpend (paid; registry same-as:govspend, gated) - the 2,000 list itself is NOT published (verified: no CSV/GitHub/appendix link; Appendix C is the only data). Example rows: Broward County Sheriff $563,091; California DOJ $225,449; Arizona DPS $110,605. Page links 34 DocumentCloud records (policies, consent forms, and a redacted extraction request log -> per-search-audit BLOCK; DocumentCloud API robots Disallow per registry). Full PDF at /static/reports/2020/mass-extraction/files/Upturn%20-%20Mass%20Extraction.pdf (not fetched). Historical baseline (2015-2019) - not current. No overlap with pathways_fr_css_forensics fixtures (fixture fr_css_forensics.json cites 3 URLs, none Upturn - I4-L053).",I4-T19-C14-G0,publisher,,Cellebrite;Grayshift;Magnet Forensics;MSAB;Oxygen Forensics;BlackBag;AccessData;Paraben,mobile-forensics-unspecified,derived_summary,flag,200 GET 2026-09-30T18:15:10Z,I1#7;NEW-8,"Only NGO agency-level T19 table (84 agencies with spend + vendor mix) - historical baseline; verifies the 2,000-agency list is unpublished."
I4-C164,Socrata-hosted government vendor-payment / open-checkbook datasets (family),https://api.us.socrata.com/api/catalog/v1?q=vendor%20payments&only=dataset,multiple state and local governments (via Socrata/Tyler Data & Insights),gov-open-data,T19;T20,US,"212 catalog hits for ""vendor payments""; >=40 in first 100 carry a vendor/payee column incl. 5 states (VT, CT, DE, NJ, OR) and >=12 cities/counties (live-read)",socrata,"daily..quarterly per dataset (Chicago daily, DE monthly, NJ quarterly) (live-read)","5 of 5 datasets probed returned T19 and/or T20 payees by SoQL aggregate (Chicago, DE, NJ, CT, LA) (live-read)",per-dataset licence field (Socrata /api/views/<id>.json),"licence field values seen in catalog: VT ""Open Data Commons Open Database License""; CT/DE/KCMO/Cincinnati ""Public Domain""; Dallas ""Open Data Commons Attribution License""; LA Checkbook and Fulton County ""Creative Commons Attribution 4.0 International""; Chicago/Mesa ""See Terms of Use""; NJ none",guess:mixed(ODbL-1.0;PDDL/CC0;ODC-By-1.0;CC-BY-4.0;LicenseRef-see-terms),bytes=undetermined; facts=likely-open; derived=undetermined,private-person-name,origin,new,"procurement:socrata (procurement_portal_tenants.toml platform=socrata; existing tenants use contracts datasets e.g. Chicago rsxa-ify5, not payments)",2026-09-30T18:17:25Z,I4-Q096;I4-Q097;I4-Q098;I4-Q099;I4-Q102;I4-Q105;I4-Q106,live-read,"Method: SoQL $select=vendor,count(*),sum(amount) $where upper(vendor) like vendor list $group - aggregate only, NO rows read. Beyond the 3 target rows: CT avfh-2eg7 (Public Domain): DATAMINR INC Rail Operations 2 / 160000 + Bus Operations 1 / 80000; COBWEBS AMERICA INC 1 / 118353; PEN-LINK LTD Other Expenses 6 / 455700.19 (department field is a fund label). LA Checkbook pggv-e4fn (CC-BY-4.0): PEN-LINK Police 2 / 21892, Harbor 3 / 6465; %VOYAGER% hit only US Bank Voyager Fleet cards (noise); no Dataminr/Babel/Media Sonar/Voyager Labs payee despite reported LAPD use -> reseller masking (negative). Datasets listed: VT 786x-sbp3, CT avfh-2eg7, DE 5s6n-7hpx, NJ ubnu-tqu7, OR 95sn-65ge, Chicago s4vu-giwb, Dallas x5ih-idh7, KCMO yearly, Cincinnati qrj9-83t8, Mesa j7s9-qiuq, LA pggv-e4fn, Cook County 4h27-5s9x, Baton Rouge 7qhq-wwsg, Atlanta jmke-icfi, College Station y2v6-fvti, Providence u4ks-kiwa, Fulton County GA mxhc-krcg. Multi-class channel (out-of-cell->I6 T00). Individual payees possible in checkbooks -> vendor-filtered aggregates only.",I4-T19-C09-G0,family,FAM-I4D-SOCRATA-VENDORPAY,Cellebrite;Grayshift;Magnet Forensics;Dataminr;Skopenow;ZeroFox;Cobwebs;Pen-Link;Navigate360,mobile-forensics-unspecified;social-media-monitoring;osint-platform;osint-monitoring-unspecified,independent_account,flag,200 GET 2026-09-30T18:17:25Z (catalog); SoQL 200 x7,I1#7;NEW-8;I1#6,"Repeatable, API-queryable payee channel across states and cities: a vendor-name filter turned up Cellebrite/GrayKey/Magnet/Dataminr/Skopenow/Cobwebs payments in 5 of 5 datasets probed."
I4-C165,City of Chicago - Payments (s4vu-giwb),https://data.cityofchicago.org/d/s4vu-giwb,"City of Chicago, Department of Finance (via Socrata)",gov-open-data,T19;T20,US-IL:Chicago,"CELLEBRITE USA, INC. 29 payments $1,298,626.80; MAGNET FORENSICS LLC 2 / $58,042; DATAMINR INC. 2 / $16,774.61 (SoQL aggregate) (live-read)",socrata,"daily (basis: metadata ""Data is updated daily"") (live-read)",all city vendor payments 1996-present (metadata) (live-read),https://data.cityofchicago.org/api/views/s4vu-giwb.json,license: See Terms of Use (licenseId SEE_TERMS_OF_USE); attribution: City of Chicago,guess:LicenseRef-Chicago-Data-Portal-Terms,bytes=undetermined; facts=likely-open; derived=undetermined,private-person-name,origin,related:procportal_chicago_il,procurement:socrata,2026-09-30T18:17:48Z,I4-Q097;I4-Q098;I4-F130,live-read,"department_name returned null in grouped output (field sparsely populated for these payees). Registry tenant procportal_chicago_il uses contracts dataset rsxa-ify5 (different dataset, same host). Payments older than two years are summarized per vendor+contract (metadata). operators=police (inference; department not returned)",I4-T19-C09-G0,target,FAM-I4D-SOCRATA-VENDORPAY,Cellebrite;Magnet Forensics;Dataminr,mobile-forensics-unspecified;social-media-monitoring,independent_account,flag,200 GET 2026-09-30T18:17:48Z; metadata 200 2026-09-30T18:25:51Z,I1#7;I1:city=Chicago,Daily-updated city payee feed showing $1.3M to Cellebrite and Dataminr payments - adds T19/T20 to a city SIG already covers for other classes.
I4-C166,"Brennan Center - Map: Social Media Monitoring by Police Departments, Cities, and Counties + Purchase Order Records index",https://www.brennancenter.org/our-work/research-reports/map-social-media-monitoring-police-departments-cities-and-counties,Brennan Center for Justice at NYU Law,ngo,T20,US,"158 jurisdictions on map; PO index covers 151 agencies spending >= $10,000 (live-read)",pdf,"static (basis: map July 10, 2019; PO index Last Updated November 14, 2016) (live-read)",14-page index PDF + one per-agency PO PDF each (~172 SM_Map_* link stems parsed); Google My Maps embed (live-read),https://www.brennancenter.org/our-work/research-reports/map-social-media-monitoring-police-departments-cities-and-counties (footer),(c) 2026 Brennan Center for Justice at NYU Law,guess:LicenseRef-AllRightsReserved,bytes=likely-restricted; facts=likely-open; derived=undetermined,private-person-name,derived-from:govspend,new,curated ingest (new:pdf_index),2026-09-30T18:19:15Z,I4-F119;I4-F120,live-read,"URL from agent prior knowledge (direct origin check; WebSearch exhausted before this cell). Basis: SmartProcure (now GovSpend, registry govspend gated/PAID) + public reports; $5,159,967 total documented; 18 jurisdictions with public policies; vendors Geofeedia, Babel Street, Dataminr, DigitalStakeout, Media Sonar, Snaptrends (+Meltwater in link names). Pre-2016 purchases, not updated -> historical baseline (a historical survey is not current). Index lists agencies only - no monitored persons; per-agency PO PDFs unread (may carry vendor-contact names). PO index URL: https://www.brennancenter.org/sites/default/files/analysis/Purchase_Order_Records_for_Purchases_Social_Media_Monitoring_Software_State_Local_Govts.pdf",I4-T20-C14-G0,publisher,,Geofeedia;Babel Street;Dataminr;DigitalStakeout;Media Sonar;Snaptrends;Meltwater,social-media-monitoring;osint-platform;osint-monitoring-unspecified,derived_summary,flag,200 GET 2026-09-30T18:19:15Z; PDF 200 2026-09-30T18:19:27Z,I1#7;NEW-8,Only national agency-level SMM compilation (151-158 agencies with per-agency PO evidence) - historical baseline for a class SIG has 0 rows in.
I4-C167,"DHS Privacy Impact Assessments hub - operational social-media PIAs (CBP-058, ICE-064, OPS-004, FEMA-041, USSS-026)",https://www.dhs.gov/privacy-impact-assessments,"U.S. Department of Homeland Security, Privacy Office",statutory-report,T20,US,5 operational social-media PIAs identified across 19 component PIA pages; department-wide list has 0 operational SMM PIAs (live-read),html,"irregular (basis: dated PIA publications e.g. ICE-064 November 26, 2024; list Last Updated 08/27/2026) (live-read)",DHS/ALL list ~98 PIAs; 19 component pages (live-read),NONE-FOUND(checked: dhs.gov/privacy-impact-assessments; /privacy-documents-department-wide-programs; ICE-064 publication page),NONE-FOUND,guess:LicenseRef-US-Gov-PD-17USC105,bytes=likely-open; facts=likely-open; derived=likely-open,none-observed,origin,related:SRC-023,new:dhs_pia_index (same family as SRC-023 ICE commercial LPR PIA),2026-09-30T18:20:20Z,I4-F121;I4-F122;I4-F124;I4-F125,live-read,"URLs from agent prior knowledge (direct origin checks). Batch-prompt id DHS/ALL/PIA-058 is not a social-media PIA - 058 is DHS/CBP/PIA-058 Publicly Available Social Media Monitoring and Situational Awareness Initiative. ICE-064: ICE Operational Use of Publicly Available Information Including Social Media Information for Law Enforcement Investigations, November 26, 2024, PDF https://www.dhs.gov/sites/default/files/2024-11/24_1126_priv_pia_ice064_socialmedia.pdf (not fetched); no vendor named on landing page. Pair with I4-C152 award_ids (ICE Pen-Link/Babel/ZeroFox) for programme-to-contract linking. dhs.gov host cap reached. operators=federal | integrator: target of family I4-C259 (DHS component privacy indexes)",I4-T20-C16-G0,channel,FAM-DHSPIA,,social-media-monitoring;osint-platform;osint-monitoring-unspecified,independent_account,pass,200 GET 2026-09-30T18:20:20Z; 404 at guessed OPS URL,I1#7;NEW-8,Statutory (E-Gov Act s.208) programme disclosures for federal SMM - the governance leg to pair with USAspending SMM contracts; extends SRC-023 PIA family to T20.
I4-C168,Citizen Lab - Virtue or Vice? A First Look at Paragon Proliferating Spyware Operations (2025),https://citizenlab.ca/2025/03/a-first-look-at-paragons-proliferating-spyware-operations/,"The Citizen Lab, Munk School, University of Toronto",academic,T19,INTL;US,"7 suspected government-customer countries (Australia, Canada, Cyprus, Denmark, Israel, Singapore, Italy); US federal mentions only (live-read)",html,"irregular (basis: report series; single report dated March 19, 2025)",1 report (live-read),NONE-FOUND(checked: citizenlab.ca report page),NONE-FOUND,guess:LicenseRef-AllRightsReserved,bytes=undetermined; facts=likely-open; derived=undetermined,private-person-name,origin,new,curated ingest,2026-09-30T18:20:50Z,I4-F126,live-read,"URL from agent prior knowledge (Q093 refused: WebSearch budget exhausted). Attribution method: Censys certificate scanning/infrastructure fingerprinting + device forensics - NOT leak-derived (leak-provenance none-observed). Citizen Lab states DEA used Graphite in 2022 and ICE contract with Paragon was paused under White House review at end-2024 (USAspending shows ICE 70CTD024P00000012 $2,000,000 in I4-C150). Report names targeted individuals (not copied). Federal-only/international; no US state/local customers.",I4-T19-C14-G0,publisher,,Paragon Solutions,exploit-service,independent_account,flag,200 GET 2026-09-30T18:20:50Z,I1#7(adjacent);NEW-8,"Independent (non-vendor, non-leak) attribution of exploit-service customers - corroborates the ICE-Paragon award; low US state/local value."
I4-C169,ACLU of Northern California - Geofeedia records from California law enforcement (2016),https://www.aclunorcal.org/blog/facebook-instagram-and-twitter-provided-data-access-surveillance-product-marketed-target,ACLU of Northern California,records-release,T20,US-CA,"records requests to 63 California law enforcement agencies; released Geofeedia records linked for Riverside PD, San Diego DA, Sacramento County DA + Baltimore County PD case study (live-read)",pdf,"static (basis: October 11, 2016 release)",~8 linked documents (live-read),NONE-FOUND(checked: aclunorcal.org blog page),NONE-FOUND,guess:LicenseRef-AllRightsReserved,bytes=undetermined; facts=likely-open; derived=undetermined,private-person-name;free-text-narrative,origin,new,curated ingest,2026-09-30T18:23:05Z,I4-F127;I4-F128,live-read,"URL from agent prior knowledge (301 aclunc.org -> aclunorcal.org, same publisher). Geofeedia is historic (platform data access cut 2016). Released vendor emails centre on monitoring of activists/protesters -> monitored-person content: BLOCK raw; agency-vendor facts (which agencies Geofeedia marketed to/contracted with) extractable by hand at metadata level. Records are mirrors of agency releases (publisher=uploader). operators=police;prosecutor",I4-T20-C13-G0,publisher,,Geofeedia,social-media-monitoring,republished_document,block,301 then 200 GET 2026-09-30T18:23:05Z,I1#7;I1:state=CA,Historic records-release baseline for California SMM (63-agency survey) - metadata-only because the records centre on monitored persons.
I4-C170,State of Delaware Checkbook (5s6n-7hpx),https://data.delaware.gov/d/5s6n-7hpx,"State of Delaware, Department of Finance, Division of Accounting (via Socrata)",gov-open-data,T19;T20,US-DE,"CELLEBRITE USA INC: Safety & Homeland Sec 28 / $760,475.13, Legal 14 / $107,446.01, Corrections 4 / $29,739; GRAYSHIFT LLC 6 / $135,715; MAGNET FORENSICS 11 / $252,703; SKOPENOW INC DSHS 1 / $10,000; ZEROFOX INC Education 3 / $25,193; NAVIGATE360 LLC Education 185 / $881,911.80 + DSHS 9 / $279,237.02 (SoQL aggregate) (live-read)",socrata,"monthly (basis: metadata ""Frequency of publishing: Monthly"") (live-read)",FY15-present state vendor payments (metadata) (live-read),https://data.delaware.gov/api/views/5s6n-7hpx.json,"license: Public Domain (licenseId PUBLIC_DOMAIN); attribution: Department of Finance, Division of Accounting",guess:LicenseRef-PublicDomain,bytes=likely-open; facts=likely-open; derived=likely-open,private-person-name,origin,new,procurement:socrata,2026-09-30T18:18:12Z,I4-Q099;I4-F131,live-read,Navigate360 is multi-product (school safety suite T25 vs Social Sentinel SMM T20) - product not identifiable from payee rows; ZeroFox paid by Dept of Education (T20/T25 ambiguity). Legal = DE DOJ (inference). Sums computed by adding grouped aggregates. operators=state-police;prosecutor;corrections;school-district(ambiguous),I4-T19-C09-G0,target,FAM-I4D-SOCRATA-VENDORPAY,Cellebrite;Grayshift;Magnet Forensics;Skopenow;ZeroFox;Navigate360,mobile-forensics-unspecified;social-media-monitoring;osint-platform;osint-monitoring-unspecified,independent_account,flag,200 GET 2026-09-30T18:18:12Z; metadata 200 2026-09-30T18:25:53Z,I1#7;I1:state=DE,Public-domain monthly statewide checkbook revealing a full state T19 stack (Cellebrite+GrayKey+Magnet) and Skopenow/ZeroFox SMM buys in one query.
I4-C171,New Jersey YourMoney - Agency Purchasing (ubnu-tqu7),https://data.nj.gov/d/ubnu-tqu7,"State of New Jersey, Treasury - Division of Purchase and Property (via Socrata)",gov-open-data,T19;T20;T18,US-NJ,"CELLEBRITE INC: Law and Public Safety 10 / $140,504, Corrections 11 / $37,916, Human Services 9 / $6,019, Children and Families 4 / $4,252; GRAYSHIFT LLC LPS 2 / $34,998; MAGNET FORENSICS USA LPS 1 / $17,000; PEN-LINK LTD LPS 3 / $21,070 (SoQL aggregate of ytd_amt) (live-read)",socrata,quarterly (basis: metadata Asset Posting Frequency Quarterly) (live-read),state purchasing since 6/30/04 (metadata) (live-read),NONE-FOUND(checked: https://data.nj.gov/api/views/ubnu-tqu7.json licence field = None),NONE-FOUND,guess:LicenseRef-US-NJ-public-record,bytes=undetermined; facts=likely-open; derived=undetermined,none-observed,origin,new,procurement:socrata,2026-09-30T18:23:26Z,I4-Q105;I4-F132,live-read,Purchasing (obligations) not payments; ytd_amt summed across fiscal-year rows = approximate. Notable: Cellebrite bought by Children and Families and Human Services departments (non-police operators). Pen-Link = T20/T18. operators=state-police;corrections;child-welfare;human-services,I4-T19-C09-G0,target,FAM-I4D-SOCRATA-VENDORPAY,Cellebrite;Grayshift;Magnet Forensics;Pen-Link,mobile-forensics-unspecified;osint-platform,independent_account,pass,200 GET 2026-09-30T18:23:26Z; metadata 200 2026-09-30T18:25:55Z,I1#7;I1:state=NJ,Statewide purchasing feed exposing T19 buys by child-welfare and human-services agencies - operator diversity SIG cannot see elsewhere.
I4-C200,SDPC Resource Registry — District Agreements Listing (per-district public pages) + member Registry/API,https://sdpc.a4l.org/district_listing.php?districtID=5916,Access 4 Learning (A4L) Community — Student Data Privacy Consortium (SDPC),ngo,T25,US,"13,177 participating districts in 39 states / 35 alliances (national stats counters, live-read I4-F154); public listing verified for 1 district (I4-F183)",html,"irregular (continuous; per-agreement approval/expiry dates, e.g. link dated 2025-10-29 in I4-F183)","244,291 active DPAs; 18,574 resources (I4-F154 counters); ~80 listing rows + 145 signed-agreement/addendum PDF links for districtID=5916 (I4-F183)",https://sdpc.a4l.org/terms_of_use.php,"1.1 ... You are allowed access to the Registry because you are an employee, official or agent of an existing member of SDPC, or member of an SDPC Alliance. ... 1.6. Unauthorized Use of Registry: You may not (a) make the Registry available to, or use the Registry or the DPAs contained therein, and Service for the benefit of, anyone other than Users, or sell, resell, license, sublicense, distribute, except as necessary to enter into, maintain or implement the Agreement downloaded from the Registry.",guess:LicenseRef-A4L-SDPC-Registry-Terms,bytes=likely-restricted; facts=undetermined; derived=undetermined,"private-person-name (signatories in signed DPA PDFs, institutional role)",origin,new,"new:html-per-district (districtID integer key; no public API — API needs member login + Premium, I4-F151)",2026-09-30T18:19:16Z,I4-Q109;I4-F151;I4-F152;I4-F153;I4-F154;I4-F155;I4-F156;I4-F183;I4-F256,live-read,"operators=school-district; access=public per-district listing (no login) | state alliance view_alliance.php -> error.php login wall (I4-F156) | JSON API member+Premium only (R3: not usable). Listing columns: Resource, Company, Agreement Status (status key: ""Approved: Contract is signed and resource is in use""), Agreement Type (e.g. Exhibit E), Agreement Dates, Grade Level, Content Area, Data elements. districtID=5916 (Rantoul Township HSD 193, US-IL per I4-F182) lists Securly Inc. ""Homeroom"" approved 2021-07-30 exp 2027-06-15 and Liminex dba GoGuardian (Pear Deck) 2021-05-13. API schema (I4-F151) carries leaid (NCES LEA id), company_name, software_name, date_approved, date_expired, signed_agreement_file URL. S5 guard: a DPA is a data-privacy instrument, not a purchase order; ""Approved"" = district asserts signed + in use. IL districts use this listing to discharge 105 ILCS 85/27 posting (see I4-C201). robots not checked (host cap 4/4). Enumeration of districtIDs would be a crawl — I7 to decide under terms. | integrator QA I4-F256: district listing public without login (confirmed); Securly and GoGuardian (Liminex) rows present",I4-T25-C09-G0,channel,,Securly;GoGuardian;Gaggle;Lightspeed Systems;Bark;Navigate360;Raptor Technologies,school-surveillance-suite;school-surveillance-unspecified,republished_document,flag,200 GET 2026-09-30T18:19:16Z district_listing.php (public); 200->error.php login wall view_alliance.php 18:07:39Z; robots=not-checked,I1#7,"First national, district-keyed structured channel naming district–vendor agreements (incl. Securly/GoGuardian) with dates and signed DPA PDFs across ~13k districts; closes the I1#7 zero-channel gap for school-monitoring adoption."
I4-C201,Illinois Student Online Personal Protection Act (SOPPA) §27 school posting duty — 105 ILCS 85/27,https://ftp.ilga.gov/ILCS/Ch%200105/Act%200085/010500850K27.html,Illinois General Assembly (duty borne by each Illinois school / district),legislation,T25,US-IL,"every Illinois ""school"" subject to SOPPA (statutory; district count not fetched); 1 district posting verified (I4-F182)",html,"irregular (each written agreement posted within 10 business days, 85/27(c); lists updated within 30 days of fiscal/calendar year start, 85/27(a))",per district: operator list + copy of each written agreement + subcontractor list + breach list (85/27(a)(1)-(5)),https://ftp.ilga.gov/,Automated systems should retrieve files from the repository rather than scraping ILGA.gov. ... This repository provides public access to downloadable files published by the Illinois General Assembly.,guess:LicenseRef-US-IL-Statute-PublicRecord,bytes=undetermined; facts=likely-open; derived=undetermined,private-person-name (signatories in posted agreements),origin,new,new:district-web (or via I4-C200 where districts link to SDPC listings),2026-09-30T18:08:47Z,I4-Q112;I4-F157;I4-F158;I4-F159;I4-F160;I4-F161;I4-F162;I4-F163;I4-F182,live-read,"operators=school-district; 85/27(a)(2): ""A list of operators that the school has written agreements with, a copy of each written agreement, and a business address for each operator""; 85/27(c): post each written agreement ""no later than 10 business days after entering into the agreement"" (I4-F163). Exemplar: Rantoul Township HSD 193 discharges the duty by linking to sdpc.a4l.org/district_listing.php?districtID=5916 (I4-F182). ISBE own SOPPA contract list under 85/28 at isbe.net/Pages/SOPPA-Contracts.aspx is marked archived and showed 0 entries to the fetcher (I4-F158). www.ilga.gov returned 403 (I4-F159); statute read at the publisher-designated repository ftp.ilga.gov (nightly sync).",I4-T25-C09-G0,channel,,,school-surveillance-suite;school-surveillance-unspecified,independent_account,flag,403 www.ilga.gov 2026-09-30T18:08:16Z; 200 GET ftp.ilga.gov 18:08:47Z; robots=not-checked,I1#7;I1:state=IL,"A statutory, state-wide duty compelling every Illinois school to publish its operator list and each signed vendor agreement — a repeatable procurement-disclosure channel for monitoring suites that SIG has no equivalent of."
I4-C202,Connecticut C.G.S. §10-234bb(g) — board of education contract-notice posting (PA 18-125),https://cga.ct.gov/2018/ACT/PA/2018PA-00125-R00HB-05444-PA.htm,Connecticut General Assembly (duty borne by each local/regional board of education),legislation,T25,US-CT,all CT local and regional boards of education (statutory; count not fetched); 0 district postings verified,other,irregular (notice within five business days of executing a contract),unknown (no posting verified),NONE-FOUND(checked: https://cga.ct.gov/2018/ACT/PA/2018PA-00125-R00HB-05444-PA.htm),NONE-FOUND,guess:LicenseRef-US-CT-Statute-PublicRecord,bytes=undetermined; facts=likely-open; derived=undetermined,"private-person-name (signatories, expected)",origin,new,new:district-web,2026-09-30T18:09:00Z,I4-Q113;I4-F164;I4-F184,live-read,"LEAD-ONLY (statutory duty; no publication verified this batch). operators=school-district. PA 18-125 §10-234bb(g)(1) (eff 2018-07-01): ""Not later than five business days after executing a contract pursuant to this section, a local or regional board of education shall post notice of such contract on the board's Internet web site"" and boards must ""maintain and update ... an Internet web site with information relating to all contracts entered into pursuant to this section"" (I4-F164, WebFetch summary quote). Exemplar New Haven PS GoGuardian quote PDF refused 406 (I4-F184). Current codified text not fetched.",I4-T25-C09-G0,channel,,GoGuardian,school-surveillance-suite;school-surveillance-unspecified,independent_account,flag,200 WebFetch cga.ct.gov 2026-09-30T18:09:00Z; 406 nhps.net 18:19:50Z,I1#7;I1:state=CT,Second state statutory contract-posting duty (5-business-day notice + contract on each board website) that would expose monitoring-suite contracts district by district.
I4-C203,BoardDocs school-board agenda platform (go.boarddocs.com),https://go.boarddocs.com/,Diligent Corporation (BoardDocs platform; content controlled by each school board tenant),agenda,T25;T26,US,"unknown tenant count (no public index reached); 0 monitoring-suite documents surfaced by 2 web searches (I4-Q110, I4-Q114)",other,unknown,unknown,NONE-FOUND(checked: https://go.boarddocs.com/robots.txt -> 403),NONE-FOUND,guess:LicenseRef-Unknown,bytes=undetermined; facts=undetermined; derived=undetermined,"private-person-name (minutes, expected); minor-data (possible in board packets, expected)",origin,related:boarddocs,procurement (agenda platform census; no bounded API),2026-09-30T18:09:30Z,I4-Q110;I4-Q114;I4-F165,live-read,"LEAD-ONLY; access=403 CloudFront ""Request blocked"" to a default client even for robots.txt (I4-F165) — consistent with registry platform_census go.boarddocs.com outcome=access_restricted (I4-L061). No searchable cross-tenant public index found; the web search engine did not surface BoardDocs NSF documents for any monitoring vendor. Per-district URL pattern go.boarddocs.com/<state>/<slug>/Board.nsf/Public is inference (not fetched). operators=school-district. Simbli/eBoardSolutions: 0 hits (I4-Q116), no candidate. Diligent Community: not probed (budget).",I4-T25-C07-G0,channel,,,school-surveillance-suite;school-surveillance-unspecified;weapon-detection-scanner,independent_account,flag,403 CloudFront 2026-09-30T18:09:30Z (robots.txt); host stopped,I1#7,"Negative/channel finding: the dominant school-board platform is not machine-reachable and not search-indexed, so board approvals of monitoring suites cannot be swept at scale via BoardDocs."
I4-C204,BoardBook Premier meeting documents (meetings.boardbook.org),https://meetings.boardbook.org/,"BoardBook (Texas school-board platform; content controlled by each district tenant, org=<int>)",agenda,T25,US,"unknown; web search indexed 3 DownloadPDF documents (org=1425 x2, org=2447) for monitoring/contract terms (I4-Q110, I4-Q113)",other,unknown,unknown,NONE-FOUND(checked: https://meetings.boardbook.org/Documents/DownloadPDF/67aa3a16-d45e-4454-a8aa-4cb2cde820f8?org=1425),NONE-FOUND,guess:LicenseRef-Unknown,bytes=undetermined; facts=undetermined; derived=undetermined,private-person-name (expected),origin,new,new:boardbook (org-id keyed),2026-09-30T18:09:39Z,I4-Q110;I4-F166;I4-F167,live-read,LEAD-ONLY; access=400 Bad Request with empty body to direct GET of search-indexed DownloadPDF URLs (curl I4-F166 and WebFetch I4-F167); likely needs a meeting-page session — not pursued. Content of the indexed PDFs NOT verified (search snippet only). URL pattern meetings.boardbook.org/Documents/DownloadPDF/<guid>?org=<int> observed in search results.,I4-T25-C07-G0,channel,,Gaggle,school-surveillance-suite;school-surveillance-unspecified,independent_account,flag,400 GET 2026-09-30T18:09:39Z (curl) and 18:09:50Z (WebFetch),I1#7,Second school-board platform whose documents are search-indexed but not directly retrievable; records a reachability negative for I7.
I4-C205,Oakland USD Board of Education — Legistar files 21-0665 and 23-2577 (GoGuardian),https://ousd.granicusideas.com/meetings/2553-board-of-education-on-2023-11-16-4-00-pm-special-meeting/agenda_items/655562527d7965e8680094e3-e-dot-133-23-2577-ratification-by-the-board-of-educat,"Oakland Unified School District, CA (via Legistar/Granicus)",agenda,T25,US-CA:Oakland,2 T25 matters of 33 filter hits in the ousd matter index (I4-Q117),api,irregular (board meetings),"2 matters (2021, 2023)",NONE-FOUND(checked: webapi.legistar.com/v1/ousd/matters response; ousd.granicusideas.com item page),NONE-FOUND,guess:CC0-1.0 (per registry legistar source rights block — not re-verified),bytes=undetermined; facts=likely-open; derived=undetermined,none-observed,origin,related:legistar,procurement:agenda_tenants (legistar tenant ousd),2026-09-30T18:10:29Z,I4-Q111;I4-F168;I4-Q117,live-read,"operators=school-district; 23-2577: ""Ratification by the Board of Education of a Services Agreement 2023-2024 ... BorderLAN, San Marcos, CA ... GoGuardian Teacher"", NTE $92,012.20, 2023-09-01..2024-08-31 (I4-F168); 21-0665 (2021-03-15): ratification of the District's ""Piggybacking"" onto Exhibit ""E"" of the California Student Data Privacy Agreement between the Education Technology Joint Powers Authority and Liminex, Inc. dba GoGuardian (I4-Q117). GoGuardian Teacher is classroom-management monitoring (T25 borderline; not Beacon). The CSDPA Exhibit E route shows CA uses the SDPC agreement model (cf. I4-C200). Registry tenant ousd is mislabelled ""Unified School District, SD"" (finding).",I4-T25-C07-G0,target,FAM-E-LEGSCH,GoGuardian;BorderLAN,school-surveillance-suite,independent_account,pass,200 GET webapi.legistar.com 2026-09-30T18:10:29Z; 200 WebFetch granicusideas 18:10:02Z,I1#7;I1:city=Oakland,"Proves a registered SIG agenda tenant already carries executed school-monitoring contracts (vendor, reseller, amount, term) retrievable by keyword with no new connector."
I4-C206,School-district Legistar tenants already in agenda_tenants (keyword reuse for T25/T26 vendors),https://webapi.legistar.com/v1/ousd/matters,Granicus Legistar InSite (content controlled by each school-board tenant),agenda,T25;T26,US,"4 school-board Legistar tenants in registry (ousd, anaheimelementary, houstonisd, Utah SBE) + duvalcosb on CivicClerk (I4-L061); 1 of 3 probed tenants had T25 hits (I4-Q117 yes; I4-Q131, I4-Q135 no)",api,irregular (board meetings),ousd 2 relevant matters; houstonisd 0; anaheimelementary 0 (matter-title filter only),NONE-FOUND(checked: webapi.legistar.com responses),NONE-FOUND,guess:CC0-1.0 (per registry legistar source — not re-verified),bytes=undetermined; facts=likely-open; derived=undetermined,"private-person-name (matter titles in same index include personal names, e.g. signatory/claims items)",origin,related:legistar,procurement:agenda_tenants (legistar) — add T25/T26 vendor keyword set,2026-09-30T18:20:06Z,I4-Q117;I4-Q131;I4-Q135,live-read,"operators=school-district; configure-existing-connector candidate. OData substringof on MatterTitle is case-insensitive and noisy (""Evolv"" matched Revolving/Evolve Coaching; ""Attenti"" matched ""attention"") — use word-boundary post-filtering. Vendor names often appear only in attachments (HISD titles generic). School boards are a small share of registry tenants; most districts use BoardDocs/BoardBook/Simbli (see I4-C203/C204).",I4-T25-C07-G0,family,FAM-E-LEGSCH,GoGuardian;Gaggle;Securly;Lightspeed Systems;Navigate360;Evolv,school-surveillance-suite;school-surveillance-unspecified;weapon-detection-scanner,independent_account,flag,200 GET webapi.legistar.com 2026-09-30T18:10:29Z/18:17:32Z/18:20:06Z,I1#7,Zero-cost reuse: SIG's live Legistar connector can sweep its school-board tenants for monitoring/weapons-screening vendors with a keyword list.
I4-C207,CivicIQ public-contract pages (aggregator),https://civiciq.com/public-contract/64a704bb-97ff-4c8e-85f9-6629aa7e1633,CivicIQ (aggregator of agency contract records),procurement,T25,US,unknown (page not reachable),other,unknown,unknown,NONE-FOUND(checked: https://civiciq.com/public-contract/64a704bb-97ff-4c8e-85f9-6629aa7e1633 -> 403 challenge),NONE-FOUND,guess:LicenseRef-Unknown,bytes=undetermined; facts=undetermined; derived=undetermined,none-observed,derived-from:agency contract records (origin-unknown),new,n/a (blocked),2026-09-30T18:11:10Z,I4-Q111;I4-F169,live-read,"LEAD-ONLY; access=403 Cloudflare JS challenge (""Just a moment... Enable JavaScript and cookies""); host stopped, terms unchecked. Search snippet (lead only) associated this page with a Licking County (OH) career-tech centre GoGuardian Beacon contract — NOT verified. out-of-cell→I4-T25-C09-G0.",I4-T25-C07-G0,channel,,GoGuardian,school-surveillance-suite,derived_summary,pass,403 challenge 2026-09-30T18:11:10Z,I1#7,"Aggregator that indexes district contracts by vendor, but challenge-gated; recorded so I7 does not re-probe."
I4-C208,CDT student activity monitoring surveys (Off Task 2023; Hidden Harms 2022),https://cdt.org/wp-content/uploads/2023/09/091823-CDT-Off-Task-Summary-web.pdf,Center for Democracy & Technology,ngo,T25,US,national survey (aggregate; figures not verified — origin refused),other,annual (inference from 2022/2023 editions; not verified),unknown,NONE-FOUND(checked: cdt.org PDF -> 403),NONE-FOUND,guess:LicenseRef-Unknown,bytes=undetermined; facts=undetermined; derived=undetermined,none-observed,origin,new,curated,2026-09-30T18:11:47Z,I4-Q118;I4-F170,live-read,"LEAD-ONLY; access=403 Cloudflare ""Attention Required"" served in place of the PDF; host stopped. Aggregate teacher/parent/student survey — would be pass. Search snippets (leads only): ~88% of teachers report school monitors students online (2022-23).",I4-T25-C14-G0,publisher,,,school-surveillance-unspecified,independent_account,pass,403 challenge 2026-09-30T18:11:47Z,I1#7,"Only national prevalence measure for school activity monitoring; blocked this batch, so prevalence stays unverified."
I4-C209,EFF Red Flag Machine — GoGuardian records research,https://redflagmachine.com/research/,Electronic Frontier Foundation,ngo,T25,US-TX;US-CA;US-NM;US-RI;US-FL;US-IL,10 named districts supplying GoGuardian records (3 full 2023 + 7 prior-round) (I4-F171),html,static (2020-2023 records),10 districts; underlying records not published,https://redflagmachine.com/research/,Copyright (CC-BY),guess:CC-BY-4.0,bytes=likely-open; facts=likely-open; derived=likely-open,"minor-data (underlying flagged-browsing records; withheld by EFF, not published)",origin,related:eff_atlas_of_surveillance,curated,2026-09-30T18:11:52Z,I4-Q119;I4-F171,live-read,"operators=school-district; districts: Alvord ISD, Lake Travis ISD (US-TX), Imperial USD (US-CA) full 2023; Fruitvale SD (US-CA), Las Cruces PS (US-NM), Lincoln PS (US-RI), Southwest ISD (US-TX), Union County SD (US-FL), Mount Prospect SD 57 (US-IL, partial), Dublin USD (US-CA, partial). Records schema (URLs, timestamps, keywords) = student data -> never ingest; datasets shared case-by-case only. Keyword list published as Google Sheet (not fetched). Vendor-scale figures quoted on page are the vendor's own (""the vendor states""). Terms excerpt is from a WebFetch summary of the footer. Registry related (same NGO), not an Atlas row.",I4-T25-C14-G0,publisher,,GoGuardian,school-surveillance-suite,independent_account,flag,200 WebFetch 2026-09-30T18:11:52Z; robots=not-checked,I1#7,"Records-release evidence of 10 named US districts running GoGuardian (district-level deployment facts only), independent of vendor claims."
I4-C210,"Warren–Markey ""Constant Surveillance: Implications of Around-the-Clock Online Student Activity Monitoring"" (2022) + vendor responses",https://www.warren.senate.gov/?p=28376,Office of U.S. Senator Elizabeth Warren (with Sen. Edward J. Markey),other,T25,US,"4 vendors (Gaggle.net, Bark Technologies, GoGuardian, Securly Inc.) (I4-F173)",pdf,static (2022-03-30),1 report PDF + 4 vendor response PDFs,NONE-FOUND(checked: https://www.warren.senate.gov/?p=28376),NONE-FOUND,guess:LicenseRef-US-Gov-Work (17 USC 105; vendor letters may carry vendor copyright),bytes=undetermined; facts=likely-open; derived=undetermined,"minor-data (vendor response letters quote redacted student alerts, see I4-C220)",origin,new,curated,2026-09-30T18:12:30Z,I4-Q120;I4-F172;I4-F173,live-read,"Report PDF: /download/356670-student-surveillance; responses: /download/gaggle_senate_response_letter_10_12_21, /download/bark_-letter-to-senators-warren-markey-and-blumenthal, /download/goguardian-response-_-re_edtech-letter, /download/securly-senate-response-final (links in release, I4-F173). Canonical /oversight/reports/... slug returned 404 (I4-F172). Release itself gives no customer counts.",I4-T25-C14-G0,publisher,,Gaggle;Bark;GoGuardian;Securly,school-surveillance-suite,independent_account,flag,404 slug 2026-09-30T18:12:20Z; 200 ?p=28376 18:12:30Z,I1#7,"Congressional oversight baseline naming the four national SMM vendors and hosting their scale disclosures (historical baseline, 2021-22)."
I4-C211,NCES School Survey on Crime and Safety (SSOCS) public-use data files,https://nces.ed.gov/use-work/dataset/2021-22-school-survey-crime-and-safety-ssocs-public-use-data-files-and-users-manual,"National Center for Education Statistics (IES, US Dept of Education)",gov-open-data,T25;T26;T07,US,national sample survey of US public schools; 9 public-use waves 1999-2000..2021-22 (I4-F175),bulk-file,"biennial (inference from wave list 2015-16, 2017-18, 2019-20, 2021-22)",1 zip per wave + DFUM; 2021-22 = NCES 2025006 released April 2025 (I4-F174),https://nces.ed.gov/use-work/dataset/2021-22-school-survey-crime-and-safety-ssocs-public-use-data-files-and-users-manual,Data access Public-use,guess:LicenseRef-US-Gov-Work (public domain),bytes=likely-open; facts=likely-open; derived=likely-open,none-observed,origin,related:nces_ipeds_ntd_cms,new:nces_tables,2026-09-30T18:13:01Z,I4-Q121;I4-F174;I4-F175,live-read,"Aggregate-only lane: public-use file; restricted-use file via NCES licence (R3: not usable). Whether the PUF masks school identity is NOT stated on the fetched pages (inference: identifiers restricted); security-measure item names (cameras, metal detectors, etc.) NOT verified this batch (DFUM not fetched). Formats: SAS/SPSS/Stata/ASCII. Useful only as national prevalence context, never a place-level deployment source.",I4-T25-C16-G0,publisher,,,school-surveillance-unspecified;weapon-detection-unspecified,independent_account,pass,200 GET 2026-09-30T18:13:01Z; 200 WebFetch 18:13:20Z,I1#7,"Official national prevalence series for school security measures (aggregate), the only federal statistical anchor for the SCH/WPN classes."
I4-C212,Civil Rights Data Collection (CRDC) public data,https://civilrightsdata.ed.gov/data,"US Department of Education, Office for Civil Rights",gov-open-data,T25,US,unknown (content not rendered / refused),other,biennial (inference; not verified),unknown,NONE-FOUND(checked: https://civilrightsdata.ed.gov/data; www.ed.gov CRDC 2021-22 page -> 403),NONE-FOUND,guess:LicenseRef-US-Gov-Work (public domain),bytes=undetermined; facts=likely-open; derived=undetermined,none-observed,origin,related:nces_ipeds_ntd_cms,new:crdc,2026-09-30T18:13:35Z,I4-Q122;I4-F176;I4-F185,live-read,"LEAD-ONLY; access=civilrightsdata.ed.gov/data is a JS shell (""Loading..."") to the fetcher (I4-F176); www.ed.gov 403 (I4-F185). Search snippets (leads only) indicate school-level public-use file with school security staff items (sworn law enforcement, security guards) — personnel, not surveillance technology; no evidence of any monitoring-technology item.",I4-T25-C16-G0,publisher,,,school-surveillance-unspecified,independent_account,pass,200 JS-shell 2026-09-30T18:13:35Z; 403 www.ed.gov 18:20:11Z,I1#7,"Would give school-level security-staff context joinable by NCES id; technology items unconfirmed, so low direct value for T25."
I4-C213,"Florida Statutes §1001.212 — Office of Safe Schools (Florida School Safety Portal, SESIR, risk assessment tool, quarterly reports)",http://www.leg.state.fl.us/statutes/index.cfm?App_mode=Display_Statute&URL=1000-1099/1001/Sections/1001.212.html,Florida Legislature (duties of FDOE Office of Safe Schools),legislation,T25;T20,US-FL,statewide (67 county districts + charters; count not fetched),other,"quarterly (reports to superintendents, presented at public board meetings, (13)(c)) ; annual list (14)",unknown (no publication fetched),NONE-FOUND(checked: leg.state.fl.us statute page),NONE-FOUND,guess:LicenseRef-US-FL-Statute-PublicRecord,bytes=undetermined; facts=likely-open; derived=undetermined,"minor-data (Portal integrates social-media posts, DCF/DJJ/FDLE records, FortifyFL tips — person-level; never touch); person-level-enforcement",origin,new,dossier_documents,2026-09-30T18:14:05Z,I4-Q123;I4-F177,live-read,"LEAD-ONLY (duty; no publication fetched). item=US-FL outcome=found. (6): FDOE with FDLE provides ""a unified search tool, known as the Florida School Safety Portal"" over ""(a) Social media Internet posts; (b) ... DCF; (c) ... FDLE; (d) ... DJJ; (e) ... FortifyFL; (f) School environmental safety incident reports ...; (g) Local law enforcement"" (I4-F177, WebFetch quote of 2026 version). Institutional existence facts only; the Portal itself is person-level. Quarterly district-board presentation (13)(c) = agenda channel lead. out-of-cell note: social-media component overlaps I4-T20.",I4-T25-C04-GS,channel,,,school-surveillance-unspecified;social-media-monitoring,independent_account,block,200 WebFetch 2026-09-30T18:14:05Z,I1#7;I1:state=FL,Statutory basis for a state-run school threat-data portal that ingests social-media posts — an institution-level SCH/SMM fact SIG lacks entirely.
I4-C214,"Iowa HSEMD approved unholstered weapons detection systems list — ARC 8906C (605 IAC ch.13, 2024 Iowa Acts HF 2652)",https://rules.iowa.gov/Notice/Details/8906C,Iowa Homeland Security and Emergency Management Department,legislation,T10;T26,US-IA,statewide list of approved vendors/products (list itself not fetched),other,"irregular (vendors may apply ""at any time"")",unknown (list not fetched),NONE-FOUND(checked: https://rules.iowa.gov/Notice/Details/8906C),NONE-FOUND,guess:LicenseRef-US-IA-Gov-PublicRecord,bytes=undetermined; facts=likely-open; derived=undetermined,none-observed,origin,new,new:state-approved-vendor-list,2026-09-30T18:14:24Z,I4-Q123;I4-F178,live-read,"LEAD-ONLY (duty to post list; list not fetched). item=US-IA outcome=found. ""The department will produce and post a list of vendors and products on the department's website meeting the criteria in rule 605—13.2"" (I4-F178); notice 2025-02-19, effective 2025-03-26; related Firearm Detection Software Grant (search lead: $3.0M FY2024, not verified). ""Unholstered weapons detection"" = video-analytics gun detection -> out-of-cell→I4-T10 (batch B); T26 boundary if walk-through screening qualifies. Parallel state lines (leads, not-reached): GA HB 1023 (weapons detection at school entries, T26), OH HB 106 ($25M AI firearm-detection pilot), NM SB 136, WI DOJ firearm-detection grants.",I4-T25-C04-GS,channel,,,video-analytics-object;weapon-detection-unspecified,independent_account,pass,200 WebFetch 2026-09-30T18:14:24Z,NEW-8;I1:state=IA,"A state-maintained approved-vendor list for school weapons-detection systems is a structured, repeatable state channel (vendor/product level) for school WPN/VA procurement."
I4-C215,Ohio Revised Code §3319.327 (SB 29) — notice of general monitoring of school-issued devices,https://codes.ohio.gov/ohio-revised-code/section-3319.327,Ohio General Assembly (duty borne by each Ohio school district),legislation,T25,US-OH,all Ohio districts that elect to generally monitor school-issued devices (count not fetched),other,"annual (""in any year"" monitoring is elected)",one notice per district-year (search leads: district SB 29 notice PDFs),NONE-FOUND(checked: https://codes.ohio.gov/ohio-revised-code/section-3319.327),NONE-FOUND,guess:LicenseRef-US-OH-Statute-PublicRecord,bytes=undetermined; facts=likely-open; derived=undetermined,none-observed,origin,new,new:district-web,2026-09-30T18:14:55Z,I4-Q124;I4-F179,live-read,"LEAD-ONLY (district notices not fetched). item=US-OH outcome=found. Effective 2024-12-09: ""In any year that a school district or technology provider elects to generally monitor a school-issued device ... the school district shall provide written notice of that monitoring to the parents of its enrolled students"" (I4-F179). A provider-list/website duty is reportedly in §3319.325/.326 — NOT verified. Search leads: Franklin City, Fairview Park, Coshocton-area (ccscomets) notice pages/PDFs.",I4-T25-C04-GS,channel,,,school-surveillance-suite;school-surveillance-unspecified,independent_account,pass,200 WebFetch 2026-09-30T18:14:55Z,I1#7;I1:state=OH,First statute found that directly compels districts to disclose device monitoring each year — a monitoring-specific (not generic edtech) disclosure channel.
I4-C216,"USAspending contract awards — weapons-detection screening (Evolv, CEIA, resellers)",https://api.usaspending.gov/api/v2/search/spending_by_award/,"US Department of the Treasury — USAspending.gov (awarding agencies: VA, DoD, Smithsonian, NGA, HHS, DOJ)",procurement,T26,US,39 federal prime contract awards FY2020-FY2026 matching the WPN keyword set (hasNext=false) (I4-Q129),api,daily (USAspending refresh; registry basis),"39 awards; 12 direct to EVOLV TECHNOLOGIES INC; top 33312726P00538882 Smithsonian $825,910.95 (2026-07-29)",NONE-FOUND(checked: api.usaspending.gov response) — see registry review_packet docs/build/reports/rights/usaspending.md,NONE-FOUND,"guess:CC0-1.0 (registry usaspending basis, not re-verified)",bytes=likely-open; facts=likely-open; derived=likely-open,none-observed,origin,related:usaspending,procurement:usaspending (add keywords),2026-09-30T18:16:50Z,I4-Q129,live-read,"operators=federal; configure-existing-connector: live usaspending keyword list has no weapons-detection terms (I4-L063). Awarding agencies VA 16, DoD 13, Smithsonian 6, NGA 2, HHS 1, DOJ 1; resellers SCDATACOM, Vision Quest, ICU Technologies, Virsig, Xenturis (Evolv Express leases/subscriptions); CEIA USA 1 (Air Force). S5 guard: award != deployment; subscriptions are leases. EDGAR FTS (Evolv 10-K customer counts) and FTC 2024 order NOT run/verified; Federal Register has 0 docs naming ""Evolv Technologies"" (I4-Q134). | INTEGRATOR NOTE (I4-L009): the live keyword space is TWO lists — live_targets.toml:55 (10 terms, the static sub-award target) and procurement_vocab.toml [usaspending_sweep] (19 terms, P26.14; incl. 'facial recognition', 'drone', 'unmanned aerial', 'cell-site simulator', 'stingray', 'acoustic gunshot', 'predictive policing', 'geofence', 'data broker', 'body camera'). Neither list has vendor names or forensics/SMM/ATE/weapons-detection/EM/biometric terms; sweep slices are page-bounded (prime 1 page, sub 2 pages), so recall also depends on bounds (I8).",I4-T26-C09-G0,channel,FAM-USASPENDING-SLICES,Evolv;CEIA;Xtract One;Liberty Defense,weapon-detection-scanner;weapon-detection-unspecified,independent_account,pass,200 POST api.usaspending.gov 2026-09-30T18:16:50Z (documented public API),NEW-8,Adds the WPN class to an already-live connector with one keyword change; first structured evidence of weapons-screening purchases (federal facilities).
I4-C217,USAspending contract awards — school-monitoring vendor probe (Navigate360 federal awards; negative for Gaggle/GoGuardian/Securly etc.),https://api.usaspending.gov/api/v2/search/spending_by_award/,"US Department of the Treasury — USAspending.gov (awarding: DoDEA, USMS, USCG, DHS, Army, Navy, Air Force, BIE)",procurement,T25;T20,US,22 awards matched (hasNext=false); 20 to NAVIGATE360 LLC; 0 genuine Gaggle/GoGuardian/Securly/Lightspeed/Bark/Raptor/HALO primes (I4-Q130),api,daily (registry basis),20 Navigate360 awards incl. 5 DoDEA (threat-assessment / suicide-risk training),NONE-FOUND(checked: api.usaspending.gov response),NONE-FOUND,"guess:CC0-1.0 (registry usaspending basis, not re-verified)",bytes=likely-open; facts=likely-open; derived=likely-open,none-observed,origin,related:usaspending,procurement:usaspending (add keywords),2026-09-30T18:17:16Z,I4-Q130,live-read,"operators=federal;school-district(DoDEA). Negative finding: student-monitoring suites are bought by LEAs, not federal primes — USAspending is not a T25 channel except DoDEA/BIE schools. Navigate360 ""P3 Global Intel"" tip-line subscriptions (USMS, USCG, DHS OPO, Navy, AF) -> out-of-cell→I4-T20. Two ""Securly"" hits are false positives (NYU description; ""securly close"" typo).",I4-T25-C09-G0,publisher,FAM-USASPENDING-SLICES,Navigate360,school-surveillance-unspecified;osint-monitoring-unspecified,independent_account,pass,200 POST api.usaspending.gov 2026-09-30T18:17:16Z,I1#7,"Mostly a negative: rules federal award data out as a T25 channel (except DoDEA), while surfacing Navigate360 tip-line purchases for the SMM lane."
I4-C218,Cook County Board of Commissioners (Legistar) — electronic monitoring and jail telephone contracts,https://webapi.legistar.com/v1/cook-county/matters,"Cook County, IL (via Legistar)",agenda,T24,US-IL:Cook County,~20 T24 contract/amendment matters 2014-2024 among 55 contract-type hits (I4-Q128),api,irregular (board meetings),"EM RF: 3M EM -> Attenti US -> Allied Universal EM (15-1906..24-4902); EM GPS: Sentinel Offender Services (16-0030..18-3514), Track Group (19-1293, 21-0251, 21-4462, 22-3772, 23-5527, 24-4905); jail telephone: Securus (14-2301..18-1914)",NONE-FOUND(checked: webapi.legistar.com response),NONE-FOUND,"guess:CC0-1.0 (registry legistar basis, not re-verified)",bytes=undetermined; facts=likely-open; derived=undetermined,private-person-name (same matter index includes workers-comp claim titles with employee names; raw capture deleted),origin,related:legistar,procurement:agenda_tenants (legistar tenant cook-county) — add T24 vendor keywords,2026-09-30T18:15:41Z,I4-Q128,live-read,"operators=sheriff. Contract titles name vendor + service (e.g. 19-1293 ""Track Group, Inc., Naperville, Illinois — Electronic Monitoring Services - Global Positioning System (GPS)""; 24-4902 Allied Universal Electronic Monitoring US — RF). No monitored-person data in contract titles; person-level EM data -> block if ever met. Palantir Technologies contract amendment 14-0704 (Sheriff) -> out-of-cell→I4-T22. Noise: ""Attenti"" matches ""attention"" — word-boundary filter needed. LEO Technologies/Verus, ViaPath, SCRAM, SuperCom: 0 contract hits here.",I4-T24-C09-G0,target,,Track Group;Attenti;Allied Universal Electronic Monitoring;3M Electronic Monitoring;Sentinel Offender Services;Securus,electronic-monitoring-ankle;electronic-monitoring-unspecified;jail-communications-monitoring,independent_account,flag,200 GET webapi.legistar.com 2026-09-30T18:15:41Z,NEW-8;I1:city=Chicago,"Decade-long, vendor-named EM and jail-phone contract chain for the largest US county EM programme, retrievable from an already-registered tenant — first T24 evidence in SIG."
I4-C219,Delaware Checkbook Expenditure Details (and State of Delaware Checkbook),https://data.delaware.gov/d/7bip-nb4g,"State of Delaware, Department of Finance, Division of Accounting (via Socrata)",gov-open-data,T25;T26,US-DE,"statewide payments; school-district inclusion inferred from sch_code column (""physical pupil based expenses"") — rows not read",socrata,"monthly (custom field ""Frequency of publishing: Monthly"", I4-F180)","unknown row count (metadata only); 30 columns incl. department, vendor, sch_code, check_date, amount",https://data.delaware.gov/api/views/7bip-nb4g.json,"license: {'name': 'Public Domain'}; licenseId PUBLIC_DOMAIN; attribution: Department of Finance, Division of Accounting",guess:LicenseRef-PublicDomain,bytes=likely-open; facts=likely-open; derived=likely-open,"private-person-name (vendor column: ""The name of the business or person that received payment"")",origin,new,new:socrata (SoQL $where vendor like vendor-list; aggregate by department),2026-09-30T18:18:32Z,I4-Q133;I4-F180,live-read,"operators=school-district (inference, unverified). Structured checkbook where DE district payments to monitoring/screening vendors could be selected by vendor name only (facts: department x vendor x FY x sum) — never person-payee rows. Sibling summary 5s6n-7hpx (same licence) via catalog. Other state checkbooks with district accounting are an I6/I7 question. | integrator: joins family I4-C164 (Socrata vendor-payment/checkbook datasets); same Delaware checkbook publisher as I4-C170",I4-T25-C09-G0,publisher,FAM-I4D-SOCRATA-VENDORPAY,,school-surveillance-unspecified;weapon-detection-unspecified,independent_account,flag,200 GET data.delaware.gov metadata 2026-09-30T18:18:32Z (rows not read),I1#7;I1:state=DE,"A public-domain, monthly, API-queryable payments ledger that may cover every Delaware district — a vendor-name filter would turn it into a state-wide SCH/WPN spend channel."
I4-C220,"Gaggle response letter to Senators Warren, Markey and Blumenthal (Oct 2021)",https://www.warren.senate.gov/download/gaggle_senate_response_letter_10_12_21,"Gaggle.net, Inc. (hosted by Office of Sen. Warren)",vendor-portal,T25,US-NY;US-PA;US-TX;US-WA;US-MI;US-TN;US-CO;US-OH,"the vendor states service to ""over 1,500 K-12 school districts"" and >235,000 alerts in the past year; 8 customer districts named (I4-F181)",pdf,static (2021-10-12 per URL slug),14 pages,NONE-FOUND(checked: https://www.warren.senate.gov/?p=28376),NONE-FOUND,guess:LicenseRef-Vendor-Copyright,bytes=likely-restricted; facts=likely-open; derived=undetermined,minor-data (quotes redacted student alert excerpts); private-person-name (school staff named in testimonials),mirror-of:vendor letter (origin Gaggle; congressional host),new,curated,2026-09-30T18:18:45Z,I4-Q120;I4-F173;I4-F181,live-read,"out-of-cell→I4-T25-C02-G0 (vendor disclosure). Vendor assertions (D6): districts named — Irondequoit SD (US-NY), Northern York County SD (US-PA), Keene ISD (US-TX), Highline PS (US-WA), Grand Rapids PS (US-MI), Greeneville City Schools (US-TN), Denver PS (US-CO), Cincinnati PS (US-OH); case-study URL pattern www.gaggle.net/<district-slug> (5 such links in letter) = C02 vendor case-study channel lead. The vendor states cost ""less than $6 per student"". Raw PDF deleted after metadata capture (minor-data).",I4-T25-C14-G0,target,,Gaggle,school-surveillance-suite,republished_document,block,200 GET 2026-09-30T18:18:45Z,I1#7,"Vendor-stated national scale (>1,500 districts) plus 8 named customer districts and the gaggle.net case-study URL pattern — the anchor for a C02 vendor-disclosure sweep."
I4-C221,"City and School Department Purchase Orders (Providence, RI)",https://data.providenceri.gov/d/425y-pm5m,"City of Providence, RI (incl. Providence Public School District) (via Socrata)",gov-open-data,T25;T26,US-RI:Providence,"City + Providence Public School District POs from FY2020 onwards (catalog description, I4-Q133)",socrata,daily (catalog updatedAt 2026-09-30; basis single observation),"unknown rows; columns incl. district, vendor_name, line_description, po_date, po_number, unit_price, quantity",NONE-FOUND(checked: api.us.socrata.com catalog record — license null),NONE-FOUND,guess:LicenseRef-Unknown,bytes=undetermined; facts=likely-open; derived=undetermined,"private-person-name (vendor_contct, e_mail_address columns); home-address (suspected for sole-proprietor vendors: address1/address2)",origin,new,"new:socrata (column-projected: district, vendor_name, line_description, po_date, amount)",2026-09-30T18:18:16Z,I4-Q133,live-read,"operators=school-district. Evidence is the Socrata discovery API record (name, description, attribution City of Providence, column list) — dataset metadata endpoint not separately fetched (fetch cap). Line-level PO descriptions would reveal monitoring/screening purchases by the school department; never read contact/address columns. | integrator: joins family I4-C164 (Socrata vendor-payment/checkbook datasets)",I4-T25-C09-G0,publisher,FAM-I4D-SOCRATA-VENDORPAY,,school-surveillance-unspecified;weapon-detection-unspecified,independent_account,flag,200 GET api.us.socrata.com catalog 2026-09-30T18:18:16Z (dataset not fetched),I1#7;I1:city=Providence,Rare open line-item PO feed that explicitly includes a school district — exemplar of the district open-checkbook channel family.
I4-C250,"USAspending assistance awards, Assistance Listing 16.835 (BJA Body-Worn Camera Policy and Implementation Program)",https://api.usaspending.gov/api/v2/search/spending_by_award/,U.S. Department of the Treasury (USAspending.gov); awarding agency DOJ Office of Justice Programs / BJA,grant,T23,US,"613 grant awards under ALN 16.835, 2007-10-01..2026-09-30 search window (live-read, I4-Q138); national (all states eligible)",api,"annual (basis: FY-coded award ids 15PBJA24GG…BWCX; newest Start Date on page sorted desc = 2024-10-01, I4-Q138.p1)","613 award rows (spending_by_award_count, live-read); fields Award ID, Recipient Name, Amount, Start Date, PoP state, Description, CFDA","https://api.usaspending.gov/docs/ (registry [sources.usaspending.rights], I4-L074; page not fetched this batch)","NONE-FOUND (API responses carry no licence field; registry records spdx CC0-1.0 for usaspending, I4-L074)",guess:CC0-1.0,bytes=likely-open; facts=likely-open; derived=likely-open,free-text-narrative,origin,related:usaspending,procurement:usaspending (configure-existing-connector: add filters.program_numbers=['16.835'] / award_type_codes 02-05 slice; today's sweep is keyword-only and subaward-only),2026-09-30T18:07:45Z,I4-Q138;I4-Q138.p1;I4-Q169,live-read,"Award-ID suffix 'BWCX' marks BWCPIP awards (e.g. 15PBJA24GG04509BWCX Utah DOC $707,990; 15PBJA24GG04505BWCX County of Arlington $460,000; I4-Q138.p1). Recipients are agencies/units of government (state DOCs, counties, DA offices). Description text states camera counts and purposes (e.g. '742 officers', '110 BWCS') - useful for deployment-scale claims but is grantee narrative. No FY25 start dates on sorted page 1 (possible programme pause - inference, verify). award_ids=15PBJA24GG04509BWCX,15PBJA24GG04507BWCX,15PBJA24GG04505BWCX,15PBJA24GG04503BWCX,15PBJA24GG04501BWCX; operators=police;sheriff;state-police (also state corrections agencies - not in the facet list) | integrator: also a slice of FAM-USASPENDING-SLICES | INTEGRATOR NOTE (I4-L009): the live keyword space is TWO lists — live_targets.toml:55 (10 terms, the static sub-award target) and procurement_vocab.toml [usaspending_sweep] (19 terms, P26.14; incl. 'facial recognition', 'drone', 'unmanned aerial', 'cell-site simulator', 'stingray', 'acoustic gunshot', 'predictive policing', 'geofence', 'data broker', 'body camera'). Neither list has vendor names or forensics/SMM/ATE/weapons-detection/EM/biometric terms; sweep slices are page-bounded (prime 1 page, sub 2 pages), so recall also depends on bounds (I8). | Correction: the sweep already has the keyword 'body camera'; the addition is the exact Assistance Listing filter program_numbers=['16.835'] (prime slice), which keyword matching cannot guarantee. | integrator QA I4-Q169: grants=613 for ALN 16.835 (confirmed)",I4-T23-C10-G0,channel,FAM-BWCGRANT,,bwc-recorded; bwc-livestream; body-worn-camera-unspecified; in-car-video-recorded; in-car-video-unspecified,independent_account,flag,200 POST 2026-09-30T18:07:45Z (documented public API; GET refused upstream per live_targets.toml),"I1#6(adj:funding lane); I1:class=BWC(1/1 hosted, Atlas-only)","First structured national funding channel for BWC: every federal BWCPIP award (613) with recipient, amount, state and narrative, obtainable by one filter change on the already-live usaspending connector."
I4-C251,BJA award detail pages (bja.ojp.gov/funding/awards/<award-number>),https://bja.ojp.gov/funding/awards/15pbja-24-gg-04491-bwcx,U.S. DOJ Bureau of Justice Assistance,grant,T23,US,"unknown (login-walled; 1 of 1 award URL tried redirected to login, live-read I4-F186)",other,unknown (basis: not reachable),unknown (not reachable),NONE-FOUND(checked: https://bja.ojp.gov/user/login?destination=/funding/awards/15pbja-24-gg-04491-bwcx),NONE-FOUND,guess:LicenseRef-PublicDomain-USGov-17USC105,bytes=undetermined; facts=likely-open; derived=undetermined,none-observed,origin,new,n/a (login),2026-09-30T18:07:26Z,I4-Q136;I4-F186,live-read,"LEAD-ONLY; access=login: award page 302 -> DOJ SSO login banner. Same award facts are available open via USAspending ALN 16.835 (I4-C250), so this is not a loss. Lead (not fetched): bja.ojp.gov static per-year award PDFs e.g. /sites/g/files/xyckuh186/files/media/document/2017-bwcpip-awards.pdf (Q141 result).",I4-T23-C10-G0,channel,FAM-BWCGRANT,,bwc-recorded; bwc-livestream; body-worn-camera-unspecified; in-car-video-recorded; in-car-video-unspecified,independent_account,pass,200 after 302 to /user/login (login wall) 2026-09-30T18:07:26Z,"I1:class=BWC(1/1 hosted, Atlas-only)","Records that BJA's own award pages are now login-walled, so the open route for BWCPIP award facts is USAspending (C250)."
I4-C252,Illinois GATA CSFA 569-00-3496 ILETSB Law Enforcement Camera Grant - Award List,https://omb.illinois.gov/PUBLIC/GATA/CSFA/AwardList.aspx?CSFA=3496,Illinois Law Enforcement Training and Standards Board via Illinois GOMB GATA Catalog of State Financial Assistance,grant,T23,US-IL,"statewide programme; ~176 award rows in default FY view (177 <tr> incl. header, live-read I4-F188); FY selector 2025-2030",html,"annual (basis: fiscal-year selector 2025..2030 and FY-coded award ids 2025xxxx/2026xxxx, I4-F188)","~176 rows (default view) x 5 fields (Award ID, Grantee Name, Start Date, End Date, Amount); other FYs not paged","NONE-FOUND(checked: https://omb.illinois.gov/PUBLIC/GATA/CSFA/Program.aspx?csfa=3496, https://omb.illinois.gov/PUBLIC/GATA/CSFA/AwardList.aspx?CSFA=3496)",NONE-FOUND,guess:LicenseRef-PublicRecord-US-IL,bytes=undetermined; facts=likely-open; derived=undetermined,none-observed,origin,new,new:gata_csfa_awardlist (html table; same page template for every Illinois CSFA programme),2026-09-30T18:08:36Z,I4-Q139;I4-F187;I4-F188,live-read,"Programme page (I4-F187): grants for 'in-car video cameras', 'officer-worn body cameras' and 'data storage related to officer-worn cameras'; authority 50 ILCS 706 and 50 ILCS 707; SAFE-T Act 'required all law enforcement agencies to implement body-worn cameras by January 1, 2025'. Sample rows: 20262009 CITY OF BATAVIA 487,696; 20261086 City of Berwyn 384,043 (I4-F188). Grantees are units of government. The GATA AwardList template generalises to every Illinois state grant programme (a state-wide funding channel beyond BWC - inference from URL pattern). operators=police;sheriff;campus",I4-T23-C10-G0,publisher,FAM-BWCGRANT,,bwc-recorded; bwc-livestream; body-worn-camera-unspecified; in-car-video-recorded; in-car-video-unspecified,independent_account,pass,200 GET 2026-09-30T18:08:36Z; robots not read,I1#6(adj:funding lane); I1:class=BWC(1/1 hosted),Only state BWC grant programme found with a machine-readable per-award table (agency + amount + dates + FY); it covers BWC and in-car video for every Illinois agency under a statewide mandate.
I4-C253,Ohio Office of Criminal Justice Services Body-Worn Camera Grant Program (annual RFP and award rounds),https://dam.assets.ohio.gov/image/upload/ocjs.ohio.gov/2026_OCJS_BWC_RFP_FINAL.pdf,"Ohio Department of Public Safety, Office of Criminal Justice Services",grant,T23,US-OH,"statewide local LEAs; FY2025 average award $34,694.52 (range $1,710.71-$141,709.51) (live-read I4-F189); recipient list not fetched",pdf,"annual (basis: FY2025 and 2026 RFPs; 24-month award periods, I4-F189)",18-page RFP (I4-F189); award-round lists: count unknown (not fetched),NONE-FOUND(checked: https://dam.assets.ohio.gov/image/upload/ocjs.ohio.gov/2026_OCJS_BWC_RFP_FINAL.pdf),NONE-FOUND,guess:LicenseRef-PublicRecord-US-OH,bytes=undetermined; facts=likely-open; derived=undetermined,none-observed,origin,new,new:pdf_award_list (if recipient PDFs confirmed),2026-09-30T18:09:00Z,I4-Q140;I4-F189,live-read,"RFP: 'The average award amount for FY2025 was $34,694.52'; awards run 2025-07-01..2027-06-30; unit of local government is subrecipient; agencies must be certified on the Ohio Collaborative BWC standard; notification via OGMS. Recipient lists: search leads say governor.ohio.gov releases carry the full awardee list and the Atlas cites governor.ohio.gov 342 links (integrator I4-L001) - LEAD, not fetched. Lead: 2025 RFP at dam.assets.ohio.gov/image/upload/ocjs.ohio.gov/links/2025-OCJS-BWC-RFP.pdf. operators=police;sheriff",I4-T23-C10-G0,publisher,FAM-BWCGRANT,,bwc-recorded; bwc-livestream; body-worn-camera-unspecified; in-car-video-recorded; in-car-video-unspecified,independent_account,pass,200 GET 2026-09-30T18:09:00Z,I1#6(adj:funding lane); I1:class=BWC(1/1 hosted),Recurring state BWC funding round (since 2021 per leads) whose awardee lists would add dated agency-level BWC acquisition evidence for Ohio beyond Atlas snapshots.
I4-C254,South Carolina Body-Worn Camera Grant Program (SCDPS Office of Highway Safety and Justice Programs),https://scdps.sc.gov/node/2382,South Carolina Department of Public Safety,grant,T23,US-SC,"291 qualifying entities awarded $44.85 million since FY 2017 (verbatim, live-read I4-F190)",other,"annual (basis: 'Applications may be submitted annually'; SFY-2027 window 2026-03-09..04-03, I4-F190)",programme totals only on page; per-recipient list not linked (I4-F190),"https://sc.gov/privacy-and-security-policy (linked, not fetched)",Copyright © State of South Carolina,guess:LicenseRef-PublicRecord-US-SC,bytes=undetermined; facts=likely-open; derived=undetermined,none-observed,origin,new,n/a (no published list found),2026-09-30T18:10:02Z,I4-Q141;I4-F190,live-read,"LEAD-ONLY for recipient-level data: state-appropriated fund; eligible = state and local LEAs, Attorney General, solicitors, public defenders; 'The total amount of BWC Grant Program funding received since FY 2016 is $45.54 million.' Page links only the 2027 application instructions PDF. Atlas cites scdps.sc.gov 98 links (integrator I4-L001) - older award documents may exist (not found this batch). operators=police;sheriff;state-police",I4-T23-C10-G0,channel,FAM-BWCGRANT,,bwc-recorded; bwc-livestream; body-worn-camera-unspecified; in-car-video-recorded; in-car-video-unspecified,independent_account,pass,200 GET 2026-09-30T18:10:02Z,I1#6(adj:funding lane); I1:class=BWC(1/1 hosted),Statewide statutory BWC fund (291 entities) - a records lead for a complete SC BWC-adopter list with amounts; aggregate totals usable now.
I4-C255,Massachusetts Law Enforcement Body-Worn Camera Program (EOPSS Office of Grants and Research) award announcements,https://www.mass.gov/news/healey-driscoll-administration-awards-nearly-35-million-for-police-body-worn-cameras,"Commonwealth of Massachusetts, EOPSS Office of Grants and Research",grant,T23,US-MA,"final round 32 police departments (~$3.49M, 2026-03-03); first four years 144 departments, >4,800 cameras; ~$13M since FY22 (live-read I4-F192)",html,"static (basis: 'final round of grants awarded through Massachusetts' five-year investment', FY22-FY26 capital plan, I4-F192)",5 annual rounds (FY22-FY26); final release lists 32 recipients in body text,"https://www.mass.gov/massgov-site-policies (linked, not fetched)",© 2026 Commonwealth of Massachusetts,guess:LicenseRef-PublicRecord-US-MA,bytes=undetermined; facts=likely-open; derived=undetermined,none-observed,origin,new,new:html_press_release_list,2026-09-30T18:10:13Z,I4-Q141;I4-F192,live-read,"Release links programme page /info-details/law-enforcement-body-worn-camera-bwc-program (not fetched) and FY25 AGF documents (leads: mass.gov/doc/fy25-body-worn-camera-agf/download). Funding supports cameras, on-site storage, batteries, docks. Atlas cites mass.gov 156 links (integrator). operators=police",I4-T23-C10-G0,publisher,FAM-BWCGRANT,,bwc-recorded; bwc-livestream; body-worn-camera-unspecified; in-car-video-recorded; in-car-video-unspecified,independent_account,pass,200 GET 2026-09-30T18:10:13Z,I1#6(adj:funding lane); I1:class=BWC(1/1 hosted),"Closed five-round state programme naming ~176 recipient departments with dated awards - a bounded, complete MA BWC-adoption funding record."
I4-C256,Colorado DCJ body-worn camera funding programme page,https://dcj.colorado.gov/body-worn-camera-funding,"Colorado Department of Public Safety, Division of Criminal Justice",grant,T23,US-CO,unknown (403),other,unknown (basis: not reachable),unknown (not reachable),NONE-FOUND(checked: https://dcj.colorado.gov/body-worn-camera-funding -> 403),NONE-FOUND,guess:LicenseRef-PublicRecord-US-CO,bytes=undetermined; facts=undetermined; derived=undetermined,none-observed,origin,new,n/a (blocked),2026-09-30T18:10:04Z,I4-Q141;I4-F191,live-read,"LEAD-ONLY; access=403 CloudFront 'Request blocked'; host stopped. Leads only (search results, not evidence): state BWC grant (C.R.S. 24-33.5-519), dcj.colorado.gov/body-worn-cameras-grant-program-faq, publicsafety.colorado.gov 2021 release; Atlas cites dcj.colorado.gov 95 links.",I4-T23-C10-G0,channel,FAM-BWCGRANT,,bwc-recorded; bwc-livestream; body-worn-camera-unspecified; in-car-video-recorded; in-car-video-unspecified,independent_account,pass,403 CloudFront 2026-09-30T18:10:04Z,I1:class=BWC(1/1 hosted),"Statutory Colorado BWC grant programme; blocked to automated GET, so it needs a human/records route."
I4-C257,Police Body Worn Cameras: A Policy Scorecard (The Leadership Conference on Civil and Human Rights and Upturn),https://www.bwcscorecard.org/,The Leadership Conference on Civil and Human Rights / Upturn,ngo,T23,US,50 departments x 8 criteria in the 2016 edition (live-read I4-F194); 75 in later edition per search lead,other,"static (basis: 2015-2017 editions; origin host not serving, I4-F193)",50 (2016) department scorecards x 8 criteria,"https://civilrights.org/terms-conditions/ (linked, not fetched)","© 2026 The Leadership Conference on Civil and Human Rights/The Leadership Conference Education Fund. All rights reserved. (civilrights.org footer as returned by WebFetch, I4-F194)",guess:LicenseRef-AllRightsReserved,bytes=likely-restricted; facts=likely-open; derived=undetermined,none-observed,derived-from:agency BWC policies,new,n/a (origin dead),2026-09-30T18:10:50Z,I4-Q142;I4-F193;I4-F194,live-read,"LEAD-ONLY/historic baseline: origin www.bwcscorecard.org gave TLS SSL_ERROR_SYSCALL (no response) - not retried and no archive mirror used (R4). LCCHR release 2016-08-02: 'No department fully met the criteria for all eight categories'. Mirrors (search leads): issuelab.org, oldcmj.mayfirst.org PDF v1.03. Structurally new vs Atlas (policy attributes, not deployments). Lead: bja.ojp.gov policyscoreboard.pdf = BJA TTA policy-review scorecard template (not a dataset). No Brennan Center BWC policy database surfaced.",I4-T23-C05-G0,publisher,,,bwc-recorded; bwc-livestream; body-worn-camera-unspecified; in-car-video-recorded; in-car-video-unspecified,derived_summary,pass,000 TLS failure 2026-09-30T18:10:46Z (bwcscorecard.org); 200 WebFetch civilrights.org 2026-09-30T18:10:50Z,I1:class=BWC(1/1 hosted),"Only multi-city BWC policy-content dataset found (retention, footage access, biometrics limits); 2016-17 baseline only, origin now dead."
I4-C258,"USAspending contract awards matching data-broker / location-data vendor keywords (Venntel, Babel Street, Fog Data Science, Anomaly Six, Accurint, TLOxp, Thomson Reuters Special Services, LexisNexis Special Services, Penlink)",https://api.usaspending.gov/api/v2/search/spending_by_award/,"U.S. Department of the Treasury (USAspending.gov); awarding agencies DHS (ICE, CBP, USSS), DOJ (FBI, DEA, USMS), SSA, OPM and others",procurement,T21;T28,US,"952 contracts + 24 IDVs + 4 grants + 1 loan match the 9 keywords, 2007-10-01..2026-09-30 (live-read I4-Q143)",api,"daily (basis: USAspending ingests FPDS continuously; newest matched award 2026-05-20, I4-Q143.p1)",981 award rows total (count endpoint); top-100 by amount inspected,"https://api.usaspending.gov/docs/ (registry [sources.usaspending.rights], I4-L074; not fetched)","NONE-FOUND (API responses carry no licence field; registry spdx CC0-1.0, I4-L074)",guess:CC0-1.0,bytes=likely-open; facts=likely-open; derived=likely-open,none-observed,origin,related:usaspending,"procurement:usaspending (configure-existing-connector: add broker keywords + prime-award contract slice; current sweep keywords have none of these terms, I4-L072)",2026-09-30T18:11:25Z,I4-Q143;I4-Q143.p1,live-read,"Top-100 by amount: RELX/LexisNexis Special Services (SSA, OPM, FEMA, FBI, ICE, CBP, USMS, IRS, USSS, State), Thomson Reuters Special Services (ICE x9, USAF, CBP, FBI, USMS, USCIS), Pen-Link (DEA, ICE, FBI), Babel Street direct (ICE 70CMSD19FC0000052 'DATA SUBSCRIPTION SERVICES'; USSS HSSS0115C0040 'OPEN SOURCE INTELLIGENCE MONITORING SYSTEM'; SEC) and via resellers (Panamerica Computers -> CBP 70B03C23F00001053 'BABEL STREET LICENSES IN SUPPORT OF CBP/NTC'; Flywheel Data -> ICE 70CTD026FR0000025 2026-05-20 $10.3M '25 BABEL STREET INSIGHTS LICENSES, LOCATION AND IDENTITY APPLICATION PROGRAMMING INTERFACES FOR USE IN ICE CASE MANA[GEMENT]'; Chenega -> ICE 'PENLINK PLX'). Venntel/Fog/Anomaly Six did not appear in the top 100 by amount (small awards or reseller-routed - needs recipient-name + description slices). Reseller routing means keyword-on-description is required, not recipient-only. Non-law-enforcement uses (SSA identity verification) must be filtered by awarding agency. award_ids=70CTD026FR0000025,70B03C23F00001053,70CMSD19FC0000052,70CMSD26C00000001,HSSS0115C0040; operators=federal; Penlink/Babel Street also touch T19/T20 (out-of-cell→D_for_smm) | INTEGRATOR NOTE (I4-L009): the live keyword space is TWO lists — live_targets.toml:55 (10 terms, the static sub-award target) and procurement_vocab.toml [usaspending_sweep] (19 terms, P26.14; incl. 'facial recognition', 'drone', 'unmanned aerial', 'cell-site simulator', 'stingray', 'acoustic gunshot', 'predictive policing', 'geofence', 'data broker', 'body camera'). Neither list has vendor names or forensics/SMM/ATE/weapons-detection/EM/biometric terms; sweep slices are page-bounded (prime 1 page, sub 2 pages), so recall also depends on bounds (I8). | Correction: the sweep has the class terms 'data broker' and 'geofence'; the nine VENDOR terms tested here (Venntel, Babel Street, Fog Data Science, Anomaly Six, Accurint, TLOxp, Thomson Reuters/LexisNexis Special Services, Penlink) are in neither list.",I4-T21-C16-G0,channel,FAM-USASPENDING-SLICES,LexisNexis (RELX); Thomson Reuters; Babel Street; Penlink; Venntel; Fog Data Science; Anomaly Six; TransUnion,location-data-subscription; adtech-location-purchase; person-records-broker; records-broker-unspecified,independent_account,pass,200 POST 2026-09-30T18:11:20Z/18:11:25Z (documented public API),I1#13,Closes I1#13's named cause directly: nine broker/location-data keywords yield 981 federal awards (incl. ICE's 2026 Babel Street location-API buy) that the live connector's keyword list cannot see.
I4-C259,DHS component privacy compliance document indexes (Privacy Documents for ICE / CBP / OBIM),https://www.dhs.gov/privacy-documents-ice,"U.S. Department of Homeland Security, Privacy Office",statutory-report,T21;T28;T11;T20,US,ICE index 77 privacy-doc links (I4-F195); CBP index 112 (I4-F207); OBIM index incl. HART (I4-F217),html,"irregular (basis: PIAs published as programmes change; PIA-080 'Last Updated: 08/20/2024', I4-F208)",189+ PIA/SORN publication links across the three component indexes,"NONE-FOUND(checked: dhs.gov index pages I4-F195, I4-F207, I4-F217; only /privacy-policy linked)",NONE-FOUND,guess:LicenseRef-PublicDomain-USGov-17USC105,bytes=likely-open; facts=likely-open; derived=likely-open,none-observed,origin,related:SRC-023,new:dhs_privacy_index (html index -> publication page -> PDF); accountability-connector pattern as dhs_oig_reports,2026-09-30T18:11:55Z,I4-F195;I4-F207;I4-F217,live-read,"Direct origin fetches (WebSearch unused for this). ICE index lists PIA-014 287(g) Program database, PIA-039 commercial LPR (= SRC-023, ALPR is I3), PIA-054 ICE use of facial recognition services, PIA-055 RAVEn, PIA-064 publicly available information/social media, PIA-065 BITMAP, PIA-032a FALCON-SA. CBP index lists Border Surveillance Systems (BSS), PIA-049 LPR, PIA-058 social-media monitoring, PIA-063 Enterprise Analytics, PIA-080 Commercial Telemetry Data Evaluation, AFI, border searches of electronic devices. OBIM lists HART PIA-004. SRC-023 captured one PIA; this is the channel (family). No ICE index title matched telemetry/location (negative for an ICE commercial-location PIA). DHS OIG OIG-23-61 (commercial telemetry) not re-fetched -> dhs_oig_reports consume_existing. operators=federal",I4-T21-C16-G0,family,FAM-DHSPIA,,location-data-subscription; person-records-broker; face-identification-1ton; persistent-aerial-surveillance; social-media-monitoring,independent_account,pass,200 GET 2026-09-30T18:11:55Z / 18:15:15Z / 18:20:07Z; dhs.gov host cap 5/5,I1#13; I1#4; NEW-T28,Statutory (E-Gov Act §208) federal disclosure channel naming each DHS surveillance/data-purchase programme; generalises SRC-023 from one PIA to the whole ICE/CBP/OBIM set.
I4-C260,DHS/CBP/PIA-080 CBP Commercial Telemetry Data Evaluation,https://www.dhs.gov/publication/dhscbppia-080-cbp-commercial-telemetry-data-evaluation,U.S. Department of Homeland Security / U.S. Customs and Border Protection,statutory-report,T21;T28,US,one federal programme; evaluation window December 2018 - September 2023 (live-read I4-F208),pdf,"static (basis: 'Last Updated: 08/20/2024', I4-F208)",1 PIA (PDF 24_0812_priv_pia-cbp-080-commercial-telemetry.pdf; not downloaded),NONE-FOUND(checked: https://www.dhs.gov/publication/dhscbppia-080-cbp-commercial-telemetry-data-evaluation),NONE-FOUND,guess:LicenseRef-PublicDomain-USGov-17USC105,bytes=likely-open; facts=likely-open; derived=likely-open,none-observed,origin,related:SRC-023,new:dhs_privacy_index,2026-09-30T18:15:27Z,I4-F207;I4-F208,live-read,"Abstract: CBP PIA 'to describe its evaluation of commercially available location data associated with mobile smart devices (commercial telemetry data) for a period between December 2018 and September 2023. During this time, a small number of users in CBP queried smart device location data owned and maintained by commercial vendors'. Pairs with DHS OIG commercial-telemetry audit (dhs_oig_reports, consume_existing) and USAspending CBP broker awards (C258). operators=federal",I4-T21-C16-G0,target,FAM-DHSPIA,,location-data-subscription; adtech-location-purchase,independent_account,pass,200 GET 2026-09-30T18:15:27Z,I1#13,The federal government's own dated admission of commercial smartphone-location purchase/use (CBP 2018-2023) - first primary-source anchor for the adtech-location-purchase concept.
I4-C261,DHS/OBIM/PIA-004 Homeland Advanced Recognition Technology System (HART) Increment 1 - compliance documents,https://www.dhs.gov/publication/dhsobimpia-004-homeland-advanced-recognition-technology-system-hart-increment-1,"U.S. Department of Homeland Security, Office of Biometric Identity Management",statutory-report,T28;T11;T12,US,"one federal biometric system (link observed on OBIM index, I4-F217)",html,irregular (basis: PIA increments; page not fetched),1 publication page (not fetched),NONE-FOUND(checked: https://www.dhs.gov/privacy-documents-office-biometric-identity-management-obim),NONE-FOUND,guess:LicenseRef-PublicDomain-USGov-17USC105,bytes=likely-open; facts=likely-open; derived=likely-open,none-observed,origin,new,new:dhs_privacy_index,2026-09-30T18:20:07Z,I4-F217,live-read,Link-level evidence only (dhs.gov host cap reached before the publication page could be fetched). Index also lists IDENT PIA-002 and ARIES PIA-006. operators=federal,I4-T28-C16-G0,target,FAM-DHSPIA,,face-identification-1ton; other-biometric-unspecified,independent_account,pass,index 200 GET 2026-09-30T18:20:07Z; target page not fetched,NEW-T28,Primary federal document for DHS's national biometric repository that local 287(g)/booking data feeds; T28 has no hosted source today.
I4-C262,"Google - Geofence Warrants by Jurisdiction, 2018 through 2020 (supplemental CSV to the User Data Requests Transparency Report)",https://services.google.com/fh/files/misc/geofence_warrants_by_jurisdiction_2018_through_2020.zip,Google LLC,vendor-portal,T21,US,All Federal + 50 states + DC = 52 jurisdiction rows x 3 years (live-read I4-F210),bulk-file,"static (basis: single 2021 supplement; CSV dated 2021-08-17 in zip, I4-F210)","52 data rows, columns Jurisdiction,2018,2019,2020 (I4-F210)","NONE-FOUND(checked: supplemental PDF I4-F209, zip I4-F210)",NONE-FOUND,guess:LicenseRef-Google-Terms,bytes=undetermined; facts=likely-open; derived=undetermined,none-observed,origin,new,new:csv_bulk (single static file),2026-09-30T18:18:22Z,I4-F209;I4-F210,live-read,"The vendor states geofence warrants were 'recently constituting more than 25% of all warrants we receive in the United States' (I4-F209). Sample row 'All Federal,41,366,521'. Aggregate counts only. No later supplement surfaced (Google announced ending Location History server storage - lead, not fetched). Found by direct origin fetch (WebSearch quota exhausted). operators=police;sheriff;state-police;federal",I4-T21-C02-G0,target,FAM-TRANSP,Google,geofence-warrant-data,independent_account,pass,200 GET 2026-09-30T18:18:08Z (PDF) / 18:18:22Z (zip),I1#13(adjacent),"Only state-level quantitative series on police geofence-warrant demand (per state per year, 2018-20); a structured anchor for geofence-warrant-data that no SIG source covers."
I4-C263,"Apple Transparency Report - Report CSVs (government and private party requests, by country and half-year)",https://www.apple.com/legal/zip/transparency/Apple_Transparency_Report.zip,Apple Inc.,vendor-portal,T21,US;INTL,"country-level (US page); request types Device, Financial Identifier, Account, Account Preservation, Restriction/Deletion, Push Token, Emergency, National Security (live-read I4-F211)",bulk-file,"irregular (basis: semiannual H1 Jan-Jun / H2 Jul-Dec periods, I4-F211; enum lacks semiannual)",unknown (zip not downloaded),"https://www.apple.com/legal/internet-services/terms/site.html (linked, not fetched)",Copyright © 2026 Apple Inc. All rights reserved.,guess:LicenseRef-Apple-AllRightsReserved,bytes=likely-restricted; facts=likely-open; derived=undetermined,none-observed,origin,new,new:csv_bulk,2026-09-30T18:18:44Z,I4-F211,live-read,"Reports are semiannual (enum lacks 'semiannual'; recorded as irregular - I7 to normalise). No 'geofence' category and no US-state breakdown observed on the US page - national aggregates only, so value is context (volume of US law-enforcement demand) not agency attribution. Google/Meta/Microsoft national downloads not checked (budget). operators=federal;police",I4-T21-C02-G0,target,FAM-TRANSP,Apple,location-data-unspecified,independent_account,pass,200 GET 2026-09-30T18:18:44Z (landing); zip not fetched,I1#13(adjacent),Machine-readable national aggregate of US government demands on a major platform; context-grade only (no state/agency attribution).
I4-C264,EFF Fog Data Science public records (DocumentCloud project fog-data-science-public-209393),https://www.documentcloud.org/projects/fog-data-science-public-209393/,Electronic Frontier Foundation (records released by agencies; hosted on DocumentCloud),records-release,T21,US,"'at least 18 local, state, and federal law enforcement clients' evidenced in records from >100 requests (live-read I4-F213)",other,"static (basis: 2022 investigation series, I4-F212/F213)","unknown document count (project not fetched); per-agency sets e.g. Chino 2019-20 attachments, Missouri State Highway Patrol emails and software licence agreement","https://www.eff.org/copyright (EFF article footer; linked, not fetched)","Copyright (CC BY) (eff.org footer, I4-F212/F213; applies to EFF articles, not to agency records)",guess:CC-BY-4.0 (EFF text); guess:LicenseRef-PublicRecord (agency records),bytes=undetermined; facts=likely-open; derived=undetermined,free-text-narrative; private-person-name; officer-name; home-address(suspected: Reveal search examples of individual buildings),mirror-of:agency public-records releases,related:eff_atlas_of_surveillance,records-corpus:documentcloud (I6 lane; targeted project only),2026-09-30T18:19:14Z,I4-F212;I4-F213,live-read,"No structured agency list exists at EFF (records + narrative only) - finding. EFF: Fog charged agencies '$6,000 - $9,000 a year'; 'in 2019, the California Highway Patrol paid $7,500'; one agency's notes say Fog 'works with 50-60 agencies'. Atlas carries Fog rows (derived). AP 2022 story (apnews.com …d395409ef5a8c6c3f6cdab5b1d0e27ef) is a lead for its own agency list (not fetched). Only contract/licence facts may be extracted; search examples and emails need screening. out-of-cell note: DocumentCloud corpora are I6's lane. operators=police;sheriff;state-police;federal",I4-T21-C14-G0,publisher,,Fog Data Science,adtech-location-purchase; location-data-subscription,republished_document,flag,EFF articles 200 GET 2026-09-30T18:18:56Z/18:19:14Z; DocumentCloud project not fetched,I1#13,"Primary-record evidence (contracts, invoices, licence agreements) for local Fog Reveal purchases - the only origin-document route to local adtech-location buying."
I4-C265,"The Markup - investigation-prediction-bias (PredPol predictive-policing data, 38 departments)",https://github.com/the-markup/investigation-prediction-bias,The Markup,journalism,T22,US,"38 departments (departments.csv, live-read I4-F215)",bulk-file,"static (basis: created 2021-12-01, last push 2021-12-03, I4-F214)","repo 111,379 KB; files departments.csv, dept_usage_dates.csv, dept_prediction_date_ranges.csv, all_predictions.csv, block-level counts, arrests.csv, uof.csv (I4-F215)","https://api.github.com/licenses/bsd-3-clause (repo licence field, I4-F214)","BSD 3-Clause ""New"" or ""Revised"" License (GitHub repo licence field; README has no separate data-licence statement, I4-F215)",guess:BSD-3-Clause (repo); data terms undetermined,bytes=undetermined; facts=likely-open; derived=undetermined,"residential-intersection; person-level-enforcement(arrests.csv, uof.csv)",derived-from:PredPol reports and agency records releases,related:eff_atlas_of_surveillance,new:github_csv (departments.csv + dept_usage_dates.csv only),2026-09-30T18:19:37Z,I4-F214;I4-F215,live-read,Structured agency list = departments.csv ('Metadata for the 38 departments') + dept_usage_dates.csv ('software usage start and end dates confirmed by each department') - admissible (agency-level). all_predictions.csv (box centre addresses) -> residential flag; arrests.csv ('Arrest records for 13 departments') and uof.csv -> never ingest. Raw PredPol reports tarball on markup-public-data.s3.amazonaws.com (never fetch). Atlas Predictive Policing 200 rows may already cite The Markup (related). Found by direct fetch (WebSearch quota exhausted). operators=police;sheriff,I4-T22-C14-G0,publisher,,Geolitica (PredPol),predictive-policing-place,derived_summary,flag,200 GET 2026-09-30T18:19:27Z (api.github.com) / 18:19:37Z (raw README),I1#13(adjacent),Best structured predictive-policing agency list: 38 departments with department-confirmed usage start/end dates (end dates = decommissioning evidence Atlas lacks).
I4-C266,Mijente #NoTechForICE - 'Who's Behind ICE: The Tech and Data Companies Fueling Deportations' and reports,https://notechforice.com/,Mijente (with Immigrant Defense Project and National Immigration Project per report credits - unverified),ngo,T28;T21;T22,US,1 report (2018) + reports page; no dataset (live-read I4-F216),pdf,"static (basis: report dated 2018-10 in upload path, I4-F216)",1 PDF report (not downloaded); plus 'Deadly Digital Border Wall' 2021 PDF (link seen on I4-F219),NONE-FOUND(checked: https://notechforice.com/),NONE-FOUND,guess:LicenseRef-AllRightsReserved,bytes=undetermined; facts=likely-open; derived=undetermined,none-observed,derived-from:FPDS/USAspending and press,related:eff_atlas_of_surveillance,n/a (narrative report; use as lead list for USAspending slices),2026-09-30T18:19:50Z,I4-F216;I4-F218;I4-F219,live-read,"Negative for a structured contract compilation: homepage links a 2018 report, resources/#reports and press (Intercept on LexisNexis-ICE 2021, Thomson Reuters shareholder vote). Just Futures Law site checked (homepage + /eyesontech = FRT awareness campaign) - no ICE contract dataset (I4-F218/F219). Atlas cites notechforice.com ~120 links (integrator I4-L001). Value = vendor/contract lead list feeding C258 keyword slices, not ingestion. operators=federal",I4-T28-C14-G0,publisher,,Palantir; Amazon; LexisNexis; Thomson Reuters,third-party-investigative-platform; person-records-broker,derived_summary,pass,200 GET 2026-09-30T18:19:50Z,NEW-T28; I1#13,"Advocacy compilation of ICE tech/data vendors (derived); a keyword seed for USAspending, not a dataset - recorded so I7 does not re-search it."
I4-C268,EFF map of CBP border surveillance towers (Google My Maps) and tower-records DocumentCloud projects,https://www.google.com/maps/d/u/1/edit?mid=1bxUGeOT6vVXu0jFQhDLxgktLFLVOKsI,Electronic Frontier Foundation,ngo,T28;T15,US;US-CA,"EFF-documented CBP towers; EFF says 1,500 planned would be 'more than tripling what we've documented so far' (live-read I4-F220) - implies several hundred mapped",other,"irregular (basis: map referenced in 2026-04 article as current, I4-F220)",unknown (map not fetched); inference: ~500 points from the 'tripling' statement,"https://www.eff.org/copyright (linked, not fetched)","Copyright (CC BY) (eff.org footer, I4-F220)",guess:CC-BY-4.0,bytes=undetermined; facts=likely-open; derived=undetermined,residential-intersection(suspected),"derived-from:CBP records, PTAs and field observation",new,new:kml (My Maps KML export - inference),2026-09-30T18:20:51Z,I4-Q146;I4-F220,live-read,"out-of-cell partially →I3/I5 only if towers are treated as place-anchored cameras; T28 owns CBP towers. Related docs: CBP PTA for AST maritime use case (s3.documentcloud.org 25545615), DocumentCloud projects 212258 (CA Coastal Commission/CBP towers) and 207706 (dhs-tech-2022); GAO-25-107302 (gao_surveillance_reports consume_existing) and GAO-26-108118 (DocumentCloud copy). Towers near neighbourhoods (EFF: churches within viewshed) -> residential screen. operators=federal",I4-T28-C16-G0,publisher,,Anduril; Elbit (per EFF/JFL narrative - vendor attribution unverified),persistent-aerial-surveillance; camera-ptz,derived_summary,flag,article 200 GET 2026-09-30T18:20:51Z; My Maps not fetched (fetch cap),NEW-T28,"Only located inventory of CBP surveillance towers found (hundreds of points), giving T28 a map layer that pairs with the CBP BSS PIA and GAO counts."
I4-C269,DHS/CBP Border Surveillance Systems (BSS) - compliance documents,https://www.dhs.gov/publication/border-surveillance-systems-bss,U.S. Department of Homeland Security / U.S. Customs and Border Protection,statutory-report,T28;T15,US,one federal programme family (towers/RVSS/IFT/aerostats per PIA scope - inference; link observed I4-F207),html,irregular (basis: PIA updates; page not fetched),1 publication page (not fetched),NONE-FOUND(checked: https://www.dhs.gov/privacy-documents-us-customs-and-border-protection),NONE-FOUND,guess:LicenseRef-PublicDomain-USGov-17USC105,bytes=likely-open; facts=likely-open; derived=likely-open,none-observed,origin,new,new:dhs_privacy_index,2026-09-30T18:15:15Z,I4-F207,live-read,"Link-level evidence only. Scope (autonomous surveillance towers, Integrated Fixed Towers, RVSS) is an inference to verify. Related: EFF tower map (C268), GAO-25-107302 (gao_surveillance_reports consume_existing), CBP AST PTA on DocumentCloud 25545615 (lead, I4-F220). operators=federal",I4-T28-C16-G0,target,FAM-DHSPIA,"Anduril; Elbit (inference, unverified)",persistent-aerial-surveillance; camera-ptz,independent_account,pass,index 200 GET 2026-09-30T18:15:15Z; target page not fetched,NEW-T28,"The DHS privacy-compliance anchor for CBP tower systems (AST/IFT); pairs with the EFF tower map to give a governed, located T28 layer."
I4-C270,DHS Fusion Center Locations and Contact Information,https://www.dhs.gov/fusion-center-locations-and-contact-information,"U.S. Department of Homeland Security, Office of Intelligence and Analysis",gov-open-data,T27,US,80 centres = 54 '(Primary)' + 26 '(Recognized)' (live-read I4-F196); 69 centre-website links,html,"irregular (basis: 'Last Updated: 09/04/2026', I4-F196)","80 entries: name, city (recognized), designation, institutional phone, website link",NONE-FOUND(checked: https://www.dhs.gov/fusion-center-locations-and-contact-information),NONE-FOUND,guess:LicenseRef-PublicDomain-USGov-17USC105,bytes=likely-open; facts=likely-open; derived=likely-open,none-observed,origin,same-as:dhs_fusion_centers,same-as registry row (gated; no [rights] block) - propose rights review,2026-09-30T18:12:07Z,I4-F196,live-read,"Registry check: dhs_fusion_centers is LIVE and CURRENT - counts match the registry note '80 centers (54 primary + 26 recognized)'. New fact: page carries per-centre website URLs (69), a crawl seed for governance documents (used as the T27-C04 inventory). Fusion centres have no technology concept - propose organisation role 'fusion-center' (and 'hidta-isc', 'riss-center') in the ontology; link to dhs_fusion_center_assessments (consume_existing). Contact numbers are institutional. operators=state-police;police;sheriff",I4-T27-C16-G0,publisher,FAM-FUSION,,NO TECHNOLOGY CONCEPT - proposed organisation role fusion-center,independent_account,pass,200 GET 2026-09-30T18:12:07Z,I1:class=FUS(4/5 hosted),Confirms the gated authoritative roster is live and current (2026-09-04) and adds per-centre URLs; unblocks a rights flip rather than new acquisition.
I4-C271,HIDTA Investigative Support Centers (hidta.org/ISC),https://www.hidta.org/ISC,HIDTA program (ONDCP-funded; site operator unverified),other,T27,US,unknown (challenge page),other,unknown (basis: not reachable),unknown,NONE-FOUND(checked: https://www.hidta.org/ISC -> bot verification),NONE-FOUND,guess:LicenseRef-Unknown,bytes=undetermined; facts=undetermined; derived=undetermined,none-observed,origin,new,n/a (challenge),2026-09-30T18:12:39Z,I4-Q144;I4-F197,live-read,LEAD-ONLY; access=challenge ('Please wait while your request is being verified'); host stopped. Alternative origin to try by a human: ONDCP HIDTA program page on whitehouse.gov (not attempted). operators=federal;state-police;police,I4-T27-C16-G0,channel,FAM-FUSION,,NO TECHNOLOGY CONCEPT - proposed organisation role hidta-isc,independent_account,pass,200 challenge page 2026-09-30T18:12:39Z,I1:class=FUS(4/5 hosted),HIDTA ISCs are the second intelligence-sharing network (33 HIDTAs - inference) absent from SIG; blocked to automated access.
I4-C272,RISS regional centers (riss.net/centers),https://www.riss.net/centers/,Regional Information Sharing Systems (BJA-funded),other,T27,US,"unknown (unreachable); six regional centres per search lead (MAGLOCLEN, MOCIC, NESPIN, ROCIC, RMIN, WSIN)",other,unknown (basis: not reachable),6 centres (lead only),NONE-FOUND(checked: https://www.riss.net/centers/ -> TLS/socket failure),NONE-FOUND,guess:LicenseRef-Unknown,bytes=undetermined; facts=undetermined; derived=undetermined,none-observed,origin,new,n/a (unreachable),2026-09-30T18:12:50Z,I4-Q144;I4-F198;I4-F199,live-read,LEAD-ONLY; access=unreachable (curl TLS SSL_ERROR_SYSCALL and WebFetch 'Socket is closed'). Centre names/addresses from a search snippet (ojp.gov NCJRS) are leads only. RISS also runs RISSafe/RISSIntel (lead). operators=federal;state-police;police,I4-T27-C16-G0,channel,FAM-FUSION,,NO TECHNOLOGY CONCEPT - proposed organisation role riss-center,independent_account,pass,000 TLS 2026-09-30T18:12:41Z; 000 socket 2026-09-30T18:12:50Z,I1:class=FUS(4/5 hosted),Six-centre RISS roster is small and stable; worth a manual capture since the host refuses automated TLS here.
I4-C273,"Maine Information and Analysis Center (MIAC) Annual Report (statutory, 25 M.R.S. §1801) with privacy audits",https://www.maine.gov/dps/msp/sites/maine.gov.dps.msp/files/inline-files/2025%20Annual%20Report%20Final.pdf,"Maine State Police, Maine Information and Analysis Center",statutory-report,T27;T01;T11,US-ME,1 of 80 fusion centres; calendar-year report 2025 (live-read I4-F200); 2022-2024 editions per search lead,pdf,"annual (basis: statute requires annual report to Criminal Justice and Public Safety committee, I4-F200)",290 pages (2025 edition incl. two privacy audits),NONE-FOUND(checked: 2025 Annual Report PDF),NONE-FOUND,guess:LicenseRef-PublicRecord-US-ME,bytes=undetermined; facts=likely-open; derived=undetermined,officer-name(institutional role); free-text-narrative,origin,new,accountability:pdf_report (dhs_oig_reports pattern),2026-09-30T18:13:39Z,I4-Q145;I4-F200,live-read,"item=US-ME outcome=found. Verbatim: '25 M.S.R.A Chapter 201§ 1801 Act to Require Annual Information Reporting by the Maine Information and Analysis Center was passed in 2021'. Aggregates: 1,353 ITS entries; 224 requests for information; '90 requests for Automated License Plate Reader (ALPR) information'; '3 requests for facial recognition' (MIAC 'does not use facial recognition software'). Cross-class usage aggregates -> out-of-cell value for I3 (ALPR) and C_frt_css (FRT). Privacy-officer name appears in audit (institutional; not copied). Earlier editions (2022/2023/2024 PDFs on maine.gov) are leads. operators=state-police",I4-T27-C04-GS,publisher,FAM-FUSION-GOV,,"NO TECHNOLOGY CONCEPT - proposed organisation role fusion-center; aggregates touch alpr-unspecified, face-recognition-unspecified",independent_account,flag,200 GET 2026-09-30T18:13:39Z,I1#4; I1:state=ME,"A statutory, annual fusion-centre accountability report with per-year ALPR/FR request counts and privacy audits - the model item for I1#4 in the fusion class."
I4-C274,Delaware Information and Analysis Center (DIAC) Privacy SOP,https://dediac.org/html/DIAC%20Privacy%20SOP.pdf,Delaware Information and Analysis Center (Delaware State Police),statutory-report,T27,US-DE,"1 of 80 fusion centres (link observed on origin homepage, I4-F203)",pdf,unknown (basis: PDF not fetched),1 PDF (not fetched),NONE-FOUND(checked: https://dediac.org homepage),© 2010 DIAC Delaware Information and Analysis Center All rights reserved,guess:LicenseRef-AllRightsReserved,bytes=likely-restricted; facts=likely-open; derived=undetermined,none-observed,origin,new,dossier_documents (policy PDF),2026-09-30T18:13:51Z,I4-Q145;I4-F203,live-read,item=US-DE outcome=found (link-level: homepage 'Legal/Privacy' -> html/DIAC%20Privacy%20SOP.pdf; PDF not fetched). Exemplar of the DHS-required fusion-centre privacy policy genre. operators=state-police,I4-T27-C04-GS,target,FAM-FUSION-GOV,,NO TECHNOLOGY CONCEPT - proposed organisation role fusion-center,independent_account,pass,200 GET 2026-09-30T18:13:51Z (homepage); PDF not fetched,I1#4; I1:state=DE,Exemplar that fusion-centre privacy policies are published at origin; one of the governance documents SIG can attach to each roster entry.
I4-C275,ArcGIS-hosted fusion-centre layers (Alabama GeoHub directory; CalOES 'VALID CA Fusion Center AOR'; USDA-OIG State_LE_Fusion_Centers; ODIN FusionCenters),https://www.arcgis.com/home/item.html?id=86e0948fba0b41069f0b53043bc7a474,"CA Governor's Office of Emergency Services (AOR item); others: Alabama GeoHub, USDA OIG, ODIN (via ArcGIS Online)",gov-open-data,T27,US;US-CA;US-AL,"54 Hub matches for ""fusion center""; 6 fusion-titled items (live-read I4-Q155)",arcgis,"irregular (basis: item modified dates 2018, 2021, 2024, 2025, 2026 in Hub response)",6 feature services (row counts not read),NONE-FOUND(checked: Hub search response licenseInfo empty for all 6),NONE-FOUND,guess:LicenseRef-Unknown,bytes=undetermined; facts=likely-open; derived=undetermined,none-observed,derived-from:dhs_fusion_centers (rosters); origin (CalOES AOR polygons),related:dhs_fusion_centers,arcgis:feature-service,2026-09-30T18:21:37Z,I4-Q155,live-read,"Most useful: CalOES 'VALID CA Fusion Center AOR' (86e0948fba0b41069f0b53043bc7a474, owner CalOES) = areas of responsibility for CA's six fusion centres - structurally new (which counties each centre covers). Alabama 'Fusion Center Directory' 7c21d1ef50e9492fac3adc50fbdbe48f (2018; owner <staff account id redacted>), USDA-OIG 'State_LE_Fusion_Centers' ed4c6ea60afb4a628da15f87e27f693b, ODIN 'FusionCenters' 5ff4c0c9a1a04c81aaaf0fd07aed05cf are derived rosters (personal/third-party owners -> NEW-5 lineage check). NFCA 'Fusion Center Budget & Grant Funding Impact_form' 62ed0a9edf244a16868e035b1eb40a20 and 'Fusion Center Capability Matrix_form' are Survey123 form layers - do not read (may hold survey responses). No item JSON fetched (fetch cap).",I4-T27-C16-G0,family,FAM-FUSION,,NO TECHNOLOGY CONCEPT - proposed organisation role fusion-center,derived_summary,pass,Hub search API 200 2026-09-30T18:21:37Z (items not fetched),I1:class=FUS(4/5 hosted),Adds geometry (AOR polygons) to the fusion-centre roster - lets SIG attribute a jurisdiction to each centre instead of a point.
I4-C276,Body Worn Camera Resources (OJP/BJA BWC Toolkit resource library dataset),https://priv-data.ojp.usdoj.gov/d/ak2j-ub9q,U.S. DOJ Office of Justice Programs (Socrata domain priv-data.ojp.usdoj.gov),gov-open-data,T23,US,"unknown row count (catalog metadata only, I4-Q154); columns include State and ResourceType",socrata,"static (basis: updatedAt 2021-11-22, created 2020-08-07, I4-Q154)","16 columns: GettingStartedCategory, DocDate, URL, Training, State, ImplementationStep, TrainingAudienceCategory, TechnologyCategory, Source, ResourceType, ResearchCategory, Country, Location, DocumentTitle, Keywords, Author",NONE-FOUND(checked: Socrata catalog record for ak2j-ub9q - license field empty),NONE-FOUND,guess:LicenseRef-PublicDomain-USGov-17USC105,bytes=likely-open; facts=likely-open; derived=undetermined,none-observed,origin,new,new:socrata (generic socrata lane),2026-09-30T18:21:15Z,I4-Q154,live-read,"Metadata-only (no /api/views fetch: fetch cap). A structured index of BWC documents (sample agency policies, research, training) keyed by State/ResourceType - may enumerate agency BWC policies linked from the BJA BWC Toolkit; verify ResourceType values at I7. Host 'priv-data' naming suggests a legacy/partner portal - check public reachability.",I4-T23-C05-G0,publisher,,,bwc-recorded; bwc-livestream; body-worn-camera-unspecified; in-car-video-recorded; in-car-video-unspecified,derived_summary,pass,catalog API 200 2026-09-30T18:21:15Z (dataset endpoint not fetched),I1:class=BWC(1/1 hosted),"Federal, structured index of BWC policy and implementation documents by state; could seed a policy-document lane that Atlas deployment rows lack."
I4-C277,NOPD Body Worn Camera Metadata,https://data.nola.gov/d/qarb-kkbj,City of New Orleans Police Department (data.nola.gov),gov-open-data,T23,US-LA:New Orleans,"one agency, per-video metadata since 2016 (catalog metadata, I4-Q154)",socrata,"monthly (basis: description 'This dataset is updated monthly', updatedAt 2026-08-01, I4-Q154)","unknown rows (not read); 15 columns incl. status, duration_seconds, deletion_type, evidence_id, title, police_district, created_date_record_start, date_deleted, size_mb, latitude, longitude",Socrata licence field (catalog record),Creative Commons 1.0 Universal (Public Domain Dedication),guess:CC0-1.0,bytes=likely-open; facts=likely-open; derived=likely-open,residential-intersection; free-text-narrative; operator-identifier(suspected: evidence_id/id_external),origin,new,new:socrata (aggregate-only transform),2026-09-30T18:21:15Z,I4-Q154,live-read,"out-of-cell→I5 (place-anchored, New Orleans). Rows NEVER read. Per-recording lat/long of police encounters can resolve to residences; 'title' is free text. Only an aggregate lane is admissible (recordings/month by district, retention/deletion-type counts, storage volume) as BWC usage/retention-in-practice evidence. operators=police",I4-T23-C05-G0,target,,,bwc-recorded,independent_account,block,catalog API 200 2026-09-30T18:21:15Z (dataset not fetched),I1:class=BWC(1/1 hosted); I1:city=New Orleans,"Rare agency-published BWC usage/retention telemetry (monthly, CC0); valuable only as aggregates - raw per-video points are blocked."
I4-C280,ICE 287(g) Participating Agencies (XLSX),https://www.ice.gov/doclib/about/offices/ero/287g/participatingAgencies09282026.xlsx,"U.S. Immigration and Customs Enforcement, ERO",statutory-report,T28,US,"~2,597 agreement rows across 49 states + blank; TFM 1,849 / WSO 564 / JEM 184 (live-read I4-F206)",bulk-file,"irregular (basis: date-stamped filename participatingAgencies09282026 two days before retrieval; frequent re-issue - weekly-or-faster suspected, verify by polling)","2,608 sheet rows incl. header (~10 blank); 8 columns STATE, LAW ENFORCEMENT AGENCY, TYPE, COUNTY, SUPPORT TYPE, SIGNED, MOA, ADDENDUM","https://www.ice.gov/site-policies (linked, not fetched)",NONE-FOUND,guess:LicenseRef-PublicDomain-USGov-17USC105,bytes=likely-open; facts=likely-open; derived=likely-open,none-observed,origin,new,new:ice_287g_list (xlsx; landing-page link discovery because filename changes each issue),2026-09-30T18:14:57Z,I4-Q146;I4-F205;I4-F206;I4-F252,live-read,"Schema inspected only (no person fields; agency-level). Data quality: trailing-space variants in TYPE/SUPPORT TYPE ('County ' 200, 'Jail Enforcement Model ' 18). MOA/ADDENDUM columns likely point to executed agreements (check link format at I7). Landing page also offers fillable MOA templates (template != executed instrument). 287(g) is a federal-local enforcement delegation with ICE database access - operator-role/sharing edge rather than a device. operators=sheriff;police;state-police;county | integrator QA I4-F252: landing page links participatingAgencies09282026.xlsx (confirmed)",I4-T28-C16-G0,publisher,FAM-287G,,(cross-family T28; proposed relation: federal-enforcement-delegation / data-access edge),independent_account,pass,200 GET 2026-09-30T18:14:47Z (landing) / 18:14:57Z (xlsx),NEW-T28,"Authoritative, frequently re-issued national roster of ~2,600 local/state agencies holding ICE delegation agreements (with model type and signing date); closes the T28 zero-source gap in one file."
I4-C281,ICE 287(g) monthly encounter reports (monthlyEncounter_<Mon><YYYY>.pdf; FY2020-21 encounterReport series),https://www.ice.gov/identify-and-arrest/287g,"U.S. Immigration and Customs Enforcement, ERO",statutory-report,T28,US,monthly PDFs Jan 2025 - Sep 2026 plus Oct 2019 - Jan 2021 series linked (live-read I4-F205); contents not read,pdf,"monthly (basis: consecutive monthly filenames on landing page, I4-F205)","~21 recent + ~16 historic monthly PDFs (link count, I4-F205)","https://www.ice.gov/site-policies (linked, not fetched)",NONE-FOUND,guess:LicenseRef-PublicDomain-USGov-17USC105,bytes=likely-open; facts=likely-open; derived=undetermined,person-level-enforcement(suspected; not read),origin,new,new:ice_287g_list (pdf series),2026-09-30T18:14:47Z,I4-Q146;I4-F205,live-read,Not opened (fetch cap). Expected aggregate encounter counts per participating agency - must be schema-checked before any use; any nationality/person-level breakdown -> block. Aggregate-only lane at most. operators=sheriff;police,I4-T28-C16-G0,publisher,FAM-287G,,(cross-family T28),independent_account,flag,landing 200 GET 2026-09-30T18:14:47Z; PDFs not fetched,NEW-T28,Monthly per-agency activity measure for 287(g) partners (if aggregate as expected) - usage evidence beyond the roster.
I4-C300,Law Enforcement Drone Flight Log,https://drones.ahdatalytics.com/,AH Datalytics,other,T14;T29,US,"196 agency dashboards read across 5 source families: Skydio 102, Flock Aerodome 68, AirData 20, Motorola CAPE 5, SFPD open data 1 (sum computed from F221 verbatim per-source counts; live-read)",html,"monthly (site states ""This is a monthly snapshot, not a live feed""; ""Collected Sep 7, 2026""; F221)","flight-level records; search-lead counts (Skydio 102,052; Aerodome 99,492; AirData 77,211 flights) not verified at origin — lead only",NONE-FOUND(checked: https://drones.ahdatalytics.com/about),NONE-FOUND,guess:LicenseRef-AHDatalytics-unstated,bytes=undetermined; facts=likely-open; derived=undetermined,residential-intersection;free-text-narrative,derived-from:I4-C301;I4-C302;I4-C303,new,"new:html-snapshot (or its public repository, unverified)",2026-09-30T18:09:08Z,I4-Q156;I4-F221;I4-F253;I4-F255,live-read,"Site says ""each collection is committed to a public repository"" (repo URL not captured). Per-source detail per F221: Flock rows carry call type, agency case number, priority and block-level address (Flock Aerodome = out-of-cell→I3 T29; do not ingest via this row); AirData gives flight counts but no hours; SFPD open data date-only. SFPD open-data drone flights = place-anchored target (out-of-cell→I5/A_uas). operators=police;sheriff. access=public html. Treat as a discovery index for vendor dashboards, not a primary source. | integrator QA I4-F253/F255: per-source counts confirmed verbatim; 'Updated monthly. Date of last update: Sep 7, 2026'; no licence statement found on home or about page -> rights undetermined",I4-TRES-C01-G0,channel,FAM-G-DFR-TRANSPARENCY,Skydio;Flock Safety;AirData UAV;Motorola Solutions (CAPE);BRINC,drone-as-first-responder;uas-general,derived_summary,flag,200 GET 2026-09-30T18:09:08Z (WebFetch); robots=not-read,I1#8,"First cross-vendor index of public DFR flight-activity dashboards (~196 agencies), turning I1#8 drone coverage from Atlas snapshots into agency-level operating evidence; use it to enumerate origin dashboards."
I4-C301,Skydio DFR Command Transparency Dashboards,https://cloud.skydio.com/dashboard/wichita,"Skydio, Inc. (vendor-hosted, agency-configured)",vendor-portal,T14,US,"102 agencies per aggregator F221 (derived count; live-read of derived source); 1 target exemplar verified (Wichita, F240)",other,"realtime (inference: dashboard per flight; vendor states date/time always public, F226)","per-agency flight lists; volume unknown at origin (JS app, no server-side content in F240)","NONE-FOUND(checked: https://www.skydio.com/software/dfr-command, https://cloud.skydio.com/dashboard/wichita)",NONE-FOUND,guess:LicenseRef-Skydio-ToS-unretrieved,bytes=undetermined; facts=likely-open; derived=undetermined,residential-intersection,origin,new,new:js-app (API undocumented; needs rights + technical review),2026-09-30T18:09:55Z,I4-Q167;I4-F226;I4-F240;I4-F221,live-read,"The vendor states (F226): ""Flight date, time, path, and mission purpose"" can be published; ""Agencies choose what is published. Date and time are always public. Location detail and incident information are set by the agency."" URL pattern cloud.skydio.com/dashboard/<agency> (inference from the Wichita example). F240 renders only ""Skydio Cloud"" without JS. operators=police. Named in vendor page: Lakewood PD (testimonial), Wichita PD (dashboard). Flight paths over homes -> residential-intersection; aggregate to agency/month.",I4-TRES-C01-G0,channel,FAM-G-DFR-TRANSPARENCY,Skydio,drone-as-first-responder;uas-general,independent_account,flag,200 GET 2026-09-30T18:11:50Z (JS shell); vendor page 200 2026-09-30T18:09:55Z,I1#8,Largest vendor-hosted DFR transparency channel (~102 agencies) giving agency-level programme existence and activity that SIG today holds only via Atlas drone rows.
I4-C302,AirData UAV Public Portal (public flight logs),https://app.airdata.com/u/cvpd,"AirData UAV (vendor-hosted, agency-configured)",vendor-portal,T14,US,"20 agencies per aggregator F221 (derived); vendor names 3 (Chula Vista PD, Sacramento PD, Las Vegas Metro PD) in F225",other,unknown (per-flight portal; basis F225 vendor description),unknown at origin (portals not fetched),NONE-FOUND(checked: https://airdata.com/blog/2024/airdata-uav-expands-public-facing-features-to-advance-law-enforcement-transparency),NONE-FOUND,guess:LicenseRef-AirData-ToS-unretrieved,bytes=undetermined; facts=likely-open; derived=undetermined,residential-intersection,origin,new,new:js-app,2026-09-30T18:09:29Z,I4-Q156;I4-F225,live-read,"The vendor states (F225, post dated 2024-03-05) viewers can ""search for missions by address or time period"" with ""transparent access to public safety flight paths and locations"". Example portals: app.airdata.com/u/cvpd, /u/spduas, /u/lvmpd (not fetched; target verification owed). Search lead (not fetched): AirData-BRINC integration 2026 auto-captures BRINC Lemur 2/Responder flights. operators=police. Chula Vista/Sacramento/LVMPD targets = place-anchored (I5/A_uas may own).",I4-TRES-C01-G0,channel,FAM-G-DFR-TRANSPARENCY,AirData UAV;BRINC,drone-as-first-responder;uas-general,independent_account,flag,200 GET 2026-09-30T18:09:29Z (vendor blog); portals not reached (fetch cap),I1#8,Second vendor-neutral flight-log channel (flight paths searchable by address) for DFR agencies incl. BRINC fleets; closes I1#8 for agencies not on Skydio.
I4-C304,Verra Mobility Corp — Form 10-K for fiscal 2025 (accession 0001193125-26-067293),https://www.sec.gov/Archives/edgar/data/1682745/000119312526067293/vrrm-20251231.htm,Verra Mobility Corporation (via SEC EDGAR),statutory-report,T09,US;ISO:CA;ISO:AU,1 of 9 Verra 10-K/10-K/A filings FY2018-FY2025 in EDGAR FTS hits (I4-Q159; live-read),html,annual (10-K; basis FTS hits one per fiscal year),"1 filing (5,012,463-byte primary doc + XBRL zip 599,908 bytes; F227)",NONE-FOUND(checked: https://www.sec.gov/Archives/edgar/data/1682745/000119312526067293/),NONE-FOUND,guess:LicenseRef-SEC-public-filing,bytes=undetermined; facts=likely-open; derived=likely-open,none-observed,origin,new,new:sec-edgar (EDGAR FTS + Archives),2026-09-30T18:10:20Z,I4-Q159;I4-F227;I4-F230,live-read,"The vendor states (F230): Government Solutions ""generated approximately $460.7 million in revenue for 2025, or approximately 47% of our 2025 total revenue""; services for ""red-light, speed, school bus, and city bus lanes""; ""NYCDOT represented approximately 17.9% and 15.8% of our total revenues for the years ended December 31, 2025 and 2024"". Camera/programme counts not found in the fetcher rendering of the Business section (weak negative; 5MB doc may be truncated — re-read XBRL/segment notes). operators=dot;police;school-district. Semantic guard: revenue share is not a deployment count. | integrator: EDGAR family (A C026, B C082, D C153, G C304/C305) = one new:sec_edgar_fts connector; no EDGAR source is registered (I4-L083)",I4-TRES-C02-G0,target,FAM-G-EDGAR-ATE,Verra Mobility,ate-speed-camera(proposed);ate-red-light-camera(proposed);ate-bus-lane-camera(proposed);ate-school-bus-camera(proposed) [family traffic-enforcement (proposed); provisional fixed-camera-unspecified],independent_account,pass,200 GET 2026-09-30T18:10:20Z (WebFetch),NEW-8;I1#7,"First structured, annual, national disclosure for automated traffic enforcement (the zero-concept class NEW-8): the dominant US ATE vendor names its largest programme (NYCDOT) and segment scale."
I4-C305,"SEC EDGAR full-text search — ATE vendor 10-K disclosures (""photo enforcement"")",https://efts.sec.gov/LATEST/search-index?q=%22photo%20enforcement%22&forms=10-K,U.S. Securities and Exchange Commission (EDGAR),statutory-report,T09,US,"54 hits / 9 filers (Verra Mobility, Conduent, Rekor, Brekford, Cobra Electronics, ACS, Nestor, Xerox) for one phrase (I4-Q159; live-read)",api,daily (EDGAR filings; basis EFTS index),"54 10-K/10-K/A documents for ""photo enforcement"" (FTS hit count)",NONE-FOUND(checked: https://efts.sec.gov/LATEST/search-index?q=%22photo%20enforcement%22&forms=10-K),NONE-FOUND,guess:LicenseRef-SEC-public-filing,bytes=undetermined; facts=likely-open; derived=likely-open,none-observed,origin,new,new:sec-edgar-fts,2026-09-30T18:07:46Z,I4-Q159,live-read,"Channel row for FAM-G-EDGAR-ATE. Conduent 10-Ks FY2020-FY2023 (accessions 0001677703-21-000016, -22-000015, -23-000011, -24-000037) cover its ATE/curbside business before divestiture (divestiture itself = inference, unverified). Rekor FY2021 10-K (0001437749-22-007845) is ALPR-primary (vendor-only rule -> T01, I3) — tagged out-of-cell→I3. Historic filers (Nestor 2005, ACS 2003, Brekford 2013, Xerox 2013) = baseline/time-window only. Non-US ATE vendors (Jenoptik, Sensys Gatso) do not file 10-Ks (inference). Suggest extra FTS phrases: ""school zone speed"", ""red-light camera"", ""bus lane"" (not run: efts cap). | integrator: EDGAR family (A C026, B C082, D C153, G C304/C305) = one new:sec_edgar_fts connector; no EDGAR source is registered (I4-L083)",I4-TRES-C02-G0,channel,FAM-G-EDGAR-ATE,Verra Mobility;Conduent;Rekor Systems;Brekford;Nestor;Affiliated Computer Services;Xerox;Cobra Electronics,ate-speed-camera(proposed);ate-red-light-camera(proposed);ate-bus-lane-camera(proposed);ate-school-bus-camera(proposed) [family traffic-enforcement (proposed); provisional fixed-camera-unspecified],independent_account,pass,200 GET 2026-09-30T18:07:46Z (WebFetch of documented EFTS API),NEW-8;I1#7,Repeatable national API channel for ATE vendor disclosures (no SEC source is registered today); gives a time series FY2003-FY2025 for a class SIG has no concept for.
I4-C307,"Oakland Police Department Shotspotter Data 2013-2015 (PRR 11288 release, 5 datasets)",https://data.oaklandca.gov/browse?q=shotspotter,City of Oakland (attribution: Oakland Police Department),gov-open-data,T13,US-CA:Oakland,5 datasets covering 2013-01-01..2014-12-31 and four 2015 windows (Jul-Oct 2015) (titles; Socrata discovery I4-Q160),socrata,"static (created 2015-10-19, updated 2019-04-23; discovery metadata)",unknown row counts (not read; alert-level),https://api.us.socrata.com/api/catalog/v1?q=shotspotter&limit=50 (metadata.license),"license: ""Open Data Commons Public Domain Dedication and License""",guess:PDDL-1.0,bytes=likely-open; facts=likely-open; derived=likely-open,residential-intersection,origin,new,catalog:socrata,2026-09-30T18:07:46Z,I4-Q160,live-read,"Family row; targets I4-C318..I4-C322. Descriptions read ""PRR 11288 Shotspotter Data"" -> records-release published on open data. Columns include CAD, Type, Rnds, Beat, Location 1 (address) -> alert addresses: never ingest rows; beat/month aggregates only. Historical baseline (pre-2022). operators=police.",I4-TRES-C03-G0,family,FAM-G-OAK-GSD,SoundThinking (ShotSpotter),gunshot-detection-fixed,independent_account,flag,200 GET 2026-09-30T18:07:46Z (Socrata discovery API; datasets themselves not fetched),I1#8,Rare PDDL-licensed agency-origin GSD record (historical baseline) for a city (Oakland) where SIG GSD evidence is Atlas-only.
I4-C308,"Portland City Auditor — Audit Services audit reports (exemplar: ""Police Intelligence-Gathering and Surveillance: Better management needed to protect civil rights"", 2022-04-06)",https://www.portland.gov/audit-services/audit-reports,"City of Portland, OR — Office of the City Auditor, Audit Services",statutory-report,T20;T22,US-OR:Portland,1 police surveillance audit in a listing spanning 2013-2026 (F238; live-read),html,"irregular (audit programme; listing by year with RSS ""Subscribe to Reports""; F238)",listing paginated 20/page (page count not read),https://www.portland.gov/audit-services/audit-reports,"""© Copyright 2018-2026"" (site footer)",guess:LicenseRef-PortlandOR-copyright,bytes=likely-restricted; facts=likely-open; derived=undetermined,free-text-narrative,origin,new,new:html-listing+rss,2026-09-30T18:11:29Z,I4-Q157;I4-F237;I4-F238,live-read,"Exemplar report URL https://www.portland.gov/auditor/audit-services/news/2022/4/6/police-intelligence-gathering-and-surveillance-better (not fetched). Per journalism (F237, lead-grade): finding ""Officers use social media for investigative purposes without direction""; five recommendations incl. one to publish a report on surveillance-technology deployment. Channel = municipal auditor/IG report series (national analogues: NYC DOI OIG-NYPD, Seattle OIG — leads). operators=police. registry: portland_or exists for other lanes (I1 table) — no auditor source matched.",I4-TRES-C04-G0,publisher,FAM-G-AUDITOR-SMM,,social-media-monitoring;osint-monitoring-unspecified,independent_account,flag,200 GET 2026-09-30T18:11:29Z (WebFetch),I1#7;I1#4,"Independent oversight evidence of police SMM practice (a zero-channel class, I1#7) from an auditor with a recurring, RSS-subscribable report series."
I4-C309,NYC Government Publications Portal record pv63g4052 (lead: DOI OIG-NYPD report on NYPD social-media policies),https://a860-gpp.nyc.gov/concern/nyc_government_publications/pv63g4052,City of New York — Department of Records and Information Services (portal); issuer per lead: NYC DOI Office of the Inspector General for the NYPD,statutory-report,T20,US-NY:New York,unknown (403),other,unknown,unknown,NONE-FOUND(checked: https://a860-gpp.nyc.gov/concern/nyc_government_publications/pv63g4052 -> 403),NONE-FOUND,guess:LicenseRef-unknown,bytes=undetermined; facts=undetermined; derived=undetermined,free-text-narrative,origin,new,new:unknown,2026-09-30T18:09:08Z,I4-Q157;I4-F222,live-read,"LEAD-ONLY. access=403 at 2026-09-30T18:09:08Z; host stopped; no mirror used. Search-snippet lead (not evidence): OIG-NYPD report on NYPD social-media use by executives, 2024. The same portal also hosts NYPD Operations Order 34 (online alias rules) per another lead. The GPP is NYC's statutory depository for agency publications (inference) — a channel if access permits.",I4-TRES-C04-G0,channel,FAM-G-AUDITOR-SMM,,social-media-monitoring,independent_account,flag,403 GET 2026-09-30T18:09:08Z,I1#7,"If reachable, the NYC depository is a structured channel for IG oversight of NYPD SMM; recorded as blocked lead."
I4-C310,Electronic Monitoring Fees: A 50-State Survey of the Costs Assessed to People on E-Supervision,https://finesandfeesjusticecenter.org/articles/electronic-monitoring-fees-a-50-state-survey-of-the-costs-assessed-to-people-on-e-supervision/,Fines and Fees Justice Center,ngo,T24,US,51 of 51 jurisdictions (50 states + DC) surveyed (F228; live-read),pdf,static (published 2022-09-14; F228),1 report (PDF) with per-state statutory findings,NONE-FOUND(checked: https://finesandfeesjusticecenter.org/articles/electronic-monitoring-fees-a-50-state-survey-of-the-costs-assessed-to-people-on-e-supervision/),NONE-FOUND,guess:LicenseRef-FFJC-all-rights-reserved,bytes=likely-restricted; facts=likely-open; derived=undetermined,none-observed,derived-from:state statutes and court rules (51 jurisdictions),new,new:pdf-extract (one-off),2026-09-30T18:09:55Z,I4-Q161;I4-F228,live-read,"Per F228: ""43 states have statutes or rules explicitly authorizing fees for electronic monitoring""; ""Only 2 states expressly prohibit the use of EM fees, at least at some stages""; ""6 states and the District of Columbia lack statutory authority for EM fees at any point"". Covers authorisation/fees, NOT counts of people or vendors, NOT reporting duties. Use as enumeration shortlist of state EM statutes (verify at origin). Negative: no 50-state inventory of EM reporting duties surfaced in the probe. operators=sheriff;state-police (court/probation — not in facet list).",I4-TRES-C04-GS,channel,,,electronic-monitoring-ankle;electronic-monitoring-unspecified,derived_summary,pass,200 GET 2026-09-30T18:09:55Z (WebFetch),I1#4;I2:T24-no-hosted-source,First 51-jurisdiction legal inventory for electronic monitoring (T24 has zero SIG sources) — the inventory-first seed for a state EM enumeration.
I4-C311,SFPD Department General Order 6.21 — Investigative Social Media Accounts (eff. 06/16/23),https://www.sanfranciscopolice.org/sites/default/files/2023-06/SFPD_DGO_6.21_20230630.pdf,San Francisco Police Department,other,T20,US-CA:San Francisco,1 agency policy (6 pages; F239),pdf,irregular (DGO revisions; this version eff. 06/16/23),"1 document, 6 pages","NONE-FOUND(checked: https://www.sanfranciscopolice.org/sites/default/files/2023-06/SFPD_DGO_6.21_20230630.pdf, https://sf.gov/resource/2023/department-general-order-investigative-social-media-accounts)",NONE-FOUND,guess:LicenseRef-SF-public-record,bytes=undetermined; facts=likely-open; derived=undetermined,none-observed,origin,new,new:pdf-policy (or sfgov policy index),2026-09-30T18:11:29Z,I4-Q158;I4-F223;I4-F239;I4-L086,live-read,"Purpose (F239): ""to establish the policy and procedures for the approval, use, and oversight of investigative social media accounts in criminal investigations""; oversight: ""On a semiannual basis, the Captain of Strategic Investigations, or their designee, shall conduct a documented review of all accounts"" (internal; no public count found). Exemplar of T20 policy channel; other exemplars (leads only): Albany NY GO 2505, MPDC 1.8 Social Media, NYPD Ops Order 34, Rosenberg TX GO 208, Geneva NY GO 307; SFPD Airport Bureau order 2023-04-20. operators=police. Policy docs are often on PowerDMS (related:powerdms_public_portals).",I4-TRES-C05-G0,target,,,social-media-monitoring;osint-monitoring-unspecified,independent_account,pass,200 GET 2026-09-30T18:11:29Z (PDF),I1#7;NEW-8,Agency-origin evidence that a large department runs a governed investigative-social-media programme — first SMM policy row for a zero-channel class.
I4-C312,Michigan State Police Official Order No. 07-09 — Cellebrite Data Extraction Policy (eff. 2022-09-01),https://public.powerdms.com/MSP1917/documents/2066379,Michigan State Police (via PowerDMS public portal MSP1917),other,T19,US-MI,1 statewide agency policy (3 pages; F229),pdf,irregular (supersedes Temporary Department Policy 22-11 dated 2022-06-08),"1 document, 3 pages",NONE-FOUND(checked: https://public.powerdms.com/MSP1917/documents/2066379),NONE-FOUND,guess:LicenseRef-MI-public-record,bytes=undetermined; facts=likely-open; derived=undetermined,none-observed,origin,related:powerdms_public_portals,records:powerdms (registered gated platform),2026-09-30T18:09:55Z,I4-Q162;I4-F229;I4-L085,live-read,"Per F229: ""establishes policy to direct members in the training, usage, and maintenance of Cellebrite data extraction devices and software""; procurement of forensic recovery devices approved by the Cyber Section, ""make, model, and serial number must be reported to the Cyber Section ... for inventory purposes"" (an internal inventory = records-acquisition lead); per-use eAICS report includes agency ORI and device owner identity (person-level: never request/ingest those reports; aggregate counts only). PowerDMS tenant MSP1917 = the MSP public manual (state-level policy channel). operators=state-police.",I4-TRES-C05-GS,target,,Cellebrite,extraction-logical;extraction-physical;mobile-forensics-unspecified,independent_account,pass,200 GET 2026-09-30T18:09:55Z (PDF via PowerDMS public link),I1#7;NEW-8,State-agency-origin proof of a statewide Cellebrite deployment with a named internal device inventory — mobile forensics is a zero-channel class (I1#7).
I4-C313,City Council Meeting Summary: Approves Red Light Camera Enforcement Equipment & Body-Worn Camera Contracts ... (2024-09-27),https://content.govdelivery.com/accounts/CACULVER/bulletins/3b85fae,"City of Culver City, CA (via GovDelivery)",agenda,T09;T23,US-CA:Culver City,12 intersections (F231),html,irregular (per council meeting),1 bulletin,NONE-FOUND(checked: https://content.govdelivery.com/accounts/CACULVER/bulletins/3b85fae),NONE-FOUND,guess:LicenseRef-CulverCity-public-record,bytes=undetermined; facts=likely-open; derived=undetermined,none-observed,"derived-from:Culver City Legistar staff report (linked, not fetched)",related:legistar,agenda:legistar (tenant culver_city_ca already enumerated in agenda_tenants.toml:1779),2026-09-30T18:10:20Z,I4-Q163;I4-F231,live-read,"Per F231: ""City Council unanimously approved a five-year agreement with Verra Mobility"" NTE ""$4,554,000""; ""12 intersections""; 2023: 41,573 citations from all 12 intersections; same meeting approved a body-worn camera contract (T23). Tenant already enumerated -> value is the ATE vocabulary gap (I4-C314), not a new tenant. Other exemplars (leads only): Modesto CA (Verra, $3,691,891/5y, 10 intersections), Providence RI (Verra), Charles City IA (Altumint), Minneapolis MN. operators=police;dot.",I4-TRES-C07-G0,target,FAM-G-AGENDA-ATE,Verra Mobility,ate-speed-camera(proposed);ate-red-light-camera(proposed);ate-bus-lane-camera(proposed);ate-school-bus-camera(proposed) [family traffic-enforcement (proposed); provisional fixed-camera-unspecified];bwc-recorded,derived_summary,pass,200 GET 2026-09-30T18:10:20Z (WebFetch),NEW-8;I1#7,"Proves council agendas carry ATE contract facts (vendor, term, NTE, intersection count, citation totals) in an already-enumerated tenant — the gap is classifier vocabulary, not access."
I4-C315,City of West Palm Beach RFP 25.26.200 SS — Speed Detection Camera System for School Zones,https://www.wpb.org/Bids/RFP-25.26.200-SS-Speed-Detection-Camera-System-for-School-Zones,"City of West Palm Beach, FL — Procurement Division",procurement,T09,US-FL:West Palm Beach,"1 solicitation (F232); FL/GA school-zone RFP wave of >=7 (leads, I4-Q164)",html,irregular (per solicitation),1 solicitation page; documents on DemandStar,NONE-FOUND(checked: https://www.wpb.org/Bids/RFP-25.26.200-SS-Speed-Detection-Camera-System-for-School-Zones),NONE-FOUND,guess:LicenseRef-FL-public-record,bytes=undetermined; facts=likely-open; derived=undetermined,none-observed,origin,related:demandstar,"procurement:demandstar (registered, gated)",2026-09-30T18:10:20Z,I4-Q164;I4-F232,live-read,"Per F232: closing ""May 15, 2026, 3:00 PM""; seeks firms to ""furnish, install, maintain and operate a school zone speed detection camera system and program for school zones within the City""; ""The City does not post procurement solicitations on other third-party sites ... other than DemandStar."" Semantic guard: a solicitation is not an award. Other exemplars (leads only): New Port Richey FL RFP25-020, Charlotte County FL, Gwinnett County GA RP018-26, Brunswick GA, Dallas GA ITB 2024-08, Berwyn Heights MD (RFP released 2025-12-29), Orting WA. operators=police;school-district.",I4-TRES-C09-G0,target,,,ate-speed-camera(proposed);ate-red-light-camera(proposed);ate-bus-lane-camera(proposed);ate-school-bus-camera(proposed) [family traffic-enforcement (proposed); provisional fixed-camera-unspecified],independent_account,pass,200 GET 2026-09-30T18:10:20Z (WebFetch),NEW-8;I1#6,"Shows ATE procurement flows through an already-registered bid platform (DemandStar) — a keyword configuration, not a new connector, would capture the FL/GA school-zone camera wave."
I4-C316,"OpenStreetMap highway=speed_camera nodes and enforcement relations (US, via Geofabrik taginfo)",https://taginfo.geofabrik.de/north-america:us/tags/highway=speed_camera,OpenStreetMap contributors (stats: Geofabrik taginfo),crowdsourced,T09,US,"US highway=speed_camera nodes 1,383; enforcement values: traffic_signals 411, red_light_camera 236 (non-standard value), maxspeed 200, ""traffic signals"" 139 (data_until 2026-09-29T20:22:51Z; F233/F234 live-read)",api,daily (taginfo data_until; basis F233),"~1,383 nodes + ~1,000 enforcement relations (sum of top values, computed)",NONE-FOUND(checked: F233/F234 JSON carry no licence field),NONE-FOUND,guess:ODbL-1.0,bytes=likely-restricted; facts=likely-open; derived=undetermined,none-observed,origin,related:osm_taginfo;related:osm_overpass,osm:overpass (existing; add highway=speed_camera + type=enforcement query),2026-09-30T18:10:39Z,I4-Q165;I4-F233;I4-F234,live-read,"ODbL compartment rules apply (registry osm_copyright). Strip OSM user/uid metadata as the existing osm parser does. Crowdsourced commercial alternatives seen as leads only (PhantomAlert, Njection, HERE Safety Cameras) = proprietary/PAID, not captured. ATE is not surveillance-tagged in OSM (man_made=surveillance path registered) — this is a separate tag family. Coverage is partial vs official city layers (registered camreg_chicago_il, camreg_baltimore_atves_md, Arlington, PG County).",I4-TRES-C15-G0,channel,,,ate-speed-camera(proposed);ate-red-light-camera(proposed);ate-bus-lane-camera(proposed);ate-school-bus-camera(proposed) [family traffic-enforcement (proposed); provisional fixed-camera-unspecified],independent_account,pass,200 GET 2026-09-30T18:10:32Z and 18:10:39Z (curl),NEW-8;I1#7,"Only nationwide device-level ATE location layer (1,383 speed cameras + red-light enforcement relations) reachable through an already-registered OSM connector."
I4-C317,"Law Enforcement Management and Administrative Statistics Body-Worn Camera Supplement (LEMAS-BWCS), 2016 (ICPSR 37302)",https://www.icpsr.umich.edu/web/NACJD/studies/37302,U.S. DOJ Bureau of Justice Statistics (archive: ICPSR/NACJD),gov-open-data,T23,US,"nationally representative sample of general-purpose agencies (size per search lead ~5,000 / 3,928 responded — unverified); collection confirmed by BJS notice (F235)",other,static (one-time 2016 supplement; FR notice 2015-21400),unknown (agency-level microdata; not reached),"NONE-FOUND(checked: https://bjs.ojp.gov/announcement/bjs-announces-60-day-notice-for-proposed-new-collection-body-worn-camera-supplement-to-the-law-enforcement-management-and-administrative-statistics-lemas-survey, catalog.data.gov package_show -> 404)",NONE-FOUND,guess:LicenseRef-ICPSR-terms-of-use,bytes=likely-restricted; facts=likely-open; derived=undetermined,none-observed,origin,new,new:icpsr (login) — cf. leaic_crosswalk precedent,2026-09-30T18:11:04Z,I4-Q166;I4-F235;I4-F236,live-read,"LEAD-ONLY: ICPSR download requires login = operator action (R3). F235 (2015-11-05): ""Body Worn Camera Supplement (BWCS) to the Law Enforcement Management and Administrative Statistics (LEMAS) Survey"", FR doc 2015-21400. data.gov CKAN package_show 404 (F236). BJS publication ""Body-Worn Cameras in Law Enforcement Agencies, 2016"" (bwclea16.pdf) = aggregate-table lead, not fetched. Semantic guard: a 2016 survey is not current. Multi-class LEMAS core = I6 lane. operators=police;sheriff;state-police.",I4-TRES-C16-G0,channel,,,body-worn-camera-unspecified,independent_account,pass,200 GET 2026-09-30T18:11:04Z (BJS notice); 404 catalog.data.gov API; ICPSR not attempted (login),I1§2.2:BWC-1-hosted-source,"Only nationally representative agency-level BWC adoption baseline (2016); would calibrate Atlas BWC rows (5,470) but needs an operator ICPSR login."
I4-C318,Shotspotter Data 1-1-13 To 12-31-14,https://data.oaklandca.gov/d/tjvx-uwhe,City of Oakland (attribution: Oakland Police Department),gov-open-data,T13,US-CA:Oakland,1 of 5 family datasets (discovery; live-read),socrata,static (updated 2019-04-23),unknown (rows not read),https://api.us.socrata.com/api/catalog/v1?q=shotspotter&limit=50 (metadata.license),"license: ""Open Data Commons Public Domain Dedication and License""",guess:PDDL-1.0,bytes=likely-open; facts=likely-open; derived=likely-open,residential-intersection,origin,new,catalog:socrata,2026-09-30T18:07:46Z,I4-Q160,live-read,Target of FAM-G-OAK-GSD; metadata via discovery only; 4x4=tjvx-uwhe.,I4-TRES-C03-G0,target,FAM-G-OAK-GSD,SoundThinking (ShotSpotter),gunshot-detection-fixed,independent_account,flag,discovery 200 2026-09-30T18:07:46Z,I1#8,Member of the Oakland GSD historical family (see I4-C307).
I4-C319,Shotspotter Data 9-16-15 To 10-6-15,https://data.oaklandca.gov/d/5twe-qh79,City of Oakland (attribution: Oakland Police Department),gov-open-data,T13,US-CA:Oakland,1 of 5 family datasets (discovery; live-read),socrata,static (updated 2019-04-23),unknown (rows not read),https://api.us.socrata.com/api/catalog/v1?q=shotspotter&limit=50 (metadata.license),"license: ""Open Data Commons Public Domain Dedication and License""",guess:PDDL-1.0,bytes=likely-open; facts=likely-open; derived=likely-open,residential-intersection,origin,new,catalog:socrata,2026-09-30T18:07:46Z,I4-Q160,live-read,Target of FAM-G-OAK-GSD; metadata via discovery only; 4x4=5twe-qh79.,I4-TRES-C03-G0,target,FAM-G-OAK-GSD,SoundThinking (ShotSpotter),gunshot-detection-fixed,independent_account,flag,discovery 200 2026-09-30T18:07:46Z,I1#8,Member of the Oakland GSD historical family (see I4-C307).
I4-C320,Shotspotter Data 7-15-15 To 8-1-15,https://data.oaklandca.gov/d/qxis-wkhs,City of Oakland (attribution: Oakland Police Department),gov-open-data,T13,US-CA:Oakland,1 of 5 family datasets (discovery; live-read),socrata,static (updated 2019-04-23),unknown (rows not read),https://api.us.socrata.com/api/catalog/v1?q=shotspotter&limit=50 (metadata.license),"license: ""Open Data Commons Public Domain Dedication and License""",guess:PDDL-1.0,bytes=likely-open; facts=likely-open; derived=likely-open,residential-intersection,origin,new,catalog:socrata,2026-09-30T18:07:46Z,I4-Q160,live-read,Target of FAM-G-OAK-GSD; metadata via discovery only; 4x4=qxis-wkhs.,I4-TRES-C03-G0,target,FAM-G-OAK-GSD,SoundThinking (ShotSpotter),gunshot-detection-fixed,independent_account,flag,discovery 200 2026-09-30T18:07:46Z,I1#8,Member of the Oakland GSD historical family (see I4-C307).
I4-C321,Shotspotter Data 8-16-15 To 9-15-15,https://data.oaklandca.gov/d/45hc-hrd3,City of Oakland (attribution: Oakland Police Department),gov-open-data,T13,US-CA:Oakland,1 of 5 family datasets (discovery; live-read),socrata,static (updated 2019-04-23),unknown (rows not read),https://api.us.socrata.com/api/catalog/v1?q=shotspotter&limit=50 (metadata.license),"license: ""Open Data Commons Public Domain Dedication and License""",guess:PDDL-1.0,bytes=likely-open; facts=likely-open; derived=likely-open,residential-intersection,origin,new,catalog:socrata,2026-09-30T18:07:46Z,I4-Q160,live-read,Target of FAM-G-OAK-GSD; metadata via discovery only; 4x4=45hc-hrd3.,I4-TRES-C03-G0,target,FAM-G-OAK-GSD,SoundThinking (ShotSpotter),gunshot-detection-fixed,independent_account,flag,discovery 200 2026-09-30T18:07:46Z,I1#8,Member of the Oakland GSD historical family (see I4-C307).
I4-C322,Shotspotter Data 8-1-15 To 8-31-15,https://data.oaklandca.gov/d/w77u-8dmu,City of Oakland (attribution: Oakland Police Department),gov-open-data,T13,US-CA:Oakland,1 of 5 family datasets (discovery; live-read),socrata,static (updated 2019-04-23),unknown (rows not read),https://api.us.socrata.com/api/catalog/v1?q=shotspotter&limit=50 (metadata.license),"license: ""Open Data Commons Public Domain Dedication and License""",guess:PDDL-1.0,bytes=likely-open; facts=likely-open; derived=likely-open,residential-intersection,origin,new,catalog:socrata,2026-09-30T18:07:46Z,I4-Q160,live-read,Target of FAM-G-OAK-GSD; metadata via discovery only; 4x4=w77u-8dmu.,I4-TRES-C03-G0,target,FAM-G-OAK-GSD,SoundThinking (ShotSpotter),gunshot-detection-fixed,independent_account,flag,discovery 200 2026-09-30T18:07:46Z,I1#8,Member of the Oakland GSD historical family (see I4-C307).
