cand_id,name,url,publisher,publisher_type,technology_classes,geographies,coverage_estimate,format_access,update_cadence,volume_estimate,terms_url,terms_verbatim_excerpt,licence_guess,rights_lane,part_viii_flags,lineage,registry_match,connector_reuse,retrieved_at,found_by_query_id,evidence_class,notes,cell_id,candidate_level,family_id,vendors,ontology_concepts,lineage_class,part_viii_verdict,access_check,gap_ref
I5-C001,ITS - DeviceList (DeviceLocDetail),https://services1.arcgis.com/NXmBVyW5TaiCXqFs/arcgis/rest/services/ITS_DeviceList/FeatureServer/1,"Vermont Agency of Transportation, Operations & Safety Bureau ITS group (via ArcGIS Online, owner OSB_VTrans)",gov-open-data,T08;T10,US-VT,88 CCTV + 3 AI video cameras statewide (of 390 ITS devices) per groupBy device_type (live-read),arcgis,irregular,"CCTV=88, AI=3, RADAR=55, RWIS=59, CMS=26, PCMS=82, CTC=58, WIM=17, Beacon=2 via outStatistics groupBy (live-read)",NONE-FOUND(checked: ArcGIS item 2d75a9cce66841a3b3db97552acf5dcb licenseInfo/accessInformation via hub search I5-Q001; layer copyrightText I5-F003),NONE-FOUND,guess:LicenseRef-PublicRecord-FactualCompilation,bytes=undetermined; facts=likely-open; derived=undetermined,none-observed,origin,new,dot_511:arcgis_query,2026-09-30T18:07:30Z,I5-Q001;I5-F002;I5-F003;I5-F004,,"State-origin (owner OSB_VTrans, source VTrans). Item description names device classes incl. ""AI video cameras for measuring traffic volume, speed, and vehicle classification"". Schema carries NETWORK_ADDRESS (device network addresses) - infrastructure-security field, exclude from any ingest. dataLastEditDate 2026-06-25 (F003 editingInfo). NEW-2 check: service fullExtent (-73.35,42.74,-71.56,45.01) inside VT = pass. newengland511 (keyed Iteris) remains the traveller surface; this is a key-free alternative. operators=dot; access=public ArcGIS REST",I5-T08-C03-GD,target,,,camera-ptz;camera-fixed-cctv,independent_account,pass,200 GET 2026-09-30T18:07:30Z; robots=not-read,I1#5;I1:state=VT
I5-C002,MiDrive Cameras,https://services2.arcgis.com/67lKNkQ2TO1I3lhR/arcgis/rest/services/MiDrive%20Cameras/FeatureServer/0,"Michigan Department of Transportation (via ArcGIS Online, owner MDOT_GIS)",gov-open-data,T08,US-MI,681 cameras statewide per returnCountOnly (live-read),arcgis,static,count=681 via returnCountOnly (live-read),NONE-FOUND(checked: item 2bb761d0aec94f8c9995a83607aa79a3 licenseInfo/accessInformation via I5-Q006; layer copyrightText I5-F005),NONE-FOUND,guess:LicenseRef-PublicRecord-FactualCompilation,bytes=undetermined; facts=likely-open; derived=undetermined,none-observed,origin,new,dot_511:arcgis_query,2026-09-30T18:08:23Z,I5-Q006;I5-F005;I5-F006,,"State-origin (owner MDOT_GIS). Fields Route,County,Lat,Lon,Location,Direction,Image. cadence basis: dataLastEditDate 2021-01-14 (F005 editingInfo) - a stale snapshot; the live Mi Drive surface may differ. NEW-2 check: count extent (-89.95,41.76,-82.44,47.39) inside MI = pass. operators=dot",I5-T08-C03-GD,target,,,camera-ptz;camera-fixed-cctv,independent_account,pass,200 GET 2026-09-30T18:08:23Z; robots=not-read,I1#5;I1:state=MI
I5-C003,Traffic Devices - CAMERA (DE_Boundary_and_Point layer 26),https://enterprise.firstmap.delaware.gov/arcgis/rest/services/Transportation/DE_Boundary_and_Point/MapServer/26,Delaware Department of Transportation (DelDOT) via Delaware FirstMap (state ArcGIS Enterprise),gov-open-data,T08,US-DE,445 camera devices statewide per returnCountOnly (live-read),arcgis,daily,count=445 via returnCountOnly (live-read),"NONE-FOUND(checked: layer copyrightText I5-F010, service root I5-F012)","copyrightText: ""DelDOT""",guess:LicenseRef-PublicRecord-FactualCompilation,bytes=undetermined; facts=likely-open; derived=undetermined,none-observed,origin,new,dot_511:arcgis_query,2026-09-30T18:09:59Z,I5-Q014;I5-F010;I5-F011;I5-F012,,"Layer description: ""DelDOT Traffic Features including Signals, Red Light Cameras, Weather Stations, Traffic Counters... Update scripts are set up to run daily"" (cadence basis). Fields incl. PERMITNUM, DEVICE_TYPE, MODEL, OWNER. Same service lists layer 25 BLUETOOTH DETECTOR (T18, count not taken) and layer 28 Red Light Signals (I5-C005). NEW-2: layer extent in 3857 has a 0 bound (some null geometries) - check before ingest. operators=dot",I5-T08-C03-GD,target,I5-FAM-DE-FIRSTMAP,,camera-ptz;camera-fixed-cctv,independent_account,pass,200 GET 2026-09-30T18:09:59Z; robots=not-read,I1#5;I1:state=DE
I5-C004,DelDOT Traffic Cameras (DE_TMC_Traffic_Feeds layer 1),https://enterprise.firstmaptest.delaware.gov/arcgis/rest/services/Transportation/DE_TMC_Traffic_Feeds/FeatureServer/1,Delaware Department of Transportation TMC feed via Delaware FirstMap TEST server,gov-open-data,T08,US-DE,360 cameras with stream URLs per returnCountOnly (live-read),arcgis,unknown,"count=360 via returnCountOnly; extent (-75.79,38.45,-75.05,39.83) (live-read)",NONE-FOUND(checked: layer copyrightText I5-F008),NONE-FOUND,guess:LicenseRef-PublicRecord-FactualCompilation,bytes=undetermined; facts=undetermined; derived=undetermined,none-observed,origin,new,dot_511:arcgis_query,2026-09-30T18:09:49Z,I5-Q014;I5-F007;I5-F008;I5-F009,,"Fields ID,ENABLED,TITLE,LATITUDE,LONGITUDE,COUNTY,RTMP,RTSP,M3U8,M3U8S,MSSMOOTH,CAMERA_URL,TIMESTAMP. Hosted on the firstmaptest (staging) host; the same path on production enterprise.firstmap.delaware.gov answers ""Service ... not found"" (F007) - stability risk; prefer I5-C003. NEW-2: count extent inside DE = pass. operators=dot",I5-T08-C03-GD,target,I5-FAM-DE-FIRSTMAP,,camera-ptz;camera-fixed-cctv,independent_account,pass,200 GET 2026-09-30T18:09:49Z; robots=not-read,I1#5;I1:state=DE
I5-C005,Traffic Devices - Red Light Signals (DE_Boundary_and_Point layer 28),https://enterprise.firstmap.delaware.gov/arcgis/rest/services/Transportation/DE_Boundary_and_Point/MapServer/28,Delaware Department of Transportation (DelDOT) via Delaware FirstMap,gov-open-data,T09,US-DE,60 red-light device points statewide per returnCountOnly (live-read),arcgis,daily,count=60 via returnCountOnly (live-read),NONE-FOUND(checked: service copyrightText I5-F012),"copyrightText: ""DelDOT""",guess:LicenseRef-PublicRecord-FactualCompilation,bytes=undetermined; facts=likely-open; derived=undetermined,none-observed,origin,new,dot_511:arcgis_query,2026-09-30T18:25:07Z,I5-Q014;I5-F012;I5-F067,,"Inference (labelled): the service description names ""Red Light Cameras"" among its features (F010); layer schema not read, so ""Red Light Signals"" = enforcement-camera intersections is unverified. Metadata count only. out-of-cell->I3 (T09 automated enforcement class); handoff->I3. operators=dot",I5-T08-C03-GD,target,I5-FAM-DE-FIRSTMAP,,traffic-enforcement(proposed),independent_account,pass,200 GET 2026-09-30T18:25:07Z; robots=not-read,I1#5;I1:state=DE
I5-C006,Statewide CCTV View,https://services9.arcgis.com/g5DRQBSrdz0HuCxB/arcgis/rest/services/Statewide_CCTV_View/FeatureServer/0,"NMDOT ITS CCTV inventory per item snippet (ArcGIS Online org short-name ""ITS511"", owner douglas.geusz_ITS511; org identity unverified)",gov-open-data,T08,US-NM,186 CCTV statewide per returnCountOnly (live-read),arcgis,irregular,count=186 via returnCountOnly (live-read),NONE-FOUND(checked: item 93796c0eadc6427b8236f5aaf0d1431c licenseInfo/accessInformation I5-F013),NONE-FOUND,guess:LicenseRef-PublicRecord-FactualCompilation,bytes=undetermined; facts=undetermined; derived=undetermined,none-observed,origin,new,dot_511:arcgis_query,2026-09-30T18:10:19Z,I5-Q011;I5-F013;I5-F014,,"Item snippet: ""Encompasses all NMDOT ITS CCTVs, Blank fields to be updated over time.""; tags ""Authoritative Data""; created 2026-08-06. The same org hosts ""CCTV_ITS_Needs_3_view"" (owner [account withheld], extent spanning AZ-TX, I5-Q042) - the org may be a 511 contractor rather than NMDOT itself: authority to verify before ingest. NEW-2: extent (3857) converts to about (-108.95,32.0,-103.68,36.99) inside NM = pass. nmroads.com API path 404s (registry). operators=dot",I5-T08-C03-GD,target,,,camera-ptz;camera-fixed-cctv,independent_account,pass,200 GET 2026-09-30T18:10:19Z; robots=not-read,I1#5;I1:state=NM
I5-C007,CCTV Layer (Mid-Region MPO ITS),https://services1.arcgis.com/i3mLmgyL55IkFf81/arcgis/rest/services/CCTV/FeatureServer/0,"Mid-Region Metropolitan Planning Organization (MRMPO, Albuquerque area) via ArcGIS Online",gov-open-data,T08,US-NM:Albuquerque,404 CCTV in the Albuquerque metro region per returnCountOnly (live-read),arcgis,unknown,count=404 via returnCountOnly (live-read),NONE-FOUND(checked: item f075abf81c4f4d4080ac159a294ad1a8 licenseInfo via I5-Q030),NONE-FOUND,guess:LicenseRef-PublicRecord-FactualCompilation,bytes=undetermined; facts=undetermined; derived=undetermined,none-observed,origin,new,dot_511:arcgis_query,2026-09-30T18:17:44Z,I5-Q030;I5-F039,,"Regional MPO inventory (mixed NMDOT/city operators, not state-origin); item modified 2022-03 (Q030). NEW-2: extent (-107.17,34.81,-105.66,35.51) inside NM = pass. operators=dot;transit",I5-T08-C03-G0,target,,,camera-ptz;camera-fixed-cctv,independent_account,pass,200 GET 2026-09-30T18:17:44Z; robots=not-read,I1#5;I1:state=NM
I5-C008,Existing_ITS_Device_Service_view (TxDOT_ITS_Device_locations),https://services.arcgis.com/KTcxiTD9dsQw4r7Z/arcgis/rest/services/Existing_ITS_Device_Service_view/FeatureServer/0,"Texas Department of Transportation, Traffic Safety Division ITS (TxDOT ArcGIS org KTcxiTD9dsQw4r7Z, owner EOCONNO1_TXDOT)",gov-open-data,T08,US-TX,"4,243 CCTV + 1,680 DMS statewide per groupBy Type (live-read)",arcgis,irregular,CCTV=4243; DMS=1680 via outStatistics groupBy Type (live-read),"https://services.arcgis.com/KTcxiTD9dsQw4r7Z (org-standard licenseInfo on sibling public TxDOT items, e.g. item 4335511b86404628927c5b9638812498, read via I5-Q021; this item licenseInfo empty)","Copyright 2025. Texas Department of Transportation. This data was produced for internal use and is provided for informational purposes only, and is subject to change. TxDOT makes no warranty of any kind as to the accuracy or validity of the data provided. GIS content and data provided is the property of TxDOT and may not be used for commercial purposes or resold. Distribution of this content to third parties without TxDOT's written consent is strictly prohibited.",guess:LicenseRef-TxDOT-NoRedistribution,bytes=likely-restricted; facts=undetermined; derived=undetermined,none-observed,origin,related:dot_511_tx,dot_511:arcgis_query,2026-09-30T18:13:01Z,I5-Q021;I5-F027;I5-F028;I5-F029,,"Answers the dot_511_tx provenance question: a TxDOT-org-owned public layer exists (item ad88c62a2d6f4fa2bd700f39ddda038b, ""View layer created 2022 02 14. ITS CCTV and DMS devices""; dataLastEditDate 2025-10-29 F028), vs the gated personal-account layer (dkarctur, 2,798) and the flipped republish camreg_txdot_rep_tx (JustinZero, 2,825). The org-standard TxDOT licence text (quoted, from a sibling item) forbids third-party distribution without written consent - rights review needed for dot_511_tx AND camreg_txdot_rep_tx; this item itself carries no licenseInfo. Sibling TxDOT items: CCTV_Priorites_w_Fiberlight licence ""For planning purposes only by TxDOT staff."" NEW-2: item extent (-106.6,1.0,99.0,35.8) (Q021) implies points with sign/zero errors outside TX - flag before ingest. Fields Equipment_Name,Latitude,Longitude,District,Type. operators=dot",I5-T08-C03-GD,target,,,camera-ptz;camera-fixed-cctv,independent_account,pass,200 GET 2026-09-30T18:13:01Z; robots=not-read,I1#5;I1:state=TX
I5-C009,CCTV_WVDOH (WVDOT Assets MapServer layer 22),https://gis.transportation.wv.gov/arcgis/rest/services/Assets/Assets/MapServer/22,"West Virginia Department of Transportation, Division of Highways (WVDOT GIS server)",gov-open-data,T08,US-WV,73 WVDOH CCTV per returnCountOnly (live-read),arcgis,unknown,count=73 via returnCountOnly (live-read),NONE-FOUND(checked: layer copyrightText I5-F023; service root I5-F022),NONE-FOUND,guess:LicenseRef-PublicRecord-FactualCompilation,bytes=undetermined; facts=likely-open; derived=undetermined,none-observed,origin,new,dot_511:arcgis_query,2026-09-30T18:11:54Z,I5-Q019;I5-F019;I5-F022;I5-F023;I5-F024,,"State-origin WVDOT server (wv511.org is robots-unretrievable per registry). Group layer ""CCTV"" (id 20) holds CCTV_WVDOH (22) and CCTV_WVPA (23, I5-C010); DMS/RWIS siblings 24-28. Fields incl. LOCATION_PARTICULARS, Phone_Number (device line numbers - infra field, exclude). Search lead (not fetched) put WV at 167 CCTV statewide, so this layer is likely partial. NEW-2: extent (-82.44,37.27,-77.83,40.07) inside WV = pass. operators=dot",I5-T08-C03-GD,target,I5-FAM-WV-ASSETS,,camera-ptz;camera-fixed-cctv,independent_account,pass,200 GET 2026-09-30T18:11:54Z; robots=not-read,I1#5;I1:state=WV
I5-C010,CCTV_WVPA (WVDOT Assets MapServer layer 23),https://gis.transportation.wv.gov/arcgis/rest/services/Assets/Assets/MapServer/23,West Virginia Parkways Authority cameras on the WVDOT GIS server,gov-open-data,T08,US-WV,15 WV Turnpike CCTV per returnCountOnly (live-read); geometry broken,arcgis,unknown,count=15 via returnCountOnly (live-read),NONE-FOUND(checked: service root I5-F022),NONE-FOUND,guess:LicenseRef-PublicRecord-FactualCompilation,bytes=undetermined; facts=likely-open; derived=undetermined,none-observed,origin,new,dot_511:arcgis_query,2026-09-30T18:11:55Z,I5-Q019;I5-F022;I5-F025,,"NEW-2 check FAILS: query extent (-85.4895,0.0003,-85.4895,0.0003) - all 15 points collapse near lat 0 (bad projection/geocode); do not ingest coordinates. operators=dot",I5-T08-C03-GD,target,I5-FAM-WV-ASSETS,,camera-ptz;camera-fixed-cctv,independent_account,pass,200 GET 2026-09-30T18:11:55Z; robots=not-read,I1#5;I1:state=WV
I5-C011,Traffic Cameras - Metropolitan Providence (RIDOT),https://www.dot.ri.gov/travel/cameras_metro.php,Rhode Island Department of Transportation,gov-open-data,T08,US-RI,61 camera views (Providence metro page) per unique image names (live-read); no coordinates,html,realtime,61 unique camimages entries on page (live-read),NONE-FOUND(checked: https://www.dot.ri.gov/travel/cameras_metro.php),NONE-FOUND,guess:LicenseRef-PublicRecord-FactualCompilation,bytes=undetermined; facts=undetermined; derived=undetermined,none-observed,origin,new,new:html_camera_list,2026-09-30T18:12:10Z,I5-F026;I5-F246,,"Direct origin fetch of the RIDOT travel camera page (enumeration item RI; AGOL searches Q004/Q008 found no RIDOT layer). Image names encode route_milepost_direction (e.g. ""95_33.6_S_CAM - Rt 10"") - geocodable by milepost, no lat/lon. Page loads cameras.js (likely the camera list) - not fetched. fetch.sh flagged a challenge on a reCAPTCHA <script> tag (heuristic false positive; page served in full), so dot.ri.gov is stop-listed for the row: no further RIDOT fetches. operators=dot | ORCHESTRATOR 2026-09-30T18:39:36Z: cameras.js fetched (I5-F246) after dot.ri.gov was un-stop-listed (tooling false positive); it holds only a video-popup helper resolving streams via ../includes/getStreamUrl.php - no coordinates. RI geometry negative confirmed.",I5-T08-C03-GD,target,,,camera-ptz;camera-fixed-cctv,independent_account,pass,200 GET 2026-09-30T18:12:10Z challenge-flag; robots=not-read; host stop-listed after (heuristic),I1#5;I1:state=RI
I5-C012,IDrive Arkansas Traffic Camera Terms of Use,https://site.idrivearkansas.com/index.php/policies/camera-terms-of-use/,Arkansas Department of Transportation (IDrive Arkansas traveller site),other,T08,US-AR,no key-free location layer found (ARDOT ITS camera service token-secured),html,unknown,n/a (terms page),https://site.idrivearkansas.com/index.php/policies/camera-terms-of-use/,All camera images provided through the Traffic Camera feature on IDrive Arkansas are the property of and copyrighted by each camera owner. All rights are reserved. ... Embedding live camera images or the IDrive Arkansas site in another web site or application (app) is prohibited . End-users may not directly or indirectly link to any camera from another web site or app.,guess:LicenseRef-ARDOT-CameraTerms-AllRightsReserved,bytes=prohibited-by-terms; facts=undetermined; derived=undetermined,none-observed,origin,new,dossier_documents:html_text,2026-09-30T18:10:49Z,I5-Q016;I5-F016;I5-Q042;I5-F058;I5-F060,,"LEAD-ONLY. Terms govern camera IMAGES (copyright, no embedding/linking); location facts not addressed. The ARDOT-hosted ""ITS Cameras Public"" MapServer (gis.ardot.gov/hosting/.../Maintenance_ITS/ITS_Cameras_Public, item registered by Garver, Q042) answers ""Service not found"" (F058) and its folder answers 499 Token Required (F060) = secured, not key-free. Terms page states ARDOT partners with adjacent states, municipalities and TV stations for cameras. gis.arkansas.gov Transportation FeatureServer has no camera layer (F017). operators=dot;business",I5-T08-C03-GD,channel,,,camera-ptz;camera-fixed-cctv,independent_account,pass,200 GET 2026-09-30T18:10:49Z; robots=not-read,I1#5;I1:state=AR
I5-C013,iDriveCCTV_20260707_v2 (ARDOT I-30 project CCTV snapshot),https://services6.arcgis.com/eNPJk90aMrXNOKF8/arcgis/rest/services/iDriveCCTV_20260707_v2/FeatureServer/38,"Garver (engineering consultant) ArcGIS Online account, for an ARDOT I-30 project",other,T08,US-AR,corridor subset (I-30 Texarkana-Little Rock); count not taken,arcgis,static,"unknown (service metadata only, live-read)",NONE-FOUND(checked: service root I5-F018; item via I5-Q007),NONE-FOUND,guess:LicenseRef-Unknown,bytes=undetermined; facts=undetermined; derived=undetermined,none-observed,derived-from:IDriveArkansas,new,dot_511:arcgis_query,2026-09-30T18:11:02Z,I5-Q007;I5-F018,,"Service description: ""Displays the CCTV camera data for ARDOT I-30 project downloaded on 07/07/2026."" Third-party snapshot of the IDrive feed (not state-origin); extent (3857) covers only south-west/central AR. Low value except as a lineage clue that IDrive exposes a camera list to consultants. operators=dot",I5-T08-C03-GD,target,,,camera-ptz;camera-fixed-cctv,republished_document,pass,200 GET 2026-09-30T18:11:02Z; robots=not-read,I1#5;I1:state=AR
I5-C014,"ITS_ATM - Existing Devices (NDOT Statewide ITS ATM Masterplan, layer 3)",https://services1.arcgis.com/9Y4hSlLf13E9S0Eo/arcgis/rest/services/ITS_ATM/FeatureServer/3,Nevada Department of Transportation (ArcGIS Online owner OpenData_NDOT),gov-open-data,T08,US-NV,"1,319 CCTV statewide per groupBy Device_Typ (live-read)",arcgis,static,CCTV=1319; Detection=859; DMS=363; RWIS=143; Ramp Meter=82 (+others) via outStatistics groupBy (live-read),NONE-FOUND(checked: item f4690e9d04af43c288ac9958e4fc841a licenseInfo via I5-Q042; service I5-F062),NONE-FOUND,guess:LicenseRef-PublicRecord-FactualCompilation,bytes=undetermined; facts=likely-open; derived=undetermined,operator-identifier,origin,new,dot_511:arcgis_query,2026-09-30T18:23:19Z,I5-Q042;I5-F062;I5-F063;I5-F064,,"Tier-C light pass (NV 511 is keyed Iteris per registry). Service description ""ITS ATM Masterplan for Traffic Operations""; data last edit 2024-05-21 (F063) = planning snapshot (cadence basis). Schema has created_user/last_edited_user (staff editor ids) - flag; exclude those fields, never copy values. Coordinates not checked (item extent -120.55,34.98,-113.66,42.03 roughly NV, Q042). operators=dot | ORCHESTRATOR: verdict harmonised flag->block per I2 §7.4 (operator-identifier => block), consistent with I5-C104; the trigger is field-level GIS editor-tracking columns (created_user/last_edited_user) - I7 to decide whether a field-drop rule permits re-verdict to flag (open question).",I5-T08-C03-G0,target,,,camera-ptz;camera-fixed-cctv,independent_account,block,200 GET 2026-09-30T18:23:19Z; robots=not-read,I1#5;I1:state=NV
I5-C015,Approximate Speed Safety Camera Locations Public,https://services1.arcgis.com/FCaUeJ5SOVtImake/arcgis/rest/services/Approximate_Speed_Safety_Camera_Locations_Public/FeatureServer/0,Connecticut Department of Transportation (ArcGIS Online owner CTDOT_OpenData),gov-open-data,T09,US-CT,89 approximate work-zone speed-camera locations per returnCountOnly (live-read),arcgis,irregular,count=89 via returnCountOnly (live-read),item ff30d1a91cb447eb8f6d7cccb2222a17 licenseInfo (read via I5-Q023),The data presented here is for informational purposes only. The data is not to be used in legal documents or proceedings. The Connecticut Department of Transportation makes every effort to ensure the data is current and accurate. Data is not updated in real time; please refer to the metadata to learn more about the update schedule for each individual data asset.,guess:LicenseRef-PublicRecord-FactualCompilation,bytes=undetermined; facts=likely-open; derived=undetermined,none-observed,origin,new,dot_511:arcgis_query,2026-09-30T18:13:55Z,I5-Q023;I5-F030,,"Item description: approximate locations of Speed Safety enforcement cameras for the Work Zone Speed Control pilot authorized by CGS 13a-262 (statutory programme). Tier-C light pass hit (CT fixed-camera DOT surface still keyed). out-of-cell->I3 (T09 class); handoff->I3; the statute cite is a handoff->I6 lead. NEW-2: extent (-73.61,41.03,-71.86,41.99) inside CT = pass. operators=dot",I5-T08-C03-GD,target,,,traffic-enforcement(proposed),independent_account,pass,200 GET 2026-09-30T18:13:55Z; robots=not-read,I1#5;I1:state=CT
I5-C016,Snow Plow Camera Images - Nebraska DOT,https://services.arcgis.com/8lRhdTsQyJpO52F1/arcgis/rest/services/AVL_Plow_Cam_Images_Nebraska_View/FeatureServer/0,Nebraska Department of Transportation data hosted by Iowa DOT (ArcGIS Online owner IowaDOT_SODA),gov-open-data,T08,US-NE,19 current plow dash-camera image points per returnCountOnly (live-read),arcgis,realtime,count=19 via returnCountOnly (live-read),"item e254de3a5ced49fb89de03fe97b0fd11 licenseInfo (read via I5-Q023); Iowa DOT GIS Data Terms of Use (linked, not fetched)",Creative Commons License. This work is licensed under a Creative Commons Attribution 4.0 International License. Additional Terms and Conditions: Iowa DOT's GIS Data Terms of Use,guess:CC-BY-4.0,bytes=likely-open; facts=likely-open; derived=likely-open,none-observed,origin,related:dot_511_ia,dot_511:arcgis_query,2026-09-30T18:13:56Z,I5-Q023;I5-F031,,"Mobile (vehicle-mounted) road-condition cameras - ""a portion of all the photos taken while Nebraska DOT vehicles are working""; same Iowa DOT org as dot_511_ia (a Minnesota DOT twin exists, Q036). Tier-C light pass (NE 511 = SPA shell). Cadence basis: AVL feed. operators=dot",I5-T08-C03-GD,target,,,camera-ptz,independent_account,pass,200 GET 2026-09-30T18:13:56Z; robots=not-read,I1#5;I1:state=NE
I5-C017,NCDOT_Cameras,https://services.arcgis.com/NuWFvHYDMVmmxMeM/arcgis/rest/services/NCDOT_Cameras/FeatureServer/0,"North Carolina Department of Transportation (ArcGIS Online org NuWFvHYDMVmmxMeM, which hosts GISUnit.NCDOT.GOV items)",gov-open-data,T08,US-NC,"1,157 cameras per returnCountOnly (live-read)",arcgis,unknown,count=1157 via returnCountOnly (live-read),"NONE-FOUND(checked: org services directory I5-F035; sibling item 384ee5b6105e48cba8009ad842b508c4 licenseInfo = NCDOT liability disclaimer, Q024)",NONE-FOUND,guess:LicenseRef-PublicRecord-FactualCompilation,bytes=undetermined; facts=undetermined; derived=undetermined,none-observed,origin,related:ncdot_runneals_mirror,dot_511:arcgis_query,2026-09-30T18:14:56Z,I5-Q024;I5-F035;I5-F036,,"The registry row ncdot_runneals_mirror treats this org as a ""non-state runneals account"" with a stale NCDOT_Traffic_Cameras path; the org also hosts NCDOT_CCTV_Buffer_1Mile owned by GISUnit.NCDOT.GOV (Q024), and the live camera service is now NCDOT_Cameras (F035) - see Proposed findings. NEW-2 check: count extent (-180,-90,180,90) = some null/garbage geometries; filter before ingest. operators=dot",I5-T08-C03-G0,target,,,camera-ptz;camera-fixed-cctv,independent_account,pass,200 GET 2026-09-30T18:14:56Z; robots=not-read,I1#5;I1:state=NC
I5-C018,Closed-Circuit Television (CCTV) (ITD IntelligentTransportationSystems layer 0),https://gisp.itd.idaho.gov/server/rest/services/GDWarehouse/IntelligentTransportationSystems/FeatureServer/0,Idaho Transportation Department (ArcGIS Enterprise gisp.itd.idaho.gov; owner ITDGISdata),gov-open-data,T08,US-ID,82 CCTV statewide per returnCountOnly (live-read),arcgis,unknown,count=82 via returnCountOnly (live-read),item c21fbb9ba72b4934880a7fe844323ce0 licenseInfo/accessInformation (read via I5-Q024),"Spatial Data Disclaimer - The Idaho Transportation Department (ITD) provides this geographic data and any associated metadata ""as is"" without warranty of any kind ... This dataset was developed and provided by the Idaho Transportation Department (ITD). Users should credit ITD as the original source when utilizing or referencing this information in maps, reports, or applications.",guess:LicenseRef-ITD-Attribution,bytes=undetermined; facts=likely-open; derived=likely-open,none-observed,origin,new,dot_511:arcgis_query,2026-09-30T18:14:43Z,I5-Q024;I5-F034,,"Registry enumerated idaho_webcams (gis2.idaho.gov MapServer) as unreachable; this is a different, live ITD-origin host. Item snippet: ""CCTV camera locations that are available in the Idaho 511 online map"". A State_of_Idaho ""Webcams"" item (services1.arcgis.com/CNPdEkvnGl65jCX8, ITD + ACHD + ski resorts) also exists (Q030, not fetched). NEW-2: extent (-117.04,42.62,-111.11,48.57) inside ID = pass. operators=dot",I5-T08-C03-G0,target,,,camera-ptz;camera-fixed-cctv,independent_account,pass,200 GET 2026-09-30T18:14:43Z; robots=not-read,I1#5(adjacent);I1:state=ID
I5-C019,Caltrans Closed Circuit Television (CHhighway/CCTV FeatureServer),https://caltrans-gis.dot.ca.gov/arcgis/rest/services/CHhighway/CCTV/FeatureServer/0,California Department of Transportation (ArcGIS item owner California_Department_of_Transportation),gov-open-data,T08,US-CA,unknown (host unreachable from this run),arcgis,unknown,unknown,NONE-FOUND(checked: item 450df5bed93c4558a7264b7ef64187e6 via I5-Q024),NONE-FOUND,guess:LicenseRef-Unknown,bytes=undetermined; facts=undetermined; derived=undetermined,none-observed,origin,related:caltrans_cctv,dot_511:arcgis_query,2026-09-30T18:14:36Z,I5-Q024;I5-F033;I5-F041,,"LEAD-ONLY: both hosts (caltrans-gis.dot.ca.gov F033; gisdata.dot.ca.gov via CalOES item 0f70f2a94551429fbb025ebe54a6c58c, F041) failed at connection level from this environment - not a policy block, retry from another network. Registry caltrans_cctv (cwwp2 JSON) is robots-unretrievable; this ArcGIS layer is a separate state-origin surface. operators=dot",I5-T08-C03-G0,channel,,,camera-ptz;camera-fixed-cctv,independent_account,pass,connection-failure (curl) GET 2026-09-30T18:19:53Z; robots=not-read,I1#5(adjacent);I1:state=CA
I5-C020,Mississippi Geospatial Data Catalog,https://opendata.gis.ms.gov,Mississippi Department of Information Technology Services (Hub site owner itsgisadmin),gov-open-data,T00,US-MS,portal channel; 0 surveillance-camera datasets matched (live-read),arcgis,unknown,see notes,NONE-FOUND(checked: https://opendata.gis.ms.gov),NONE-FOUND,guess:LicenseRef-Unknown,bytes=undetermined; facts=undetermined; derived=undetermined,none-observed,origin,new,new:arcgis_hub_search,2026-09-30T18:18:00Z,I5-Q026;I5-Q031,,"State GIS open-data catalog (ArcGIS Hub; also www.gis.ms.gov). Site-scoped search q=camera matched 0 (Q031). data.ms.gov is NOT a Socrata domain (Q025 404 ""Domain not found""). No state open-data channel for DOT cameras in MS. operators=none",I5-T00-C03-GD,channel,,,,independent_account,pass,200 GET 2026-09-30T18:18:00Z; robots=not-read,I1#5;I1:state=MS
I5-C021,North Dakota GIS Hub Data Portal,https://gishubdata-ndgov.hub.arcgis.com,North Dakota Information Technology / NDGISHub (ArcGIS org GOcSXpzwBHyk2nog),gov-open-data,T00,US-ND,portal channel; 0 surveillance-camera datasets matched (live-read),arcgis,unknown,see notes,item licenseInfo on NDGISHUB items (read via I5-Q032),"The State of North Dakota has compiled this data according to conventional cartographic standards, using what is thought to be the most reliable information available. This data is intended to make results of research available at the earliest possible date, but is not intended to constitute final or formal publication.",guess:LicenseRef-Unknown,bytes=undetermined; facts=undetermined; derived=undetermined,none-observed,origin,new,new:arcgis_hub_search,2026-09-30T18:18:02Z,I5-Q026;I5-Q032,,"State GIS hub (ndgishub.nd.gov services). q=camera matched 84 items, all aerial-imagery ""camera"" metadata - 0 surveillance datasets. Items carry a custom State of North Dakota disclaimer licence. operators=none",I5-T00-C03-GD,channel,,,,independent_account,pass,200 GET 2026-09-30T18:18:02Z; robots=not-read,I1:state=ND
I5-C022,Arkansas GIS Hub,https://arkansas-gis-agio.hub.arcgis.com,Arkansas GIS Office (Hub site; data on gis.arkansas.gov),gov-open-data,T00,US-AR,portal channel; 0 surveillance-camera datasets matched (live-read),arcgis,unknown,see notes,NONE-FOUND(checked: https://arkansas-gis-agio.hub.arcgis.com),NONE-FOUND,guess:LicenseRef-Unknown,bytes=undetermined; facts=undetermined; derived=undetermined,none-observed,origin,new,new:arcgis_hub_search,2026-09-30T18:22:16Z,I5-Q026;I5-Q041;I5-F017,,"State GIS hub; q=camera matched 9 items, all orthoimagery - 0 surveillance datasets. gis.arkansas.gov FEATURESERVICES/Transportation has no camera layer (F017). operators=none",I5-T00-C03-GD,channel,,,,independent_account,pass,200 GET 2026-09-30T18:22:16Z; robots=not-read,I1#5;I1:state=AR
I5-C023,Hawaii Open Data (CKAN),https://opendata.hawaii.gov,State of Hawaii Office of Enterprise Technology Services,gov-open-data,T00,US-HI,portal channel; 0 surveillance-camera datasets matched (live-read),ckan,unknown,see notes,NONE-FOUND(checked: https://opendata.hawaii.gov),NONE-FOUND,guess:LicenseRef-Unknown,bytes=undetermined; facts=undetermined; derived=undetermined,none-observed,origin,new,new:ckan_package_search,2026-09-30T18:18:15Z,I5-Q033,,CKAN platform confirmed (package_search success=true); q=camera count 0. operators=none,I5-T00-C03-GD,channel,,,,independent_account,pass,200 GET 2026-09-30T18:18:15Z; robots=not-read,I1:state=HI
I5-C024,MaineDOT Data Hub,https://mainedot-maine.hub.arcgis.com,Maine Department of Transportation (Hub site on maine.gov org),gov-open-data,T00,US-ME,portal channel; 0 surveillance-camera datasets matched (live-read),arcgis,unknown,see notes,NONE-FOUND(checked: https://mainedot-maine.hub.arcgis.com),NONE-FOUND,guess:LicenseRef-Unknown,bytes=undetermined; facts=undetermined; derived=undetermined,none-observed,origin,new,new:arcgis_hub_search,2026-09-30T18:17:12Z,I5-Q026;I5-Q029,,DOT open-data hub; q=camera matched 0 (site-scoped Q029). Maine traveller cameras only via keyed newengland511 (registry). operators=dot,I5-T08-C03-GD,channel,,,,independent_account,pass,200 GET 2026-09-30T18:17:12Z; robots=not-read,I1#5;I1:state=ME
I5-C025,Vermont Open Data (Socrata),https://data.vermont.gov,State of Vermont (Socrata catalog domain),gov-open-data,T00,US-VT,portal channel; 0 surveillance-camera datasets matched (live-read),socrata,unknown,see notes,NONE-FOUND(checked: https://data.vermont.gov),NONE-FOUND,guess:LicenseRef-Unknown,bytes=undetermined; facts=undetermined; derived=undetermined,none-observed,origin,new,new:socrata_discovery,2026-09-30T18:16:59Z,I5-Q028,,"Domain accepted by the Socrata discovery API (no ""Domain not found""); q=camera returned 0 across data.vermont.gov/data.delaware.gov/data.michigan.gov (Q028; the OR-form Q027 also 0). VT DOT cameras are in VTrans AGOL (I5-C001), not Socrata. operators=none",I5-T00-C03-GD,channel,,,,independent_account,pass,200 GET 2026-09-30T18:16:59Z; robots=not-read,I1:state=VT
I5-C026,Delaware Open Data (Socrata),https://data.delaware.gov,State of Delaware (Socrata catalog domain),gov-open-data,T00,US-DE,portal channel; 0 surveillance-camera datasets matched (live-read),socrata,unknown,see notes,NONE-FOUND(checked: https://data.delaware.gov),NONE-FOUND,guess:LicenseRef-Unknown,bytes=undetermined; facts=undetermined; derived=undetermined,none-observed,origin,new,new:socrata_discovery,2026-09-30T18:16:59Z,I5-Q028,,Domain accepted by Socrata discovery; q=camera 0 (Q028). DE state GIS is Delaware FirstMap (I5-C003/C004/C005). operators=none,I5-T00-C03-GD,channel,,,,independent_account,pass,200 GET 2026-09-30T18:16:59Z; robots=not-read,I1:state=DE
I5-C027,Michigan Open Data (Socrata),https://data.michigan.gov,State of Michigan (Socrata catalog domain),gov-open-data,T00,US-MI,portal channel; 0 surveillance-camera datasets matched (live-read),socrata,unknown,see notes,NONE-FOUND(checked: https://data.michigan.gov),NONE-FOUND,guess:LicenseRef-Unknown,bytes=undetermined; facts=undetermined; derived=undetermined,none-observed,origin,new,new:socrata_discovery,2026-09-30T18:16:59Z,I5-Q028,,"Domain accepted by Socrata discovery; q=camera 0 (Q028). MI DOT cameras are on MDOT AGOL (I5-C002). michigan.gov itself is stop-listed (403, F044). operators=none",I5-T00-C03-GD,channel,,,,independent_account,pass,200 GET 2026-09-30T18:16:59Z; robots=not-read,I1:state=MI
I5-C028,Delaware State Police 2022 Annual Report,https://dsp.delaware.gov/wp-content/uploads/sites/118/2023/06/Annual-Report-2022.pdf,Delaware State Police,other,T00;T23;T01;T05;T11;T14;T09;T27;T19,US-DE,"statewide agency report, 48 pp (live-read)",pdf,annual,1 PDF per year (2018 and 2022 editions cited by Atlas),NONE-FOUND(checked: PDF I5-F046),NONE-FOUND,guess:LicenseRef-PublicRecord,bytes=undetermined; facts=likely-open; derived=undetermined,officer-name,origin,new,dossier_documents:pdf_text,2026-09-30T18:20:36Z,I5-L101;I5-F046,,"Atlas snowball (GD:DE dsp.delaware.gov). Multi-class state report: 560 Axon body-worn cameras issued; license plate readers; Real Time Crime Center (SmartForce/SPEAR); bomb-unit drones (Part 107); Facial Recognition Experts ""858 cases involving photo-facial analysis""; ""Total Red-Light Camera Events Reviewed 75,239""; DIAC fusion centre; Electronic Surveillance Unit; in-car cameras replacing COBAN. Names in institutional roles present (flag; do not copy). out-of-cell->I6 (state multi-class report series); handoff->I6;I4 (FRT, UAS, BWC, DIAC=T27);I3 (RTCC, ALPR, T09). vendors: Axon, SmartForce. operators=state-police",I5-CRES-CRES-GD,publisher,,Axon;SmartForce,,independent_account,flag,200 GET 2026-09-30T18:20:36Z; robots=not-read,I1:state=DE;I1#5(adjacent)
I5-C029,NH Governor and Executive Council agenda (06/01/2022),https://sos.nh.gov/media/z52grdhb/121c-gc-agenda-06012022.pdf,New Hampshire Governor and Executive Council (Secretary of State),procurement,T00;T23,US-NH,unknown (503 at fetch),pdf,irregular,unknown,NONE-FOUND(checked: 503),NONE-FOUND,guess:LicenseRef-PublicRecord,bytes=undetermined; facts=undetermined; derived=undetermined,none-observed,origin,new,dossier_documents:pdf_text,2026-09-30T18:20:20Z,I5-L101;I5-F043,,"LEAD-ONLY: 503 ""No server is available"" at fetch (F043), not retried. Atlas cites this one agenda for 29 NH body-worn-camera rows - the G&C agenda series approves state contracts and grants (a statewide procurement/grant channel). out-of-cell->I6 (state procurement/grants); handoff->I6. operators=state-police;police",I5-CRES-CRES-GD,channel,,,,independent_account,pass,503 GET 2026-09-30T18:20:20Z; robots=not-read,I1:state=NH
I5-C030,State of Michigan DTMB contract 7700122 (procurement contract PDF),https://www.michigan.gov/dtmb/-/media/Project/Websites/dtmb/Procurement/Contracts/002/7700122.pdf,"Michigan Department of Technology, Management and Budget (Procurement)",procurement,T11,US-MI,unknown (403),pdf,irregular,unknown,NONE-FOUND(checked: 403),NONE-FOUND,guess:LicenseRef-PublicRecord,bytes=undetermined; facts=undetermined; derived=undetermined,none-observed,origin,new,dossier_documents:pdf_text,2026-09-30T18:20:25Z,I5-L101;I5-F044,,LEAD-ONLY: michigan.gov answered 403 Access Denied (F044) -> host stop-listed; the Atlas-cited MSP SNAP Acceptable Use Policy (401 MI face-recognition rows) on the same host was therefore not fetched. Atlas links the contract to Michigan State Police face recognition. Channel: DTMB statewide contract PDFs. out-of-cell->I6 (state procurement); handoff->I6;I4 (FRT). operators=state-police,I5-CRES-CRES-GD,channel,,,face-live,independent_account,pass,403 GET 2026-09-30T18:20:25Z challenge-flag; robots=not-read,I1:state=MI
I5-C031,RI Attorney General press release: $16 million grants for police (body-worn cameras),https://riag.ri.gov/press-releases/state-federal-and-law-enforcement-leaders-announce-16-million-grants-police,Rhode Island Office of the Attorney General,grant,T23,US-RI,unknown (403),html,irregular,unknown,NONE-FOUND(checked: 403),NONE-FOUND,guess:LicenseRef-PublicRecord,bytes=undetermined; facts=undetermined; derived=undetermined,none-observed,origin,new,dossier_documents:html_text,2026-09-30T18:20:31Z,I5-L101;I5-F045,,LEAD-ONLY: 403 + challenge (F045) -> riag.ri.gov stop-listed. Atlas cites it for 26 RI BWC rows: a statewide BWC grant programme administered with the AG (state grant channel). out-of-cell->I6 (state grants); handoff->I6;I4 (BWC). operators=police,I5-CRES-CRES-GD,channel,,,,independent_account,pass,403 GET 2026-09-30T18:20:31Z challenge-flag; robots=not-read,I1:state=RI
I5-C032,Flock Project Data Explorer (Rhode Island Flock camera locations),https://services4.arcgis.com/2s7f6roC5RgpcJkx/arcgis/rest/services/Flock_Project_Data_Explorer_WFL1/FeatureServer,ArcGIS Online accounts solsen_1636_rigea / 25RIC22 (appears to be a Rhode Island College project; identity unverified),academic,T01,US-RI:Providence,unknown (token required),arcgis,unknown,unknown,NONE-FOUND(checked: 499 Token Required),NONE-FOUND,guess:LicenseRef-Unknown,bytes=undetermined; facts=undetermined; derived=undetermined,none-observed,derived-from:unknown,new,camera_registry,2026-09-30T18:24:57Z,I5-Q034;I5-F065,,"LEAD-ONLY: service answers 499 Token Required (F065) though the item is listed (Q034; tags Rhode Island, Flock, Providence, Surveillance). Residual-probe yield. out-of-cell->I3 (ALPR/Flock class); handoff->I3. operators=police",I5-CRES-CRES-GD,channel,,Flock Safety,alpr-fixed,derived_summary,pass,200 GET 2026-09-30T18:24:57Z; robots=not-read,I1:state=RI
I5-C033,Providence Police Department 2023 Annual Report,https://ppd.providenceri.gov/wp-content/uploads/2024/06/2023-Providence-Police-Annual-Report-FINAL-5-24.pdf,Providence Police Department (City of Providence),other,T00;T01;T07;T09;T06;T22;T27,US-RI:Providence,citywide agency report (live-read),pdf,annual,1 PDF per year,NONE-FOUND(checked: PDF I5-F051),NONE-FOUND,guess:LicenseRef-PublicRecord,bytes=undetermined; facts=likely-open; derived=undetermined,officer-name,origin,new,dossier_documents:pdf_text,2026-09-30T18:21:46Z,I5-L101;I5-F051,,"Atlas snowball (GD:RI ppd.providenceri.gov) used as the GL4 Providence programme/report channel. Multi-class: ""Flock was rolled out in 2022""; Camera Monitoring Unit ""supplemented through 1 RING Camera Network monitor""; speed cameras (violations issued 58,924) and red-light cameras; Providence Housing Authority 291 security cameras; Flock/Accurint/Skopenow usage table; liaison to R.I. Fusion Center. Names in institutional roles likely (flag; not copied). handoff->I3 (Flock, T09, camera registry);I4 (fusion T27). vendors Flock Safety; LexisNexis (Accurint); Skopenow. operators=police;housing",I5-T00-C05-GL4,publisher,,Flock Safety;LexisNexis;Skopenow;Ring,alpr-fixed,independent_account,flag,200 GET 2026-09-30T18:21:46Z; robots=not-read,I1#5(adjacent);I1:state=RI
I5-C034,Providence GIS Hub,https://providence-gis-hub-pvdgis.hub.arcgis.com,City of Providence GIS (Hub owner PVDGIS_Admin),gov-open-data,T00,US-RI:Providence,locality portal channel (live-read landing),arcgis,unknown,see notes,NONE-FOUND(checked: https://providence-gis-hub-pvdgis.hub.arcgis.com),NONE-FOUND,guess:LicenseRef-Unknown,bytes=undetermined; facts=undetermined; derived=undetermined,none-observed,origin,new,new:arcgis_hub_search,2026-09-30T18:21:57Z,I5-Q035;I5-F053;I5-Q040,,"Title ""Providence GIS Hub"" (F053). Site-scoped q=camera matched 0 (Q040). Sibling hubs: Providence DPW GIS Hub, Parks hub (Q035). operators=none",I5-T00-C03-GL4,channel,,,,independent_account,pass,200 GET 2026-09-30T18:21:57Z; robots=not-read,I1#5(adjacent);I1:state=RI
I5-C035,Grand Rapids Police Department Dashboard (Hub),https://grpd-grandrapids.hub.arcgis.com,City of Grand Rapids Police Department (Hub on grand_rapids.mi.us org),gov-open-data,T00,US-MI:Grand Rapids,locality portal channel (live-read landing),arcgis,unknown,see notes,NONE-FOUND(checked: https://grpd-grandrapids.hub.arcgis.com),NONE-FOUND,guess:LicenseRef-Unknown,bytes=undetermined; facts=undetermined; derived=undetermined,none-observed,origin,new,new:arcgis_hub_search,2026-09-30T18:21:55Z,I5-Q035;I5-F052;I5-Q039,,"Police open-data hub (""Explore Grand Rapids Police Department's open data and tools"", F052). Site-scoped q=policy (collections/all) matched 0 (Q039). Agenda: primegov tenant grandrapidscity exists in agenda_tenants.toml (jurisdiction unresolved; robots Disallow:/). operators=police",I5-T00-C03-GL4,channel,,,,independent_account,pass,200 GET 2026-09-30T18:21:55Z; robots=not-read,I1#5(adjacent);I1:state=MI
I5-C036,Santa Fe Data Platform,https://www.santafedata.org,"City of Santa Fe, NM (Hub owner excamacho_TheCityDifferent)",gov-open-data,T00,US-NM:Santa Fe,locality portal channel (live-read landing),arcgis,unknown,see notes,NONE-FOUND(checked: https://www.santafedata.org),NONE-FOUND,guess:LicenseRef-Unknown,bytes=undetermined; facts=undetermined; derived=undetermined,none-observed,origin,new,new:arcgis_hub_search,2026-09-30T18:21:58Z,I5-Q035;I5-F054,,City open-data platform (title verified F054). Sibling: City of Santa Fe NM hub (WSP consultant) hosts the park-camera layer I5-C040. Agenda: civicclerk santafenm (registry). operators=none,I5-T00-C03-GL4,channel,,,,independent_account,pass,200 GET 2026-09-30T18:21:58Z; robots=not-read,I1#5(adjacent);I1:state=NM
I5-C037,City of Bismarck Open Data,https://public-bismarck.opendata.arcgis.com,"City of Bismarck, ND (Hub owner BismarckGIS)",gov-open-data,T00,US-ND:Bismarck,locality portal channel (live-read landing),arcgis,unknown,see notes,NONE-FOUND(checked: https://public-bismarck.opendata.arcgis.com),NONE-FOUND,guess:LicenseRef-Unknown,bytes=undetermined; facts=undetermined; derived=undetermined,none-observed,origin,new,new:arcgis_hub_search,2026-09-30T18:22:00Z,I5-Q035;I5-F055,,City open-data hub (title verified F055); not searched for cameras (budget). operators=none,I5-T00-C03-GL4,channel,,,,independent_account,pass,200 GET 2026-09-30T18:22:00Z; robots=not-read,I1:state=ND
I5-C038,Cheyenne and Laramie County GIS Cooperative,https://hub.clcgisc.com,Cheyenne and Laramie County GIS Cooperative (Hub owner CLCGISC),gov-open-data,T00,US-WY:Cheyenne,locality portal channel (live-read landing),arcgis,unknown,see notes,NONE-FOUND(checked: https://hub.clcgisc.com),NONE-FOUND,guess:LicenseRef-Unknown,bytes=undetermined; facts=undetermined; derived=undetermined,none-observed,origin,new,new:arcgis_hub_search,2026-09-30T18:22:02Z,I5-Q035;I5-F056,,"Joint city-county GIS hub (title verified F056); not searched for cameras (budget). Agenda: cheyenne.granicus.com in platform_census (robots_disallow_all). A personal-account ""Wyoming Traffic Cameras Cheyenne"" AGOL layer exists (johnfry10, Q010) - not official. operators=none",I5-T00-C03-GL4,channel,,,,independent_account,pass,200 GET 2026-09-30T18:22:02Z; robots=not-read,I1:state=WY
I5-C039,Billings Public Safety (Hub),https://billings-public-safety-billings.hub.arcgis.com,"City of Billings, MT (Hub owner GisAdminAcct)",gov-open-data,T00,US-MT:Billings,locality portal channel (live-read landing),arcgis,unknown,see notes,NONE-FOUND(checked: https://billings-public-safety-billings.hub.arcgis.com),NONE-FOUND,guess:LicenseRef-Unknown,bytes=undetermined; facts=undetermined; derived=undetermined,none-observed,origin,new,new:arcgis_hub_search,2026-09-30T18:22:03Z,I5-Q035;I5-F057,,Public-safety data hub (title verified F057); city geoportal also at city-of-billings-map-library-billings.hub.arcgis.com (Q035). Not searched for cameras (budget). operators=police,I5-T00-C03-GL4,channel,,,,independent_account,pass,200 GET 2026-09-30T18:22:03Z; robots=not-read,I1:state=MT
I5-C040,Park Cameras (City of Santa Fe park camera locations),https://services7.arcgis.com/p0Gk2nDbPs7KEqSZ/arcgis/rest/services/ParkCameras_1/FeatureServer/0,"City of Santa Fe, NM Parks (layer published by WSP consultant account Jay.puckett_wsp5)",gov-open-data,T07,US-NM:Santa Fe,12 park camera points per returnCountOnly (live-read),arcgis,irregular,count=12 via returnCountOnly (live-read),NONE-FOUND(checked: item 446c1716a4154a7092760190f334086e via I5-Q036; layer I5-F040),NONE-FOUND,guess:LicenseRef-Unknown,bytes=undetermined; facts=undetermined; derived=undetermined,none-observed,origin,new,camera_registry,2026-09-30T18:20:06Z,I5-Q036;I5-F040;I5-F042,,"Item: ""A point layer representing camera locations used to document park surveillance or monitoring""; tags incl. surveillance, city assets. Fields OBJECTID, Id only. Consultant-published for the city (authority to confirm). NEW-2: extent (-106.06,35.65,-105.90,35.70) inside Santa Fe = pass. Residual-probe yield. out-of-cell->I3 (CCTV camera-registry class); handoff->I3. operators=police;business",I5-CRES-CRES-GL4,target,,,camera-fixed-cctv,independent_account,pass,200 GET 2026-09-30T18:20:06Z; robots=not-read,I1#5(adjacent);I1:state=NM
I5-C041,"Concord, NH Legistar (tenant concordnh)",https://concordnh.legistar.com/Calendar.aspx,"City of Concord, NH (Granicus Legistar)",agenda,T00,US-NH:Concord,"4 bodies (City Council, Finance Committee, Planning Board, Fiscal Policy Advisory Committee) (live-read)",api,weekly,bodies=4 via webapi.legistar.com/v1/concordnh/bodies (live-read),NONE-FOUND(checked: https://concordnh.legistar.com/Calendar.aspx),NONE-FOUND,guess:LicenseRef-PublicRecord,bytes=undetermined; facts=undetermined; derived=undetermined,none-observed,origin,related:concord_ca,procurement:legistar,2026-09-30T18:21:16Z,I5-L102;I5-F047;I5-F048,,"Registry row [tenants.concord_ca] (agenda_tenants.toml:1669-1677) labels this tenant ""City of Concord, CA""; the portal footer reads ""Concord, NH 03301"" (F048) - mislabel, see Proposed findings. Capital of NH (GL4). cadence basis: council meeting calendar (inference). operators=none",I5-T00-C07-GL4,channel,,Granicus,,independent_account,pass,200 GET 2026-09-30T18:21:16Z; robots=not-read,I1#5(adjacent);I1:state=NH
I5-C042,Fargo City Commission Agendas & Minutes,https://fargond.gov/city-government/departments/city-commission/agendas-minutes,"City of Fargo, ND",agenda,T00,US-ND:Fargo,year-indexed commission archive (live-read),html,weekly,annual archive tables with agendas/minutes (live-read),NONE-FOUND(checked: landing I5-F049),NONE-FOUND,guess:LicenseRef-PublicRecord,bytes=undetermined; facts=undetermined; derived=undetermined,none-observed,origin,new,new:html_agenda_archive,2026-09-30T18:21:30Z,I5-L101;I5-F049,,Self-hosted on the city CMS (no vendor agenda platform detected on the landing). Atlas (GD:ND fargond.gov) cites a 2018 commission minutes page for an ALPR row and a SafeCam camera-registration page (-> I3). operators=none,I5-T00-C07-GL4,channel,,,,independent_account,pass,200 GET 2026-09-30T18:21:30Z; robots=not-read,I1:state=ND
I5-C100,Exhibit 1-3 - First/Second/Third ALPR Council Report (MNPD ALPR pilot; attachments to RS2023-2342),https://nashville.legistar1.com/nashville/attachments/ab57b29a-4a9f-410b-be35-6bf11ca53609.PDF,"Metropolitan Nashville Police Department, reported to Metro Council (via Nashville Legistar)",statutory-report,T01;T02,US-TN:Nashville,"117 ALPR cameras in pilot (30 mobile on 10 vehicles, 76 fixed at 24 locations, 11 trailer) per Third report (live-read)",pdf,irregular,3 council reports (Third = 8 pp; 1st/2nd listed via attachments API),NONE-FOUND(checked: webapi.legistar.com/v1/nashville/matters/16430/attachments; attachment PDF),NONE-FOUND,guess:LicenseRef-PublicRecord-FactualCompilation,bytes=undetermined; facts=likely-open; derived=undetermined,free-text-narrative,origin,related:ccops_nashville,procurement:legistar;dossier_documents:pdf_text,2026-09-30T18:21:39Z,I5-Q063;I5-F138;I5-F142,live-read,"Resolution RS2023-2342 (MatterId 16430, Passed, intro 2023-07-21) approving full LPR implementation after the 2023-07-22 pilot end; Exhibits 1-3 are the pilot ALPR Council Reports (Mar/May/Jul 2023). Report is aggregate usage (camera counts by quadrant); pages beyond p1 not reviewed - flag free-text until reviewed. Other attachment URLs: 3594a1cd-...PDF (First), cfb6c728-...PDF (Second). Public route to reports the gated ccops_nashville source covers (I1 §7 row 4). operators=police; handoff→I6 (Metro Code 13.08.080 ordinance reporting; ccops_nashville consume_existing); related:camreg_nashville_tn (LPR locations layer already ingested).",I5-T00-C04-GL1,target,,,alpr-fixed;alpr-mobile,independent_account,flag,200 GET 2026-09-30T18:24:37Z (I5-F142); robots=not-read,I1:city=Nashville;I1#4;I1#9
I5-C101,Project Green Light Locations,https://services2.arcgis.com/qvkbeam7Wirps6zC/arcgis/rest/services/project_greenlight/FeatureServer/0,"City of Detroit / Detroit Police Department (via ArcGIS Online org qvkbeam7Wirps6zC, data.detroitmi.gov)",gov-open-data,T06;T07;T05,US-MI:Detroit,"1,134 participating business/organisation locations citywide per returnCountOnly (live-read)",arcgis,daily,count=1134 via returnCountOnly (live-read),"NONE-FOUND(checked: arcgis.com item b827c82731294708b500f7c10b3240b1 licenseInfo (empty); accessInformation=""Detroit Police Department (DPD)"")",NONE-FOUND,guess:LicenseRef-Detroit-OpenData-unread,bytes=undetermined; facts=likely-open; derived=undetermined,private-registrant-location,origin,new,camera_registry,2026-09-30T18:10:25Z,I5-Q054;I5-F076;I5-F077;I5-F078,live-read,"Programme started 2016-01-01; participants install real-time camera connections to DPD (item description). Fields: address, business_name, business_type, precinct, greenlight_live_date, parcel_id, lon/lat (businesses, not residences; review before publication). NEW-2: item extent -83.29,42.27,-82.91,42.45 = Detroit (in city). update_cadence basis: editingInfo.lastEditDate=2026-09-30 (live-read; cadence inferred). operators=police;business. out-of-cell→I3 (camera-registry class owner) - captured while following C03 bundle results.",I5-T00-C03-GL1,target,detroit-open-data,,camera-registry-programme;camera-fixed-cctv;rtcc,independent_account,flag,200 GET 2026-09-30T18:11:07Z (I5-F078); robots=not-read,I1:city=Detroit;I1#9
I5-C102,DPD ShotSpotter Incident Records,https://services2.arcgis.com/qvkbeam7Wirps6zC/arcgis/rest/services/ShotSpotter_911_Calls/FeatureServer/0,"City of Detroit / Detroit Police Department (via ArcGIS Online, data.detroitmi.gov)",gov-open-data,T13,US-MI:Detroit,"40,689 CAD records initiated by ShotSpotter alerts since 2023-03-15 citywide (live-read count)",arcgis,daily,count=40689 via returnCountOnly (live-read),NONE-FOUND(checked: arcgis.com item 0f58d75bf50a48b8ab97c0c8964e8344 licenseInfo (empty)),NONE-FOUND,guess:LicenseRef-Detroit-OpenData-unread,bytes=undetermined; facts=likely-open; derived=undetermined,residential-intersection,origin,new,new:arcgis_aggregate_stats,2026-09-30T18:10:25Z,I5-Q054;I5-F079;I5-F080;I5-F081,live-read,"Schema-only review: incident_location, call_description, priority, response times, zip/neighborhood/council_district/precinct, lon/lat - incident-level locations -> publish only aggregates (e.g. by precinct/month); never pull rows. Pre-2023 ShotSpotter-origin 911 calls sit in the general police-serv dataset (item description). Usage-aggregate lane for T13 (gap: no GSD usage source). operators=police. update basis: lastEditDate 2026-09-30 (live-read).",I5-T00-C03-GL1,target,detroit-open-data,SoundThinking,gunshot-detection,independent_account,flag,200 GET 2026-09-30T18:11:26Z (I5-F081); robots=not-read,I1:city=Detroit;I1#9
I5-C103,Detroit Street View CCTV Cameras,https://services2.arcgis.com/qvkbeam7Wirps6zC/arcgis/rest/services/Detroit_Street_View_CCTV_Cameras/FeatureServer/0,"City of Detroit Enterprise GIS (Detroit Street View programme, Mapillary object detections)",gov-open-data,T07,US-MI:Detroit,"7,977 CCTV-camera detections citywide (computer-vision, location reference only) per returnCountOnly (live-read)",arcgis,irregular,count=7977 via returnCountOnly (live-read),https://www.arcgis.com/sharing/rest/content/items/3b1432d58eec4f55aa02e9d755ee5ebd?f=json,"This data is FOR LOCATION REFERENCE ONLY, and should not be considered authoritative in any way. It DOES NOT INCLUDE any relevant asset information data. Content licensed under CC BY-SA 4.0",guess:CC-BY-SA-4.0,bytes=likely-open; facts=likely-open; derived=undetermined,residential-intersection,derived-from:Mapillary imagery (codgis),new,camera_registry,2026-09-30T18:10:25Z,I5-Q054;I5-F082;I5-F152,live-read,"Item created 2026-03-25; accessInformation ""Mapillary, City of Dtroit Enterprise GIS"". Detections do not distinguish public vs private cameras (inference) - private-premises cameras possible -> flag. NEW-2: extent -83.29,42.25,-82.91,42.45 (Detroit). Complements OSM/DeFlock; ShareAlike terms need rights review.",I5-T00-C03-GL1,target,detroit-open-data,Mapillary,camera-fixed-cctv,derived_summary,flag,200 GET 2026-09-30T18:27:10Z (I5-F152); robots=not-read,I1:city=Detroit;I1#9
I5-C104,"Shotspotter and Metrocams_WFL1 (layers METROCAMS, SHOTSPOTTER)",https://services2.arcgis.com/MLoS3Qx4BXmDoTIY/arcgis/rest/services/Shotspotter_and_Metrocams_WFL1/FeatureServer,"Clark County (NV) GIS Management Office (via ArcGIS Online), mapping LVMPD equipment on municipal ROW facilities",gov-open-data,T07;T13,US-NV:Las Vegas;US-NV:Clark County,95 Metrocam sites + 100 ShotSpotter points (live-read counts); Las Vegas valley,arcgis,irregular,"layer0 count=95, layer1 count=100 via returnCountOnly (live-read)",https://www.arcgis.com/sharing/rest/content/items/2ebffea0853841c5bec9c79aa3c1e594?f=json,"ALL MAPS AND DATA ARE PROVIDED WITHOUT WARRANTY OF ANY KIND, EXPRESSED OR IMPLIED.",guess:LicenseRef-ClarkCounty-GIS-disclaimer,bytes=undetermined; facts=likely-open; derived=undetermined,operator-identifier,origin,new,camera_registry,2026-09-30T18:10:25Z,I5-Q054;I5-F086;I5-F089;I5-F094;I5-F095;I5-F096;I5-F097,live-read,"Item description: interlocal agreement 2013-02-05, superseded 2020-08-04 (amended 2023-04-18) lets LVMPD use municipal ROW facilities for cameras, radios, sensors, drone detection equipment, ShotSpotter. Metrocams schema includes created_user/last_edited_user/UPDATEBY (GIS editor usernames) + TELEPHONE_NO -> block row pulls until those fields are dropped (counts + site locations are the lane). Org name via portals API (F097). NEW-2: Metrocams extent ~-115.34,36.04,-115.13,36.16; ShotSpotter ~-115.23,36.09,-115.04,36.24 (converted from 3857) - Las Vegas city + likely parts of North Las Vegas (inference). Item modified 2023-10-18. operators=police. out-of-cell→I3 (RTCC/CCTV registry owner).",I5-T00-C03-GL1,target,,SoundThinking,camera-fixed-cctv;gunshot-detection,independent_account,block,200 GET 2026-09-30T18:12:59Z (I5-F096); robots=not-read,I1:city=Las Vegas;I1:city=North Las Vegas;I1#9
I5-C105,Cleveland Police UAS Drone Transparency Dashboard,https://experience.arcgis.com/experience/b95e43bfbf2b432693f67b31c21daffc,"City of Cleveland Division of Police (via Cleveland Open Data, ArcGIS Online org dty2kHktVXHrqO8i)",gov-open-data,T14,US-OH:Cleveland,"all CDP UAS flights (time, duration, purpose, CAD number, flight path); count not read (dashboard)",arcgis,irregular,unknown (Web Experience; backing layer not enumerated),https://www.arcgis.com/sharing/rest/content/items/b95e43bfbf2b432693f67b31c21daffc?f=json,Open Data Commons Open Database License (ODbL),guess:ODbL-1.0,bytes=likely-restricted; facts=likely-open; derived=undetermined,residential-intersection;free-text-narrative,origin,new,new:arcgis_experience_backing_layer,2026-09-30T18:16:22Z,I5-Q058;I5-F110,live-read,"Item created 2025-08-12, modified 2026-03-06; describes Skydio X10 fleet. Flight paths may overfly residences and purpose is free text -> aggregate only. ODbL => share-alike on the database (compartment question like OSM, §42.3). operators=police. out-of-cell→I4 (drone class owner); handoff→I4.",I5-T00-C03-GL1,target,,Skydio,drone-dfr;drone,independent_account,flag,200 GET 2026-09-30T18:16:38Z (I5-F110); robots=not-read,I1:city=Cleveland;I1#9
I5-C106,Parks_Cameras (City of Omaha-maintained cameras; College World Series),https://services.arcgis.com/pDAi2YK0L0QxVJHj/arcgis/rest/services/Parks_Cameras/FeatureServer/0,Douglas-Omaha GIS (DOGIS) for City of Omaha Parks (via ArcGIS Online org pDAi2YK0L0QxVJHj),gov-open-data,T07,US-NE:Omaha,37 city-maintained cameras (parks / CWS area) per returnCountOnly (live-read),arcgis,static,count=37 via returnCountOnly (live-read),NONE-FOUND(checked: arcgis.com item eae5f49698654542a0390746bc2e76e1 licenseInfo (empty)),NONE-FOUND,guess:LicenseRef-PublicRecord-FactualCompilation,bytes=undetermined; facts=likely-open; derived=undetermined,none-observed,origin,new,camera_registry,2026-09-30T18:10:25Z,I5-Q054;I5-F085;I5-F091,live-read,"Snippet: ""Camera's that the City of Omaha maintains. This layer is used for the College World Series."" Item created/modified 2021-06-16 (static basis). Same org also holds Traffic_Cameras (f6d5a4ec...) and DCGIS drone imagery/Drone Program StoryMaps (Q058) - drone items are county GIS mapping, not police (inference). NEW-2: extent -96.02,41.19,-95.92,41.31 (Omaha). operators=police? unknown (parks).",I5-T00-C03-GL1,target,,,camera-fixed-cctv,independent_account,pass,200 GET 2026-09-30T18:11:57Z (I5-F091); robots=not-read,I1:city=Omaha;I1#9
I5-C107,Traffic_Cameras / Traffic Operations - Public Monitoring Cameras (City of Lincoln),https://services1.arcgis.com/wpJGOi6N4Rq5cqFv/arcgis/rest/services/Traffic_Cameras/FeatureServer/0,"City of Lincoln, NE Traffic Operations (via Lincoln-Lancaster County ArcGIS Online org wpJGOi6N4Rq5cqFv)",gov-open-data,T08;T07,US-NE:Lincoln,55 traffic monitoring cameras per returnCountOnly (live-read),arcgis,unknown,count=55 via returnCountOnly (live-read),"NONE-FOUND(checked: arcgis.com item d59b7eb12d614bb1a0c3a8a0b205d531 (accessInformation ""City of Lincoln, NE""))",NONE-FOUND,guess:LicenseRef-PublicRecord-FactualCompilation,bytes=undetermined; facts=likely-open; derived=undetermined,none-observed,origin,new,dot_511:arcgis_query,2026-09-30T18:10:25Z,I5-Q054;I5-Q058;I5-F084;I5-F092;I5-F153,live-read,"Older MapServer http://ags3.lincoln.ne.gov/.../Traffic_PublicMonitoringCameras unreachable (curl error, F092); also Traffic_CameraViewshed and Traffic_MonitoringCameras MapServers on same host (Q058). NEW-2: extent -96.79,40.73,-96.60,40.88 (Lincoln). operators=dot.",I5-T00-C03-GL1,target,,,camera-ptz;camera-fixed-cctv,independent_account,pass,200 GET 2026-09-30T18:27:12Z (I5-F153); robots=not-read,I1:city=Lincoln;I1#9
I5-C108,v2. Community Camera Partnership (Survey123 form service),https://services1.arcgis.com/WHM6qC35aMtyAAlN/arcgis/rest/services/service_33d66be71f8e48989b1721990149f170/FeatureServer,City of Boise (Boise PD community camera partnership; ArcGIS Online org WHM6qC35aMtyAAlN),gov-open-data,T06,US-ID:Boise,unknown - query operation not supported on the form layer (live-read),arcgis,unknown,"unknown (returnCountOnly refused: ""This operation is not supported."")",NONE-FOUND(checked: arcgis.com item bb0c7050399749fca5c9d8303d6cefd5 (licenseInfo empty)),NONE-FOUND,guess:LicenseRef-unknown,bytes=undetermined; facts=undetermined; derived=undetermined,private-registrant-location;home-address,origin,new,camera_registry,2026-09-30T18:10:25Z,I5-Q054;I5-F083;I5-F093,live-read,"LEAD-ONLY metadata: XForm (Survey123) registration service, created 2024-05-20, modified 2025-01-24; evidences a Boise PD private-camera registration programme exists. Registrant rows = residents -> never touch; only a published programme count would be admissible. operators=police;hoa;business. out-of-cell→I3 (camera-registry class owner).",I5-T00-C03-GL1,publisher,,,camera-registry-programme,independent_account,block,200 GET 2026-09-30T18:12:30Z (I5-F093); robots=not-read,I1:city=Boise;I1#9
I5-C109,HPD C.A.P.T.U.R.E Program (web map),https://www.arcgis.com/home/item.html?id=21813cb9866848f1ad61c80bf72d3e74,City of Henderson Police Department (via ArcGIS Online org naGsY5NZWVbd6bwD),gov-open-data,T06,US-NV:Henderson,unknown - registrant layer on internal host (not public),other,unknown,unknown,NONE-FOUND(checked: arcgis.com item 21813cb9866848f1ad61c80bf72d3e74 + /data),NONE-FOUND,guess:LicenseRef-unknown,bytes=undetermined; facts=undetermined; derived=undetermined,private-registrant-location;home-address,origin,new,camera_registry,2026-09-30T18:16:22Z,I5-Q058;I5-F111;I5-F112,live-read,"LEAD-ONLY: C.A.P.T.U.R.E. = ""Community Awareness Program through Utilizing Residential Electronic Eyes"" - residents register private home camera systems with HPD (item description). Web map (modified 2021-12-02) references layers Capture/Neighborhood Watch on cohmaps.ad.cityofhenderson.com (internal AD host, not public). Programme page on cityofhenderson.com is 403 to this row (F123). Contact names in accessInformation not copied. operators=police. out-of-cell→I3.",I5-T00-C03-GL1,publisher,,,camera-registry-programme,independent_account,block,200 GET 2026-09-30T18:16:41Z (I5-F112); robots=not-read,I1:city=Henderson;I1#9
I5-C110,Houston Police Department General Orders,https://www.houstontx.gov/police/general_orders/index.htm,Houston Police Department,other,T00;T01;T07;T23,US-TX:Houston,"HPD general-orders index incl. 400-12 Surveillance Equipment, 400-28 Body Worn Cameras, 400-29 Automated License Plate Recognition (live-read)",html,irregular,index page; per-order PDFs not fetched,NONE-FOUND(checked: https://www.houstontx.gov/police/general_orders/index.htm),NONE-FOUND,guess:LicenseRef-PublicRecord-FactualCompilation,bytes=undetermined; facts=likely-open; derived=undetermined,none-observed,origin,new,dossier_documents:html_text;dossier_documents:pdf_text,2026-09-30T18:26:36Z,I5-F148,live-read,Channel identity for HPD policy (URL probed directly; WebSearch unavailable). Also lists 800-04 Reception and Dissemination of Criminal Intelligence Information. operators=police.,I5-T00-C05-GL1,channel,,,alpr-fixed;bwc,independent_account,pass,200 GET 2026-09-30T18:26:36Z (I5-F148); robots=not-read,I1:city=Houston;I1#9
I5-C111,APD Standard Operating Procedures (incl. SOP 1-22 Automated License Plate Reader Program),https://www.cabq.gov/police/standard-operating-procedures,Albuquerque Police Department,other,T00;T01;T17;T05,US-NM:Albuquerque,APD SOP manual (General/Procedural/Administrative Orders) online; SOP 1-22 ALPR effective 2023-07-17 (live-read),pdf,annual,SOP 1-22 = 3 pp; other SOP PDFs under documents.cabq.gov/police/standard-operating-procedures/,NONE-FOUND(checked: cabq.gov SOP page; SOP 1-22 PDF),NONE-FOUND,guess:LicenseRef-PublicRecord-FactualCompilation,bytes=undetermined; facts=likely-open; derived=undetermined,none-observed,origin,new,dossier_documents:pdf_text,2026-09-30T18:20:22Z,I5-L205;I5-F126;I5-F129,live-read,"SOP 1-22 header: ""Effective: 07/17/2023 Review: 07/17/2024 Replaces: 09/08/2021"" (annual review basis). Atlas leads (not fetched): SOP 2-14 Use of Cell Site Simulator Technology, 5-9 Real-Time Crime Center; APD also on PowerDMS public (public.powerdms.com/COA). SOP page nav links ""Albuquerque Community Connect Camera Registry and Integration"" (out-of-cell→I3). operators=police.",I5-T00-C05-GL1,channel,,,alpr-fixed;alpr-mobile;cell-site-simulator;rtcc,independent_account,pass,200 GET 2026-09-30T18:20:59Z (I5-F129); robots=not-read,I1:city=Albuquerque;I1#9
I5-C112,Honolulu Police Department policy - Automated License Plate Reader,https://www.honolulupd.org/policy/policy-automated-license-plate-reader/,Honolulu Police Department,other,T01,US-HI:Honolulu,HPD publishes policies as individual web pages under honolulupd.org/policy/ (live-read); ALPR policy present,html,irregular,1 policy page (ALPR); policy index /policy/ serves,NONE-FOUND(checked: honolulupd.org/policy/),NONE-FOUND,guess:LicenseRef-PublicRecord-FactualCompilation,bytes=undetermined; facts=likely-open; derived=undetermined,none-observed,origin,new,dossier_documents:html_text,2026-09-30T18:20:24Z,I5-L205;I5-F127;I5-F130,live-read,"Policy text: HPD ""shall utilize ALPR technology only for official law enforcement purposes""; defines ALPR Operator as trained sworn member (role, not names). Atlas lead also cites honolulupd.org facial-recognition program PDF (2016, not fetched) and HPC (Police Commission) minutes. operators=police.",I5-T00-C05-GL1,channel,,,alpr-mobile,independent_account,pass,200 GET 2026-09-30T18:21:01Z (I5-F130); robots=not-read,I1:city=Honolulu;I1#9
I5-C113,Anaheim PD Policy Manual (Lexipol),https://www.anaheim.net/DocumentCenter/View/29459/APD-Policy-Manual,Anaheim Police Department (Lexipol-licensed manual),other,T01;T07;T14;T23,US-CA:Anaheim,"689-pp manual; TOC: 341 Overt Camera System, 425 Body Worn Cameras, 427 Automated License Plate Readers, 607 UAS Operations (live-read)",pdf,irregular,"689 pages (2,050,536 bytes)",https://www.anaheim.net/DocumentCenter/View/29459/APD-Policy-Manual,"Copyright Lexipol, LLC 2020/08/27, All Rights Reserved. Published with permission by Anaheim Police Department",guess:LicenseRef-Lexipol-AllRightsReserved,bytes=likely-restricted; facts=likely-open; derived=undetermined,none-observed,origin,new,dossier_documents:pdf_text,2026-09-30T18:21:04Z,I5-L205;I5-F132,live-read,"This DocumentCenter version is the 2020-08-27 edition; Atlas also cites DocumentCenter/View/44660 (newer, not fetched) and AB 481 military-equipment annual reports (state-mandated -> handoff→I6). Lexipol copyright => bytes restricted, policy facts extractable. vendors=Lexipol (manual publisher). operators=police.",I5-T00-C05-GL1,channel,,Lexipol,alpr-fixed;drone;bwc;camera-fixed-cctv,independent_account,pass,200 GET 2026-09-30T18:21:04Z (I5-F132); robots=not-read,I1:city=Anaheim;I1#9
I5-C114,Omaha Police Department ALPR Report 6-1-23 - 6-1-24,https://police.cityofomaha.org/images/crime-statistics-reports/Omaha_Police_Department_ALPR_Report_6-1-23_-_6-1-24.pdf,Omaha Police Department,statutory-report,T01,US-NE:Omaha,annual ALPR usage report (not read - access denied),other,annual,unknown,NONE-FOUND(checked: host 403),NONE-FOUND,guess:LicenseRef-PublicRecord-FactualCompilation,bytes=undetermined; facts=likely-open; derived=undetermined,none-observed,origin,new,dossier_documents:pdf_text,2026-09-30T18:20:21Z,I5-L205;I5-F125,live-read,"LEAD-ONLY: access-blocked (Akamai 403 ""Access Denied""; host police.cityofomaha.org stop-listed for this row). Atlas lead; annual cadence inferred from the 6/1-6/1 period in the filename; Nebraska ALPR statute context -> handoff→I6. operators=police.",I5-T00-C04-GL1,channel,,,alpr-fixed;alpr-mobile,independent_account,pass,403 GET 2026-09-30T18:20:21Z (I5-F125); robots=not-read; challenge-marker,I1:city=Omaha;I1#4;I1#9
I5-C115,Board of Police Commissioners (BOPC),https://detroitmi.gov/government/boards/board-police-commissioners,City of Detroit Board of Police Commissioners,agenda,T00,US-MI:Detroit,civilian oversight body; weekly meetings (agendas/minutes) (live-read),html,weekly,weekly agendas; archive depth not read,NONE-FOUND(checked: detroitmi.gov BOPC page),NONE-FOUND,guess:LicenseRef-PublicRecord-FactualCompilation,bytes=undetermined; facts=likely-open; derived=undetermined,none-observed,origin,new,dossier_documents:pdf_text,2026-09-30T18:26:38Z,I5-L205;I5-F149,live-read,"Page: ""The BOPC meets every week ... each Thursday at 3:00 pm except the second Thursday"" (community meetings). Atlas cites a 2019-02-28 BOPC meeting PDF on drones (lead). BOPC reviews DPD technology (facial recognition directive) - per-meeting document enumeration not done. Detroit agenda tenants: detroit_mi legistar (0 surveillance matters since 2022, Q064) and detroitmi escribe (current). operators=police.",I5-T00-C04-GL1,channel,,,oversight-body,independent_account,pass,200 GET 2026-09-30T18:26:38Z (I5-F149); robots=not-read,I1:city=Detroit;I1#9
I5-C116,Charlotte City Council legislation (Legistar charlottenc) - surveillance-bundle yield,https://webapi.legistar.com/v1/charlottenc/matters,"City of Charlotte, NC (via Granicus Legistar InSite tenant charlottenc)",agenda,T00;T14;T09;T07;T23,US-NC:Charlotte,"19 matters matching the multi-class bundle (all years); incl. 2025-10-17 Drones as First Responders Program (15-25090), 2026 Pilot Red Light Camera Program, 2021 Tasers/Body Cameras (live-read)",api,weekly,19 matters matching the multi-class bundle (all years),NONE-FOUND(checked: webapi.legistar.com/v1/charlottenc),NONE-FOUND,guess:LicenseRef-PublicRecord-FactualCompilation,bytes=undetermined; facts=likely-open; derived=undetermined,none-observed,origin,related:legistar,procurement:legistar,2026-09-30T18:17:34Z,I5-Q059;I5-F139,live-read,"Tenant verified serving (200). REGISTRY DEFECT: agenda_tenants.toml [tenants.charlotte_ia] labels tenant charlottenc as ""City of Charlotte, IA"" - matters reference CATS (Charlotte Area Transit) and Charlotte airport, i.e. Charlotte NC; I1 §4 therefore shows Charlotte Agenda ""-"". DFR matter 28406 attachments = 1 budget ordinance (CMPF donation) (F139). operators=police;transit. Registry: related:legistar (agenda_tenants charlotte_ia - mislabelled)",I5-T00-C07-GL1,channel,,,,independent_account,pass,200 GET 2026-09-30T18:17:34Z (I5-Q059); robots=not-read,I1:city=Charlotte;I1#9
I5-C117,Newark Municipal Council legislation (Legistar newark) - resolves unresolved tenant,https://webapi.legistar.com/v1/newark/matters,"City of Newark, NJ (via Granicus Legistar InSite tenant newark)",agenda,T01;T13;T07;T14,US-NJ:Newark,"200 matters (cap) matching bundle, 2000-2026; ALPR/license-plate 16, ShotSpotter 3, drone 5 (live-read)",api,weekly,"200 matters (cap) matching bundle, 2000-2026",NONE-FOUND(checked: webapi.legistar.com/v1/newark),NONE-FOUND,guess:LicenseRef-PublicRecord-FactualCompilation,bytes=undetermined; facts=likely-open; derived=undetermined,none-observed,origin,related:legistar,procurement:legistar,2026-09-30T18:17:39Z,I5-Q061,live-read,"Resolution: tenant ""newark"" = Newark NJ (matter texts: Department of Public Safety, Division of Police; entity addresses Newark NJ). Highlights: 26-0779 (2026-05-18, Adopted) Sourcewell co-op #030425-SND ShotSpotter subscription; 26-0345 (2026-03-12) bucket truck for installing pole cameras and ALPR. Many ""surveillance"" hits are WIC/security-guard noise. contract_ids=Sourcewell-030425-SND. operators=police. Registry: related:legistar (agenda_tenants newark - jurisdiction unresolved)",I5-T00-C07-GL1,channel,,SoundThinking,,independent_account,pass,200 GET 2026-09-30T18:17:39Z (I5-Q061); robots=not-read,I1:city=Newark;I1#9
I5-C118,Cleveland City Council legislation (Legistar cityofcleveland) - surveillance-bundle yield,https://webapi.legistar.com/v1/cityofcleveland/matters,"City of Cleveland, OH (via Granicus Legistar InSite tenant cityofcleveland)",agenda,T01;T13;T06;T09;T23,US-OH:Cleveland,"13 matters since 2022 (live-read); 683-2026 Flock ALPR licence renewal (Passed), 1367-2025 Flock contract, 909-2022 ShotSpotter gunfire detection (ARPA, to 2024-12-31), 212-2022 home-camera footage sharing (repeals Ring Neighbors ordinance 454-2021)",api,weekly,13 matters since 2022 (live-read),NONE-FOUND(checked: webapi.legistar.com/v1/cityofcleveland),NONE-FOUND,guess:LicenseRef-PublicRecord-FactualCompilation,bytes=undetermined; facts=likely-open; derived=undetermined,none-observed,origin,related:legistar,procurement:legistar,2026-09-30T18:21:43Z,I5-Q065,live-read,"Known tenant (L201) - one bundle query proves surveillance yield for C09 contract evidence. 1041-2026 waiver of pre-2014 red-light/speed camera citations. contract/ordinance ids: 683-2026, 1367-2025, 909-2022, 212-2022. operators=police. Registry: related:legistar (agenda_tenants cleveland_oh)",I5-T00-C07-GL1,channel,,Flock Safety;SoundThinking;Ring,,independent_account,pass,200 GET 2026-09-30T18:21:43Z (I5-Q065); robots=not-read,I1:city=Cleveland;I1#9
I5-C119,Winston-Salem City Council legislation (Legistar winston-salem) - surveillance-bundle yield,https://webapi.legistar.com/v1/winston-salem/matters,"City of Winston-Salem, NC (via Granicus Legistar InSite tenant winston-salem)",agenda,T01;T02;T05;T07;T13;T14,US-NC:Winston-Salem,"10 matters since 2022 (live-read): 26-0380 Update on Camera Technology and Community Trust (2026-09-04); 24-0510 DFR programme update; 23-0305/23-0248 ShotSpotter/SoundThinking; 22-0517 Flock ALPR encroachment; 22-0167 ALPR pilot; 22-0116 RTCC turnkey (Constant Technologies $638,965.63); 23-0294/22-0230 Call24 public-safety cameras ($900,000/$600,000); 24-0475 LPR parking enforcement",api,weekly,10 matters since 2022 (live-read): 26-0380 Update on Camera Technology and Community Trust (2026-09-04),NONE-FOUND(checked: webapi.legistar.com/v1/winston-salem),NONE-FOUND,guess:LicenseRef-PublicRecord-FactualCompilation,bytes=undetermined; facts=likely-open; derived=undetermined,none-observed,origin,related:legistar,procurement:legistar,2026-09-30T18:24:50Z,I5-Q072;I5-F143;I5-F150,live-read,"Known tenant; attachment list for 26-0380 (F143) gives presentation PDF + INFO docx, but the legistar1.com attachment URL returned 404 (F150). contract values from matter titles. operators=police. Registry: related:legistar (agenda_tenants winston_salem_nc)",I5-T00-C07-GL1,channel,,Flock Safety;SoundThinking;Constant Technologies;Call24,,independent_account,pass,200 GET 2026-09-30T18:24:50Z (I5-Q072); robots=not-read,I1:city=Winston-Salem;I1#9
I5-C120,Saint Paul City Council legislation (Legistar stpaul) - surveillance-bundle yield,https://webapi.legistar.com/v1/stpaul/matters,"City of Saint Paul, MN (via Granicus Legistar InSite tenant stpaul)",agenda,T01;T07;T14,US-MN:Saint Paul,5 matters since 2022 (live-read): RES 26-1421 (2026-08-19) ending City/Ramsey County Flock contracts; SR 26-132 SPPD technology & camera capabilities presentation; SR 26-133 ACLU-MN ALPR regulation presentation; PH 26-16 public comment on surveillance technology; PH 23-2 UAS draft policy,api,weekly,5 matters since 2022 (live-read): RES 26-1421 (2026-08-19) ending City/Ramsey County Flock contracts,NONE-FOUND(checked: webapi.legistar.com/v1/stpaul),NONE-FOUND,guess:LicenseRef-PublicRecord-FactualCompilation,bytes=undetermined; facts=likely-open; derived=undetermined,none-observed,origin,related:legistar,procurement:legistar,2026-09-30T18:24:52Z,I5-Q073;I5-F144;I5-F151,live-read,Known tenant. SR 26-132 attachment (SPPD PUBLIC SAFETY TECHNOLOGY PRESENTATION 6.24.2026) listed by API (F144) but legistar1.granicus.com URL 404 (F151). MN state LPR reporting (BCA) is state-level -> I6. operators=police. Registry: related:legistar (agenda_tenants saint_paul_mn),I5-T00-C07-GL1,channel,,Flock Safety,,independent_account,pass,200 GET 2026-09-30T18:24:52Z (I5-Q073); robots=not-read,I1:city=St. Paul;I1#9
I5-C121,Madison Common Council legislation (Legistar madison) - surveillance-bundle yield,https://webapi.legistar.com/v1/madison/matters,"City of Madison, WI (via Granicus Legistar InSite tenant madison)",agenda,T00;T14;T23;T07,US-WI:Madison,"37 matters since 2022 (live-read): 94144 Accepting the 2026 Agency Annual Surveillance Technology Reports (2025 CY); 94908 $200,000 DFR pilot microgrant; 93413 Parks Division Surveillance Policy; MPD draft BWC policy items (2026-09)",api,weekly,37 matters since 2022 (live-read): 94144 Accepting the 2026 Agency Annual Surveillance Technology Reports (2025 CY),NONE-FOUND(checked: webapi.legistar.com/v1/madison),NONE-FOUND,guess:LicenseRef-PublicRecord-FactualCompilation,bytes=undetermined; facts=likely-open; derived=undetermined,none-observed,origin,related:legistar,procurement:legistar,2026-09-30T18:24:55Z,I5-Q074,live-read,Known tenant. Annual Surveillance Technology Reports are ordinance-mandated (Madison surveillance-technology ordinance) -> handoff→I6 (C06 CCOPS owner). operators=police;campus? Registry: related:legistar (agenda_tenants madison_wi),I5-T00-C07-GL1,channel,,,,independent_account,pass,200 GET 2026-09-30T18:24:55Z (I5-Q074); robots=not-read,I1:city=Madison;I1#4;I1#9
I5-C122,Albuquerque City Council legislation (Legistar cabq) - surveillance-bundle yield,https://webapi.legistar.com/v1/cabq/matters,"City of Albuquerque, NM (via Granicus Legistar InSite tenant cabq)",agenda,T01;T09,US-NM:Albuquerque,3 matters since 2022 (live-read): R-23-159 (Enacted 2023-08-21) amending R-2013-114 LPR record purge timeframes; R-22-76 noise-camera enforcement pilot,api,weekly,3 matters since 2022 (live-read): R-23-159 (Enacted 2023-08-21) amending R-2013-114 LPR record purge timeframes,NONE-FOUND(checked: webapi.legistar.com/v1/cabq),NONE-FOUND,guess:LicenseRef-PublicRecord-FactualCompilation,bytes=undetermined; facts=likely-open; derived=undetermined,none-observed,origin,related:legistar,procurement:legistar,2026-09-30T18:21:46Z,I5-Q066,live-read,Known tenant; LPR retention policy by council resolution complements APD SOP 1-22 (see ABQ SOP row). operators=police. Registry: related:legistar (agenda_tenants albuquerque_nm),I5-T00-C07-GL1,channel,,,,independent_account,pass,200 GET 2026-09-30T18:21:46Z (I5-Q066); robots=not-read,I1:city=Albuquerque;I1#9
I5-C123,Metro Nashville Council legislation (Legistar nashville) - surveillance-bundle yield,https://webapi.legistar.com/v1/nashville/matters,"Metropolitan Government of Nashville and Davidson County, TN (via Granicus Legistar InSite tenant nashville)",agenda,T01;T05;T07;T14;T23,US-TN:Nashville,"58 matters since 2022 (live-read; many health-""surveillance"" false positives): RS2023-2342 LPR full implementation (Passed); BL2023-71 LPR placement/signage; RS2024-792 Fusus sole-source increase (Failed); RS2025-1129 LPR procurement (Withdrawn); BL2025-690 community safety camera network (Passed); BL2026-1498 DFR/UAS/surveillance technology (Passed); BL2025-1138 Motorola BWC contract #455783 amendment",api,weekly,58 matters since 2022 (live-read,NONE-FOUND(checked: webapi.legistar.com/v1/nashville),NONE-FOUND,guess:LicenseRef-PublicRecord-FactualCompilation,bytes=undetermined; facts=likely-open; derived=undetermined,none-observed,origin,related:legistar,procurement:legistar,2026-09-30T18:21:39Z,I5-Q063,live-read,"Known tenant; code section 13.08.080 is Nashville's surveillance/LPR ordinance -> handoff→I6 (ccops_nashville gated, consume_existing). contract_ids=455783. operators=police. Registry: related:legistar (agenda_tenants nashville_tn); related:ccops_nashville",I5-T00-C07-GL1,channel,,Fusus;Motorola Solutions,,independent_account,pass,200 GET 2026-09-30T18:21:39Z (I5-Q063); robots=not-read,I1:city=Nashville;I1#9
I5-C124,Jersey City Digital Agenda (Municipal Council portal),https://cityofjerseycity.civicweb.net/Portal/,"City of Jersey City, NJ Municipal Council",agenda,T00,US-NJ:Jersey City,council + boards agendas/minutes platform (identity verified live),html,weekly,not enumerated,NONE-FOUND(checked: https://cityofjerseycity.civicweb.net/Portal/),NONE-FOUND,guess:LicenseRef-PublicRecord-FactualCompilation,bytes=undetermined; facts=likely-open; derived=undetermined,none-observed,origin,new,new:civicweb,2026-09-30T18:17:37Z,I5-Q060;I5-F113,live-read,"Platform: iCompass/Diligent CivicWeb (""Welcome to the City of Jersey City's Municipal Council web portal""). Legistar client cityofjerseycity not provisioned (Q060, 500 envelope). No registry tenant. operators=n/a.",I5-T00-C07-GL1,channel,,,,independent_account,pass,200 GET 2026-09-30T18:18:22Z (I5-F113); robots=not-read,I1:city=Jersey City;I1#9
I5-C125,"Agenda Center - Durham, NC (CivicEngage)",https://www.durhamnc.gov/AgendaCenter,"City of Durham, NC",agenda,T00,US-NC:Durham,council + boards agendas/minutes platform (identity verified live),html,weekly,not enumerated,NONE-FOUND(checked: https://www.durhamnc.gov/AgendaCenter),NONE-FOUND,guess:LicenseRef-PublicRecord-FactualCompilation,bytes=undetermined; facts=likely-open; derived=undetermined,none-observed,origin,new,new:civicplus_agendacenter,2026-09-30T18:18:25Z,I5-F115,live-read,Platform: CivicPlus CivicEngage AgendaCenter; City Council meeting and work-session agendas; ViewFile/Agenda/_<date>-<id> PDFs (e.g. _09242026-3581). Registry guessed Legistar durhamnc = not provisioned (agenda_tenants.toml header).,I5-T00-C07-GL1,channel,,,,independent_account,pass,200 GET 2026-09-30T18:18:25Z (I5-F115); robots=not-read,I1:city=Durham;I1#9
I5-C126,"Agenda Center - Hialeah, FL (CivicEngage)",https://www.hialeahfl.gov/AgendaCenter,"City of Hialeah, FL",agenda,T00,US-FL:Hialeah,council + boards agendas/minutes platform (identity verified live),html,weekly,not enumerated,NONE-FOUND(checked: https://www.hialeahfl.gov/AgendaCenter),NONE-FOUND,guess:LicenseRef-PublicRecord-FactualCompilation,bytes=undetermined; facts=likely-open; derived=undetermined,none-observed,origin,new,new:civicplus_agendacenter,2026-09-30T18:18:27Z,I5-F116,live-read,Platform: CivicPlus CivicEngage AgendaCenter (City Council category present).,I5-T00-C07-GL1,channel,,,,independent_account,pass,200 GET 2026-09-30T18:18:27Z (I5-F116); robots=not-read,I1:city=Hialeah;I1#9
I5-C127,Frisco OnBase Agenda Online,https://agenda.friscotexas.gov/OnBaseAgendaOnline/,"City of Frisco, TX",agenda,T00,US-TX:Frisco,council + boards agendas/minutes platform (identity verified live),html,weekly,not enumerated,NONE-FOUND(checked: https://agenda.friscotexas.gov/OnBaseAgendaOnline/),NONE-FOUND,guess:LicenseRef-PublicRecord-FactualCompilation,bytes=undetermined; facts=likely-open; derived=undetermined,none-observed,origin,new,new:onbase_agendaonline,2026-09-30T18:18:57Z,I5-F119,live-read,"City page /712/Agendas-Meetings-Ordinances links Hyland OnBase Agenda Online (agenda.friscotexas.gov). Registry holds PrimeGov tenant ""friscotexas"" (jurisdiction unresolved; robots Disallow platform-wide) - slug = Frisco TX but the city's current public agenda link is OnBase, so the PrimeGov tenant may be stale/secondary (finding). Atlas lead: friscotexas.gov/1165/SafeCam (camera registry -> I3).",I5-T00-C07-GL1,channel,,,,independent_account,pass,200 GET 2026-09-30T18:18:57Z (I5-F119); robots=not-read,I1:city=Frisco;I1#9
I5-C128,Tampa City Council OnBase Agenda Online,https://tampagov.hylandcloud.com/251agendaonline/,"City of Tampa, FL",agenda,T00,US-FL:Tampa,council + boards agendas/minutes platform (identity verified live),html,weekly,not enumerated,NONE-FOUND(checked: https://tampagov.hylandcloud.com/251agendaonline/),NONE-FOUND,guess:LicenseRef-PublicRecord-FactualCompilation,bytes=undetermined; facts=likely-open; derived=undetermined,none-observed,origin,new,new:onbase_agendaonline,2026-09-30T18:18:24Z,I5-F114;I5-F124,live-read,Link observed on tampa.gov homepage (F124); target not fetched. Guessed /221agendaonline path 404 (F114). Registry guessed Legistar tampa = not provisioned. Atlas leads: tampagov.net/police/project-rec (camera registry -> I3); BidNet closed contract for TPD UAS (lead).,I5-T00-C07-GL1,channel,,,,independent_account,pass,200 GET 2026-09-30T18:19:09Z (I5-F124); robots=not-read,I1:city=Tampa;I1#9
I5-C129,Omaha City Clerk - City Council agendas,https://clerk.omaha.gov/category/city-council-downloads/agendas/,"City of Omaha, NE City Clerk",agenda,T00,US-NE:Omaha,council + boards agendas/minutes platform (identity verified live),html,weekly,not enumerated,NONE-FOUND(checked: https://clerk.omaha.gov/category/city-council-downloads/agendas/),NONE-FOUND,guess:LicenseRef-PublicRecord-FactualCompilation,bytes=undetermined; facts=likely-open; derived=undetermined,none-observed,origin,new,dossier_documents:pdf_text,2026-09-30T18:18:58Z,I5-F120,live-read,cityclerk.cityofomaha.org redirects to clerk.omaha.gov (WordPress); council agendas as downloads + Laserfiche public-documents FAQ. No vendor agenda API found (negative for Legistar/PrimeGov/CivicClerk/Granicus in registry).,I5-T00-C07-GL1,channel,,,,independent_account,pass,200 GET 2026-09-30T18:18:58Z (I5-F120); robots=not-read,I1:city=Omaha;I1#9
I5-C130,Anchorage Assembly - Meetings,https://www.muni.org/Departments/Assembly/Pages/default.aspx,Municipality of Anchorage Assembly,agenda,T00,US-AK:Anchorage,council + boards agendas/minutes platform (identity verified live),html,weekly,not enumerated,NONE-FOUND(checked: https://www.muni.org/Departments/Assembly/Pages/default.aspx),NONE-FOUND,guess:LicenseRef-PublicRecord-FactualCompilation,bytes=undetermined; facts=likely-open; derived=undetermined,none-observed,origin,new,dossier_documents:pdf_text,2026-09-30T18:19:00Z,I5-F121,live-read,SharePoint pages (Meetings-Worksessions.aspx; muni.org/Residents/Pages/MuniMeetings.aspx); no vendor agenda platform link observed. Atlas lead: AO 2018-5 Use of Drones ordinance PDF on muni.org (not fetched).,I5-T00-C07-GL1,channel,,,,independent_account,pass,200 GET 2026-09-30T18:19:00Z (I5-F121); robots=not-read,I1:city=Anchorage;I1#9
I5-C131,Memphis City Council meeting agenda,https://memphistn.gov/city-council-meeting-agenda/,"City of Memphis, TN City Council",agenda,T00,US-TN:Memphis,council + boards agendas/minutes platform (identity verified live),html,weekly,not enumerated,NONE-FOUND(checked: https://memphistn.gov/city-council-meeting-agenda/),NONE-FOUND,guess:LicenseRef-PublicRecord-FactualCompilation,bytes=undetermined; facts=likely-open; derived=undetermined,none-observed,origin,new,dossier_documents:pdf_text,2026-09-30T18:21:07Z,I5-F134,live-read,memphistn.gov (WordPress) hosts council agenda/archives pages; no Legistar/Granicus/PrimeGov/CivicClerk link found on homepage; registry guessed Legistar memphis = not provisioned.,I5-T00-C07-GL1,channel,,,,independent_account,pass,200 GET 2026-09-30T18:21:07Z (I5-F134); robots=not-read,I1:city=Memphis;I1#9
I5-C132,BidNet Direct storefront - City of Hialeah,https://www.bidnetdirect.com/florida/cityofhialeah,"City of Hialeah, FL (via BidNet Direct)",procurement,T00,US-FL:Hialeah,agency storefront on BidNet Direct participating-buyers list (live-read),html,daily,storefront index not fetched,NONE-FOUND(checked: participating-buyers page; see registry review packet docs/build/reports/rights/bidnet_direct.md),NONE-FOUND,guess:LicenseRef-BidNet-Terms,bytes=undetermined; facts=likely-open; derived=undetermined,none-observed,origin,related:bidnet_direct,procurement:bidnet,2026-09-30T18:24:15Z,I5-F140,live-read,"New tenant for procurement_portal_tenants.toml (not in registry). Same FL list: no storefront for Tampa, St. Petersburg or Cape Coral (negatives).",I5-T00-C09-GL1,channel,,,,independent_account,pass,200 GET 2026-09-30T18:24:15Z (I5-F140); robots=not-read,I1:city=Hialeah;I1#9
I5-C133,BidNet Direct storefront - City of Winston-Salem and Forsyth County,https://www.bidnetdirect.com/north-carolina/cityofwinstonsalem,"City of Winston-Salem and Forsyth County, NC (joint purchasing) (via BidNet Direct)",procurement,T00,US-NC:Winston-Salem;US-NC:Forsyth County,agency storefront on BidNet Direct participating-buyers list (live-read),html,daily,storefront index not fetched,NONE-FOUND(checked: participating-buyers page; see registry review packet docs/build/reports/rights/bidnet_direct.md),NONE-FOUND,guess:LicenseRef-BidNet-Terms,bytes=undetermined; facts=likely-open; derived=undetermined,none-observed,origin,related:bidnet_direct,procurement:bidnet,2026-09-30T18:24:17Z,I5-F141,live-read,"New tenant. Same NC list: Durham County present (county, GL3 -> part C); no storefront for Charlotte, Durham city or Greensboro (negatives).",I5-T00-C09-GL1,channel,,,,independent_account,pass,200 GET 2026-09-30T18:24:17Z (I5-F141); robots=not-read,I1:city=Winston-Salem;I1#9
I5-C134,BidNet Direct storefront - City of Jersey City,https://www.bidnetdirect.com/new-jersey/cityofjerseycity,"City of Jersey City, NJ (via BidNet Direct)",procurement,T00,US-NJ:Jersey City,agency storefront on BidNet Direct participating-buyers list (live-read),html,daily,storefront index not fetched,NONE-FOUND(checked: participating-buyers page; see registry review packet docs/build/reports/rights/bidnet_direct.md),NONE-FOUND,guess:LicenseRef-BidNet-Terms,bytes=undetermined; facts=likely-open; derived=undetermined,none-observed,origin,related:bidnet_direct,procurement:bidnet,2026-09-30T18:26:32Z,I5-F146,live-read,New tenant. NJ list: no City of Newark storefront (negative). VA list (F145): no Norfolk/Chesapeake/Virginia Beach; TX list (F147): no Houston/Plano/Frisco (negatives).,I5-T00-C09-GL1,channel,,,,independent_account,pass,200 GET 2026-09-30T18:26:32Z (I5-F146); robots=not-read,I1:city=Jersey City;I1#9
I5-C135,RFP2449 Real-Time Intelligence Center Enterprise Solution,https://www.cityofws.org/DocumentCenter/View/30154/WebDoc---Real-Time-Intelligence-Center-Enterprise-Solution---RFP2449?bidId=,Winston-Salem / Forsyth County Purchasing Division for Forsyth County Sheriff's Office,procurement,T05;T07,US-NC:Forsyth County;US-NC:Winston-Salem,"one RFP (issued 2023-08-11, proposals due 2023-09-05) (live-read)",pdf,static,25 pp,NONE-FOUND(checked: RFP PDF),NONE-FOUND,guess:LicenseRef-PublicRecord-FactualCompilation,bytes=undetermined; facts=likely-open; derived=undetermined,none-observed,origin,new,dossier_documents:pdf_text,2026-09-30T18:21:02Z,I5-L205;I5-F131,live-read,RTIC for FCSO (county sheriff; summary video by GOFCSONC cited in RFP). Buyer contact name/email in RFP not copied. Channel: cityofws.org DocumentCenter bid documents (joint City-County purchasing). Award not found (no query budget). operators=sheriff. county-level overlap -> part C (GL3).,I5-T00-C09-GL1,target,,,rtcc,independent_account,pass,200 GET 2026-09-30T18:21:02Z (I5-F131); robots=not-read,I1:city=Winston-Salem;I1#9
I5-C136,Jersey City Open Data,https://data.jerseycitynj.gov/,"City of Jersey City, NJ",gov-open-data,T00,US-NJ:Jersey City,city open-data portal (Opendatasoft); surveillance datasets: see notes,other,irregular,catalog size not read,NONE-FOUND(checked: https://data.jerseycitynj.gov/),NONE-FOUND,guess:LicenseRef-municipal-open-data-terms-unread,bytes=undetermined; facts=likely-open; derived=undetermined,none-observed,origin,new,new:opendatasoft_explore,2026-09-30T18:09:40Z,I5-Q050;I5-F098;I5-Q089,live-read,"Opendatasoft catalog total_count=1536 (F098); multi-class bundle (camera|surveillance|license plate|shotspotter|drone|real time crime) returned 0 datasets (Q089) -> negative for surveillance datasets. Not a Socrata domain (Q050 ""Domain not found""). Jersey City ArcGIS org also holds a Camera Assisted Parking Pilot Survey123 (resident survey; excluded).",I5-T00-C03-GL1,channel,,,,independent_account,pass,200 GET 2026-09-30T18:14:14Z (I5-F098); robots=not-read,I1:city=Jersey City;I1#9
I5-C137,City of Charlotte Open Data Portal,https://data.charlottenc.gov,"City of Charlotte, NC (ArcGIS org 9Nl857LBlQVyzq54)",gov-open-data,T00,US-NC:Charlotte,city open-data portal (ArcGIS Hub); surveillance datasets: see notes,arcgis,irregular,catalog size not read,NONE-FOUND(checked: https://data.charlottenc.gov),NONE-FOUND,guess:LicenseRef-municipal-open-data-terms-unread,bytes=undetermined; facts=likely-open; derived=undetermined,none-observed,origin,new,new:arcgis_hub_search,2026-09-30T18:08:48Z,I5-Q047;I5-Q058,live-read,"Hub Site item 5d8ea37690104b94b358119129487e47 (Q047). Org bundle (Q058): CDOT ITS Projects (T08), CMPD Violent Crime, ""Charlotte Shield Suspicious Activity Report"" Survey123 form (SAR submissions - person-level, block; handoff→I4 fusion/SAR) - no camera/ALPR layers.",I5-T00-C03-GL1,channel,,,,independent_account,pass,200 GET 2026-09-30T18:08:48Z (I5-Q047); robots=not-read,I1:city=Charlotte;I1#9
I5-C138,Memphis Open Data Hub,https://memphis-open-data-hub-memegis.hub.arcgis.com,"City of Memphis, TN (MEMEGIS)",gov-open-data,T00,US-TN:Memphis,city open-data portal (ArcGIS Hub); surveillance datasets: see notes,arcgis,irregular,catalog size not read,NONE-FOUND(checked: https://memphis-open-data-hub-memegis.hub.arcgis.com),NONE-FOUND,guess:LicenseRef-municipal-open-data-terms-unread,bytes=undetermined; facts=likely-open; derived=undetermined,none-observed,origin,new,new:arcgis_hub_search,2026-09-30T18:08:48Z,I5-Q047;I5-Q052;I5-Q077,live-read,Site-scoped search q=camera -> 0 (Q077). data.memphistn.gov is not a Socrata domain (Q052). Memphis SkyCop camera network has no public layer found (C14 not reached).,I5-T00-C03-GL1,channel,,,,independent_account,pass,200 GET 2026-09-30T18:25:20Z (I5-Q077); robots=not-read,I1:city=Memphis;I1#9
I5-C139,Open Indy Data Portal,https://data-indygis.opendata.arcgis.com,City of Indianapolis / Marion County (IndyGIS),gov-open-data,T00,US-IN:Indianapolis,city open-data portal (ArcGIS Hub); surveillance datasets: see notes,arcgis,irregular,catalog size not read,NONE-FOUND(checked: https://data-indygis.opendata.arcgis.com),NONE-FOUND,guess:LicenseRef-municipal-open-data-terms-unread,bytes=undetermined; facts=likely-open; derived=undetermined,none-observed,origin,new,new:arcgis_hub_search,2026-09-30T18:08:48Z,I5-Q047;I5-Q078,live-read,Site search q=camera -> 0 (Q078).,I5-T00-C03-GL1,channel,,,,independent_account,pass,200 GET 2026-09-30T18:25:21Z (I5-Q078); robots=not-read,I1:city=Indianapolis;I1#9
I5-C140,City of Tulsa - Open Data,https://gis2-cityoftulsa.opendata.arcgis.com,"City of Tulsa, OK (CityofTulsaGIS)",gov-open-data,T00,US-OK:Tulsa,city open-data portal (ArcGIS Hub); surveillance datasets: see notes,arcgis,irregular,catalog size not read,NONE-FOUND(checked: https://gis2-cityoftulsa.opendata.arcgis.com),NONE-FOUND,guess:LicenseRef-municipal-open-data-terms-unread,bytes=undetermined; facts=likely-open; derived=undetermined,none-observed,origin,new,new:arcgis_hub_search,2026-09-30T18:08:48Z,I5-Q047;I5-Q079,live-read,"Site search q=camera -> 0 (Q079). Tulsa policies already in registry (dossier_tulsa: policies 113C/113E, camera-integration MOU template; SRC-002).",I5-T00-C03-GL1,channel,,,,independent_account,pass,200 GET 2026-09-30T18:25:22Z (I5-Q079); robots=not-read,I1:city=Tulsa;I1#9
I5-C141,City of Wichita Open Data Portal with Apps,https://data-cityofwichita.hub.arcgis.com,"City of Wichita, KS",gov-open-data,T00,US-KS:Wichita,city open-data portal (ArcGIS Hub); surveillance datasets: see notes,arcgis,irregular,catalog size not read,NONE-FOUND(checked: https://data-cityofwichita.hub.arcgis.com),NONE-FOUND,guess:LicenseRef-municipal-open-data-terms-unread,bytes=undetermined; facts=likely-open; derived=undetermined,none-observed,origin,new,new:arcgis_hub_search,2026-09-30T18:08:48Z,I5-Q047;I5-Q085,live-read,"Site search q=camera -> 1 non-surveillance item (Traffic Counts). WICHway traffic cameras exist on wichway.org MapServer (Q054; third-party item, not fetched; T08 -> part A).",I5-T00-C03-GL1,channel,,,,independent_account,pass,200 GET 2026-09-30T18:25:31Z (I5-Q085); robots=not-read,I1:city=Wichita;I1#9
I5-C142,Norfolk Open GIS Data,https://norfolk-open-gis-data-3-orf.hub.arcgis.com,"City of Norfolk, VA (GISDEV)",gov-open-data,T00,US-VA:Norfolk,city open-data portal (ArcGIS Hub); surveillance datasets: see notes,arcgis,irregular,catalog size not read,NONE-FOUND(checked: https://norfolk-open-gis-data-3-orf.hub.arcgis.com),NONE-FOUND,guess:LicenseRef-municipal-open-data-terms-unread,bytes=undetermined; facts=likely-open; derived=undetermined,none-observed,origin,new,new:arcgis_hub_search,2026-09-30T18:08:48Z,I5-Q047;I5-Q080,live-read,"Site search q=camera -> 0 (Q080). Hub sites titled ""Norfolk Open GIS Data 2/3"" (dev-looking); data.norfolk.gov status not resolved. A third-party ""Flock Cameras Hampton Roads"" layer (org Ezk9fcjSUkeadg6u = registry camreg_und_006 org) covers Norfolk/Chesapeake/VB (Q054; not fetched; handoff→I3).",I5-T00-C03-GL1,channel,,,,independent_account,pass,200 GET 2026-09-30T18:25:24Z (I5-Q080); robots=not-read,I1:city=Norfolk;I1#9
I5-C143,Open Gate City (Greensboro open data),https://data.greensboro-nc.gov/,"City of Greensboro, NC (ArcGIS org A7KFW0gHh8qBaXk3)",gov-open-data,T00,US-NC:Greensboro,city open-data portal (ArcGIS Hub); surveillance datasets: see notes,arcgis,irregular,catalog size not read,NONE-FOUND(checked: https://data.greensboro-nc.gov/),NONE-FOUND,guess:LicenseRef-municipal-open-data-terms-unread,bytes=undetermined; facts=likely-open; derived=undetermined,none-observed,origin,new,new:arcgis_hub_search,2026-09-30T18:15:16Z,I5-F105;I5-Q058,live-read,"Org bundle (Q058): Parking Enforcement Citations ""non lpr"" layer implies an LPR parking-enforcement dataset exists (person-level-enforcement -> block; not fetched). ""Greensboro CCTV"" layers are sewer-pipe CCTV (excluded).",I5-T00-C03-GL1,channel,,,,independent_account,pass,200 GET 2026-09-30T18:15:16Z (I5-F105); robots=not-read,I1:city=Greensboro;I1#9
I5-C144,"City of Chesapeake, VA Open Data Site",https://public-chesva.opendata.arcgis.com,"City of Chesapeake, VA",gov-open-data,T00,US-VA:Chesapeake,city open-data portal (ArcGIS Hub); surveillance datasets: see notes,arcgis,irregular,catalog size not read,NONE-FOUND(checked: https://public-chesva.opendata.arcgis.com),NONE-FOUND,guess:LicenseRef-municipal-open-data-terms-unread,bytes=undetermined; facts=likely-open; derived=undetermined,none-observed,origin,new,new:arcgis_hub_search,2026-09-30T18:08:48Z,I5-Q047,live-read,Hub item 3c358a52... (Q047); no surveillance layer found in bundles (Q054/Q058).,I5-T00-C03-GL1,channel,,,,independent_account,pass,200 GET 2026-09-30T18:08:48Z (I5-Q047); robots=not-read,I1:city=Chesapeake;I1#9
I5-C145,The City of Virginia Beach Open Data,https://data.virginiabeach.gov,"City of Virginia Beach, VA",gov-open-data,T00,US-VA:Virginia Beach,city open-data portal (ArcGIS Hub); surveillance datasets: see notes,arcgis,irregular,catalog size not read,NONE-FOUND(checked: https://data.virginiabeach.gov),NONE-FOUND,guess:LicenseRef-municipal-open-data-terms-unread,bytes=undetermined; facts=likely-open; derived=undetermined,none-observed,origin,new,new:arcgis_hub_search,2026-09-30T18:08:48Z,I5-Q047;I5-Q084,live-read,Site search q=camera -> 0 (Q084). Second site gis.data.vbgov.com (Q047).,I5-T00-C03-GL1,channel,,,,independent_account,pass,200 GET 2026-09-30T18:25:29Z (I5-Q084); robots=not-read,I1:city=Virginia Beach;I1#9
I5-C146,City of Boise Maps and GIS Open Data Portal,https://city-of-boise.opendata.arcgis.com,"City of Boise, ID (Boise_GIS, org WHM6qC35aMtyAAlN)",gov-open-data,T00,US-ID:Boise,city open-data portal (ArcGIS Hub); surveillance datasets: see notes,arcgis,irregular,catalog size not read,NONE-FOUND(checked: https://city-of-boise.opendata.arcgis.com),NONE-FOUND,guess:LicenseRef-municipal-open-data-terms-unread,bytes=undetermined; facts=likely-open; derived=undetermined,none-observed,origin,new,new:arcgis_hub_search,2026-09-30T18:08:48Z,I5-Q047;I5-Q058,live-read,Org holds Community Camera Partnership form (see Boise T06 row) and Neighborhood Watch Groups layer.,I5-T00-C03-GL1,channel,,,,independent_account,pass,200 GET 2026-09-30T18:08:48Z (I5-Q047); robots=not-read,I1:city=Boise;I1#9
I5-C147,City of Henderson GIS Open Data,https://gis-hendersonnv.opendata.arcgis.com/,"City of Henderson, NV (ArcGIS org naGsY5NZWVbd6bwD)",gov-open-data,T00,US-NV:Henderson,city open-data portal (ArcGIS Hub); surveillance datasets: see notes,arcgis,irregular,catalog size not read,NONE-FOUND(checked: https://gis-hendersonnv.opendata.arcgis.com/),NONE-FOUND,guess:LicenseRef-municipal-open-data-terms-unread,bytes=undetermined; facts=likely-open; derived=undetermined,none-observed,origin,new,new:arcgis_hub_search,2026-09-30T18:14:15Z,I5-Q057;I5-F099,live-read,opendata.cityofhenderson.com (former Socrata) redirects here (F099). Org holds HPD C.A.P.T.U.R.E. web map (see T06 row) and RTC FAST CCTV reference (T08).,I5-T00-C03-GL1,channel,,,,independent_account,pass,200 GET 2026-09-30T18:14:15Z (I5-F099); robots=not-read,I1:city=Henderson;I1#9
I5-C148,"Durham, NC Open Data Portal",https://live-durhamnc.opendata.arcgis.com,"City of Durham, NC (Open.Data_DurhamNC)",gov-open-data,T00,US-NC:Durham,city open-data portal (ArcGIS Hub); surveillance datasets: see notes,arcgis,irregular,catalog size not read,NONE-FOUND(checked: https://live-durhamnc.opendata.arcgis.com),NONE-FOUND,guess:LicenseRef-municipal-open-data-terms-unread,bytes=undetermined; facts=likely-open; derived=undetermined,none-observed,origin,new,new:arcgis_hub_search,2026-09-30T18:08:48Z,I5-Q047,live-read,Hub item 8a5ccf6b... (Q047). ShotSpotter-Durham page (Atlas lead) now 404 (F128).,I5-T00-C03-GL1,channel,,,,independent_account,pass,200 GET 2026-09-30T18:08:48Z (I5-Q047); robots=not-read,I1:city=Durham;I1#9
I5-C149,Cape Coral open data (CapeGIS),https://capecoral-capegis.opendata.arcgis.com/,"City of Cape Coral, FL (ArcGIS org MZl3VrkZJOk1VhY4)",gov-open-data,T00,US-FL:Cape Coral,city open-data portal (ArcGIS Hub); surveillance datasets: see notes,arcgis,irregular,catalog size not read,NONE-FOUND(checked: https://capecoral-capegis.opendata.arcgis.com/),NONE-FOUND,guess:LicenseRef-municipal-open-data-terms-unread,bytes=undetermined; facts=likely-open; derived=undetermined,none-observed,origin,new,new:arcgis_hub_search,2026-09-30T18:15:15Z,I5-F104;I5-Q058,live-read,No surveillance layer in org bundle (Q058). Atlas lead: Lee County interlocal LPR agreement with Cape Coral PD (leegov.com; T03 -> I3).,I5-T00-C03-GL1,channel,,,,independent_account,pass,200 GET 2026-09-30T18:15:15Z (I5-F104); robots=not-read,I1:city=Cape Coral;I1#9
I5-C150,DCGIS Open Data Portal (Omaha-Douglas County),https://data-dogis.opendata.arcgis.com/,"Douglas-Omaha GIS (DOGIS), Omaha / Douglas County, NE (org pDAi2YK0L0QxVJHj)",gov-open-data,T00,US-NE:Omaha;US-NE:Douglas County,city open-data portal (ArcGIS Hub); surveillance datasets: see notes,arcgis,irregular,catalog size not read,NONE-FOUND(checked: https://data-dogis.opendata.arcgis.com/),NONE-FOUND,guess:LicenseRef-municipal-open-data-terms-unread,bytes=undetermined; facts=likely-open; derived=undetermined,none-observed,origin,new,new:arcgis_hub_search,2026-09-30T18:14:17Z,I5-Q056;I5-F100;I5-Q058,live-read,"Portal identity lead from WebSearch (Q056), verified F100. data.omaha.gov is not Socrata (Q049). Org yields Parks_Cameras + Traffic_Cameras (see Omaha row) and drone imagery (county GIS).",I5-T00-C03-GL1,channel,,,,independent_account,pass,200 GET 2026-09-30T18:14:17Z (I5-F100); robots=not-read,I1:city=Omaha;I1#9
I5-C151,Municipality of Anchorage Open Data (OIT),https://www.muni.org/Departments/it/Pages/opendata.aspx,Municipality of Anchorage Office of Information Technology,gov-open-data,T00,US-AK:Anchorage,city open-data portal (static CSV list (SharePoint)); surveillance datasets: see notes,bulk-file,irregular,catalog size not read,NONE-FOUND(checked: https://www.muni.org/Departments/it/Pages/opendata.aspx),NONE-FOUND,guess:LicenseRef-municipal-open-data-terms-unread,bytes=undetermined; facts=likely-open; derived=undetermined,none-observed,origin,new,dossier_documents:html_text,2026-09-30T18:14:52Z,I5-F103,live-read,"data.muni.org redirects here; CSV list (CAMA, inspections); no police/camera datasets (negative).",I5-T00-C03-GL1,channel,,,,independent_account,pass,200 GET 2026-09-30T18:14:52Z (I5-F103); robots=not-read,I1:city=Anchorage;I1#9
I5-C152,City of Irvine Open Data Portal,https://city-of-irvine-open-data-portal-cityofirvine.hub.arcgis.com,"City of Irvine, CA",gov-open-data,T00,US-CA:Irvine,city open-data portal (ArcGIS Hub); surveillance datasets: see notes,arcgis,irregular,catalog size not read,NONE-FOUND(checked: https://city-of-irvine-open-data-portal-cityofirvine.hub.arcgis.com),NONE-FOUND,guess:LicenseRef-municipal-open-data-terms-unread,bytes=undetermined; facts=likely-open; derived=undetermined,none-observed,origin,new,new:arcgis_hub_search,2026-09-30T18:09:05Z,I5-Q048,live-read,Hub item 1183f175... (Q048); no surveillance layer found in bundles.,I5-T00-C03-GL1,channel,,,,independent_account,pass,200 GET 2026-09-30T18:09:05Z (I5-Q048); robots=not-read,I1:city=Irvine;I1#9
I5-C153,City of Plano Open Data Portal,https://dashboard.plano.gov/,"City of Plano, TX (Socrata / Tyler Data & Insights)",gov-open-data,T00,US-TX:Plano,city open-data portal (Socrata (Tyler)); surveillance datasets: see notes,socrata,irregular,catalog size not read,NONE-FOUND(checked: https://dashboard.plano.gov/),NONE-FOUND,guess:LicenseRef-municipal-open-data-terms-unread,bytes=undetermined; facts=likely-open; derived=undetermined,none-observed,origin,new,dot_511:socrata_rows,2026-09-30T18:15:22Z,I5-F109,live-read,"200 with content, but fetch.sh challenge-marker (reCAPTCHA string) stop-listed the host; not re-probed. Atlas leads: plano.gov/2356 Community Camera Program (I3); public.powerdms.com/PLANOPD (policy, C05 not fetched).",I5-T00-C03-GL1,channel,,,,independent_account,pass,200 GET 2026-09-30T18:15:22Z (I5-F109); robots=not-read; challenge-marker,I1:city=Plano;I1#9
I5-C154,City of Tampa GeoHub,https://city-tampa.opendata.arcgis.com/,"City of Tampa, FL (ArcGIS org IbNXlmt2RVVRCZ6M)",gov-open-data,T00,US-FL:Tampa,city open-data portal (ArcGIS Hub); surveillance datasets: see notes,arcgis,irregular,catalog size not read,NONE-FOUND(checked: https://city-tampa.opendata.arcgis.com/),NONE-FOUND,guess:LicenseRef-municipal-open-data-terms-unread,bytes=undetermined; facts=likely-open; derived=undetermined,none-observed,origin,new,new:arcgis_hub_search,2026-09-30T18:15:17Z,I5-F106,live-read,"No surveillance layer in org bundle (Q058); third-party ""City of Tampa ATMS"" layer (consultant, T08) seen in Q054.",I5-T00-C03-GL1,channel,,,,independent_account,pass,200 GET 2026-09-30T18:15:17Z (I5-F106); robots=not-read,I1:city=Tampa;I1#9
I5-C155,Honolulu Open Geospatial Data,https://honolulu-cchnl.opendata.arcgis.com,"City and County of Honolulu, HI",gov-open-data,T00,US-HI:Honolulu,city open-data portal (ArcGIS Hub); surveillance datasets: see notes,arcgis,irregular,catalog size not read,NONE-FOUND(checked: https://honolulu-cchnl.opendata.arcgis.com),NONE-FOUND,guess:LicenseRef-municipal-open-data-terms-unread,bytes=undetermined; facts=likely-open; derived=undetermined,none-observed,origin,new,new:arcgis_hub_search,2026-09-30T18:09:05Z,I5-Q048,live-read,Hub item 8e80ac77... (Q048). Honolulu traffic-camera layers seen are third-party (Esri/state sales) (Q054).,I5-T00-C03-GL1,channel,,,,independent_account,pass,200 GET 2026-09-30T18:09:05Z (I5-Q048); robots=not-read,I1:city=Honolulu;I1#9
I5-C156,City of Anaheim Open Data,https://main-anaheim.opendata.arcgis.com,"City of Anaheim, CA",gov-open-data,T00,US-CA:Anaheim,city open-data portal (ArcGIS Hub); surveillance datasets: see notes,arcgis,irregular,catalog size not read,NONE-FOUND(checked: https://main-anaheim.opendata.arcgis.com),NONE-FOUND,guess:LicenseRef-municipal-open-data-terms-unread,bytes=undetermined; facts=likely-open; derived=undetermined,none-observed,origin,new,new:arcgis_hub_search,2026-09-30T18:09:05Z,I5-Q048,live-read,Hub item 79b6331b... (Q048).,I5-T00-C03-GL1,channel,,,,independent_account,pass,200 GET 2026-09-30T18:09:05Z (I5-Q048); robots=not-read,I1:city=Anaheim;I1#9
I5-C157,City of Madison Open Data,https://data-cityofmadison.opendata.arcgis.com/,"City of Madison, WI (ArcGIS org lx96Ahunbwmk5g5p)",gov-open-data,T00,US-WI:Madison,city open-data portal (ArcGIS Hub); surveillance datasets: see notes,arcgis,irregular,catalog size not read,NONE-FOUND(checked: https://data-cityofmadison.opendata.arcgis.com/),NONE-FOUND,guess:LicenseRef-municipal-open-data-terms-unread,bytes=undetermined; facts=likely-open; derived=undetermined,none-observed,origin,new,new:arcgis_hub_search,2026-09-30T18:15:19Z,I5-F107;I5-Q058,live-read,No surveillance layer in org bundle (Q058).,I5-T00-C03-GL1,channel,,,,independent_account,pass,200 GET 2026-09-30T18:15:19Z (I5-F107); robots=not-read,I1:city=Madison;I1#9
I5-C158,Nashville Open Data,https://datanashvillegov-nashville.hub.arcgis.com,"Metropolitan Government of Nashville and Davidson County, TN",gov-open-data,T00,US-TN:Nashville,city open-data portal (ArcGIS Hub); surveillance datasets: see notes,arcgis,irregular,catalog size not read,NONE-FOUND(checked: https://datanashvillegov-nashville.hub.arcgis.com),NONE-FOUND,guess:LicenseRef-municipal-open-data-terms-unread,bytes=undetermined; facts=likely-open; derived=undetermined,none-observed,origin,new,new:arcgis_hub_search,2026-09-30T18:09:05Z,I5-Q048;I5-Q081,live-read,Site search q=camera -> 0 (Q081); data.nashville.gov is not Socrata (Q051). LPR locations layer already ingested (camreg_nashville_tn).,I5-T00-C03-GL1,channel,,,,independent_account,pass,200 GET 2026-09-30T18:25:25Z (I5-Q081); robots=not-read,I1:city=Nashville;I1#9
I5-C159,City of Cleveland Open Data,https://data.clevelandohio.gov,"City of Cleveland, OH (opendataCLE, org dty2kHktVXHrqO8i)",gov-open-data,T00,US-OH:Cleveland,city open-data portal (ArcGIS Hub); surveillance datasets: see notes,arcgis,irregular,catalog size not read,NONE-FOUND(checked: https://data.clevelandohio.gov),NONE-FOUND,guess:LicenseRef-municipal-open-data-terms-unread,bytes=undetermined; facts=likely-open; derived=undetermined,none-observed,origin,new,new:arcgis_hub_search,2026-09-30T18:09:05Z,I5-Q048;I5-Q058,live-read,Yields Police UAS Drone Transparency Dashboard (see Cleveland T14 row) and Police Calls for Service.,I5-T00-C03-GL1,channel,,,,independent_account,pass,200 GET 2026-09-30T18:09:05Z (I5-Q048); robots=not-read,I1:city=Cleveland;I1#9
I5-C160,St Paul Open Information,https://information.stpaul.gov,"City of Saint Paul, MN",gov-open-data,T00,US-MN:Saint Paul,city open-data portal (ArcGIS Hub); surveillance datasets: see notes,arcgis,irregular,catalog size not read,NONE-FOUND(checked: https://information.stpaul.gov),NONE-FOUND,guess:LicenseRef-municipal-open-data-terms-unread,bytes=undetermined; facts=likely-open; derived=undetermined,none-observed,origin,new,new:arcgis_hub_search,2026-09-30T18:09:05Z,I5-Q048,live-read,Hub item 1e2bdd73... (Q048); no surveillance layer found in bundles.,I5-T00-C03-GL1,channel,,,,independent_account,pass,200 GET 2026-09-30T18:09:05Z (I5-Q048); robots=not-read,I1:city=St. Paul;I1#9
I5-C161,Detroit Open Data Portal,https://data.detroitmi.gov,"City of Detroit, MI (org qvkbeam7Wirps6zC)",gov-open-data,T00,US-MI:Detroit,city open-data portal (ArcGIS Hub); surveillance datasets: see notes,arcgis,irregular,catalog size not read,NONE-FOUND(checked: https://data.detroitmi.gov),NONE-FOUND,guess:LicenseRef-municipal-open-data-terms-unread,bytes=undetermined; facts=likely-open; derived=undetermined,none-observed,origin,new,new:arcgis_hub_search,2026-09-30T18:09:05Z,I5-Q048;I5-F076,live-read,"Yields Project Green Light, DPD ShotSpotter incidents, Detroit Street View CCTV detections (family detroit-open-data). procurement: OpenGov /portal/detroit WAF-challenged (registry census, L203).",I5-T00-C03-GL1,channel,,,,independent_account,pass,200 GET 2026-09-30T18:09:05Z (I5-Q048); robots=not-read,I1:city=Detroit;I1#9
I5-C162,ABQ Data,https://www.cabq.gov/abq-data,"City of Albuquerque, NM",gov-open-data,T00,US-NM:Albuquerque,city open-data portal (custom HTML catalog); surveillance datasets: see notes,html,irregular,catalog size not read,NONE-FOUND(checked: https://www.cabq.gov/abq-data),NONE-FOUND,guess:LicenseRef-municipal-open-data-terms-unread,bytes=undetermined; facts=likely-open; derived=undetermined,none-observed,origin,new,dossier_documents:html_text,2026-09-30T18:14:50Z,I5-F102,live-read,"Datasets listed incl. Crime Incidents, Parking Citations, Police Area Commands - no camera/ALPR/ShotSpotter dataset (negative). Albuquerque BCSO LPRShotSpotter-titled layer (org NiLPE6S5bwjCDk9X) holds 2022-23 shootings/accident CFS + beats, not LPR (F087/F090; not a candidate).",I5-T00-C03-GL1,channel,,,,independent_account,pass,200 GET 2026-09-30T18:14:50Z (I5-F102); robots=not-read,I1:city=Albuquerque;I1#9
I5-C163,City of Las Vegas Open Data,https://opendataportal-lasvegas.opendata.arcgis.com,"City of Las Vegas, NV",gov-open-data,T00,US-NV:Las Vegas,city open-data portal (ArcGIS Hub); surveillance datasets: see notes,arcgis,irregular,catalog size not read,NONE-FOUND(checked: https://opendataportal-lasvegas.opendata.arcgis.com),NONE-FOUND,guess:LicenseRef-municipal-open-data-terms-unread,bytes=undetermined; facts=likely-open; derived=undetermined,none-observed,origin,new,new:arcgis_hub_search,2026-09-30T18:09:05Z,I5-Q048;I5-Q083,live-read,Site search q=camera -> 0 (Q083); Metrocams/ShotSpotter layer is published by Clark County GISMO (see row).,I5-T00-C03-GL1,channel,,,,independent_account,pass,200 GET 2026-09-30T18:25:28Z (I5-Q083); robots=not-read,I1:city=Las Vegas;I1#9
I5-C164,City of Houston GIS Open Data,https://houston-mycity.opendata.arcgis.com,"City of Houston, TX",gov-open-data,T00,US-TX:Houston,city open-data portal (ArcGIS Hub); surveillance datasets: see notes,arcgis,irregular,catalog size not read,NONE-FOUND(checked: https://houston-mycity.opendata.arcgis.com),NONE-FOUND,guess:LicenseRef-municipal-open-data-terms-unread,bytes=undetermined; facts=likely-open; derived=undetermined,none-observed,origin,new,new:arcgis_hub_search,2026-09-30T18:09:05Z,I5-Q048;I5-Q082;I5-Q088,live-read,"Site search q=camera -> 0 (Q082); also geohub.houstontx.gov (Public Works) and CKAN data.houstontx.gov (package_search bundle -> 0, Q088).",I5-T00-C03-GL1,channel,,,,independent_account,pass,200 GET 2026-09-30T18:25:27Z (I5-Q082); robots=not-read,I1:city=Houston;I1#9
I5-C165,City of Oklahoma City Open Data Portal,https://data.okc.gov/,"City of Oklahoma City, OK (ArcGIS org 2mOVdIcRtNH2JsSF)",gov-open-data,T00,US-OK:Oklahoma City,city open-data portal (ArcGIS Hub); surveillance datasets: see notes,arcgis,irregular,catalog size not read,NONE-FOUND(checked: https://data.okc.gov/),NONE-FOUND,guess:LicenseRef-municipal-open-data-terms-unread,bytes=undetermined; facts=likely-open; derived=undetermined,none-observed,origin,new,new:arcgis_hub_search,2026-09-30T18:09:05Z,I5-Q048;I5-F135;I5-Q069;I5-Q070,live-read,"Verified F135. Site search q=camera -> 0 (Q069) while q=police -> 8 (Police Stations, Emergency Responses, etc.; Q070) -> OKC open-data portal has no surveillance-infrastructure layer (negative). OR-queries unsupported by Hub site search (Q071).",I5-T00-C03-GL2,channel,,,,independent_account,pass,200 GET 2026-09-30T18:22:19Z (I5-F135); robots=not-read,I1:city=Oklahoma City
I5-C166,"Gilbert, Arizona - Open Data Portal",https://data-tog.opendata.arcgis.com,"Town of Gilbert, AZ",gov-open-data,T00,US-AZ:Gilbert,city open-data portal (ArcGIS Hub); surveillance datasets: see notes,arcgis,irregular,catalog size not read,NONE-FOUND(checked: https://data-tog.opendata.arcgis.com),NONE-FOUND,guess:LicenseRef-municipal-open-data-terms-unread,bytes=undetermined; facts=likely-open; derived=undetermined,none-observed,origin,new,new:arcgis_hub_search,2026-09-30T18:09:05Z,I5-Q048;I5-Q086,live-read,Site search q=camera -> 0 (Q086).,I5-T00-C03-GL2,channel,,,,independent_account,pass,200 GET 2026-09-30T18:25:32Z (I5-Q086); robots=not-read,I1:city=Gilbert
I5-C167,City of Chandler Open Data,https://share-open-data-changis.hub.arcgis.com,"City of Chandler, AZ",gov-open-data,T00,US-AZ:Chandler,city open-data portal (ArcGIS Hub); surveillance datasets: see notes,arcgis,irregular,catalog size not read,NONE-FOUND(checked: https://share-open-data-changis.hub.arcgis.com),NONE-FOUND,guess:LicenseRef-municipal-open-data-terms-unread,bytes=undetermined; facts=likely-open; derived=undetermined,none-observed,origin,new,new:arcgis_hub_search,2026-09-30T18:09:05Z,I5-Q048,live-read,Hub item fe9b58ee... (Q048); not searched further (budget).,I5-T00-C03-GL2,channel,,,,independent_account,pass,200 GET 2026-09-30T18:09:05Z (I5-Q048); robots=not-read,I1:city=Chandler
I5-C168,Arlington Open Data,https://opendata.arlingtontx.gov,"City of Arlington, TX",gov-open-data,T00,US-TX:Arlington,city open-data portal (ArcGIS Hub); surveillance datasets: see notes,arcgis,irregular,catalog size not read,NONE-FOUND(checked: https://opendata.arlingtontx.gov),NONE-FOUND,guess:LicenseRef-municipal-open-data-terms-unread,bytes=undetermined; facts=likely-open; derived=undetermined,none-observed,origin,new,new:arcgis_hub_search,2026-09-30T18:09:05Z,I5-Q048,live-read,Hub item 330d3e4d... (Q048); not searched further (budget).,I5-T00-C03-GL2,channel,,,,independent_account,pass,200 GET 2026-09-30T18:09:05Z (I5-Q048); robots=not-read,I1:city=Arlington
I5-C200,Clark County Board of Commissioners — Legistar InSite tenant 'clark',https://webapi.legistar.com/v1/clark,"Clark County, Nevada (via Granicus Legistar)",agenda,T00,US-NV:Clark County,"12 bodies incl. 'Clark County Board of Commissioners', 'Clark County Water Reclamation District', 'Police Fatality Public Fact-finding Review' (live-read /bodies)",api,unknown,bodies=12 via /bodies (live-read),NONE-FOUND(checked: https://webapi.legistar.com/v1/clark),NONE-FOUND,guess:LicenseRef-public-record-US-NV,bytes=undetermined; facts=likely-open; derived=undetermined,none-observed,origin,same-as:agenda_tenants.clark,procurement:legistar,2026-09-30T18:09:05Z,I5-L301;I5-F157,live-read,"Resolves registry row [tenants.clark] jurisdiction 'clark (legistar tenant — unresolved)' -> Clark County, NV (inference from NV-specific body names: Water Reclamation District, Police Fatality Public Fact-finding Review). Not new (same-as). operators=sheriff (Las Vegas Metro PD is city-county; not verified). access=open-api",I5-T00-C07-GL3,channel,,Granicus,,independent_account,pass,200 GET 2026-09-30T18:09:05Z; robots=not-read,I1:county=Clark County NV
I5-C201,San Bernardino County Board of Supervisors — Legistar InSite tenant 'sanbernardino',https://webapi.legistar.com/v1/sanbernardino,"County of San Bernardino, California (via Granicus Legistar)",agenda,T00,US-CA:San Bernardino County,14 bodies incl. 'Board of Supervisors Regular Meeting' and Housing Authority of the County of San Bernardino boards (live-read /bodies),api,unknown,bodies=14 via /bodies (live-read),NONE-FOUND(checked: https://webapi.legistar.com/v1/sanbernardino),NONE-FOUND,guess:LicenseRef-public-record-US-CA,bytes=undetermined; facts=likely-open; derived=undetermined,none-observed,origin,same-as:agenda_tenants.san_bernardino_ca (mislabelled City of San Bernardino),procurement:legistar,2026-09-30T18:09:08Z,I5-L301;I5-F159,live-read,"The Legistar tenant 'sanbernardino' serves the COUNTY Board of Supervisors; registry row [tenants.san_bernardino_ca] labels it 'City of San Bernardino, CA' -> proposed finding (jurisdiction misattribution). The separate primegov 'sanbernardino' row was not probed. Search lead (Q103 snippet, NOT fetched): BoS approved a Flock ALPR MSA 2025-06-18 -> handoff→I3. operators=sheriff",I5-T00-C07-GL3,channel,,Granicus,,independent_account,pass,200 GET 2026-09-30T18:09:08Z; robots=not-read,I1:county=San Bernardino County CA
I5-C202,Maricopa County Board of Supervisors — AgendaOnline (Clerk of the Board),https://mccobagenda.databankcloud.com/AgendaOnline,Maricopa County Clerk of the Board (hosted on databankcloud.com),agenda,T00,US-AZ:Maricopa County,BoS meetings searchable since 2008-07-01 per the Clerk's page (live-read),html,irregular,not measured,NONE-FOUND(checked: https://mccobagenda.databankcloud.com/AgendaOnline),NONE-FOUND,guess:LicenseRef-public-record-US-AZ,bytes=undetermined; facts=likely-open; derived=undetermined,none-observed,origin,new,new:agendaonline,2026-09-30T18:09:52Z,I5-Q091;I5-F160;I5-F156,live-read,AgendaOnline is embedded (iframe src) on https://www.maricopa.gov/324/Board-of-Supervisors-Meeting-Information (F160); the AgendaOnline host itself was not fetched. 'AgendaOnline' as a Hyland OnBase Agenda product is an inference. Legistar tenant 'maricopa' = City of Maricopa (F156 bodies: City Council…) — registry label correct; the county is not on Legistar under that slug. operators=sheriff,I5-T00-C07-GL3,channel,,DataBank (host),,independent_account,pass,200 GET 2026-09-30T18:09:52Z; robots=not-read; AgendaOnline host not fetched,I1:county=Maricopa County AZ
I5-C203,Board of Supervisors Meeting Agendas | Orange County Board of Supervisors,https://board.oc.gov/meetings-agendas,"County of Orange, Clerk of the Board",agenda,T00,US-CA:Orange County,agenda links per meeting with staff reports; archive 2007-present page linked (live-read),html,irregular,not measured,NONE-FOUND(checked: https://board.oc.gov/meetings-agendas),NONE-FOUND,guess:LicenseRef-public-record-US-CA,bytes=undetermined; facts=likely-open; derived=undetermined,none-observed,origin,new,new:oc_agendaext,2026-09-30T18:09:53Z,I5-Q092;I5-F161,live-read,"Agenda documents are served from ocagendaext.oc.gov (/bosmeetingc, /bosmeetingd; ExtDocViewer seen in Q092 lead) — custom county system, not a registry agenda platform. Page also links a records portal orangecounty.nextrequest.com (out-of-cell→records channel, not probed). operators=sheriff",I5-T00-C07-GL3,channel,,,,independent_account,pass,200 GET 2026-09-30T18:09:53Z; robots=not-read,I1:county=Orange County CA
I5-C204,"Miami-Dade County Legislative Hub (govaction) — BCC agendas, minutes, legislative search",https://www.miamidade.gov/govaction/online-services.asp,Miami-Dade County Clerk / Board of County Commissioners,agenda,T00,US-FL:Miami-Dade County,BCC and committee agendas and minutes from 1996-06-18 to present; legislative/lobbyist reports (live-read),html,irregular,not measured,NONE-FOUND(checked: https://www.miamidade.gov/govaction/online-services.asp),NONE-FOUND,guess:LicenseRef-public-record-US-FL,bytes=undetermined; facts=likely-open; derived=undetermined,none-observed,origin,new,new:miamidade_govaction,2026-09-30T18:10:44Z,I5-Q094;I5-F163,live-read,"Custom ASP application (/govaction/agendas.asp, keywordsearch.asp, legislative_reports.asp). Document paths '/govaction/legistarfiles/…' suggest a Legistar back-office (inference); no public Legistar tenant verified. operators=sheriff (Miami-Dade Sheriff's Office since 2025 — not verified this run)",I5-T00-C07-GL3,channel,,,,independent_account,pass,200 GET 2026-09-30T18:10:44Z; robots=not-read,I1:county=Miami-Dade County FL
I5-C205,Dallas County Commissioners Court — Court Agenda / Agendas and Actions (CivicWeb portal),https://dallascounty.civicweb.net/portal/,Dallas County Commissioners Court,agenda,T00,US-TX:Dallas County,'Court Agenda' and 'Agendas and Actions' links on the Commissioners Court meeting-schedule page (live-read),html,irregular,not measured,NONE-FOUND(checked: https://dallascounty.civicweb.net/portal/),NONE-FOUND,guess:LicenseRef-public-record-US-TX,bytes=undetermined; facts=likely-open; derived=undetermined,none-observed,origin,new,new:civicweb,2026-09-30T18:09:55Z,I5-Q093;I5-F162,live-read,Verified by link on https://www.dallascounty.org/government/comcrt/meeting-schedule.php (F162); the civicweb.net portal itself was not fetched. CivicWeb (iCompass/Diligent) vendor attribution is an inference from the host. operators=sheriff,I5-T00-C07-GL3,channel,,iCompass/Diligent (inferred),,independent_account,pass,200 GET 2026-09-30T18:09:55Z; robots=not-read; portal host not fetched,I1:county=Dallas County TX
I5-C206,Commissioners Court Agendas and Videos (Tarrant County),https://www.tarrantcountytx.gov/en/commissioners-court/commissioners-court-agenda-videos.html,Tarrant County Commissioners Court,agenda,T00,US-TX:Tarrant County,"agendas, minutes, videos from 2006-12-28 per search lead; page sections 'Court Agendas', 'Commissioners Court Agendas and Public Notices', 'Commissioners Court Records' (live-read)",pdf,irregular,not measured,NONE-FOUND(checked: https://www.tarrantcountytx.gov/en/commissioners-court/commissioners-court-agenda-videos.html),NONE-FOUND,guess:LicenseRef-public-record-US-TX,bytes=undetermined; facts=likely-open; derived=undetermined,none-observed,origin,new,dossier_documents:pdf_text,2026-09-30T18:10:47Z,I5-Q093;I5-Q095;I5-F165,live-read,County CMS (AEM /content/dam/main/commissioners-court/*.pdf per Q095 lead) — no agenda-platform API. fetch.sh challenge heuristic flagged F165 although it returned 200 with genuine page content (suspected false positive); host tarrantcountytx.gov is stop-listed for the row and was not retried. operators=sheriff,I5-T00-C07-GL3,channel,,,,independent_account,pass,200 GET 2026-09-30T18:10:47Z; robots=not-read; challenge-heuristic flag -> host stop-listed,I1:county=Tarrant County TX
I5-C207,"Agenda Center — Bexar County, TX (CivicEngage)",https://www.bexar.org/AgendaCenter,"Bexar County, Texas (via CivicPlus CivicEngage)",agenda,T00,US-TX:Bexar County,Agenda Center for all boards incl. Commissioners Court (search lead) (live-read landing),html,irregular,not measured,NONE-FOUND(checked: https://www.bexar.org/AgendaCenter),NONE-FOUND,guess:LicenseRef-public-record-US-TX,bytes=undetermined; facts=likely-open; derived=undetermined,none-observed,origin,new,new:civicplus_agendacenter,2026-09-30T18:10:50Z,I5-Q096;I5-F166,live-read,"CivicPlus AgendaCenter (registry platform 'civicplus' exists, sources.toml:1155; census rows show outcome no_bounded_api for some tenants). Bexar County already has a procurement tenant (BidNet, procurement_portal_tenants.toml bexar_county_tx). Atlas lead (not fetched): bexar.org/2848/SafeCam-Program camera registry -> handoff→I3. operators=sheriff",I5-T00-C07-GL3,channel,,CivicPlus,,independent_account,pass,200 GET 2026-09-30T18:10:50Z; robots=not-read,I1:county=Bexar County TX
I5-C208,"Wayne County Commission — committee meeting pages (incl. Public Safety, Judiciary & Homeland Security)",https://www.waynecountymi.gov/Government/Elected-Officials/Commission,"Wayne County Commission, Michigan (Granicus OpenCities CMS)",agenda,T00,US-MI:Wayne County,11 committee meeting pages linked incl. Full Commission and Public-Safety-Judiciary-Homeland-Security (live-read),pdf,irregular,not measured,NONE-FOUND(checked: https://www.waynecountymi.gov/Government/Elected-Officials/Commission),NONE-FOUND,guess:LicenseRef-public-record-US-MI,bytes=undetermined; facts=likely-open; derived=undetermined,none-observed,origin,new,dossier_documents:pdf_text,2026-09-30T18:10:52Z,I5-Q096;I5-F167,live-read,Page footer 'Powered by Granicus' (OpenCities); agendas/journals are PDFs under /files/assets/mainsite/v/1/commission/. New domain waynecountymi.gov (older waynecounty.com seen in lead). operators=sheriff,I5-T00-C07-GL3,channel,,Granicus,,independent_account,pass,200 GET 2026-09-30T18:10:52Z; robots=not-read,I1:county=Wayne County MI
I5-C209,Riverside County Board of Supervisors agendas and proceedings (rivcocob.org),https://rivcocob.org/,Riverside County Clerk of the Board,agenda,T00,US-CA:Riverside County,not measured (access blocked),other,unknown,not measured,NONE-FOUND(checked: https://rivcocob.org/),NONE-FOUND,guess:LicenseRef-public-record-US-CA,bytes=undetermined; facts=likely-open; derived=undetermined,none-observed,origin,new,dossier_documents:pdf_text,2026-09-30T18:10:46Z,I5-Q095;I5-F164,live-read,"LEAD-ONLY. access=blocked: 403 challenge on https://rivcocob.org/2026-agendasproceedings (F164); host stop-listed. Search lead shows document hosts agendas.rivcocob.org and media.rivcocob.org (proceeds PDFs; seen in calibration). Custom county site, no agenda-platform API identified.",I5-T00-C07-GL3,channel,,,,independent_account,pass,403 challenge 2026-09-30T18:10:46Z,I1:county=Riverside County CA
I5-C210,Harris County Open Data,https://opendata.harriscountytx.gov,"Harris County, Texas (via ArcGIS Hub)",gov-open-data,T00,US-TX:Harris County,"portal identity only; 0 county-published camera/ALPR/surveillance/RTCC/drone layers found for this county by the AGOL title-term search I5-Q098 (live-read); site item created 2025-12-18, modified 2026-09-01",arcgis,unknown,not measured,NONE-FOUND(checked: AGOL item 288409050a99445696e1cbf7c164889a licenseInfo=null/empty),NONE-FOUND,guess:LicenseRef-public-record,bytes=undetermined; facts=likely-open; derived=undetermined,none-observed,origin,new,dot_511:arcgis_query,2026-09-30T18:12:50Z,I5-Q097;I5-Q098,live-read,Channel identity from ArcGIS Online item metadata (Hub Site Application 288409050a99445696e1cbf7c164889a); the site itself was not fetched (fetch budget). Surveillance-layer probe negative (Q098). operators=sheriff,I5-T00-C03-GL3,channel,,Esri,,independent_account,pass,200 GET 2026-09-30T18:12:50Z; AGOL search metadata; site not fetched,I1:county=Harris County TX
I5-C211,Dallas County Open Data Hub,https://dallas-county-open-data-hub-dallascountygis.hub.arcgis.com,"Dallas County, Texas GIS (via ArcGIS Hub)",gov-open-data,T00,US-TX:Dallas County,"portal identity only; 0 county-published camera/ALPR/surveillance/RTCC/drone layers found for this county by the AGOL title-term search I5-Q098 (live-read); site item created 2022-05-03, modified 2024-12-12",arcgis,unknown,not measured,NONE-FOUND(checked: AGOL item 8c9f415c80084ea5ab5bf454173a09af licenseInfo=null/empty),NONE-FOUND,guess:LicenseRef-public-record,bytes=undetermined; facts=likely-open; derived=undetermined,none-observed,origin,new,dot_511:arcgis_query,2026-09-30T18:12:50Z,I5-Q097;I5-Q098,live-read,Channel identity from ArcGIS Online item metadata (Hub Site Application 8c9f415c80084ea5ab5bf454173a09af); the site itself was not fetched (fetch budget). Surveillance-layer probe negative (Q098). operators=sheriff,I5-T00-C03-GL3,channel,,Esri,,independent_account,pass,200 GET 2026-09-30T18:12:50Z; AGOL search metadata; site not fetched,I1:county=Dallas County TX
I5-C212,Riverside County Mapping and Spatial Data Portal,https://gisopendata-countyofriverside.opendata.arcgis.com,County of Riverside GIS (via ArcGIS Hub),gov-open-data,T00,US-CA:Riverside County,portal identity only; 0 county-published camera/ALPR/surveillance/RTCC/drone layers found for this county by the AGOL title-term search I5-Q098 (live-read); site item modified 2024-01-02; sibling site https://gis.rivco.org,arcgis,unknown,not measured,NONE-FOUND(checked: AGOL item d7050d61bdbd4a7c807d3624c35ec64f licenseInfo=null/empty),NONE-FOUND,guess:LicenseRef-public-record,bytes=undetermined; facts=likely-open; derived=undetermined,none-observed,origin,new,dot_511:arcgis_query,2026-09-30T18:12:50Z,I5-Q097;I5-Q098,live-read,Channel identity from ArcGIS Online item metadata (Hub Site Application d7050d61bdbd4a7c807d3624c35ec64f); the site itself was not fetched (fetch budget). Surveillance-layer probe negative (Q098). operators=sheriff,I5-T00-C03-GL3,channel,,Esri,,independent_account,pass,200 GET 2026-09-30T18:12:50Z; AGOL search metadata; site not fetched,I1:county=Riverside County CA
I5-C213,Clark County GIS,https://clarkcountygis-ccgismo.hub.arcgis.com,"Clark County, Nevada GISMO (via ArcGIS Hub)",gov-open-data,T00,US-NV:Clark County,"portal identity only; 0 county-published camera/ALPR/surveillance/RTCC/drone layers found for this county by the AGOL title-term search I5-Q098 (live-read); site item modified 2025-05-28; accessInformation 'Clark County, GISMO'",arcgis,unknown,not measured,NONE-FOUND(checked: AGOL item b0c2b42a4bad48cbbaa86da1c4512fdc licenseInfo=null/empty),NONE-FOUND,guess:LicenseRef-public-record,bytes=undetermined; facts=likely-open; derived=undetermined,none-observed,origin,new,dot_511:arcgis_query,2026-09-30T18:12:50Z,I5-Q097;I5-Q098,live-read,Channel identity from ArcGIS Online item metadata (Hub Site Application b0c2b42a4bad48cbbaa86da1c4512fdc); the site itself was not fetched (fetch budget). Surveillance-layer probe negative (Q098). operators=sheriff,I5-T00-C03-GL3,channel,,Esri,,independent_account,pass,200 GET 2026-09-30T18:12:50Z; AGOL search metadata; site not fetched,I1:county=Clark County NV
I5-C214,Tarrant County Open Data Portal,https://data-tarrantcounty.opendata.arcgis.com,"Tarrant County, Texas (via ArcGIS Hub)",gov-open-data,T00,US-TX:Tarrant County,portal identity only; 0 county-published camera/ALPR/surveillance/RTCC/drone layers found for this county by the AGOL title-term search I5-Q098 (live-read); site item modified 2020-05-22 (possibly stale),arcgis,unknown,not measured,NONE-FOUND(checked: AGOL item 07dd6150f130406ea6bb68ab2b7f98f7 licenseInfo=null/empty),NONE-FOUND,guess:LicenseRef-public-record,bytes=undetermined; facts=likely-open; derived=undetermined,none-observed,origin,new,dot_511:arcgis_query,2026-09-30T18:12:50Z,I5-Q097;I5-Q098,live-read,Channel identity from ArcGIS Online item metadata (Hub Site Application 07dd6150f130406ea6bb68ab2b7f98f7); the site itself was not fetched (fetch budget). Surveillance-layer probe negative (Q098). operators=sheriff,I5-T00-C03-GL3,channel,,Esri,,independent_account,pass,200 GET 2026-09-30T18:12:50Z; AGOL search metadata; site not fetched,I1:county=Tarrant County TX
I5-C215,San Bernardino County,https://open.sbcounty.gov,County of San Bernardino (via ArcGIS Hub),gov-open-data,T00,US-CA:San Bernardino County,"portal identity only; 0 county-published camera/ALPR/surveillance/RTCC/drone layers found for this county by the AGOL title-term search I5-Q098 (live-read); site item created 2023-11-29, modified 2025-11-24",arcgis,unknown,not measured,NONE-FOUND(checked: AGOL item 9f65b78ad1d948c79be169eb8833da53 licenseInfo=null/empty),NONE-FOUND,guess:LicenseRef-public-record,bytes=undetermined; facts=likely-open; derived=undetermined,none-observed,origin,new,dot_511:arcgis_query,2026-09-30T18:12:50Z,I5-Q097;I5-Q098,live-read,Channel identity from ArcGIS Online item metadata (Hub Site Application 9f65b78ad1d948c79be169eb8833da53); the site itself was not fetched (fetch budget). Surveillance-layer probe negative (Q098). operators=sheriff,I5-T00-C03-GL3,channel,,Esri,,independent_account,pass,200 GET 2026-09-30T18:12:50Z; AGOL search metadata; site not fetched,I1:county=San Bernardino County CA
I5-C216,Bexar County Open Data Portal,https://gis-bexar.opendata.arcgis.com,"Bexar County, Texas (via ArcGIS Hub)",gov-open-data,T00,US-TX:Bexar County,portal identity only; 0 county-published camera/ALPR/surveillance/RTCC/drone layers found for this county by the AGOL title-term search I5-Q098 (live-read); site item modified 2026-08-07,arcgis,unknown,not measured,NONE-FOUND(checked: AGOL item 03bd1f8488e249df8ebbf9580ed8d21a licenseInfo=null/empty),NONE-FOUND,guess:LicenseRef-public-record,bytes=undetermined; facts=likely-open; derived=undetermined,none-observed,origin,new,dot_511:arcgis_query,2026-09-30T18:12:50Z,I5-Q097;I5-Q098,live-read,Channel identity from ArcGIS Online item metadata (Hub Site Application 03bd1f8488e249df8ebbf9580ed8d21a); the site itself was not fetched (fetch budget). Surveillance-layer probe negative (Q098). operators=sheriff,I5-T00-C03-GL3,channel,,Esri,,independent_account,pass,200 GET 2026-09-30T18:12:50Z; AGOL search metadata; site not fetched,I1:county=Bexar County TX
I5-C217,Maricopa County Regional GIS,https://regional-gis-maricopa.hub.arcgis.com,Maricopa County (Assessor-owned Hub site; via ArcGIS Hub),gov-open-data,T00,US-AZ:Maricopa County,"portal identity only; 0 surveillance-relevant county layers found by I5-Q098; site item created 2024-12-17, modified 2026-09-04 (live-read)",arcgis,unknown,not measured,https://www.arcgis.com/home/item.html?id=af0eccdcc67a4d5eb9ada120bd7506e8,"For Maricopa County government internal use only. For external distribution or use, please contact the GIS office to obtain written authorization. Any illegal or unauthorized distribution or use violates county policies and state law. Any download for commercial intent or resale of this information is prohibited, except in accordance with a sublicensing agreement, and will be enforced in accordance with approved Maricopa County policy and Arizona State Statutes 39-121-03. Maricopa County assumes no responsibility arising from the use of this information. The data and maps are provided without",guess:LicenseRef-Maricopa-internal-use-only,bytes=likely-restricted; facts=undetermined; derived=undetermined,none-observed,origin,new,dot_511:arcgis_query,2026-09-30T18:12:50Z,I5-Q097;I5-Q098,live-read,Owner account ASR_* suggests the Assessor (inference). Restrictive licenseInfo — do not treat as open. The county's main open-data portal (if any) was not in the AGOL site results; not further probed (budget). operators=sheriff,I5-T00-C03-GL3,channel,,Esri,,independent_account,pass,200 GET 2026-09-30T18:12:50Z; AGOL search metadata; site not fetched,I1:county=Maricopa County AZ
I5-C218,County of Santa Clara Open Data (data.sccgov.org),https://data.sccgov.org,County of Santa Clara (via Socrata/Tyler Data & Insights),gov-open-data,T00,US-CA:Santa Clara County,Socrata domain accepted by the discovery API; 0 results for q=surveillance (live-read),socrata,unknown,not measured,NONE-FOUND(checked: https://data.sccgov.org),NONE-FOUND,guess:LicenseRef-public-record,bytes=undetermined; facts=likely-open; derived=undetermined,none-observed,origin,new,dot_511:socrata_rows,2026-09-30T18:13:38Z,I5-Q100,live-read,"Portal identity only; surveillance-relevant datasets: none by q=surveillance. Atlas lead (not fetched): countysheriff.sccgov.org camera-registration form (camera registry) -> handoff→I3; search lead (Q103, not fetched): San José Spotlight on county LPR expansion -> handoff→I3. Santa Clara County agenda platform NOT resolved: Legistar 'santaclara' = City of Santa Clara (F158); sccgov.iqm2.com does not resolve (F168). operators=sheriff",I5-T00-C03-GL3,channel,,Tyler Technologies (Socrata),,independent_account,pass,200 GET 2026-09-30T18:13:38Z; robots=not-read,I1:county=Santa Clara County CA
I5-C219,ACCPD New Flock Camera Analysis Locations_WFL1,https://services2.arcgis.com/xSEULKvB31odt3XQ/arcgis/rest/services/ACCPD_New_Flock_Camera_Analysis_Locations_WFL1/FeatureServer,Athens-Clarke County Police Department (via ArcGIS Online),gov-open-data,T01,US-GA:Athens-Clarke County,"item snippet: new locations to place Flock cameras throughout Clarke County, prioritised Tier 1/2/3 (live-read metadata)",arcgis,static,not measured (layer not queried),NONE-FOUND(checked: AGOL item 74e43c6b093444b5b7c396555880067f licenseInfo empty),NONE-FOUND,guess:LicenseRef-public-record,bytes=undetermined; facts=likely-open; derived=undetermined,residential-intersection,origin,new,dot_511:arcgis_query,2026-09-30T18:13:09Z,I5-Q098,live-read,"out-of-cell→I3 (ALPR class). Consolidated city-county (not in top-100 list). Item modified 2023-01-31; tags ACCPD, Flock. Planned/candidate sites, not verified deployments. Also seen in Q097: 'Athens-Clarke County Police Transparency Hub' site. operators=police",I5-T00-C03-GL3,target,,Flock Safety,alpr-fixed,independent_account,flag,200 GET 2026-09-30T18:13:09Z; AGOL search metadata only,I1:city=Athens-Clarke
I5-C220,Corona Camera Locations_WFL1,https://services3.arcgis.com/4pohxs3ZXJsQTQod/arcgis/rest/services/Corona_Camera_Locations_WFL1/FeatureServer,"City of Corona, California (via ArcGIS Online)",gov-open-data,T07,US-CA:Corona,item snippet 'Camera locations with crime incidents'; item modified 2026-05-21 (live-read metadata),arcgis,unknown,not measured (layer not queried),NONE-FOUND(checked: AGOL item 47922219468846eda4786f15188dd8e8 licenseInfo empty),NONE-FOUND,guess:LicenseRef-public-record,bytes=undetermined; facts=likely-open; derived=undetermined,residential-intersection,origin,new,dot_511:arcgis_query,2026-09-30T18:13:09Z,I5-Q098,live-read,out-of-cell→I3 (camera class). City in Riverside County (county gap context). Whether cameras are police CCTV is unverified; crime-incident join may carry incident-level data — schema not inspected. operators=police (unverified),I5-T00-C03-GL3,target,,,camera-fixed-cctv,independent_account,flag,200 GET 2026-09-30T18:13:09Z; AGOL search metadata only,I1:county=Riverside County CA
I5-C221,"MCSO Policies (Critical, Detention, Enforcement, General Policies and Procedures)",https://www.mcso.org/Policy/policies,Maricopa County Sheriff's Office,other,T00,US-AZ:Maricopa County,"four policy series listed (Critical, Detention, Enforcement, General) (live-read)",pdf,irregular,not measured,https://www.mcso.org/Policy/policies,"Please note, the Maricopa County Sheriff's Office is providing members of the public access to our policies and procedures as a convenience. While we try to keep our online information timely and accurate, there may be a delay in updating our website after there have been changes.",guess:LicenseRef-public-record-US-AZ,bytes=undetermined; facts=likely-open; derived=undetermined,none-observed,origin,new,dossier_documents:pdf_text,2026-09-30T18:14:37Z,I5-Q101;I5-F169,live-read,Sheriff policy-manual location (policy PDFs e.g. /Documents/GeneralPoliciesandProcedures/GA-1.pdf per Q101 lead). Page also references RAIDS Online (BAIR Analytics) public crime mapping (out-of-cell note). Harris County Sheriff: no online general-orders manual found (Q101 lead: MuckRock PIA requests) -> negative. operators=sheriff,I5-T00-C05-GL3,channel,,,,independent_account,pass,200 GET 2026-09-30T18:14:37Z; robots=not-read,I1:county=Maricopa County AZ
I5-C222,Harris County Purchasing Department — Bonfire portal,https://harriscountytx.bonfirehub.com/portal/,Harris County Purchasing Department (via Bonfire/Euna Solutions),procurement,T00,US-TX:Harris County,"county solicitations distributed and received via Bonfire (per purchasing page, live-read); openOpportunities tab linked",html,irregular,not measured,NONE-FOUND(checked: https://harriscountytx.bonfirehub.com/portal/),NONE-FOUND,guess:LicenseRef-public-record-US-TX,bytes=undetermined; facts=likely-open; derived=undetermined,none-observed,origin,related:bonfire,procurement:bonfire,2026-09-30T18:14:39Z,I5-Q102;I5-F170,live-read,Verified by link from https://purchasing.harriscountytx.gov/Pages/Online-Solicitation-Opportunities.aspx (F170); bonfirehub host not fetched. Registry note: Bonfire platform-wide robots 'Disallow: /' (procurement_portal_tenants.toml:318) — connector access may be constrained. Purchasing site also exposes 'Procurement Data & Information'. operators=sheriff,I5-T00-C09-GL3,channel,,Bonfire (Euna Solutions),,independent_account,pass,200 GET 2026-09-30T18:14:39Z; robots=not-read; tenant host not fetched,I1:county=Harris County TX
I5-C223,Maricopa County Procurement Services — BidNet Direct storefront,https://www.bidnetdirect.com/arizona/maricopacounty,Maricopa County Office of Procurement Services (via BidNet Direct),procurement,T00,US-AZ:Maricopa County,"Open, Closed and Awarded Solicitations and Published Contracts tabs (live-read); details require registration/login",html,daily,not measured,NONE-FOUND(checked: https://www.bidnetdirect.com/arizona/maricopacounty),NONE-FOUND,guess:LicenseRef-public-record-US-AZ,bytes=undetermined; facts=likely-open; derived=undetermined,none-observed,origin,related:bidnet_direct,procurement:bidnet_direct,2026-09-30T18:14:41Z,I5-Q102;I5-F171,live-read,Storefront not in procurement_portal_tenants.toml (Bexar/Oklahoma/Cameron counties are). update_cadence basis: live solicitation board (inference). access=partial (index public; details login — not used). operators=sheriff,I5-T00-C09-GL3,channel,,BidNet Direct (mdf commerce),,independent_account,pass,200 GET 2026-09-30T18:14:41Z; robots=not-read,I1:county=Maricopa County AZ
I5-C224,Harris County renews contract for law enforcement license plate cameras despite resident pushback,https://communityimpact.com/spring-klein/government/harris-county-renews-contract-for-law-enforcement-license-plate-cameras-despite-resident-pushback/,Community Impact Newspaper,journalism,T01;T13,US-TX:Harris County,"~480 LPR cameras administered by HCSO, most owned by MUDs, HOAs and commissioner precincts; $868,975 Flock renewal incl. sound detection, voted 2026-05-28 (per article, live-read)",html,static,not measured,NONE-FOUND(checked: https://communityimpact.com/spring-klein/government/harris-county-renews-contract-for-law-enforcement-license-plate-cameras-despite-resident-pushback/),NONE-FOUND,guess:LicenseRef-all-rights-reserved,bytes=likely-restricted; facts=likely-open; derived=undetermined,private-person-name,origin,new,dossier_documents:html_text,2026-09-30T18:14:43Z,I5-Q103;I5-F172,live-read,"handoff→I3 (ALPR/Flock). Published 2026-05-28. Cites 'agenda documents' at https://harriscountytx.legistar.com/LegislationDetail.aspx?ID=8036071 (not fetched) — confirms Commissioners Court on Legistar tenant harriscountytx (registry row jurisdiction truncated 'County, TX'). Named residents in public comment -> private-person-name flag; officials named in role. 30-day retention; sharing only with Flock-using agencies incl. U.S. Postal Police (per HCSO). operators=sheriff;hoa",I5-CRES-CRES-GL3,target,,Flock Safety,alpr-fixed;gunshot-acoustic,independent_account,flag,200 GET 2026-09-30T18:14:43Z; robots=not-read,I1:county=Harris County TX
I5-C225,Tribal Leaders Directory,https://services1.arcgis.com/UxqqIfhng71wUT9x/arcgis/rest/services/TribalLeadership_Directory/FeatureServer/0,"Bureau of Indian Affairs, Branch of Geospatial Support (via ArcGIS Online; item 3c6ae1b6fa9f414cbd36758905b196c3)",gov-open-data,T00,US-TRIBAL:ALL,"601 rows = 577 'Tribe' + 24 'Affiliate (band, community, village…)' (live-read distinct query); BIA page states '575 Federally Recognized Tribes as of 1/30/2026'; 2-row Tribe gap unexplained",arcgis,weekly,count=601 distinct tribefullname via returnDistinctValues+returnCountOnly (F176); 601 rows by component (F184),https://www.arcgis.com/home/item.html?id=3c6ae1b6fa9f414cbd36758905b196c3,"No warranty is made by the Bureau of Indian Affairs (BIA) for the use of the data for purposes not intended by the BIA. This GIS Dataset may contain errors. There is no impact on the legal status of the land areas depicted herein and no impact on land ownership. No legal inference can or should be made from the information in this GIS Dataset. The GIS Dataset is prepared strictly for illustrative and reference purposes only and should not be used, and is not intended for legal, survey, engineering or navigation purposes. These data have been developed from the best available sources. Although",guess:LicenseRef-USGov-public-domain,bytes=undetermined; facts=likely-open; derived=undetermined,officer-name-institutional-role;tribal-sovereignty,origin,new,dot_511:arcgis_query,2026-09-30T18:18:29Z,I5-F173;I5-F174;I5-F175;I5-F176;I5-F177;I5-F184,live-read,"GT geography spine, not a surveillance source: US-TRIBAL:<BIA name> labels come from tribefullname. Only tribefullname/tribalcomponent/biaregion/state were read; leader name/phone/email fields (43-field schema) NOT pulled. Rows by BIA region: Alaska 228, Pacific 105, Western 56, Northwest 45, Eastern 37, Midwest 36, Southern Plains 24, Southwest 24, Eastern Oklahoma 20, Great Plains 16, Rocky Mountain 9, Navajo 1. Item says it is 'not an official listing' — official list is the Federal Register notice (not fetched). update_cadence basis: description 'most recent weekly update'; item modified 2026-09-29. operators=federal;tribal",I5-T00-C16-GT,channel,,Esri,,independent_account,flag,200 GET 2026-09-30T18:18:29Z; robots=not-read,I1:tribal-nations
I5-C226,Consulta del Registro de Contratos (Oficina de la Contralora de Puerto Rico),https://consultacontratos.ocpr.gov.pr/,Oficina de la Contralora de Puerto Rico (OCPR),procurement,T00,US-PR,"contracts of all PR government entities; fiscal-year bulk downloads listed 2010-2011 … 2023-2024 ('Última actualización 20 dic. 2023'); search by Entidad, contrato, contratista, categoría, cuantía (live-read)",bulk-file,annual,not measured (bulk files not downloaded),https://consultacontratos.ocpr.gov.pr/,"La integridad de los datos registrados y la veracidad del documento publicado es responsabilidad de la entidad que otorgó el contrato o escritura, entró los datos y subió el documento a nuestro sistema. Cualquier situación identificada con los datos o los documentos deben comunicárselo a dicha entidad. La OCPR conserva los documentos públicos del Registro de Contratos por un periodo de 10 años luego de finalizada la vigencia del contrato y sus enmiendas.",guess:LicenseRef-PR-public-record,bytes=undetermined; facts=likely-open; derived=undetermined,private-person-name,origin,new,new:ocpr_contract_registry,2026-09-30T18:15:59Z,I5-F178,live-read,Territorial procurement channel: filtering by Entidad = Negociado de la Policía de Puerto Rico / Departamento de Seguridad Pública would locate police surveillance contracts — the search is a form and was NOT submitted (R3). Contractors can be natural persons (personal-services contracts) -> private-person-name flag; bulk files NOT downloaded (R6). update_cadence basis: FY bulk files (last listed FY2023-2024; last update 2023-12-20 — possibly stale). operators=territorial,I5-T00-C09-GT,channel,,,,independent_account,flag,200 GET 2026-09-30T18:15:59Z; robots=not-read,I1:territory=US-PR
I5-C227,Sistema Único de Trámite Legislativo (SUTRA),https://sutra.oslpr.org/medidas?frase_titulo=,Asamblea Legislativa de Puerto Rico — Oficina de Servicios Legislativos (host oslpr.org; attribution inferred),legislation,T00,US-PR,"cuatrienios 1985-1988 … 2025-2028; GET title-phrase search: 'cámaras de seguridad' 4 records, 'tablillas' 5, 'reconocimiento facial' 2, 'vigilancia' 22 (live-read)",html,daily,4+5+2+22 records for the four phrases (live-read),NONE-FOUND(checked: https://sutra.oslpr.org/medidas?frase_titulo=),NONE-FOUND,guess:LicenseRef-PR-public-record,bytes=undetermined; facts=likely-open; derived=undetermined,none-observed,origin,new,new:sutra_medidas,2026-09-30T18:19:05Z,I5-F186;I5-Q109;I5-Q110;I5-Q111;I5-Q112,live-read,Territorial legislation channel; measure detail pages /medidas/<id>. update_cadence basis: live legislative tracker (inference). Bill authors are legislators (public role). operators=territorial,I5-T00-C11-GT,family,FAM-I5-PR-SUTRA,,,independent_account,pass,200 GET 2026-09-30T18:19:05Z; robots=not-read,I1:territory=US-PR
I5-C228,"RC0787 — Resolución de la Cámara: investigación sobre cámaras y sistemas de vigilancia con reconocimiento facial, biométrico, lectura automatizada de tablillas o IA",https://sutra.oslpr.org/medidas/162075,Asamblea Legislativa de Puerto Rico (via SUTRA),legislation,T01;T11;T12;T10;T03,US-PR,single measure (title and filing date live-read from SUTRA search results),html,irregular,1 measure,NONE-FOUND(checked: https://sutra.oslpr.org/),NONE-FOUND,guess:LicenseRef-PR-public-record,bytes=undetermined; facts=likely-open; derived=undetermined,none-observed,origin,new,new:sutra_medidas,2026-09-30T18:19:51Z,I5-Q110;I5-Q111,live-read,"Filed 2026-09-01. Orders the House Comisión de lo Jurídico to investigate acquisition, installation, administration and use by PR agencies, public corporations and municipalities of cameras/surveillance systems using facial, biometric, automated plate-reading, AI or other identify/track/profile technologies; data collection, storage, sharing; which public/private, state, municipal or federal entities access the data; safeguards. Listing shows status labels 'Radicado'/'Aprobado por la Cámara' (row-to-status mapping not verified). Detail-page id 162075 derived from result HTML proximity (not fetched). Companion Senate measure RS0604. operators=territorial;police;municipal-police",I5-T00-C11-GT,target,FAM-I5-PR-SUTRA,,alpr-fixed;face-live,independent_account,pass,200 GET 2026-09-30T18:19:51Z; robots=not-read; detail page not fetched,I1:territory=US-PR
I5-C229,"RS0604 — Resolución del Senado: investigación sobre cámaras y sistemas de vigilancia con reconocimiento facial, biométrico, lectura automatizada de tablillas o IA",https://sutra.oslpr.org/medidas/162235,Asamblea Legislativa de Puerto Rico (via SUTRA),legislation,T01;T11;T12;T10;T03,US-PR,single measure (title and filing date live-read from SUTRA search results),html,irregular,1 measure,NONE-FOUND(checked: https://sutra.oslpr.org/),NONE-FOUND,guess:LicenseRef-PR-public-record,bytes=undetermined; facts=likely-open; derived=undetermined,none-observed,origin,new,new:sutra_medidas,2026-09-30T18:19:51Z,I5-Q110;I5-Q111,live-read,"Filed 2026-09-18. Senate companion to RC0787 (same scope, Senate Comisión de lo Jurídico) incl. evaluation of safeguards for privacy, dignity and liberties. Status: 'Radicado'. Detail-page id derived from result HTML (not fetched). operators=territorial;police;municipal-police",I5-T00-C11-GT,target,FAM-I5-PR-SUTRA,,alpr-fixed;face-live,independent_account,pass,200 GET 2026-09-30T18:19:51Z; robots=not-read; detail page not fetched,I1:territory=US-PR
I5-C230,RC0740 — investigación sobre cámaras de vigilancia o monitoreo de tránsito en semáforos y el Sistema de Monitoreo de Semáforos,https://sutra.oslpr.org/medidas/161629,Asamblea Legislativa de Puerto Rico (via SUTRA),legislation,T08;T07,US-PR,single measure (title and filing date live-read from SUTRA search results),html,irregular,1 measure,NONE-FOUND(checked: https://sutra.oslpr.org/),NONE-FOUND,guess:LicenseRef-PR-public-record,bytes=undetermined; facts=likely-open; derived=undetermined,none-observed,origin,new,new:sutra_medidas,2026-09-30T18:19:22Z,I5-Q109,live-read,Filed 2026-06-29. Orders House Transportation & Infrastructure and Public Safety committees to investigate the operation/state of traffic-light surveillance/monitoring cameras and the Sistema de Monitoreo de Semáforos. Status labels in listing include 'Aprobado por la Cámara' (mapping not verified). operators=territorial;police;municipal-police,I5-T00-C11-GT,target,FAM-I5-PR-SUTRA,,camera-fixed-cctv,independent_account,pass,200 GET 2026-09-30T18:19:22Z; robots=not-read; detail page not fetched,I1:territory=US-PR
I5-C231,RCS0198 — Resolución Conjunta del Senado: requisito de cámaras de seguridad (videovigilancia) para licencias de venta detallada de bebidas alcohólicas,https://sutra.oslpr.org/medidas/161712,Asamblea Legislativa de Puerto Rico (via SUTRA),legislation,T06;T07,US-PR,single measure (title and filing date live-read from SUTRA search results),html,irregular,1 measure,NONE-FOUND(checked: https://sutra.oslpr.org/),NONE-FOUND,guess:LicenseRef-PR-public-record,bytes=undetermined; facts=likely-open; derived=undetermined,none-observed,origin,new,new:sutra_medidas,2026-09-30T18:19:22Z,I5-Q109,live-read,Filed 2026-07-14. Would have Hacienda require installation and operation of security-camera (video-surveillance) systems at establishments applying for/renewing retail alcohol licences — a mandated private-camera population (relevant to T06 private-camera registries). Status: 'Aprobado por el Senado' shown in listing (mapping not verified). operators=territorial;police;municipal-police,I5-T00-C11-GT,target,FAM-I5-PR-SUTRA,,camera-fixed-cctv,independent_account,pass,200 GET 2026-09-30T18:19:22Z; robots=not-read; detail page not fetched,I1:territory=US-PR
I5-C232,"PC0560 — Plan de Vigilancia de las Costas, Puertos y Aeropuertos",https://sutra.oslpr.org/medidas/155376,Asamblea Legislativa de Puerto Rico (via SUTRA),legislation,T00,US-PR,single measure (title and filing date live-read from SUTRA search results),html,irregular,1 measure,NONE-FOUND(checked: https://sutra.oslpr.org/),NONE-FOUND,guess:LicenseRef-PR-public-record,bytes=undetermined; facts=likely-open; derived=undetermined,none-observed,origin,new,new:sutra_medidas,2026-09-30T18:20:16Z,I5-Q112,live-read,Filed 2025-04-28. Creates a coasts/ports/airports surveillance plan with an interagency committee and funding; technology classes not stated in title (T28/T07 plausible — inference). operators=territorial;police;municipal-police,I5-T00-C11-GT,target,FAM-I5-PR-SUTRA,,,independent_account,pass,200 GET 2026-09-30T18:20:16Z; robots=not-read; detail page not fetched,I1:territory=US-PR
I5-C233,"PC0489 — Ley del Programa de Vigilancia, Prevención y Protección de Menores (supervisión electrónica como condición de fianza)",https://sutra.oslpr.org/medidas/154899,Asamblea Legislativa de Puerto Rico (via SUTRA),legislation,T24,US-PR,single measure (title and filing date live-read from SUTRA search results),html,irregular,1 measure,NONE-FOUND(checked: https://sutra.oslpr.org/),NONE-FOUND,guess:LicenseRef-PR-public-record,bytes=undetermined; facts=likely-open; derived=undetermined,none-observed,origin,new,new:sutra_medidas,2026-09-30T18:20:16Z,I5-Q112,live-read,"Filed 2025-04-03. Mandatory electronic supervision as an additional bail condition on probable cause for certain serious crimes against minors (electronic monitoring, T24). Listing shows 'Aprobado por la Cámara' nearby (mapping not verified). operators=territorial;police;municipal-police",I5-T00-C11-GT,target,FAM-I5-PR-SUTRA,,,independent_account,pass,200 GET 2026-09-30T18:20:16Z; robots=not-read; detail page not fetched,I1:territory=US-PR
I5-C234,Wisconsin tribes invest in surveillance technology,https://ictnews.org/news/wisconsin-tribes-invest-in-surveillance-technology/,ICT (republishing Wisconsin Examiner),journalism,T07;T01,US-TRIBAL:Lac du Flambeau Band of Lake Superior Chippewa Indians of the Lac du Flambeau Reservation of Wisconsin;US-TRIBAL:Oneida Nation;US-TRIBAL:Lac Courte Oreilles Band of Lake Superior Chippewa Indians of Wisconsin;US-TRIBAL:St. Croix Chippewa Indians of Wisconsin,"LDF tribal police: 160+ cameras over <1 sq mi village area, monitoring room (4 FT + 2 PT staff), >=30-day retention; Oneida: 4 Flock cameras (2+ yrs); LCO: Flock cameras placed 2025 (per article, live-read)",html,static,not measured,NONE-FOUND(checked: https://ictnews.org/news/wisconsin-tribes-invest-in-surveillance-technology/),NONE-FOUND,guess:LicenseRef-CC-BY-ND-4.0 (Wisconsin Examiner republication terms — unverified),bytes=undetermined; facts=likely-open; derived=undetermined,private-person-name;tribal-sovereignty,mirror-of:Wisconsin Examiner original (URL not captured),new,dossier_documents:html_text,2026-09-30T18:17:33Z,I5-L302;I5-F182,live-read,Published 2025-07-07 (ICT; Examiner 2025-07-03). Tribal geography labels verified against BIA TLD names (F184). Names a missing tribal member and a social-media commenter -> private-person-name flag; police chiefs named in role. Casino/school camera systems accessible to police at LDF and Oneida (school -> handoff→I4 note). handoff→I3 (Flock/CCTV). Atlas lead (L302). operators=tribal;police;school-district;business,I5-T00-C14-GT,target,,Flock Safety,alpr-fixed;camera-fixed-cctv,republished_document,flag,200 GET 2026-09-30T18:17:33Z; robots=not-read,I1:tribal-nations
I5-C235,Police probes STT killing; says death last month on St. Croix ruled a homicide,https://www.virginislandsdailynews.com/for_the_record/police-probes-stt-killing-says-death-last-month-on-st-croix-ruled-a-homicide/article_fdfda430-c85a-4725-a737-b4eabf6dedb9.html,The Virgin Islands Daily News,journalism,T13,US-VI,"VIPD statement cites the 'Shot Spotter Detection System' detecting shots in Hospital Ground, St. Thomas (article dated 2025-12-10, live-read)",html,static,not measured,NONE-FOUND(checked: https://www.virginislandsdailynews.com/for_the_record/police-probes-stt-killing-says-death-last-month-on-st-croix-ruled-a-homicide/article_fdfda430-c85a-4725-a737-b4eabf6dedb9.html),NONE-FOUND,guess:LicenseRef-all-rights-reserved,bytes=likely-restricted; facts=likely-open; derived=undetermined,free-text-narrative,origin,new,dossier_documents:html_text,2026-09-30T18:20:11Z,I5-L302;I5-F188,live-read,"Evidence of territorial ShotSpotter use (deployment, not coverage). Crime-incident narrative (victim unnamed) -> free-text-narrative flag; police spokesperson named in role. fetch.sh challenge heuristic flagged the host despite a genuine 200 page (suspected false positive); host stop-listed, not retried. handoff→I4 (gunshot detection). operators=territorial;police",I5-T00-C14-GT,target,,SoundThinking (ShotSpotter),gunshot-acoustic,independent_account,flag,200 GET 2026-09-30T18:20:11Z; robots=not-read; challenge-heuristic flag -> host stop-listed,I1:territory=US-VI
I5-C236,"ShotSpotter, Inc. — contract page (V.I. Department of Property & Procurement)",https://dpp.vi.gov/contracts/shotspotter-inc/,U.S. Virgin Islands Department of Property and Procurement,procurement,T13,US-VI,not measured (access blocked),other,unknown,not measured,NONE-FOUND(checked: https://dpp.vi.gov/contracts/shotspotter-inc/),NONE-FOUND,guess:LicenseRef-public-record-US-VI,bytes=undetermined; facts=likely-open; derived=undetermined,none-observed,origin,new,new:dpp_vi_contracts,2026-09-30T18:17:28Z,I5-L302;I5-F179,live-read,"LEAD-ONLY. access=blocked: 403 Cloudflare 'Attention Required' (kinsta.cloud) on F179; host stop-listed. Atlas also cites https://dpp.vi.gov/wp-content/uploads/2016/10/P005VPDT17-ShotSpotter-Inc.pdf (not fetched). URL pattern /contracts/<vendor>/ suggests a per-vendor territorial contract register (inference). contract_ids=P005VPDT17 (from Atlas URL, unverified). handoff→I4 (gunshot detection). operators=territorial",I5-T00-C09-GT,channel,,SoundThinking (ShotSpotter),,independent_account,pass,403 challenge 2026-09-30T18:17:28Z,I1:territory=US-VI
I5-C237,Coordinated Tribal Assistance Solicitation (CTAS) — DOJ Tribal Justice and Safety grants,https://www.justice.gov/tribal/grants,U.S. Department of Justice (Tribal Justice and Safety),grant,T00,US-TRIBAL:ALL,"CTAS single application covering most DOJ tribal grant programs (BJA, OVW, …); 'Awards' page linked at /tribal/awards (live-read landing)",html,annual,not measured,NONE-FOUND(checked: https://www.justice.gov/tribal/grants),NONE-FOUND,guess:LicenseRef-USGov-public-domain,bytes=undetermined; facts=likely-open; derived=undetermined,tribal-sovereignty,origin,new,new:doj_ctas_awards,2026-09-30T18:20:12Z,I5-F189,live-read,Federal funding channel for tribal justice technology; award lists (https://www.justice.gov/tribal/awards) NOT fetched (budget) — technology-purpose awards not enumerated. update_cadence basis: annual solicitation (inference). operators=federal;tribal,I5-T00-C16-GT,channel,,,,independent_account,flag,200 GET 2026-09-30T18:20:12Z; robots=not-read,I1:tribal-nations
I5-C238,BJA award detail pages (bja.ojp.gov/funding/awards/<award-id>),https://bja.ojp.gov/funding/awards/15pbja-23-gg-02497-gunp,"Bureau of Justice Assistance, U.S. Department of Justice",grant,T01,"US-PR;US-TRIBAL:Gila River Indian Community of the Gila River Indian Reservation, Arizona",not measured (login-gated),other,unknown,not measured,NONE-FOUND(checked: https://bja.ojp.gov/funding/awards/15pbja-23-gg-02497-gunp),NONE-FOUND,guess:LicenseRef-USGov-public-domain,bytes=undetermined; facts=likely-open; derived=undetermined,tribal-sovereignty,origin,new,new:ojp_award_pages,2026-09-30T18:17:29Z,I5-L302;I5-F180;I5-F181,live-read,"LEAD-ONLY. access=login-gated: both award URLs (F180 PR Police Bureau, F181 Gila River) 200-redirect to bja.ojp.gov/user/login?destination=… — not usable without login (R3). Atlas cites bja.ojp.gov award pages for 7 PR rows and 6 tribal rows; those leads are now unverifiable at origin (archive copies not used, R4). award_ids=15PBJA-23-GG-02497-GUNP;15PBJA-22-GG-02649-JAGX (ALPR per Atlas, unverified). operators=territorial;tribal",I5-T00-C16-GT,channel,,,,independent_account,flag,200 GET 2026-09-30T18:17:29Z -> login redirect,I1:territory=US-PR;I1:tribal-nations
I5-C239,Statement from LCOPD re: Flock Safety cameras,https://lco-nsn.gov/statement-from-lcopd-re-flock-safety-cameras/,Lac Courte Oreilles Band of Lake Superior Chippewa Indians — LCO Police Department,other,T01,US-TRIBAL:Lac Courte Oreilles Band of Lake Superior Chippewa Indians of Wisconsin,not measured (access blocked),other,unknown,not measured,NONE-FOUND(checked: https://lco-nsn.gov/statement-from-lcopd-re-flock-safety-cameras/),NONE-FOUND,guess:LicenseRef-tribal-government-publication,bytes=undetermined; facts=likely-open; derived=undetermined,tribal-sovereignty,origin,new,dossier_documents:html_text,2026-09-30T18:17:36Z,I5-L302;I5-F183,live-read,LEAD-ONLY. access=blocked: 403 Wordfence on F183; host lco-nsn.gov stop-listed (403); not retried. Tribal government's own statement on its Flock deployment (Atlas lead; corroborated by ICT article I5-C234). handoff→I3 (Flock). operators=tribal;police,I5-T00-C14-GT,channel,,Flock Safety,alpr-fixed,independent_account,flag,403 Wordfence 2026-09-30T18:17:36Z,I1:tribal-nations
I5-C240,Datos Abiertos y Transparencia — datos.pr.gov (under maintenance),https://datos.pr.gov/,Gobierno de Puerto Rico — PRITS (redirect host prits.pr.gov; attribution inferred),gov-open-data,T00,US-PR,not measured (portal in scheduled maintenance),other,unknown,not measured,NONE-FOUND(checked: https://datos.pr.gov/),NONE-FOUND,guess:LicenseRef-PR-public-record,bytes=undetermined; facts=likely-open; derived=undetermined,none-observed,origin,new,new:unknown,2026-09-30T18:19:06Z,I5-Q104;I5-F187,live-read,LEAD-ONLY. access=unavailable: 200 redirect to https://www.prits.pr.gov/pr-gov-mantenimiento — 'El portal solicitado de datos.pr.gov se encuentran en mantenimiento programado' (F187). Q104: data.pr.gov is not a Socrata domain ('Domain not found'). Platform undetermined. operators=territorial,I5-T00-C03-GT,channel,,,,independent_account,pass,200 GET 2026-09-30T18:19:06Z -> maintenance page,I1:territory=US-PR
I5-C241,Guam Legislature (guamlegislature.gov) — bill search,https://guamlegislature.gov/,I Liheslaturan Guåhan (Guam Legislature),legislation,T00,US-GU,not measured (bot-check interstitial),other,unknown,not measured,NONE-FOUND(checked: https://guamlegislature.gov/),NONE-FOUND,guess:LicenseRef-public-record-US-GU,bytes=undetermined; facts=likely-open; derived=undetermined,none-observed,origin,new,new:unknown,2026-09-30T18:18:44Z,I5-Q108,live-read,"LEAD-ONLY. access=interstitial: site search ?s=surveillance returned 200 'One moment, please...' loader page (JS bot check; not matched by fetch.sh challenge regex); treated as a challenge and not retried. No Guam camera/ALPR bill verified. operators=territorial",I5-T00-C11-GT,channel,,,,independent_account,pass,200 GET 2026-09-30T18:18:44Z -> JS interstitial,I1:territory=US-GU
I5-C242,Centro de Periodismo Investigativo (CPI) — site search,https://periodismoinvestigativo.com/,Centro de Periodismo Investigativo,journalism,T00,US-PR,not measured (access blocked),other,unknown,not measured,NONE-FOUND(checked: https://periodismoinvestigativo.com/),NONE-FOUND,guess:LicenseRef-CPI-terms-unread,bytes=undetermined; facts=likely-open; derived=undetermined,none-observed,origin,new,dossier_documents:html_text,2026-09-30T18:18:42Z,I5-Q107,live-read,LEAD-ONLY. access=blocked: site search ?s=ShotSpotter -> 403 Cloudflare 'Just a moment...' (Q107); host stop-listed. PR police-camera / ShotSpotter / FRT reporting by CPI remains unverified this row. operators=territorial;police,I5-T00-C14-GT,channel,,,,independent_account,pass,403 challenge 2026-09-30T18:18:42Z,I1:territory=US-PR
I5-C300,Emergent technologies proactive information releases,https://www.police.govt.nz/about-us/publication/emergent-technologies-proactive-information-releases,New Zealand Police,statutory-report,T00;T01;T02;T03;T11;T14;T23,ISO:NZ,"national; page lists 4 ANPR-platform audit reports (2022/2024/2025/2026), ANPR PIA, ANPR OIA releases (camera count, usage data), FRT considerations report, RPAS proof-of-concept, emergent-tech assurance review (live-read)",html,irregular,~20 linked PDFs on the page (live-read); page dated September 2026,https://www.police.govt.nz/about-site-and-nz-police-app/copyright,The New Zealand Police wish to advise that it is illegal to reproduce or distribute copyrighted material without the permission of the copyright owner. ... [Police Manual chapters only:] this copyright material is licensed for re-use under the Creative Commons Attribution-NonCommercial-NoDerivatives 4.0 International License.,guess:LicenseRef-NZPolice-Copyright,bytes=likely-restricted; facts=likely-open; derived=undetermined,none-observed,origin,new,dossier_documents:html_text;dossier_documents:pdf_text,2026-09-30T18:08:16Z,I5-Q115;I5-F192;I5-F223,live-read,"operators=police; regime=NZ Privacy Act 2020; page states OIA responses are proactively published with requesters' identifying details removed; also commits to routinely publish privacy/security assessments of technology proposals (a statutory-report analogue of US surveillance-technology reports). Third-party ANPR (Auror, SaferCities) = public-private network analogue.",I5-T00-C04-GI1,channel,FAM-NZP-EMERGENT,Auror;SaferCities,alpr-fixed;alpr-mobile;alpr-sharing;face-retrospective;drone;bwc,independent_account,pass,200 GET 2026-09-30T18:08:16Z; robots=not-read,I1#11;I1:country=NZ
I5-C301,"Police use of Automatic Number Plate Recognition (ANPR) platforms Audit Report (follow-up audit, Dec 2024)",https://www.police.govt.nz/sites/default/files/publications/police-use-anpr-platforms-audit-report-dec-2024.pdf,"New Zealand Police (Assurance Group, Police National Headquarters)",statutory-report,T01;T03,ISO:NZ,"national usage aggregate: 350,000+ transactions in baseline audit; ~40-45,000 searches/month across both vendor ANPR platforms in 2023/24 vs 20-25,000/month in 2022 baseline (live-read)",pdf,annual,"4 editions listed (2022, Dec 2024, Oct 2025, Aug 2026) per F192 (live-read)",https://www.police.govt.nz/about-site-and-nz-police-app/copyright,The New Zealand Police wish to advise that it is illegal to reproduce or distribute copyrighted material without the permission of the copyright owner. ... [Police Manual chapters only:] this copyright material is licensed for re-use under the Creative Commons Attribution-NonCommercial-NoDerivatives 4.0 International License.,guess:LicenseRef-NZPolice-Copyright,bytes=likely-restricted; facts=likely-open; derived=undetermined,none-observed,origin,new,dossier_documents:pdf_text,2026-09-30T18:08:20Z,I5-Q115;I5-F192;I5-F193,live-read,"operators=police;business;retail; regime=NZ Privacy Act 2020; NZ Police access plate data mainly via two vendor platforms (SaferCities, Auror) = public-private ALPR sharing lane (T03); aggregate usage only; reasons-for-search reported in aggregate (no per-search rows). Annual cadence basis: 2024/2025/2026 editions. Closest NZ analogue of US ALPR annual audits.",I5-T00-C04-GI1,target,FAM-NZP-EMERGENT,Auror;SaferCities,alpr-fixed;alpr-sharing,independent_account,pass,200 GET 2026-09-30T18:08:20Z; robots=not-read,I1#11;I1:country=NZ
I5-C302,OIA - Number of ANPR cameras (IR-01-22-37568),https://www.police.govt.nz/sites/default/files/publications/ir-01-22-37568-number-anpr-cameras.pdf,New Zealand Police,records-release,T01;T02;T07;T09,ISO:NZ,"Police own 10 fixed ANPR cameras (Northland 3, Bay of Plenty 6, Central 1) + 18 vehicle-mounted; ~44 red-light cameras Tamaki Makaurau, 2 Canterbury, 1 Wellington; no central register of Police CCTV; third-party ANPR camera count not held (live-read)",pdf,static,1 OIA response (live-read),https://www.police.govt.nz/about-site-and-nz-police-app/copyright,The New Zealand Police wish to advise that it is illegal to reproduce or distribute copyrighted material without the permission of the copyright owner. ... [Police Manual chapters only:] this copyright material is licensed for re-use under the Creative Commons Attribution-NonCommercial-NoDerivatives 4.0 International License.,guess:LicenseRef-NZPolice-Copyright,bytes=likely-restricted; facts=likely-open; derived=undetermined,none-observed,origin,new,dossier_documents:pdf_text,2026-09-30T18:15:57Z,I5-Q115;I5-F192;I5-F219,live-read,"operators=police; regime=NZ Privacy Act 2020; exact ANPR locations withheld under OIA s6(c) -> NZ, like the UK, yields COUNTS not points; per-district fixed-camera counts are a district-level aggregate.",I5-T00-C04-GI1,target,FAM-NZP-EMERGENT,,alpr-fixed;alpr-mobile;traffic-enforcement(proposed),response_to,pass,200 GET 2026-09-30T18:15:57Z; robots=not-read,I1#11;I1:country=NZ
I5-C303,Joint assurance review: retrospective facial search (SBC/2025/02),https://biometricscommissioner.scot/media/4talu0vq/joint-assurance-review-retrospective-facial-search.pdf,Scottish Biometrics Commissioner (with HM Inspectorate of Constabulary in Scotland),statutory-report,T11,GB-SCT,"Police Scotland national: 4,006 retrospective facial searches in 2023-24 (3,813 PND + 193 CAID), 81 positive matches/leads (~2%) (live-read)",pdf,irregular,1 report; laid before Scottish Parliament March 2025 under s20(2) Scottish Biometrics Commissioner Act 2020 (live-read),NONE-FOUND(checked: F196 PDF text),NONE-FOUND,guess:LicenseRef-Crown-Copyright-Scotland,bytes=undetermined; facts=likely-open; derived=undetermined,none-observed,origin,new,dossier_documents:pdf_text;accountability,2026-09-30T18:08:57Z,I5-Q118;I5-F196,live-read,operators=police; regime=UK-GDPR/DPA2018 (Part 3 law enforcement processing); statutory commissioner (Scottish Biometrics Commissioner Act 2020) = Scotland analogue of the BSCC; includes UK comparative PND-search volumes table; publisher also posts advisory-group minutes (lead).,I5-T00-C04-GI1,target,,,face-retrospective,independent_account,pass,200 GET 2026-09-30T18:08:57Z; robots=not-read,I1#11;I1:country=GB
I5-C304,Special report to Parliament: Police use of Facial Recognition Technology in Canada and the way forward (RCMP / Clearview AI),https://www.priv.gc.ca/en/opc-actions-and-decisions/ar_index/202021/sr_rcmp/,Office of the Privacy Commissioner of Canada,statutory-report,T11,ISO:CA,federal police (RCMP) FRT use; report of findings tabled 10 June 2021 under Privacy Act s39(1) (live-read),html,static,1 special report + findings (live-read),NONE-FOUND(checked: F197),NONE-FOUND,guess:LicenseRef-Crown-Copyright-Canada,bytes=undetermined; facts=likely-open; derived=undetermined,none-observed,origin,new,dossier_documents:html_text;accountability,2026-09-30T18:08:57Z,I5-Q119;I5-F197,live-read,operators=police;federal; regime=Privacy Act (Canada)/PIPEDA; pre-2022 baseline (sole federal regulator finding on police FRT); OPC actions-and-decisions index is the channel; provincial IPCs (ON/BC/AB) not reached (budget).,I5-T00-C04-GI1,target,,Clearview AI,face-retrospective,independent_account,pass,200 GET 2026-09-30T18:08:57Z; robots=not-read,I1#11;I1:country=CA
I5-C305,Privacy Commissioner publishes updated guidance on facial recognition in retail spaces,https://www.oaic.gov.au/news/media-centre/privacy-commissioner-publishes-updated-guidance-on-facial-recognition-in-retail-spaces,Office of the Australian Information Commissioner,statutory-report,T11,ISO:AU,"national regulator: Bunnings FRT in 62 stores 2018-2021 (Nov 2024 determination, affirmed in part by ART Feb 2026); guidance published 29 July 2026 (live-read)",html,irregular,1 release; links to determinations (index fetch failed: curl error F195),https://www.oaic.gov.au/about-the-OAIC/copyright,"The Office of the Australian Information Commissioner has applied the Creative Commons Attribution 4.0 International Licence to content on this website. ... Except where otherwise indicated, this does not extend to: any images and/or photographs.",guess:CC-BY-4.0,bytes=likely-open; facts=likely-open; derived=undetermined,none-observed,origin,new,dossier_documents:html_text;accountability,2026-09-30T18:15:57Z,I5-Q117;I5-F222;I5-F224,live-read,"operators=retail;business; regime=Privacy Act 1988 (Cth); private-sector FRT (retail) = the AU deployment evidence lane; Kmart determination (Aug 2025, 28 stores per search lead, unverified here) is the next target; OAIC determinations index unreachable this row (curl error, not a block).",I5-T00-C04-GI1,channel,,,face-live,independent_account,pass,200 GET 2026-09-30T18:15:57Z; robots=not-read,I1#11;I1:country=AU
I5-C306,L&RS General Scheme Briefing Paper: Garda Síochána (Recording Devices) (Amendment) Bill,https://data.oireachtas.ie/ie/oireachtas/libraryResearch/2025/2025-08-18_briefing-paper-garda-siochana-recording-devices-amendment-bill_en.pdf,Houses of the Oireachtas Library & Research Service,legislation,T11;T01;T07;T23,ISO:IE,"national: proposed Part 6A to Garda Síochána (Recording Devices) Act 2023 for retrospective FRT; 2023 Act governs Garda BWC, ANPR and CCTV (live-read)",pdf,static,1 briefing paper dated 2025-08-18 (live-read),NONE-FOUND(checked: F198 PDF text),NONE-FOUND,guess:LicenseRef-Oireachtas-PSI,bytes=undetermined; facts=likely-open; derived=undetermined,none-observed,origin,new,dossier_documents:pdf_text,2026-09-30T18:10:08Z,I5-Q120;I5-F198,live-read,operators=police; regime=GDPR+LED (IE Data Protection Act 2018 Part 5); channel C11 legislation (captured under C04 query); the Recording Devices Act 2023 codes of practice (ANPR/CCTV/BWC) are the next Irish target (not reached).,I5-T00-C04-GI1,target,,,face-retrospective;alpr-fixed;bwc;camera-fixed-cctv,independent_account,pass,200 GET 2026-09-30T18:10:08Z; robots=not-read,I1#11;I1:country=IE
I5-C307,"Enforcement action (ICO register of enforcement notices, reprimands, monetary penalties)",https://ico.org.uk/action-weve-taken/enforcement/,Information Commissioner's Office (UK),statutory-report,T00;T07;T11,ISO:GB,UK-wide regulator action register with keyword/type/date filters (live-read),html,irregular,register page with filters Enforcement notices/Reprimands/Monetary penalties (live-read); count not taken,https://ico.org.uk/global/copyright-and-re-use-of-materials/,"All text content on this website is available under the Open Government Licence (OGL) v3.0 , except where otherwise stated.",guess:OGL-UK-3.0,bytes=likely-open; facts=likely-open; derived=undetermined,none-observed,origin,new,new:html_list;accountability,2026-09-30T18:15:57Z,I5-L401;I5-F221;I5-F225,live-read,operators=police;business;retail; regime=UK-GDPR/DPA2018; page warns date search may be wrong for documents added before 31 Dec 2024; surveillance-relevant entries (FRT/CCTV) need keyword filtering; related to (not same-as) uk_surveillance_camera_commissioner.,I5-T00-C04-GI1,channel,,,camera-fixed-cctv;face-live,independent_account,pass,200 GET 2026-09-30T18:15:57Z; robots=not-read,I1#11;I1:country=GB
I5-C308,Metropolitan Police live facial recognition (LFR) deployment records,https://www.met.police.uk/advice/advice-and-information/fr/facial-recognition/,Metropolitan Police Service,statutory-report,T11,GB-ENG:London,unknown (not reached; 403 challenge),other,unknown,not reached,NONE-FOUND(checked: blocked F191),NONE-FOUND,guess:OGL-UK-3.0,bytes=undetermined; facts=likely-open; derived=undetermined,free-text-narrative,origin,new,dossier_documents:html_text,2026-09-30T18:08:16Z,I5-Q113;I5-F191,live-read,LEAD-ONLY; access=blocked(403 challenge; host stop-listed); operators=police; regime=UK-GDPR/DPA2018; search lead says Met publishes per-deployment LFR records (date/location/alerts/arrests) — aggregate per deployment; verify watchlist/outcome columns at Part VIII preflight; other SOH police.uk force sites likely same WAF.,I5-T00-C04-GI1,channel,,,face-live,independent_account,flag,403 GET 2026-09-30T18:08:16Z; robots=not-read; challenge,I1#11;I1:country=GB
I5-C309,Find a Tender notice 061205-2025 (National ANPR Service),https://www.find-tender.service.gov.uk/Notice/061205-2025,Home Office (via Find a Tender Service),procurement,T01;T03,ISO:GB,unknown (not reached; 403),other,static,not reached,NONE-FOUND(checked: blocked F194),NONE-FOUND,guess:OGL-UK-3.0,bytes=undetermined; facts=likely-open; derived=undetermined,none-observed,origin,new,new:ocds,2026-09-30T18:08:16Z,I5-Q116;I5-F194,live-read,"LEAD-ONLY; access=blocked(403; host stop-listed); operators=police;federal; regime=UK-GDPR/DPA2018; UK ANPR camera LOCATIONS are withheld by national policy -> national COUNT/volume channels only (search snippet: ~100M reads/day to NAS — LEAD, unverified). Contracts Finder OCDS (I5-C335) is the reachable UK procurement channel.",I5-T00-C04-GI1,channel,,,alpr-fixed;alpr-sharing,independent_account,pass,403 GET 2026-09-30T18:08:16Z; robots=not-read,I1#11;I1:country=GB;I1:no-UK-ANPR
I5-C310,data.gov.uk CKAN package_search — CCTV (56 datasets),https://data.gov.uk/api/action/package_search?q=CCTV,data.gov.uk (UK Government; per-dataset publishers),gov-open-data,T07;T08;T09,ISO:GB,"56 CCTV datasets from ~45 publishers (councils, National Highways, SpatialData.gov.scot) (live-read)",ckan,irregular,count=56 via package_search (live-read),per-dataset license_id (e.g. uk-ogl),"license_id values observed: uk-ogl, OGL-UK-3.0, cc-by, None",guess:OGL-UK-3.0,bytes=undetermined; facts=likely-open; derived=undetermined,none-observed,origin,new,new:ckan_package_search,2026-09-30T18:10:08Z,I5-Q123,live-read,"operators=police;business;transit; regime=UK-GDPR/DPA2018; family container; dedupe: Plymouth=same-as:camreg_plymouth_gb, Lambeth parking CCTV=related:camreg_lambeth_gb, Data Mill North (Durham council CCTV)=related:camreg_durham_gb, York=same-as:camreg_york_gb; Wolverhampton (2016, 0 resources) and National Highways/DSA 2013 stubs skipped.",I5-T00-C03-GI1,family,FAM-UK-DGU-CCTV,,camera-fixed-cctv,independent_account,pass,200 GET 2026-09-30T18:10:08Z; robots=not-read,I1#11;I1:country=GB
I5-C311,CCTV Cameras,https://www.data.gov.uk/dataset/a842fcc5-1ac3-431b-84e5-55ee61d5938c/cctv-cameras6,Leicester City Council,gov-open-data,T07,GB-ENG:Leicester,single-authority CCTV layer; CKAN metadata_modified 2026-06-17 (live-read),ckan,irregular,15 resources in CKAN record (live-read); feature count not taken,https://www.data.gov.uk/dataset/a842fcc5-1ac3-431b-84e5-55ee61d5938c/cctv-cameras6,CKAN license_id=None,guess:LicenseRef-unspecified,bytes=undetermined; facts=likely-open; derived=undetermined,none-observed,origin,new,new:opendatasoft_explore,2026-09-30T18:10:08Z,I5-Q123,live-read,operators=police;business; regime=UK-GDPR/DPA2018; Opendatasoft export at data.leicester.gov.uk (csv/json/geojson); 15 resources; first resource: https://data.leicester.gov.uk/api/explore/v2.1/catalog/datasets/cctv-cameras/exports/csv?use_labels=true,I5-T00-C03-GI1,target,FAM-UK-DGU-CCTV,,camera-fixed-cctv,independent_account,pass,200 GET 2026-09-30T18:10:08Z; robots=not-read,I1#11;I1:country=GB
I5-C312,CCTV Cameras,https://www.data.gov.uk/dataset/f723f4c5-a230-4176-a2e7-ea56c0c520bb/cctv-cameras3,Runnymede Borough Council,gov-open-data,T07,GB-ENG:Runnymede,single-authority CCTV layer; CKAN metadata_modified 2026-04-30 (live-read),ckan,irregular,5 resources in CKAN record (live-read); feature count not taken,https://www.data.gov.uk/dataset/f723f4c5-a230-4176-a2e7-ea56c0c520bb/cctv-cameras3,CKAN license_id=uk-ogl,guess:OGL-UK-3.0,bytes=undetermined; facts=likely-open; derived=undetermined,none-observed,origin,new,new:ogc_wfs,2026-09-30T18:10:08Z,I5-Q123,live-read,operators=police;business; regime=UK-GDPR/DPA2018; GeoServer WFS community:cctv_cameras; Safer Runnymede cameras in every town; first resource: https://maps.runnymede.gov.uk/geoserver/community/cctv_cameras/wms?service=WMS&request=GetCapabilities,I5-T00-C03-GI1,target,FAM-UK-DGU-CCTV,,camera-fixed-cctv,independent_account,pass,200 GET 2026-09-30T18:10:08Z; robots=not-read,I1#11;I1:country=GB
I5-C313,CCTV cameras,https://www.data.gov.uk/dataset/02f1eb6e-1514-4618-8f9b-92df3c962523/cctv-cameras-nsc,North Somerset Council,gov-open-data,T07,GB-ENG:North Somerset,single-authority CCTV layer; CKAN metadata_modified 2025-08-26 (live-read),ckan,irregular,1 resources in CKAN record (live-read); feature count not taken,https://www.data.gov.uk/dataset/02f1eb6e-1514-4618-8f9b-92df3c962523/cctv-cameras-nsc,CKAN license_id=uk-ogl,guess:OGL-UK-3.0,bytes=undetermined; facts=likely-open; derived=undetermined,none-observed,origin,new,dossier_documents:html_text,2026-09-30T18:10:08Z,I5-Q123,live-read,operators=police;business; regime=UK-GDPR/DPA2018; dashboard link only (North Somerset Insight open-data page); first resource: https://n-somerset.gov.uk/council-democracy/north-somerset-insight-data-statistics/open-data,I5-T00-C03-GI1,target,FAM-UK-DGU-CCTV,,camera-fixed-cctv,independent_account,pass,200 GET 2026-09-30T18:10:08Z; robots=not-read,I1#11;I1:country=GB
I5-C314,CCTV Cameras,https://www.data.gov.uk/dataset/b75c985c-bb66-4085-a4e3-60d069240b71/cctv-cameras1,Mansfield District Council,gov-open-data,T07,GB-ENG:Mansfield,single-authority CCTV layer; CKAN metadata_modified 2026-08-06 (live-read),ckan,irregular,0 resources in CKAN record (live-read); feature count not taken,https://www.data.gov.uk/dataset/b75c985c-bb66-4085-a4e3-60d069240b71/cctv-cameras1,CKAN license_id=cc-by,guess:CC-BY-4.0,bytes=undetermined; facts=likely-open; derived=undetermined,none-observed,origin,new,new:ckan_package_search,2026-09-30T18:10:08Z,I5-Q123,live-read,operators=police;business; regime=UK-GDPR/DPA2018; points; 0 resources listed in CKAN record (landing only); first resource: none,I5-T00-C03-GI1,target,FAM-UK-DGU-CCTV,,camera-fixed-cctv,independent_account,pass,200 GET 2026-09-30T18:10:08Z; robots=not-read,I1#11;I1:country=GB
I5-C315,SKDC CCTV,https://www.data.gov.uk/dataset/d83968ab-a2ac-42eb-a0e5-f58888a487ec/skdc-cctv,South Kesteven District Council,gov-open-data,T07,GB-ENG:South Kesteven,single-authority CCTV layer; CKAN metadata_modified 2025-03-06 (live-read),ckan,irregular,3 resources in CKAN record (live-read); feature count not taken,https://www.data.gov.uk/dataset/d83968ab-a2ac-42eb-a0e5-f58888a487ec/skdc-cctv,CKAN license_id=uk-ogl,guess:OGL-UK-3.0,bytes=undetermined; facts=likely-open; derived=undetermined,none-observed,origin,new,new:ogc_wfs,2026-09-30T18:10:08Z,I5-Q123,live-read,operators=police;business; regime=UK-GDPR/DPA2018; INSPIRE WFS/WMS (statmap); SKDC ModernGov CCTV contract-award report seen as lead (Q131); first resource: https://southkesteven.statmap.co.uk/map/wfs.svc/SKDC_INSPIRE_WFS,I5-T00-C03-GI1,target,FAM-UK-DGU-CCTV,,camera-fixed-cctv,independent_account,pass,200 GET 2026-09-30T18:10:08Z; robots=not-read,I1#11;I1:country=GB
I5-C316,Trafford Council - CCTV,https://www.data.gov.uk/dataset/fc4aaad0-d99a-4a42-935c-745d6cb8abfc/trafford-council-cctv,Trafford Council,gov-open-data,T07,GB-ENG:Trafford,single-authority CCTV layer; CKAN metadata_modified 2025-07-29 (live-read),ckan,irregular,4 resources in CKAN record (live-read); feature count not taken,https://www.data.gov.uk/dataset/fc4aaad0-d99a-4a42-935c-745d6cb8abfc/trafford-council-cctv,CKAN license_id=uk-ogl,guess:OGL-UK-3.0,bytes=undetermined; facts=likely-open; derived=undetermined,none-observed,origin,new,new:geojson_file,2026-09-30T18:10:08Z,I5-Q123,live-read,operators=police;business; regime=UK-GDPR/DPA2018; Trafford Data Lab GeoJSON; notes say last updated 2025-05-19; first resource: https://www.trafforddatalab.io/council_open_data/assets/cctv/trafford_cctv_cameras.geojson,I5-T00-C03-GI1,target,FAM-UK-DGU-CCTV,,camera-fixed-cctv,independent_account,pass,200 GET 2026-09-30T18:10:08Z; robots=not-read,I1#11;I1:country=GB
I5-C317,CCTV camera locations,https://www.data.gov.uk/dataset/9df311f1-c11b-4bdc-a829-ba090e5ecdfd/cctv-camera-locations5,London Borough of Barnet,gov-open-data,T07,GB-ENG:Barnet,single-authority CCTV layer; CKAN metadata_modified 2026-09-25 (live-read),ckan,irregular,1 resources in CKAN record (live-read); feature count not taken,https://www.data.gov.uk/dataset/9df311f1-c11b-4bdc-a829-ba090e5ecdfd/cctv-camera-locations5,CKAN license_id=None,guess:LicenseRef-unspecified,bytes=undetermined; facts=likely-open; derived=undetermined,none-observed,origin,new,new:csv_file,2026-09-30T18:10:08Z,I5-Q123,live-read,operators=police;business; regime=UK-GDPR/DPA2018; Community Safety CCTV locations July 2025 CSV (installed with DSSL Group); first resource: https://open.barnet.gov.uk/download/2l0g2/cw5/Community%20Safety%20CCTV%20Locations%20-%20July%202025.csv,I5-T00-C03-GI1,target,FAM-UK-DGU-CCTV,DSSL Group,camera-fixed-cctv,independent_account,pass,200 GET 2026-09-30T18:10:08Z; robots=not-read,I1#11;I1:country=GB
I5-C318,CCTV Traffic Enforcement - camera locations,https://www.data.gov.uk/dataset/840bc4e8-dafe-4293-970a-3d91ca023754/cctv-traffic-enforcement-camera-locations2,London Borough of Barnet,gov-open-data,T09,GB-ENG:Barnet,single-authority CCTV layer; CKAN metadata_modified 2026-09-25 (live-read),ckan,irregular,1 resources in CKAN record (live-read); feature count not taken,https://www.data.gov.uk/dataset/840bc4e8-dafe-4293-970a-3d91ca023754/cctv-traffic-enforcement-camera-locations2,CKAN license_id=None,guess:LicenseRef-unspecified,bytes=undetermined; facts=likely-open; derived=undetermined,none-observed,origin,new,new:csv_file,2026-09-30T18:10:08Z,I5-Q123,live-read,operators=police;business; regime=UK-GDPR/DPA2018; traffic-enforcement (moving traffic contravention) camera locations CSV; first resource: https://open.barnet.gov.uk/download/2g112/wwt/MTC%20locations%20for%20website%20v12.06.csv,I5-T00-C03-GI1,target,FAM-UK-DGU-CCTV,,traffic-enforcement(proposed),independent_account,pass,200 GET 2026-09-30T18:10:08Z; robots=not-read,I1#11;I1:country=GB
I5-C319,Traffic CCTV contract,https://www.data.gov.uk/dataset/d3de4aa1-800d-453f-a039-4df7e49ca7a6/traffic-cctv-contract2,London Borough of Barnet,procurement,T07,GB-ENG:Barnet,single-authority CCTV layer; CKAN metadata_modified 2026-09-25 (live-read),ckan,irregular,3 resources in CKAN record (live-read); feature count not taken,https://www.data.gov.uk/dataset/d3de4aa1-800d-453f-a039-4df7e49ca7a6/traffic-cctv-contract2,CKAN license_id=None,guess:LicenseRef-unspecified,bytes=undetermined; facts=likely-open; derived=undetermined,none-observed,origin,new,dossier_documents:pdf_text,2026-09-30T18:10:08Z,I5-Q123,live-read,operators=police;business; regime=UK-GDPR/DPA2018; redacted CCTV supply/maintenance contract PDFs + schedules (also Enigma CCTV and DSSL Group contract datasets in same search); first resource: https://open.barnet.gov.uk/download/e68pv/hwb/1894940%20-%20CCTV%20Contract%20FINAL%20redacted%20V4%20SD%20110815.pdf,I5-T00-C03-GI1,target,FAM-UK-DGU-CCTV,,camera-fixed-cctv,independent_account,pass,200 GET 2026-09-30T18:10:08Z; robots=not-read,I1#11;I1:country=GB
I5-C320,Council CCTV cameras,https://www.data.gov.uk/dataset/aff7bbd3-cd55-4cb9-bf0a-32ed1ae15a04/council-cctv-cameras1,Bristol City Council,gov-open-data,T07,GB-ENG:Bristol,single-authority CCTV layer; CKAN metadata_modified 2026-07-08 (live-read),ckan,irregular,0 resources in CKAN record (live-read); feature count not taken,https://www.data.gov.uk/dataset/aff7bbd3-cd55-4cb9-bf0a-32ed1ae15a04/council-cctv-cameras1,CKAN license_id=None,guess:LicenseRef-unspecified,bytes=undetermined; facts=likely-open; derived=undetermined,none-observed,origin,new,new:ckan_package_search,2026-09-30T18:10:08Z,I5-Q123,live-read,"operators=police;business; regime=UK-GDPR/DPA2018; attributes incl. camera make, monitoring, ownership, maintenance; 0 resources in CKAN record; first resource: none",I5-T00-C03-GI1,target,FAM-UK-DGU-CCTV,,camera-fixed-cctv,independent_account,pass,200 GET 2026-09-30T18:10:08Z; robots=not-read,I1#11;I1:country=GB
I5-C321,Clackmannanshire - CCTV Cameras,https://www.data.gov.uk/dataset/7a96133b-7bb9-42ef-8d61-f3de858239fc/clackmannanshire-cctv-cameras,Clackmannanshire Council (via SpatialData.gov.scot),gov-open-data,T07,GB-SCT:Clackmannanshire,single-authority CCTV layer; CKAN metadata_modified 2024-11-26 (live-read),ckan,irregular,1 resources in CKAN record (live-read); feature count not taken,https://www.data.gov.uk/dataset/7a96133b-7bb9-42ef-8d61-f3de858239fc/clackmannanshire-cctv-cameras,CKAN license_id=None,guess:LicenseRef-unspecified,bytes=undetermined; facts=likely-open; derived=undetermined,none-observed,origin,new,new:ogc_wfs,2026-09-30T18:10:08Z,I5-Q123,live-read,operators=police;business; regime=UK-GDPR/DPA2018; Cadcorp WFS; cameras monitored by Police Scotland and the council; first resource: https://clacks.cloud.cadcorp.com/WFS/wfs.exe?&SERVICE=WFS&VERSION=2.0.0&REQUEST=GetFeature&typenames=ns:cctv_cameras,I5-T00-C03-GI1,target,FAM-UK-DGU-CCTV,,camera-fixed-cctv,independent_account,pass,200 GET 2026-09-30T18:10:08Z; robots=not-read,I1#11;I1:country=GB
I5-C322,CCTV Camera Locations in Ipswich,https://www.data.gov.uk/dataset/7abd6006-88d5-4628-9df5-932c25bbd93e/cctv-camera-locations-in-ipswich,Ipswich Borough Council,gov-open-data,T07,GB-ENG:Ipswich,single-authority CCTV layer; CKAN metadata_modified 2021-09-09 (live-read),ckan,irregular,3 resources in CKAN record (live-read); feature count not taken,https://www.data.gov.uk/dataset/7abd6006-88d5-4628-9df5-932c25bbd93e/cctv-camera-locations-in-ipswich,CKAN license_id=cc-by,guess:CC-BY-4.0,bytes=undetermined; facts=likely-open; derived=undetermined,none-observed,origin,new,new:ogc_wfs,2026-09-30T18:10:08Z,I5-Q123,live-read,operators=police;business; regime=UK-GDPR/DPA2018; INSPIRE WMS; town-centre CCTV since 1994; first resource: https://maps.ipswich.gov.uk/WMS_INSPIRE/service.svc/get?request=GetCapabilities&service=WMS,I5-T00-C03-GI1,target,FAM-UK-DGU-CCTV,,camera-fixed-cctv,independent_account,pass,200 GET 2026-09-30T18:10:08Z; robots=not-read,I1#11;I1:country=GB
I5-C323,Public CCTV locations - City of Edinburgh,https://www.data.gov.uk/dataset/f55abded-3503-44b6-a120-a90ddd3a38bb/public-cctv-locations-city-of-edinburgh,City of Edinburgh Council (via SpatialData.gov.scot),gov-open-data,T07,GB-SCT:Edinburgh,single-authority CCTV layer; CKAN metadata_modified 2021-02-03 (live-read),ckan,irregular,1 resources in CKAN record (live-read); feature count not taken,https://www.data.gov.uk/dataset/f55abded-3503-44b6-a120-a90ddd3a38bb/public-cctv-locations-city-of-edinburgh,CKAN license_id=None,guess:LicenseRef-unspecified,bytes=undetermined; facts=likely-open; derived=undetermined,none-observed,origin,new,new:ckan_package_search,2026-09-30T18:10:08Z,I5-Q123,live-read,operators=police;business; regime=UK-GDPR/DPA2018; permanent public CCTV; record 2021 (stale); first resource: http://data.edinburghcouncilmaps.info,I5-T00-C03-GI1,target,FAM-UK-DGU-CCTV,,camera-fixed-cctv,independent_account,pass,200 GET 2026-09-30T18:10:08Z; robots=not-read,I1#11;I1:country=GB
I5-C324,data.gov.au CKAN package_search — CCTV (164 hits),https://data.gov.au/data/api/3/action/package_search?q=CCTV,data.gov.au (Australian Government; per-dataset publishers),gov-open-data,T07,ISO:AU,164 hits (noisy; ~15 are council/state CCTV layers) (live-read),ckan,irregular,count=164 via package_search (live-read),per-dataset license_id,"license_id values observed: cc-by-4.0, cc-by, other, other-open, notspecified, cc-by-4",guess:CC-BY-4.0,bytes=undetermined; facts=likely-open; derived=undetermined,none-observed,origin,new,new:ckan_package_search,2026-09-30T18:10:08Z,I5-Q124,live-read,operators=police;business;transit; regime=Privacy Act 1988 (Cth) + state privacy acts; family container; dedupe: City of Moreton Bay MBRC CCTV = same-as:camreg_mbrc_au (skipped); NSW taxi-rank/zoo/rail hits are noise.,I5-T00-C03-GI1,family,FAM-AU-DGA-CCTV,,camera-fixed-cctv,independent_account,pass,200 GET 2026-09-30T18:10:08Z; robots=not-read,I1#11;I1:country=AU
I5-C325,CCTV Camera Register,https://data.gov.au/data/dataset/cctv-camera-register,Townsville City Council,gov-open-data,T07,AU-QLD:Townsville,single-council CCTV layer; CKAN metadata_modified 2026-09-28 (live-read),ckan,irregular,13 resources in CKAN record (live-read),https://data.gov.au/data/dataset/cctv-camera-register,CKAN license_id=cc-by-4.0 (Creative Commons Attribution 4.0 International),guess:CC-BY-4.0,bytes=undetermined; facts=likely-open; derived=undetermined,none-observed,origin,new,dossier_documents:pdf_text,2026-09-30T18:10:08Z,I5-Q124,live-read,operators=police;business; regime=Privacy Act 1988 (Cth) + state privacy act; CCTV Camera Register PDF (location + purpose; community can apply for footage); dated editions April 2026 and September 2026 -> ~monthly/quarterly refresh,I5-T00-C03-GI1,target,FAM-AU-DGA-CCTV,,camera-fixed-cctv,independent_account,pass,200 GET 2026-09-30T18:10:08Z; robots=not-read,I1#11;I1:country=AU
I5-C326,Ballarat CCTV Cameras,https://data.gov.au/data/dataset/ballarat-cctv-cameras,City of Ballarat,gov-open-data,T07,AU-VIC:Ballarat,single-council CCTV layer; CKAN metadata_modified 2026-09-30 (live-read),ckan,irregular,6 resources in CKAN record (live-read),https://data.gov.au/data/dataset/ballarat-cctv-cameras,CKAN license_id=cc-by (Creative Commons Attribution 3.0 Australia),guess:CC-BY-4.0,bytes=undetermined; facts=likely-open; derived=undetermined,none-observed,origin,new,new:csv_file,2026-09-30T18:10:08Z,I5-Q124,live-read,"operators=police;business; regime=Privacy Act 1988 (Cth) + state privacy act; CSV/GeoJSON/KML/WFS; attributes ID, Location, Type, Site, Lat, Long",I5-T00-C03-GI1,target,FAM-AU-DGA-CCTV,,camera-fixed-cctv,independent_account,pass,200 GET 2026-09-30T18:10:08Z; robots=not-read,I1#11;I1:country=AU
I5-C327,Closed Circuit Television (CCTV) Location,https://data.gov.au/data/dataset/closed-circuit-television-cctv-location,City of Greater Geelong,gov-open-data,T07,AU-VIC:Geelong,single-council CCTV layer; CKAN metadata_modified 2025-06-25 (live-read),ckan,irregular,6 resources in CKAN record (live-read),https://data.gov.au/data/dataset/closed-circuit-television-cctv-location,CKAN license_id=other-open (Other (Open)),guess:LicenseRef-unspecified,bytes=undetermined; facts=likely-open; derived=undetermined,none-observed,origin,new,new:opendatasoft_explore,2026-09-30T18:10:08Z,I5-Q124,live-read,operators=police;business; regime=Privacy Act 1988 (Cth) + state privacy act; Safe City Network via geelongdataexchange.com.au Opendatasoft; older 2023 CSV edition also listed; related Smart Nodes dataset,I5-T00-C03-GI1,target,FAM-AU-DGA-CCTV,,camera-fixed-cctv,independent_account,pass,200 GET 2026-09-30T18:10:08Z; robots=not-read,I1#11;I1:country=AU
I5-C328,Security Camera,https://data.gov.au/data/dataset/security-camera,City of Hobart,gov-open-data,T07,AU-TAS:Hobart,single-council CCTV layer; CKAN metadata_modified 2025-06-24 (live-read),ckan,irregular,6 resources in CKAN record (live-read),https://data.gov.au/data/dataset/security-camera,CKAN license_id=other (Other),guess:LicenseRef-unspecified,bytes=undetermined; facts=likely-open; derived=undetermined,none-observed,origin,new,dot_511:arcgis_query,2026-09-30T18:10:08Z,I5-Q124,live-read,operators=police;business; regime=Privacy Act 1988 (Cth) + state privacy act; ArcGIS FeatureServer Security_Infrastructure/2,I5-T00-C03-GI1,target,FAM-AU-DGA-CCTV,,camera-fixed-cctv,independent_account,pass,200 GET 2026-09-30T18:10:08Z; robots=not-read,I1#11;I1:country=AU
I5-C329,Street safety cameras,https://data.gov.au/data/dataset/nsw-5-cityofsydney-street-safety-cameras,City of Sydney,gov-open-data,T07,AU-NSW:Sydney,single-council CCTV layer; CKAN metadata_modified 2026-01-08 (live-read),ckan,irregular,0 resources in CKAN record (live-read),https://data.gov.au/data/dataset/nsw-5-cityofsydney-street-safety-cameras,CKAN license_id=notspecified (notspecified),guess:LicenseRef-unspecified,bytes=undetermined; facts=likely-open; derived=undetermined,none-observed,origin,new,new:ckan_package_search,2026-09-30T18:10:08Z,I5-Q124,live-read,operators=police;business; regime=Privacy Act 1988 (Cth) + state privacy act; street safety (CCTV) cameras sited per NSW BOCSAR crime data to help NSW Police; 0 resources in CKAN record,I5-T00-C03-GI1,target,FAM-AU-DGA-CCTV,,camera-fixed-cctv,independent_account,pass,200 GET 2026-09-30T18:10:08Z; robots=not-read,I1#11;I1:country=AU
I5-C330,Security Cameras,https://data.gov.au/data/dataset/perth-security-cameras,City of Perth,gov-open-data,T07,AU-WA:Perth,single-council CCTV layer; CKAN metadata_modified 2026-09-30 (live-read),ckan,irregular,1 resources in CKAN record (live-read),https://data.gov.au/data/dataset/perth-security-cameras,CKAN license_id=cc-by (Creative Commons Attribution 3.0 Australia),guess:CC-BY-4.0,bytes=undetermined; facts=likely-open; derived=undetermined,none-observed,origin,new,dot_511:arcgis_query,2026-09-30T18:10:08Z,I5-Q124,live-read,operators=police;business; regime=Privacy Act 1988 (Cth) + state privacy act; ArcGIS Hub geohub-perth security-cameras-2,I5-T00-C03-GI1,target,FAM-AU-DGA-CCTV,,camera-fixed-cctv,independent_account,pass,200 GET 2026-09-30T18:10:08Z; robots=not-read,I1#11;I1:country=AU
I5-C331,Emergency Services - Closed Circuit Television Camera (CCTV) Coverages,https://data.gov.au/data/dataset/emergency-services-closed-circuit-television-camera-cctv-cov,Tasmanian Government (theLIST),gov-open-data,T07,AU-TAS,statewide emergency-services CCTV coverage polygons (live-read metadata),ckan,unknown,1 HTML resource (live-read),https://data.gov.au/data/dataset/emergency-services-closed-circuit-television-camera-cctv-cov,CKAN license_id=notspecified,guess:LicenseRef-unspecified,bytes=undetermined; facts=likely-open; derived=undetermined,none-observed,origin,new,new:ckan_package_search,2026-09-30T18:10:08Z,I5-Q124,live-read,"operators=police;state-police; regime=Privacy Act 1988 (Cth) + Personal Information Protection Act 2004 (Tas); coverage areas, not camera points.",I5-T00-C03-GI1,target,FAM-AU-DGA-CCTV,,camera-fixed-cctv,independent_account,pass,200 GET 2026-09-30T18:10:08Z; robots=not-read,I1#11;I1:country=AU
I5-C332,Department of Justice and Attorney-General - Camera surveillance devices,https://www.data.qld.gov.au/dataset/djag-cctv-devices,Queensland Department of Justice and Attorney-General,gov-open-data,T07,AU-QLD,"state department: number and location of camera surveillance devices, fixed and mobile (2021 edition) (live-read)",ckan,static,"1 XLSX resource (2021, last_modified 2021-05-24) (live-read)",https://www.data.qld.gov.au/dataset/djag-cctv-devices,license_title=Creative Commons Attribution 4.0,guess:CC-BY-4.0,bytes=likely-open; facts=likely-open; derived=undetermined,confidential-facility,origin,new,new:ckan_package_search,2026-09-30T18:15:11Z,I5-Q124;I5-F217,live-read,operators=state-police;federal; regime=Information Privacy Act 2009 (Qld); state-government camera inventory (a state CCTV register analogue); may include court/justice facility sites -> location preflight (confidential-facility flag); stale (2021).,I5-T00-C03-GI1,target,FAM-AU-DGA-CCTV,,camera-fixed-cctv,independent_account,flag,200 GET 2026-09-30T18:15:11Z; robots=not-read,I1#11;I1:country=AU
I5-C333,Traffic Poles with CCTV DCC,https://data.gov.ie/dataset/dublin-city-council-traffic-poles-with-cctv,Dublin City Council (via data.gov.ie / Smart Dublin),gov-open-data,T08,IE-D:Dublin,241 CCTV traffic poles in DCC area (per dataset description) (live-read),ckan,irregular,7 resources; CSV dated 30-11-2022 (live-read),https://data.gov.ie/dataset/dublin-city-council-traffic-poles-with-cctv,CKAN license_id=CC-BY-4.0 (Creative Commons Attribution 4.0),guess:CC-BY-4.0,bytes=likely-open; facts=likely-open; derived=undetermined,none-observed,origin,new,new:ckan_package_search,2026-09-30T18:10:08Z,I5-Q126,live-read,operators=dot; regime=GDPR+LED; data.gov.ie package_search q=CCTV returned only 2 hits (1 relevant) -> Ireland open-data channel is thin; second Irish local layer after camreg_donegal_ie.,I5-T00-C03-GI1,target,,,camera-ptz,independent_account,pass,200 GET 2026-09-30T18:10:08Z; robots=not-read,I1#11;I1:country=IE
I5-C334,"Search Government Contracts over $10,000 (Proactive Disclosure of Contracts)",https://search.open.canada.ca/contracts/,"Government of Canada (Treasury Board Secretariat, open.canada.ca)",procurement,T00;T07,ISO:CA,"federal departments incl. RCMP/CBSA; 292 records for a surveillance/plate/FRT bundle, noisy (French ""surveillance"" = works supervision); e.g. Global Affairs Canada ""Modernisation of the video surveillance system"" (live-read)",html,quarterly,292 hits for bundle query (live-read),NONE-FOUND(checked: Q127 page),NONE-FOUND,guess:LicenseRef-OGL-Canada-2.0,bytes=undetermined; facts=likely-open; derived=undetermined,private-person-name,origin,new,new:open_canada_search,2026-09-30T18:11:18Z,I5-Q127,live-read,operators=federal;police; regime=Privacy Act (Canada); quarterly cadence is inference from proactive-disclosure policy (not verified); vendor may be a natural person (sole proprietor) -> flag; download-results link present.,I5-T00-C08-GI1,channel,,,camera-fixed-cctv,independent_account,flag,200 GET 2026-09-30T18:11:18Z; robots=not-read,I1#11;I1:country=CA
I5-C335,Contracts Finder OCDS Search API,https://www.contractsfinder.service.gov.uk/Published/Notices/OCDS/Search,Crown Commercial Service / Cabinet Office (Contracts Finder),procurement,T00,GB-ENG,England public-sector notices; 100 releases per page for a 1-day window (live-read),api,daily,100 releases/page for 2026-09-01..02 (live-read); cursor pagination,http://www.nationalarchives.gov.uk/doc/open-government-licence/version/3/,OCDS package license field: http://www.nationalarchives.gov.uk/doc/open-government-licence/version/3/ ; publicationPolicy: https://www.gov.uk/government/publications/open-contracting,guess:OGL-UK-3.0,bytes=likely-open; facts=likely-open; derived=likely-open,none-observed,origin,new,new:ocds,2026-09-30T18:11:18Z,I5-L401;I5-F199,live-read,"operators=police;business; regime=UK-GDPR/DPA2018; date-window OCDS feed (no keyword filter verified) -> SIG would filter locally by CPV/keyword (ANPR, CCTV, facial recognition); Find a Tender (above-threshold) host is stop-listed this row (F194).",I5-T00-C08-GI1,channel,,,,independent_account,pass,200 GET 2026-09-30T18:11:18Z; robots=not-read,I1#11;I1:country=GB
I5-C336,AusTender OCDS API (findByDates),https://api.tenders.gov.au/ocds/findByDates/contractPublished/,Department of Finance (AusTender),procurement,T00,ISO:AU,Commonwealth contract notices; 41 releases for a 6-hour window (live-read),api,daily,41 releases for 2026-09-01T00..06Z (live-read),https://creativecommons.org/licenses/by/3.0/au/,OCDS package license field: https://creativecommons.org/licenses/by/3.0/au/,guess:CC-BY-3.0-AU,bytes=likely-open; facts=likely-open; derived=likely-open,none-observed,origin,new,new:ocds,2026-09-30T18:11:18Z,I5-L401;I5-F200,live-read,"operators=federal;police; regime=Privacy Act 1988 (Cth); federal only (AFP, Home Affairs/ABF); state tender boards not covered; keyword filter not available on this endpoint -> local filtering.",I5-T00-C08-GI1,channel,,,,independent_account,pass,200 GET 2026-09-30T18:11:18Z; robots=not-read,I1#11;I1:country=AU
I5-C337,GETS - Government Electronic Tenders Service,https://www.gets.govt.nz/ExternalIndex.htm,New Zealand Government Procurement (MBIE),procurement,T00,ISO:NZ,NZ government tender notices (current/closed/completed/awarded lists) (live-read),html,daily,not counted,https://www.gets.govt.nz/GetsTermsAndConditions.htm,"NONE-FOUND (terms page linked, not fetched)",guess:LicenseRef-NZGOAL-unverified,bytes=undetermined; facts=likely-open; derived=undetermined,none-observed,origin,new,new:html_list,2026-09-30T18:11:18Z,I5-L401;I5-F201,live-read,operators=police;federal; regime=NZ Privacy Act 2020; no public API observed on landing page; supplier login required only for bidding.,I5-T00-C08-GI1,channel,,,,independent_account,pass,200 GET 2026-09-30T18:11:18Z; robots=not-read,I1#11;I1:country=NZ
I5-C338,Completed Access to Information Request Summaries (search),https://search.open.canada.ca/ati/,"Government of Canada (Treasury Board Secretariat, open.canada.ca)",records-release,T11;T01,ISO:CA,"44 completed ATI requests matching FRT/plate bundle across RCMP, CBSA, IRCC, DND (e.g. RCMP A-2020-01250 FRT/Clearview, 495 pages) (live-read)",api,monthly,44 hits; JSON export via search_format=json link on page (live-read),NONE-FOUND(checked: Q129 page),NONE-FOUND,guess:LicenseRef-OGL-Canada-2.0,bytes=undetermined; facts=likely-open; derived=undetermined,free-text-narrative;private-person-name,origin,new,new:open_canada_search,2026-09-30T18:11:41Z,I5-Q129,live-read,operators=federal;police; regime=Privacy Act (Canada); summaries are free-text request descriptions (some requests concern individuals' records -> filter to programme-level requests); records obtainable by re-request (not done: R3). Monthly cadence = inference from dated entries.,I5-T00-C13-GI1,channel,,Clearview AI,face-retrospective,independent_account,flag,200 GET 2026-09-30T18:11:41Z; robots=not-read,I1#12;I1:country=CA
I5-C339,"FYI.org.nz — OIA requests to New Zealand Police (e.g. ""ANPR tracking - vGRID live / real time alerts"")",https://fyi.org.nz/request/21191,FYI.org.nz (Alaveteli; responses from New Zealand Police),records-release,T01;T03,ISO:NZ,"request thread with Police response on real-time ANPR alerting via third-party platforms (vGRID/SaferCities, Auror) (live-read)",html,irregular,1 sample thread (live-read); corpus size not counted,NONE-FOUND(checked: F202),NONE-FOUND,guess:LicenseRef-mixed-OIA-responses,bytes=undetermined; facts=likely-open; derived=undetermined,private-person-name;free-text-narrative,origin,new,new:alaveteli,2026-09-30T18:11:41Z,I5-Q115;I5-F202,live-read,operators=police;business; regime=NZ Privacy Act 2020; requester names shown on threads (flag; do not copy); response PDFs are the evidence; site notes sign-ups paused (anti-spam) — reading is public.,I5-T00-C13-GI1,channel,,SaferCities;Auror,alpr-sharing,response_to,flag,200 GET 2026-09-30T18:11:41Z; robots=not-read,I1#12;I1:country=NZ
I5-C340,WhatDoTheyKnow (UK FOI request corpus),https://www.whatdotheyknow.com/,mySociety (WhatDoTheyKnow),records-release,T01;T11;T07,ISO:GB,unknown (not reached; 403 challenge),other,daily,not reached,NONE-FOUND(checked: blocked Q128),NONE-FOUND,guess:LicenseRef-mixed-FOI-responses,bytes=undetermined; facts=likely-open; derived=undetermined,private-person-name,origin,new,new:alaveteli,2026-09-30T18:11:41Z,I5-Q128,live-read,LEAD-ONLY; access=blocked(403 challenge on search; host stop-listed); regime=UK-GDPR/DPA2018; the natural channel for per-force ANPR camera COUNTS (FOI responses) given UK location withholding.,I5-T00-C13-GI1,channel,,,alpr-fixed,response_to,flag,403 GET 2026-09-30T18:11:41Z; robots=not-read; challenge,I1#12;I1:country=GB;I1:no-UK-ANPR
I5-C341,Right to Know (Australia FOI request corpus),https://www.righttoknow.org.au/,OpenAustralia Foundation (Right to Know),records-release,T00,ISO:AU,unknown (not reached; 403 challenge),other,daily,not reached,NONE-FOUND(checked: blocked F203),NONE-FOUND,guess:LicenseRef-mixed-FOI-responses,bytes=undetermined; facts=likely-open; derived=undetermined,private-person-name,origin,new,new:alaveteli,2026-09-30T18:11:41Z,I5-L401;I5-F203,live-read,LEAD-ONLY; access=blocked(403 challenge on homepage; host stop-listed); regime=Privacy Act 1988 (Cth).,I5-T00-C13-GI1,channel,,,,response_to,flag,403 GET 2026-09-30T18:11:41Z; robots=not-read; challenge,I1#12;I1:country=AU
I5-C342,ModernGov council committee platform (UK) — CCTV/ANPR reports,https://democracy.merton.gov.uk/mgIssueHistoryHome.aspx?IId=23846,UK local authorities (Civica ModernGov tenants),agenda,T00;T01;T07,ISO:GB,unknown (tenants not reached; 403/challenge),other,irregular,not reached,"NONE-FOUND(checked: blocked F204, F207)",NONE-FOUND,guess:OGL-UK-3.0,bytes=undetermined; facts=likely-open; derived=undetermined,private-person-name,origin,new,new:moderngov,2026-09-30T18:12:19Z,I5-Q131;I5-F204;I5-F207,live-read,"LEAD-ONLY; access=blocked(democracy.merton.gov.uk 403; chichester.moderngov.co.uk challenge; both stop-listed); regime=UK-GDPR/DPA2018; search leads (unverified): Merton ANPR camera issue history, Chichester Sussex Police ANPR in infrastructure plan, South Kesteven CCTV contract award, Wyre/Melton/Hart/Reigate CCTV upgrades — ModernGov is the UK C07 analogue of Legistar.",I5-T00-C07-GI1,channel,FAM-UK-MODERNGOV,,alpr-fixed;camera-fixed-cctv,independent_account,flag,403 GET 2026-09-30T18:12:19Z; robots=not-read,I1#11;I1:country=GB
I5-C343,OzWatch — open crowdsourced map of ANPR/ALPR and public surveillance cameras (Australia),https://ozwatch.lovable.app/about,"OzWatch (Rubio & Berry, independent civic-tech project)",crowdsourced,T01;T02;T07;T09;T18,ISO:AU,AU-wide viewer over OSM man_made=surveillance (ALPR sub-types) via Overpass + state open-data records (live-read),other,realtime,count not shown on about page (live-read),https://ozwatch.lovable.app/about,"Data © OpenStreetMap contributors, ODbL.",guess:ODbL-1.0,bytes=likely-restricted; facts=likely-open; derived=undetermined,rf-derived-candidate;residential-intersection,derived-from:osm,new,osm,2026-09-30T18:12:19Z,I5-Q132;I5-F205,live-read,"operators=police;business; regime=Privacy Act 1988 (Cth); inspired by deflock.me; also shows WiFi people-density sensing and cell-tower layers (rf-derived -> flag, out of core scope); lineage is OSM (ODbL compartment) + AU portals — SIG should ingest the upstreams, not the viewer. UK: a Loomio thread on mapping UK ANPR in OSM was a lead only.",I5-T00-C15-GI1,publisher,,,alpr-fixed;alpr-mobile;camera-fixed-cctv,derived_summary,flag,200 GET 2026-09-30T18:12:19Z; robots=not-read,I1#11;I1:country=AU
I5-C344,CCTV Annual Report June 2026 (Sevenoaks District Council),https://www.sevenoaks.gov.uk/download/downloads/id/4543/cctv_annual_report_june_2026.pdf,Sevenoaks District Council,statutory-report,T07,GB-ENG:Sevenoaks,"one council control room; SC Code full certification (5-yr, annual review, audit vs 12 guiding principles) (live-read)",pdf,annual,10-page report (live-read); 2025 edition also published (lead),NONE-FOUND(checked: F206 PDF text),NONE-FOUND,guess:OGL-UK-3.0,bytes=undetermined; facts=likely-open; derived=undetermined,none-observed,origin,related:uk_surveillance_camera_commissioner,dossier_documents:pdf_text,2026-09-30T18:12:19Z,I5-Q133;I5-F206,live-read,"operators=police;business; regime=UK-GDPR/DPA2018; family: council CCTV annual reports + Surveillance Camera Code self-assessments (leads unverified: Tunbridge Wells, Runnymede, Gedling CCTV Audit 2026, York, Cheltenham, Dacorum) = UK analogue of US annual surveillance reports (C06-like); related to the SCC certification scheme (P31-owned source, consume_existing for the commissioner side).",I5-CRES-CRES-GI1,target,FAM-UK-COUNCIL-CCTV-REPORTS,,camera-fixed-cctv,independent_account,pass,200 GET 2026-09-30T18:12:19Z; robots=not-read,I1#11;I1:country=GB
I5-C345,UK Parliament Written Questions and Answers API,https://questions-statements-api.parliament.uk/api/writtenquestions/questions,UK Parliament (House of Commons / House of Lords),legislation,T00;T01;T07;T11,ISO:GB,"1,048 written questions matching ""ANPR cameras"" (fuzzy; top results FRT/CCTV/speed-camera answers by Home Office, DfT) (live-read)",api,daily,totalResults=1048 (live-read),NONE-FOUND(checked: Q145 JSON),NONE-FOUND,guess:LicenseRef-Open-Parliament-Licence,bytes=likely-open; facts=likely-open; derived=undetermined,none-observed,origin,new,new:parliament_wqa_api,2026-09-30T18:15:57Z,I5-Q145,live-read,"operators=police;federal; regime=UK-GDPR/DPA2018; the national COUNT channel for withheld-location classes (ANPR camera numbers, LFR deployment totals) — ministers answer with national aggregates; MP names are institutional roles (not Part VIII).",I5-CRES-CRES-GI1,channel,,,alpr-fixed;face-live,independent_account,pass,200 GET 2026-09-30T18:15:57Z; robots=not-read,I1#11;I1:country=GB;I1:no-UK-ANPR
I5-C346,Camera in Beeld (politie) — voluntary registration of private security cameras,https://www.politie.nl/onderwerpen/camera-in-beeld.html,Politie (Netherlands National Police),other,T06,ISO:NL,"national programme; registry not public (police-only street-level lookup); counts only via press/parliament (lead: ~314,000 cameras, unverified) (live-read FAQ)",other,unknown,FAQ page only (live-read),NONE-FOUND(checked: F208),NONE-FOUND,guess:LicenseRef-unspecified,bytes=undetermined; facts=likely-open; derived=undetermined,private-registrant-location,origin,new,dossier_documents:html_text,2026-09-30T18:13:15Z,I5-Q134;I5-F208,live-read,LEAD-ONLY (no publication of registry data found; programme-level facts only); operators=police;business;hoa; regime=GDPR+LED (Wpg); registration via DigiD; direct Dutch analogue of US PCAM private-camera registries (T06) — never ingest registrant locations; aggregate counts only.,I5-T00-C04-GI2,channel,,,private-camera-registry,independent_account,flag,200 GET 2026-09-30T18:13:15Z; robots=not-read,I1#11;I1:country=NL
I5-C347,Provvedimento dell'11 gennaio 2024 [9977020] (Comune di Trento — Marvel/Protector/Precrisis),https://www.garanteprivacy.it/home/docweb/-/docweb-display/docweb/9977020,Garante per la protezione dei dati personali (Italy),statutory-report,T10;T07,IT-TN:Trento,one municipality; EU-funded AI video + audio surveillance pilots in public places; ordinanza ingiunzione (live-read),html,static,1 decision (live-read),NONE-FOUND(checked: F216),NONE-FOUND,guess:LicenseRef-unspecified,bytes=undetermined; facts=likely-open; derived=undetermined,none-observed,origin,new,dossier_documents:html_text;accountability,2026-09-30T18:15:11Z,I5-Q135;I5-F216,live-read,"operators=police;academic; regime=GDPR+LED; Garante docweb is the channel for Italian DPA decisions on municipal videosorveglianza; fine amount per search lead (EUR 50,000) not re-verified in text; Statewatch coverage page was challenge-blocked (F209).",I5-T00-C04-GI2,target,,Fondazione Bruno Kessler,video-analytics,independent_account,pass,200 GET 2026-09-30T18:15:11Z; robots=not-read,I1#11;I1:country=IT
I5-C348,data.europa.eu search API — multilingual CCTV/video-surveillance datasets (148 hits),https://data.europa.eu/api/hub/search/search?filter=dataset,Publications Office of the EU (data.europa.eu; harvests national portals),gov-open-data,T07;T08,EU/EEA,"148 datasets across ~15 national catalogues (IT, FR, ES, SI, CH, DE, NO, PT, IE, GB, BG, UA) for one multilingual query (live-read)",api,daily,count=148 (live-read),per-dataset distribution license,"licence ids observed: CC_BY_4_0, Licence Ouverte, dcat-ap.ch terms_open/terms_by, NLOD, CC0, ODbL",guess:LicenseRef-per-dataset,bytes=undetermined; facts=likely-open; derived=undetermined,none-observed,origin,new,new:dataeuropa_hub_search,2026-09-30T18:13:49Z,I5-Q136,live-read,"regime=GDPR+LED; family container for GI2 national open data; one query replaced per-portal probes; skipped: Bulgaria ""Video Surveillance Register"" (publisher field is a personal name — verify before use), SNCF 2017 census (FR, older), OSM-derived FR layers (mirror of OSM), Swedish aquaculture noise.",I5-T00-C03-GI2,family,FAM-EU-DATAEUROPA-CCTV,,camera-fixed-cctv,independent_account,pass,200 GET 2026-09-30T18:13:49Z; robots=not-read,I1#11;I1:region=EU/EEA
I5-C349,Cámaras de videovigilancia en la vía pública de Madrid,https://datos.madrid.es/dataset/300429-0-camaras-videovigilancia,Ayuntamiento de Madrid (Policía Municipal),gov-open-data,T07,ES-MD:Madrid,single-jurisdiction layer via data.europa.eu catalogue datos-gob-es (live-read metadata),bulk-file,irregular,"distributions: XLS,CSV,PDF (live-read)",https://data.europa.eu/data/datasets/https-datos-madrid-es-dataset-300429-0-camaras-videovigilancia,distribution license: https://creativecommons.org/licenses/by/4.0/legalcode.es,guess:CC-BY-4.0,bytes=undetermined; facts=likely-open; derived=undetermined,none-observed,origin,new,new:xlsx_file,2026-09-30T18:13:49Z,I5-Q136,live-read,operators=police; regime=GDPR+LED; datos.madrid.es dataset 300429; 2026 XLSX; companion dataset of video-surveillance signage posters; differs from camreg_infocemosa (third-party ArcGIS layer) -> new,I5-T00-C03-GI2,target,FAM-EU-DATAEUROPA-CCTV,,camera-fixed-cctv,independent_account,pass,200 GET 2026-09-30T18:13:49Z; robots=not-read,I1#11;I1:country=ES
I5-C350,Videoüberwachung im öffentlichen Raum,https://www.agi.dij.be.ch/de/start/geoportal/geodaten/detail.html?type=geoproduct&code=VIDEO,Kantonspolizei Bern (via Amt für Geoinformation),gov-open-data,T07,CH-BE,single-jurisdiction layer via data.europa.eu catalogue opendata-swiss (live-read metadata),bulk-file,irregular,"distributions: HTML,OCTET,PARQUET,GPKG (live-read)",https://data.europa.eu/data/datasets/cf572894-4990-41e4-8a3c-cbd24e0f2311-amt-fuer-geoinformation-des-kantons-bern,distribution license: http://dcat-ap.ch/vocabulary/licenses/terms_open,guess:LicenseRef-opendata.swiss-terms_open,bytes=undetermined; facts=likely-open; derived=undetermined,none-observed,origin,new,new:stac_geoparquet,2026-09-30T18:13:49Z,I5-Q136,live-read,"operators=police; regime=Swiss FADP + cantonal DP law; approved public-space video surveillance (installations require prior cantonal-police consent) = statutory authorisation register; STAC/GPKG/Parquet; origin hosts geofiles.be.ch and agi.dij.be.ch returned curl errors (F215, F226)",I5-T00-C03-GI2,target,FAM-EU-DATAEUROPA-CCTV,,camera-fixed-cctv,independent_account,pass,200 GET 2026-09-30T18:13:49Z; robots=not-read,I1#11;I1:country=CH
I5-C351,Videoüberwachungsgeräte,https://map.bern.ch/geoportal/#/produkt/Videoueberwachungsgeraete,"Stadt Bern (Direktion für Sicherheit, Umwelt und Energie)",gov-open-data,T07,CH-BE:Bern,single-jurisdiction layer via data.europa.eu catalogue opendata-swiss (live-read metadata),other,irregular,"distributions: WMS_SRVC,HTML (live-read)",https://data.europa.eu/data/datasets/f925f0ed-f8fd-4aa4-a16d-ff9f61485417-geoinformation-der-stadt-bern,distribution license: http://dcat-ap.ch/vocabulary/licenses/terms_open,guess:LicenseRef-opendata.swiss-terms_open,bytes=undetermined; facts=likely-open; derived=undetermined,none-observed,origin,new,new:ogc_wms,2026-09-30T18:13:49Z,I5-Q136,live-read,operators=police; regime=Swiss FADP + cantonal DP law; video surveillance devices on public ground and protecting public buildings; WMS,I5-T00-C03-GI2,target,FAM-EU-DATAEUROPA-CCTV,,camera-fixed-cctv,independent_account,pass,200 GET 2026-09-30T18:13:49Z; robots=not-read,I1#11;I1:country=CH
I5-C352,Sites sous vidéosurveillance,https://www.jura.ch/fr/Autorites/Administration/DEC/SDT/Cadastre-et-geoinformation/Liste-et-commande-de-geodonnees.html,République et Canton du Jura (Service du développement territorial),gov-open-data,T07,CH-JU,single-jurisdiction layer via data.europa.eu catalogue opendata-swiss (live-read metadata),bulk-file,irregular,"distributions: WMS_SRVC,ZIP,HTML (live-read)",https://data.europa.eu/data/datasets/8db0e7f9-fc4d-46b4-a726-82a3106e5e82-canton-du-jura,distribution license: http://dcat-ap.ch/vocabulary/licenses/terms_by,guess:LicenseRef-opendata.swiss-terms_by,bytes=undetermined; facts=likely-open; derived=undetermined,none-observed,origin,new,new:ogc_wms,2026-09-30T18:13:49Z,I5-Q136,live-read,operators=police; regime=Swiss FADP + cantonal DP law; sites under video surveillance of entities subject to cantonal data-protection law (statutory scope); WMS/ZIP,I5-T00-C03-GI2,target,FAM-EU-DATAEUROPA-CCTV,,camera-fixed-cctv,independent_account,pass,200 GET 2026-09-30T18:13:49Z; robots=not-read,I1#11;I1:country=CH
I5-C353,Videosorveglianza urbana,https://dati.comune.messina.it/dataset/deb447d8-72ab-463e-817b-2ed88604462a,Comune di Messina,gov-open-data,T07,IT-ME:Messina,single-jurisdiction layer via data.europa.eu catalogue dati-gov-it (live-read metadata),bulk-file,irregular,"distributions: CSV,JSON,GEOJSON (live-read)",https://data.europa.eu/data/datasets/c_f158-fc632227-9246-4fe1-aa78-bace1aacb2a7,distribution license: CC_BY_4_0,guess:CC-BY-4.0,bytes=undetermined; facts=likely-open; derived=undetermined,none-observed,origin,new,new:ckan_package_search,2026-09-30T18:13:49Z,I5-Q136,live-read,operators=police; regime=GDPR+LED; municipal video-surveillance system; CSV/JSON/GeoJSON via dati.comune.messina.it,I5-T00-C03-GI2,target,FAM-EU-DATAEUROPA-CCTV,,camera-fixed-cctv,independent_account,pass,200 GET 2026-09-30T18:13:49Z; robots=not-read,I1#11;I1:country=IT
I5-C354,Evidenca o izvajanju videonadzora na javnih površinah v Mestni občini Novo mesto,https://novomesto.si/,Mestna občina Novo mesto,gov-open-data,T07,SI-085:Novo mesto,single-jurisdiction layer via data.europa.eu catalogue odprti-podatki-slovenije (live-read metadata),html,irregular,distributions: HTML (live-read),https://data.europa.eu/data/datasets/evidenca-o-izvajanju-videonadzora-na-javnih-povrsinah-v-mestni-obcini-novo-mesto,NONE-FOUND,guess:LicenseRef-unspecified,bytes=undetermined; facts=likely-open; derived=undetermined,none-observed,origin,new,dossier_documents:html_text,2026-09-30T18:13:49Z,I5-Q136,live-read,"operators=police; regime=GDPR+LED; statutory record (evidenca) of video surveillance in public areas; ""The register shall contain the names of the entities having video surveillance""",I5-T00-C03-GI2,target,FAM-EU-DATAEUROPA-CCTV,,camera-fixed-cctv,independent_account,pass,200 GET 2026-09-30T18:13:49Z; robots=not-read,I1#11;I1:country=SI
I5-C355,Vidéoprotection,https://data.seineouest.fr/explore/dataset/videoprotection/,Grand Paris Seine Ouest (établissement public territorial),gov-open-data,T07,FR-92:Grand Paris Seine Ouest,single-jurisdiction layer via data.europa.eu catalogue plateforme-ouverte-des-donnees-publiques-francaises (live-read metadata),bulk-file,irregular,"distributions: CSV,JSON,JSON,ZIP (live-read)",https://data.europa.eu/data/datasets/https-data-seineouest-fr-explore-dataset-videoprotection-~~1,distribution license: https://www.etalab.gouv.fr/wp-content/uploads/2014/05/Licence_Ouverte.pdf,guess:etalab-2.0,bytes=undetermined; facts=likely-open; derived=undetermined,none-observed,origin,new,new:opendatasoft_explore,2026-09-30T18:13:49Z,I5-Q136,live-read,operators=police; regime=GDPR+LED; vidéoprotection camera locations (Opendatasoft; modified 2026-07-15),I5-T00-C03-GI2,target,FAM-EU-DATAEUROPA-CCTV,,camera-fixed-cctv,independent_account,pass,200 GET 2026-09-30T18:13:49Z; robots=not-read,I1#11;I1:country=FR
I5-C356,Sistema de Videovigilância Bairro Alto,https://dados.gov.pt/datasets/sistema-de-videovigilancia-bairro-alto,Município de Lisboa,gov-open-data,T07,PT-11:Lisboa,single-jurisdiction layer via data.europa.eu catalogue dados-gov-pt (live-read metadata),bulk-file,irregular,distributions: GEOJSON (live-read),https://data.europa.eu/data/datasets/5ae9c6e7c8d8c9146c44cc65,distribution license: http://www.opendefinition.org/licenses/cc-zero,guess:CC0-1.0,bytes=undetermined; facts=likely-open; derived=undetermined,none-observed,origin,new,new:geojson_file,2026-09-30T18:13:49Z,I5-Q136,live-read,operators=police; regime=GDPR+LED; Bairro Alto video-surveillance cameras (police-requested municipal system); GeoJSON; CC0 declared,I5-T00-C03-GI2,target,FAM-EU-DATAEUROPA-CCTV,,camera-fixed-cctv,independent_account,pass,200 GET 2026-09-30T18:13:49Z; robots=not-read,I1#11;I1:country=PT
I5-C357,Videoüberwachung in der Stadt Braunschweig,https://data.europa.eu/data/datasets/dc77c1be-c808-45c1-b8c5-6b2ab6567f8a,Stadt Braunschweig (via GDI-DE),gov-open-data,T07,DE-NI:Braunschweig,single-jurisdiction layer via data.europa.eu catalogue gdi-de (live-read metadata),other,irregular,distributions: none listed (live-read),https://data.europa.eu/data/datasets/dc77c1be-c808-45c1-b8c5-6b2ab6567f8a,NONE-FOUND,guess:LicenseRef-unspecified,bytes=undetermined; facts=likely-open; derived=undetermined,none-observed,origin,new,new:ogc_wms,2026-09-30T18:13:49Z,I5-Q136,live-read,"operators=police; regime=GDPR+LED; map of all video-surveillance cameras of the city, the police and municipal companies; distribution not listed in hub record",I5-T00-C03-GI2,target,FAM-EU-DATAEUROPA-CCTV,,camera-fixed-cctv,independent_account,pass,200 GET 2026-09-30T18:13:49Z; robots=not-read,I1#11;I1:country=DE
I5-C358,Webkamera,https://git.vegvesen.no/projects/DATEX2/repos/datex2-spesifications,Statens vegvesen (Norwegian Public Roads Administration),gov-open-data,T08,ISO:NO,single-jurisdiction layer via data.europa.eu catalogue data-norge-no (live-read metadata),other,irregular,"distributions: WMS_SRVC,WFS_SRVC,XML (live-read)",https://data.europa.eu/data/datasets/https-resource-api-fellesdatakatalog-digdir-no-v1-union-graphs-ea654341-b155-423f-97e6-e64946187d34-oai-pmh-records-962a3255-0e1e-3d8d-a129-d1e07c76a395,distribution license: https://data.norge.no/nlod/no,guess:NLOD-2.0,bytes=undetermined; facts=likely-open; derived=undetermined,none-observed,origin,new,new:datex2,2026-09-30T18:13:49Z,I5-Q136,live-read,"operators=police; regime=GDPR (EEA, Norwegian Personal Data Act); road webcams (DATEX II, WMS/WFS); NLOD — DOT/511-class analogue",I5-T00-C03-GI2,target,FAM-EU-DATAEUROPA-CCTV,,camera-ptz,independent_account,pass,200 GET 2026-09-30T18:13:49Z; robots=not-read,I1#11;I1:country=NO
I5-C359,"Дані про місцезнаходження камер відеоспостереження, що перебувають у комунальній власності Коростенської міської територіальної громади",https://data.gov.ua/dataset/6d3308bb-1d7a-4f1e-a1e9-fcc3654e84cd,Korosten City Council,gov-open-data,T07,UA-18:Korosten,single-jurisdiction layer via data.europa.eu catalogue data-gov-ua (live-read metadata),bulk-file,irregular,distributions: XLSX (live-read),https://data.europa.eu/data/datasets/6d3308bb-1d7a-4f1e-a1e9-fcc3654e84cd,NONE-FOUND,guess:LicenseRef-unspecified,bytes=undetermined; facts=likely-open; derived=undetermined,none-observed,origin,new,new:xlsx_file,2026-09-30T18:13:49Z,I5-Q136,live-read,"operators=police; regime=Law of Ukraine on Personal Data Protection; communal CCTV cameras connected to a single communication centre (types, locations), as of 2025-01-01; out-of-cell→I5-CRES-CRES-GIW (Ukraine not EU/EEA)",I5-T00-C03-GI2,target,FAM-EU-DATAEUROPA-CCTV,,camera-fixed-cctv,independent_account,pass,200 GET 2026-09-30T18:13:49Z; robots=not-read,I1#11;I1:country=UA
I5-C360,Videonadzor na javnih površinah na območju Občine Kočevje,https://podatki.gov.si/dataset/videonadzor-na-javnih-povrsinah-na-obmocju-obcine-kocevje,Občina Kočevje (via podatki.gov.si),gov-open-data,T07,SI-048:Kočevje,one municipality; public-area video surveillance (live-read CKAN),ckan,static,1 CSV + 1 HTML resource; metadata_modified 2022-01-04 (live-read),https://podatki.gov.si/dataset/videonadzor-na-javnih-povrsinah-na-obmocju-obcine-kocevje,licence: Priznanje avtorstva (CC BY 4.0),guess:CC-BY-4.0,bytes=likely-open; facts=likely-open; derived=undetermined,none-observed,origin,new,new:ckan_package_search,2026-09-30T18:17:06Z,I5-Q136;I5-F227,live-read,"operators=police; regime=GDPR+LED (ZVOP-2); podatki.gov.si is a CKAN portal (package_show verified) -> Slovenian municipal video-surveillance records are a small family (Kočevje, Novo mesto); metadata carries an FOI contact person (institutional role; not copied).",I5-T00-C03-GI2,target,FAM-EU-DATAEUROPA-CCTV,,camera-fixed-cctv,independent_account,pass,200 GET 2026-09-30T18:17:06Z; robots=not-read,I1#11;I1:country=SI
I5-C361,Gobierto Contratación — licitación ALC0230 (Illescas: sistema de videovigilancia de control del tráfico y seguridad ciudadana),https://contratos.gobierto.es/licitaciones/3934150,Populate / Gobierto Contratación (aggregator of Spanish public procurement; contracting body Ayuntamiento de Illescas),procurement,T07;T09;T01,ES-TO:Illescas,"Spain-wide aggregator of PLACE/regional platform notices; sample: Illescas Policía Local video-surveillance (traffic control + public safety), CPV 51314000, 14 Aug 2023 (live-read)",html,daily,1 sample tender (live-read); corpus size not counted,NONE-FOUND(checked: F213),NONE-FOUND,guess:LicenseRef-unspecified,bytes=undetermined; facts=likely-open; derived=undetermined,none-observed,derived-from:PLACE (contrataciondelestado.es; not fetched),new,new:html_list,2026-09-30T18:15:11Z,I5-Q138;I5-F213,live-read,"operators=police;dot; regime=GDPR+LED; third-party mirror — SIG should ingest the origin (PLACE open-data ATOM syndication) not Gobierto; leads (unverified): Dénia 93 cameras LPR, Mont-roig 14 cameras LPR, Zaragoza Policía Local plate-reader maintenance. Complements ted_eu for below-threshold municipal awards.",I5-T00-C08-GI2,channel,,,camera-fixed-cctv;alpr-fixed,republished_document,pass,200 GET 2026-09-30T18:15:11Z; robots=not-read,I1#11;I1:country=ES
I5-C362,FragDenStaat request search API,https://fragdenstaat.de/api/v1/request/search/,Open Knowledge Foundation Deutschland (FragDenStaat),records-release,T01;T11;T07,ISO:DE,"3,028 fuzzy hits for ""Kennzeichenerfassung"" (relevant subset e.g. LKA/Polizeipräsidium Brandenburg KESY procedure docs, Polizeipräsidium Köln automated plate capture) (live-read)",api,daily,total_count=3028 (fuzzy; live-read); OR-syntax query returned 0 (Q137),NONE-FOUND(checked: Q146 JSON),NONE-FOUND,guess:LicenseRef-mixed-IFG-responses,bytes=undetermined; facts=likely-open; derived=undetermined,private-person-name;free-text-narrative,origin,new,records:muckrock,2026-09-30T18:15:57Z,I5-Q137;I5-Q146,live-read,operators=police;state-police; regime=GDPR+LED; MuckRock-like records corpus for DE (KESY = Brandenburg ALPR); some request titles contain partial plates about individuals -> filter to institutional requests; do not copy titles verbatim.,I5-T00-C13-GI2,channel,,,alpr-fixed,response_to,flag,200 GET 2026-09-30T18:15:57Z; robots=not-read,I1#12;I1:country=DE
I5-C363,Algoritmeregister van de Nederlandse overheid,https://algoritmes.overheid.nl/nl/algoritme,"Rijksoverheid (Ministry of the Interior, BZK)",statutory-report,T00;T10;T01,ISO:NL,"1,573 algorithm records from national/municipal bodies (Publicatiestandaard 1.0) (live-read)",html,daily,1573 results; SearchText param not honoured (unfiltered) (live-read),NONE-FOUND(checked: Q140 page),NONE-FOUND,guess:CC0-1.0,bytes=undetermined; facts=likely-open; derived=undetermined,none-observed,origin,new,new:algoritmeregister,2026-09-30T18:13:49Z,I5-Q140,live-read,operators=police;dot; regime=GDPR+LED; C06 (CCOPS) analogue for NL — camera/ANPR/analytics algorithms (e.g. enforcement cameras) should be filterable; the Amsterdam municipal register feeds it (amsterdam_camerakaart is a separate gated row); licence guess CC0 is unverified.,I5-CRES-CRES-GI2,channel,,,video-analytics,independent_account,pass,200 GET 2026-09-30T18:13:49Z; robots=not-read,I1#11;I1:country=NL
I5-C364,SECOP II - Procesos de Contratación,https://www.datos.gov.co/d/p6dx-8zbt,Agencia Nacional de Contratación Pública - Colombia Compra Eficiente (via datos.gov.co Socrata),procurement,T00;T07;T11;T01,ISO:CO,"national procurement processes; 1,196 processes match full-text ""videovigilancia"" (live-read)",socrata,daily,count=1196 via $select=count(*)&$q=videovigilancia (live-read),https://www.datos.gov.co/api/views/p6dx-8zbt.json,license.name: Creative Commons Attribution | Share Alike 4.0 International; attribution: Agencia Nacional de Contratación Pública - Colombia Compra Eficiente,guess:CC-BY-SA-4.0,bytes=likely-open; facts=likely-open; derived=undetermined,private-person-name,origin,related:camreg_puertogaitan_co,dot_511:socrata_rows,2026-09-30T18:15:11Z,I5-Q142;I5-F214,live-read,operators=police;dot; regime=Ley 1581 de 2012 (CO); Frecuencia de Actualización: Diaria (metadata); columns include nombre_del_adjudicador (official in role) and nombre_del_proveedor (may be a natural person) -> flag; same portal as live camreg_puertogaitan_co; SECOP II contracts dataset (jbjy-vk9h) is the award companion (lead).,I5-T00-C08-GI3,channel,,,camera-fixed-cctv,independent_account,flag,200 GET 2026-09-30T18:15:11Z; robots=not-read,I1#11;I1:country=CO
I5-C365,O Panóptico — Monitor do reconhecimento facial no Brasil,https://opanoptico.com.br/,Centro de Estudos de Segurança e Cidadania (CESeC),ngo,T11,ISO:BR,national monitor of police FRT projects by state/city with map + database (live-read); project count per search lead (376 active) unverified,html,irregular,states AC..TO selectable (live-read),NONE-FOUND(checked: F210),NONE-FOUND,guess:LicenseRef-unspecified,bytes=undetermined; facts=likely-open; derived=undetermined,none-observed,origin,new,new:html_list,2026-09-30T18:15:11Z,I5-Q143;I5-F210,live-read,"operators=police;state-police; regime=LGPD; project-level (not person-level) tracker; accepts public tips (crowd input -> origin verification needed); report ""Mapeando a Vigilância Biométrica"" with DPU is the documentary companion (lead).",I5-T00-C14-GI3,publisher,,,face-live;face-retrospective,independent_account,pass,200 GET 2026-09-30T18:15:11Z; robots=not-read,I1#11;I1:country=BR
I5-C366,Panoptic Tracker — Facial Recognition Systems in India,https://panoptic.in/,Internet Freedom Foundation (Project Panoptic),ngo,T11,ISO:IN,"national tracker by state/city + central projects; page counters include 118 and 170 (labels ambiguous in text extraction) and total financial outlay INR 1,513.26 Cr (live-read)",html,irregular,per-state list (live-read),NONE-FOUND(checked: F211),NONE-FOUND,guess:LicenseRef-unspecified,bytes=undetermined; facts=likely-open; derived=undetermined,none-observed,origin,new,new:html_list,2026-09-30T18:15:11Z,I5-L401;I5-F211,live-read,operators=police;federal;state-police; regime=DPDP Act 2023 (IN); project-level tracker with RTI documents section (records lane); India has no SIG source beyond coarse country status (I1 §5).,I5-T00-C14-GI3,publisher,,,face-live;face-retrospective,independent_account,pass,200 GET 2026-09-30T18:15:11Z; robots=not-read,I1#11;I1:country=IN
I5-C367,"Sentencia: O.D.I.A. y otros c/ GCBA s/ amparo (Sistema de Reconocimiento Facial de Prófugos), Juzgado CAyT N°4, sept. 2022",https://www.cels.org.ar/web/wp-content/uploads/2022/09/reconocimientofacialsentencia070922.pdf,"Juzgado de 1ra Instancia en lo Contencioso Administrativo y Tributario N°4, CABA (hosted by CELS)",court,T11,AR-C:Buenos Aires,city-wide live FRT on the Buenos Aires subway/street camera network (SRFP) declared unconstitutional pending oversight bodies (live-read),pdf,static,1 judgment (Actuación 2453371/2022) (live-read),NONE-FOUND(checked: F218),NONE-FOUND,guess:LicenseRef-public-court-record,bytes=undetermined; facts=likely-open; derived=undetermined,private-person-name,mirror-of:court record (juscaba; not fetched),new,dossier_documents:pdf_text,2026-09-30T18:15:57Z,I5-Q144;I5-F212;I5-F218,live-read,operators=police; regime=Ley 25.326 (AR); pre-2022/2022 baseline; appellate Cámara CAyT confirmed per search lead (unverified); judgment may name individuals wrongly flagged (flag; do not copy).,I5-CRES-CRES-GI3,target,,,face-live,republished_document,flag,200 GET 2026-09-30T18:15:57Z; robots=not-read,I1#11;I1:country=AR
I5-C400,MDOTtraffic (Mississippi DOT traveler map; camera list),https://www.mdottraffic.com/?showMain=true,Mississippi Department of Transportation,gov-open-data,T08,US-MS,"statewide camera layer exists on the traveler map (camera legend, cameras-list, LoadCameraData method present in page source; live-read); count not obtainable by GET",other,realtime,unknown (no GET-able camera endpoint; count not read),https://mdot.ms.gov/documents/Administration/TermsOfUse.pdf,"users are granted non-commercial short-term non-exclusive revocable use of the Mississippi Department of Transportation (MDOT) Web resources. [...] In general, information presented on this web site, unless otherwise indicated, is considered in the public domain. It may be distributed or copied as permitted by law. [...] However, MDOT does make use of copyrighted data (e.g., photographs) which may require additional permissions prior to your use.",guess:LicenseRef-MDOT-TermsOfUse-NonCommercial,bytes=likely-restricted; facts=undetermined; derived=undetermined,none-observed,origin,new,new:aspnet_pagemethod_post (not GET; needs operator-reviewed access decision),2026-09-30T18:39:59Z,I5-F247;I5-F248;I5-F249,live-read,"LEAD-ONLY. Orchestrator top-up (P1 cell item MS). Camera data is loaded by an ASP.NET PageMethods call (PageMethods.LoadCameraData in page source, I5-F248); ASP.NET page methods are invoked by POST (inference, framework convention) so the data is out of reach of this GET-only research row (R3). The page also links an authenticated API host api.mdottraffic.com/prod/v3/login (login; not touched). MS therefore is not provably dark: an official camera surface exists but no key-free GET layer was found (Part A Q007/Q015/Q031). operators=dot; access=POST-page-method; handoff->I8 (connector design + HG-03/HG-09 access question).",I5-T08-C03-GD,channel,,,camera-ptz;camera-fixed-cctv,independent_account,pass,200 GET 2026-09-30T18:39:59Z (map page); 200 GET 2026-09-30T18:40:13Z (terms PDF); robots=not-read,I1#5; I1:state=MS
I5-C401,NewGIN Open Data,https://data-newgin.opendata.arcgis.com/,"City of Newark, NJ (via ArcGIS Hub)",gov-open-data,T00,US-NJ:Newark,"city open-data portal identity (1 of 15 hub site matches for ""Newark New Jersey""; live-read); page states ""This portal is still under development""",arcgis,unknown,not counted (portal identity only),NONE-FOUND(checked: https://data-newgin.opendata.arcgis.com/),NONE-FOUND,guess:LicenseRef-PublicRecord-FactualCompilation,bytes=undetermined; facts=likely-open; derived=undetermined,none-observed,origin,new,dot_511:arcgis_query,2026-09-30T18:41:00Z,I5-Q045;I5-F250,live-read,Orchestrator top-up: closes Part B C03 not-reached item for Newark. orgId WAUuvHqqP3le2PMh (live-read). Surveillance datasets not searched (budget). operators=police (to verify).,I5-T00-C03-GL1,channel,,,,independent_account,pass,200 GET 2026-09-30T18:41:00Z; robots=not-read,I1#9; I1:city=Newark
I5-C402,MapForsyth Hub - Main,https://www.mapforsyth.org/,"Forsyth County, NC / City of Winston-Salem joint GIS (MapForsyth) (via ArcGIS Hub)",gov-open-data,T00,US-NC:Winston-Salem;US-NC:Forsyth County,"joint city-county GIS portal identity (hub site search ""Winston-Salem"": 9 sites incl. MapForsyth Main, Data Download, Addressing; live-read)",arcgis,unknown,not counted (portal identity only),https://www.mapforsyth.org/ (page carries Disclaimer and Terms of Use links; text not captured),NONE-FOUND,guess:LicenseRef-PublicRecord-FactualCompilation,bytes=undetermined; facts=likely-open; derived=undetermined,none-observed,origin,new,dot_511:arcgis_query,2026-09-30T18:41:02Z,I5-Q044;I5-F068,live-read,Orchestrator top-up: closes Part B C03 not-reached item for Winston-Salem. Page names Forsyth County and Winston-Salem addresses; that it serves the City is inference. Also seen in the search result (not fetched): a City of Winston-Salem OIC demo hub (demo-cows.opendata.arcgis.com). Surveillance datasets not searched.,I5-T00-C03-GL1,channel,,,,independent_account,pass,200 GET 2026-09-30T18:41:02Z; robots=not-read,I1#9; I1:city=Winston-Salem
