path,line_or_field,recorded_value,introducing_commit,commit_date_utc,true_event_date,class,artifact_kind,fix_mechanism,deployed_or_signed,note
connectors/src/connectors/data/live_targets.toml,L55 end_date,2026-12-31,af064511,2026-09-15T22:17:17Z,n/a (class a),a,code,none,n,a:real-world; document-stated horizon (expiry/term/statute/EOL/fiscal/meeting)
connectors/src/connectors/data/live_targets.toml,L225 end_date,2026-12-31,26d5ceee,2026-09-26T09:52:13Z,n/a (class a),a,code,none,n,a:real-world; document-stated horizon (expiry/term/statute/EOL/fiscal/meeting)
connectors/src/connectors/data/live_targets.toml,L226 end_date,2026-12-31,26d5ceee,2026-09-26T09:52:13Z,n/a (class a),a,code,none,n,a:real-world; document-stated horizon (expiry/term/statute/EOL/fiscal/meeting)
connectors/src/connectors/data/live_targets.toml,L1228,2026-10-01,f73a997e,2026-09-27T12:06:40Z,n/a (class a),a,code,none,n,"a:real-world; OKC stated 30->7-day retention effective 2026-10-01 (city usage page per S2 research d6c562e5, 2026-09-26; NOT reconfirmed — 403 in source-plan-review)"
connectors/src/connectors/data/live_targets.toml,L1233 valid_from,2026-10-01,f73a997e,2026-09-27T12:06:40Z,n/a (class a),a,code,none,n,"a:real-world; OKC stated 30->7-day retention effective 2026-10-01 (city usage page per S2 research d6c562e5, 2026-09-26; NOT reconfirmed — 403 in source-plan-review)"
connectors/src/connectors/data/live_targets.toml,L1250 valid_to,2027-06-30,f73a997e,2026-09-27T12:06:40Z,n/a (class a),a,code,none,n,a:real-world; document-stated horizon (expiry/term/statute/EOL/fiscal/meeting)
connectors/src/connectors/data/procurement_vocab.toml,L434 calendarEndDate,2026-12-31T23:59:59,6022d67f,2026-09-17T07:35:29Z,n/a (class a),a,code,none,n,a:real-world; document-stated horizon (expiry/term/statute/EOL/fiscal/meeting)
connectors/src/connectors/data/procurement_vocab.toml,L595 end_date,2026-12-31,67b8b811,2026-09-18T12:42:02Z,n/a (class a),a,code,none,n,a:real-world; document-stated horizon (expiry/term/statute/EOL/fiscal/meeting)
connectors/src/connectors/data/sources.toml,L1772,2027-04-01,22f76abf,2026-08-27T13:55:27Z,n/a (class a),a,code,none,n,a:real-world; document-stated horizon (expiry/term/statute/EOL/fiscal/meeting)
connectors/src/connectors/data/sources.toml,L1779,2027-04-01,22f76abf,2026-08-27T13:55:27Z,n/a (class a),a,code,none,n,a:real-world; document-stated horizon (expiry/term/statute/EOL/fiscal/meeting)
db/sqitch.plan,L27,2026-09-23T12:00:00Z,bb8dbbfb,2026-09-23T05:57:28Z,2026-09-23T05:57:28Z,b,sqitch,leave as-is (hand-written round planned_at hours after the commit); covered by the new-line guard,y,b:sqitch-planned(same-day); hand-written planned_at a few hours later than the commit; deployed hosted in Round 6/P30.2-P31.7; basis: writing commit bb8dbbfb
db/sqitch.plan,L28,2026-09-23T13:00:00Z,cc86bd0b,2026-09-23T06:35:43Z,2026-09-23T06:35:43Z,b,sqitch,leave as-is (hand-written round planned_at hours after the commit); covered by the new-line guard,y,b:sqitch-planned(same-day); hand-written planned_at a few hours later than the commit; deployed hosted in Round 6/P30.2-P31.7; basis: writing commit cc86bd0b
db/sqitch.plan,L33,2026-09-24T12:00:00Z,3c090012,2026-09-24T04:19:51Z,2026-09-24T04:19:51Z,b,sqitch,leave as-is (hand-written round planned_at hours after the commit); covered by the new-line guard,y,b:sqitch-planned(same-day); hand-written planned_at a few hours later than the commit; deployed hosted in Round 6/P30.2-P31.7; basis: writing commit 3c090012
db/sqitch.plan,L34,2026-09-24T18:00:00Z,29b75f82,2026-09-24T10:58:49Z,2026-09-24T10:58:49Z,b,sqitch,leave as-is (hand-written round planned_at hours after the commit); covered by the new-line guard,y,b:sqitch-planned(same-day); hand-written planned_at a few hours later than the commit; deployed hosted in Round 6/P30.2-P31.7; basis: writing commit 29b75f82
db/sqitch.plan,L39,2026-09-25T00:00:00Z,a1b9870a,2026-09-24T23:39:09Z,2026-09-24T23:39:09Z,b,sqitch,leave as-is (hand-written round planned_at hours after the commit); covered by the new-line guard,y,b:sqitch-planned(same-day); hand-written planned_at a few hours later than the commit; deployed hosted in Round 6/P30.2-P31.7; basis: writing commit a1b9870a
db/sqitch.plan,L40,2026-09-25T12:00:00Z,a29d3748,2026-09-25T03:52:43Z,2026-09-25T03:52:43Z,b,sqitch,leave as-is (hand-written round planned_at hours after the commit); covered by the new-line guard,y,b:sqitch-planned(same-day); hand-written planned_at a few hours later than the commit; deployed hosted in Round 6/P30.2-P31.7; basis: writing commit a29d3748
db/sqitch.plan,L41,2026-10-02T12:00:00Z,062306e7,2026-09-25T08:09:22Z,2026-09-25T08:09Z,b,sqitch,NEVER edit: deployed on hosted sig-pg; planned_at is hashed into this change id and (via parent) every later id — an edit makes `sqitch deploy` die 'Cannot find change <id> in sqitch.plan'. Record the true planned date in the correction ADR + a standalone '#' comment line above it (comment lines are not hashed),y,b:sqitch-planned(future); hosted deploy evidence: runs/P31.7.md:75; reports/p31.7-hosted/VERIFICATION.md:24-26 ('+ resolution_supersede .. ok'); basis: P31.7: impl commit 062306e7 2026-09-25T08:09Z; PR #143 createdAt 2026-09-25T11:56Z
db/sqitch.plan,L42,2026-10-02T13:00:00Z,b884ae73,2026-09-25T22:11:01Z,2026-09-25T22:18Z,b,sqitch,NEVER edit: deployed on hosted sig-pg; planned_at is hashed into this change id and (via parent) every later id — an edit makes `sqitch deploy` die 'Cannot find change <id> in sqitch.plan'. Record the true planned date in the correction ADR + a standalone '#' comment line above it (comment lines are not hashed),y,b:sqitch-planned(future); hosted deploy evidence: runs/P31.10.md:111-112 ('+ review_campaign .. ok' — the only pending change); basis: P31.10: PR #146 createdAt 2026-09-25T22:18Z; closeout commit 4dc4c80a 2026-09-25T22:19Z
db/sqitch.plan,L43,2026-10-02T19:00:00Z,4608f056,2026-09-25T23:21:07Z,2026-09-25T23:21Z,b,sqitch,NEVER edit: deployed on hosted sig-pg; planned_at is hashed into this change id and (via parent) every later id — an edit makes `sqitch deploy` die 'Cannot find change <id> in sqitch.plan'. Record the true planned date in the correction ADR + a standalone '#' comment line above it (comment lines are not hashed),y,b:sqitch-planned(future); hosted deploy evidence: runs/P31.11.md:168-169 ('+ camera_site_human_decisions .. ok'); basis: P31.11: impl commit 4608f056 2026-09-25T23:21Z; PR #147 createdAt 2026-09-25T23:22Z
db/sqitch.plan,L44,2026-10-03T12:00:00Z,6f9fab73,2026-09-27T04:16:16Z,2026-09-27T04:16Z,b,sqitch,"do NOT edit by default (re-stamping changes this id and all later ids; any persistent DB where it is deployed then fails). Record true date in correction ADR + standalone '#' comment. Re-stamp only if a read-only hosted `SELECT change, change_id FROM sqitch.changes` shows it absent AND no other persistent DB has it AND the operator approves",unknown,b:sqitch-planned(future); not deployed hosted per run ledgers (live_verification=false; F-14) — hosted registry NOT queried (Q-B1-1); basis: P32.2: PR #157 createdAt 2026-09-27T04:16Z; closeout commit 5677495a 2026-09-27T04:17Z
db/sqitch.plan,L45,2026-10-10T12:00:00Z,6b970335,2026-09-27T05:21:38Z,2026-09-27T05:27Z,b,sqitch,"do NOT edit by default (re-stamping changes this id and all later ids; any persistent DB where it is deployed then fails). Record true date in correction ADR + standalone '#' comment. Re-stamp only if a read-only hosted `SELECT change, change_id FROM sqitch.changes` shows it absent AND no other persistent DB has it AND the operator approves",unknown,b:sqitch-planned(future); not deployed hosted per run ledgers (live_verification=false; F-14) — hosted registry NOT queried (Q-B1-1); basis: P32.3: PR #158 createdAt 2026-09-27T05:27Z; closeout commit 2a329e37 2026-09-27T05:32Z
db/sqitch.plan,L46,2026-10-11T00:00:00Z,18bda164,2026-09-27T06:41:34Z,2026-09-27T06:41Z,b,sqitch,"do NOT edit by default (re-stamping changes this id and all later ids; any persistent DB where it is deployed then fails). Record true date in correction ADR + standalone '#' comment. Re-stamp only if a read-only hosted `SELECT change, change_id FROM sqitch.changes` shows it absent AND no other persistent DB has it AND the operator approves",unknown,b:sqitch-planned(future); not deployed hosted per run ledgers (live_verification=false; F-14) — hosted registry NOT queried (Q-B1-1); basis: P32.4: PR #159 createdAt 2026-09-27T06:41Z; closeout commit 03ac3b06 2026-09-27T06:43Z
db/sqitch.plan,L47,2026-10-12T00:00:00Z,a705a588,2026-09-27T07:10:37Z,2026-09-27T07:17Z,b,sqitch,"do NOT edit by default (re-stamping changes this id and all later ids; any persistent DB where it is deployed then fails). Record true date in correction ADR + standalone '#' comment. Re-stamp only if a read-only hosted `SELECT change, change_id FROM sqitch.changes` shows it absent AND no other persistent DB has it AND the operator approves",unknown,b:sqitch-planned(future); not deployed hosted per run ledgers (live_verification=false; F-14) — hosted registry NOT queried (Q-B1-1); basis: P32.5: PR #160 createdAt 2026-09-27T07:17Z; closeout commit 616b889c 2026-09-27T07:19Z
db/sqitch.plan,L48,2026-10-16T00:00:00Z,f5a21263,2026-09-27T09:30:57Z,2026-09-27T09:51Z,b,sqitch,"do NOT edit by default (re-stamping changes this id and all later ids; any persistent DB where it is deployed then fails). Record true date in correction ADR + standalone '#' comment. Re-stamp only if a read-only hosted `SELECT change, change_id FROM sqitch.changes` shows it absent AND no other persistent DB has it AND the operator approves",unknown,b:sqitch-planned(future); not deployed hosted per run ledgers (live_verification=false; F-14) — hosted registry NOT queried (Q-B1-1); basis: P32.9: PR #164 createdAt 2026-09-27T09:51Z; closeout commit c31380fb 2026-09-27T09:52Z
db/sqitch.plan,L49,2026-09-27T14:00:00Z,b132bbbb,2026-09-27T10:50:13Z,2026-09-27T10:50:13Z,b,sqitch,leave as-is (hand-written round planned_at hours after the commit); covered by the new-line guard,unknown,b:sqitch-planned(same-day); hand-written planned_at a few hours later than the commit; deployed hosted in Round 6/P30.2-P31.7; basis: writing commit b132bbbb
db/sqitch.plan,L50,2026-10-18T00:00:00Z,aa5c5194,2026-09-27T15:05:47Z,2026-09-27T15:05Z,b,sqitch,"do NOT edit by default (re-stamping changes this id and all later ids; any persistent DB where it is deployed then fails). Record true date in correction ADR + standalone '#' comment. Re-stamp only if a read-only hosted `SELECT change, change_id FROM sqitch.changes` shows it absent AND no other persistent DB has it AND the operator approves",unknown,b:sqitch-planned(future); not deployed hosted per run ledgers (live_verification=false; F-14) — hosted registry NOT queried (Q-B1-1); basis: P32.16: PR #172 createdAt 2026-09-27T15:05Z; closeout commit 0669f65d 2026-09-27T15:05Z
db/sqitch.plan,L51,2026-10-19T00:00:00Z,6cc5d9d8,2026-09-27T15:58:37Z,2026-09-27T15:58Z,b,sqitch,"do NOT edit by default (re-stamping changes this id and all later ids; any persistent DB where it is deployed then fails). Record true date in correction ADR + standalone '#' comment. Re-stamp only if a read-only hosted `SELECT change, change_id FROM sqitch.changes` shows it absent AND no other persistent DB has it AND the operator approves",unknown,b:sqitch-planned(future); not deployed hosted per run ledgers (live_verification=false; F-14) — hosted registry NOT queried (Q-B1-1); basis: P32.16a: PR #173 createdAt 2026-09-27T15:58Z; closeout commit 5f80ba19 2026-09-27T15:59Z
db/sqitch.plan,L52,2026-10-19T21:00:00Z,2404edb0,2026-09-27T20:03:56Z,2026-09-27T20:03Z,b,sqitch,"do NOT edit by default (re-stamping changes this id and all later ids; any persistent DB where it is deployed then fails). Record true date in correction ADR + standalone '#' comment. Re-stamp only if a read-only hosted `SELECT change, change_id FROM sqitch.changes` shows it absent AND no other persistent DB has it AND the operator approves",unknown,b:sqitch-planned(future); not deployed hosted per run ledgers (live_verification=false; F-14) — hosted registry NOT queried (Q-B1-1); basis: P32.22: impl commit 2404edb0; PR #179 createdAt 2026-09-27T20:04Z
docs/1_deep_research_overview.md,L3209 expires,2027-04-02,a33177c7,2026-08-20T22:12:47Z,n/a (class a),a,spec,none,n,a:real-world; document-stated horizon (expiry/term/statute/EOL/fiscal/meeting)
docs/2_canonical_design_spec.md,L881,2026-08-22,a33177c7,2026-08-20T22:12:47Z,n/a (class a),a,spec,none,n,a:illustrative; spec/research example or source quotation
docs/2_canonical_design_spec.md,L886,2026-08-22,a33177c7,2026-08-20T22:12:47Z,n/a (class a),a,spec,none,n,a:illustrative; spec/research example or source quotation
docs/2_canonical_design_spec.md,L976,2026-09-01,a33177c7,2026-08-20T22:12:47Z,n/a (class a),a,spec,none,n,a:illustrative; spec/research example or source quotation
docs/2_canonical_design_spec.md,L977,2026-09-01,a33177c7,2026-08-20T22:12:47Z,n/a (class a),a,spec,none,n,a:illustrative; spec/research example or source quotation
docs/2_canonical_design_spec.md,L4014,2027-04-01,a33177c7,2026-08-20T22:12:47Z,n/a (class a),a,spec,none,n,a:real-world; document-stated horizon (expiry/term/statute/EOL/fiscal/meeting)
docs/2_canonical_design_spec.md,L5795,2027-01-02,a33177c7,2026-08-20T22:12:47Z,n/a (class a),a,spec,none,n,a:real-world; document-stated horizon (expiry/term/statute/EOL/fiscal/meeting)
docs/2_canonical_design_spec.md,L5795,2027-04-02,a33177c7,2026-08-20T22:12:47Z,n/a (class a),a,spec,none,n,a:real-world; document-stated horizon (expiry/term/statute/EOL/fiscal/meeting)
docs/2_canonical_design_spec.md,L6033,2026-09-30,a33177c7,2026-08-20T22:12:47Z,n/a (class a),a,spec,none,n,a:illustrative; spec/research example or source quotation
docs/2_canonical_design_spec.md,L7285,2026-10-19,71e8bc83,2026-09-28T20:22:26Z,2026-09-28T01:27Z,b,spec,regenerate via BUILD.sh after the spec_src amendment (generated artifact; never hand-edit),n,b:event-date; basis: S3DEFER: commit a33cd6ec 'operator defers S3 human-eval spine' (local 2026-09-27 21:27 -04:00)
docs/2_canonical_design_spec.md,L7373,2026-10-10,d6c562e5,2026-09-27T02:40:53Z,n/a (class a),a,spec,none,n,"a:scheduled; D-P31.4-1 OSM replay cron 2026-10-10T03:35Z (scheduler read-only, BASELINE.md) — correctly future"
docs/2_canonical_design_spec.md,L7377,2026-10-19,71e8bc83,2026-09-28T20:22:26Z,2026-09-28T03:49Z,b,spec,regenerate via BUILD.sh after the spec_src amendment (generated artifact; never hand-edit),n,b:event-date; basis: G3SIGN: commit 95c8a73f 'GATE-G3 signed' (local 2026-09-27 23:49 -04:00)
docs/2_canonical_design_spec.md,L7389,2026-10-19,71e8bc83,2026-09-28T20:22:26Z,2026-09-28T01:27Z,b,spec,regenerate via BUILD.sh after the spec_src amendment (generated artifact; never hand-edit),n,b:event-date; basis: S3DEFER: commit a33cd6ec 'operator defers S3 human-eval spine' (local 2026-09-27 21:27 -04:00)
docs/2_canonical_design_spec.md,L9165,2026-10-01,30f8638e,2026-09-27T17:31:50Z,n/a (class a),a,spec,none,n,"a:real-world; OKC stated 30->7-day retention effective 2026-10-01 (city usage page per S2 research d6c562e5, 2026-09-26; NOT reconfirmed — 403 in source-plan-review)"
docs/2_canonical_design_spec.md,L9166,2026-10-01,e99e05b1,2026-09-27T17:56:04Z,no such event (synthetic replay/capture label),b,spec,regenerate via BUILD.sh after the spec_src amendment (generated artifact; never hand-edit),n,b:event-date; basis: documents the dossier replay-label convention
docs/2_canonical_design_spec.md,L9173,2026-10-19,71e8bc83,2026-09-28T20:22:26Z,2026-09-28T01:27Z,b,spec,regenerate via BUILD.sh after the spec_src amendment (generated artifact; never hand-edit),n,b:event-date; basis: S3DEFER: commit a33cd6ec 'operator defers S3 human-eval spine' (local 2026-09-27 21:27 -04:00)
docs/2_canonical_design_spec.md,L9361,2026-10-19,71e8bc83,2026-09-28T20:22:26Z,2026-09-28T01:27Z,b,spec,regenerate via BUILD.sh after the spec_src amendment (generated artifact; never hand-edit),n,b:event-date; basis: S3DEFER: commit a33cd6ec 'operator defers S3 human-eval spine' (local 2026-09-27 21:27 -04:00)
docs/adr/ADR-065-live-connector-wiring-httpx-transport-ocfl-capture-store-and-the-gated-run-cli.md,L4,2026-09-10,305f94d5,2026-09-09T06:12:38Z,2026-09-09T06:13Z,b,adr,append a dated 'Date correction' footer (append-only) + row in the correction ADR's table,n,b:event-date; basis: P21.3: PR #59 createdAt 2026-09-09T06:13Z; closeout commit 4d5a5d27 2026-09-09T21:39Z
docs/adr/ADR-080-government-mandated-disclosure-ccops-one-connector-three-source-adapters-the-per-agency-aggregate-row-schema-and-the-two-layer-procured-not-deployed-guard.md,L116,2027-04-01,9866efae,2026-09-14T05:27:25Z,n/a (class a),a,adr,none,n,a:real-world; document-stated horizon (expiry/term/statute/EOL/fiscal/meeting)
docs/adr/ADR-107-cloud-sql-steady-state-tier-after-launch.md,L92,2026-10-10,65fee923,2026-09-24T17:34:18Z,n/a (class a),a,adr,none,n,"a:scheduled; D-P31.4-1 OSM replay cron 2026-10-10T03:35Z (scheduler read-only, BASELINE.md) — correctly future"
docs/adr/ADR-107-cloud-sql-steady-state-tier-after-launch.md,L112,2026-10-10,65fee923,2026-09-24T17:34:18Z,n/a (class a),a,adr,none,n,"a:scheduled; D-P31.4-1 OSM replay cron 2026-10-10T03:35Z (scheduler read-only, BASELINE.md) — correctly future"
docs/adr/ADR-110-sink-identity-guard-and-batched-writes.md,L34,2026-10-10,0848d2ee,2026-09-24T23:08:43Z,n/a (class a),a,adr,none,n,"a:scheduled; D-P31.4-1 OSM replay cron 2026-10-10T03:35Z (scheduler read-only, BASELINE.md) — correctly future"
docs/adr/ADR-110-sink-identity-guard-and-batched-writes.md,L158,2026-10-10,0848d2ee,2026-09-24T23:08:43Z,n/a (class a),a,adr,none,n,"a:scheduled; D-P31.4-1 OSM replay cron 2026-10-10T03:35Z (scheduler read-only, BASELINE.md) — correctly future"
docs/adr/ADR-111-restart-resume-capture-store-and-pinned-job-images.md,L109,2026-10-10,71f1daa8,2026-09-25T01:58:54Z,n/a (class a),a,adr,none,n,"a:scheduled; D-P31.4-1 OSM replay cron 2026-10-10T03:35Z (scheduler read-only, BASELINE.md) — correctly future"
docs/adr/ADR-111-restart-resume-capture-store-and-pinned-job-images.md,L113,2026-10-08,71f1daa8,2026-09-25T01:58:54Z,n/a (class a),a,adr,none,n,a:scheduled; gate-Q4 deadline for the batch-05 switch (future at writing)
docs/adr/ADR-111-restart-resume-capture-store-and-pinned-job-images.md,L150,2026-10-10,71f1daa8,2026-09-25T01:58:54Z,n/a (class a),a,adr,none,n,"a:scheduled; D-P31.4-1 OSM replay cron 2026-10-10T03:35Z (scheduler read-only, BASELINE.md) — correctly future"
docs/adr/ADR-113-asserting-replay-of-persisted-captures.md,L5,2026-09-26,184e3644,2026-09-25T06:32:21Z,2026-09-25T06:32Z,b,adr,append a dated 'Date correction' footer (append-only) + row in the correction ADR's table,n,b:event-date; basis: P31.6: impl commit 184e3644 2026-09-25T06:32Z; PR #142
docs/adr/ADR-114-claim-re-sightings-and-latest-capture-dating.md,L5,2026-10-02,062306e7,2026-09-25T08:09:22Z,2026-09-25T08:09Z,b,adr,append a dated 'Date correction' footer (append-only) + row in the correction ADR's table,n,b:event-date; basis: P31.7: impl commit 062306e7 2026-09-25T08:09Z; PR #143 createdAt 2026-09-25T11:56Z
docs/adr/ADR-114-claim-re-sightings-and-latest-capture-dating.md,L72,2026-10-10,062306e7,2026-09-25T08:09:22Z,n/a (class a),a,adr,none,n,"a:scheduled; D-P31.4-1 OSM replay cron 2026-10-10T03:35Z (scheduler read-only, BASELINE.md) — correctly future"
docs/adr/ADR-116-human-review-decisions-into-camera-site-clustering.md,L5,2026-10-02,4e0dd070,2026-09-25T23:21:11Z,2026-09-25T23:21Z,b,adr,append a dated 'Date correction' footer (append-only) + row in the correction ADR's table,n,b:event-date; basis: P31.11: impl commit 4608f056 2026-09-25T23:21Z; PR #147 createdAt 2026-09-25T23:22Z
docs/adr/ADR-117-presentation-analytics-emitted-by-the-spine-export.md,L7,2026-10-03,be7bab69,2026-09-26T14:29:11Z,2026-09-26T14:33Z,b,adr,append a dated 'Date correction' footer (append-only) + row in the correction ADR's table,n,b:event-date; basis: P31.14: PR #151 createdAt 2026-09-26T14:33Z; closeout commit fbb47a9c 2026-09-26T14:33Z
docs/adr/ADR-118-per-compartment-vector-tiles-compression-and-points-json-retirement.md,L9,2026-10-05,90264c8a,2026-09-26T15:16:28Z,2026-09-26T15:16Z,b,adr,append a dated 'Date correction' footer (append-only) + row in the correction ADR's table,n,b:event-date; basis: P31.15: PR #152 createdAt 2026-09-26T15:16Z; closeout commit 90264c8a 2026-09-26T15:16Z
docs/adr/ADR-121-typed-assertions-and-actual-capture-bindings.md,L3 Date,2026-09-28,f8856ed8,2026-09-27T04:16:18Z,2026-09-27T04:16Z,b,adr,append a dated 'Date correction' footer (append-only) + row in the correction ADR's table,n,b:event-date; basis: P32.2: PR #157 createdAt 2026-09-27T04:16Z; closeout commit 5677495a 2026-09-27T04:17Z
docs/adr/ADR-122-role-semantics-count-scope-and-conservative-organization-identity.md,L3 Date,2026-10-10,b468627c,2026-09-27T05:21:43Z,2026-09-27T05:27Z,b,adr,append a dated 'Date correction' footer (append-only) + row in the correction ADR's table,n,b:event-date; basis: P32.3: PR #158 createdAt 2026-09-27T05:27Z; closeout commit 2a329e37 2026-09-27T05:32Z
docs/adr/ADR-123-shared-bitemporal-occurrence-selection.md,L3 Date,2026-10-11,18bda164,2026-09-27T06:41:34Z,2026-09-27T06:41Z,b,adr,append a dated 'Date correction' footer (append-only) + row in the correction ADR's table,n,b:event-date; basis: P32.4: PR #159 createdAt 2026-09-27T06:41Z; closeout commit 03ac3b06 2026-09-27T06:43Z
docs/adr/ADR-124-one-publication-eligibility-policy.md,L3 Date,2026-10-12,a705a588,2026-09-27T07:10:37Z,2026-09-27T07:17Z,b,adr,append a dated 'Date correction' footer (append-only) + row in the correction ADR's table,n,b:event-date; basis: P32.5: PR #160 createdAt 2026-09-27T07:17Z; closeout commit 616b889c 2026-09-27T07:19Z
docs/adr/ADR-125-legacy-evidence-audit-and-recovery-plan-contract.md,L3 Date,2026-10-13,794d789a,2026-09-27T08:06:32Z,2026-09-27T08:06Z,b,adr,append a dated 'Date correction' footer (append-only) + row in the correction ADR's table,n,b:event-date; basis: P32.6: PR #161 createdAt 2026-09-27T08:06Z; closeout commit c8d2856e 2026-09-27T08:06Z
docs/adr/ADR-126-obligation-events-and-current-projection.md,L3 Date,2026-10-14,6bade66e,2026-09-27T08:37:13Z,2026-09-27T08:37Z,b,adr,append a dated 'Date correction' footer (append-only) + row in the correction ADR's table,n,b:event-date; basis: P32.7: PR #162 createdAt 2026-09-27T08:37Z; closeout commit 778a5e2e 2026-09-27T08:39Z
docs/adr/ADR-127-single-writer-closeout-protocol.md,L3 Date,2026-10-15,5f4772d8,2026-09-27T09:11:12Z,2026-09-27T09:11Z,b,adr,append a dated 'Date correction' footer (append-only) + row in the correction ADR's table,n,b:event-date; basis: P32.8: PR #163 createdAt 2026-09-27T09:11Z; closeout commit 5713f5dd 2026-09-27T09:13Z
docs/adr/ADR-128-preregistered-blinded-human-evaluation-campaigns.md,L3 Date,2026-10-16,fa84bce8,2026-09-27T09:39:11Z,2026-09-27T09:51Z,b,adr,append a dated 'Date correction' footer (append-only) + row in the correction ADR's table,n,b:event-date; basis: P32.9: PR #164 createdAt 2026-09-27T09:51Z; closeout commit c31380fb 2026-09-27T09:52Z
docs/adr/ADR-129-design-aware-resolution-evaluation-and-shadow-confidence-gates.md,L3 Date,2026-10-18,1b4e5c36,2026-09-27T10:12:06Z,2026-09-27T10:12Z,b,adr,append a dated 'Date correction' footer (append-only) + row in the correction ADR's table,n,b:event-date; basis: P32.10: PR #165 createdAt 2026-09-27T10:12Z; closeout commit 13ade2b2 2026-09-27T10:25Z
docs/adr/ADR-134-coordinated-investigation-workspace-state.md,L3 Date,2026-10-04,a78720ab,2026-09-27T14:13:01Z,2026-09-27T14:13Z,b,adr,append a dated 'Date correction' footer (append-only) + row in the correction ADR's table,n,b:event-date; basis: P32.15: PR #171 createdAt 2026-09-27T14:13Z; closeout commit 4dd5a038 2026-09-27T14:15Z
docs/adr/ADR-135-isolated-durable-anonymous-correction-intake.md,L3 Date,2026-10-18,aa5c5194,2026-09-27T15:05:47Z,2026-09-27T15:05Z,b,adr,append a dated 'Date correction' footer (append-only) + row in the correction ADR's table,n,b:event-date; basis: P32.16: PR #172 createdAt 2026-09-27T15:05Z; closeout commit 0669f65d 2026-09-27T15:05Z
docs/adr/ADR-136-research-dossier-schema-portfolio-completion-and-eleventh-artifact-class.md,L3 Date,2026-10-02,df8c5ab1,2026-09-27T16:35:28Z,2026-09-27T16:35Z,b,adr,append a dated 'Date correction' footer (append-only) + row in the correction ADR's table,n,b:event-date; basis: P32.17: PR #174 createdAt 2026-09-27T16:35Z; closeout commit 2c588cd6 2026-09-27T16:41Z
docs/adr/ADR-137-oklahoma-city-dossier-packet-and-additive-seed-correction.md,L3 Date,2026-10-02,30f8638e,2026-09-27T17:31:50Z,2026-09-27T17:31Z,b,adr,append a dated 'Date correction' footer (append-only) + row in the correction ADR's table,n,b:event-date; basis: P32.18: PR #175 createdAt 2026-09-27T17:31Z; closeout commit 0f2e0711 2026-09-27T17:32Z
docs/adr/ADR-137-oklahoma-city-dossier-packet-and-additive-seed-correction.md,L96,2026-10-01,30f8638e,2026-09-27T17:31:50Z,n/a (class a),a,adr,none,n,"a:real-world; OKC stated 30->7-day retention effective 2026-10-01 (city usage page per S2 research d6c562e5, 2026-09-26; NOT reconfirmed — 403 in source-plan-review)"
docs/adr/ADR-138-tulsa-dossier-packet-template-executed-and-honest-unknowns.md,L3 Date,2026-10-01,e99e05b1,2026-09-27T17:56:04Z,2026-09-27T17:56Z,b,adr,append a dated 'Date correction' footer (append-only) + row in the correction ADR's table,n,b:event-date; basis: P32.19: PR #176 createdAt 2026-09-27T17:56Z; closeout commit 3e26a2dc 2026-09-27T17:56Z
docs/adr/ADR-138-tulsa-dossier-packet-template-executed-and-honest-unknowns.md,L26,2026-10-01,e99e05b1,2026-09-27T17:56:04Z,no such event (synthetic replay/capture label),b,adr,append a dated 'Date correction' footer (append-only) + row in the correction ADR's table,n,b:event-date; basis: documents the dossier replay-label convention
docs/adr/ADR-138-tulsa-dossier-packet-template-executed-and-honest-unknowns.md,L85,2026-10-01,e99e05b1,2026-09-27T17:56:04Z,no such event (synthetic replay/capture label),b,adr,append a dated 'Date correction' footer (append-only) + row in the correction ADR's table,n,b:event-date; basis: documents the dossier replay-label convention
docs/adr/ADR-142-release-candidate-identity-deferred-evaluation-and-pointer-immutability.md,L3 Date,2026-10-19,9bf11201,2026-09-28T02:11:03Z,2026-09-28T02:11Z,b,adr,append a dated 'Date correction' footer (append-only) + row in the correction ADR's table,n,b:event-date; basis: P32.23a: PR #180 createdAt 2026-09-28T02:11Z; closeout commit 22b773f8 2026-09-28T02:11Z
docs/adr/ADR-142-release-candidate-identity-deferred-evaluation-and-pointer-immutability.md,L15,2026-10-19,9bf11201,2026-09-28T02:11:03Z,2026-09-28T01:27Z,b,adr,append a dated 'Date correction' footer (append-only) + row in the correction ADR's table,n,b:event-date; basis: S3DEFER: commit a33cd6ec 'operator defers S3 human-eval spine' (local 2026-09-27 21:27 -04:00)
docs/adr/ADR-142-release-candidate-identity-deferred-evaluation-and-pointer-immutability.md,L60,2026-10-19,9bf11201,2026-09-28T02:11:03Z,2026-09-28T01:27Z,b,adr,append a dated 'Date correction' footer (append-only) + row in the correction ADR's table,n,b:event-date; basis: S3DEFER: commit a33cd6ec 'operator defers S3 human-eval spine' (local 2026-09-27 21:27 -04:00)
docs/adr/ADR-143-investigation-journey-acceptance-portfolio-evidence-classes-and-honest-gaps.md,L3 Date,2026-10-20,1c926c95,2026-09-28T03:08:05Z,2026-09-28T03:08Z,b,adr,append a dated 'Date correction' footer (append-only) + row in the correction ADR's table,n,b:event-date; basis: P32.24: PR #181 createdAt 2026-09-28T03:08Z; closeout commit da146260 2026-09-28T03:08Z
docs/adr/ADR-143-investigation-journey-acceptance-portfolio-evidence-classes-and-honest-gaps.md,L30,2026-10-19,1c926c95,2026-09-28T03:08:05Z,2026-09-28T01:27Z,b,adr,append a dated 'Date correction' footer (append-only) + row in the correction ADR's table,n,b:event-date; basis: S3DEFER: commit a33cd6ec 'operator defers S3 human-eval spine' (local 2026-09-27 21:27 -04:00)
docs/adr/ADR-144-bounded-release-publication-unauthenticated-verification-and-rollback-rehearsal.md,L3 Date,2026-10-20,729fb268,2026-09-28T04:36:50Z,2026-09-28T04:36Z,b,adr,append a dated 'Date correction' footer (append-only) + row in the correction ADR's table,n,b:event-date; basis: P32.25: PR #182 createdAt 2026-09-28T04:36Z; closeout commit e4bd612e 2026-09-28T04:39Z
docs/adr/ADR-144-bounded-release-publication-unauthenticated-verification-and-rollback-rehearsal.md,L12,2026-10-19,729fb268,2026-09-28T04:36:50Z,2026-09-28T03:49Z,b,adr,append a dated 'Date correction' footer (append-only) + row in the correction ADR's table,n,b:event-date; basis: G3SIGN: commit 95c8a73f 'GATE-G3 signed' (local 2026-09-27 23:49 -04:00)
docs/adr/ADR-145-round10-spec-reconciliation-to-landed-design.md,L13,2026-10-19,71e8bc83,2026-09-28T20:22:26Z,2026-09-28T03:49Z,b,adr,append a dated 'Date correction' footer (append-only) + row in the correction ADR's table,n,b:event-date; basis: G3SIGN: commit 95c8a73f 'GATE-G3 signed' (local 2026-09-27 23:49 -04:00)
docs/adr/ADR-145-round10-spec-reconciliation-to-landed-design.md,L16,2026-10-19,71e8bc83,2026-09-28T20:22:26Z,2026-09-28T01:27Z,b,adr,append a dated 'Date correction' footer (append-only) + row in the correction ADR's table,n,b:event-date; basis: S3DEFER: commit a33cd6ec 'operator defers S3 human-eval spine' (local 2026-09-27 21:27 -04:00)
docs/build/BACKLOG.csv,L58,2026-10-10,bfc67d08,2026-09-27T02:04:12Z,n/a (class a),a,memory,none,n,"a:scheduled; D-P31.4-1 OSM replay cron 2026-10-10T03:35Z (scheduler read-only, BASELINE.md) — correctly future"
docs/build/BACKLOG.md,L194,2026-10-10,bfc67d08,2026-09-27T02:04:12Z,n/a (class a),a,memory,none,n,"a:scheduled; D-P31.4-1 OSM replay cron 2026-10-10T03:35Z (scheduler read-only, BASELINE.md) — correctly future"
docs/build/BACKLOG.md,L231,2026-10-10,bfc67d08,2026-09-27T02:04:12Z,n/a (class a),a,memory,none,n,"a:scheduled; D-P31.4-1 OSM replay cron 2026-10-10T03:35Z (scheduler read-only, BASELINE.md) — correctly future"
docs/build/BUILD_INDEX.md,L184,2026-09-19 00:00,b2d02c52,2026-09-18T15:14:59Z,n/a (class a),a,memory,none,n,a:scheduled; scheduler next-run / quota reset / deadline read at the time
docs/build/BUILD_INDEX.md,L219,2026-10-10,13782968,2026-09-25T02:01:47Z,n/a (class a),a,memory,none,n,"a:scheduled; D-P31.4-1 OSM replay cron 2026-10-10T03:35Z (scheduler read-only, BASELINE.md) — correctly future"
docs/build/BUILD_INDEX.md,L225,2026-10-02,4dc4c80a,2026-09-25T22:19:48Z,2026-09-25T22:18Z,b,memory,"append-only dated CORRECTION entry naming path:line, recorded value and true date (original untouched)",n,b:event-date; basis: P31.10: PR #146 createdAt 2026-09-25T22:18Z; closeout commit 4dc4c80a 2026-09-25T22:19Z
docs/build/BUILD_INDEX.md,L229,2026-10-03,fbb47a9c,2026-09-26T14:33:10Z,2026-09-26T14:33Z,b,memory,"append-only dated CORRECTION entry naming path:line, recorded value and true date (original untouched)",n,b:event-date; basis: P31.14: PR #151 createdAt 2026-09-26T14:33Z; closeout commit fbb47a9c 2026-09-26T14:33Z
docs/build/BUILD_INDEX.md,L230,2026-10-03,90264c8a,2026-09-26T15:16:28Z,2026-09-26T15:16Z,b,memory,"append-only dated CORRECTION entry naming path:line, recorded value and true date (original untouched)",n,b:event-date; basis: P31.15: PR #152 createdAt 2026-09-26T15:16Z; closeout commit 90264c8a 2026-09-26T15:16Z
docs/build/BUILD_INDEX.md,L232,2026-10-10,9042c564,2026-09-27T02:05:36Z,n/a (class a),a,memory,none,n,"a:scheduled; D-P31.4-1 OSM replay cron 2026-10-10T03:35Z (scheduler read-only, BASELINE.md) — correctly future"
docs/build/BUILD_INDEX.md,L234,2026-09-28,5677495a,2026-09-27T04:17:10Z,2026-09-27T04:16Z,b,memory,"append-only dated CORRECTION entry naming path:line, recorded value and true date (original untouched)",n,b:event-date; basis: P32.2: PR #157 createdAt 2026-09-27T04:16Z; closeout commit 5677495a 2026-09-27T04:17Z
docs/build/BUILD_INDEX.md,L235,2026-10-10,2a329e37,2026-09-27T05:32:12Z,2026-09-27T05:27Z,b,memory,"append-only dated CORRECTION entry naming path:line, recorded value and true date (original untouched)",n,b:event-date; basis: P32.3: PR #158 createdAt 2026-09-27T05:27Z; closeout commit 2a329e37 2026-09-27T05:32Z
docs/build/BUILD_INDEX.md,L236,2026-10-11,03ac3b06,2026-09-27T06:43:22Z,2026-09-27T06:41Z,b,memory,"append-only dated CORRECTION entry naming path:line, recorded value and true date (original untouched)",n,b:event-date; basis: P32.4: PR #159 createdAt 2026-09-27T06:41Z; closeout commit 03ac3b06 2026-09-27T06:43Z
docs/build/BUILD_INDEX.md,L237,2026-10-12,616b889c,2026-09-27T07:19:07Z,2026-09-27T07:17Z,b,memory,"append-only dated CORRECTION entry naming path:line, recorded value and true date (original untouched)",n,b:event-date; basis: P32.5: PR #160 createdAt 2026-09-27T07:17Z; closeout commit 616b889c 2026-09-27T07:19Z
docs/build/BUILD_INDEX.md,L238,2026-10-13,c8d2856e,2026-09-27T08:06:44Z,2026-09-27T08:06Z,b,memory,"append-only dated CORRECTION entry naming path:line, recorded value and true date (original untouched)",n,b:event-date; basis: P32.6: PR #161 createdAt 2026-09-27T08:06Z; closeout commit c8d2856e 2026-09-27T08:06Z
docs/build/BUILD_INDEX.md,L239,2026-10-14,778a5e2e,2026-09-27T08:39:17Z,2026-09-27T08:37Z,b,memory,"append-only dated CORRECTION entry naming path:line, recorded value and true date (original untouched)",n,b:event-date; basis: P32.7: PR #162 createdAt 2026-09-27T08:37Z; closeout commit 778a5e2e 2026-09-27T08:39Z
docs/build/BUILD_INDEX.md,L240,2026-10-15,5713f5dd,2026-09-27T09:13:03Z,2026-09-27T09:11Z,b,memory,"append-only dated CORRECTION entry naming path:line, recorded value and true date (original untouched)",n,b:event-date; basis: P32.8: PR #163 createdAt 2026-09-27T09:11Z; closeout commit 5713f5dd 2026-09-27T09:13Z
docs/build/BUILD_INDEX.md,L241,2026-10-16,c31380fb,2026-09-27T09:52:15Z,2026-09-27T09:51Z,b,memory,"append-only dated CORRECTION entry naming path:line, recorded value and true date (original untouched)",n,b:event-date; basis: P32.9: PR #164 createdAt 2026-09-27T09:51Z; closeout commit c31380fb 2026-09-27T09:52Z
docs/build/BUILD_INDEX.md,L242,2026-10-18,13ade2b2,2026-09-27T10:25:18Z,2026-09-27T10:12Z,b,memory,"append-only dated CORRECTION entry naming path:line, recorded value and true date (original untouched)",n,b:event-date; basis: P32.10: PR #165 createdAt 2026-09-27T10:12Z; closeout commit 13ade2b2 2026-09-27T10:25Z
docs/build/BUILD_INDEX.md,L248,2026-10-04,4dd5a038,2026-09-27T14:15:07Z,2026-09-27T14:13Z,b,memory,"append-only dated CORRECTION entry naming path:line, recorded value and true date (original untouched)",n,b:event-date; basis: P32.15: PR #171 createdAt 2026-09-27T14:13Z; closeout commit 4dd5a038 2026-09-27T14:15Z
docs/build/BUILD_INDEX.md,L249,2026-10-18,0669f65d,2026-09-27T15:05:56Z,2026-09-27T15:05Z,b,memory,"append-only dated CORRECTION entry naming path:line, recorded value and true date (original untouched)",n,b:event-date; basis: P32.16: PR #172 createdAt 2026-09-27T15:05Z; closeout commit 0669f65d 2026-09-27T15:05Z
docs/build/BUILD_INDEX.md,L250,2026-10-19,5f80ba19,2026-09-27T15:59:00Z,2026-09-27T15:58Z,b,memory,"append-only dated CORRECTION entry naming path:line, recorded value and true date (original untouched)",n,b:event-date; basis: P32.16a: PR #173 createdAt 2026-09-27T15:58Z; closeout commit 5f80ba19 2026-09-27T15:59Z
docs/build/BUILD_INDEX.md,L251,2026-10-02,2c588cd6,2026-09-27T16:41:46Z,2026-09-27T16:35Z,b,memory,"append-only dated CORRECTION entry naming path:line, recorded value and true date (original untouched)",n,b:event-date; basis: P32.17: PR #174 createdAt 2026-09-27T16:35Z; closeout commit 2c588cd6 2026-09-27T16:41Z
docs/build/BUILD_INDEX.md,L252,2026-10-02,0f2e0711,2026-09-27T17:32:21Z,2026-09-27T17:31Z,b,memory,"append-only dated CORRECTION entry naming path:line, recorded value and true date (original untouched)",n,b:event-date; basis: P32.18: PR #175 createdAt 2026-09-27T17:31Z; closeout commit 0f2e0711 2026-09-27T17:32Z
docs/build/BUILD_INDEX.md,L253,2026-10-01,3e26a2dc,2026-09-27T17:56:12Z,no such event (synthetic replay/capture label),b,memory,"append-only dated CORRECTION entry naming path:line, recorded value and true date (original untouched)",n,b:event-date; basis: documents the dossier replay-label convention
docs/build/BUILD_INDEX.md,L253,2026-10-01,3e26a2dc,2026-09-27T17:56:12Z,2026-09-27T17:56Z,b,memory,"append-only dated CORRECTION entry naming path:line, recorded value and true date (original untouched)",n,b:event-date; basis: P32.19: PR #176 createdAt 2026-09-27T17:56Z; closeout commit 3e26a2dc 2026-09-27T17:56Z
docs/build/BUILD_INDEX.md,L256,2026-10-10,9bf11201,2026-09-28T02:11:03Z,n/a (class a),a,memory,none,n,"a:scheduled; D-P31.4-1 OSM replay cron 2026-10-10T03:35Z (scheduler read-only, BASELINE.md) — correctly future"
docs/build/BUILD_INDEX.md,L257,2026-10-19,22b773f8,2026-09-28T02:11:25Z,2026-09-28T01:27Z,b,memory,"append-only dated CORRECTION entry naming path:line, recorded value and true date (original untouched)",n,b:event-date; basis: S3DEFER: commit a33cd6ec 'operator defers S3 human-eval spine' (local 2026-09-27 21:27 -04:00)
docs/build/BUILD_INDEX.md,L258,2026-10-20,da146260,2026-09-28T03:08:20Z,2026-09-28T03:08Z,b,memory,"append-only dated CORRECTION entry naming path:line, recorded value and true date (original untouched)",n,b:event-date; basis: P32.24: PR #181 createdAt 2026-09-28T03:08Z; closeout commit da146260 2026-09-28T03:08Z
docs/build/BUILD_INDEX.md,L259,2026-10-20,e4bd612e,2026-09-28T04:39:31Z,2026-09-28T04:36Z,b,memory,"append-only dated CORRECTION entry naming path:line, recorded value and true date (original untouched)",n,b:event-date; basis: P32.25: PR #182 createdAt 2026-09-28T04:36Z; closeout commit e4bd612e 2026-09-28T04:39Z
docs/build/BUILD_INDEX.md,L260,2026-10-21,08b3135f,2026-09-28T05:19:01Z,2026-09-28T05:14Z,b,memory,"append-only dated CORRECTION entry naming path:line, recorded value and true date (original untouched)",n,b:event-date; basis: P33.1: PR #183 createdAt 2026-09-28T05:14Z; closeout commit 08b3135f 2026-09-28T05:19Z
docs/build/BUILD_INDEX.md,L264,2026-10-19,bf98abb5,2026-09-28T20:28:13Z,2026-09-28T01:27Z,b,memory,"append-only dated CORRECTION entry naming path:line, recorded value and true date (original untouched)",n,b:event-date; basis: S3DEFER: commit a33cd6ec 'operator defers S3 human-eval spine' (local 2026-09-27 21:27 -04:00)
docs/build/BUILD_INDEX.md,L267,2026-10-19,b051732c,2026-09-28T22:47:58Z,2026-09-28T01:27Z,b,memory,"append-only dated CORRECTION entry naming path:line, recorded value and true date (original untouched)",n,b:event-date; basis: S3DEFER: commit a33cd6ec 'operator defers S3 human-eval spine' (local 2026-09-27 21:27 -04:00)
docs/build/CAPSTONE_CLOSURE.md,L284,2026-10-19,e8bc0179,2026-09-28T07:05:23Z,2026-09-28T01:27Z,b,memory,"append-only dated CORRECTION entry naming path:line, recorded value and true date (original untouched)",n,b:event-date; basis: S3DEFER: commit a33cd6ec 'operator defers S3 human-eval spine' (local 2026-09-27 21:27 -04:00)
docs/build/CAPSTONE_CLOSURE.md,L326,2026-10-19,e8bc0179,2026-09-28T07:05:23Z,2026-09-28T03:49Z,b,memory,"append-only dated CORRECTION entry naming path:line, recorded value and true date (original untouched)",n,b:event-date; basis: G3SIGN: commit 95c8a73f 'GATE-G3 signed' (local 2026-09-27 23:49 -04:00)
docs/build/CAPSTONE_CLOSURE.md,L340,2026-10-19,e8bc0179,2026-09-28T07:05:23Z,2026-09-28T01:27Z,b,memory,"append-only dated CORRECTION entry naming path:line, recorded value and true date (original untouched)",n,b:event-date; basis: S3DEFER: commit a33cd6ec 'operator defers S3 human-eval spine' (local 2026-09-27 21:27 -04:00)
docs/build/CAPSTONE_CLOSURE.md,L390,2026-10-10,e8bc0179,2026-09-28T07:05:23Z,n/a (class a),a,memory,none,n,"a:scheduled; D-P31.4-1 OSM replay cron 2026-10-10T03:35Z (scheduler read-only, BASELINE.md) — correctly future"
docs/build/CAPSTONE_GAP_ANALYSIS.md,L318,2026-10-21,7a2ff9fa,2026-09-28T05:13:58Z,2026-09-28T05:14Z,b,memory,"append-only dated CORRECTION entry naming path:line, recorded value and true date (original untouched)",n,b:event-date; basis: P33.1: PR #183 createdAt 2026-09-28T05:14Z; closeout commit 08b3135f 2026-09-28T05:19Z
docs/build/CAPSTONE_GAP_ANALYSIS.md,L323,2026-10-19,7a2ff9fa,2026-09-28T05:13:58Z,2026-09-28T01:27Z,b,memory,"append-only dated CORRECTION entry naming path:line, recorded value and true date (original untouched)",n,b:event-date; basis: S3DEFER: commit a33cd6ec 'operator defers S3 human-eval spine' (local 2026-09-27 21:27 -04:00)
docs/build/CAPSTONE_GAP_ANALYSIS.md,L414,2026-10-21,7a2ff9fa,2026-09-28T05:13:58Z,2026-09-28T05:14Z,b,memory,"append-only dated CORRECTION entry naming path:line, recorded value and true date (original untouched)",n,b:event-date; basis: P33.1: PR #183 createdAt 2026-09-28T05:14Z; closeout commit 08b3135f 2026-09-28T05:19Z
docs/build/COVERAGE_MATRIX.csv,L329,2027-04-01,9866efae,2026-09-14T05:27:25Z,n/a (class a),a,memory,none,n,a:real-world; document-stated horizon (expiry/term/statute/EOL/fiscal/meeting)
docs/build/COVERAGE_MATRIX.csv,L696,2026-10-19,7a2ff9fa,2026-09-28T05:13:58Z,2026-09-28T01:27Z,b,memory,"append-only dated CORRECTION entry naming path:line, recorded value and true date (original untouched)",n,b:event-date; basis: S3DEFER: commit a33cd6ec 'operator defers S3 human-eval spine' (local 2026-09-27 21:27 -04:00)
docs/build/COVERAGE_MATRIX.csv,L697,2026-10-19,7a2ff9fa,2026-09-28T05:13:58Z,2026-09-28T01:27Z,b,memory,"append-only dated CORRECTION entry naming path:line, recorded value and true date (original untouched)",n,b:event-date; basis: S3DEFER: commit a33cd6ec 'operator defers S3 human-eval spine' (local 2026-09-27 21:27 -04:00)
docs/build/COVERAGE_MATRIX.csv,L711,2026-10-01,30f8638e,2026-09-27T17:31:50Z,n/a (class a),a,memory,none,n,"a:real-world; OKC stated 30->7-day retention effective 2026-10-01 (city usage page per S2 research d6c562e5, 2026-09-26; NOT reconfirmed — 403 in source-plan-review)"
docs/build/COVERAGE_MATRIX.csv,L712,2026-10-01,e99e05b1,2026-09-27T17:56:04Z,no such event (synthetic replay/capture label),b,memory,"append-only dated CORRECTION entry naming path:line, recorded value and true date (original untouched)",n,b:event-date; basis: documents the dossier replay-label convention
docs/build/COVERAGE_MATRIX.csv,L714,2026-10-19,9bf11201,2026-09-28T02:11:03Z,2026-09-28T01:27Z,b,memory,"append-only dated CORRECTION entry naming path:line, recorded value and true date (original untouched)",n,b:event-date; basis: S3DEFER: commit a33cd6ec 'operator defers S3 human-eval spine' (local 2026-09-27 21:27 -04:00)
docs/build/COVERAGE_MATRIX.csv,L716,2026-10-19,7a2ff9fa,2026-09-28T05:13:58Z,2026-09-28T01:27Z,b,memory,"append-only dated CORRECTION entry naming path:line, recorded value and true date (original untouched)",n,b:event-date; basis: S3DEFER: commit a33cd6ec 'operator defers S3 human-eval spine' (local 2026-09-27 21:27 -04:00)
docs/build/LEDGER.md,L34,2026-10-01,b051732c,2026-09-28T22:47:58Z,2026-09-27T17:56Z,b,memory,CURRENT STATE living block: supersede in the B3 LEDGER rewrite; archive PRIOR chains with a correction index,n,b:event-date; basis: P32.19: PR #176 createdAt 2026-09-27T17:56Z; closeout commit 3e26a2dc 2026-09-27T17:56Z
docs/build/LEDGER.md,L34,2026-10-02,b051732c,2026-09-28T22:47:58Z,2026-09-27T16:35Z,b,memory,CURRENT STATE living block: supersede in the B3 LEDGER rewrite; archive PRIOR chains with a correction index,n,b:event-date; basis: P32.17: PR #174 createdAt 2026-09-27T16:35Z; closeout commit 2c588cd6 2026-09-27T16:41Z
docs/build/LEDGER.md,L34,2026-10-02,b051732c,2026-09-28T22:47:58Z,2026-09-27T17:31Z,b,memory,CURRENT STATE living block: supersede in the B3 LEDGER rewrite; archive PRIOR chains with a correction index,n,b:event-date; basis: P32.18: PR #175 createdAt 2026-09-27T17:31Z; closeout commit 0f2e0711 2026-09-27T17:32Z
docs/build/LEDGER.md,L34,2026-10-04,b051732c,2026-09-28T22:47:58Z,2026-09-27T14:13Z,b,memory,CURRENT STATE living block: supersede in the B3 LEDGER rewrite; archive PRIOR chains with a correction index,n,b:event-date; basis: P32.15: PR #171 createdAt 2026-09-27T14:13Z; closeout commit 4dd5a038 2026-09-27T14:15Z
docs/build/LEDGER.md,L34,2026-10-11,b051732c,2026-09-28T22:47:58Z,2026-09-27T06:41Z,b,memory,CURRENT STATE living block: supersede in the B3 LEDGER rewrite; archive PRIOR chains with a correction index,n,b:event-date; basis: P32.4: PR #159 createdAt 2026-09-27T06:41Z; closeout commit 03ac3b06 2026-09-27T06:43Z
docs/build/LEDGER.md,L34,2026-10-12,b051732c,2026-09-28T22:47:58Z,2026-09-27T07:17Z,b,memory,CURRENT STATE living block: supersede in the B3 LEDGER rewrite; archive PRIOR chains with a correction index,n,b:event-date; basis: P32.5: PR #160 createdAt 2026-09-27T07:17Z; closeout commit 616b889c 2026-09-27T07:19Z
docs/build/LEDGER.md,L34,2026-10-13,b051732c,2026-09-28T22:47:58Z,2026-09-27T08:06Z,b,memory,CURRENT STATE living block: supersede in the B3 LEDGER rewrite; archive PRIOR chains with a correction index,n,b:event-date; basis: P32.6: PR #161 createdAt 2026-09-27T08:06Z; closeout commit c8d2856e 2026-09-27T08:06Z
docs/build/LEDGER.md,L34,2026-10-14,b051732c,2026-09-28T22:47:58Z,2026-09-27T08:37Z,b,memory,CURRENT STATE living block: supersede in the B3 LEDGER rewrite; archive PRIOR chains with a correction index,n,b:event-date; basis: P32.7: PR #162 createdAt 2026-09-27T08:37Z; closeout commit 778a5e2e 2026-09-27T08:39Z
docs/build/LEDGER.md,L34,2026-10-15,b051732c,2026-09-28T22:47:58Z,2026-09-27T09:11Z,b,memory,CURRENT STATE living block: supersede in the B3 LEDGER rewrite; archive PRIOR chains with a correction index,n,b:event-date; basis: P32.8: PR #163 createdAt 2026-09-27T09:11Z; closeout commit 5713f5dd 2026-09-27T09:13Z
docs/build/LEDGER.md,L34,2026-10-16,b051732c,2026-09-28T22:47:58Z,2026-09-27T09:51Z,b,memory,CURRENT STATE living block: supersede in the B3 LEDGER rewrite; archive PRIOR chains with a correction index,n,b:event-date; basis: P32.9: PR #164 createdAt 2026-09-27T09:51Z; closeout commit c31380fb 2026-09-27T09:52Z
docs/build/LEDGER.md,L34,2026-10-18,b051732c,2026-09-28T22:47:58Z,2026-09-27T15:05Z,b,memory,CURRENT STATE living block: supersede in the B3 LEDGER rewrite; archive PRIOR chains with a correction index,n,b:event-date; basis: P32.16: PR #172 createdAt 2026-09-27T15:05Z; closeout commit 0669f65d 2026-09-27T15:05Z
docs/build/LEDGER.md,L34,2026-10-18,b051732c,2026-09-28T22:47:58Z,2026-09-27T10:12Z,b,memory,CURRENT STATE living block: supersede in the B3 LEDGER rewrite; archive PRIOR chains with a correction index,n,b:event-date; basis: P32.10: PR #165 createdAt 2026-09-27T10:12Z; closeout commit 13ade2b2 2026-09-27T10:25Z
docs/build/LEDGER.md,L34,2026-10-19,b051732c,2026-09-28T22:47:58Z,2026-09-27T15:58Z,b,memory,CURRENT STATE living block: supersede in the B3 LEDGER rewrite; archive PRIOR chains with a correction index,n,b:event-date; basis: P32.16a: PR #173 createdAt 2026-09-27T15:58Z; closeout commit 5f80ba19 2026-09-27T15:59Z
docs/build/LEDGER.md,L34,2026-10-19,b051732c,2026-09-28T22:47:58Z,2026-09-28T02:11Z,b,memory,CURRENT STATE living block: supersede in the B3 LEDGER rewrite; archive PRIOR chains with a correction index,n,b:event-date; basis: P32.23a: PR #180 createdAt 2026-09-28T02:11Z; closeout commit 22b773f8 2026-09-28T02:11Z
docs/build/LEDGER.md,L34,2026-10-20,b051732c,2026-09-28T22:47:58Z,2026-09-28T04:36Z,b,memory,CURRENT STATE living block: supersede in the B3 LEDGER rewrite; archive PRIOR chains with a correction index,n,b:event-date; basis: P32.25: PR #182 createdAt 2026-09-28T04:36Z; closeout commit e4bd612e 2026-09-28T04:39Z
docs/build/LEDGER.md,L34,2026-10-20,b051732c,2026-09-28T22:47:58Z,2026-09-28T03:08Z,b,memory,CURRENT STATE living block: supersede in the B3 LEDGER rewrite; archive PRIOR chains with a correction index,n,b:event-date; basis: P32.24: PR #181 createdAt 2026-09-28T03:08Z; closeout commit da146260 2026-09-28T03:08Z
docs/build/LEDGER.md,L34,2026-10-21,b051732c,2026-09-28T22:47:58Z,2026-09-28T05:14Z,b,memory,CURRENT STATE living block: supersede in the B3 LEDGER rewrite; archive PRIOR chains with a correction index,n,b:event-date; basis: P33.1: PR #183 createdAt 2026-09-28T05:14Z; closeout commit 08b3135f 2026-09-28T05:19Z
docs/build/LEDGER.md,L35,2026-10-10,c77bd45e,2026-09-28T22:45:44Z,n/a (class a),a,memory,none,n,"a:scheduled; D-P31.4-1 OSM replay cron 2026-10-10T03:35Z (scheduler read-only, BASELINE.md) — correctly future"
docs/build/LEDGER.md,L35,2026-10-19,c77bd45e,2026-09-28T22:45:44Z,2026-09-28T01:27Z,b,memory,CURRENT STATE living block: supersede in the B3 LEDGER rewrite; archive PRIOR chains with a correction index,n,b:event-date; basis: S3DEFER: commit a33cd6ec 'operator defers S3 human-eval spine' (local 2026-09-27 21:27 -04:00)
docs/build/LEDGER.md,L35,2026-10-19,c77bd45e,2026-09-28T22:45:44Z,2026-09-28T03:49Z,b,memory,CURRENT STATE living block: supersede in the B3 LEDGER rewrite; archive PRIOR chains with a correction index,n,b:event-date; basis: G3SIGN: commit 95c8a73f 'GATE-G3 signed' (local 2026-09-27 23:49 -04:00)
docs/build/LEDGER.md,L52 PRIOR,2026-10-01,b051732c,2026-09-28T22:47:58Z,2026-09-27T17:56Z,b,memory,CURRENT STATE living block: supersede in the B3 LEDGER rewrite; archive PRIOR chains with a correction index,n,b:event-date; basis: P32.19: PR #176 createdAt 2026-09-27T17:56Z; closeout commit 3e26a2dc 2026-09-27T17:56Z
docs/build/LEDGER.md,L52,2026-10-01,b051732c,2026-09-28T22:47:58Z,n/a (class a),a,memory,none,n,"a:real-world; OKC stated 30->7-day retention effective 2026-10-01 (city usage page per S2 research d6c562e5, 2026-09-26; NOT reconfirmed — 403 in source-plan-review)"
docs/build/LEDGER.md,L52 updatedAt,2026-10-02,b051732c,2026-09-28T22:47:58Z,2026-09-27T16:35Z,b,memory,CURRENT STATE living block: supersede in the B3 LEDGER rewrite; archive PRIOR chains with a correction index,n,b:event-date; basis: P32.17: PR #174 createdAt 2026-09-27T16:35Z; closeout commit 2c588cd6 2026-09-27T16:41Z
docs/build/LEDGER.md,L52 PRIOR,2026-10-02,b051732c,2026-09-28T22:47:58Z,2026-09-25T22:18Z,b,memory,CURRENT STATE living block: supersede in the B3 LEDGER rewrite; archive PRIOR chains with a correction index,n,b:event-date; basis: P31.10: PR #146 createdAt 2026-09-25T22:18Z; closeout commit 4dc4c80a 2026-09-25T22:19Z
docs/build/LEDGER.md,L52 updatedAt,2026-10-02,b051732c,2026-09-28T22:47:58Z,2026-09-27T17:31Z,b,memory,CURRENT STATE living block: supersede in the B3 LEDGER rewrite; archive PRIOR chains with a correction index,n,b:event-date; basis: P32.18: PR #175 createdAt 2026-09-27T17:31Z; closeout commit 0f2e0711 2026-09-27T17:32Z
docs/build/LEDGER.md,L52 PRIOR,2026-10-03,b051732c,2026-09-28T22:47:58Z,2026-09-26T14:33Z,b,memory,CURRENT STATE living block: supersede in the B3 LEDGER rewrite; archive PRIOR chains with a correction index,n,b:event-date; basis: P31.14: PR #151 createdAt 2026-09-26T14:33Z; closeout commit fbb47a9c 2026-09-26T14:33Z
docs/build/LEDGER.md,L52 PRIOR,2026-10-04,b051732c,2026-09-28T22:47:58Z,2026-09-27T14:13Z,b,memory,CURRENT STATE living block: supersede in the B3 LEDGER rewrite; archive PRIOR chains with a correction index,n,b:event-date; basis: P32.15: PR #171 createdAt 2026-09-27T14:13Z; closeout commit 4dd5a038 2026-09-27T14:15Z
docs/build/LEDGER.md,L52 PRIOR,2026-10-10,b051732c,2026-09-28T22:47:58Z,2026-09-27T05:27Z,b,memory,CURRENT STATE living block: supersede in the B3 LEDGER rewrite; archive PRIOR chains with a correction index,n,b:event-date; basis: P32.3: PR #158 createdAt 2026-09-27T05:27Z; closeout commit 2a329e37 2026-09-27T05:32Z
docs/build/LEDGER.md,L52,2026-10-10,b051732c,2026-09-28T22:47:58Z,n/a (class a),a,memory,none,n,"a:scheduled; D-P31.4-1 OSM replay cron 2026-10-10T03:35Z (scheduler read-only, BASELINE.md) — correctly future"
docs/build/LEDGER.md,L52 PRIOR,2026-10-11,b051732c,2026-09-28T22:47:58Z,2026-09-27T06:41Z,b,memory,CURRENT STATE living block: supersede in the B3 LEDGER rewrite; archive PRIOR chains with a correction index,n,b:event-date; basis: P32.4: PR #159 createdAt 2026-09-27T06:41Z; closeout commit 03ac3b06 2026-09-27T06:43Z
docs/build/LEDGER.md,L52 PRIOR,2026-10-12,b051732c,2026-09-28T22:47:58Z,2026-09-27T07:17Z,b,memory,CURRENT STATE living block: supersede in the B3 LEDGER rewrite; archive PRIOR chains with a correction index,n,b:event-date; basis: P32.5: PR #160 createdAt 2026-09-27T07:17Z; closeout commit 616b889c 2026-09-27T07:19Z
docs/build/LEDGER.md,L52 updatedAt,2026-10-13,b051732c,2026-09-28T22:47:58Z,2026-09-27T08:06Z,b,memory,CURRENT STATE living block: supersede in the B3 LEDGER rewrite; archive PRIOR chains with a correction index,n,b:event-date; basis: P32.6: PR #161 createdAt 2026-09-27T08:06Z; closeout commit c8d2856e 2026-09-27T08:06Z
docs/build/LEDGER.md,L52 updatedAt,2026-10-14,b051732c,2026-09-28T22:47:58Z,2026-09-27T08:37Z,b,memory,CURRENT STATE living block: supersede in the B3 LEDGER rewrite; archive PRIOR chains with a correction index,n,b:event-date; basis: P32.7: PR #162 createdAt 2026-09-27T08:37Z; closeout commit 778a5e2e 2026-09-27T08:39Z
docs/build/LEDGER.md,L52 updatedAt,2026-10-15,b051732c,2026-09-28T22:47:58Z,2026-09-27T09:11Z,b,memory,CURRENT STATE living block: supersede in the B3 LEDGER rewrite; archive PRIOR chains with a correction index,n,b:event-date; basis: P32.8: PR #163 createdAt 2026-09-27T09:11Z; closeout commit 5713f5dd 2026-09-27T09:13Z
docs/build/LEDGER.md,L52 PRIOR,2026-10-16,b051732c,2026-09-28T22:47:58Z,2026-09-27T09:51Z,b,memory,CURRENT STATE living block: supersede in the B3 LEDGER rewrite; archive PRIOR chains with a correction index,n,b:event-date; basis: P32.9: PR #164 createdAt 2026-09-27T09:51Z; closeout commit c31380fb 2026-09-27T09:52Z
docs/build/LEDGER.md,L52 updatedAt,2026-10-18,b051732c,2026-09-28T22:47:58Z,2026-09-27T15:05Z,b,memory,CURRENT STATE living block: supersede in the B3 LEDGER rewrite; archive PRIOR chains with a correction index,n,b:event-date; basis: P32.16: PR #172 createdAt 2026-09-27T15:05Z; closeout commit 0669f65d 2026-09-27T15:05Z
docs/build/LEDGER.md,L52 updatedAt,2026-10-19,b051732c,2026-09-28T22:47:58Z,2026-09-27T15:58Z,b,memory,CURRENT STATE living block: supersede in the B3 LEDGER rewrite; archive PRIOR chains with a correction index,n,b:event-date; basis: P32.16a: PR #173 createdAt 2026-09-27T15:58Z; closeout commit 5f80ba19 2026-09-27T15:59Z
docs/build/LEDGER.md,L52 PRIOR,2026-10-20,b051732c,2026-09-28T22:47:58Z,2026-09-28T04:36Z,b,memory,CURRENT STATE living block: supersede in the B3 LEDGER rewrite; archive PRIOR chains with a correction index,n,b:event-date; basis: P32.25: PR #182 createdAt 2026-09-28T04:36Z; closeout commit e4bd612e 2026-09-28T04:39Z
docs/build/LEDGER.md,L52 PRIOR,2026-10-21,b051732c,2026-09-28T22:47:58Z,2026-09-28T05:14Z,b,memory,CURRENT STATE living block: supersede in the B3 LEDGER rewrite; archive PRIOR chains with a correction index,n,b:event-date; basis: P33.1: PR #183 createdAt 2026-09-28T05:14Z; closeout commit 08b3135f 2026-09-28T05:19Z
docs/build/LEDGER.md,L116,2026-10-19,95c8a73f,2026-09-28T03:49:46Z,<=2026-09-28T03:49:46Z,b,memory,"append-only dated CORRECTION entry naming path:line, recorded value and true date (original untouched)",n,b:event-date; basis: upper bound = writing commit 95c8a73f
docs/build/LEDGER.md,L117,2026-10-19,a33cd6ec,2026-09-28T01:27:21Z,2026-09-28T01:27Z,b,memory,"append-only dated CORRECTION entry naming path:line, recorded value and true date (original untouched)",n,b:event-date; basis: S3DEFER: commit a33cd6ec 'operator defers S3 human-eval spine' (local 2026-09-27 21:27 -04:00)
docs/build/LEDGER.md,L124,2026-10-08,a84dadfe,2026-09-24T18:32:49Z,n/a (class a),a,memory,none,n,a:scheduled; gate-Q4 deadline for the batch-05 switch (future at writing)
docs/build/LEDGER.md,L240,2026-10-10,13782968,2026-09-25T02:01:47Z,n/a (class a),a,memory,none,n,"a:scheduled; D-P31.4-1 OSM replay cron 2026-10-10T03:35Z (scheduler read-only, BASELINE.md) — correctly future"
docs/build/LEDGER.md,L342,2026-10-02,4dc4c80a,2026-09-25T22:19:48Z,2026-09-25T22:18Z,b,memory,"append-only dated CORRECTION entry naming path:line, recorded value and true date (original untouched)",n,b:event-date; basis: P31.10: PR #146 createdAt 2026-09-25T22:18Z; closeout commit 4dc4c80a 2026-09-25T22:19Z
docs/build/LEDGER.md,L346,2026-10-03,fbb47a9c,2026-09-26T14:33:10Z,2026-09-26T14:33Z,b,memory,"append-only dated CORRECTION entry naming path:line, recorded value and true date (original untouched)",n,b:event-date; basis: P31.14: PR #151 createdAt 2026-09-26T14:33Z; closeout commit fbb47a9c 2026-09-26T14:33Z
docs/build/LEDGER.md,L347,2026-10-03,90264c8a,2026-09-26T15:16:28Z,2026-09-26T15:16Z,b,memory,"append-only dated CORRECTION entry naming path:line, recorded value and true date (original untouched)",n,b:event-date; basis: P31.15: PR #152 createdAt 2026-09-26T15:16Z; closeout commit 90264c8a 2026-09-26T15:16Z
docs/build/LEDGER.md,L351,2026-10-10,9042c564,2026-09-27T02:05:36Z,n/a (class a),a,memory,none,n,"a:scheduled; D-P31.4-1 OSM replay cron 2026-10-10T03:35Z (scheduler read-only, BASELINE.md) — correctly future"
docs/build/LEDGER.md,L353,2026-10-18,13ade2b2,2026-09-27T10:25:18Z,2026-09-27T10:12Z,b,memory,"append-only dated CORRECTION entry naming path:line, recorded value and true date (original untouched)",n,b:event-date; basis: P32.10: PR #165 createdAt 2026-09-27T10:12Z; closeout commit 13ade2b2 2026-09-27T10:25Z
docs/build/LEDGER.md,L401,2026-10-01,4c58f407,2026-09-16T05:13:50Z,n/a (class a),a,memory,none,n,a:scheduled; scheduler next-run value read at the time
docs/build/LEDGER.md,L408,2026-09-19 00:00,b2d02c52,2026-09-18T15:14:59Z,n/a (class a),a,memory,none,n,a:scheduled; scheduler next-run / quota reset / deadline read at the time
docs/build/LEDGER.md,L421,2026-09-28,5677495a,2026-09-27T04:17:10Z,2026-09-27T04:16Z,b,memory,"append-only dated CORRECTION entry naming path:line, recorded value and true date (original untouched)",n,b:event-date; basis: P32.2: PR #157 createdAt 2026-09-27T04:16Z; closeout commit 5677495a 2026-09-27T04:17Z
docs/build/LEDGER.md,L423,2026-10-10,03ac3b06,2026-09-27T06:43:22Z,2026-09-27T05:27Z,b,memory,"append-only dated CORRECTION entry naming path:line, recorded value and true date (original untouched)",n,b:event-date; basis: P32.3: PR #158 createdAt 2026-09-27T05:27Z; closeout commit 2a329e37 2026-09-27T05:32Z
docs/build/LEDGER.md,L425,2026-10-11,03ac3b06,2026-09-27T06:43:22Z,2026-09-27T06:41Z,b,memory,"append-only dated CORRECTION entry naming path:line, recorded value and true date (original untouched)",n,b:event-date; basis: P32.4: PR #159 createdAt 2026-09-27T06:41Z; closeout commit 03ac3b06 2026-09-27T06:43Z
docs/build/LEDGER.md,L427,2026-10-12,616b889c,2026-09-27T07:19:07Z,2026-09-27T07:17Z,b,memory,"append-only dated CORRECTION entry naming path:line, recorded value and true date (original untouched)",n,b:event-date; basis: P32.5: PR #160 createdAt 2026-09-27T07:17Z; closeout commit 616b889c 2026-09-27T07:19Z
docs/build/LEDGER.md,L428,2026-10-13,c8d2856e,2026-09-27T08:06:44Z,2026-09-27T08:06Z,b,memory,"append-only dated CORRECTION entry naming path:line, recorded value and true date (original untouched)",n,b:event-date; basis: P32.6: PR #161 createdAt 2026-09-27T08:06Z; closeout commit c8d2856e 2026-09-27T08:06Z
docs/build/LEDGER.md,L430,2026-10-14,778a5e2e,2026-09-27T08:39:17Z,2026-09-27T08:37Z,b,memory,"append-only dated CORRECTION entry naming path:line, recorded value and true date (original untouched)",n,b:event-date; basis: P32.7: PR #162 createdAt 2026-09-27T08:37Z; closeout commit 778a5e2e 2026-09-27T08:39Z
docs/build/LEDGER.md,L431,2026-10-15,5713f5dd,2026-09-27T09:13:03Z,2026-09-27T09:11Z,b,memory,"append-only dated CORRECTION entry naming path:line, recorded value and true date (original untouched)",n,b:event-date; basis: P32.8: PR #163 createdAt 2026-09-27T09:11Z; closeout commit 5713f5dd 2026-09-27T09:13Z
docs/build/LEDGER.md,L433,2026-10-16,c31380fb,2026-09-27T09:52:15Z,2026-09-27T09:51Z,b,memory,"append-only dated CORRECTION entry naming path:line, recorded value and true date (original untouched)",n,b:event-date; basis: P32.9: PR #164 createdAt 2026-09-27T09:51Z; closeout commit c31380fb 2026-09-27T09:52Z
docs/build/LEDGER.md,L439,2026-10-04,4dd5a038,2026-09-27T14:15:07Z,2026-09-27T14:13Z,b,memory,"append-only dated CORRECTION entry naming path:line, recorded value and true date (original untouched)",n,b:event-date; basis: P32.15: PR #171 createdAt 2026-09-27T14:13Z; closeout commit 4dd5a038 2026-09-27T14:15Z
docs/build/LEDGER.md,L440,2026-10-18,0669f65d,2026-09-27T15:05:56Z,2026-09-27T15:05Z,b,memory,"append-only dated CORRECTION entry naming path:line, recorded value and true date (original untouched)",n,b:event-date; basis: P32.16: PR #172 createdAt 2026-09-27T15:05Z; closeout commit 0669f65d 2026-09-27T15:05Z
docs/build/LEDGER.md,L441,2026-10-19,5f80ba19,2026-09-27T15:59:00Z,2026-09-27T15:58Z,b,memory,"append-only dated CORRECTION entry naming path:line, recorded value and true date (original untouched)",n,b:event-date; basis: P32.16a: PR #173 createdAt 2026-09-27T15:58Z; closeout commit 5f80ba19 2026-09-27T15:59Z
docs/build/LEDGER.md,L442,2026-10-02,2c588cd6,2026-09-27T16:41:46Z,2026-09-27T16:35Z,b,memory,"append-only dated CORRECTION entry naming path:line, recorded value and true date (original untouched)",n,b:event-date; basis: P32.17: PR #174 createdAt 2026-09-27T16:35Z; closeout commit 2c588cd6 2026-09-27T16:41Z
docs/build/LEDGER.md,L443,2026-10-01,0f2e0711,2026-09-27T17:32:21Z,n/a (class a),a,memory,none,n,"a:real-world; OKC stated 30->7-day retention effective 2026-10-01 (city usage page per S2 research d6c562e5, 2026-09-26; NOT reconfirmed — 403 in source-plan-review)"
docs/build/LEDGER.md,L443,2026-10-02,0f2e0711,2026-09-27T17:32:21Z,2026-09-27T17:31Z,b,memory,"append-only dated CORRECTION entry naming path:line, recorded value and true date (original untouched)",n,b:event-date; basis: P32.18: PR #175 createdAt 2026-09-27T17:31Z; closeout commit 0f2e0711 2026-09-27T17:32Z
docs/build/LEDGER.md,L444,2026-10-01,3e26a2dc,2026-09-27T17:56:12Z,no such event (synthetic replay/capture label),b,memory,"append-only dated CORRECTION entry naming path:line, recorded value and true date (original untouched)",n,b:event-date; basis: documents the dossier replay-label convention
docs/build/LEDGER.md,L444,2026-10-01,3e26a2dc,2026-09-27T17:56:12Z,2026-09-27T17:56Z,b,memory,"append-only dated CORRECTION entry naming path:line, recorded value and true date (original untouched)",n,b:event-date; basis: P32.19: PR #176 createdAt 2026-09-27T17:56Z; closeout commit 3e26a2dc 2026-09-27T17:56Z
docs/build/LEDGER.md,L445,2026-10-01,5efe4b9d,2026-09-27T18:28:28Z,no such event (synthetic replay/capture label),b,memory,"append-only dated CORRECTION entry naming path:line, recorded value and true date (original untouched)",n,b:event-date; basis: documents the dossier replay-label convention
docs/build/LEDGER.md,L448,2026-10-19,c4aafa20,2026-09-27T20:07:17Z,2026-09-27T20:07Z,b,memory,"append-only dated CORRECTION entry naming path:line, recorded value and true date (original untouched)",n,b:event-date; basis: H4PAUSE: commit c4aafa20 'record orchestrator pause at HUMAN-H4'
docs/build/LEDGER.md,L449,2026-10-19,a33cd6ec,2026-09-28T01:27:21Z,2026-09-28T01:27Z,b,memory,"append-only dated CORRECTION entry naming path:line, recorded value and true date (original untouched)",n,b:event-date; basis: S3DEFER: commit a33cd6ec 'operator defers S3 human-eval spine' (local 2026-09-27 21:27 -04:00)
docs/build/LEDGER.md,L450,2026-10-19,22b773f8,2026-09-28T02:11:25Z,2026-09-28T02:11Z,b,memory,"append-only dated CORRECTION entry naming path:line, recorded value and true date (original untouched)",n,b:event-date; basis: P32.23a: PR #180 createdAt 2026-09-28T02:11Z; closeout commit 22b773f8 2026-09-28T02:11Z
docs/build/LEDGER.md,L450,2026-10-19,22b773f8,2026-09-28T02:11:25Z,2026-09-28T01:27Z,b,memory,"append-only dated CORRECTION entry naming path:line, recorded value and true date (original untouched)",n,b:event-date; basis: S3DEFER: commit a33cd6ec 'operator defers S3 human-eval spine' (local 2026-09-27 21:27 -04:00)
docs/build/LEDGER.md,L451,2026-10-20,da146260,2026-09-28T03:08:20Z,2026-09-28T03:08Z,b,memory,"append-only dated CORRECTION entry naming path:line, recorded value and true date (original untouched)",n,b:event-date; basis: P32.24: PR #181 createdAt 2026-09-28T03:08Z; closeout commit da146260 2026-09-28T03:08Z
docs/build/LEDGER.md,L452,2026-10-19,e4be1b84,2026-09-28T03:09:13Z,2026-09-28T03:09Z,b,memory,"append-only dated CORRECTION entry naming path:line, recorded value and true date (original untouched)",n,b:event-date; basis: G3PAUSE: commit e4be1b84 'record orchestrator pause at GATE-G3'
docs/build/LEDGER.md,L453,2026-10-20,e4bd612e,2026-09-28T04:39:31Z,2026-09-28T04:36Z,b,memory,"append-only dated CORRECTION entry naming path:line, recorded value and true date (original untouched)",n,b:event-date; basis: P32.25: PR #182 createdAt 2026-09-28T04:36Z; closeout commit e4bd612e 2026-09-28T04:39Z
docs/build/LEDGER.md,L454,2026-10-21,08b3135f,2026-09-28T05:19:01Z,2026-09-28T05:14Z,b,memory,"append-only dated CORRECTION entry naming path:line, recorded value and true date (original untouched)",n,b:event-date; basis: P33.1: PR #183 createdAt 2026-09-28T05:14Z; closeout commit 08b3135f 2026-09-28T05:19Z
docs/build/LEDGER.md,L459,2026-10-19,bf98abb5,2026-09-28T20:28:13Z,2026-09-28T01:27Z,b,memory,"append-only dated CORRECTION entry naming path:line, recorded value and true date (original untouched)",n,b:event-date; basis: S3DEFER: commit a33cd6ec 'operator defers S3 human-eval spine' (local 2026-09-27 21:27 -04:00)
docs/build/OPERATIONAL_READINESS.md,L259,2026-10-10,45dcc789,2026-09-28T19:36:04Z,n/a (class a),a,memory,none,n,"a:scheduled; D-P31.4-1 OSM replay cron 2026-10-10T03:35Z (scheduler read-only, BASELINE.md) — correctly future"
docs/build/OPERATIONAL_READINESS.md,L266,2026-10-19,45dcc789,2026-09-28T19:36:04Z,2026-09-28T03:49Z,b,memory,"append-only dated CORRECTION entry naming path:line, recorded value and true date (original untouched)",n,b:event-date; basis: G3SIGN: commit 95c8a73f 'GATE-G3 signed' (local 2026-09-27 23:49 -04:00)
docs/build/OPERATIONAL_READINESS.md,L360,2026-10-10,45dcc789,2026-09-28T19:36:04Z,n/a (class a),a,memory,none,n,"a:scheduled; D-P31.4-1 OSM replay cron 2026-10-10T03:35Z (scheduler read-only, BASELINE.md) — correctly future"
docs/build/fixtures/p33-2_composed_fixture.json,L5 captured_at,2026-10-20T00:00:00Z,2f220499,2026-09-28T06:26:15Z,n/a (class a),a,fixture,none,n,a:synthetic; synthetic test value; drift-adjacent (mirrors the chain's believed date)
docs/build/planning/2026-09-25-six-streams/INTEGRATION_RUNBOOK.md,L70,2026-10-10,d6c562e5,2026-09-27T02:40:53Z,n/a (class a),a,memory,none,n,"a:scheduled; D-P31.4-1 OSM replay cron 2026-10-10T03:35Z (scheduler read-only, BASELINE.md) — correctly future"
docs/build/planning/2026-09-25-six-streams/PLAN.json,L51,2026-10-10,d6c562e5,2026-09-27T02:40:53Z,n/a (class a),a,memory,none,n,"a:scheduled; D-P31.4-1 OSM replay cron 2026-10-10T03:35Z (scheduler read-only, BASELINE.md) — correctly future"
docs/build/planning/2026-09-25-six-streams/data/source-candidates.csv,L8,2027-01-01,d6c562e5,2026-09-27T02:40:53Z,n/a (class a),a,memory,none,n,a:real-world; document-stated horizon (expiry/term/statute/EOL/fiscal/meeting)
docs/build/planning/2026-09-25-six-streams/integration/2026-09-26-after-p31-19.md,L38,2026-10-10,d6c562e5,2026-09-27T02:40:53Z,n/a (class a),a,memory,none,n,"a:scheduled; D-P31.4-1 OSM replay cron 2026-10-10T03:35Z (scheduler read-only, BASELINE.md) — correctly future"
docs/build/planning/2026-09-25-six-streams/reviews/plan-adversary.md,L98,2026-10-10,d6c562e5,2026-09-27T02:40:53Z,n/a (class a),a,memory,none,n,"a:scheduled; D-P31.4-1 OSM replay cron 2026-10-10T03:35Z (scheduler read-only, BASELINE.md) — correctly future"
docs/build/planning/2026-09-25-six-streams/tools/render_plan.py,L102,2026-10-19,c77bd45e,2026-09-28T22:45:44Z,2026-09-28T01:27Z,b,spec,generator/tool literal fix (it re-emits the drifted date) + test; then regenerate,n,b:event-date; basis: S3DEFER: commit a33cd6ec 'operator defers S3 human-eval spine' (local 2026-09-27 21:27 -04:00)
docs/build/planning/2026-09-25-six-streams/tools/render_plan.py,L107,2026-10-19,c77bd45e,2026-09-28T22:45:44Z,2026-09-28T03:49Z,b,spec,generator/tool literal fix (it re-emits the drifted date) + test; then regenerate,n,b:event-date; basis: G3SIGN: commit 95c8a73f 'GATE-G3 signed' (local 2026-09-27 23:49 -04:00)
docs/build/planning/2026-09-25-six-streams/tools/render_plan.py,L121,2026-10-19,c77bd45e,2026-09-28T22:45:44Z,2026-09-28T01:27Z,b,spec,generator/tool literal fix (it re-emits the drifted date) + test; then regenerate,n,b:event-date; basis: S3DEFER: commit a33cd6ec 'operator defers S3 human-eval spine' (local 2026-09-27 21:27 -04:00)
docs/build/pr/P24.6.md,L58,2031-02-01,5bc2d9ba,2026-09-14T04:50:00Z,n/a (class a),a,memory,none,n,a:real-world; document-stated horizon (expiry/term/statute/EOL/fiscal/meeting)
docs/build/pr/P24.7.md,L65,2027-04-01,9866efae,2026-09-14T05:27:25Z,n/a (class a),a,memory,none,n,a:real-world; document-stated horizon (expiry/term/statute/EOL/fiscal/meeting)
docs/build/pr/P26.15.md,L99,2026-10-05,dce0d067,2026-09-18T19:23:39Z,n/a (class a),a,memory,none,n,a:scheduled; the next scheduled run (2026-10-05) as read at the time
docs/build/pr/P31.19.md,L35,2026-10-10,bfc67d08,2026-09-27T02:04:12Z,n/a (class a),a,memory,none,n,"a:scheduled; D-P31.4-1 OSM replay cron 2026-10-10T03:35Z (scheduler read-only, BASELINE.md) — correctly future"
docs/build/pr/P31.19.md,L69,2026-10-10T03:35Z,bfc67d08,2026-09-27T02:04:12Z,n/a (class a),a,memory,none,n,"a:scheduled; D-P31.4-1 OSM replay cron 2026-10-10T03:35Z (scheduler read-only, BASELINE.md) — correctly future"
docs/build/pr/P31.19.md,L75,2026-10-10,d6c562e5,2026-09-27T02:40:53Z,n/a (class a),a,memory,none,n,"a:scheduled; D-P31.4-1 OSM replay cron 2026-10-10T03:35Z (scheduler read-only, BASELINE.md) — correctly future"
docs/build/pr/P31.3.md,L60,2026-10-10,0848d2ee,2026-09-24T23:08:43Z,n/a (class a),a,memory,none,n,"a:scheduled; D-P31.4-1 OSM replay cron 2026-10-10T03:35Z (scheduler read-only, BASELINE.md) — correctly future"
docs/build/pr/P31.4.md,L5,2026-10-10,71f1daa8,2026-09-25T01:58:54Z,n/a (class a),a,memory,none,n,"a:scheduled; D-P31.4-1 OSM replay cron 2026-10-10T03:35Z (scheduler read-only, BASELINE.md) — correctly future"
docs/build/pr/P31.4.md,L9,2026-10-08,71f1daa8,2026-09-25T01:58:54Z,n/a (class a),a,memory,none,n,a:scheduled; gate-Q4 deadline for the batch-05 switch (future at writing)
docs/build/pr/P31.4.md,L58,2026-10-10,71f1daa8,2026-09-25T01:58:54Z,n/a (class a),a,memory,none,n,"a:scheduled; D-P31.4-1 OSM replay cron 2026-10-10T03:35Z (scheduler read-only, BASELINE.md) — correctly future"
docs/build/pr/P32.1.md,L55,2026-10-10,ebd34ce1,2026-09-27T03:19:21Z,n/a (class a),a,memory,none,n,"a:scheduled; D-P31.4-1 OSM replay cron 2026-10-10T03:35Z (scheduler read-only, BASELINE.md) — correctly future"
docs/build/pr/P32.18.md,L47,2026-10-01,30f8638e,2026-09-27T17:31:50Z,n/a (class a),a,memory,none,n,"a:real-world; OKC stated 30->7-day retention effective 2026-10-01 (city usage page per S2 research d6c562e5, 2026-09-26; NOT reconfirmed — 403 in source-plan-review)"
docs/build/pr/P32.19.md,L53,2026-10-01,3e26a2dc,2026-09-27T17:56:12Z,no such event (synthetic replay/capture label),b,memory,"append-only dated CORRECTION entry naming path:line, recorded value and true date (original untouched)",n,b:event-date; basis: documents the dossier replay-label convention
docs/build/pr/P32.22.md,L157,2026-10-10,2404edb0,2026-09-27T20:03:56Z,n/a (class a),a,memory,none,n,"a:scheduled; D-P31.4-1 OSM replay cron 2026-10-10T03:35Z (scheduler read-only, BASELINE.md) — correctly future"
docs/build/pr/P32.23a.md,L21,2026-10-19,9bf11201,2026-09-28T02:11:03Z,2026-09-28T01:27Z,b,memory,"append-only dated CORRECTION entry naming path:line, recorded value and true date (original untouched)",n,b:event-date; basis: S3DEFER: commit a33cd6ec 'operator defers S3 human-eval spine' (local 2026-09-27 21:27 -04:00)
docs/build/pr/P32.23a.md,L116,2026-10-10,9bf11201,2026-09-28T02:11:03Z,n/a (class a),a,memory,none,n,"a:scheduled; D-P31.4-1 OSM replay cron 2026-10-10T03:35Z (scheduler read-only, BASELINE.md) — correctly future"
docs/build/pr/P32.25.md,L15,2026-10-19,729fb268,2026-09-28T04:36:50Z,2026-09-28T03:49Z,b,memory,"append-only dated CORRECTION entry naming path:line, recorded value and true date (original untouched)",n,b:event-date; basis: G3SIGN: commit 95c8a73f 'GATE-G3 signed' (local 2026-09-27 23:49 -04:00)
docs/build/pr/P33.5.md,L33,2026-10-19,bf98abb5,2026-09-28T20:28:13Z,2026-09-28T01:27Z,b,memory,"append-only dated CORRECTION entry naming path:line, recorded value and true date (original untouched)",n,b:event-date; basis: S3DEFER: commit a33cd6ec 'operator defers S3 human-eval spine' (local 2026-09-27 21:27 -04:00)
docs/build/pr/P33.8.md,L61,2026-10-19,c77bd45e,2026-09-28T22:45:44Z,2026-09-28T01:27Z,b,memory,"append-only dated CORRECTION entry naming path:line, recorded value and true date (original untouched)",n,b:event-date; basis: S3DEFER: commit a33cd6ec 'operator defers S3 human-eval spine' (local 2026-09-27 21:27 -04:00)
docs/build/pr/p15-4_pr_body.md,L32 pubDate,2027-01-02,4d5a5d27,2026-09-09T21:39:53Z,n/a (class a),a,memory,none,n,a:real-world; document-stated horizon (expiry/term/statute/EOL/fiscal/meeting)
docs/build/pr/p15-4_pr_body.md,L32,2027-04-02,4d5a5d27,2026-09-09T21:39:53Z,n/a (class a),a,memory,none,n,a:real-world; document-stated horizon (expiry/term/statute/EOL/fiscal/meeting)
docs/build/pr/pr_38.md,L32 pubDate,2027-01-02,4d5a5d27,2026-09-09T21:39:53Z,n/a (class a),a,memory,none,n,a:real-world; document-stated horizon (expiry/term/statute/EOL/fiscal/meeting)
docs/build/pr/pr_38.md,L32,2027-04-02,4d5a5d27,2026-09-09T21:39:53Z,n/a (class a),a,memory,none,n,a:real-world; document-stated horizon (expiry/term/statute/EOL/fiscal/meeting)
docs/build/readouts/ACCEPT-R10.md,L17,2026-10-19,4127dbf3,2026-09-28T18:47:37Z,2026-09-28T01:27Z,b,memory,"append-only dated CORRECTION entry naming path:line, recorded value and true date (original untouched)",y,"b:event-date; signed readout: append a correction, never edit; basis: S3DEFER: commit a33cd6ec 'operator defers S3 human-eval spine' (local 2026-09-27 21:27 -04:00)"
docs/build/readouts/ACCEPT-R8.md,L54,2026-10-05,90264c8a,2026-09-26T15:16:28Z,2026-09-26T15:16Z,b,memory,"append-only dated CORRECTION entry naming path:line, recorded value and true date (original untouched)",n,b:event-date; basis: P31.15: PR #152 createdAt 2026-09-26T15:16Z; closeout commit 90264c8a 2026-09-26T15:16Z
docs/build/readouts/GATE-G3.md,L10,2026-10-19,95c8a73f,2026-09-28T03:49:46Z,2026-09-28T03:49Z,b,memory,"append-only dated CORRECTION entry naming path:line, recorded value and true date (original untouched)",y,"b:event-date; signed readout: append a correction, never edit; basis: G3SIGN: commit 95c8a73f 'GATE-G3 signed' (local 2026-09-27 23:49 -04:00)"
docs/build/readouts/GATE-G3.md,L23 Date,2026-10-19,95c8a73f,2026-09-28T03:49:46Z,2026-09-28T03:49Z,b,memory,"append-only dated CORRECTION entry naming path:line, recorded value and true date (original untouched)",y,"b:event-date; signed readout: append a correction, never edit; basis: G3SIGN: commit 95c8a73f 'GATE-G3 signed' (local 2026-09-27 23:49 -04:00)"
docs/build/reports/CAPSTONE_VERIFICATION_2026-09-24.md,L49,2026-12-22,65fee923,2026-09-24T17:34:18Z,n/a (class a),a,memory,none,n,a:real-world; document-stated horizon (expiry/term/statute/EOL/fiscal/meeting)
docs/build/reports/CAPSTONE_VERIFICATION_2026-09-27.md,L52,2026-10-10,bfc67d08,2026-09-27T02:04:12Z,n/a (class a),a,memory,none,n,"a:scheduled; D-P31.4-1 OSM replay cron 2026-10-10T03:35Z (scheduler read-only, BASELINE.md) — correctly future"
docs/build/reports/CAPSTONE_VERIFICATION_2026-09-27.md,L90,2026-10-10T03:35Z,bfc67d08,2026-09-27T02:04:12Z,n/a (class a),a,memory,none,n,"a:scheduled; D-P31.4-1 OSM replay cron 2026-10-10T03:35Z (scheduler read-only, BASELINE.md) — correctly future"
docs/build/reports/CAPSTONE_VERIFICATION_2026-09-27.md,L91,2026-10-10,bfc67d08,2026-09-27T02:04:12Z,n/a (class a),a,memory,none,n,"a:scheduled; D-P31.4-1 OSM replay cron 2026-10-10T03:35Z (scheduler read-only, BASELINE.md) — correctly future"
docs/build/reports/CAPSTONE_VERIFICATION_2026-09-27.md,L96,2026-10-10,d6c562e5,2026-09-27T02:40:53Z,n/a (class a),a,memory,none,n,"a:scheduled; D-P31.4-1 OSM replay cron 2026-10-10T03:35Z (scheduler read-only, BASELINE.md) — correctly future"
docs/build/reports/LAUNCH_RECORD_2026-09-24.md,L15,2026-12-22,65fee923,2026-09-24T17:34:18Z,n/a (class a),a,memory,none,n,a:real-world; document-stated horizon (expiry/term/statute/EOL/fiscal/meeting)
docs/build/reports/ROUND9_FOLLOWUPS_DESIGN.md,L79,2026-10-10,a84dadfe,2026-09-24T18:32:49Z,n/a (class a),a,memory,none,n,"a:scheduled; D-P31.4-1 OSM replay cron 2026-10-10T03:35Z (scheduler read-only, BASELINE.md) — correctly future"
docs/build/reports/ROUND9_FOLLOWUPS_DESIGN.md,L114,2026-10-10,a84dadfe,2026-09-24T18:32:49Z,n/a (class a),a,memory,none,n,"a:scheduled; D-P31.4-1 OSM replay cron 2026-10-10T03:35Z (scheduler read-only, BASELINE.md) — correctly future"
docs/build/reports/ROUND9_FOLLOWUPS_DESIGN.md,L246,2026-10-10,a84dadfe,2026-09-24T18:32:49Z,n/a (class a),a,memory,none,n,"a:scheduled; D-P31.4-1 OSM replay cron 2026-10-10T03:35Z (scheduler read-only, BASELINE.md) — correctly future"
docs/build/reports/ROUND9_FOLLOWUPS_DESIGN.md,L250,2026-10-08,a84dadfe,2026-09-24T18:32:49Z,n/a (class a),a,memory,none,n,a:scheduled; gate-Q4 deadline for the batch-05 switch (future at writing)
docs/build/reports/ROUND9_FOLLOWUPS_DESIGN.md,L304,2026-10-10,a84dadfe,2026-09-24T18:32:49Z,n/a (class a),a,memory,none,n,"a:scheduled; D-P31.4-1 OSM replay cron 2026-10-10T03:35Z (scheduler read-only, BASELINE.md) — correctly future"
docs/build/reports/ROUND9_FOLLOWUPS_DESIGN.md,L401,2026-10-08,a84dadfe,2026-09-24T18:32:49Z,n/a (class a),a,memory,none,n,a:scheduled; gate-Q4 deadline for the batch-05 switch (future at writing)
docs/build/reports/ROUND9_FOLLOWUPS_DESIGN.md,L483,2026-10-10,34406ffc,2026-09-25T02:56:56Z,n/a (class a),a,memory,none,n,"a:scheduled; D-P31.4-1 OSM replay cron 2026-10-10T03:35Z (scheduler read-only, BASELINE.md) — correctly future"
docs/build/reports/SECOND_JURISDICTION_REPORT.md,L40,2031-02-01,5bc2d9ba,2026-09-14T04:50:00Z,n/a (class a),a,memory,none,n,a:real-world; document-stated horizon (expiry/term/statute/EOL/fiscal/meeting)
docs/build/reports/acquisition/packets/SRC-007.md,L14,2027-01-01,e65748c0,2026-09-27T11:12:28Z,n/a (class a),a,memory,none,n,a:real-world; document-stated horizon (expiry/term/statute/EOL/fiscal/meeting)
docs/build/reports/acquisition/packets/SRC-007.md,L19,2027-01-01,e65748c0,2026-09-27T11:12:28Z,n/a (class a),a,memory,none,n,a:real-world; document-stated horizon (expiry/term/statute/EOL/fiscal/meeting)
docs/build/reports/acquisition/packets/SRC-007.md,L73,2027-01-01,e65748c0,2026-09-27T11:12:28Z,n/a (class a),a,memory,none,n,a:real-world; document-stated horizon (expiry/term/statute/EOL/fiscal/meeting)
docs/build/reports/current/CURRENT.md,L41,2026-10-10,6bade66e,2026-09-27T08:37:13Z,n/a (class a),a,memory,none,n,"a:scheduled; D-P31.4-1 OSM replay cron 2026-10-10T03:35Z (scheduler read-only, BASELINE.md) — correctly future"
docs/build/reports/current/CURRENT.md,L66,2026-10-14,c77bd45e,2026-09-28T22:45:44Z,2026-09-27T08:37Z,b,memory,derived projection: regenerate after corrections are recorded as events (no hand edit),n,b:event-date; basis: P32.7: PR #162 createdAt 2026-09-27T08:37Z; closeout commit 778a5e2e 2026-09-27T08:39Z
docs/build/reports/current/CURRENT.md,L93,2026-10-14,6bade66e,2026-09-27T08:37:13Z,2026-09-27T08:37Z,b,memory,derived projection: regenerate after corrections are recorded as events (no hand edit),n,b:event-date; basis: P32.7: PR #162 createdAt 2026-09-27T08:37Z; closeout commit 778a5e2e 2026-09-27T08:39Z
docs/build/reports/current/CURRENT.md,L94,2026-10-14,6bade66e,2026-09-27T08:37:13Z,2026-09-27T08:37Z,b,memory,derived projection: regenerate after corrections are recorded as events (no hand edit),n,b:event-date; basis: P32.7: PR #162 createdAt 2026-09-27T08:37Z; closeout commit 778a5e2e 2026-09-27T08:39Z
docs/build/reports/current/CURRENT.md,L95,2026-10-14,6bade66e,2026-09-27T08:37:13Z,2026-09-27T08:37Z,b,memory,derived projection: regenerate after corrections are recorded as events (no hand edit),n,b:event-date; basis: P32.7: PR #162 createdAt 2026-09-27T08:37Z; closeout commit 778a5e2e 2026-09-27T08:39Z
docs/build/reports/current/CURRENT.md,L96,2026-10-14,6bade66e,2026-09-27T08:37:13Z,2026-09-27T08:37Z,b,memory,derived projection: regenerate after corrections are recorded as events (no hand edit),n,b:event-date; basis: P32.7: PR #162 createdAt 2026-09-27T08:37Z; closeout commit 778a5e2e 2026-09-27T08:39Z
docs/build/reports/current/current.json,observed_at/recorded_at x179 (L73-L4333; 179 lines),2026-10-21,08b3135f,2026-09-28T05:19:01Z,2026-09-28T05:14Z,b,memory,derived projection: regenerate after corrections are recorded as events (no hand edit),n,b:event-date; basis: P33.1: PR #183 createdAt 2026-09-28T05:14Z; closeout commit 08b3135f 2026-09-28T05:19Z
docs/build/reports/current/current.json,assessed_at/text x10 (L318-L8751; 10 lines),2026-10-14,6bade66e,2026-09-27T08:37:13Z,2026-09-27T08:37Z,b,memory,derived projection: regenerate after corrections are recorded as events (no hand edit),n,b:event-date; basis: P32.7: PR #162 createdAt 2026-09-27T08:37Z; closeout commit 778a5e2e 2026-09-27T08:39Z
docs/build/reports/current/current.json,observed_at/text x4 (L3400-L9037; 4 lines),2026-10-11,6bade66e,2026-09-27T08:37:13Z,2026-09-27T06:41Z,b,memory,derived projection: regenerate after corrections are recorded as events (no hand edit),n,b:event-date; basis: P32.4: PR #159 createdAt 2026-09-27T06:41Z; closeout commit 03ac3b06 2026-09-27T06:43Z
docs/build/reports/current/current.json,observed_at/text x4 (L3492-L9065; 4 lines),2026-09-28,6bade66e,2026-09-27T08:37:13Z,2026-09-27T04:16Z,b,memory,derived projection: regenerate after corrections are recorded as events (no hand edit),n,b:event-date; basis: P32.2: PR #157 createdAt 2026-09-27T04:16Z; closeout commit 5677495a 2026-09-27T04:17Z
docs/build/reports/current/current.json,text x5 (L3557-L3576; 5 lines),2026-10-10T03:35Z,6bade66e,2026-09-27T08:37:13Z,n/a (class a),a,memory,none,n,"a:scheduled; D-P31.4-1 OSM replay cron 2026-10-10T03:35Z (scheduler read-only, BASELINE.md) — correctly future"
docs/build/reports/current/current.json,observed_at/text x4 (L3672-L9093; 4 lines),2026-10-12,6bade66e,2026-09-27T08:37:13Z,2026-09-27T07:17Z,b,memory,derived projection: regenerate after corrections are recorded as events (no hand edit),n,b:event-date; basis: P32.5: PR #160 createdAt 2026-09-27T07:17Z; closeout commit 616b889c 2026-09-27T07:19Z
docs/build/reports/obligations/MIGRATION.md,L55,2026-10-11,6bade66e,2026-09-27T08:37:13Z,2026-09-27T06:41Z,b,memory,"append-only dated CORRECTION entry naming path:line, recorded value and true date (original untouched)",n,b:event-date; basis: P32.4: PR #159 createdAt 2026-09-27T06:41Z; closeout commit 03ac3b06 2026-09-27T06:43Z
docs/build/reports/obligations/MIGRATION.md,L56,2026-09-28,6bade66e,2026-09-27T08:37:13Z,2026-09-27T04:16Z,b,memory,"append-only dated CORRECTION entry naming path:line, recorded value and true date (original untouched)",n,b:event-date; basis: P32.2: PR #157 createdAt 2026-09-27T04:16Z; closeout commit 5677495a 2026-09-27T04:17Z
docs/build/reports/obligations/MIGRATION.md,L57,2026-10-12,6bade66e,2026-09-27T08:37:13Z,2026-09-27T07:17Z,b,memory,"append-only dated CORRECTION entry naming path:line, recorded value and true date (original untouched)",n,b:event-date; basis: P32.5: PR #160 createdAt 2026-09-27T07:17Z; closeout commit 616b889c 2026-09-27T07:19Z
docs/build/reports/obligations/coverage_assessments.jsonl,assessed_at x4 (L1-L4; 4 lines),2026-10-14,6bade66e,2026-09-27T08:37:13Z,2026-09-27T08:37:13Z,b,jsonl,"append correction events (kind or reason 'date-correction', citing the event_id); never rewrite lines",n,b:event-date; basis: line written by 6bade66e (P33.1 wholesale regeneration)
docs/build/reports/obligations/events.jsonl,observed_at/recorded_at x179 (L1-L97; 97 lines),2026-10-21,7a2ff9fa,2026-09-28T05:13:58Z,2026-09-28T05:13:58Z,b,jsonl,"append correction events (kind or reason 'date-correction', citing the event_id); never rewrite lines",n,b:event-date; basis: line written by 7a2ff9fa (P33.1 wholesale regeneration)
docs/build/reports/obligations/events.jsonl,L76 observed_at,2026-10-11,7a2ff9fa,2026-09-28T05:13:58Z,2026-09-27T06:41Z,b,jsonl,"append correction events (kind or reason 'date-correction', citing the event_id); never rewrite lines",n,b:event-date; basis: P32.4: PR #159 createdAt 2026-09-27T06:41Z; closeout commit 03ac3b06 2026-09-27T06:43Z (the DONE observation)
docs/build/reports/obligations/events.jsonl,L76,2026-10-11,7a2ff9fa,2026-09-28T05:13:58Z,2026-09-28T05:13:58Z,b,jsonl,"append correction events (kind or reason 'date-correction', citing the event_id); never rewrite lines",n,b:event-date; basis: line written by 7a2ff9fa (P33.1 wholesale regeneration)
docs/build/reports/obligations/events.jsonl,L80,2026-10-10T03:35Z,7a2ff9fa,2026-09-28T05:13:58Z,n/a (class a),a,jsonl,none,n,"a:scheduled; D-P31.4-1 OSM replay cron 2026-10-10T03:35Z (scheduler read-only, BASELINE.md) — correctly future"
docs/build/reports/obligations/events.jsonl,L82 observed_at,2026-10-12,7a2ff9fa,2026-09-28T05:13:58Z,2026-09-27T07:17Z,b,jsonl,"append correction events (kind or reason 'date-correction', citing the event_id); never rewrite lines",n,b:event-date; basis: P32.5: PR #160 createdAt 2026-09-27T07:17Z; closeout commit 616b889c 2026-09-27T07:19Z (the DONE observation)
docs/build/reports/obligations/events.jsonl,L82,2026-10-12,7a2ff9fa,2026-09-28T05:13:58Z,2026-09-28T05:13:58Z,b,jsonl,"append correction events (kind or reason 'date-correction', citing the event_id); never rewrite lines",n,b:event-date; basis: line written by 7a2ff9fa (P33.1 wholesale regeneration)
docs/build/reports/p31.6-hosted/inventory_before.json,L2 measured,2026-09-26,976a1949,2026-09-25T06:47:45Z,2026-09-25T06:32Z,b,memory,"append-only dated CORRECTION entry naming path:line, recorded value and true date (original untouched)",n,b:event-date; basis: P31.6: impl commit 184e3644 2026-09-25T06:32Z; PR #142
docs/build/reports/p31.7-hosted/VERIFICATION.md,L34,2026-10-10,dabc1b09,2026-09-25T11:56:21Z,n/a (class a),a,memory,none,n,"a:scheduled; D-P31.4-1 OSM replay cron 2026-10-10T03:35Z (scheduler read-only, BASELINE.md) — correctly future"
docs/build/reports/p31.7-hosted/VERIFICATION.md,L95,2026-10-10,dabc1b09,2026-09-25T11:56:21Z,n/a (class a),a,memory,none,n,"a:scheduled; D-P31.4-1 OSM replay cron 2026-10-10T03:35Z (scheduler read-only, BASELINE.md) — correctly future"
docs/build/reports/p31.7-hosted/VERIFICATION.md,L141,2026-10-10,dabc1b09,2026-09-25T11:56:21Z,n/a (class a),a,memory,none,n,"a:scheduled; D-P31.4-1 OSM replay cron 2026-10-10T03:35Z (scheduler read-only, BASELINE.md) — correctly future"
docs/build/reports/p32.1-baseline/RECONCILIATION.md,L30,2026-10-10,a3653d76,2026-09-27T03:17:46Z,n/a (class a),a,memory,none,n,"a:scheduled; D-P31.4-1 OSM replay cron 2026-10-10T03:35Z (scheduler read-only, BASELINE.md) — correctly future"
docs/build/reports/p32.1-baseline/RECONCILIATION.md,L38,2026-10-10,a3653d76,2026-09-27T03:17:46Z,n/a (class a),a,memory,none,n,"a:scheduled; D-P31.4-1 OSM replay cron 2026-10-10T03:35Z (scheduler read-only, BASELINE.md) — correctly future"
docs/build/reports/p32.1-baseline/RECONCILIATION.md,L103,2026-10-10T03:35Z,a3653d76,2026-09-27T03:17:46Z,n/a (class a),a,memory,none,n,"a:scheduled; D-P31.4-1 OSM replay cron 2026-10-10T03:35Z (scheduler read-only, BASELINE.md) — correctly future"
docs/build/reports/p32.18-okc-dossier/EVIDENCE_PACK.md,L4,2026-10-02,30f8638e,2026-09-27T17:31:50Z,no such event (synthetic replay/capture label),b,fixture,keep bytes (historical run evidence); append CORRECTION.md in the report dir; regenerate as a new superseding artifact after the code-constant fix,n,b:generated-artifact; retrieved/observed/as-of/generated date asserted for a capture that never happened; basis: packet generated 2026-09-27T17:31:50Z (30f8638e) from hand-authored stand-in fixtures
docs/build/reports/p32.18-okc-dossier/EVIDENCE_PACK.md,L20,2026-10-01,30f8638e,2026-09-27T17:31:50Z,n/a (class a),a,fixture,none,n,"a:real-world; OKC stated 30->7-day retention effective 2026-10-01 (city usage page per S2 research d6c562e5, 2026-09-26; NOT reconfirmed — 403 in source-plan-review)"
docs/build/reports/p32.18-okc-dossier/EVIDENCE_PACK.md,L32,2026-10-01,30f8638e,2026-09-27T17:31:50Z,n/a (class a),a,fixture,none,n,"a:real-world; OKC stated 30->7-day retention effective 2026-10-01 (city usage page per S2 research d6c562e5, 2026-09-26; NOT reconfirmed — 403 in source-plan-review)"
docs/build/reports/p32.18-okc-dossier/EVIDENCE_PACK.md,L32,2026-10-02,30f8638e,2026-09-27T17:31:50Z,no such event (synthetic replay/capture label),b,fixture,keep bytes (historical run evidence); append CORRECTION.md in the report dir; regenerate as a new superseding artifact after the code-constant fix,n,b:generated-artifact; retrieved/observed/as-of/generated date asserted for a capture that never happened; basis: packet generated 2026-09-27T17:31:50Z (30f8638e) from hand-authored stand-in fixtures
docs/build/reports/p32.18-okc-dossier/EVIDENCE_PACK.md,L33,2026-10-01,30f8638e,2026-09-27T17:31:50Z,no such event (synthetic replay/capture label),b,fixture,keep bytes (historical run evidence); append CORRECTION.md in the report dir; regenerate as a new superseding artifact after the code-constant fix,n,b:generated-artifact; retrieved/observed/as-of/generated date asserted for a capture that never happened; basis: packet generated 2026-09-27T17:31:50Z (30f8638e) from hand-authored stand-in fixtures
docs/build/reports/p32.18-okc-dossier/LIVE_RETURN_PASS.json,L5,2026-10-01,30f8638e,2026-09-27T17:31:50Z,n/a (class a),a,fixture,none,n,"a:real-world; OKC stated 30->7-day retention effective 2026-10-01 (city usage page per S2 research d6c562e5, 2026-09-26; NOT reconfirmed — 403 in source-plan-review)"
docs/build/reports/p32.18-okc-dossier/okc_dossier.json,belief/searched_at/world x22 (L83-L2934; 22 lines),2026-10-02,30f8638e,2026-09-27T17:31:50Z,no such event (synthetic replay/capture label),b,fixture,keep bytes (historical run evidence); append CORRECTION.md in the report dir; regenerate as a new superseding artifact after the code-constant fix,n,b:generated-artifact; retrieved/observed/as-of/generated date asserted for a capture that never happened; basis: packet generated 2026-09-27T17:31:50Z (30f8638e) from hand-authored stand-in fixtures
docs/build/reports/p32.18-okc-dossier/okc_dossier.json,observed_at/retrieved_date x42 (L309-L2700; 42 lines),2026-10-01,30f8638e,2026-09-27T17:31:50Z,no such event (synthetic replay/capture label),b,fixture,keep bytes (historical run evidence); append CORRECTION.md in the report dir; regenerate as a new superseding artifact after the code-constant fix,n,b:generated-artifact; retrieved/observed/as-of/generated date asserted for a capture that never happened; basis: packet generated 2026-09-27T17:31:50Z (30f8638e) from hand-authored stand-in fixtures
docs/build/reports/p32.18-okc-dossier/okc_dossier.json,next_decision_date/text/valid_to/value x8 (L731-L2716; 8 lines),2027-06-30,30f8638e,2026-09-27T17:31:50Z,n/a (class a),a,fixture,none,n,a:real-world; document-stated horizon (expiry/term/statute/EOL/fiscal/meeting)
docs/build/reports/p32.18-okc-dossier/okc_dossier.json,text/valid_from x5 (L1075-L2892; 5 lines),2026-10-01,30f8638e,2026-09-27T17:31:50Z,n/a (class a),a,fixture,none,n,"a:real-world; OKC stated 30->7-day retention effective 2026-10-01 (city usage page per S2 research d6c562e5, 2026-09-26; NOT reconfirmed — 403 in source-plan-review)"
docs/build/reports/p32.18-okc-dossier/okc_dossier.print.html,L1,2026-10-01,30f8638e,2026-09-27T17:31:50Z,no such event (synthetic replay/capture label),b,fixture,keep bytes (historical run evidence); append CORRECTION.md in the report dir; regenerate as a new superseding artifact after the code-constant fix,n,b:generated-artifact; retrieved/observed/as-of/generated date asserted for a capture that never happened; basis: packet generated 2026-09-27T17:31:50Z (30f8638e) from hand-authored stand-in fixtures
docs/build/reports/p32.18-okc-dossier/okc_dossier.print.html,L1,2026-10-01,30f8638e,2026-09-27T17:31:50Z,n/a (class a),a,fixture,none,n,"a:real-world; OKC stated 30->7-day retention effective 2026-10-01 (city usage page per S2 research d6c562e5, 2026-09-26; NOT reconfirmed — 403 in source-plan-review)"
docs/build/reports/p32.18-okc-dossier/okc_dossier.print.html,L1,2026-10-02,30f8638e,2026-09-27T17:31:50Z,no such event (synthetic replay/capture label),b,fixture,keep bytes (historical run evidence); append CORRECTION.md in the report dir; regenerate as a new superseding artifact after the code-constant fix,n,b:generated-artifact; retrieved/observed/as-of/generated date asserted for a capture that never happened; basis: packet generated 2026-09-27T17:31:50Z (30f8638e) from hand-authored stand-in fixtures
docs/build/reports/p32.18-okc-dossier/okc_dossier.print.html,L1,2027-06-30,30f8638e,2026-09-27T17:31:50Z,n/a (class a),a,fixture,none,n,a:real-world; document-stated horizon (expiry/term/statute/EOL/fiscal/meeting)
docs/build/reports/p32.18-okc-dossier/okc_dossier_packet.json,belief/searched_at/world x12 (L3-L1527; 12 lines),2026-10-02,30f8638e,2026-09-27T17:31:50Z,no such event (synthetic replay/capture label),b,fixture,keep bytes (historical run evidence); append CORRECTION.md in the report dir; regenerate as a new superseding artifact after the code-constant fix,n,b:generated-artifact; retrieved/observed/as-of/generated date asserted for a capture that never happened; basis: packet generated 2026-09-27T17:31:50Z (30f8638e) from hand-authored stand-in fixtures
docs/build/reports/p32.18-okc-dossier/okc_dossier_packet.json,text/valid_from x3 (L64-L1485; 3 lines),2026-10-01,30f8638e,2026-09-27T17:31:50Z,n/a (class a),a,fixture,none,n,"a:real-world; OKC stated 30->7-day retention effective 2026-10-01 (city usage page per S2 research d6c562e5, 2026-09-26; NOT reconfirmed — 403 in source-plan-review)"
docs/build/reports/p32.18-okc-dossier/okc_dossier_packet.json,observed_at/retrieved_date x35 (L96-L662; 35 lines),2026-10-01,30f8638e,2026-09-27T17:31:50Z,no such event (synthetic replay/capture label),b,fixture,keep bytes (historical run evidence); append CORRECTION.md in the report dir; regenerate as a new superseding artifact after the code-constant fix,n,b:generated-artifact; retrieved/observed/as-of/generated date asserted for a capture that never happened; basis: packet generated 2026-09-27T17:31:50Z (30f8638e) from hand-authored stand-in fixtures
docs/build/reports/p32.18-okc-dossier/okc_dossier_packet.json,text/valid_to/value x3 (L400-L1183; 3 lines),2027-06-30,30f8638e,2026-09-27T17:31:50Z,n/a (class a),a,fixture,none,n,a:real-world; document-stated horizon (expiry/term/statute/EOL/fiscal/meeting)
docs/build/reports/p32.18-okc-dossier/okc_dossier_portfolio.json,belief/searched_at/world x22 (L85-L2936; 22 lines),2026-10-02,30f8638e,2026-09-27T17:31:50Z,no such event (synthetic replay/capture label),b,fixture,keep bytes (historical run evidence); append CORRECTION.md in the report dir; regenerate as a new superseding artifact after the code-constant fix,n,b:generated-artifact; retrieved/observed/as-of/generated date asserted for a capture that never happened; basis: packet generated 2026-09-27T17:31:50Z (30f8638e) from hand-authored stand-in fixtures
docs/build/reports/p32.18-okc-dossier/okc_dossier_portfolio.json,observed_at/retrieved_date x42 (L311-L2702; 42 lines),2026-10-01,30f8638e,2026-09-27T17:31:50Z,no such event (synthetic replay/capture label),b,fixture,keep bytes (historical run evidence); append CORRECTION.md in the report dir; regenerate as a new superseding artifact after the code-constant fix,n,b:generated-artifact; retrieved/observed/as-of/generated date asserted for a capture that never happened; basis: packet generated 2026-09-27T17:31:50Z (30f8638e) from hand-authored stand-in fixtures
docs/build/reports/p32.18-okc-dossier/okc_dossier_portfolio.json,next_decision_date/text/valid_to/value x8 (L733-L2718; 8 lines),2027-06-30,30f8638e,2026-09-27T17:31:50Z,n/a (class a),a,fixture,none,n,a:real-world; document-stated horizon (expiry/term/statute/EOL/fiscal/meeting)
docs/build/reports/p32.18-okc-dossier/okc_dossier_portfolio.json,text/valid_from x5 (L1077-L2894; 5 lines),2026-10-01,30f8638e,2026-09-27T17:31:50Z,n/a (class a),a,fixture,none,n,"a:real-world; OKC stated 30->7-day retention effective 2026-10-01 (city usage page per S2 research d6c562e5, 2026-09-26; NOT reconfirmed — 403 in source-plan-review)"
docs/build/reports/p32.19-tulsa-dossier/EVIDENCE_PACK.md,L4,2026-10-01,e99e05b1,2026-09-27T17:56:04Z,no such event (synthetic replay/capture label),b,fixture,keep bytes (historical run evidence); append CORRECTION.md in the report dir; regenerate as a new superseding artifact after the code-constant fix,n,b:generated-artifact; retrieved/observed/as-of/generated date asserted for a capture that never happened; basis: packet generated 2026-09-27T17:56:04Z (e99e05b1) from hand-authored stand-in fixtures
docs/build/reports/p32.19-tulsa-dossier/EVIDENCE_PACK.md,L29,2026-10-01,e99e05b1,2026-09-27T17:56:04Z,no such event (synthetic replay/capture label),b,fixture,keep bytes (historical run evidence); append CORRECTION.md in the report dir; regenerate as a new superseding artifact after the code-constant fix,n,b:generated-artifact; retrieved/observed/as-of/generated date asserted for a capture that never happened; basis: packet generated 2026-09-27T17:56:04Z (e99e05b1) from hand-authored stand-in fixtures
docs/build/reports/p32.19-tulsa-dossier/FOLLOW_UP_DRAFTS.json,L37 generated_at,2026-10-01,e99e05b1,2026-09-27T17:56:04Z,no such event (synthetic replay/capture label),b,fixture,keep bytes (historical run evidence); append CORRECTION.md in the report dir; regenerate as a new superseding artifact after the code-constant fix,n,b:generated-artifact; retrieved/observed/as-of/generated date asserted for a capture that never happened; basis: packet generated 2026-09-27T17:56:04Z (e99e05b1) from hand-authored stand-in fixtures
docs/build/reports/p32.19-tulsa-dossier/tulsa_dossier.json,belief/observed_at/retrieved_date/searched_at/world x58 (L21-L1330; 58 lines),2026-10-01,e99e05b1,2026-09-27T17:56:04Z,no such event (synthetic replay/capture label),b,fixture,keep bytes (historical run evidence); append CORRECTION.md in the report dir; regenerate as a new superseding artifact after the code-constant fix,n,b:generated-artifact; retrieved/observed/as-of/generated date asserted for a capture that never happened; basis: packet generated 2026-09-27T17:56:04Z (e99e05b1) from hand-authored stand-in fixtures
docs/build/reports/p32.19-tulsa-dossier/tulsa_dossier.print.html,L1,2026-10-01,e99e05b1,2026-09-27T17:56:04Z,no such event (synthetic replay/capture label),b,fixture,keep bytes (historical run evidence); append CORRECTION.md in the report dir; regenerate as a new superseding artifact after the code-constant fix,n,b:generated-artifact; retrieved/observed/as-of/generated date asserted for a capture that never happened; basis: packet generated 2026-09-27T17:56:04Z (e99e05b1) from hand-authored stand-in fixtures
docs/build/reports/p32.19-tulsa-dossier/tulsa_dossier_packet.json,belief/observed_at/retrieved_date/searched_at/text/world x48 (L3-L750; 48 lines),2026-10-01,e99e05b1,2026-09-27T17:56:04Z,no such event (synthetic replay/capture label),b,fixture,keep bytes (historical run evidence); append CORRECTION.md in the report dir; regenerate as a new superseding artifact after the code-constant fix,n,b:generated-artifact; retrieved/observed/as-of/generated date asserted for a capture that never happened; basis: packet generated 2026-09-27T17:56:04Z (e99e05b1) from hand-authored stand-in fixtures
docs/build/reports/p32.19-tulsa-dossier/tulsa_dossier_portfolio.json,belief/observed_at/retrieved_date/searched_at/world x58 (L23-L1332; 58 lines),2026-10-01,e99e05b1,2026-09-27T17:56:04Z,no such event (synthetic replay/capture label),b,fixture,keep bytes (historical run evidence); append CORRECTION.md in the report dir; regenerate as a new superseding artifact after the code-constant fix,n,b:generated-artifact; retrieved/observed/as-of/generated date asserted for a capture that never happened; basis: packet generated 2026-09-27T17:56:04Z (e99e05b1) from hand-authored stand-in fixtures
docs/build/reports/p32.20-san-diego-dossier/EVIDENCE_PACK.md,L4,2026-10-01,8e7bdfbe,2026-09-27T18:26:56Z,no such event (synthetic replay/capture label),b,fixture,keep bytes (historical run evidence); append CORRECTION.md in the report dir; regenerate as a new superseding artifact after the code-constant fix,n,b:generated-artifact; retrieved/observed/as-of/generated date asserted for a capture that never happened; basis: packet generated 2026-09-27T18:26:56Z (8e7bdfbe) from hand-authored stand-in fixtures
docs/build/reports/p32.20-san-diego-dossier/EVIDENCE_PACK.md,L48,2026-10-01,8e7bdfbe,2026-09-27T18:26:56Z,no such event (synthetic replay/capture label),b,fixture,keep bytes (historical run evidence); append CORRECTION.md in the report dir; regenerate as a new superseding artifact after the code-constant fix,n,b:generated-artifact; retrieved/observed/as-of/generated date asserted for a capture that never happened; basis: packet generated 2026-09-27T18:26:56Z (8e7bdfbe) from hand-authored stand-in fixtures
docs/build/reports/p32.20-san-diego-dossier/FOLLOW_UP_DRAFTS.json,L37 generated_at,2026-10-01,8e7bdfbe,2026-09-27T18:26:56Z,no such event (synthetic replay/capture label),b,fixture,keep bytes (historical run evidence); append CORRECTION.md in the report dir; regenerate as a new superseding artifact after the code-constant fix,n,b:generated-artifact; retrieved/observed/as-of/generated date asserted for a capture that never happened; basis: packet generated 2026-09-27T18:26:56Z (8e7bdfbe) from hand-authored stand-in fixtures
docs/build/reports/p32.20-san-diego-dossier/PART_VIII_PREFLIGHT.json,L5 generated_at,2026-10-01,8e7bdfbe,2026-09-27T18:26:56Z,no such event (synthetic replay/capture label),b,fixture,keep bytes (historical run evidence); append CORRECTION.md in the report dir; regenerate as a new superseding artifact after the code-constant fix,n,b:generated-artifact; retrieved/observed/as-of/generated date asserted for a capture that never happened; basis: packet generated 2026-09-27T18:26:56Z (8e7bdfbe) from hand-authored stand-in fixtures
docs/build/reports/p32.20-san-diego-dossier/san_diego_dossier.json,belief/observed_at/retrieved_date/searched_at/text/world x133 (L21-L2772; 133 lines),2026-10-01,8e7bdfbe,2026-09-27T18:26:56Z,no such event (synthetic replay/capture label),b,fixture,keep bytes (historical run evidence); append CORRECTION.md in the report dir; regenerate as a new superseding artifact after the code-constant fix,n,b:generated-artifact; retrieved/observed/as-of/generated date asserted for a capture that never happened; basis: packet generated 2026-09-27T18:26:56Z (8e7bdfbe) from hand-authored stand-in fixtures
docs/build/reports/p32.20-san-diego-dossier/san_diego_dossier.print.html,L1,2026-10-01,8e7bdfbe,2026-09-27T18:26:56Z,no such event (synthetic replay/capture label),b,fixture,keep bytes (historical run evidence); append CORRECTION.md in the report dir; regenerate as a new superseding artifact after the code-constant fix,n,b:generated-artifact; retrieved/observed/as-of/generated date asserted for a capture that never happened; basis: packet generated 2026-09-27T18:26:56Z (8e7bdfbe) from hand-authored stand-in fixtures
docs/build/reports/p32.20-san-diego-dossier/san_diego_dossier_packet.json,belief/generated_at/observed_at/retrieved_date/searched_at/text/world x96 (L3-L1534; 96 lines),2026-10-01,8e7bdfbe,2026-09-27T18:26:56Z,no such event (synthetic replay/capture label),b,fixture,keep bytes (historical run evidence); append CORRECTION.md in the report dir; regenerate as a new superseding artifact after the code-constant fix,n,b:generated-artifact; retrieved/observed/as-of/generated date asserted for a capture that never happened; basis: packet generated 2026-09-27T18:26:56Z (8e7bdfbe) from hand-authored stand-in fixtures
docs/build/reports/p32.20-san-diego-dossier/san_diego_dossier_portfolio.json,belief/observed_at/retrieved_date/searched_at/text/world x133 (L23-L2774; 133 lines),2026-10-01,8e7bdfbe,2026-09-27T18:26:56Z,no such event (synthetic replay/capture label),b,fixture,keep bytes (historical run evidence); append CORRECTION.md in the report dir; regenerate as a new superseding artifact after the code-constant fix,n,b:generated-artifact; retrieved/observed/as-of/generated date asserted for a capture that never happened; basis: packet generated 2026-09-27T18:26:56Z (8e7bdfbe) from hand-authored stand-in fixtures
docs/build/reports/p32.21-acquisition-pilot/FUNNEL.json,text x2 (L583-L595; 2 lines),2027-01-01,04895cdc,2026-09-27T18:55:30Z,n/a (class a),a,fixture,none,n,a:real-world; document-stated horizon (expiry/term/statute/EOL/fiscal/meeting)
docs/build/reports/p32.21-acquisition-pilot/GAP_LEDGER.json,text x2 (L124-L131; 2 lines),2027-01-01,04895cdc,2026-09-27T18:55:30Z,n/a (class a),a,fixture,none,n,a:real-world; document-stated horizon (expiry/term/statute/EOL/fiscal/meeting)
docs/build/reports/p32.21-acquisition-pilot/READOUT.json,text x4 (L886-L1309; 4 lines),2027-01-01,04895cdc,2026-09-27T18:55:30Z,n/a (class a),a,fixture,none,n,a:real-world; document-stated horizon (expiry/term/statute/EOL/fiscal/meeting)
docs/build/reports/p32.22-bounded-recovery/AUDIT_PREVIEW.md,L32,2026-10-10,2404edb0,2026-09-27T20:03:56Z,n/a (class a),a,fixture,none,n,"a:scheduled; D-P31.4-1 OSM replay cron 2026-10-10T03:35Z (scheduler read-only, BASELINE.md) — correctly future"
docs/build/reports/p32.22-bounded-recovery/LIVE_RETURN_PASS.json,L51,2026-10-10,2404edb0,2026-09-27T20:03:56Z,n/a (class a),a,fixture,none,n,"a:scheduled; D-P31.4-1 OSM replay cron 2026-10-10T03:35Z (scheduler read-only, BASELINE.md) — correctly future"
docs/build/reports/p32.22-bounded-recovery/LIVE_RETURN_PASS.md,L67,2026-10-10,2404edb0,2026-09-27T20:03:56Z,n/a (class a),a,fixture,none,n,"a:scheduled; D-P31.4-1 OSM replay cron 2026-10-10T03:35Z (scheduler read-only, BASELINE.md) — correctly future"
docs/build/reports/p32.22-bounded-recovery/README.md,L96,2026-10-10,2404edb0,2026-09-27T20:03:56Z,n/a (class a),a,fixture,none,n,"a:scheduled; D-P31.4-1 OSM replay cron 2026-10-10T03:35Z (scheduler read-only, BASELINE.md) — correctly future"
docs/build/reports/p32.22-bounded-recovery/REPAIRED_SNAPSHOT.json,L24,2026-10-10,2404edb0,2026-09-27T20:03:56Z,n/a (class a),a,fixture,none,n,"a:scheduled; D-P31.4-1 OSM replay cron 2026-10-10T03:35Z (scheduler read-only, BASELINE.md) — correctly future"
docs/build/reports/p32.22-bounded-recovery/REPAIRED_SNAPSHOT.json,max_bound_at/max_recorded_at/max_retrieved_at x3 (L233-L252; 3 lines),2026-10-01T00:00:00+00:00,2404edb0,2026-09-27T20:03:56Z,n/a (class a),a,fixture,none,n,"a:synthetic; synthetic fixture-spine timestamp (POST constant, tests/ops/test_evidence_audit.py:35); drift-adjacent"
docs/build/reports/p32.22-bounded-recovery/audit_report.json,max_bound_at/max_recorded_at/max_retrieved_at x3 (L105-L124; 3 lines),2026-10-01T00:00:00+00:00,2404edb0,2026-09-27T20:03:56Z,n/a (class a),a,fixture,none,n,"a:synthetic; synthetic fixture-spine timestamp (POST constant, tests/ops/test_evidence_audit.py:35); drift-adjacent"
docs/build/reports/p32.22-bounded-recovery/recovery_plan.json,max_bound_at/max_recorded_at/max_retrieved_at x3 (L456-L475; 3 lines),2026-10-01T00:00:00+00:00,2404edb0,2026-09-27T20:03:56Z,n/a (class a),a,fixture,none,n,"a:synthetic; synthetic fixture-spine timestamp (POST constant, tests/ops/test_evidence_audit.py:35); drift-adjacent"
docs/build/reports/p32.23a-release-candidate/CANDIDATE_MANIFEST.json,deferred_by/note/text x6 (L18-L430; 6 lines),2026-10-19,9bf11201,2026-09-28T02:11:03Z,2026-09-28T01:27Z,b,release-identity,do NOT edit (content-addressed: identity_digest bc20d4bf / descriptor=publication p-17b713 cover these bytes). Recommended: supersede p-17b713 by a correction record + re-issue a new candidate with true dates under a fresh GATE-G3 signature when (re)publication is next wanted,y,b:release-identity; inside the G3-signed candidate or its P32.25 staging/rehearsal copies; basis: commit a33cd6ec 'operator defers S3 human-eval spine' (local 2026-09-27 21:27 -04:00)
docs/build/reports/p32.23a-release-candidate/CANDIDATE_MANIFEST.json,as_of_belief/as_of_snapshot/as_of_world/text x6 (L337-L548; 6 lines),2026-10-19,9bf11201,2026-09-28T02:11:03Z,2026-09-28T02:11Z,b,release-identity,do NOT edit (content-addressed: identity_digest bc20d4bf / descriptor=publication p-17b713 cover these bytes). Recommended: supersede p-17b713 by a correction record + re-issue a new candidate with true dates under a fresh GATE-G3 signature when (re)publication is next wanted,y,b:release-identity; inside the G3-signed candidate or its P32.25 staging/rehearsal copies; basis: commit 9bf11201 P32.23a impl — candidate built/as-of chosen
docs/build/reports/p32.23a-release-candidate/CANDIDATE_MANIFEST.json,max_bound_at/max_recorded_at/max_retrieved_at x6 (L361-L410; 6 lines),2026-10-01T00:00:00+00:00,9bf11201,2026-09-28T02:11:03Z,n/a (class a),a,release-identity,none,y,a:synthetic; watermark of the synthetic 16-claim fixture spine (inside the signed candidate)
docs/build/reports/p32.23a-release-candidate/CANDIDATE_MANIFEST.md,L31,2026-10-19,9bf11201,2026-09-28T02:11:03Z,2026-09-28T01:27Z,b,release-identity,do NOT edit (content-addressed: identity_digest bc20d4bf / descriptor=publication p-17b713 cover these bytes). Recommended: supersede p-17b713 by a correction record + re-issue a new candidate with true dates under a fresh GATE-G3 signature when (re)publication is next wanted,y,b:release-identity; inside the G3-signed candidate or its P32.25 staging/rehearsal copies; basis: commit a33cd6ec 'operator defers S3 human-eval spine' (local 2026-09-27 21:27 -04:00)
docs/build/reports/p32.23a-release-candidate/CANDIDATE_MANIFEST.md,L36,2026-10-19,9bf11201,2026-09-28T02:11:03Z,2026-09-28T01:27Z,b,release-identity,do NOT edit (content-addressed: identity_digest bc20d4bf / descriptor=publication p-17b713 cover these bytes). Recommended: supersede p-17b713 by a correction record + re-issue a new candidate with true dates under a fresh GATE-G3 signature when (re)publication is next wanted,y,b:release-identity; inside the G3-signed candidate or its P32.25 staging/rehearsal copies; basis: commit a33cd6ec 'operator defers S3 human-eval spine' (local 2026-09-27 21:27 -04:00)
docs/build/reports/p32.23a-release-candidate/DISCLOSURE.json,text x2 (L31-L47; 2 lines),2026-10-19,9bf11201,2026-09-28T02:11:03Z,2026-09-28T01:27Z,b,release-identity,do NOT edit (content-addressed: identity_digest bc20d4bf / descriptor=publication p-17b713 cover these bytes). Recommended: supersede p-17b713 by a correction record + re-issue a new candidate with true dates under a fresh GATE-G3 signature when (re)publication is next wanted,y,b:release-identity; inside the G3-signed candidate or its P32.25 staging/rehearsal copies; basis: commit a33cd6ec 'operator defers S3 human-eval spine' (local 2026-09-27 21:27 -04:00)
docs/build/reports/p32.23a-release-candidate/DISCLOSURE.md,L9,2026-10-19,9bf11201,2026-09-28T02:11:03Z,2026-09-28T01:27Z,b,release-identity,do NOT edit (content-addressed: identity_digest bc20d4bf / descriptor=publication p-17b713 cover these bytes). Recommended: supersede p-17b713 by a correction record + re-issue a new candidate with true dates under a fresh GATE-G3 signature when (re)publication is next wanted,y,b:release-identity; inside the G3-signed candidate or its P32.25 staging/rehearsal copies; basis: commit a33cd6ec 'operator defers S3 human-eval spine' (local 2026-09-27 21:27 -04:00)
docs/build/reports/p32.23a-release-candidate/README.md,L20,2026-10-19,9bf11201,2026-09-28T02:11:03Z,2026-09-28T01:27Z,b,release-identity,do NOT edit (content-addressed: identity_digest bc20d4bf / descriptor=publication p-17b713 cover these bytes). Recommended: supersede p-17b713 by a correction record + re-issue a new candidate with true dates under a fresh GATE-G3 signature when (re)publication is next wanted,y,b:release-identity; inside the G3-signed candidate or its P32.25 staging/rehearsal copies; basis: commit a33cd6ec 'operator defers S3 human-eval spine' (local 2026-09-27 21:27 -04:00)
docs/build/reports/p32.23a-release-candidate/README.md,L56,2026-10-19,9bf11201,2026-09-28T02:11:03Z,2026-09-28T02:11Z,b,release-identity,do NOT edit (content-addressed: identity_digest bc20d4bf / descriptor=publication p-17b713 cover these bytes). Recommended: supersede p-17b713 by a correction record + re-issue a new candidate with true dates under a fresh GATE-G3 signature when (re)publication is next wanted,y,b:release-identity; inside the G3-signed candidate or its P32.25 staging/rehearsal copies; basis: commit 9bf11201 P32.23a impl — candidate built/as-of chosen
docs/build/reports/p32.23a-release-candidate/_regen_snapshot/AUDIT_PREVIEW.md,L32,2026-10-10,9bf11201,2026-09-28T02:11:03Z,n/a (class a),a,release-identity,none,n,"a:scheduled; D-P31.4-1 OSM replay cron 2026-10-10T03:35Z (scheduler read-only, BASELINE.md) — correctly future"
docs/build/reports/p32.23a-release-candidate/_regen_snapshot/REPAIRED_SNAPSHOT.json,L24,2026-10-10,9bf11201,2026-09-28T02:11:03Z,n/a (class a),a,release-identity,none,n,"a:scheduled; D-P31.4-1 OSM replay cron 2026-10-10T03:35Z (scheduler read-only, BASELINE.md) — correctly future"
docs/build/reports/p32.23a-release-candidate/_regen_snapshot/REPAIRED_SNAPSHOT.json,max_bound_at/max_recorded_at/max_retrieved_at x3 (L233-L252; 3 lines),2026-10-01T00:00:00+00:00,9bf11201,2026-09-28T02:11:03Z,n/a (class a),a,release-identity,none,n,"a:synthetic; synthetic fixture-spine timestamp (POST constant, tests/ops/test_evidence_audit.py:35); drift-adjacent"
docs/build/reports/p32.23a-release-candidate/candidate_export/datapackage.json,L1,2026-10-19,9bf11201,2026-09-28T02:11:03Z,2026-09-28T02:11Z,b,release-identity,do NOT edit (content-addressed: identity_digest bc20d4bf / descriptor=publication p-17b713 cover these bytes). Recommended: supersede p-17b713 by a correction record + re-issue a new candidate with true dates under a fresh GATE-G3 signature when (re)publication is next wanted,y,b:release-identity; inside the G3-signed candidate or its P32.25 staging/rehearsal copies; basis: commit 9bf11201 P32.23a impl — candidate built/as-of chosen
docs/build/reports/p32.23a-release-candidate/candidate_export/exclusions.json,L1,2026-10-19,9bf11201,2026-09-28T02:11:03Z,2026-09-28T01:27Z,b,release-identity,do NOT edit (content-addressed: identity_digest bc20d4bf / descriptor=publication p-17b713 cover these bytes). Recommended: supersede p-17b713 by a correction record + re-issue a new candidate with true dates under a fresh GATE-G3 signature when (re)publication is next wanted,y,b:release-identity; inside the G3-signed candidate or its P32.25 staging/rehearsal copies; basis: commit a33cd6ec 'operator defers S3 human-eval spine' (local 2026-09-27 21:27 -04:00)
docs/build/reports/p32.23a-release-candidate/candidate_export/exclusions.json,L1 as_of,2026-10-19,9bf11201,2026-09-28T02:11:03Z,2026-09-28T02:11Z,b,release-identity,do NOT edit (content-addressed: identity_digest bc20d4bf / descriptor=publication p-17b713 cover these bytes). Recommended: supersede p-17b713 by a correction record + re-issue a new candidate with true dates under a fresh GATE-G3 signature when (re)publication is next wanted,y,b:release-identity; inside the G3-signed candidate or its P32.25 staging/rehearsal copies; basis: commit 9bf11201 P32.23a impl — candidate built/as-of chosen
docs/build/reports/p32.23a-release-candidate/candidate_export/manifest.json,L1,2026-10-19,9bf11201,2026-09-28T02:11:03Z,2026-09-28T02:11Z,b,release-identity,do NOT edit (content-addressed: identity_digest bc20d4bf / descriptor=publication p-17b713 cover these bytes). Recommended: supersede p-17b713 by a correction record + re-issue a new candidate with true dates under a fresh GATE-G3 signature when (re)publication is next wanted,y,b:release-identity; inside the G3-signed candidate or its P32.25 staging/rehearsal copies; basis: commit 9bf11201 P32.23a impl — candidate built/as-of chosen
docs/build/reports/p32.23a-release-candidate/candidate_export/provenance.ttl,text x4 (L4-L7; 4 lines),2026-10-19,9bf11201,2026-09-28T02:11:03Z,2026-09-28T02:11Z,b,release-identity,do NOT edit (content-addressed: identity_digest bc20d4bf / descriptor=publication p-17b713 cover these bytes). Recommended: supersede p-17b713 by a correction record + re-issue a new candidate with true dates under a fresh GATE-G3 signature when (re)publication is next wanted,y,b:release-identity; inside the G3-signed candidate or its P32.25 staging/rehearsal copies; basis: commit 9bf11201 P32.23a impl — candidate built/as-of chosen
docs/build/reports/p32.23a-release-candidate/candidate_export/web/analytics/centrality.json,L2 as_of,2026-10-19,9bf11201,2026-09-28T02:11:03Z,2026-09-28T02:11Z,b,release-identity,do NOT edit (content-addressed: identity_digest bc20d4bf / descriptor=publication p-17b713 cover these bytes). Recommended: supersede p-17b713 by a correction record + re-issue a new candidate with true dates under a fresh GATE-G3 signature when (re)publication is next wanted,y,b:release-identity; inside the G3-signed candidate or its P32.25 staging/rehearsal copies; basis: commit 9bf11201 P32.23a impl — candidate built/as-of chosen
docs/build/reports/p32.23a-release-candidate/candidate_export/web/analytics/decision_point.json,L2 as_of,2026-10-19,9bf11201,2026-09-28T02:11:03Z,2026-09-28T02:11Z,b,release-identity,do NOT edit (content-addressed: identity_digest bc20d4bf / descriptor=publication p-17b713 cover these bytes). Recommended: supersede p-17b713 by a correction record + re-issue a new candidate with true dates under a fresh GATE-G3 signature when (re)publication is next wanted,y,b:release-identity; inside the G3-signed candidate or its P32.25 staging/rehearsal copies; basis: commit 9bf11201 P32.23a impl — candidate built/as-of chosen
docs/build/reports/p32.23a-release-candidate/candidate_export/web/analytics/density_bins.json,L2 as_of,2026-10-19,9bf11201,2026-09-28T02:11:03Z,2026-09-28T02:11Z,b,release-identity,do NOT edit (content-addressed: identity_digest bc20d4bf / descriptor=publication p-17b713 cover these bytes). Recommended: supersede p-17b713 by a correction record + re-issue a new candidate with true dates under a fresh GATE-G3 signature when (re)publication is next wanted,y,b:release-identity; inside the G3-signed candidate or its P32.25 staging/rehearsal copies; basis: commit 9bf11201 P32.23a impl — candidate built/as-of chosen
docs/build/reports/p32.23a-release-candidate/candidate_export/web/analytics/provenance.json,L2 as_of,2026-10-19,9bf11201,2026-09-28T02:11:03Z,2026-09-28T02:11Z,b,release-identity,do NOT edit (content-addressed: identity_digest bc20d4bf / descriptor=publication p-17b713 cover these bytes). Recommended: supersede p-17b713 by a correction record + re-issue a new candidate with true dates under a fresh GATE-G3 signature when (re)publication is next wanted,y,b:release-identity; inside the G3-signed candidate or its P32.25 staging/rehearsal copies; basis: commit 9bf11201 P32.23a impl — candidate built/as-of chosen
docs/build/reports/p32.23a-release-candidate/candidate_export/web/analytics/queue_meta.json,as_of/queue_as_of x2 (L2-L6; 2 lines),2026-10-19,9bf11201,2026-09-28T02:11:03Z,2026-09-28T02:11Z,b,release-identity,do NOT edit (content-addressed: identity_digest bc20d4bf / descriptor=publication p-17b713 cover these bytes). Recommended: supersede p-17b713 by a correction record + re-issue a new candidate with true dates under a fresh GATE-G3 signature when (re)publication is next wanted,y,b:release-identity; inside the G3-signed candidate or its P32.25 staging/rehearsal copies; basis: commit 9bf11201 P32.23a impl — candidate built/as-of chosen
docs/build/reports/p32.23a-release-candidate/candidate_export/web/evidence.json,as_of x16 (L7-L217; 16 lines),2026-10-19,9bf11201,2026-09-28T02:11:03Z,2026-09-28T02:11Z,b,release-identity,do NOT edit (content-addressed: identity_digest bc20d4bf / descriptor=publication p-17b713 cover these bytes). Recommended: supersede p-17b713 by a correction record + re-issue a new candidate with true dates under a fresh GATE-G3 signature when (re)publication is next wanted,y,b:release-identity; inside the G3-signed candidate or its P32.25 staging/rehearsal copies; basis: commit 9bf11201 P32.23a impl — candidate built/as-of chosen
docs/build/reports/p32.23a-release-candidate/candidate_export/web/research_dossiers.json,belief/searched_at/world x22 (L85-L2936; 22 lines),2026-10-02,9bf11201,2026-09-28T02:11:03Z,no such event (synthetic replay/capture label),b,release-identity,do NOT edit (content-addressed: identity_digest bc20d4bf / descriptor=publication p-17b713 cover these bytes). Recommended: supersede p-17b713 by a correction record + re-issue a new candidate with true dates under a fresh GATE-G3 signature when (re)publication is next wanted,y,b:release-identity; inside the G3-signed candidate or its P32.25 staging/rehearsal copies; basis: dossier stand-in fixtures authored 2026-09-27 (f73a997e); packets 30f8638e/e99e05b1/8e7bdfbe
docs/build/reports/p32.23a-release-candidate/candidate_export/web/research_dossiers.json,belief/observed_at/retrieved_date/searched_at/text/world x233 (L311-L7166; 233 lines),2026-10-01,9bf11201,2026-09-28T02:11:03Z,no such event (synthetic replay/capture label),b,release-identity,do NOT edit (content-addressed: identity_digest bc20d4bf / descriptor=publication p-17b713 cover these bytes). Recommended: supersede p-17b713 by a correction record + re-issue a new candidate with true dates under a fresh GATE-G3 signature when (re)publication is next wanted,y,b:release-identity; inside the G3-signed candidate or its P32.25 staging/rehearsal copies; basis: dossier stand-in fixtures authored 2026-09-27 (f73a997e); packets 30f8638e/e99e05b1/8e7bdfbe
docs/build/reports/p32.23a-release-candidate/candidate_export/web/research_dossiers.json,next_decision_date/text/valid_to/value x8 (L733-L2718; 8 lines),2027-06-30,9bf11201,2026-09-28T02:11:03Z,n/a (class a),a,release-identity,none,n,a:real-world; document-stated horizon (expiry/term/statute/EOL/fiscal/meeting)
docs/build/reports/p32.23a-release-candidate/candidate_export/web/research_dossiers.json,text/valid_from x5 (L1077-L2894; 5 lines),2026-10-01,9bf11201,2026-09-28T02:11:03Z,n/a (class a),a,release-identity,none,n,"a:real-world; OKC stated 30->7-day retention effective 2026-10-01 (city usage page per S2 research d6c562e5, 2026-09-26; NOT reconfirmed — 403 in source-plan-review)"
docs/build/reports/p32.23a-release-candidate/candidate_release/releases/p-17b713cee4f4f605f73d72c6b13c824499d0d35005e4295f86c989e52dc98587/catalog_entry.json,L1 as_of_world,2026-10-19,9bf11201,2026-09-28T02:11:03Z,2026-09-28T02:11Z,b,release-identity,do NOT edit (content-addressed: identity_digest bc20d4bf / descriptor=publication p-17b713 cover these bytes). Recommended: supersede p-17b713 by a correction record + re-issue a new candidate with true dates under a fresh GATE-G3 signature when (re)publication is next wanted,y,b:release-identity; inside the G3-signed candidate or its P32.25 staging/rehearsal copies; basis: commit 9bf11201 P32.23a impl — candidate built/as-of chosen
docs/build/reports/p32.23a-release-candidate/candidate_release/releases/p-17b713cee4f4f605f73d72c6b13c824499d0d35005e4295f86c989e52dc98587/descriptor.json,L1,2026-10-19,9bf11201,2026-09-28T02:11:03Z,2026-09-28T02:11Z,b,release-identity,do NOT edit (content-addressed: identity_digest bc20d4bf / descriptor=publication p-17b713 cover these bytes). Recommended: supersede p-17b713 by a correction record + re-issue a new candidate with true dates under a fresh GATE-G3 signature when (re)publication is next wanted,y,b:release-identity; inside the G3-signed candidate or its P32.25 staging/rehearsal copies; basis: commit 9bf11201 P32.23a impl — candidate built/as-of chosen
docs/build/reports/p32.23a-release-candidate/candidate_release/releases/p-17b713cee4f4f605f73d72c6b13c824499d0d35005e4295f86c989e52dc98587/index.html,text x3 (L15-L18; 3 lines),2026-10-19,9bf11201,2026-09-28T02:11:03Z,2026-09-28T02:11Z,b,release-identity,do NOT edit (content-addressed: identity_digest bc20d4bf / descriptor=publication p-17b713 cover these bytes). Recommended: supersede p-17b713 by a correction record + re-issue a new candidate with true dates under a fresh GATE-G3 signature when (re)publication is next wanted,y,b:release-identity; inside the G3-signed candidate or its P32.25 staging/rehearsal copies; basis: commit 9bf11201 P32.23a impl — candidate built/as-of chosen
docs/build/reports/p32.24-investigation-journey-verification/JOURNEY_PORTFOLIO.json,L1,2026-10-19,1c926c95,2026-09-28T03:08:05Z,2026-09-28T01:27Z,b,fixture,keep bytes (historical run evidence); append CORRECTION.md in the report dir; regenerate as a new superseding artifact after the code-constant fix,n,b:generated-artifact; embeds the 2026-10-19 deferral date; basis: commit a33cd6ec 'operator defers S3 human-eval spine' (local 2026-09-27 21:27 -04:00)
docs/build/reports/p32.24-investigation-journey-verification/JOURNEY_PORTFOLIO.md,L37,2026-10-19,1c926c95,2026-09-28T03:08:05Z,2026-09-28T01:27Z,b,fixture,keep bytes (historical run evidence); append CORRECTION.md in the report dir; regenerate as a new superseding artifact after the code-constant fix,n,b:generated-artifact; embeds the 2026-10-19 deferral date; basis: commit a33cd6ec 'operator defers S3 human-eval spine' (local 2026-09-27 21:27 -04:00)
docs/build/reports/p32.25-accepted-release-verification/PUBLIC_VERIFICATION.md,L19,2026-10-19,729fb268,2026-09-28T04:36:50Z,2026-09-28T02:11Z,b,release-identity,do NOT edit (content-addressed: identity_digest bc20d4bf / descriptor=publication p-17b713 cover these bytes). Recommended: supersede p-17b713 by a correction record + re-issue a new candidate with true dates under a fresh GATE-G3 signature when (re)publication is next wanted,y,b:release-identity; inside the G3-signed candidate or its P32.25 staging/rehearsal copies; basis: commit 9bf11201 P32.23a impl — candidate built/as-of chosen
docs/build/reports/p32.25-accepted-release-verification/PUBLISH_PROOF.json,as_of_belief/as_of_world/text x8 (L265-L638; 8 lines),2026-10-19,729fb268,2026-09-28T04:36:50Z,2026-09-28T02:11Z,b,release-identity,do NOT edit (content-addressed: identity_digest bc20d4bf / descriptor=publication p-17b713 cover these bytes). Recommended: supersede p-17b713 by a correction record + re-issue a new candidate with true dates under a fresh GATE-G3 signature when (re)publication is next wanted,y,b:release-identity; inside the G3-signed candidate or its P32.25 staging/rehearsal copies; basis: commit 9bf11201 P32.23a impl — candidate built/as-of chosen
docs/build/reports/p32.25-accepted-release-verification/rehearsal/no_prior_registry/_release_input/candidate_release/releases/p-17b713cee4f4f605f73d72c6b13c824499d0d35005e4295f86c989e52dc98587/catalog_entry.json,L1 as_of_world,2026-10-19,729fb268,2026-09-28T04:36:50Z,2026-09-28T02:11Z,b,release-identity,do NOT edit (content-addressed: identity_digest bc20d4bf / descriptor=publication p-17b713 cover these bytes). Recommended: supersede p-17b713 by a correction record + re-issue a new candidate with true dates under a fresh GATE-G3 signature when (re)publication is next wanted,y,b:release-identity; inside the G3-signed candidate or its P32.25 staging/rehearsal copies; basis: commit 9bf11201 P32.23a impl — candidate built/as-of chosen
docs/build/reports/p32.25-accepted-release-verification/rehearsal/no_prior_registry/_release_input/candidate_release/releases/p-17b713cee4f4f605f73d72c6b13c824499d0d35005e4295f86c989e52dc98587/descriptor.json,L1,2026-10-19,729fb268,2026-09-28T04:36:50Z,2026-09-28T02:11Z,b,release-identity,do NOT edit (content-addressed: identity_digest bc20d4bf / descriptor=publication p-17b713 cover these bytes). Recommended: supersede p-17b713 by a correction record + re-issue a new candidate with true dates under a fresh GATE-G3 signature when (re)publication is next wanted,y,b:release-identity; inside the G3-signed candidate or its P32.25 staging/rehearsal copies; basis: commit 9bf11201 P32.23a impl — candidate built/as-of chosen
docs/build/reports/p32.25-accepted-release-verification/rehearsal/no_prior_registry/_release_input/candidate_release/releases/p-17b713cee4f4f605f73d72c6b13c824499d0d35005e4295f86c989e52dc98587/index.html,text x3 (L15-L18; 3 lines),2026-10-19,729fb268,2026-09-28T04:36:50Z,2026-09-28T02:11Z,b,release-identity,do NOT edit (content-addressed: identity_digest bc20d4bf / descriptor=publication p-17b713 cover these bytes). Recommended: supersede p-17b713 by a correction record + re-issue a new candidate with true dates under a fresh GATE-G3 signature when (re)publication is next wanted,y,b:release-identity; inside the G3-signed candidate or its P32.25 staging/rehearsal copies; basis: commit 9bf11201 P32.23a impl — candidate built/as-of chosen
docs/build/reports/p32.25-accepted-release-verification/rehearsal/no_prior_registry/catalog.json,L1 as_of_world,2026-10-19,729fb268,2026-09-28T04:36:50Z,2026-09-28T02:11Z,b,release-identity,do NOT edit (content-addressed: identity_digest bc20d4bf / descriptor=publication p-17b713 cover these bytes). Recommended: supersede p-17b713 by a correction record + re-issue a new candidate with true dates under a fresh GATE-G3 signature when (re)publication is next wanted,y,b:release-identity; inside the G3-signed candidate or its P32.25 staging/rehearsal copies; basis: commit 9bf11201 P32.23a impl — candidate built/as-of chosen
docs/build/reports/p32.25-accepted-release-verification/rehearsal/no_prior_registry/compat_index.json,L1 as_of_world,2026-10-19,729fb268,2026-09-28T04:36:50Z,2026-09-28T02:11Z,b,release-identity,do NOT edit (content-addressed: identity_digest bc20d4bf / descriptor=publication p-17b713 cover these bytes). Recommended: supersede p-17b713 by a correction record + re-issue a new candidate with true dates under a fresh GATE-G3 signature when (re)publication is next wanted,y,b:release-identity; inside the G3-signed candidate or its P32.25 staging/rehearsal copies; basis: commit 9bf11201 P32.23a impl — candidate built/as-of chosen
docs/build/reports/p32.25-accepted-release-verification/rehearsal/no_prior_registry/staged/compat_index.json,L1 as_of_world,2026-10-19,729fb268,2026-09-28T04:36:50Z,2026-09-28T02:11Z,b,release-identity,do NOT edit (content-addressed: identity_digest bc20d4bf / descriptor=publication p-17b713 cover these bytes). Recommended: supersede p-17b713 by a correction record + re-issue a new candidate with true dates under a fresh GATE-G3 signature when (re)publication is next wanted,y,b:release-identity; inside the G3-signed candidate or its P32.25 staging/rehearsal copies; basis: commit 9bf11201 P32.23a impl — candidate built/as-of chosen
docs/build/reports/p32.25-accepted-release-verification/rehearsal/no_prior_registry/staged/releases/catalog.json,L1 as_of_world,2026-10-19,729fb268,2026-09-28T04:36:50Z,2026-09-28T02:11Z,b,release-identity,do NOT edit (content-addressed: identity_digest bc20d4bf / descriptor=publication p-17b713 cover these bytes). Recommended: supersede p-17b713 by a correction record + re-issue a new candidate with true dates under a fresh GATE-G3 signature when (re)publication is next wanted,y,b:release-identity; inside the G3-signed candidate or its P32.25 staging/rehearsal copies; basis: commit 9bf11201 P32.23a impl — candidate built/as-of chosen
docs/build/reports/p32.25-accepted-release-verification/rehearsal/no_prior_registry/staged/releases/index.html,L17,2026-10-19,729fb268,2026-09-28T04:36:50Z,2026-09-28T02:11Z,b,release-identity,do NOT edit (content-addressed: identity_digest bc20d4bf / descriptor=publication p-17b713 cover these bytes). Recommended: supersede p-17b713 by a correction record + re-issue a new candidate with true dates under a fresh GATE-G3 signature when (re)publication is next wanted,y,b:release-identity; inside the G3-signed candidate or its P32.25 staging/rehearsal copies; basis: commit 9bf11201 P32.23a impl — candidate built/as-of chosen
docs/build/reports/p32.25-accepted-release-verification/rehearsal/no_prior_registry/staged/releases/p-17b713cee4f4f605f73d72c6b13c824499d0d35005e4295f86c989e52dc98587/catalog_entry.json,L1 as_of_world,2026-10-19,729fb268,2026-09-28T04:36:50Z,2026-09-28T02:11Z,b,release-identity,do NOT edit (content-addressed: identity_digest bc20d4bf / descriptor=publication p-17b713 cover these bytes). Recommended: supersede p-17b713 by a correction record + re-issue a new candidate with true dates under a fresh GATE-G3 signature when (re)publication is next wanted,y,b:release-identity; inside the G3-signed candidate or its P32.25 staging/rehearsal copies; basis: commit 9bf11201 P32.23a impl — candidate built/as-of chosen
docs/build/reports/p32.25-accepted-release-verification/rehearsal/no_prior_registry/staged/releases/p-17b713cee4f4f605f73d72c6b13c824499d0d35005e4295f86c989e52dc98587/descriptor.json,L1,2026-10-19,729fb268,2026-09-28T04:36:50Z,2026-09-28T02:11Z,b,release-identity,do NOT edit (content-addressed: identity_digest bc20d4bf / descriptor=publication p-17b713 cover these bytes). Recommended: supersede p-17b713 by a correction record + re-issue a new candidate with true dates under a fresh GATE-G3 signature when (re)publication is next wanted,y,b:release-identity; inside the G3-signed candidate or its P32.25 staging/rehearsal copies; basis: commit 9bf11201 P32.23a impl — candidate built/as-of chosen
docs/build/reports/p32.25-accepted-release-verification/rehearsal/no_prior_registry/staged/releases/p-17b713cee4f4f605f73d72c6b13c824499d0d35005e4295f86c989e52dc98587/index.html,text x3 (L15-L18; 3 lines),2026-10-19,729fb268,2026-09-28T04:36:50Z,2026-09-28T02:11Z,b,release-identity,do NOT edit (content-addressed: identity_digest bc20d4bf / descriptor=publication p-17b713 cover these bytes). Recommended: supersede p-17b713 by a correction record + re-issue a new candidate with true dates under a fresh GATE-G3 signature when (re)publication is next wanted,y,b:release-identity; inside the G3-signed candidate or its P32.25 staging/rehearsal copies; basis: commit 9bf11201 P32.23a impl — candidate built/as-of chosen
docs/build/reports/p32.25-accepted-release-verification/rehearsal/prior_registry/_release_input/candidate_release/releases/p-17b713cee4f4f605f73d72c6b13c824499d0d35005e4295f86c989e52dc98587/catalog_entry.json,L1 as_of_world,2026-10-19,729fb268,2026-09-28T04:36:50Z,2026-09-28T02:11Z,b,release-identity,do NOT edit (content-addressed: identity_digest bc20d4bf / descriptor=publication p-17b713 cover these bytes). Recommended: supersede p-17b713 by a correction record + re-issue a new candidate with true dates under a fresh GATE-G3 signature when (re)publication is next wanted,y,b:release-identity; inside the G3-signed candidate or its P32.25 staging/rehearsal copies; basis: commit 9bf11201 P32.23a impl — candidate built/as-of chosen
docs/build/reports/p32.25-accepted-release-verification/rehearsal/prior_registry/_release_input/candidate_release/releases/p-17b713cee4f4f605f73d72c6b13c824499d0d35005e4295f86c989e52dc98587/descriptor.json,L1,2026-10-19,729fb268,2026-09-28T04:36:50Z,2026-09-28T02:11Z,b,release-identity,do NOT edit (content-addressed: identity_digest bc20d4bf / descriptor=publication p-17b713 cover these bytes). Recommended: supersede p-17b713 by a correction record + re-issue a new candidate with true dates under a fresh GATE-G3 signature when (re)publication is next wanted,y,b:release-identity; inside the G3-signed candidate or its P32.25 staging/rehearsal copies; basis: commit 9bf11201 P32.23a impl — candidate built/as-of chosen
docs/build/reports/p32.25-accepted-release-verification/rehearsal/prior_registry/_release_input/candidate_release/releases/p-17b713cee4f4f605f73d72c6b13c824499d0d35005e4295f86c989e52dc98587/index.html,text x3 (L15-L18; 3 lines),2026-10-19,729fb268,2026-09-28T04:36:50Z,2026-09-28T02:11Z,b,release-identity,do NOT edit (content-addressed: identity_digest bc20d4bf / descriptor=publication p-17b713 cover these bytes). Recommended: supersede p-17b713 by a correction record + re-issue a new candidate with true dates under a fresh GATE-G3 signature when (re)publication is next wanted,y,b:release-identity; inside the G3-signed candidate or its P32.25 staging/rehearsal copies; basis: commit 9bf11201 P32.23a impl — candidate built/as-of chosen
docs/build/reports/p32.25-accepted-release-verification/rehearsal/prior_registry/catalog.json,L1 as_of_world,2026-10-19,729fb268,2026-09-28T04:36:50Z,2026-09-28T02:11Z,b,release-identity,do NOT edit (content-addressed: identity_digest bc20d4bf / descriptor=publication p-17b713 cover these bytes). Recommended: supersede p-17b713 by a correction record + re-issue a new candidate with true dates under a fresh GATE-G3 signature when (re)publication is next wanted,y,b:release-identity; inside the G3-signed candidate or its P32.25 staging/rehearsal copies; basis: commit 9bf11201 P32.23a impl — candidate built/as-of chosen
docs/build/reports/p32.25-accepted-release-verification/rehearsal/prior_registry/compat_index.json,L1 as_of_world,2026-10-19,729fb268,2026-09-28T04:36:50Z,2026-09-28T02:11Z,b,release-identity,do NOT edit (content-addressed: identity_digest bc20d4bf / descriptor=publication p-17b713 cover these bytes). Recommended: supersede p-17b713 by a correction record + re-issue a new candidate with true dates under a fresh GATE-G3 signature when (re)publication is next wanted,y,b:release-identity; inside the G3-signed candidate or its P32.25 staging/rehearsal copies; basis: commit 9bf11201 P32.23a impl — candidate built/as-of chosen
docs/build/reports/p32.25-accepted-release-verification/rehearsal/prior_registry/staged/compat_index.json,L1 as_of_world,2026-10-19,729fb268,2026-09-28T04:36:50Z,2026-09-28T02:11Z,b,release-identity,do NOT edit (content-addressed: identity_digest bc20d4bf / descriptor=publication p-17b713 cover these bytes). Recommended: supersede p-17b713 by a correction record + re-issue a new candidate with true dates under a fresh GATE-G3 signature when (re)publication is next wanted,y,b:release-identity; inside the G3-signed candidate or its P32.25 staging/rehearsal copies; basis: commit 9bf11201 P32.23a impl — candidate built/as-of chosen
docs/build/reports/p32.25-accepted-release-verification/rehearsal/prior_registry/staged/releases/catalog.json,L1 as_of_world,2026-10-19,729fb268,2026-09-28T04:36:50Z,2026-09-28T02:11Z,b,release-identity,do NOT edit (content-addressed: identity_digest bc20d4bf / descriptor=publication p-17b713 cover these bytes). Recommended: supersede p-17b713 by a correction record + re-issue a new candidate with true dates under a fresh GATE-G3 signature when (re)publication is next wanted,y,b:release-identity; inside the G3-signed candidate or its P32.25 staging/rehearsal copies; basis: commit 9bf11201 P32.23a impl — candidate built/as-of chosen
docs/build/reports/p32.25-accepted-release-verification/rehearsal/prior_registry/staged/releases/index.html,L17,2026-10-19,729fb268,2026-09-28T04:36:50Z,2026-09-28T02:11Z,b,release-identity,do NOT edit (content-addressed: identity_digest bc20d4bf / descriptor=publication p-17b713 cover these bytes). Recommended: supersede p-17b713 by a correction record + re-issue a new candidate with true dates under a fresh GATE-G3 signature when (re)publication is next wanted,y,b:release-identity; inside the G3-signed candidate or its P32.25 staging/rehearsal copies; basis: commit 9bf11201 P32.23a impl — candidate built/as-of chosen
docs/build/reports/p32.25-accepted-release-verification/rehearsal/prior_registry/staged/releases/p-17b713cee4f4f605f73d72c6b13c824499d0d35005e4295f86c989e52dc98587/catalog_entry.json,L1 as_of_world,2026-10-19,729fb268,2026-09-28T04:36:50Z,2026-09-28T02:11Z,b,release-identity,do NOT edit (content-addressed: identity_digest bc20d4bf / descriptor=publication p-17b713 cover these bytes). Recommended: supersede p-17b713 by a correction record + re-issue a new candidate with true dates under a fresh GATE-G3 signature when (re)publication is next wanted,y,b:release-identity; inside the G3-signed candidate or its P32.25 staging/rehearsal copies; basis: commit 9bf11201 P32.23a impl — candidate built/as-of chosen
docs/build/reports/p32.25-accepted-release-verification/rehearsal/prior_registry/staged/releases/p-17b713cee4f4f605f73d72c6b13c824499d0d35005e4295f86c989e52dc98587/descriptor.json,L1,2026-10-19,729fb268,2026-09-28T04:36:50Z,2026-09-28T02:11Z,b,release-identity,do NOT edit (content-addressed: identity_digest bc20d4bf / descriptor=publication p-17b713 cover these bytes). Recommended: supersede p-17b713 by a correction record + re-issue a new candidate with true dates under a fresh GATE-G3 signature when (re)publication is next wanted,y,b:release-identity; inside the G3-signed candidate or its P32.25 staging/rehearsal copies; basis: commit 9bf11201 P32.23a impl — candidate built/as-of chosen
docs/build/reports/p32.25-accepted-release-verification/rehearsal/prior_registry/staged/releases/p-17b713cee4f4f605f73d72c6b13c824499d0d35005e4295f86c989e52dc98587/index.html,text x3 (L15-L18; 3 lines),2026-10-19,729fb268,2026-09-28T04:36:50Z,2026-09-28T02:11Z,b,release-identity,do NOT edit (content-addressed: identity_digest bc20d4bf / descriptor=publication p-17b713 cover these bytes). Recommended: supersede p-17b713 by a correction record + re-issue a new candidate with true dates under a fresh GATE-G3 signature when (re)publication is next wanted,y,b:release-identity; inside the G3-signed candidate or its P32.25 staging/rehearsal copies; basis: commit 9bf11201 P32.23a impl — candidate built/as-of chosen
docs/build/reports/p32.25-accepted-release-verification/rehearsal/refused_registry/_release_input/candidate_release/releases/p-17b713cee4f4f605f73d72c6b13c824499d0d35005e4295f86c989e52dc98587/catalog_entry.json,L1 as_of_world,2026-10-19,729fb268,2026-09-28T04:36:50Z,2026-09-28T02:11Z,b,release-identity,do NOT edit (content-addressed: identity_digest bc20d4bf / descriptor=publication p-17b713 cover these bytes). Recommended: supersede p-17b713 by a correction record + re-issue a new candidate with true dates under a fresh GATE-G3 signature when (re)publication is next wanted,y,b:release-identity; inside the G3-signed candidate or its P32.25 staging/rehearsal copies; basis: commit 9bf11201 P32.23a impl — candidate built/as-of chosen
docs/build/reports/p32.25-accepted-release-verification/rehearsal/refused_registry/_release_input/candidate_release/releases/p-17b713cee4f4f605f73d72c6b13c824499d0d35005e4295f86c989e52dc98587/descriptor.json,L1,2026-10-19,729fb268,2026-09-28T04:36:50Z,2026-09-28T02:11Z,b,release-identity,do NOT edit (content-addressed: identity_digest bc20d4bf / descriptor=publication p-17b713 cover these bytes). Recommended: supersede p-17b713 by a correction record + re-issue a new candidate with true dates under a fresh GATE-G3 signature when (re)publication is next wanted,y,b:release-identity; inside the G3-signed candidate or its P32.25 staging/rehearsal copies; basis: commit 9bf11201 P32.23a impl — candidate built/as-of chosen
docs/build/reports/p32.25-accepted-release-verification/rehearsal/refused_registry/_release_input/candidate_release/releases/p-17b713cee4f4f605f73d72c6b13c824499d0d35005e4295f86c989e52dc98587/index.html,text x3 (L15-L18; 3 lines),2026-10-19,729fb268,2026-09-28T04:36:50Z,2026-09-28T02:11Z,b,release-identity,do NOT edit (content-addressed: identity_digest bc20d4bf / descriptor=publication p-17b713 cover these bytes). Recommended: supersede p-17b713 by a correction record + re-issue a new candidate with true dates under a fresh GATE-G3 signature when (re)publication is next wanted,y,b:release-identity; inside the G3-signed candidate or its P32.25 staging/rehearsal copies; basis: commit 9bf11201 P32.23a impl — candidate built/as-of chosen
docs/build/reports/p32.25-accepted-release-verification/rehearsal/refused_registry/_release_input/corrupted_release/releases/p-17b713cee4f4f605f73d72c6b13c824499d0d35005e4295f86c989e52dc98587/catalog_entry.json,L1 as_of_world,2026-10-19,729fb268,2026-09-28T04:36:50Z,2026-09-28T02:11Z,b,release-identity,do NOT edit (content-addressed: identity_digest bc20d4bf / descriptor=publication p-17b713 cover these bytes). Recommended: supersede p-17b713 by a correction record + re-issue a new candidate with true dates under a fresh GATE-G3 signature when (re)publication is next wanted,y,b:release-identity; inside the G3-signed candidate or its P32.25 staging/rehearsal copies; basis: commit 9bf11201 P32.23a impl — candidate built/as-of chosen
docs/build/reports/p32.25-accepted-release-verification/rehearsal/refused_registry/_release_input/corrupted_release/releases/p-17b713cee4f4f605f73d72c6b13c824499d0d35005e4295f86c989e52dc98587/descriptor.json,L1,2026-10-19,729fb268,2026-09-28T04:36:50Z,2026-09-28T02:11Z,b,release-identity,do NOT edit (content-addressed: identity_digest bc20d4bf / descriptor=publication p-17b713 cover these bytes). Recommended: supersede p-17b713 by a correction record + re-issue a new candidate with true dates under a fresh GATE-G3 signature when (re)publication is next wanted,y,b:release-identity; inside the G3-signed candidate or its P32.25 staging/rehearsal copies; basis: commit 9bf11201 P32.23a impl — candidate built/as-of chosen
docs/build/reports/p32.25-accepted-release-verification/rehearsal/refused_registry/_release_input/corrupted_release/releases/p-17b713cee4f4f605f73d72c6b13c824499d0d35005e4295f86c989e52dc98587/index.html,text x3 (L15-L18; 3 lines),2026-10-19,729fb268,2026-09-28T04:36:50Z,2026-09-28T02:11Z,b,release-identity,do NOT edit (content-addressed: identity_digest bc20d4bf / descriptor=publication p-17b713 cover these bytes). Recommended: supersede p-17b713 by a correction record + re-issue a new candidate with true dates under a fresh GATE-G3 signature when (re)publication is next wanted,y,b:release-identity; inside the G3-signed candidate or its P32.25 staging/rehearsal copies; basis: commit 9bf11201 P32.23a impl — candidate built/as-of chosen
docs/build/reports/p32.25-accepted-release-verification/rehearsal/refused_registry/catalog.json,L1 as_of_world,2026-10-19,729fb268,2026-09-28T04:36:50Z,2026-09-28T02:11Z,b,release-identity,do NOT edit (content-addressed: identity_digest bc20d4bf / descriptor=publication p-17b713 cover these bytes). Recommended: supersede p-17b713 by a correction record + re-issue a new candidate with true dates under a fresh GATE-G3 signature when (re)publication is next wanted,y,b:release-identity; inside the G3-signed candidate or its P32.25 staging/rehearsal copies; basis: commit 9bf11201 P32.23a impl — candidate built/as-of chosen
docs/build/reports/p32.25-accepted-release-verification/rehearsal/refused_registry/compat_index.json,L1 as_of_world,2026-10-19,729fb268,2026-09-28T04:36:50Z,2026-09-28T02:11Z,b,release-identity,do NOT edit (content-addressed: identity_digest bc20d4bf / descriptor=publication p-17b713 cover these bytes). Recommended: supersede p-17b713 by a correction record + re-issue a new candidate with true dates under a fresh GATE-G3 signature when (re)publication is next wanted,y,b:release-identity; inside the G3-signed candidate or its P32.25 staging/rehearsal copies; basis: commit 9bf11201 P32.23a impl — candidate built/as-of chosen
docs/build/reports/p32.25-accepted-release-verification/rehearsal/refused_registry/latest.json,L1,2026-10-19,729fb268,2026-09-28T04:36:50Z,2026-09-28T02:11Z,b,release-identity,do NOT edit (content-addressed: identity_digest bc20d4bf / descriptor=publication p-17b713 cover these bytes). Recommended: supersede p-17b713 by a correction record + re-issue a new candidate with true dates under a fresh GATE-G3 signature when (re)publication is next wanted,y,b:release-identity; inside the G3-signed candidate or its P32.25 staging/rehearsal copies; basis: commit 9bf11201 P32.23a impl — candidate built/as-of chosen
docs/build/reports/p32.25-accepted-release-verification/rehearsal/refused_registry/staged/compat_index.json,L1 as_of_world,2026-10-19,729fb268,2026-09-28T04:36:50Z,2026-09-28T02:11Z,b,release-identity,do NOT edit (content-addressed: identity_digest bc20d4bf / descriptor=publication p-17b713 cover these bytes). Recommended: supersede p-17b713 by a correction record + re-issue a new candidate with true dates under a fresh GATE-G3 signature when (re)publication is next wanted,y,b:release-identity; inside the G3-signed candidate or its P32.25 staging/rehearsal copies; basis: commit 9bf11201 P32.23a impl — candidate built/as-of chosen
docs/build/reports/p32.25-accepted-release-verification/rehearsal/refused_registry/staged/releases/catalog.json,L1 as_of_world,2026-10-19,729fb268,2026-09-28T04:36:50Z,2026-09-28T02:11Z,b,release-identity,do NOT edit (content-addressed: identity_digest bc20d4bf / descriptor=publication p-17b713 cover these bytes). Recommended: supersede p-17b713 by a correction record + re-issue a new candidate with true dates under a fresh GATE-G3 signature when (re)publication is next wanted,y,b:release-identity; inside the G3-signed candidate or its P32.25 staging/rehearsal copies; basis: commit 9bf11201 P32.23a impl — candidate built/as-of chosen
docs/build/reports/p32.25-accepted-release-verification/rehearsal/refused_registry/staged/releases/index.html,L17,2026-10-19,729fb268,2026-09-28T04:36:50Z,2026-09-28T02:11Z,b,release-identity,do NOT edit (content-addressed: identity_digest bc20d4bf / descriptor=publication p-17b713 cover these bytes). Recommended: supersede p-17b713 by a correction record + re-issue a new candidate with true dates under a fresh GATE-G3 signature when (re)publication is next wanted,y,b:release-identity; inside the G3-signed candidate or its P32.25 staging/rehearsal copies; basis: commit 9bf11201 P32.23a impl — candidate built/as-of chosen
docs/build/reports/p32.25-accepted-release-verification/rehearsal/refused_registry/staged/releases/p-17b713cee4f4f605f73d72c6b13c824499d0d35005e4295f86c989e52dc98587/catalog_entry.json,L1 as_of_world,2026-10-19,729fb268,2026-09-28T04:36:50Z,2026-09-28T02:11Z,b,release-identity,do NOT edit (content-addressed: identity_digest bc20d4bf / descriptor=publication p-17b713 cover these bytes). Recommended: supersede p-17b713 by a correction record + re-issue a new candidate with true dates under a fresh GATE-G3 signature when (re)publication is next wanted,y,b:release-identity; inside the G3-signed candidate or its P32.25 staging/rehearsal copies; basis: commit 9bf11201 P32.23a impl — candidate built/as-of chosen
docs/build/reports/p32.25-accepted-release-verification/rehearsal/refused_registry/staged/releases/p-17b713cee4f4f605f73d72c6b13c824499d0d35005e4295f86c989e52dc98587/descriptor.json,L1,2026-10-19,729fb268,2026-09-28T04:36:50Z,2026-09-28T02:11Z,b,release-identity,do NOT edit (content-addressed: identity_digest bc20d4bf / descriptor=publication p-17b713 cover these bytes). Recommended: supersede p-17b713 by a correction record + re-issue a new candidate with true dates under a fresh GATE-G3 signature when (re)publication is next wanted,y,b:release-identity; inside the G3-signed candidate or its P32.25 staging/rehearsal copies; basis: commit 9bf11201 P32.23a impl — candidate built/as-of chosen
docs/build/reports/p32.25-accepted-release-verification/rehearsal/refused_registry/staged/releases/p-17b713cee4f4f605f73d72c6b13c824499d0d35005e4295f86c989e52dc98587/index.html,text x3 (L15-L18; 3 lines),2026-10-19,729fb268,2026-09-28T04:36:50Z,2026-09-28T02:11Z,b,release-identity,do NOT edit (content-addressed: identity_digest bc20d4bf / descriptor=publication p-17b713 cover these bytes). Recommended: supersede p-17b713 by a correction record + re-issue a new candidate with true dates under a fresh GATE-G3 signature when (re)publication is next wanted,y,b:release-identity; inside the G3-signed candidate or its P32.25 staging/rehearsal copies; basis: commit 9bf11201 P32.23a impl — candidate built/as-of chosen
docs/build/reports/p32.25-accepted-release-verification/staging_registry/_release_input/candidate_release/releases/p-17b713cee4f4f605f73d72c6b13c824499d0d35005e4295f86c989e52dc98587/catalog_entry.json,L1 as_of_world,2026-10-19,729fb268,2026-09-28T04:36:50Z,2026-09-28T02:11Z,b,release-identity,do NOT edit (content-addressed: identity_digest bc20d4bf / descriptor=publication p-17b713 cover these bytes). Recommended: supersede p-17b713 by a correction record + re-issue a new candidate with true dates under a fresh GATE-G3 signature when (re)publication is next wanted,y,b:release-identity; inside the G3-signed candidate or its P32.25 staging/rehearsal copies; basis: commit 9bf11201 P32.23a impl — candidate built/as-of chosen
docs/build/reports/p32.25-accepted-release-verification/staging_registry/_release_input/candidate_release/releases/p-17b713cee4f4f605f73d72c6b13c824499d0d35005e4295f86c989e52dc98587/descriptor.json,L1,2026-10-19,729fb268,2026-09-28T04:36:50Z,2026-09-28T02:11Z,b,release-identity,do NOT edit (content-addressed: identity_digest bc20d4bf / descriptor=publication p-17b713 cover these bytes). Recommended: supersede p-17b713 by a correction record + re-issue a new candidate with true dates under a fresh GATE-G3 signature when (re)publication is next wanted,y,b:release-identity; inside the G3-signed candidate or its P32.25 staging/rehearsal copies; basis: commit 9bf11201 P32.23a impl — candidate built/as-of chosen
docs/build/reports/p32.25-accepted-release-verification/staging_registry/_release_input/candidate_release/releases/p-17b713cee4f4f605f73d72c6b13c824499d0d35005e4295f86c989e52dc98587/index.html,text x3 (L15-L18; 3 lines),2026-10-19,729fb268,2026-09-28T04:36:50Z,2026-09-28T02:11Z,b,release-identity,do NOT edit (content-addressed: identity_digest bc20d4bf / descriptor=publication p-17b713 cover these bytes). Recommended: supersede p-17b713 by a correction record + re-issue a new candidate with true dates under a fresh GATE-G3 signature when (re)publication is next wanted,y,b:release-identity; inside the G3-signed candidate or its P32.25 staging/rehearsal copies; basis: commit 9bf11201 P32.23a impl — candidate built/as-of chosen
docs/build/reports/p32.25-accepted-release-verification/staging_registry/catalog.json,L1 as_of_world,2026-10-19,729fb268,2026-09-28T04:36:50Z,2026-09-28T02:11Z,b,release-identity,do NOT edit (content-addressed: identity_digest bc20d4bf / descriptor=publication p-17b713 cover these bytes). Recommended: supersede p-17b713 by a correction record + re-issue a new candidate with true dates under a fresh GATE-G3 signature when (re)publication is next wanted,y,b:release-identity; inside the G3-signed candidate or its P32.25 staging/rehearsal copies; basis: commit 9bf11201 P32.23a impl — candidate built/as-of chosen
docs/build/reports/p32.25-accepted-release-verification/staging_registry/compat_index.json,L1 as_of_world,2026-10-19,729fb268,2026-09-28T04:36:50Z,2026-09-28T02:11Z,b,release-identity,do NOT edit (content-addressed: identity_digest bc20d4bf / descriptor=publication p-17b713 cover these bytes). Recommended: supersede p-17b713 by a correction record + re-issue a new candidate with true dates under a fresh GATE-G3 signature when (re)publication is next wanted,y,b:release-identity; inside the G3-signed candidate or its P32.25 staging/rehearsal copies; basis: commit 9bf11201 P32.23a impl — candidate built/as-of chosen
docs/build/reports/p32.25-accepted-release-verification/staging_registry/latest.json,L1,2026-10-19,729fb268,2026-09-28T04:36:50Z,2026-09-28T02:11Z,b,release-identity,do NOT edit (content-addressed: identity_digest bc20d4bf / descriptor=publication p-17b713 cover these bytes). Recommended: supersede p-17b713 by a correction record + re-issue a new candidate with true dates under a fresh GATE-G3 signature when (re)publication is next wanted,y,b:release-identity; inside the G3-signed candidate or its P32.25 staging/rehearsal copies; basis: commit 9bf11201 P32.23a impl — candidate built/as-of chosen
docs/build/reports/p32.25-accepted-release-verification/staging_registry/staged/compat_index.json,L1 as_of_world,2026-10-19,729fb268,2026-09-28T04:36:50Z,2026-09-28T02:11Z,b,release-identity,do NOT edit (content-addressed: identity_digest bc20d4bf / descriptor=publication p-17b713 cover these bytes). Recommended: supersede p-17b713 by a correction record + re-issue a new candidate with true dates under a fresh GATE-G3 signature when (re)publication is next wanted,y,b:release-identity; inside the G3-signed candidate or its P32.25 staging/rehearsal copies; basis: commit 9bf11201 P32.23a impl — candidate built/as-of chosen
docs/build/reports/p32.25-accepted-release-verification/staging_registry/staged/releases/catalog.json,L1 as_of_world,2026-10-19,729fb268,2026-09-28T04:36:50Z,2026-09-28T02:11Z,b,release-identity,do NOT edit (content-addressed: identity_digest bc20d4bf / descriptor=publication p-17b713 cover these bytes). Recommended: supersede p-17b713 by a correction record + re-issue a new candidate with true dates under a fresh GATE-G3 signature when (re)publication is next wanted,y,b:release-identity; inside the G3-signed candidate or its P32.25 staging/rehearsal copies; basis: commit 9bf11201 P32.23a impl — candidate built/as-of chosen
docs/build/reports/p32.25-accepted-release-verification/staging_registry/staged/releases/index.html,L17,2026-10-19,729fb268,2026-09-28T04:36:50Z,2026-09-28T02:11Z,b,release-identity,do NOT edit (content-addressed: identity_digest bc20d4bf / descriptor=publication p-17b713 cover these bytes). Recommended: supersede p-17b713 by a correction record + re-issue a new candidate with true dates under a fresh GATE-G3 signature when (re)publication is next wanted,y,b:release-identity; inside the G3-signed candidate or its P32.25 staging/rehearsal copies; basis: commit 9bf11201 P32.23a impl — candidate built/as-of chosen
docs/build/reports/p32.25-accepted-release-verification/staging_registry/staged/releases/p-17b713cee4f4f605f73d72c6b13c824499d0d35005e4295f86c989e52dc98587/catalog_entry.json,L1 as_of_world,2026-10-19,729fb268,2026-09-28T04:36:50Z,2026-09-28T02:11Z,b,release-identity,do NOT edit (content-addressed: identity_digest bc20d4bf / descriptor=publication p-17b713 cover these bytes). Recommended: supersede p-17b713 by a correction record + re-issue a new candidate with true dates under a fresh GATE-G3 signature when (re)publication is next wanted,y,b:release-identity; inside the G3-signed candidate or its P32.25 staging/rehearsal copies; basis: commit 9bf11201 P32.23a impl — candidate built/as-of chosen
docs/build/reports/p32.25-accepted-release-verification/staging_registry/staged/releases/p-17b713cee4f4f605f73d72c6b13c824499d0d35005e4295f86c989e52dc98587/descriptor.json,L1,2026-10-19,729fb268,2026-09-28T04:36:50Z,2026-09-28T02:11Z,b,release-identity,do NOT edit (content-addressed: identity_digest bc20d4bf / descriptor=publication p-17b713 cover these bytes). Recommended: supersede p-17b713 by a correction record + re-issue a new candidate with true dates under a fresh GATE-G3 signature when (re)publication is next wanted,y,b:release-identity; inside the G3-signed candidate or its P32.25 staging/rehearsal copies; basis: commit 9bf11201 P32.23a impl — candidate built/as-of chosen
docs/build/reports/p32.25-accepted-release-verification/staging_registry/staged/releases/p-17b713cee4f4f605f73d72c6b13c824499d0d35005e4295f86c989e52dc98587/index.html,text x3 (L15-L18; 3 lines),2026-10-19,729fb268,2026-09-28T04:36:50Z,2026-09-28T02:11Z,b,release-identity,do NOT edit (content-addressed: identity_digest bc20d4bf / descriptor=publication p-17b713 cover these bytes). Recommended: supersede p-17b713 by a correction record + re-issue a new candidate with true dates under a fresh GATE-G3 signature when (re)publication is next wanted,y,b:release-identity; inside the G3-signed candidate or its P32.25 staging/rehearsal copies; basis: commit 9bf11201 P32.23a impl — candidate built/as-of chosen
docs/build/reports/p32.6-legacy-evidence/audit_report.json,max_asserted_at/max_bound_at/max_recorded_at/max_retrieved_at/max_started_at x5 (L105-L124; 5 lines),2026-10-01T00:00:00Z,794d789a,2026-09-27T08:06:32Z,n/a (class a),a,fixture,none,n,"a:synthetic; synthetic fixture-spine timestamp (POST constant, tests/ops/test_evidence_audit.py:35); drift-adjacent"
docs/build/reports/p32.6-legacy-evidence/fixture_spine.json,bound_at/max_asserted_at/max_bound_at/max_recorded_at/max_retrieved_at/max_started_at/observed_at/recorded_at/retrieved_at/run_started_at x65 (L28-L1176; 65 lines),2026-10-01T00:00:00Z,794d789a,2026-09-27T08:06:32Z,n/a (class a),a,fixture,none,n,"a:synthetic; synthetic fixture-spine timestamp (POST constant, tests/ops/test_evidence_audit.py:35); drift-adjacent"
docs/build/reports/p32.6-legacy-evidence/recovery_plan.json,max_asserted_at/max_bound_at/max_recorded_at/max_retrieved_at/max_started_at x5 (L426-L445; 5 lines),2026-10-01T00:00:00Z,794d789a,2026-09-27T08:06:32Z,n/a (class a),a,fixture,none,n,"a:synthetic; synthetic fixture-spine timestamp (POST constant, tests/ops/test_evidence_audit.py:35); drift-adjacent"
docs/build/runs/P06.1.md,L49,2027-06-30,4d5a5d27,2026-09-09T21:39:53Z,n/a (class a),a,memory,none,n,a:real-world; document-stated horizon (expiry/term/statute/EOL/fiscal/meeting)
docs/build/runs/P06.1.md,L52,2027-06-30,4d5a5d27,2026-09-09T21:39:53Z,n/a (class a),a,memory,none,n,a:real-world; document-stated horizon (expiry/term/statute/EOL/fiscal/meeting)
docs/build/runs/P15.2.md,L34,2027-01-02,4d5a5d27,2026-09-09T21:39:53Z,n/a (class a),a,memory,none,n,a:real-world; document-stated horizon (expiry/term/statute/EOL/fiscal/meeting)
docs/build/runs/P15.2.md,L34,2027-04-02,4d5a5d27,2026-09-09T21:39:53Z,n/a (class a),a,memory,none,n,a:real-world; document-stated horizon (expiry/term/statute/EOL/fiscal/meeting)
docs/build/runs/P24.7.md,L103,2027-04-01,9866efae,2026-09-14T05:27:25Z,n/a (class a),a,memory,none,n,a:real-world; document-stated horizon (expiry/term/statute/EOL/fiscal/meeting)
docs/build/runs/P25.7.md,L60,2026-10-01T06:00:00Z,4c58f407,2026-09-16T05:13:50Z,n/a (class a),a,memory,none,n,a:scheduled; scheduler next-run / quota reset / deadline read at the time
docs/build/runs/P26.12.md,L161,2026-09-22,3819b63c,2026-09-18T10:01:45Z,n/a (class a),a,memory,none,n,a:scheduled; scheduler next-run / quota reset / deadline read at the time
docs/build/runs/P26.14.md,L34,2026-12-31,b2d02c52,2026-09-18T15:14:59Z,n/a (class a),a,memory,none,n,a:real-world; document-stated horizon (expiry/term/statute/EOL/fiscal/meeting)
docs/build/runs/P26.14.md,L154,2026-09-19 00:00,b2d02c52,2026-09-18T15:14:59Z,n/a (class a),a,memory,none,n,a:scheduled; scheduler next-run / quota reset / deadline read at the time
docs/build/runs/P26.14.md,L177,2026-09-19 00:00,b2d02c52,2026-09-18T15:14:59Z,n/a (class a),a,memory,none,n,a:scheduled; scheduler next-run / quota reset / deadline read at the time
docs/build/runs/P26.15.md,L164,2026-10-05,dce0d067,2026-09-18T19:23:39Z,n/a (class a),a,memory,none,n,a:scheduled; scheduler next-run / quota reset / deadline read at the time
docs/build/runs/P26.15.md,L253,2026-10-05,dce0d067,2026-09-18T19:23:39Z,n/a (class a),a,memory,none,n,a:scheduled; scheduler next-run / quota reset / deadline read at the time
docs/build/runs/P26.15.md,L288,2026-10-05,dce0d067,2026-09-18T19:23:39Z,n/a (class a),a,memory,none,n,a:scheduled; scheduler next-run / quota reset / deadline read at the time
docs/build/runs/P26.16.md,L271,2026-09-20,99517730,2026-09-19T16:51:58Z,n/a (class a),a,memory,none,n,a:scheduled; scheduler next-run / quota reset / deadline read at the time
docs/build/runs/P27.3.md,L95,2026-09-23,789b18f4,2026-09-22T20:25:15Z,2026-09-22T20:25Z,b,memory,"append-only dated CORRECTION entry naming path:line, recorded value and true date (original untouched)",n,b:event-date; basis: P27.3: PR #114 createdAt 2026-09-22T20:25Z
docs/build/runs/P27.3.md,L98,2026-09-23,789b18f4,2026-09-22T20:25:15Z,2026-09-22T20:25Z,b,memory,"append-only dated CORRECTION entry naming path:line, recorded value and true date (original untouched)",n,b:event-date; basis: P27.3: PR #114 createdAt 2026-09-22T20:25Z
docs/build/runs/P30.3.md,L140,2026-12-22,713fc857,2026-09-24T16:48:56Z,n/a (class a),a,memory,none,n,a:real-world; document-stated horizon (expiry/term/statute/EOL/fiscal/meeting)
docs/build/runs/P31.19.md,L34,2026-10-10,bfc67d08,2026-09-27T02:04:12Z,n/a (class a),a,memory,none,n,"a:scheduled; D-P31.4-1 OSM replay cron 2026-10-10T03:35Z (scheduler read-only, BASELINE.md) — correctly future"
docs/build/runs/P31.19.md,L136,2026-10-10,d6c562e5,2026-09-27T02:40:53Z,n/a (class a),a,memory,none,n,"a:scheduled; D-P31.4-1 OSM replay cron 2026-10-10T03:35Z (scheduler read-only, BASELINE.md) — correctly future"
docs/build/runs/P31.3.md,L246,2026-10-10,0848d2ee,2026-09-24T23:08:43Z,n/a (class a),a,memory,none,n,"a:scheduled; D-P31.4-1 OSM replay cron 2026-10-10T03:35Z (scheduler read-only, BASELINE.md) — correctly future"
docs/build/runs/P31.3.md,L262,2026-10-08,0848d2ee,2026-09-24T23:08:43Z,n/a (class a),a,memory,none,n,a:scheduled; gate-Q4 deadline for the batch-05 switch (future at writing)
docs/build/runs/P31.4.md,L9,2026-10-08,71f1daa8,2026-09-25T01:58:54Z,n/a (class a),a,memory,none,n,a:scheduled; gate-Q4 deadline for the batch-05 switch (future at writing)
docs/build/runs/P31.4.md,L10,2026-10-10,71f1daa8,2026-09-25T01:58:54Z,n/a (class a),a,memory,none,n,"a:scheduled; D-P31.4-1 OSM replay cron 2026-10-10T03:35Z (scheduler read-only, BASELINE.md) — correctly future"
docs/build/runs/P31.4.md,L186,2026-10-10,71f1daa8,2026-09-25T01:58:54Z,n/a (class a),a,memory,none,n,"a:scheduled; D-P31.4-1 OSM replay cron 2026-10-10T03:35Z (scheduler read-only, BASELINE.md) — correctly future"
docs/build/runs/P31.7.md,L18,2026-10-10,dabc1b09,2026-09-25T11:56:21Z,n/a (class a),a,memory,none,n,"a:scheduled; D-P31.4-1 OSM replay cron 2026-10-10T03:35Z (scheduler read-only, BASELINE.md) — correctly future"
docs/build/runs/P32.10.md,L16,2026-10-18,13ade2b2,2026-09-27T10:25:18Z,2026-09-27T10:12Z,b,memory,"append-only dated CORRECTION entry naming path:line, recorded value and true date (original untouched)",n,b:event-date; basis: P32.10: PR #165 createdAt 2026-09-27T10:12Z; closeout commit 13ade2b2 2026-09-27T10:25Z
docs/build/runs/P32.10.md,L17,2026-10-16,13ade2b2,2026-09-27T10:25:18Z,2026-09-27T09:51Z,b,memory,"append-only dated CORRECTION entry naming path:line, recorded value and true date (original untouched)",n,b:event-date; basis: P32.9: PR #164 createdAt 2026-09-27T09:51Z; closeout commit c31380fb 2026-09-27T09:52Z
docs/build/runs/P32.17.md,L78,2026-10-02,df8c5ab1,2026-09-27T16:35:28Z,2026-09-27T16:35Z,b,memory,"append-only dated CORRECTION entry naming path:line, recorded value and true date (original untouched)",n,b:event-date; basis: P32.17: PR #174 createdAt 2026-09-27T16:35Z; closeout commit 2c588cd6 2026-09-27T16:41Z
docs/build/runs/P32.17.md,L84,2026-10-02,df8c5ab1,2026-09-27T16:35:28Z,2026-09-27T16:35Z,b,memory,"append-only dated CORRECTION entry naming path:line, recorded value and true date (original untouched)",n,b:event-date; basis: P32.17: PR #174 createdAt 2026-09-27T16:35Z; closeout commit 2c588cd6 2026-09-27T16:41Z
docs/build/runs/P32.17.md,L87,2026-10-02,df8c5ab1,2026-09-27T16:35:28Z,2026-09-27T16:35Z,b,memory,"append-only dated CORRECTION entry naming path:line, recorded value and true date (original untouched)",n,b:event-date; basis: P32.17: PR #174 createdAt 2026-09-27T16:35Z; closeout commit 2c588cd6 2026-09-27T16:41Z
docs/build/runs/P32.17.md,L92,2026-10-02,df8c5ab1,2026-09-27T16:35:28Z,2026-09-27T16:35Z,b,memory,"append-only dated CORRECTION entry naming path:line, recorded value and true date (original untouched)",n,b:event-date; basis: P32.17: PR #174 createdAt 2026-09-27T16:35Z; closeout commit 2c588cd6 2026-09-27T16:41Z
docs/build/runs/P32.18.md,L80,2026-10-02,30f8638e,2026-09-27T17:31:50Z,2026-09-27T17:31Z,b,memory,"append-only dated CORRECTION entry naming path:line, recorded value and true date (original untouched)",n,b:event-date; basis: P32.18: PR #175 createdAt 2026-09-27T17:31Z; closeout commit 0f2e0711 2026-09-27T17:32Z
docs/build/runs/P32.18.md,L84,2026-10-02,30f8638e,2026-09-27T17:31:50Z,2026-09-27T17:31Z,b,memory,"append-only dated CORRECTION entry naming path:line, recorded value and true date (original untouched)",n,b:event-date; basis: P32.18: PR #175 createdAt 2026-09-27T17:31Z; closeout commit 0f2e0711 2026-09-27T17:32Z
docs/build/runs/P32.18.md,L89,2026-10-02,30f8638e,2026-09-27T17:31:50Z,2026-09-27T17:31Z,b,memory,"append-only dated CORRECTION entry naming path:line, recorded value and true date (original untouched)",n,b:event-date; basis: P32.18: PR #175 createdAt 2026-09-27T17:31Z; closeout commit 0f2e0711 2026-09-27T17:32Z
docs/build/runs/P32.18.md,L92,2026-10-02,30f8638e,2026-09-27T17:31:50Z,2026-09-27T17:31Z,b,memory,"append-only dated CORRECTION entry naming path:line, recorded value and true date (original untouched)",n,b:event-date; basis: P32.18: PR #175 createdAt 2026-09-27T17:31Z; closeout commit 0f2e0711 2026-09-27T17:32Z
docs/build/runs/P32.18.md,L98,2026-10-02,30f8638e,2026-09-27T17:31:50Z,2026-09-27T17:31Z,b,memory,"append-only dated CORRECTION entry naming path:line, recorded value and true date (original untouched)",n,b:event-date; basis: P32.18: PR #175 createdAt 2026-09-27T17:31Z; closeout commit 0f2e0711 2026-09-27T17:32Z
docs/build/runs/P32.18.md,L102,2026-10-02,30f8638e,2026-09-27T17:31:50Z,2026-09-27T17:31Z,b,memory,"append-only dated CORRECTION entry naming path:line, recorded value and true date (original untouched)",n,b:event-date; basis: P32.18: PR #175 createdAt 2026-09-27T17:31Z; closeout commit 0f2e0711 2026-09-27T17:32Z
docs/build/runs/P32.18.md,L142,2026-10-02,0f2e0711,2026-09-27T17:32:21Z,2026-09-27T17:31Z,b,memory,"append-only dated CORRECTION entry naming path:line, recorded value and true date (original untouched)",n,b:event-date; basis: P32.18: PR #175 createdAt 2026-09-27T17:31Z; closeout commit 0f2e0711 2026-09-27T17:32Z
docs/build/runs/P32.19.md,L94,2026-10-01,3e26a2dc,2026-09-27T17:56:12Z,no such event (synthetic replay/capture label),b,memory,"append-only dated CORRECTION entry naming path:line, recorded value and true date (original untouched)",n,b:event-date; basis: documents the dossier replay-label convention
docs/build/runs/P32.19.md,L95,2026-10-01,3e26a2dc,2026-09-27T17:56:12Z,no such event (synthetic replay/capture label),b,memory,"append-only dated CORRECTION entry naming path:line, recorded value and true date (original untouched)",n,b:event-date; basis: documents the dossier replay-label convention
docs/build/runs/P32.19.md,L101,2026-10-01,3e26a2dc,2026-09-27T17:56:12Z,2026-09-27T17:56Z,b,memory,"append-only dated CORRECTION entry naming path:line, recorded value and true date (original untouched)",n,b:event-date; basis: P32.19: PR #176 createdAt 2026-09-27T17:56Z; closeout commit 3e26a2dc 2026-09-27T17:56Z
docs/build/runs/P32.19.md,L105,2026-10-01,3e26a2dc,2026-09-27T17:56:12Z,2026-09-27T17:56Z,b,memory,"append-only dated CORRECTION entry naming path:line, recorded value and true date (original untouched)",n,b:event-date; basis: P32.19: PR #176 createdAt 2026-09-27T17:56Z; closeout commit 3e26a2dc 2026-09-27T17:56Z
docs/build/runs/P32.19.md,L109,2026-10-01,3e26a2dc,2026-09-27T17:56:12Z,2026-09-27T17:56Z,b,memory,"append-only dated CORRECTION entry naming path:line, recorded value and true date (original untouched)",n,b:event-date; basis: P32.19: PR #176 createdAt 2026-09-27T17:56Z; closeout commit 3e26a2dc 2026-09-27T17:56Z
docs/build/runs/P32.19.md,L112,2026-10-01,3e26a2dc,2026-09-27T17:56:12Z,2026-09-27T17:56Z,b,memory,"append-only dated CORRECTION entry naming path:line, recorded value and true date (original untouched)",n,b:event-date; basis: P32.19: PR #176 createdAt 2026-09-27T17:56Z; closeout commit 3e26a2dc 2026-09-27T17:56Z
docs/build/runs/P32.19.md,L116,2026-10-01,3e26a2dc,2026-09-27T17:56:12Z,2026-09-27T17:56Z,b,memory,"append-only dated CORRECTION entry naming path:line, recorded value and true date (original untouched)",n,b:event-date; basis: P32.19: PR #176 createdAt 2026-09-27T17:56Z; closeout commit 3e26a2dc 2026-09-27T17:56Z
docs/build/runs/P32.19.md,L155,2026-10-01,3e26a2dc,2026-09-27T17:56:12Z,2026-09-27T17:56Z,b,memory,"append-only dated CORRECTION entry naming path:line, recorded value and true date (original untouched)",n,b:event-date; basis: P32.19: PR #176 createdAt 2026-09-27T17:56Z; closeout commit 3e26a2dc 2026-09-27T17:56Z
docs/build/runs/P32.20.md,L111,2026-10-01,8e7bdfbe,2026-09-27T18:26:56Z,2026-09-27T17:31Z,b,memory,"append-only dated CORRECTION entry naming path:line, recorded value and true date (original untouched)",n,b:event-date; basis: P32.18: PR #175 createdAt 2026-09-27T17:31Z; closeout commit 0f2e0711 2026-09-27T17:32Z
docs/build/runs/P32.20.md,L200,2026-10-01,8e7bdfbe,2026-09-27T18:26:56Z,2026-09-27T18:27Z,b,memory,"append-only dated CORRECTION entry naming path:line, recorded value and true date (original untouched)",n,b:event-date; basis: P32.20: PR #177 createdAt 2026-09-27T18:27Z; closeout commit 5efe4b9d 2026-09-27T18:28Z
docs/build/runs/P32.22.md,L27,2026-10-10,2404edb0,2026-09-27T20:03:56Z,n/a (class a),a,memory,none,n,"a:scheduled; D-P31.4-1 OSM replay cron 2026-10-10T03:35Z (scheduler read-only, BASELINE.md) — correctly future"
docs/build/runs/P32.23a.md,L15,2026-10-19,9bf11201,2026-09-28T02:11:03Z,2026-09-28T01:27Z,b,memory,"append-only dated CORRECTION entry naming path:line, recorded value and true date (original untouched)",n,b:event-date; basis: S3DEFER: commit a33cd6ec 'operator defers S3 human-eval spine' (local 2026-09-27 21:27 -04:00)
docs/build/runs/P32.23a.md,L44,2026-10-10,9bf11201,2026-09-28T02:11:03Z,n/a (class a),a,memory,none,n,"a:scheduled; D-P31.4-1 OSM replay cron 2026-10-10T03:35Z (scheduler read-only, BASELINE.md) — correctly future"
docs/build/runs/P32.23a.md,L148,2026-10-19,9bf11201,2026-09-28T02:11:03Z,2026-09-28T02:11Z,b,memory,"append-only dated CORRECTION entry naming path:line, recorded value and true date (original untouched)",n,b:event-date; basis: P32.23a: PR #180 createdAt 2026-09-28T02:11Z; closeout commit 22b773f8 2026-09-28T02:11Z
docs/build/runs/P32.23a.md,L153,2026-10-19,9bf11201,2026-09-28T02:11:03Z,2026-09-28T02:11Z,b,memory,"append-only dated CORRECTION entry naming path:line, recorded value and true date (original untouched)",n,b:event-date; basis: P32.23a: PR #180 createdAt 2026-09-28T02:11Z; closeout commit 22b773f8 2026-09-28T02:11Z
docs/build/runs/P32.23a.md,L156,2026-10-19,9bf11201,2026-09-28T02:11:03Z,2026-09-28T02:11Z,b,memory,"append-only dated CORRECTION entry naming path:line, recorded value and true date (original untouched)",n,b:event-date; basis: P32.23a: PR #180 createdAt 2026-09-28T02:11Z; closeout commit 22b773f8 2026-09-28T02:11Z
docs/build/runs/P32.23a.md,L164,2026-10-19,9bf11201,2026-09-28T02:11:03Z,2026-09-28T02:11Z,b,memory,"append-only dated CORRECTION entry naming path:line, recorded value and true date (original untouched)",n,b:event-date; basis: P32.23a: PR #180 createdAt 2026-09-28T02:11Z; closeout commit 22b773f8 2026-09-28T02:11Z
docs/build/runs/P32.23a.md,L171,2026-10-19,9bf11201,2026-09-28T02:11:03Z,2026-09-28T02:11Z,b,memory,"append-only dated CORRECTION entry naming path:line, recorded value and true date (original untouched)",n,b:event-date; basis: P32.23a: PR #180 createdAt 2026-09-28T02:11Z; closeout commit 22b773f8 2026-09-28T02:11Z
docs/build/runs/P32.24.md,L42,2026-10-10,1c926c95,2026-09-28T03:08:05Z,n/a (class a),a,memory,none,n,"a:scheduled; D-P31.4-1 OSM replay cron 2026-10-10T03:35Z (scheduler read-only, BASELINE.md) — correctly future"
docs/build/runs/P32.24.md,L140,2026-10-20,1c926c95,2026-09-28T03:08:05Z,2026-09-28T03:08Z,b,memory,"append-only dated CORRECTION entry naming path:line, recorded value and true date (original untouched)",n,b:event-date; basis: P32.24: PR #181 createdAt 2026-09-28T03:08Z; closeout commit da146260 2026-09-28T03:08Z
docs/build/runs/P32.24.md,L143,2026-10-20,1c926c95,2026-09-28T03:08:05Z,2026-09-28T03:08Z,b,memory,"append-only dated CORRECTION entry naming path:line, recorded value and true date (original untouched)",n,b:event-date; basis: P32.24: PR #181 createdAt 2026-09-28T03:08Z; closeout commit da146260 2026-09-28T03:08Z
docs/build/runs/P32.24.md,L149,2026-10-20,1c926c95,2026-09-28T03:08:05Z,2026-09-28T03:08Z,b,memory,"append-only dated CORRECTION entry naming path:line, recorded value and true date (original untouched)",n,b:event-date; basis: P32.24: PR #181 createdAt 2026-09-28T03:08Z; closeout commit da146260 2026-09-28T03:08Z
docs/build/runs/P32.24.md,L153,2026-10-20,1c926c95,2026-09-28T03:08:05Z,2026-09-28T03:08Z,b,memory,"append-only dated CORRECTION entry naming path:line, recorded value and true date (original untouched)",n,b:event-date; basis: P32.24: PR #181 createdAt 2026-09-28T03:08Z; closeout commit da146260 2026-09-28T03:08Z
docs/build/runs/P32.24.md,L156,2026-10-20,1c926c95,2026-09-28T03:08:05Z,2026-09-28T03:08Z,b,memory,"append-only dated CORRECTION entry naming path:line, recorded value and true date (original untouched)",n,b:event-date; basis: P32.24: PR #181 createdAt 2026-09-28T03:08Z; closeout commit da146260 2026-09-28T03:08Z
docs/build/runs/P32.24.md,L158,2026-10-20,1c926c95,2026-09-28T03:08:05Z,2026-09-28T03:08Z,b,memory,"append-only dated CORRECTION entry naming path:line, recorded value and true date (original untouched)",n,b:event-date; basis: P32.24: PR #181 createdAt 2026-09-28T03:08Z; closeout commit da146260 2026-09-28T03:08Z
docs/build/runs/P32.25.md,L27,2026-10-19,729fb268,2026-09-28T04:36:50Z,2026-09-28T03:49Z,b,memory,"append-only dated CORRECTION entry naming path:line, recorded value and true date (original untouched)",n,b:event-date; basis: G3SIGN: commit 95c8a73f 'GATE-G3 signed' (local 2026-09-27 23:49 -04:00)
docs/build/runs/P32.25.md,L153,2026-10-20,729fb268,2026-09-28T04:36:50Z,2026-09-28T04:36Z,b,memory,"append-only dated CORRECTION entry naming path:line, recorded value and true date (original untouched)",n,b:event-date; basis: P32.25: PR #182 createdAt 2026-09-28T04:36Z; closeout commit e4bd612e 2026-09-28T04:39Z
docs/build/runs/P32.25.md,L163,2026-10-20,729fb268,2026-09-28T04:36:50Z,2026-09-28T04:36Z,b,memory,"append-only dated CORRECTION entry naming path:line, recorded value and true date (original untouched)",n,b:event-date; basis: P32.25: PR #182 createdAt 2026-09-28T04:36Z; closeout commit e4bd612e 2026-09-28T04:39Z
docs/build/runs/P32.25.md,L169,2026-10-20,729fb268,2026-09-28T04:36:50Z,2026-09-28T04:36Z,b,memory,"append-only dated CORRECTION entry naming path:line, recorded value and true date (original untouched)",n,b:event-date; basis: P32.25: PR #182 createdAt 2026-09-28T04:36Z; closeout commit e4bd612e 2026-09-28T04:39Z
docs/build/runs/P32.25.md,L179,2026-10-20,729fb268,2026-09-28T04:36:50Z,2026-09-28T04:36Z,b,memory,"append-only dated CORRECTION entry naming path:line, recorded value and true date (original untouched)",n,b:event-date; basis: P32.25: PR #182 createdAt 2026-09-28T04:36Z; closeout commit e4bd612e 2026-09-28T04:39Z
docs/build/runs/P32.25.md,L185,2026-10-20,729fb268,2026-09-28T04:36:50Z,2026-09-28T04:36Z,b,memory,"append-only dated CORRECTION entry naming path:line, recorded value and true date (original untouched)",n,b:event-date; basis: P32.25: PR #182 createdAt 2026-09-28T04:36Z; closeout commit e4bd612e 2026-09-28T04:39Z
docs/build/runs/P32.25.md,L187,2026-10-20,729fb268,2026-09-28T04:36:50Z,2026-09-28T04:36Z,b,memory,"append-only dated CORRECTION entry naming path:line, recorded value and true date (original untouched)",n,b:event-date; basis: P32.25: PR #182 createdAt 2026-09-28T04:36Z; closeout commit e4bd612e 2026-09-28T04:39Z
docs/build/runs/P32.6.md,L132,2026-10-13,794d789a,2026-09-27T08:06:32Z,2026-09-27T08:06Z,b,memory,"append-only dated CORRECTION entry naming path:line, recorded value and true date (original untouched)",n,b:event-date; basis: P32.6: PR #161 createdAt 2026-09-27T08:06Z; closeout commit c8d2856e 2026-09-27T08:06Z
docs/build/runs/P32.7.md,L15,2026-10-14,6bade66e,2026-09-27T08:37:13Z,2026-09-27T08:37Z,b,memory,"append-only dated CORRECTION entry naming path:line, recorded value and true date (original untouched)",n,b:event-date; basis: P32.7: PR #162 createdAt 2026-09-27T08:37Z; closeout commit 778a5e2e 2026-09-27T08:39Z
docs/build/runs/P32.7.md,L16,2026-10-13,6bade66e,2026-09-27T08:37:13Z,2026-09-27T08:06Z,b,memory,"append-only dated CORRECTION entry naming path:line, recorded value and true date (original untouched)",n,b:event-date; basis: P32.6: PR #161 createdAt 2026-09-27T08:06Z; closeout commit c8d2856e 2026-09-27T08:06Z
docs/build/runs/P32.7.md,L114,2026-10-14,6bade66e,2026-09-27T08:37:13Z,2026-09-27T08:37Z,b,memory,"append-only dated CORRECTION entry naming path:line, recorded value and true date (original untouched)",n,b:event-date; basis: P32.7: PR #162 createdAt 2026-09-27T08:37Z; closeout commit 778a5e2e 2026-09-27T08:39Z
docs/build/runs/P32.8.md,L17,2026-10-15,5f4772d8,2026-09-27T09:11:12Z,2026-09-27T09:11Z,b,memory,"append-only dated CORRECTION entry naming path:line, recorded value and true date (original untouched)",n,b:event-date; basis: P32.8: PR #163 createdAt 2026-09-27T09:11Z; closeout commit 5713f5dd 2026-09-27T09:13Z
docs/build/runs/P32.8.md,L18,2026-10-14,5f4772d8,2026-09-27T09:11:12Z,2026-09-27T08:37Z,b,memory,"append-only dated CORRECTION entry naming path:line, recorded value and true date (original untouched)",n,b:event-date; basis: P32.7: PR #162 createdAt 2026-09-27T08:37Z; closeout commit 778a5e2e 2026-09-27T08:39Z
docs/build/runs/P32.9.md,L17,2026-10-16,f5a21263,2026-09-27T09:30:57Z,2026-09-27T09:51Z,b,memory,"append-only dated CORRECTION entry naming path:line, recorded value and true date (original untouched)",n,b:event-date; basis: P32.9: PR #164 createdAt 2026-09-27T09:51Z; closeout commit c31380fb 2026-09-27T09:52Z
docs/build/runs/P32.9.md,L18,2026-10-15,f5a21263,2026-09-27T09:30:57Z,2026-09-27T09:11Z,b,memory,"append-only dated CORRECTION entry naming path:line, recorded value and true date (original untouched)",n,b:event-date; basis: P32.8: PR #163 createdAt 2026-09-27T09:11Z; closeout commit 5713f5dd 2026-09-27T09:13Z
docs/build/runs/P33.1.md,L14,2026-10-19,7a2ff9fa,2026-09-28T05:13:58Z,2026-09-28T01:27Z,b,memory,"append-only dated CORRECTION entry naming path:line, recorded value and true date (original untouched)",n,b:event-date; basis: S3DEFER: commit a33cd6ec 'operator defers S3 human-eval spine' (local 2026-09-27 21:27 -04:00)
docs/build/runs/P33.1.md,L93,2026-10-21,7a2ff9fa,2026-09-28T05:13:58Z,2026-09-28T05:14Z,b,memory,"append-only dated CORRECTION entry naming path:line, recorded value and true date (original untouched)",n,b:event-date; basis: P33.1: PR #183 createdAt 2026-09-28T05:14Z; closeout commit 08b3135f 2026-09-28T05:19Z
docs/build/runs/P33.1.md,L97,2026-10-20,7a2ff9fa,2026-09-28T05:13:58Z,2026-09-28T05:14Z,b,memory,"append-only dated CORRECTION entry naming path:line, recorded value and true date (original untouched)",n,b:event-date; basis: P33.1: PR #183 createdAt 2026-09-28T05:14Z; closeout commit 08b3135f 2026-09-28T05:19Z
docs/build/runs/P33.1.md,L125,2026-10-21,7a2ff9fa,2026-09-28T05:13:58Z,2026-09-28T05:14Z,b,memory,"append-only dated CORRECTION entry naming path:line, recorded value and true date (original untouched)",n,b:event-date; basis: P33.1: PR #183 createdAt 2026-09-28T05:14Z; closeout commit 08b3135f 2026-09-28T05:19Z
docs/build/runs/P33.2.md,L21,2026-10-11,d76c22eb,2026-09-28T06:26:26Z,2026-09-27T06:41Z,b,memory,"append-only dated CORRECTION entry naming path:line, recorded value and true date (original untouched)",n,b:event-date; basis: P32.4: PR #159 createdAt 2026-09-27T06:41Z; closeout commit 03ac3b06 2026-09-27T06:43Z
docs/build/runs/P33.5.md,L19,2026-10-19,bf98abb5,2026-09-28T20:28:13Z,2026-09-28T20:22Z,b,memory,"append-only dated CORRECTION entry naming path:line, recorded value and true date (original untouched)",n,b:event-date; basis: P33.5: commit 71e8bc83 (ADR-145)
docs/build/runs/P33.5.md,L35,2026-10-19,bf98abb5,2026-09-28T20:28:13Z,2026-09-28T20:22Z,b,memory,"append-only dated CORRECTION entry naming path:line, recorded value and true date (original untouched)",n,b:event-date; basis: P33.5: commit 71e8bc83 (ADR-145)
docs/build/tools/obligation_events.py,L211 observed_at,2026-10-11,6bade66e,2026-09-27T08:37:13Z,2026-09-27T06:41Z,b,memory,generator/tool literal fix (it re-emits the drifted date) + test; then regenerate,n,b:event-date; basis: P32.4: PR #159 createdAt 2026-09-27T06:41Z; closeout commit 03ac3b06 2026-09-27T06:43Z
docs/build/tools/obligation_events.py,L215,2026-10-11,6bade66e,2026-09-27T08:37:13Z,2026-09-27T06:41Z,b,memory,generator/tool literal fix (it re-emits the drifted date) + test; then regenerate,n,b:event-date; basis: P32.4: PR #159 createdAt 2026-09-27T06:41Z; closeout commit 03ac3b06 2026-09-27T06:43Z
docs/build/tools/obligation_events.py,L230 observed_at,2026-09-28,6bade66e,2026-09-27T08:37:13Z,2026-09-27T04:16Z,b,memory,generator/tool literal fix (it re-emits the drifted date) + test; then regenerate,n,b:event-date; basis: P32.2: PR #157 createdAt 2026-09-27T04:16Z; closeout commit 5677495a 2026-09-27T04:17Z
docs/build/tools/obligation_events.py,L234,2026-09-28,6bade66e,2026-09-27T08:37:13Z,2026-09-27T04:16Z,b,memory,generator/tool literal fix (it re-emits the drifted date) + test; then regenerate,n,b:event-date; basis: P32.2: PR #157 createdAt 2026-09-27T04:16Z; closeout commit 5677495a 2026-09-27T04:17Z
docs/build/tools/obligation_events.py,L248 observed_at,2026-10-12,6bade66e,2026-09-27T08:37:13Z,2026-09-27T07:17Z,b,memory,generator/tool literal fix (it re-emits the drifted date) + test; then regenerate,n,b:event-date; basis: P32.5: PR #160 createdAt 2026-09-27T07:17Z; closeout commit 616b889c 2026-09-27T07:19Z
docs/build/tools/obligation_events.py,L252,2026-10-12,6bade66e,2026-09-27T08:37:13Z,2026-09-27T07:17Z,b,memory,generator/tool literal fix (it re-emits the drifted date) + test; then regenerate,n,b:event-date; basis: P32.5: PR #160 createdAt 2026-09-27T07:17Z; closeout commit 616b889c 2026-09-27T07:19Z
docs/build/tools/obligation_events.py,L270,2026-10-21,7a2ff9fa,2026-09-28T05:13:58Z,2026-09-28T05:14Z,b,memory,generator/tool literal fix (it re-emits the drifted date) + test; then regenerate,n,b:event-date; basis: P33.1: PR #183 createdAt 2026-09-28T05:14Z; closeout commit 08b3135f 2026-09-28T05:19Z
docs/research/R10_uiux_and_product_surfaces.md,L292,2026-10-01,a33177c7,2026-08-20T22:12:47Z,n/a (class a),a,spec,none,n,a:illustrative; spec/research example or source quotation
docs/research/R10_uiux_and_product_surfaces.md,L500,2027-04-02,a33177c7,2026-08-20T22:12:47Z,n/a (class a),a,spec,none,n,a:real-world; document-stated horizon (expiry/term/statute/EOL/fiscal/meeting)
docs/research/R10_uiux_and_product_surfaces.md,L826,2026-09-02,a33177c7,2026-08-20T22:12:47Z,n/a (class a),a,spec,none,n,a:illustrative; spec/research example or source quotation
docs/research/R10_uiux_and_product_surfaces.md,L834,2026-09-14,a33177c7,2026-08-20T22:12:47Z,n/a (class a),a,spec,none,n,a:illustrative; spec/research example or source quotation
docs/research/R10_uiux_and_product_surfaces.md,L836,2026-09-14,a33177c7,2026-08-20T22:12:47Z,n/a (class a),a,spec,none,n,a:illustrative; spec/research example or source quotation
docs/research/R10_uiux_and_product_surfaces.md,L836,2026-10-01,a33177c7,2026-08-20T22:12:47Z,n/a (class a),a,spec,none,n,"a:real-world; OKC stated 30->7-day retention effective 2026-10-01 (city usage page per S2 research d6c562e5, 2026-09-26; NOT reconfirmed — 403 in source-plan-review)"
docs/research/R10_uiux_and_product_surfaces.md,L928 term_end,2027-04-02,a33177c7,2026-08-20T22:12:47Z,n/a (class a),a,spec,none,n,a:real-world; document-stated horizon (expiry/term/statute/EOL/fiscal/meeting)
docs/research/R11_pipeline_ops_engineering.md,L1799,2026-09-01,a33177c7,2026-08-20T22:12:47Z,n/a (class a),a,spec,none,n,a:illustrative; spec/research example or source quotation
docs/research/R12_community_and_research_coordination.md,L901 sent_at,2026-08-21T00:00:00Z,a33177c7,2026-08-20T22:12:47Z,n/a (class a),a,spec,none,n,a:illustrative; spec/research example or source quotation
docs/research/R12_community_and_research_coordination.md,L906 at,2026-08-21T00:00:00Z,a33177c7,2026-08-20T22:12:47Z,n/a (class a),a,spec,none,n,a:illustrative; spec/research example or source quotation
docs/research/R3_eff_atlas_and_accountability.md,L1036,2027-02-01,a33177c7,2026-08-20T22:12:47Z,n/a (class a),a,spec,none,n,a:real-world; document-stated horizon (expiry/term/statute/EOL/fiscal/meeting)
docs/research/R3_eff_atlas_and_accountability.md,L1036 expires,2027-04-02,a33177c7,2026-08-20T22:12:47Z,n/a (class a),a,spec,none,n,a:real-world; document-stated horizon (expiry/term/statute/EOL/fiscal/meeting)
docs/research/R3_eff_atlas_and_accountability.md,L1424,2027-04-01,a33177c7,2026-08-20T22:12:47Z,n/a (class a),a,spec,none,n,a:real-world; document-stated horizon (expiry/term/statute/EOL/fiscal/meeting)
docs/research/R3_eff_atlas_and_accountability.md,L1424,2027-07-01,a33177c7,2026-08-20T22:12:47Z,n/a (class a),a,spec,none,n,a:real-world; document-stated horizon (expiry/term/statute/EOL/fiscal/meeting)
docs/research/R3_eff_atlas_and_accountability.md,L1455,2027-04-01,a33177c7,2026-08-20T22:12:47Z,n/a (class a),a,spec,none,n,a:real-world; document-stated horizon (expiry/term/statute/EOL/fiscal/meeting)
docs/research/R3_eff_atlas_and_accountability.md,L1467,2028-07-01,a33177c7,2026-08-20T22:12:47Z,n/a (class a),a,spec,none,n,a:real-world; document-stated horizon (expiry/term/statute/EOL/fiscal/meeting)
docs/research/R3_eff_atlas_and_accountability.md,L1635,2027-04-01,a33177c7,2026-08-20T22:12:47Z,n/a (class a),a,spec,none,n,a:real-world; document-stated horizon (expiry/term/statute/EOL/fiscal/meeting)
docs/research/R3_eff_atlas_and_accountability.md,L1635,2027-07-01,a33177c7,2026-08-20T22:12:47Z,n/a (class a),a,spec,none,n,a:real-world; document-stated horizon (expiry/term/statute/EOL/fiscal/meeting)
docs/research/R3_eff_atlas_and_accountability.md,L1748,2027-04-01,a33177c7,2026-08-20T22:12:47Z,n/a (class a),a,spec,none,n,a:real-world; document-stated horizon (expiry/term/statute/EOL/fiscal/meeting)
docs/research/R3_eff_atlas_and_accountability.md,L1750,2028-07-01,a33177c7,2026-08-20T22:12:47Z,n/a (class a),a,spec,none,n,a:real-world; document-stated horizon (expiry/term/statute/EOL/fiscal/meeting)
docs/research/R4_records_procurement_evidence.md,L653 Date,2027-09-25,a33177c7,2026-08-20T22:12:47Z,n/a (class a),a,spec,none,n,a:real-world; document-stated horizon (expiry/term/statute/EOL/fiscal/meeting)
docs/research/R4_records_procurement_evidence.md,L660 Date,2026-09-17,a33177c7,2026-08-20T22:12:47Z,n/a (class a),a,spec,none,n,a:illustrative; spec/research example or source quotation
docs/research/R4_records_procurement_evidence.md,L751 Date,2027-09-24,a33177c7,2026-08-20T22:12:47Z,n/a (class a),a,spec,none,n,a:real-world; document-stated horizon (expiry/term/statute/EOL/fiscal/meeting)
docs/research/R4_records_procurement_evidence.md,L756 Date,2027-01-25,a33177c7,2026-08-20T22:12:47Z,n/a (class a),a,spec,none,n,a:real-world; document-stated horizon (expiry/term/statute/EOL/fiscal/meeting)
docs/research/R6_storage_bitemporal_provenance.md,L53,2026-11-12,a33177c7,2026-08-20T22:12:47Z,n/a (class a),a,spec,none,n,a:real-world; document-stated horizon (expiry/term/statute/EOL/fiscal/meeting)
docs/research/R6_storage_bitemporal_provenance.md,L53,2030-11-14,a33177c7,2026-08-20T22:12:47Z,n/a (class a),a,spec,none,n,a:real-world; document-stated horizon (expiry/term/statute/EOL/fiscal/meeting)
docs/research/R6_storage_bitemporal_provenance.md,L56,2026-11-12,a33177c7,2026-08-20T22:12:47Z,n/a (class a),a,spec,none,n,a:real-world; document-stated horizon (expiry/term/statute/EOL/fiscal/meeting)
docs/research/R6_storage_bitemporal_provenance.md,L56,2030-11-14,a33177c7,2026-08-20T22:12:47Z,n/a (class a),a,spec,none,n,a:real-world; document-stated horizon (expiry/term/statute/EOL/fiscal/meeting)
docs/research/R6_storage_bitemporal_provenance.md,L897,2027-01-01,a33177c7,2026-08-20T22:12:47Z,n/a (class a),a,spec,none,n,a:real-world; document-stated horizon (expiry/term/statute/EOL/fiscal/meeting)
docs/research/R9_international.md,L723 expected_availability,2027-12-02,a33177c7,2026-08-20T22:12:47Z,n/a (class a),a,spec,none,n,a:real-world; document-stated horizon (expiry/term/statute/EOL/fiscal/meeting)
docs/research/R9_international.md,L815 startDate,2026-09-03T01:00:00+01:00,a33177c7,2026-08-20T22:12:47Z,n/a (class a),a,spec,none,n,a:illustrative; spec/research example or source quotation
docs/research/R9_international.md,L815 endDate,2029-07-31T23:59:59+01:00,a33177c7,2026-08-20T22:12:47Z,n/a (class a),a,spec,none,n,a:real-world; document-stated horizon (expiry/term/statute/EOL/fiscal/meeting)
docs/research/R9_international.md,L1247,2027-12-02,a33177c7,2026-08-20T22:12:47Z,n/a (class a),a,spec,none,n,a:real-world; document-stated horizon (expiry/term/statute/EOL/fiscal/meeting)
docs/research/_meta/spec_src/21_partII_s09_temporal.md,L15,2026-08-22,a33177c7,2026-08-20T22:12:47Z,n/a (class a),a,spec,none,n,a:illustrative; spec/research example or source quotation
docs/research/_meta/spec_src/21_partII_s09_temporal.md,L20,2026-08-22,a33177c7,2026-08-20T22:12:47Z,n/a (class a),a,spec,none,n,a:illustrative; spec/research example or source quotation
docs/research/_meta/spec_src/21_partII_s09_temporal.md,L110,2026-09-01,a33177c7,2026-08-20T22:12:47Z,n/a (class a),a,spec,none,n,a:illustrative; spec/research example or source quotation
docs/research/_meta/spec_src/21_partII_s09_temporal.md,L111,2026-09-01,a33177c7,2026-08-20T22:12:47Z,n/a (class a),a,spec,none,n,a:illustrative; spec/research example or source quotation
docs/research/_meta/spec_src/51b_partIV_s22_6_seeded_registry.md,L246,2027-04-01,a33177c7,2026-08-20T22:12:47Z,n/a (class a),a,spec,none,n,a:real-world; document-stated horizon (expiry/term/statute/EOL/fiscal/meeting)
docs/research/_meta/spec_src/81_partVII_s39to41_ui.md,L85,2027-01-02,a33177c7,2026-08-20T22:12:47Z,n/a (class a),a,spec,none,n,a:real-world; document-stated horizon (expiry/term/statute/EOL/fiscal/meeting)
docs/research/_meta/spec_src/81_partVII_s39to41_ui.md,L85,2027-04-02,a33177c7,2026-08-20T22:12:47Z,n/a (class a),a,spec,none,n,a:real-world; document-stated horizon (expiry/term/statute/EOL/fiscal/meeting)
docs/research/_meta/spec_src/81_partVII_s39to41_ui.md,L323,2026-09-30,a33177c7,2026-08-20T22:12:47Z,n/a (class a),a,spec,none,n,a:illustrative; spec/research example or source quotation
docs/research/_meta/spec_src/96b_partXI_s55_six_streams.md,L13,2026-10-19,71e8bc83,2026-09-28T20:22:26Z,2026-09-28T01:27Z,b,spec,spec_src amendment (BUILD.sh) with an App-G correction row + the correction ADR,n,b:event-date; basis: S3DEFER: commit a33cd6ec 'operator defers S3 human-eval spine' (local 2026-09-27 21:27 -04:00)
docs/research/_meta/spec_src/96b_partXI_s55_six_streams.md,L101,2026-10-10,d6c562e5,2026-09-27T02:40:53Z,n/a (class a),a,spec,none,n,"a:scheduled; D-P31.4-1 OSM replay cron 2026-10-10T03:35Z (scheduler read-only, BASELINE.md) — correctly future"
docs/research/_meta/spec_src/96b_partXI_s55_six_streams.md,L105,2026-10-19,71e8bc83,2026-09-28T20:22:26Z,2026-09-28T03:49Z,b,spec,spec_src amendment (BUILD.sh) with an App-G correction row + the correction ADR,n,b:event-date; basis: G3SIGN: commit 95c8a73f 'GATE-G3 signed' (local 2026-09-27 23:49 -04:00)
docs/research/_meta/spec_src/96b_partXI_s55_six_streams.md,L117,2026-10-19,71e8bc83,2026-09-28T20:22:26Z,2026-09-28T01:27Z,b,spec,spec_src amendment (BUILD.sh) with an App-G correction row + the correction ADR,n,b:event-date; basis: S3DEFER: commit a33cd6ec 'operator defers S3 human-eval spine' (local 2026-09-27 21:27 -04:00)
docs/research/_meta/spec_src/99a_appF_adr.md,L160,2026-10-01,30f8638e,2026-09-27T17:31:50Z,n/a (class a),a,spec,none,n,"a:real-world; OKC stated 30->7-day retention effective 2026-10-01 (city usage page per S2 research d6c562e5, 2026-09-26; NOT reconfirmed — 403 in source-plan-review)"
docs/research/_meta/spec_src/99a_appF_adr.md,L161,2026-10-01,e99e05b1,2026-09-27T17:56:04Z,no such event (synthetic replay/capture label),b,spec,spec_src amendment (BUILD.sh) with an App-G correction row + the correction ADR,n,b:event-date; basis: documents the dossier replay-label convention
docs/research/_meta/spec_src/99a_appF_adr.md,L168,2026-10-19,71e8bc83,2026-09-28T20:22:26Z,2026-09-28T01:27Z,b,spec,spec_src amendment (BUILD.sh) with an App-G correction row + the correction ADR,n,b:event-date; basis: S3DEFER: commit a33cd6ec 'operator defers S3 human-eval spine' (local 2026-09-27 21:27 -04:00)
docs/research/_meta/spec_src/99c_appG_corrections.md,L187,2026-10-19,71e8bc83,2026-09-28T20:22:26Z,2026-09-28T01:27Z,b,spec,spec_src amendment (BUILD.sh) with an App-G correction row + the correction ADR,n,b:event-date; basis: S3DEFER: commit a33cd6ec 'operator defers S3 human-eval spine' (local 2026-09-27 21:27 -04:00)
docs/risk_register.md,L909,2027-01-02,99d246c7,2026-09-02T03:35:06Z,n/a (class a),a,memory,none,n,a:real-world; document-stated horizon (expiry/term/statute/EOL/fiscal/meeting)
docs/risk_register.md,L909 example,2027-04-02,99d246c7,2026-09-02T03:35:06Z,n/a (class a),a,memory,none,n,a:real-world; document-stated horizon (expiry/term/statute/EOL/fiscal/meeting)
docs/risk_register.md,L960,2027-01-02,b8f5da8a,2026-09-08T16:31:51Z,n/a (class a),a,memory,none,n,a:real-world; document-stated horizon (expiry/term/statute/EOL/fiscal/meeting)
docs/risk_register.md,L960,2027-04-02,b8f5da8a,2026-09-08T16:31:51Z,n/a (class a),a,memory,none,n,a:real-world; document-stated horizon (expiry/term/statute/EOL/fiscal/meeting)
docs/slice/P06.1_hardness_precondition.md,L89,2027-06-30,b1b9965d,2026-09-01T13:38:03Z,n/a (class a),a,spec,none,n,a:real-world; document-stated horizon (expiry/term/statute/EOL/fiscal/meeting)
docs/tickets/00_MANIFEST.md,L5,2026-10-19,a33cd6ec,2026-09-28T01:27:21Z,2026-09-28T01:27Z,b,memory,"append-only dated CORRECTION entry naming path:line, recorded value and true date (original untouched)",n,b:event-date; basis: S3DEFER: commit a33cd6ec 'operator defers S3 human-eval spine' (local 2026-09-27 21:27 -04:00)
docs/tickets/00_MANIFEST.md,L275,2026-10-08,a84dadfe,2026-09-24T18:32:49Z,n/a (class a),a,memory,none,n,a:scheduled; gate-Q4 deadline for the batch-05 switch (future at writing)
docs/tickets/00_MANIFEST.md,L275,2026-10-10,a84dadfe,2026-09-24T18:32:49Z,n/a (class a),a,memory,none,n,"a:scheduled; D-P31.4-1 OSM replay cron 2026-10-10T03:35Z (scheduler read-only, BASELINE.md) — correctly future"
docs/tickets/00_MANIFEST.md,L288,2026-10-10,34406ffc,2026-09-25T02:56:56Z,n/a (class a),a,memory,none,n,"a:scheduled; D-P31.4-1 OSM replay cron 2026-10-10T03:35Z (scheduler read-only, BASELINE.md) — correctly future"
docs/tickets/00_MANIFEST.md,L322,2026-10-10,a84dadfe,2026-09-24T18:32:49Z,n/a (class a),a,memory,none,n,"a:scheduled; D-P31.4-1 OSM replay cron 2026-10-10T03:35Z (scheduler read-only, BASELINE.md) — correctly future"
docs/tickets/00_MANIFEST.md,L326,2026-10-08,a84dadfe,2026-09-24T18:32:49Z,n/a (class a),a,memory,none,n,a:scheduled; gate-Q4 deadline for the batch-05 switch (future at writing)
docs/tickets/00_MANIFEST.md,L448,2026-10-08,a84dadfe,2026-09-24T18:32:49Z,n/a (class a),a,memory,none,n,a:scheduled; gate-Q4 deadline for the batch-05 switch (future at writing)
docs/tickets/DEFERRALS.md,L41,2026-10-14,6bade66e,2026-09-27T08:37:13Z,2026-09-27T08:37Z,b,memory,"append-only dated CORRECTION entry naming path:line, recorded value and true date (original untouched)",n,b:event-date; basis: P32.7: PR #162 createdAt 2026-09-27T08:37Z; closeout commit 778a5e2e 2026-09-27T08:39Z
docs/tickets/DEFERRALS.md,L42,2026-10-14,6bade66e,2026-09-27T08:37:13Z,2026-09-27T08:37Z,b,memory,"append-only dated CORRECTION entry naming path:line, recorded value and true date (original untouched)",n,b:event-date; basis: P32.7: PR #162 createdAt 2026-09-27T08:37Z; closeout commit 778a5e2e 2026-09-27T08:39Z
docs/tickets/DEFERRALS.md,L132,2026-10-14,6bade66e,2026-09-27T08:37:13Z,2026-09-27T08:37Z,b,memory,"append-only dated CORRECTION entry naming path:line, recorded value and true date (original untouched)",n,b:event-date; basis: P32.7: PR #162 createdAt 2026-09-27T08:37Z; closeout commit 778a5e2e 2026-09-27T08:39Z
docs/tickets/DEFERRALS.md,L305,2026-10-03,be7bab69,2026-09-26T14:29:11Z,2026-09-26T14:33Z,b,memory,"append-only dated CORRECTION entry naming path:line, recorded value and true date (original untouched)",n,b:event-date; basis: P31.14: PR #151 createdAt 2026-09-26T14:33Z; closeout commit fbb47a9c 2026-09-26T14:33Z
docs/tickets/DEFERRALS.md,L331,2026-10-16,e8bc0179,2026-09-28T07:05:23Z,2026-09-27T09:51Z,b,memory,"append-only dated CORRECTION entry naming path:line, recorded value and true date (original untouched)",n,b:event-date; basis: P32.9: PR #164 createdAt 2026-09-27T09:51Z; closeout commit c31380fb 2026-09-27T09:52Z
docs/tickets/DEFERRALS.md,L331,2026-10-18,e8bc0179,2026-09-28T07:05:23Z,2026-09-27T10:12Z,b,memory,"append-only dated CORRECTION entry naming path:line, recorded value and true date (original untouched)",n,b:event-date; basis: P32.10: PR #165 createdAt 2026-09-27T10:12Z; closeout commit 13ade2b2 2026-09-27T10:25Z
docs/tickets/DEFERRALS.md,L331,2026-10-19,e8bc0179,2026-09-28T07:05:23Z,2026-09-28T02:11Z,b,memory,"append-only dated CORRECTION entry naming path:line, recorded value and true date (original untouched)",n,b:event-date; basis: P32.23a: PR #180 createdAt 2026-09-28T02:11Z; closeout commit 22b773f8 2026-09-28T02:11Z
docs/tickets/DEFERRALS.md,L331,2026-10-19,e8bc0179,2026-09-28T07:05:23Z,2026-09-28T01:27Z,b,memory,"append-only dated CORRECTION entry naming path:line, recorded value and true date (original untouched)",n,b:event-date; basis: S3DEFER: commit a33cd6ec 'operator defers S3 human-eval spine' (local 2026-09-27 21:27 -04:00)
docs/tickets/DEFERRALS.md,L340,2026-10-14,6bade66e,2026-09-27T08:37:13Z,2026-09-27T08:37Z,b,memory,"append-only dated CORRECTION entry naming path:line, recorded value and true date (original untouched)",n,b:event-date; basis: P32.7: PR #162 createdAt 2026-09-27T08:37Z; closeout commit 778a5e2e 2026-09-27T08:39Z
docs/tickets/DEFERRALS.md,L355,2026-10-10,0848d2ee,2026-09-24T23:08:43Z,n/a (class a),a,memory,none,n,"a:scheduled; D-P31.4-1 OSM replay cron 2026-10-10T03:35Z (scheduler read-only, BASELINE.md) — correctly future"
docs/tickets/DEFERRALS.md,L356,2026-10-08,7a2ff9fa,2026-09-28T05:13:58Z,n/a (class a),a,memory,none,n,a:scheduled; gate-Q4 deadline for the batch-05 switch (future at writing)
docs/tickets/DEFERRALS.md,L356,2026-10-21,7a2ff9fa,2026-09-28T05:13:58Z,2026-09-28T05:14Z,b,memory,"append-only dated CORRECTION entry naming path:line, recorded value and true date (original untouched)",n,b:event-date; basis: P33.1: PR #183 createdAt 2026-09-28T05:14Z; closeout commit 08b3135f 2026-09-28T05:19Z
docs/tickets/DEFERRALS.md,L378,2026-10-21,7a2ff9fa,2026-09-28T05:13:58Z,2026-09-28T05:14Z,b,memory,"append-only dated CORRECTION entry naming path:line, recorded value and true date (original untouched)",n,b:event-date; basis: P33.1: PR #183 createdAt 2026-09-28T05:14Z; closeout commit 08b3135f 2026-09-28T05:19Z
docs/tickets/DEFERRALS.md,L379,2026-10-21,7a2ff9fa,2026-09-28T05:13:58Z,2026-09-28T05:14Z,b,memory,"append-only dated CORRECTION entry naming path:line, recorded value and true date (original untouched)",n,b:event-date; basis: P33.1: PR #183 createdAt 2026-09-28T05:14Z; closeout commit 08b3135f 2026-09-28T05:19Z
docs/tickets/DEFERRALS.md,L388,2026-10-02,e8bc0179,2026-09-28T07:05:23Z,2026-09-25T23:21Z,b,memory,"append-only dated CORRECTION entry naming path:line, recorded value and true date (original untouched)",n,b:event-date; basis: P31.11: impl commit 4608f056 2026-09-25T23:21Z; PR #147 createdAt 2026-09-25T23:22Z
docs/tickets/DEFERRALS.md,L388,2026-10-02,e8bc0179,2026-09-28T07:05:23Z,2026-09-25T22:18Z,b,memory,"append-only dated CORRECTION entry naming path:line, recorded value and true date (original untouched)",n,b:event-date; basis: P31.10: PR #146 createdAt 2026-09-25T22:18Z; closeout commit 4dc4c80a 2026-09-25T22:19Z
docs/tickets/DEFERRALS.md,L388,2026-10-16,e8bc0179,2026-09-28T07:05:23Z,2026-09-27T09:51Z,b,memory,"append-only dated CORRECTION entry naming path:line, recorded value and true date (original untouched)",n,b:event-date; basis: P32.9: PR #164 createdAt 2026-09-27T09:51Z; closeout commit c31380fb 2026-09-27T09:52Z
docs/tickets/DEFERRALS.md,L388,2026-10-18,e8bc0179,2026-09-28T07:05:23Z,2026-09-27T10:12Z,b,memory,"append-only dated CORRECTION entry naming path:line, recorded value and true date (original untouched)",n,b:event-date; basis: P32.10: PR #165 createdAt 2026-09-27T10:12Z; closeout commit 13ade2b2 2026-09-27T10:25Z
docs/tickets/DEFERRALS.md,L389,2026-10-18,e8bc0179,2026-09-28T07:05:23Z,2026-09-27T10:12Z,b,memory,"append-only dated CORRECTION entry naming path:line, recorded value and true date (original untouched)",n,b:event-date; basis: P32.10: PR #165 createdAt 2026-09-27T10:12Z; closeout commit 13ade2b2 2026-09-27T10:25Z
docs/tickets/DEFERRALS.md,L390,2026-10-02,4e0dd070,2026-09-25T23:21:11Z,2026-09-25T23:21Z,b,memory,"append-only dated CORRECTION entry naming path:line, recorded value and true date (original untouched)",n,b:event-date; basis: P31.11: impl commit 4608f056 2026-09-25T23:21Z; PR #147 createdAt 2026-09-25T23:22Z
docs/tickets/DEFERRALS.md,L392,2026-10-21,7a2ff9fa,2026-09-28T05:13:58Z,2026-09-28T05:14Z,b,memory,"append-only dated CORRECTION entry naming path:line, recorded value and true date (original untouched)",n,b:event-date; basis: P33.1: PR #183 createdAt 2026-09-28T05:14Z; closeout commit 08b3135f 2026-09-28T05:19Z
docs/tickets/DEFERRALS.md,L393,2026-10-05,7a2ff9fa,2026-09-28T05:13:58Z,2026-09-26T15:16Z,b,memory,"append-only dated CORRECTION entry naming path:line, recorded value and true date (original untouched)",n,b:event-date; basis: P31.15: PR #152 createdAt 2026-09-26T15:16Z; closeout commit 90264c8a 2026-09-26T15:16Z
docs/tickets/DEFERRALS.md,L393,2026-10-21,7a2ff9fa,2026-09-28T05:13:58Z,2026-09-28T05:14Z,b,memory,"append-only dated CORRECTION entry naming path:line, recorded value and true date (original untouched)",n,b:event-date; basis: P33.1: PR #183 createdAt 2026-09-28T05:14Z; closeout commit 08b3135f 2026-09-28T05:19Z
docs/tickets/DEFERRALS.md,L394,2026-10-03,7a2ff9fa,2026-09-28T05:13:58Z,2026-09-26T14:33Z,b,memory,"append-only dated CORRECTION entry naming path:line, recorded value and true date (original untouched)",n,b:event-date; basis: P31.14: PR #151 createdAt 2026-09-26T14:33Z; closeout commit fbb47a9c 2026-09-26T14:33Z
docs/tickets/DEFERRALS.md,L394,2026-10-21,7a2ff9fa,2026-09-28T05:13:58Z,2026-09-28T05:14Z,b,memory,"append-only dated CORRECTION entry naming path:line, recorded value and true date (original untouched)",n,b:event-date; basis: P33.1: PR #183 createdAt 2026-09-28T05:14Z; closeout commit 08b3135f 2026-09-28T05:19Z
docs/tickets/DEFERRALS.md,L465,2026-10-11,d76c22eb,2026-09-28T06:26:26Z,2026-09-27T06:41Z,b,memory,"append-only dated CORRECTION entry naming path:line, recorded value and true date (original untouched)",n,b:event-date; basis: P32.4: PR #159 createdAt 2026-09-27T06:41Z; closeout commit 03ac3b06 2026-09-27T06:43Z
docs/tickets/DEFERRALS.md,L465,2026-10-11,d76c22eb,2026-09-28T06:26:26Z,2026-09-28T06:26Z,b,memory,"append-only dated CORRECTION entry naming path:line, recorded value and true date (original untouched)",n,b:event-date; basis: P33.2: PR #184 createdAt 2026-09-28T06:26Z; closeout commit d76c22eb 2026-09-28T06:26Z
docs/tickets/DEFERRALS.md,L465,2026-10-14,d76c22eb,2026-09-28T06:26:26Z,2026-09-27T08:37Z,b,memory,"append-only dated CORRECTION entry naming path:line, recorded value and true date (original untouched)",n,b:event-date; basis: P32.7: PR #162 createdAt 2026-09-27T08:37Z; closeout commit 778a5e2e 2026-09-27T08:39Z
docs/tickets/DEFERRALS.md,L466,2026-10-21,7a2ff9fa,2026-09-28T05:13:58Z,2026-09-28T05:14Z,b,memory,"append-only dated CORRECTION entry naming path:line, recorded value and true date (original untouched)",n,b:event-date; basis: P33.1: PR #183 createdAt 2026-09-28T05:14Z; closeout commit 08b3135f 2026-09-28T05:19Z
docs/tickets/DEFERRALS.md,L467,2026-10-14,d76c22eb,2026-09-28T06:26:26Z,2026-09-27T08:37Z,b,memory,"append-only dated CORRECTION entry naming path:line, recorded value and true date (original untouched)",n,b:event-date; basis: P32.7: PR #162 createdAt 2026-09-27T08:37Z; closeout commit 778a5e2e 2026-09-27T08:39Z
docs/tickets/DEFERRALS.md,L481,2026-10-08,a84dadfe,2026-09-24T18:32:49Z,n/a (class a),a,memory,none,n,a:scheduled; gate-Q4 deadline for the batch-05 switch (future at writing)
docs/tickets/DEFERRALS.md,L491,2026-10-10,7a2ff9fa,2026-09-28T05:13:58Z,n/a (class a),a,memory,none,n,"a:scheduled; D-P31.4-1 OSM replay cron 2026-10-10T03:35Z (scheduler read-only, BASELINE.md) — correctly future"
docs/tickets/DEFERRALS.md,L491,2026-10-21,7a2ff9fa,2026-09-28T05:13:58Z,2026-09-28T05:14Z,b,memory,"append-only dated CORRECTION entry naming path:line, recorded value and true date (original untouched)",n,b:event-date; basis: P33.1: PR #183 createdAt 2026-09-28T05:14Z; closeout commit 08b3135f 2026-09-28T05:19Z
docs/tickets/DEFERRALS.md,L500,2026-10-10,bfc67d08,2026-09-27T02:04:12Z,n/a (class a),a,memory,none,n,"a:scheduled; D-P31.4-1 OSM replay cron 2026-10-10T03:35Z (scheduler read-only, BASELINE.md) — correctly future"
docs/tickets/DEFERRALS.md,L509,2026-10-12,6bade66e,2026-09-27T08:37:13Z,2026-09-27T07:17Z,b,memory,"append-only dated CORRECTION entry naming path:line, recorded value and true date (original untouched)",n,b:event-date; basis: P32.5: PR #160 createdAt 2026-09-27T07:17Z; closeout commit 616b889c 2026-09-27T07:19Z
docs/tickets/DEFERRALS.md,L509,2026-10-14,6bade66e,2026-09-27T08:37:13Z,2026-09-27T08:37Z,b,memory,"append-only dated CORRECTION entry naming path:line, recorded value and true date (original untouched)",n,b:event-date; basis: P32.7: PR #162 createdAt 2026-09-27T08:37Z; closeout commit 778a5e2e 2026-09-27T08:39Z
docs/tickets/DEFERRALS.md,L535,2026-10-10,34406ffc,2026-09-25T02:56:56Z,n/a (class a),a,memory,none,n,"a:scheduled; D-P31.4-1 OSM replay cron 2026-10-10T03:35Z (scheduler read-only, BASELINE.md) — correctly future"
docs/tickets/DEFERRALS.md,L569,2026-10-10,bfc67d08,2026-09-27T02:04:12Z,n/a (class a),a,memory,none,n,"a:scheduled; D-P31.4-1 OSM replay cron 2026-10-10T03:35Z (scheduler read-only, BASELINE.md) — correctly future"
docs/tickets/DEFERRALS.md,L576,2026-10-10,d6c562e5,2026-09-27T02:40:53Z,n/a (class a),a,memory,none,n,"a:scheduled; D-P31.4-1 OSM replay cron 2026-10-10T03:35Z (scheduler read-only, BASELINE.md) — correctly future"
docs/tickets/DEFERRALS.md,L580,2026-10-01,e8bc0179,2026-09-28T07:05:23Z,2026-09-27T17:56Z,b,memory,"append-only dated CORRECTION entry naming path:line, recorded value and true date (original untouched)",n,b:event-date; basis: P32.19: PR #176 createdAt 2026-09-27T17:56Z; closeout commit 3e26a2dc 2026-09-27T17:56Z
docs/tickets/DEFERRALS.md,L580,2026-10-02,e8bc0179,2026-09-28T07:05:23Z,2026-09-27T17:31Z,b,memory,"append-only dated CORRECTION entry naming path:line, recorded value and true date (original untouched)",n,b:event-date; basis: P32.18: PR #175 createdAt 2026-09-27T17:31Z; closeout commit 0f2e0711 2026-09-27T17:32Z
docs/tickets/DEFERRALS.md,L580,2026-10-02,e8bc0179,2026-09-28T07:05:23Z,2026-09-27T16:35Z,b,memory,"append-only dated CORRECTION entry naming path:line, recorded value and true date (original untouched)",n,b:event-date; basis: P32.17: PR #174 createdAt 2026-09-27T16:35Z; closeout commit 2c588cd6 2026-09-27T16:41Z
docs/tickets/DEFERRALS.md,L580,2026-10-16,e8bc0179,2026-09-28T07:05:23Z,2026-09-27T09:51Z,b,memory,"append-only dated CORRECTION entry naming path:line, recorded value and true date (original untouched)",n,b:event-date; basis: P32.9: PR #164 createdAt 2026-09-27T09:51Z; closeout commit c31380fb 2026-09-27T09:52Z
docs/tickets/DEFERRALS.md,L580,2026-10-18,e8bc0179,2026-09-28T07:05:23Z,2026-09-27T10:12Z,b,memory,"append-only dated CORRECTION entry naming path:line, recorded value and true date (original untouched)",n,b:event-date; basis: P32.10: PR #165 createdAt 2026-09-27T10:12Z; closeout commit 13ade2b2 2026-09-27T10:25Z
docs/tickets/DEFERRALS.md,L580,2026-10-19,e8bc0179,2026-09-28T07:05:23Z,2026-09-28T01:27Z,b,memory,"append-only dated CORRECTION entry naming path:line, recorded value and true date (original untouched)",n,b:event-date; basis: S3DEFER: commit a33cd6ec 'operator defers S3 human-eval spine' (local 2026-09-27 21:27 -04:00)
docs/tickets/DEFERRALS.md,L580,2026-10-19,e8bc0179,2026-09-28T07:05:23Z,2026-09-28T02:11Z,b,memory,"append-only dated CORRECTION entry naming path:line, recorded value and true date (original untouched)",n,b:event-date; basis: P32.23a: PR #180 createdAt 2026-09-28T02:11Z; closeout commit 22b773f8 2026-09-28T02:11Z
docs/tickets/DEFERRALS.md,L581,2026-10-01,e8bc0179,2026-09-28T07:05:23Z,2026-09-27T17:56Z,b,memory,"append-only dated CORRECTION entry naming path:line, recorded value and true date (original untouched)",n,b:event-date; basis: P32.19: PR #176 createdAt 2026-09-27T17:56Z; closeout commit 3e26a2dc 2026-09-27T17:56Z
docs/tickets/DEFERRALS.md,L581,2026-10-02,e8bc0179,2026-09-28T07:05:23Z,2026-09-27T16:35Z,b,memory,"append-only dated CORRECTION entry naming path:line, recorded value and true date (original untouched)",n,b:event-date; basis: P32.17: PR #174 createdAt 2026-09-27T16:35Z; closeout commit 2c588cd6 2026-09-27T16:41Z
docs/tickets/DEFERRALS.md,L581,2026-10-02,e8bc0179,2026-09-28T07:05:23Z,2026-09-27T17:31Z,b,memory,"append-only dated CORRECTION entry naming path:line, recorded value and true date (original untouched)",n,b:event-date; basis: P32.18: PR #175 createdAt 2026-09-27T17:31Z; closeout commit 0f2e0711 2026-09-27T17:32Z
docs/tickets/DEFERRALS.md,L582,2026-10-13,e8bc0179,2026-09-28T07:05:23Z,2026-09-27T08:06Z,b,memory,"append-only dated CORRECTION entry naming path:line, recorded value and true date (original untouched)",n,b:event-date; basis: P32.6: PR #161 createdAt 2026-09-27T08:06Z; closeout commit c8d2856e 2026-09-27T08:06Z
docs/tickets/DEFERRALS.md,L582,2026-10-19,e8bc0179,2026-09-28T07:05:23Z,2026-09-28T02:11Z,b,memory,"append-only dated CORRECTION entry naming path:line, recorded value and true date (original untouched)",n,b:event-date; basis: P32.23a: PR #180 createdAt 2026-09-28T02:11Z; closeout commit 22b773f8 2026-09-28T02:11Z
docs/tickets/DEFERRALS.md,L582,2026-10-20,e8bc0179,2026-09-28T07:05:23Z,2026-09-28T04:36Z,b,memory,"append-only dated CORRECTION entry naming path:line, recorded value and true date (original untouched)",n,b:event-date; basis: P32.25: PR #182 createdAt 2026-09-28T04:36Z; closeout commit e4bd612e 2026-09-28T04:39Z
docs/tickets/DEFERRALS.md,L583,2026-10-04,e8bc0179,2026-09-28T07:05:23Z,2026-09-27T14:13Z,b,memory,"append-only dated CORRECTION entry naming path:line, recorded value and true date (original untouched)",n,b:event-date; basis: P32.15: PR #171 createdAt 2026-09-27T14:13Z; closeout commit 4dd5a038 2026-09-27T14:15Z
docs/tickets/DEFERRALS.md,L583,2026-10-18,e8bc0179,2026-09-28T07:05:23Z,2026-09-27T15:05Z,b,memory,"append-only dated CORRECTION entry naming path:line, recorded value and true date (original untouched)",n,b:event-date; basis: P32.16: PR #172 createdAt 2026-09-27T15:05Z; closeout commit 0669f65d 2026-09-27T15:05Z
docs/tickets/DEFERRALS.md,L583,2026-10-19,e8bc0179,2026-09-28T07:05:23Z,2026-09-28T02:11Z,b,memory,"append-only dated CORRECTION entry naming path:line, recorded value and true date (original untouched)",n,b:event-date; basis: P32.23a: PR #180 createdAt 2026-09-28T02:11Z; closeout commit 22b773f8 2026-09-28T02:11Z
docs/tickets/DEFERRALS.md,L583,2026-10-19,e8bc0179,2026-09-28T07:05:23Z,2026-09-27T15:58Z,b,memory,"append-only dated CORRECTION entry naming path:line, recorded value and true date (original untouched)",n,b:event-date; basis: P32.16a: PR #173 createdAt 2026-09-27T15:58Z; closeout commit 5f80ba19 2026-09-27T15:59Z
docs/tickets/DEFERRALS.md,L583,2026-10-20,e8bc0179,2026-09-28T07:05:23Z,2026-09-28T04:36Z,b,memory,"append-only dated CORRECTION entry naming path:line, recorded value and true date (original untouched)",n,b:event-date; basis: P32.25: PR #182 createdAt 2026-09-28T04:36Z; closeout commit e4bd612e 2026-09-28T04:39Z
docs/tickets/DEFERRALS.md,L583,2026-10-20,e8bc0179,2026-09-28T07:05:23Z,2026-09-28T03:08Z,b,memory,"append-only dated CORRECTION entry naming path:line, recorded value and true date (original untouched)",n,b:event-date; basis: P32.24: PR #181 createdAt 2026-09-28T03:08Z; closeout commit da146260 2026-09-28T03:08Z
docs/tickets/DEFERRALS.md,L584,2026-10-14,e8bc0179,2026-09-28T07:05:23Z,2026-09-27T08:37Z,b,memory,"append-only dated CORRECTION entry naming path:line, recorded value and true date (original untouched)",n,b:event-date; basis: P32.7: PR #162 createdAt 2026-09-27T08:37Z; closeout commit 778a5e2e 2026-09-27T08:39Z
docs/tickets/DEFERRALS.md,L584,2026-10-15,e8bc0179,2026-09-28T07:05:23Z,2026-09-27T09:11Z,b,memory,"append-only dated CORRECTION entry naming path:line, recorded value and true date (original untouched)",n,b:event-date; basis: P32.8: PR #163 createdAt 2026-09-27T09:11Z; closeout commit 5713f5dd 2026-09-27T09:13Z
docs/tickets/DEFERRALS.md,L585,2026-10-20,e8bc0179,2026-09-28T07:05:23Z,2026-09-28T03:08Z,b,memory,"append-only dated CORRECTION entry naming path:line, recorded value and true date (original untouched)",n,b:event-date; basis: P32.24: PR #181 createdAt 2026-09-28T03:08Z; closeout commit da146260 2026-09-28T03:08Z
docs/tickets/DEFERRALS.md,L589,2026-10-10,d6c562e5,2026-09-27T02:40:53Z,n/a (class a),a,memory,none,n,"a:scheduled; D-P31.4-1 OSM replay cron 2026-10-10T03:35Z (scheduler read-only, BASELINE.md) — correctly future"
docs/tickets/DEFERRALS.md,L610,2026-10-10,a3653d76,2026-09-27T03:17:46Z,n/a (class a),a,memory,none,n,"a:scheduled; D-P31.4-1 OSM replay cron 2026-10-10T03:35Z (scheduler read-only, BASELINE.md) — correctly future"
docs/tickets/DEFERRALS.md,L613,2026-10-10,b468627c,2026-09-27T05:21:43Z,2026-09-27T05:27Z,b,memory,"append-only dated CORRECTION entry naming path:line, recorded value and true date (original untouched)",n,b:event-date; basis: P32.3: PR #158 createdAt 2026-09-27T05:27Z; closeout commit 2a329e37 2026-09-27T05:32Z
docs/tickets/DEFERRALS.md,L623,2026-10-10,e8bc0179,2026-09-28T07:05:23Z,2026-09-27T05:27Z,b,memory,"append-only dated CORRECTION entry naming path:line, recorded value and true date (original untouched)",n,b:event-date; basis: P32.3: PR #158 createdAt 2026-09-27T05:27Z; closeout commit 2a329e37 2026-09-27T05:32Z
docs/tickets/DEFERRALS.md,L627,2026-10-18,aa5c5194,2026-09-27T15:05:47Z,2026-09-27T15:05Z,b,memory,"append-only dated CORRECTION entry naming path:line, recorded value and true date (original untouched)",n,b:event-date; basis: P32.16: PR #172 createdAt 2026-09-27T15:05Z; closeout commit 0669f65d 2026-09-27T15:05Z
docs/tickets/DEFERRALS.md,L641,2026-10-18,e8bc0179,2026-09-28T07:05:23Z,2026-09-27T15:05Z,b,memory,"append-only dated CORRECTION entry naming path:line, recorded value and true date (original untouched)",n,b:event-date; basis: P32.16: PR #172 createdAt 2026-09-27T15:05Z; closeout commit 0669f65d 2026-09-27T15:05Z
docs/tickets/DEFERRALS.md,L641,2026-10-19,e8bc0179,2026-09-28T07:05:23Z,2026-09-27T15:58Z,b,memory,"append-only dated CORRECTION entry naming path:line, recorded value and true date (original untouched)",n,b:event-date; basis: P32.16a: PR #173 createdAt 2026-09-27T15:58Z; closeout commit 5f80ba19 2026-09-27T15:59Z
docs/tickets/DEFERRALS.md,L641,2026-10-20,e8bc0179,2026-09-28T07:05:23Z,2026-09-28T04:36Z,b,memory,"append-only dated CORRECTION entry naming path:line, recorded value and true date (original untouched)",n,b:event-date; basis: P32.25: PR #182 createdAt 2026-09-28T04:36Z; closeout commit e4bd612e 2026-09-28T04:39Z
docs/tickets/DEFERRALS.md,L642,2026-10-19,e8bc0179,2026-09-28T07:05:23Z,2026-09-27T15:58Z,b,memory,"append-only dated CORRECTION entry naming path:line, recorded value and true date (original untouched)",n,b:event-date; basis: P32.16a: PR #173 createdAt 2026-09-27T15:58Z; closeout commit 5f80ba19 2026-09-27T15:59Z
docs/tickets/DEFERRALS.md,L643,2026-10-02,e8bc0179,2026-09-28T07:05:23Z,2026-09-27T17:31Z,b,memory,"append-only dated CORRECTION entry naming path:line, recorded value and true date (original untouched)",n,b:event-date; basis: P32.18: PR #175 createdAt 2026-09-27T17:31Z; closeout commit 0f2e0711 2026-09-27T17:32Z
docs/tickets/DEFERRALS.md,L644,2026-10-01,e8bc0179,2026-09-28T07:05:23Z,no such event (synthetic replay/capture label),b,memory,"append-only dated CORRECTION entry naming path:line, recorded value and true date (original untouched)",n,b:event-date; basis: documents the dossier replay-label convention
docs/tickets/DEFERRALS.md,L661,2026-10-19,9bf11201,2026-09-28T02:11:03Z,2026-09-28T01:27Z,b,memory,"append-only dated CORRECTION entry naming path:line, recorded value and true date (original untouched)",n,b:event-date; basis: S3DEFER: commit a33cd6ec 'operator defers S3 human-eval spine' (local 2026-09-27 21:27 -04:00)
docs/tickets/DEFERRALS.md,L676,2026-10-19,e8bc0179,2026-09-28T07:05:23Z,2026-09-28T02:11Z,b,memory,"append-only dated CORRECTION entry naming path:line, recorded value and true date (original untouched)",n,b:event-date; basis: P32.23a: PR #180 createdAt 2026-09-28T02:11Z; closeout commit 22b773f8 2026-09-28T02:11Z
docs/tickets/DEFERRALS.md,L676,2026-10-20,e8bc0179,2026-09-28T07:05:23Z,2026-09-28T03:08Z,b,memory,"append-only dated CORRECTION entry naming path:line, recorded value and true date (original untouched)",n,b:event-date; basis: P32.24: PR #181 createdAt 2026-09-28T03:08Z; closeout commit da146260 2026-09-28T03:08Z
docs/tickets/DEFERRALS.md,L676,2026-10-20,e8bc0179,2026-09-28T07:05:23Z,2026-09-28T04:36Z,b,memory,"append-only dated CORRECTION entry naming path:line, recorded value and true date (original untouched)",n,b:event-date; basis: P32.25: PR #182 createdAt 2026-09-28T04:36Z; closeout commit e4bd612e 2026-09-28T04:39Z
docs/tickets/DEFERRALS.md,L810,2026-10-19,c77bd45e,2026-09-28T22:45:44Z,2026-09-28T01:27Z,b,memory,"append-only dated CORRECTION entry naming path:line, recorded value and true date (original untouched)",n,b:event-date; basis: S3DEFER: commit a33cd6ec 'operator defers S3 human-eval spine' (local 2026-09-27 21:27 -04:00)
docs/tickets/P31.19__round9-closeout.md,L49,2026-10-10,34406ffc,2026-09-25T02:56:56Z,n/a (class a),a,memory,none,n,"a:scheduled; D-P31.4-1 OSM replay cron 2026-10-10T03:35Z (scheduler read-only, BASELINE.md) — correctly future"
docs/tickets/P31.19__round9-closeout.md,L52,2026-10-10,34406ffc,2026-09-25T02:56:56Z,n/a (class a),a,memory,none,n,"a:scheduled; D-P31.4-1 OSM replay cron 2026-10-10T03:35Z (scheduler read-only, BASELINE.md) — correctly future"
docs/tickets/P31.3__sink-identity-guard-and-batched-writes.md,L5,2026-10-10,a84dadfe,2026-09-24T18:32:49Z,n/a (class a),a,memory,none,n,"a:scheduled; D-P31.4-1 OSM replay cron 2026-10-10T03:35Z (scheduler read-only, BASELINE.md) — correctly future"
docs/tickets/P31.4__incremental-restart-and-osm-replay-readiness.md,L5,2026-10-10,a84dadfe,2026-09-24T18:32:49Z,n/a (class a),a,memory,none,n,"a:scheduled; D-P31.4-1 OSM replay cron 2026-10-10T03:35Z (scheduler read-only, BASELINE.md) — correctly future"
docs/tickets/P31.4__incremental-restart-and-osm-replay-readiness.md,L13,2026-10-10,a84dadfe,2026-09-24T18:32:49Z,n/a (class a),a,memory,none,n,"a:scheduled; D-P31.4-1 OSM replay cron 2026-10-10T03:35Z (scheduler read-only, BASELINE.md) — correctly future"
docs/tickets/P31.4__incremental-restart-and-osm-replay-readiness.md,L17,2026-10-08,a84dadfe,2026-09-24T18:32:49Z,n/a (class a),a,memory,none,n,a:scheduled; gate-Q4 deadline for the batch-05 switch (future at writing)
docs/tickets/P31.4__incremental-restart-and-osm-replay-readiness.md,L18,2026-10-10,a84dadfe,2026-09-24T18:32:49Z,n/a (class a),a,memory,none,n,"a:scheduled; D-P31.4-1 OSM replay cron 2026-10-10T03:35Z (scheduler read-only, BASELINE.md) — correctly future"
docs/tickets/P31.4__incremental-restart-and-osm-replay-readiness.md,L63,2026-10-10,a84dadfe,2026-09-24T18:32:49Z,n/a (class a),a,memory,none,n,"a:scheduled; D-P31.4-1 OSM replay cron 2026-10-10T03:35Z (scheduler read-only, BASELINE.md) — correctly future"
docs/tickets/P31.7__claim-re-sightings.md,L24,2026-10-10,34406ffc,2026-09-25T02:56:56Z,n/a (class a),a,memory,none,n,"a:scheduled; D-P31.4-1 OSM replay cron 2026-10-10T03:35Z (scheduler read-only, BASELINE.md) — correctly future"
docs/tickets/P31.7__claim-re-sightings.md,L66,2026-10-10,34406ffc,2026-09-25T02:56:56Z,n/a (class a),a,memory,none,n,"a:scheduled; D-P31.4-1 OSM replay cron 2026-10-10T03:35Z (scheduler read-only, BASELINE.md) — correctly future"
exports/src/exports/cli.py,L542 sunset_date,2031-02-01,5bc2d9ba,2026-09-14T04:50:00Z,n/a (class a),a,code,none,n,a:real-world; document-stated horizon (expiry/term/statute/EOL/fiscal/meeting)
exports/src/exports/web_dossier.py,L193 expiry_date,2027-04-02,6a0c1888,2026-09-09T07:25:53Z,n/a (class a),a,code,none,n,a:real-world; document-stated horizon (expiry/term/statute/EOL/fiscal/meeting)
exports/src/exports/web_dossier.py,L268 value,2027-04-02,6a0c1888,2026-09-09T07:25:53Z,n/a (class a),a,code,none,n,a:real-world; document-stated horizon (expiry/term/statute/EOL/fiscal/meeting)
exports/src/exports/web_dossier.py,L442 expiry_date,2031-02-01,5bc2d9ba,2026-09-14T04:50:00Z,n/a (class a),a,code,none,n,a:real-world; document-stated horizon (expiry/term/statute/EOL/fiscal/meeting)
exports/src/exports/web_dossier.py,L505 value,2031-02-01,5bc2d9ba,2026-09-14T04:50:00Z,n/a (class a),a,code,none,n,a:real-world; document-stated horizon (expiry/term/statute/EOL/fiscal/meeting)
exports/src/exports/web_dossier.py,L590 label,2031-02-01,5bc2d9ba,2026-09-14T04:50:00Z,n/a (class a),a,code,none,n,a:real-world; document-stated horizon (expiry/term/statute/EOL/fiscal/meeting)
ops/src/ops/cli.py,L877,2026-10-19,9bf11201,2026-09-28T02:11:03Z,2026-09-28T01:27Z,b,code,"code constant fix + regression test (decision dates come from the recorded LEDGER event, never hand-typed; test: no date literal > build time). NOTE: release_publish_verify.py constants pin the signed candidate — change them only with the candidate decision",n,b:code-constant; basis: commit a33cd6ec 'operator defers S3 human-eval spine' (local 2026-09-27 21:27 -04:00)
ops/src/ops/dossier_packet.py,L67,2026-10-01,30f8638e,2026-09-27T17:31:50Z,n/a (class a),a,code,none,n,"a:real-world; OKC stated 30->7-day retention effective 2026-10-01 (city usage page per S2 research d6c562e5, 2026-09-26; NOT reconfirmed — 403 in source-plan-review)"
ops/src/ops/dossier_packet.py,L69 AS_OF_WORLD,2026-10-02,30f8638e,2026-09-27T17:31:50Z,no such event (synthetic replay/capture label),b,code,code constant fix + regression test: capture/observed dates = the fixture's real authoring/capture date (or an explicit synthetic-scenario field distinct from retrieved_at); as-of <= build time,n,b:code-constant; replay/as-of label for fixtures that were never retrieved; basis: constant authored 2026-09-27T17:31:50Z (30f8638e)
ops/src/ops/dossier_packet.py,L70 AS_OF_BELIEF,2026-10-02,30f8638e,2026-09-27T17:31:50Z,no such event (synthetic replay/capture label),b,code,code constant fix + regression test: capture/observed dates = the fixture's real authoring/capture date (or an explicit synthetic-scenario field distinct from retrieved_at); as-of <= build time,n,b:code-constant; replay/as-of label for fixtures that were never retrieved; basis: constant authored 2026-09-27T17:31:50Z (30f8638e)
ops/src/ops/dossier_packet.py,L508 value,2027-06-30,30f8638e,2026-09-27T17:31:50Z,n/a (class a),a,code,none,n,a:real-world; document-stated horizon (expiry/term/statute/EOL/fiscal/meeting)
ops/src/ops/dossier_packet.py,L510,2027-06-30,30f8638e,2026-09-27T17:31:50Z,n/a (class a),a,code,none,n,a:real-world; document-stated horizon (expiry/term/statute/EOL/fiscal/meeting)
ops/src/ops/dossier_packet.py,L732,2026-10-01,30f8638e,2026-09-27T17:31:50Z,n/a (class a),a,code,none,n,"a:real-world; OKC stated 30->7-day retention effective 2026-10-01 (city usage page per S2 research d6c562e5, 2026-09-26; NOT reconfirmed — 403 in source-plan-review)"
ops/src/ops/dossier_packet.py,L782,2026-10-01,30f8638e,2026-09-27T17:31:50Z,no such event (synthetic replay/capture label),b,code,code constant fix + regression test: capture/observed dates = the fixture's real authoring/capture date (or an explicit synthetic-scenario field distinct from retrieved_at); as-of <= build time,n,b:code-constant; replay/as-of label for fixtures that were never retrieved; basis: constant authored 2026-09-27T17:31:50Z (30f8638e)
ops/src/ops/dossier_packet.py,L882,2026-10-01,30f8638e,2026-09-27T17:31:50Z,no such event (synthetic replay/capture label),b,code,code constant fix + regression test: capture/observed dates = the fixture's real authoring/capture date (or an explicit synthetic-scenario field distinct from retrieved_at); as-of <= build time,n,b:code-constant; replay/as-of label for fixtures that were never retrieved; basis: constant authored 2026-09-27T17:31:50Z (30f8638e)
ops/src/ops/dossier_packet.py,L911,2026-10-01,30f8638e,2026-09-27T17:31:50Z,no such event (synthetic replay/capture label),b,code,code constant fix + regression test: capture/observed dates = the fixture's real authoring/capture date (or an explicit synthetic-scenario field distinct from retrieved_at); as-of <= build time,n,b:code-constant; replay/as-of label for fixtures that were never retrieved; basis: constant authored 2026-09-27T17:31:50Z (30f8638e)
ops/src/ops/dossier_packet.py,L913,2026-10-01,30f8638e,2026-09-27T17:31:50Z,no such event (synthetic replay/capture label),b,code,code constant fix + regression test: capture/observed dates = the fixture's real authoring/capture date (or an explicit synthetic-scenario field distinct from retrieved_at); as-of <= build time,n,b:code-constant; replay/as-of label for fixtures that were never retrieved; basis: constant authored 2026-09-27T17:31:50Z (30f8638e)
ops/src/ops/dossier_packet.py,L1002,2026-10-01,30f8638e,2026-09-27T17:31:50Z,n/a (class a),a,code,none,n,"a:real-world; OKC stated 30->7-day retention effective 2026-10-01 (city usage page per S2 research d6c562e5, 2026-09-26; NOT reconfirmed — 403 in source-plan-review)"
ops/src/ops/journey_verify.py,L792,2026-10-19,1c926c95,2026-09-28T03:08:05Z,2026-09-28T01:27Z,b,code,"code constant fix + regression test (decision dates come from the recorded LEDGER event, never hand-typed; test: no date literal > build time). NOTE: release_publish_verify.py constants pin the signed candidate — change them only with the candidate decision",n,b:code-constant; basis: commit a33cd6ec 'operator defers S3 human-eval spine' (local 2026-09-27 21:27 -04:00)
ops/src/ops/journey_verify.py,L1425,2026-10-19,1c926c95,2026-09-28T03:08:05Z,2026-09-28T01:27Z,b,code,"code constant fix + regression test (decision dates come from the recorded LEDGER event, never hand-typed; test: no date literal > build time). NOTE: release_publish_verify.py constants pin the signed candidate — change them only with the candidate decision",n,b:code-constant; basis: commit a33cd6ec 'operator defers S3 human-eval spine' (local 2026-09-27 21:27 -04:00)
ops/src/ops/journey_verify.py,L1874,2026-10-19,1c926c95,2026-09-28T03:08:05Z,2026-09-28T01:27Z,b,code,"code constant fix + regression test (decision dates come from the recorded LEDGER event, never hand-typed; test: no date literal > build time). NOTE: release_publish_verify.py constants pin the signed candidate — change them only with the candidate decision",n,b:code-constant; basis: commit a33cd6ec 'operator defers S3 human-eval spine' (local 2026-09-27 21:27 -04:00)
ops/src/ops/recovery_apply.py,L790,2026-10-10,2404edb0,2026-09-27T20:03:56Z,n/a (class a),a,code,none,n,"a:scheduled; D-P31.4-1 OSM replay cron 2026-10-10T03:35Z (scheduler read-only, BASELINE.md) — correctly future"
ops/src/ops/recovery_apply.py,L1082,2026-10-10,2404edb0,2026-09-27T20:03:56Z,n/a (class a),a,code,none,n,"a:scheduled; D-P31.4-1 OSM replay cron 2026-10-10T03:35Z (scheduler read-only, BASELINE.md) — correctly future"
ops/src/ops/release_candidate.py,L7,2026-10-19,9bf11201,2026-09-28T02:11:03Z,2026-09-28T01:27Z,b,code,"code constant fix + regression test (decision dates come from the recorded LEDGER event, never hand-typed; test: no date literal > build time). NOTE: release_publish_verify.py constants pin the signed candidate — change them only with the candidate decision",y,b:code-constant; EVAL_DEFERRAL_NOTE/EVAL_DISCLOSURE/DEFAULT_NOTE feed the candidate identity digest; basis: commit a33cd6ec 'operator defers S3 human-eval spine' (local 2026-09-27 21:27 -04:00)
ops/src/ops/release_candidate.py,L103,2026-10-19,9bf11201,2026-09-28T02:11:03Z,2026-09-28T01:27Z,b,code,"code constant fix + regression test (decision dates come from the recorded LEDGER event, never hand-typed; test: no date literal > build time). NOTE: release_publish_verify.py constants pin the signed candidate — change them only with the candidate decision",y,b:code-constant; EVAL_DEFERRAL_NOTE/EVAL_DISCLOSURE/DEFAULT_NOTE feed the candidate identity digest; basis: commit a33cd6ec 'operator defers S3 human-eval spine' (local 2026-09-27 21:27 -04:00)
ops/src/ops/release_candidate.py,L112,2026-10-19,9bf11201,2026-09-28T02:11:03Z,2026-09-28T01:27Z,b,code,"code constant fix + regression test (decision dates come from the recorded LEDGER event, never hand-typed; test: no date literal > build time). NOTE: release_publish_verify.py constants pin the signed candidate — change them only with the candidate decision",y,b:code-constant; EVAL_DEFERRAL_NOTE/EVAL_DISCLOSURE/DEFAULT_NOTE feed the candidate identity digest; basis: commit a33cd6ec 'operator defers S3 human-eval spine' (local 2026-09-27 21:27 -04:00)
ops/src/ops/release_candidate.py,L125,2026-10-19,9bf11201,2026-09-28T02:11:03Z,2026-09-28T01:27Z,b,code,"code constant fix + regression test (decision dates come from the recorded LEDGER event, never hand-typed; test: no date literal > build time). NOTE: release_publish_verify.py constants pin the signed candidate — change them only with the candidate decision",y,b:code-constant; EVAL_DEFERRAL_NOTE/EVAL_DISCLOSURE/DEFAULT_NOTE feed the candidate identity digest; basis: commit a33cd6ec 'operator defers S3 human-eval spine' (local 2026-09-27 21:27 -04:00)
ops/src/ops/release_publish_verify.py,L94,2026-10-19,729fb268,2026-09-28T04:36:50Z,2026-09-28T02:11Z,b,code,"code constant fix + regression test (decision dates come from the recorded LEDGER event, never hand-typed; test: no date literal > build time). NOTE: release_publish_verify.py constants pin the signed candidate — change them only with the candidate decision",y,b:code-constant; basis: commit 9bf11201 P32.23a impl — candidate built/as-of chosen
ops/src/ops/release_publish_verify.py,L95 AS_OF_WORLD,2026-10-19,729fb268,2026-09-28T04:36:50Z,2026-09-28T02:11Z,b,code,"code constant fix + regression test (decision dates come from the recorded LEDGER event, never hand-typed; test: no date literal > build time). NOTE: release_publish_verify.py constants pin the signed candidate — change them only with the candidate decision",y,b:code-constant; basis: commit 9bf11201 P32.23a impl — candidate built/as-of chosen
ops/src/ops/release_publish_verify.py,L96 AS_OF_BELIEF,2026-10-19,729fb268,2026-09-28T04:36:50Z,2026-09-28T02:11Z,b,code,"code constant fix + regression test (decision dates come from the recorded LEDGER event, never hand-typed; test: no date literal > build time). NOTE: release_publish_verify.py constants pin the signed candidate — change them only with the candidate decision",y,b:code-constant; basis: commit 9bf11201 P32.23a impl — candidate built/as-of chosen
ops/src/ops/san_diego_dossier_packet.py,L97,2026-10-01,8e7bdfbe,2026-09-27T18:26:56Z,no such event (synthetic replay/capture label),b,code,code constant fix + regression test: capture/observed dates = the fixture's real authoring/capture date (or an explicit synthetic-scenario field distinct from retrieved_at); as-of <= build time,n,b:code-constant; replay/as-of label for fixtures that were never retrieved; basis: constant authored 2026-09-27T18:26:56Z (8e7bdfbe)
ops/src/ops/san_diego_dossier_packet.py,L104 AS_OF_WORLD,2026-10-01,8e7bdfbe,2026-09-27T18:26:56Z,no such event (synthetic replay/capture label),b,code,code constant fix + regression test: capture/observed dates = the fixture's real authoring/capture date (or an explicit synthetic-scenario field distinct from retrieved_at); as-of <= build time,n,b:code-constant; replay/as-of label for fixtures that were never retrieved; basis: constant authored 2026-09-27T18:26:56Z (8e7bdfbe)
ops/src/ops/san_diego_dossier_packet.py,L105 AS_OF_BELIEF,2026-10-01,8e7bdfbe,2026-09-27T18:26:56Z,no such event (synthetic replay/capture label),b,code,code constant fix + regression test: capture/observed dates = the fixture's real authoring/capture date (or an explicit synthetic-scenario field distinct from retrieved_at); as-of <= build time,n,b:code-constant; replay/as-of label for fixtures that were never retrieved; basis: constant authored 2026-09-27T18:26:56Z (8e7bdfbe)
ops/src/ops/san_diego_dossier_packet.py,L106 _REPLAY_DATE,2026-10-01,8e7bdfbe,2026-09-27T18:26:56Z,no such event (synthetic replay/capture label),b,code,code constant fix + regression test: capture/observed dates = the fixture's real authoring/capture date (or an explicit synthetic-scenario field distinct from retrieved_at); as-of <= build time,n,b:code-constant; replay/as-of label for fixtures that were never retrieved; basis: constant authored 2026-09-27T18:26:56Z (8e7bdfbe)
ops/src/ops/san_diego_dossier_packet.py,L799,2026-10-01,8e7bdfbe,2026-09-27T18:26:56Z,no such event (synthetic replay/capture label),b,code,code constant fix + regression test: capture/observed dates = the fixture's real authoring/capture date (or an explicit synthetic-scenario field distinct from retrieved_at); as-of <= build time,n,b:code-constant; replay/as-of label for fixtures that were never retrieved; basis: constant authored 2026-09-27T18:26:56Z (8e7bdfbe)
ops/src/ops/san_diego_dossier_packet.py,L924,2026-10-01,8e7bdfbe,2026-09-27T18:26:56Z,no such event (synthetic replay/capture label),b,code,code constant fix + regression test: capture/observed dates = the fixture's real authoring/capture date (or an explicit synthetic-scenario field distinct from retrieved_at); as-of <= build time,n,b:code-constant; replay/as-of label for fixtures that were never retrieved; basis: constant authored 2026-09-27T18:26:56Z (8e7bdfbe)
ops/src/ops/san_diego_dossier_packet.py,L1135,2026-10-01,8e7bdfbe,2026-09-27T18:26:56Z,no such event (synthetic replay/capture label),b,code,code constant fix + regression test: capture/observed dates = the fixture's real authoring/capture date (or an explicit synthetic-scenario field distinct from retrieved_at); as-of <= build time,n,b:code-constant; replay/as-of label for fixtures that were never retrieved; basis: constant authored 2026-09-27T18:26:56Z (8e7bdfbe)
ops/src/ops/seed.py,L292 value,2031-02-01,5bc2d9ba,2026-09-14T04:50:00Z,n/a (class a),a,code,none,n,a:real-world; document-stated horizon (expiry/term/statute/EOL/fiscal/meeting)
ops/src/ops/seed.py,L293 raw_value,2031-02-01,5bc2d9ba,2026-09-14T04:50:00Z,n/a (class a),a,code,none,n,a:real-world; document-stated horizon (expiry/term/statute/EOL/fiscal/meeting)
ops/src/ops/tulsa_dossier_packet.py,L38,2026-10-01,e99e05b1,2026-09-27T17:56:04Z,no such event (synthetic replay/capture label),b,code,code constant fix + regression test: capture/observed dates = the fixture's real authoring/capture date (or an explicit synthetic-scenario field distinct from retrieved_at); as-of <= build time,n,b:code-constant; replay/as-of label for fixtures that were never retrieved; basis: constant authored 2026-09-27T17:56:04Z (e99e05b1)
ops/src/ops/tulsa_dossier_packet.py,L79,2026-10-01,e99e05b1,2026-09-27T17:56:04Z,no such event (synthetic replay/capture label),b,code,code constant fix + regression test: capture/observed dates = the fixture's real authoring/capture date (or an explicit synthetic-scenario field distinct from retrieved_at); as-of <= build time,n,b:code-constant; replay/as-of label for fixtures that were never retrieved; basis: constant authored 2026-09-27T17:56:04Z (e99e05b1)
ops/src/ops/tulsa_dossier_packet.py,L86 AS_OF_WORLD,2026-10-01,e99e05b1,2026-09-27T17:56:04Z,no such event (synthetic replay/capture label),b,code,code constant fix + regression test: capture/observed dates = the fixture's real authoring/capture date (or an explicit synthetic-scenario field distinct from retrieved_at); as-of <= build time,n,b:code-constant; replay/as-of label for fixtures that were never retrieved; basis: constant authored 2026-09-27T17:56:04Z (e99e05b1)
ops/src/ops/tulsa_dossier_packet.py,L87 AS_OF_BELIEF,2026-10-01,e99e05b1,2026-09-27T17:56:04Z,no such event (synthetic replay/capture label),b,code,code constant fix + regression test: capture/observed dates = the fixture's real authoring/capture date (or an explicit synthetic-scenario field distinct from retrieved_at); as-of <= build time,n,b:code-constant; replay/as-of label for fixtures that were never retrieved; basis: constant authored 2026-09-27T17:56:04Z (e99e05b1)
ops/src/ops/tulsa_dossier_packet.py,L88 _REPLAY_DATE,2026-10-01,e99e05b1,2026-09-27T17:56:04Z,no such event (synthetic replay/capture label),b,code,code constant fix + regression test: capture/observed dates = the fixture's real authoring/capture date (or an explicit synthetic-scenario field distinct from retrieved_at); as-of <= build time,n,b:code-constant; replay/as-of label for fixtures that were never retrieved; basis: constant authored 2026-09-27T17:56:04Z (e99e05b1)
ops/src/ops/tulsa_dossier_packet.py,L172,2026-10-01,e99e05b1,2026-09-27T17:56:04Z,no such event (synthetic replay/capture label),b,code,code constant fix + regression test: capture/observed dates = the fixture's real authoring/capture date (or an explicit synthetic-scenario field distinct from retrieved_at); as-of <= build time,n,b:code-constant; replay/as-of label for fixtures that were never retrieved; basis: constant authored 2026-09-27T17:56:04Z (e99e05b1)
ops/src/ops/tulsa_dossier_packet.py,L504,2026-10-01,e99e05b1,2026-09-27T17:56:04Z,no such event (synthetic replay/capture label),b,code,code constant fix + regression test: capture/observed dates = the fixture's real authoring/capture date (or an explicit synthetic-scenario field distinct from retrieved_at); as-of <= build time,n,b:code-constant; replay/as-of label for fixtures that were never retrieved; basis: constant authored 2026-09-27T17:56:04Z (e99e05b1)
ops/src/ops/tulsa_dossier_packet.py,L670,2026-10-01,e99e05b1,2026-09-27T17:56:04Z,no such event (synthetic replay/capture label),b,code,code constant fix + regression test: capture/observed dates = the fixture's real authoring/capture date (or an explicit synthetic-scenario field distinct from retrieved_at); as-of <= build time,n,b:code-constant; replay/as-of label for fixtures that were never retrieved; basis: constant authored 2026-09-27T17:56:04Z (e99e05b1)
tasks/src/tasks/data/acquisition_queue.toml,L142,2027-01-01,e65748c0,2026-09-27T11:12:28Z,n/a (class a),a,code,none,n,a:real-world; document-stated horizon (expiry/term/statute/EOL/fiscal/meeting)
tasks/src/tasks/data/acquisition_queue.toml,L152,2027-01-01,e65748c0,2026-09-27T11:12:28Z,n/a (class a),a,code,none,n,a:real-world; document-stated horizon (expiry/term/statute/EOL/fiscal/meeting)
tasks/src/tasks/data/acquisition_queue.toml,L154,2027-01-01,e65748c0,2026-09-27T11:12:28Z,n/a (class a),a,code,none,n,a:real-world; document-stated horizon (expiry/term/statute/EOL/fiscal/meeting)
tests/acceptance/fixtures/okc_sources.json,L26,2027-06-30,b1b9965d,2026-09-01T13:38:03Z,n/a (class a),a,fixture,none,n,a:real-world; document-stated horizon (expiry/term/statute/EOL/fiscal/meeting)
tests/acceptance/okc_slice.py,L330,2027-06-30,b1b9965d,2026-09-01T13:38:03Z,n/a (class a),a,fixture,none,n,a:synthetic; synthetic test value beyond the drift window
tests/acceptance/okc_slice.py,L331,2027-06-30,b1b9965d,2026-09-01T13:38:03Z,n/a (class a),a,fixture,none,n,a:real-world; document-stated horizon (expiry/term/statute/EOL/fiscal/meeting)
tests/acceptance/okc_slice.py,L336,2027-06-30,b1b9965d,2026-09-01T13:38:03Z,n/a (class a),a,fixture,none,n,a:synthetic; synthetic test value beyond the drift window
tests/connectors/fixtures/ccops/SOURCES.md,L29,2026-09-17,7b52f2b4,2026-09-16T02:04:41Z,2026-09-16T02:04:41Z,b,fixture,append-only correction line in the fixture provenance note,n,b:event-date; P25 episode: fixture provenance dated one day after the commit; basis: P25.5 commit 7b52f2b4 (local 2026-09-15 22:04 -04:00)
tests/connectors/fixtures/fema_hsgp_page1.json,L13 Date,2027-09-30,26d5ceee,2026-09-26T09:52:13Z,n/a (class a),a,fixture,none,n,a:real-world; document-stated horizon (expiry/term/statute/EOL/fiscal/meeting)
tests/connectors/fixtures/fema_hsgp_page1.json,L27 Date,2026-09-30,26d5ceee,2026-09-26T09:52:13Z,n/a (class a),a,fixture,none,n,a:real-world; document-stated horizon in fixture data
tests/connectors/fixtures/flock_portal/snapshot_2026_09.json,L16 data_last_updated,2026-09-15,dcf02f1c,2026-09-01T20:05:02Z,n/a (class a),a,fixture,none,n,a:synthetic; synthetic test value
tests/connectors/fixtures/flock_portal/snapshot_2026_09.json,L40 data_last_updated,2026-09-15,dcf02f1c,2026-09-01T20:05:02Z,n/a (class a),a,fixture,none,n,a:synthetic; synthetic test value
tests/connectors/fixtures/flock_portal/snapshot_2026_09.json,L57 data_last_updated,2026-09-15,dcf02f1c,2026-09-01T20:05:02Z,n/a (class a),a,fixture,none,n,a:synthetic; synthetic test value
tests/connectors/fixtures/osm/overpass_snapshot_next.json,L5 timestamp_osm_base,2026-09-20T00:00:00Z,37f85ff1,2026-08-27T20:52:29Z,n/a (class a),a,fixture,none,n,a:synthetic; synthetic test value
tests/connectors/fixtures/osm/overpass_snapshot_next.json,L49 timestamp,2026-09-01T08:00:00Z,37f85ff1,2026-08-27T20:52:29Z,n/a (class a),a,fixture,none,n,a:synthetic; synthetic test value
tests/connectors/fixtures/partners/contracts.json,L12 end_date,2027-03-31,a29d3748,2026-09-25T03:52:43Z,n/a (class a),a,fixture,none,n,a:real-world; document-stated horizon (expiry/term/statute/EOL/fiscal/meeting)
tests/connectors/fixtures/partners/usaspending_awards.json,L11 Date,2026-12-31,a29d3748,2026-09-25T03:52:43Z,n/a (class a),a,fixture,none,n,a:real-world; document-stated horizon (expiry/term/statute/EOL/fiscal/meeting)
tests/connectors/fixtures/pathways/SOURCES.md,L45,2026-09-17,7b52f2b4,2026-09-16T02:04:41Z,2026-09-16T02:04:41Z,b,fixture,append-only correction line in the fixture provenance note,n,b:event-date; P25 episode: fixture provenance dated one day after the commit; basis: P25.5 commit 7b52f2b4 (local 2026-09-15 22:04 -04:00)
tests/connectors/fixtures/promoted/openstates_jurisdictions_p1.json,L2081 end_date,2026-11-30,5d3a93b5,2026-09-18T06:24:58Z,n/a (class a),a,fixture,none,n,a:real-world; document-stated horizon (expiry/term/statute/EOL/fiscal/meeting)
tests/connectors/fixtures/promoted/openstates_jurisdictions_p1.json,L2850 end_date,2026-12-31,5d3a93b5,2026-09-18T06:24:58Z,n/a (class a),a,fixture,none,n,a:real-world; document-stated horizon (expiry/term/statute/EOL/fiscal/meeting)
tests/connectors/fixtures/promoted/openstates_jurisdictions_p1.json,L3310 end_date,2027-03-13,5d3a93b5,2026-09-18T06:24:58Z,n/a (class a),a,fixture,none,n,a:real-world; document-stated horizon (expiry/term/statute/EOL/fiscal/meeting)
tests/connectors/fixtures/promoted/openstates_jurisdictions_p1.json,L3313 start_date,2027-01-13,5d3a93b5,2026-09-18T06:24:58Z,n/a (class a),a,fixture,none,n,a:real-world; document-stated horizon (expiry/term/statute/EOL/fiscal/meeting)
tests/connectors/fixtures/promoted/openstates_jurisdictions_p1.json,L3517 end_date,2026-12-13,5d3a93b5,2026-09-18T06:24:58Z,n/a (class a),a,fixture,none,n,a:real-world; document-stated horizon (expiry/term/statute/EOL/fiscal/meeting)
tests/connectors/fixtures/promoted/openstates_jurisdictions_p1.json,L3544 end_date,2026-12-31,5d3a93b5,2026-09-18T06:24:58Z,n/a (class a),a,fixture,none,n,a:real-world; document-stated horizon (expiry/term/statute/EOL/fiscal/meeting)
tests/connectors/fixtures/promoted/openstates_jurisdictions_p1.json,L6205 end_date,2026-12-31,5d3a93b5,2026-09-18T06:24:58Z,n/a (class a),a,fixture,none,n,a:real-world; document-stated horizon (expiry/term/statute/EOL/fiscal/meeting)
tests/connectors/fixtures/promoted/openstates_jurisdictions_p1.json,L6551 end_date,2028-05-01,5d3a93b5,2026-09-18T06:24:58Z,n/a (class a),a,fixture,none,n,a:real-world; document-stated horizon (expiry/term/statute/EOL/fiscal/meeting)
tests/connectors/fixtures/promoted/openstates_jurisdictions_p1.json,L6554 start_date,2027-01-12,5d3a93b5,2026-09-18T06:24:58Z,n/a (class a),a,fixture,none,n,a:real-world; document-stated horizon (expiry/term/statute/EOL/fiscal/meeting)
tests/connectors/fixtures/promoted/openstates_jurisdictions_p1.json,L8185 end_date,2027-12-31,5d3a93b5,2026-09-18T06:24:58Z,n/a (class a),a,fixture,none,n,a:real-world; document-stated horizon (expiry/term/statute/EOL/fiscal/meeting)
tests/connectors/fixtures/promoted/openstates_jurisdictions_p1.json,L8664 end_date,2026-12-31,5d3a93b5,2026-09-18T06:24:58Z,n/a (class a),a,fixture,none,n,a:real-world; document-stated horizon (expiry/term/statute/EOL/fiscal/meeting)
tests/connectors/fixtures/promoted/openstates_jurisdictions_p1.json,L9491 end_date,2028-05-02,5d3a93b5,2026-09-18T06:24:58Z,n/a (class a),a,fixture,none,n,a:real-world; document-stated horizon (expiry/term/statute/EOL/fiscal/meeting)
tests/connectors/fixtures/promoted/openstates_jurisdictions_p1.json,L9494 start_date,2027-01-07,5d3a93b5,2026-09-18T06:24:58Z,n/a (class a),a,fixture,none,n,a:real-world; document-stated horizon (expiry/term/statute/EOL/fiscal/meeting)
tests/connectors/fixtures/promoted/openstates_jurisdictions_p1.json,L9634 end_date,2026-12-31,5d3a93b5,2026-09-18T06:24:58Z,n/a (class a),a,fixture,none,n,a:real-world; document-stated horizon (expiry/term/statute/EOL/fiscal/meeting)
tests/connectors/fixtures/promoted/openstates_jurisdictions_p1.json,L9964 end_date,2027-05-29,5d3a93b5,2026-09-18T06:24:58Z,n/a (class a),a,fixture,none,n,a:real-world; document-stated horizon (expiry/term/statute/EOL/fiscal/meeting)
tests/connectors/fixtures/promoted/openstates_jurisdictions_p1.json,L9967 start_date,2027-02-02,5d3a93b5,2026-09-18T06:24:58Z,n/a (class a),a,fixture,none,n,a:real-world; document-stated horizon (expiry/term/statute/EOL/fiscal/meeting)
tests/connectors/fixtures/promoted/openstates_jurisdictions_p1.json,L10482 end_date,2026-11-30,5d3a93b5,2026-09-18T06:24:58Z,n/a (class a),a,fixture,none,n,a:real-world; document-stated horizon (expiry/term/statute/EOL/fiscal/meeting)
tests/connectors/fixtures/promoted/openstates_jurisdictions_p1.json,L10554 end_date,2028-12-31,5d3a93b5,2026-09-18T06:24:58Z,n/a (class a),a,fixture,none,n,a:real-world; document-stated horizon (expiry/term/statute/EOL/fiscal/meeting)
tests/connectors/fixtures/promoted/openstates_jurisdictions_p1.json,L12312 end_date,2027-03-06,5d3a93b5,2026-09-18T06:24:58Z,n/a (class a),a,fixture,none,n,a:real-world; document-stated horizon (expiry/term/statute/EOL/fiscal/meeting)
tests/connectors/fixtures/promoted/openstates_jurisdictions_p1.json,L12315 start_date,2027-01-20,5d3a93b5,2026-09-18T06:24:58Z,n/a (class a),a,fixture,none,n,a:real-world; document-stated horizon (expiry/term/statute/EOL/fiscal/meeting)
tests/connectors/fixtures/promoted/openstates_jurisdictions_p1.json,L12527 end_date,2026-12-31,5d3a93b5,2026-09-18T06:24:58Z,n/a (class a),a,fixture,none,n,a:real-world; document-stated horizon (expiry/term/statute/EOL/fiscal/meeting)
tests/connectors/fixtures/promoted/openstates_jurisdictions_p1.json,L12934 end_date,2027-02-27,5d3a93b5,2026-09-18T06:24:58Z,n/a (class a),a,fixture,none,n,a:real-world; document-stated horizon (expiry/term/statute/EOL/fiscal/meeting)
tests/connectors/fixtures/promoted/openstates_jurisdictions_p1.json,L12937 start_date,2027-01-13,5d3a93b5,2026-09-18T06:24:58Z,n/a (class a),a,fixture,none,n,a:real-world; document-stated horizon (expiry/term/statute/EOL/fiscal/meeting)
tests/connectors/fixtures/promoted/sam_gov_opportunities.json,L12 responseDeadLine,2026-09-30,f7f8600a,2026-09-17T01:13:17Z,n/a (class a),a,fixture,none,n,a:real-world; document-stated horizon in fixture data
tests/connectors/test_coarse_dataset_adapters.py,L459,2026-10-01,40e7b197,2026-09-16T03:13:39Z,n/a (class a),a,fixture,none,n,a:synthetic; synthetic test value; drift-adjacent (mirrors the chain's believed date)
tests/connectors/test_dossier_documents.py,L309,2026-10-01,f73a997e,2026-09-27T12:06:40Z,n/a (class a),a,fixture,none,n,"a:real-world; OKC stated 30->7-day retention effective 2026-10-01 (city usage page per S2 research d6c562e5, 2026-09-26; NOT reconfirmed — 403 in source-plan-review)"
tests/connectors/test_dossier_documents.py,L333,2027-06-30,f73a997e,2026-09-27T12:06:40Z,n/a (class a),a,fixture,none,n,a:real-world; document-stated horizon (expiry/term/statute/EOL/fiscal/meeting)
tests/connectors/test_flock_portal.py,L200,2027-01-01,dcf02f1c,2026-09-01T20:05:02Z,n/a (class a),a,fixture,none,n,a:synthetic; synthetic test value beyond the drift window
tests/connectors/test_france_belgium.py,L133,2031-02-01,1baf05f6,2026-09-08T20:14:33Z,n/a (class a),a,fixture,none,n,a:real-world; document-stated horizon (expiry/term/statute/EOL/fiscal/meeting)
tests/connectors/test_france_run.py,L57,2031-02-01,5bc2d9ba,2026-09-14T04:50:00Z,n/a (class a),a,fixture,none,n,a:real-world; document-stated horizon (expiry/term/statute/EOL/fiscal/meeting)
tests/connectors/test_government_mandated_disclosure.py,L627,2027-04-01,9866efae,2026-09-14T05:27:25Z,n/a (class a),a,fixture,none,n,a:synthetic; synthetic test value beyond the drift window
tests/connectors/test_live_extraction.py,L206,2031-01-05,7b52f2b4,2026-09-16T02:04:41Z,n/a (class a),a,fixture,none,n,a:real-world; document-stated horizon (expiry/term/statute/EOL/fiscal/meeting)
tests/connectors/test_procurement.py,L961 Date,2027-09-30,26d5ceee,2026-09-26T09:52:13Z,n/a (class a),a,fixture,none,n,a:real-world; document-stated horizon (expiry/term/statute/EOL/fiscal/meeting)
tests/db/test_assertion_adapter.py,L98 valid_to,2026-12-31,6f9fab73,2026-09-27T04:16:16Z,n/a (class a),a,fixture,none,n,a:real-world; document-stated horizon (expiry/term/statute/EOL/fiscal/meeting)
tests/db/test_assertion_adapter.py,L115,2026-12-31T00:00:00+00:00,6f9fab73,2026-09-27T04:16:16Z,n/a (class a),a,fixture,none,n,a:real-world; document-stated horizon (expiry/term/statute/EOL/fiscal/meeting)
tests/db/test_camera_site_human_decisions.py,L256,2026-10-01T00:00:00Z,4608f056,2026-09-25T23:21:07Z,n/a (class a),a,fixture,none,n,a:synthetic; synthetic test value; drift-adjacent (mirrors the chain's believed date)
tests/db/test_camera_site_human_decisions.py,L289,2026-10-01T00:00:00Z,4608f056,2026-09-25T23:21:07Z,n/a (class a),a,fixture,none,n,a:synthetic; synthetic test value; drift-adjacent (mirrors the chain's believed date)
tests/db/test_camera_site_human_decisions.py,L308,2026-10-01T00:00:00Z,4608f056,2026-09-25T23:21:07Z,n/a (class a),a,fixture,none,n,a:synthetic; synthetic test value; drift-adjacent (mirrors the chain's believed date)
tests/db/test_camera_site_human_decisions.py,L309,2026-10-02T00:00:00Z,4608f056,2026-09-25T23:21:07Z,n/a (class a),a,fixture,none,n,a:synthetic; synthetic test value; drift-adjacent (mirrors the chain's believed date)
tests/db/test_camera_site_human_decisions.py,L324,2026-10-03T00:00:00Z,4608f056,2026-09-25T23:21:07Z,n/a (class a),a,fixture,none,n,a:synthetic; synthetic test value; drift-adjacent (mirrors the chain's believed date)
tests/db/test_camera_site_human_decisions.py,L336,2026-10-01T00:00:00Z,4608f056,2026-09-25T23:21:07Z,n/a (class a),a,fixture,none,n,a:synthetic; synthetic test value; drift-adjacent (mirrors the chain's believed date)
tests/db/test_camera_site_human_decisions.py,L352,2026-10-01T00:00:00Z,4608f056,2026-09-25T23:21:07Z,n/a (class a),a,fixture,none,n,a:synthetic; synthetic test value; drift-adjacent (mirrors the chain's believed date)
tests/db/test_evidence_audit_load.py,L49,2026-10-01T00:00:00Z,794d789a,2026-09-27T08:06:32Z,n/a (class a),a,fixture,none,n,a:synthetic; synthetic test value; drift-adjacent (mirrors the chain's believed date)
tests/db/test_evidence_audit_load.py,L65,2026-10-01T00:00:00Z,794d789a,2026-09-27T08:06:32Z,n/a (class a),a,fixture,none,n,a:synthetic; synthetic test value; drift-adjacent (mirrors the chain's believed date)
tests/db/test_evidence_store.py,L185,2026-12-01T00:00:00Z,35cc3aab,2026-08-27T17:50:16Z,n/a (class a),a,fixture,none,n,a:synthetic; synthetic test value beyond the drift window
tests/db/test_evidence_store.py,L192,2026-12-01T00:00:00Z,35cc3aab,2026-08-27T17:50:16Z,n/a (class a),a,fixture,none,n,a:synthetic; synthetic test value beyond the drift window
tests/db/test_p32_2_bindings.py,L138 valid_to,2026-12-31,6f9fab73,2026-09-27T04:16:16Z,n/a (class a),a,fixture,none,n,a:real-world; document-stated horizon (expiry/term/statute/EOL/fiscal/meeting)
tests/db/test_release_candidate.py,L150 as_of,2026-10-19,9bf11201,2026-09-28T02:11:03Z,n/a (class a),a,fixture,none,n,a:synthetic; synthetic test value; drift-adjacent (mirrors the chain's believed date)
tests/db/test_release_candidate.py,L282 as_of,2026-10-19,9bf11201,2026-09-28T02:11:03Z,n/a (class a),a,fixture,none,n,a:synthetic; synthetic test value; drift-adjacent (mirrors the chain's believed date)
tests/db/test_release_candidate.py,L301 as_of,2026-10-19,9bf11201,2026-09-28T02:11:03Z,n/a (class a),a,fixture,none,n,a:synthetic; synthetic test value; drift-adjacent (mirrors the chain's believed date)
tests/db/test_release_candidate.py,L337 as_of,2026-10-19,9bf11201,2026-09-28T02:11:03Z,n/a (class a),a,fixture,none,n,a:synthetic; synthetic test value; drift-adjacent (mirrors the chain's believed date)
tests/db/test_release_candidate.py,L357 as_of,2026-10-19,9bf11201,2026-09-28T02:11:03Z,n/a (class a),a,fixture,none,n,a:synthetic; synthetic test value; drift-adjacent (mirrors the chain's believed date)
tests/db/test_release_candidate.py,L395 as_of,2026-10-19,9bf11201,2026-09-28T02:11:03Z,n/a (class a),a,fixture,none,n,a:synthetic; synthetic test value; drift-adjacent (mirrors the chain's believed date)
tests/db/test_release_candidate.py,L415 as_of,2026-10-19,9bf11201,2026-09-28T02:11:03Z,n/a (class a),a,fixture,none,n,a:synthetic; synthetic test value; drift-adjacent (mirrors the chain's believed date)
tests/db/test_resolution_exclusion.py,L48,2026-12-31,375f0f0b,2026-08-27T17:08:40Z,n/a (class a),a,fixture,none,n,a:synthetic; synthetic test value beyond the drift window
tests/db/test_resolution_exclusion.py,L51,2027-06-01,375f0f0b,2026-08-27T17:08:40Z,n/a (class a),a,fixture,none,n,a:synthetic; synthetic test value beyond the drift window
tests/db/test_resolution_exclusion.py,L61,2027-01-01,375f0f0b,2026-08-27T17:08:40Z,n/a (class a),a,fixture,none,n,a:synthetic; synthetic test value beyond the drift window
tests/db/test_resolution_exclusion.py,L76,2026-12-31,375f0f0b,2026-08-27T17:08:40Z,n/a (class a),a,fixture,none,n,a:synthetic; synthetic test value beyond the drift window
tests/db/test_resolution_exclusion.py,L83,2026-12-31,375f0f0b,2026-08-27T17:08:40Z,n/a (class a),a,fixture,none,n,a:synthetic; synthetic test value beyond the drift window
tests/db/test_shaping_spine.py,L360 as_of,2026-09-23,789b18f4,2026-09-22T20:25:15Z,n/a (class a),a,fixture,none,n,a:synthetic; synthetic test value
tests/db/test_shaping_spine.py,L432 as_of,2026-09-23,789b18f4,2026-09-22T20:25:15Z,n/a (class a),a,fixture,none,n,a:synthetic; synthetic test value
tests/db/test_shaping_spine.py,L543 as_of,2026-09-23,789b18f4,2026-09-22T20:25:15Z,n/a (class a),a,fixture,none,n,a:synthetic; synthetic test value
tests/db/test_shaping_spine.py,L572 as_of,2026-09-23,789b18f4,2026-09-22T20:25:15Z,n/a (class a),a,fixture,none,n,a:synthetic; synthetic test value
tests/db/test_spine_export_over_seeded_spine.py,L183 as_of,2026-09-23,93f04c51,2026-09-22T23:43:45Z,n/a (class a),a,fixture,none,n,a:synthetic; synthetic test value
tests/db/test_spine_export_over_seeded_spine.py,L267 as_of,2026-09-23,93f04c51,2026-09-22T23:43:45Z,n/a (class a),a,fixture,none,n,a:synthetic; synthetic test value
tests/exports/test_export_analytics.py,L369 expiry_date,2027-06-30,be7bab69,2026-09-26T14:29:11Z,n/a (class a),a,fixture,none,n,a:real-world; document-stated horizon (expiry/term/statute/EOL/fiscal/meeting)
tests/exports/test_export_analytics.py,L374 expiry_date,2027-01-31,be7bab69,2026-09-26T14:29:11Z,n/a (class a),a,fixture,none,n,a:real-world; document-stated horizon (expiry/term/statute/EOL/fiscal/meeting)
tests/exports/test_export_analytics.py,L383 notice,2027-04-01,be7bab69,2026-09-26T14:29:11Z,n/a (class a),a,fixture,none,n,a:real-world; document-stated horizon (expiry/term/statute/EOL/fiscal/meeting)
tests/exports/test_export_analytics.py,L384,2027-01-31,be7bab69,2026-09-26T14:29:11Z,n/a (class a),a,fixture,none,n,a:real-world; document-stated horizon (expiry/term/statute/EOL/fiscal/meeting)
tests/exports/test_export_analytics.py,L385,2027-01-31,be7bab69,2026-09-26T14:29:11Z,n/a (class a),a,fixture,none,n,a:synthetic; synthetic test value beyond the drift window
tests/exports/test_export_analytics.py,L413 expiry_date,2027-06-30,be7bab69,2026-09-26T14:29:11Z,n/a (class a),a,fixture,none,n,a:real-world; document-stated horizon (expiry/term/statute/EOL/fiscal/meeting)
tests/exports/test_export_analytics.py,L418,2027-04-01,be7bab69,2026-09-26T14:29:11Z,n/a (class a),a,fixture,none,n,a:real-world; document-stated horizon (expiry/term/statute/EOL/fiscal/meeting)
tests/exports/test_release.py,L420 as_of_world,2026-09-27T15:22:10Z,4eafb9d9,2026-09-27T12:50:17Z,n/a (class a),a,fixture,none,n,a:synthetic; synthetic test value
tests/exports/test_release.py,L832,2026-09-28,4eafb9d9,2026-09-27T12:50:17Z,n/a (class a),a,fixture,none,n,a:synthetic; synthetic test value; drift-adjacent (mirrors the chain's believed date)
tests/exports/test_release.py,L835,2026-09-28,4eafb9d9,2026-09-27T12:50:17Z,n/a (class a),a,fixture,none,n,a:synthetic; synthetic test value; drift-adjacent (mirrors the chain's believed date)
tests/exports/test_research_dossier.py,L166 searched_at,2026-10-01,df8c5ab1,2026-09-27T16:35:28Z,no such event (synthetic replay/capture label),b,fixture,update together with the code-constant fix (the test pins the drifted value),n,b:fixture-pin; test pins a drifted event/capture date; basis: fixture authored 2026-09-27T16:35:28Z (df8c5ab1)
tests/exports/test_research_dossier.py,L201 belief,2026-10-01,df8c5ab1,2026-09-27T16:35:28Z,no such event (synthetic replay/capture label),b,fixture,update together with the code-constant fix (the test pins the drifted value),n,b:fixture-pin; test pins a drifted event/capture date; basis: fixture authored 2026-09-27T16:35:28Z (df8c5ab1)
tests/exports/test_research_dossier.py,L246 retrieved_date,2026-10-01,df8c5ab1,2026-09-27T16:35:28Z,no such event (synthetic replay/capture label),b,fixture,update together with the code-constant fix (the test pins the drifted value),n,b:fixture-pin; test pins a drifted event/capture date; basis: fixture authored 2026-09-27T16:35:28Z (df8c5ab1)
tests/exports/test_research_dossier.py,L250 observed_at,2026-10-01,df8c5ab1,2026-09-27T16:35:28Z,no such event (synthetic replay/capture label),b,fixture,update together with the code-constant fix (the test pins the drifted value),n,b:fixture-pin; test pins a drifted event/capture date; basis: fixture authored 2026-09-27T16:35:28Z (df8c5ab1)
tests/exports/test_research_dossier.py,L282 retrieved_date,2026-10-01,df8c5ab1,2026-09-27T16:35:28Z,no such event (synthetic replay/capture label),b,fixture,update together with the code-constant fix (the test pins the drifted value),n,b:fixture-pin; test pins a drifted event/capture date; basis: fixture authored 2026-09-27T16:35:28Z (df8c5ab1)
tests/exports/test_research_dossier.py,L585,2026-10-01,df8c5ab1,2026-09-27T16:35:28Z,no such event (synthetic replay/capture label),b,fixture,update together with the code-constant fix (the test pins the drifted value),n,b:fixture-pin; test pins a drifted event/capture date; basis: fixture authored 2026-09-27T16:35:28Z (df8c5ab1)
tests/exports/test_research_dossier.py,L622,2027-06-30,df8c5ab1,2026-09-27T16:35:28Z,n/a (class a),a,fixture,none,n,a:real-world; document-stated horizon (expiry/term/statute/EOL/fiscal/meeting)
tests/exports/test_research_dossier.py,L627,2027-06-30,df8c5ab1,2026-09-27T16:35:28Z,n/a (class a),a,fixture,none,n,a:real-world; document-stated horizon (expiry/term/statute/EOL/fiscal/meeting)
tests/exports/test_research_dossier.py,L734 completed_at,2026-10-02,df8c5ab1,2026-09-27T16:35:28Z,no such event (synthetic replay/capture label),b,fixture,update together with the code-constant fix (the test pins the drifted value),n,b:fixture-pin; test pins a drifted event/capture date; basis: fixture authored 2026-09-27T16:35:28Z (df8c5ab1)
tests/exports/test_research_dossier.py,L849,2026-10-01,df8c5ab1,2026-09-27T16:35:28Z,no such event (synthetic replay/capture label),b,fixture,update together with the code-constant fix (the test pins the drifted value),n,b:fixture-pin; test pins a drifted event/capture date; basis: fixture authored 2026-09-27T16:35:28Z (df8c5ab1)
tests/exports/test_shaping.py,L119 as_of,2026-09-23,789b18f4,2026-09-22T20:25:15Z,n/a (class a),a,fixture,none,n,a:synthetic; synthetic test value
tests/exports/test_shaping.py,L120 generated_at,2026-09-23T00:00:00Z,789b18f4,2026-09-22T20:25:15Z,n/a (class a),a,fixture,none,n,a:synthetic; synthetic test value
tests/exports/test_shaping.py,L626,2026-09-23,789b18f4,2026-09-22T20:25:15Z,n/a (class a),a,fixture,none,n,a:synthetic; synthetic test value
tests/ops/test_cadence_window.py,L31,2026-09-25T00:00,a1b9870a,2026-09-24T23:39:09Z,n/a (class a),a,fixture,none,n,a:synthetic; synthetic test value
tests/ops/test_cadence_window.py,L32,2026-10-10T03:34,a1b9870a,2026-09-24T23:39:09Z,n/a (class a),a,fixture,none,n,"a:scheduled; D-P31.4-1 OSM replay cron 2026-10-10T03:35Z (scheduler read-only, BASELINE.md) — correctly future"
tests/ops/test_cadence_window.py,L33,2026-10-10T03:35,a1b9870a,2026-09-24T23:39:09Z,n/a (class a),a,fixture,none,n,"a:scheduled; D-P31.4-1 OSM replay cron 2026-10-10T03:35Z (scheduler read-only, BASELINE.md) — correctly future"
tests/ops/test_cadence_window.py,L34,2026-10-10T03:35,a1b9870a,2026-09-24T23:39:09Z,n/a (class a),a,fixture,none,n,"a:scheduled; D-P31.4-1 OSM replay cron 2026-10-10T03:35Z (scheduler read-only, BASELINE.md) — correctly future"
tests/ops/test_cadence_window.py,L34,2026-10-11T12:00,a1b9870a,2026-09-24T23:39:09Z,n/a (class a),a,fixture,none,n,a:synthetic; synthetic test value; drift-adjacent (mirrors the chain's believed date)
tests/ops/test_cadence_window.py,L59,2026-09-25T00:00,a1b9870a,2026-09-24T23:39:09Z,n/a (class a),a,fixture,none,n,a:synthetic; synthetic test value
tests/ops/test_cadence_window.py,L72,2026-10-10T03:00,a1b9870a,2026-09-24T23:39:09Z,n/a (class a),a,fixture,none,n,"a:scheduled; D-P31.4-1 OSM replay cron 2026-10-10T03:35Z (scheduler read-only, BASELINE.md) — correctly future"
tests/ops/test_cadence_window.py,L73,2026-10-10T04:00,a1b9870a,2026-09-24T23:39:09Z,n/a (class a),a,fixture,none,n,"a:scheduled; D-P31.4-1 OSM replay cron 2026-10-10T03:35Z (scheduler read-only, BASELINE.md) — correctly future"
tests/ops/test_cadence_window.py,L74,2026-10-11T09:00,a1b9870a,2026-09-24T23:39:09Z,n/a (class a),a,fixture,none,n,a:synthetic; synthetic test value; drift-adjacent (mirrors the chain's believed date)
tests/ops/test_cadence_window.py,L76,2026-10-10T03:35Z,a1b9870a,2026-09-24T23:39:09Z,n/a (class a),a,fixture,none,n,"a:scheduled; D-P31.4-1 OSM replay cron 2026-10-10T03:35Z (scheduler read-only, BASELINE.md) — correctly future"
tests/ops/test_cadence_window.py,L96 now,2026-09-25T00:00:00+00:00,a1b9870a,2026-09-24T23:39:09Z,n/a (class a),a,fixture,none,n,a:real-world; document-stated horizon in fixture data
tests/ops/test_cadence_window.py,L112 started,2026-09-25T00:10:00+00:00,a1b9870a,2026-09-24T23:39:09Z,n/a (class a),a,fixture,none,n,a:synthetic; synthetic test value
tests/ops/test_evidence_audit.py,L35 POST,2026-10-01T00:00:00Z,794d789a,2026-09-27T08:06:32Z,n/a (class a),a,fixture,none,n,a:synthetic; synthetic test value; drift-adjacent (mirrors the chain's believed date)
tests/ops/test_journey_verify.py,L142,2026-10-19,1c926c95,2026-09-28T03:08:05Z,2026-09-28T01:27Z,b,fixture,update together with the code-constant fix (the test pins the drifted value),n,b:fixture-pin; test pins a drifted event/capture date; basis: commit a33cd6ec 'operator defers S3 human-eval spine' (local 2026-09-27 21:27 -04:00)
tests/ops/test_okc_dossier_packet.py,L233,2026-10-01,30f8638e,2026-09-27T17:31:50Z,no such event (synthetic replay/capture label),b,fixture,update together with the code-constant fix (the test pins the drifted value),n,b:fixture-pin; test pins a drifted event/capture date; basis: fixture authored 2026-09-27T17:31:50Z (30f8638e)
tests/ops/test_okc_dossier_packet.py,L233,2026-10-01,30f8638e,2026-09-27T17:31:50Z,n/a (class a),a,fixture,none,n,a:synthetic; synthetic test value; drift-adjacent (mirrors the chain's believed date)
tests/ops/test_okc_dossier_packet.py,L235,2026-10-01,30f8638e,2026-09-27T17:31:50Z,n/a (class a),a,fixture,none,n,"a:real-world; OKC stated 30->7-day retention effective 2026-10-01 (city usage page per S2 research d6c562e5, 2026-09-26; NOT reconfirmed — 403 in source-plan-review)"
tests/ops/test_okc_dossier_packet.py,L236,2026-10-01,30f8638e,2026-09-27T17:31:50Z,no such event (synthetic replay/capture label),b,fixture,update together with the code-constant fix (the test pins the drifted value),n,b:fixture-pin; test pins a drifted event/capture date; basis: fixture authored 2026-09-27T17:31:50Z (30f8638e)
tests/ops/test_okc_dossier_packet.py,L292,2027-06-30,30f8638e,2026-09-27T17:31:50Z,n/a (class a),a,fixture,none,n,a:real-world; document-stated horizon (expiry/term/statute/EOL/fiscal/meeting)
tests/ops/test_recovery_apply_orchestration.py,L37 POST,2026-10-01T00:00:00Z,2404edb0,2026-09-27T20:03:56Z,n/a (class a),a,fixture,none,n,a:synthetic; synthetic test value; drift-adjacent (mirrors the chain's believed date)
tests/ops/test_recovery_plan.py,L32 POST,2026-10-01T00:00:00Z,794d789a,2026-09-27T08:06:32Z,n/a (class a),a,fixture,none,n,a:synthetic; synthetic test value; drift-adjacent (mirrors the chain's believed date)
tests/ops/test_release_candidate_orchestration.py,L55,2026-10-19,9bf11201,2026-09-28T02:11:03Z,2026-09-28T01:27Z,b,fixture,update together with the code-constant fix (the test pins the drifted value),n,b:fixture-pin; test pins a drifted event/capture date; basis: commit a33cd6ec 'operator defers S3 human-eval spine' (local 2026-09-27 21:27 -04:00)
tests/ops/test_release_candidate_orchestration.py,L154 generated_at,2026-10-19T00:00:00Z,9bf11201,2026-09-28T02:11:03Z,n/a (class a),a,fixture,none,n,a:synthetic; synthetic test value; drift-adjacent (mirrors the chain's believed date)
tests/ops/test_release_candidate_orchestration.py,L340,2026-10-19,9bf11201,2026-09-28T02:11:03Z,n/a (class a),a,fixture,none,n,a:synthetic; synthetic test value; drift-adjacent (mirrors the chain's believed date)
tests/ops/test_san_diego_dossier_packet.py,L32,2026-10-01,8e7bdfbe,2026-09-27T18:26:56Z,no such event (synthetic replay/capture label),b,fixture,update together with the code-constant fix (the test pins the drifted value),n,b:fixture-pin; test pins a drifted event/capture date; basis: fixture authored 2026-09-27T18:26:56Z (8e7bdfbe)
tests/ops/test_san_diego_dossier_packet.py,L89 belief,2026-10-01,8e7bdfbe,2026-09-27T18:26:56Z,no such event (synthetic replay/capture label),b,fixture,update together with the code-constant fix (the test pins the drifted value),n,b:fixture-pin; test pins a drifted event/capture date; basis: fixture authored 2026-09-27T18:26:56Z (8e7bdfbe)
tests/ops/test_san_diego_dossier_packet.py,L396,2026-10-01,8e7bdfbe,2026-09-27T18:26:56Z,no such event (synthetic replay/capture label),b,fixture,update together with the code-constant fix (the test pins the drifted value),n,b:fixture-pin; test pins a drifted event/capture date; basis: fixture authored 2026-09-27T18:26:56Z (8e7bdfbe)
tests/ops/test_san_diego_dossier_packet.py,L397,2026-10-01,8e7bdfbe,2026-09-27T18:26:56Z,no such event (synthetic replay/capture label),b,fixture,update together with the code-constant fix (the test pins the drifted value),n,b:fixture-pin; test pins a drifted event/capture date; basis: fixture authored 2026-09-27T18:26:56Z (8e7bdfbe)
tests/ops/test_san_diego_dossier_packet.py,L436,2026-10-01,8e7bdfbe,2026-09-27T18:26:56Z,no such event (synthetic replay/capture label),b,fixture,update together with the code-constant fix (the test pins the drifted value),n,b:fixture-pin; test pins a drifted event/capture date; basis: fixture authored 2026-09-27T18:26:56Z (8e7bdfbe)
tests/ops/test_san_diego_dossier_packet.py,L437,2026-10-01,8e7bdfbe,2026-09-27T18:26:56Z,no such event (synthetic replay/capture label),b,fixture,update together with the code-constant fix (the test pins the drifted value),n,b:fixture-pin; test pins a drifted event/capture date; basis: fixture authored 2026-09-27T18:26:56Z (8e7bdfbe)
tests/ops/test_scheduled.py,L399 now,2026-09-17T20:00:00+00:00,a809f7ec,2026-09-16T22:34:15Z,n/a (class a),a,fixture,none,n,a:synthetic; synthetic test value
tests/ops/test_tulsa_dossier_packet.py,L17,2026-10-01,e99e05b1,2026-09-27T17:56:04Z,no such event (synthetic replay/capture label),b,fixture,update together with the code-constant fix (the test pins the drifted value),n,b:fixture-pin; test pins a drifted event/capture date; basis: fixture authored 2026-09-27T17:56:04Z (e99e05b1)
tests/ops/test_tulsa_dossier_packet.py,L56 belief,2026-10-01,e99e05b1,2026-09-27T17:56:04Z,no such event (synthetic replay/capture label),b,fixture,update together with the code-constant fix (the test pins the drifted value),n,b:fixture-pin; test pins a drifted event/capture date; basis: fixture authored 2026-09-27T17:56:04Z (e99e05b1)
tests/ops/test_tulsa_dossier_packet.py,L328,2026-10-01,e99e05b1,2026-09-27T17:56:04Z,no such event (synthetic replay/capture label),b,fixture,update together with the code-constant fix (the test pins the drifted value),n,b:fixture-pin; test pins a drifted event/capture date; basis: fixture authored 2026-09-27T17:56:04Z (e99e05b1)
tests/ops/test_tulsa_dossier_packet.py,L329,2026-10-01,e99e05b1,2026-09-27T17:56:04Z,no such event (synthetic replay/capture label),b,fixture,update together with the code-constant fix (the test pins the drifted value),n,b:fixture-pin; test pins a drifted event/capture date; basis: fixture authored 2026-09-27T17:56:04Z (e99e05b1)
tests/resolution/test_camera_sites.py,L575 str,2026-10-01T00:00:00,4608f056,2026-09-25T23:21:07Z,n/a (class a),a,fixture,none,n,a:real-world; document-stated horizon in fixture data
tests/resolution/test_camera_sites.py,L698 at,2026-10-01T00:00:00,4608f056,2026-09-25T23:21:07Z,n/a (class a),a,fixture,none,n,a:synthetic; synthetic test value; drift-adjacent (mirrors the chain's believed date)
tests/resolution/test_camera_sites.py,L699 at,2026-10-02T00:00:00,4608f056,2026-09-25T23:21:07Z,n/a (class a),a,fixture,none,n,a:synthetic; synthetic test value; drift-adjacent (mirrors the chain's believed date)
tests/resolution/test_camera_sites.py,L770 at,2026-10-01T00:00:00,4608f056,2026-09-25T23:21:07Z,n/a (class a),a,fixture,none,n,a:synthetic; synthetic test value; drift-adjacent (mirrors the chain's believed date)
tests/resolution/test_camera_sites.py,L771 at,2026-10-03T00:00:00,4608f056,2026-09-25T23:21:07Z,n/a (class a),a,fixture,none,n,a:synthetic; synthetic test value; drift-adjacent (mirrors the chain's believed date)
tests/resolution/test_camera_sites.py,L784,2026-10-02,4608f056,2026-09-25T23:21:07Z,n/a (class a),a,fixture,none,n,a:synthetic; synthetic test value; drift-adjacent (mirrors the chain's believed date)
tests/resolution/test_camera_sites.py,L790 at,2026-10-02T00:00:00,4608f056,2026-09-25T23:21:07Z,n/a (class a),a,fixture,none,n,a:synthetic; synthetic test value; drift-adjacent (mirrors the chain's believed date)
tests/resolution/test_camera_sites.py,L944 at,2026-10-02T00:00:01,76764291,2026-09-26T00:02:13Z,n/a (class a),a,fixture,none,n,a:synthetic; synthetic test value; drift-adjacent (mirrors the chain's believed date)
tests/tasks/fixtures/osm_changesets_okc_page1.xml,L10 created_at,2026-09-10T14:02:11Z,2981ce8c,2026-09-09T14:38:12Z,n/a (class a),a,fixture,none,n,a:synthetic; synthetic test value
tests/tasks/fixtures/osm_changesets_okc_page1.xml,L18 created_at,2026-09-10T15:11:00Z,2981ce8c,2026-09-09T14:38:12Z,n/a (class a),a,fixture,none,n,a:synthetic; synthetic test value
tests/tasks/fixtures/osm_changesets_okc_page1.xml,L25 created_at,2026-09-10T16:00:00Z,2981ce8c,2026-09-09T14:38:12Z,n/a (class a),a,fixture,none,n,a:synthetic; synthetic test value
tests/tasks/fixtures/osm_changesets_okc_page2.xml,L9 created_at,2026-09-11T09:20:00Z,2981ce8c,2026-09-09T14:38:12Z,n/a (class a),a,fixture,none,n,a:synthetic; synthetic test value
tests/tasks/fixtures/osm_changesets_okc_page2.xml,L17 created_at,2026-09-11T10:00:00Z,2981ce8c,2026-09-09T14:38:12Z,n/a (class a),a,fixture,none,n,a:synthetic; synthetic test value
tests/tasks/test_acquisition.py,L494,2026-09-30,e65748c0,2026-09-27T11:12:28Z,n/a (class a),a,fixture,none,n,a:real-world; document-stated horizon in fixture data
tests/tasks/test_tasks_osm_feed.py,L73,2026-09-10,2981ce8c,2026-09-09T14:38:12Z,n/a (class a),a,fixture,none,n,a:synthetic; synthetic test value
tests/tasks/test_tasks_osm_feed.py,L73,2026-09-11,2981ce8c,2026-09-09T14:38:12Z,n/a (class a),a,fixture,none,n,a:synthetic; synthetic test value
tests/tasks/test_tasks_osm_feed.py,L76 since,2026-09-11T00:00:00Z,2981ce8c,2026-09-09T14:38:12Z,n/a (class a),a,fixture,none,n,a:synthetic; synthetic test value
tests/unit/test_closeout_protocol.py,L75 nupdatedAt,2026-10-15,5f4772d8,2026-09-27T09:11:12Z,n/a (class a),a,fixture,none,n,a:synthetic; synthetic test value; drift-adjacent (mirrors the chain's believed date)
tests/unit/test_closeout_protocol.py,L657,2026-10-15,5f4772d8,2026-09-27T09:11:12Z,n/a (class a),a,fixture,none,n,a:synthetic; synthetic test value; drift-adjacent (mirrors the chain's believed date)
tests/unit/test_closeout_protocol.py,L671,2026-10-15,5f4772d8,2026-09-27T09:11:12Z,n/a (class a),a,fixture,none,n,a:synthetic; synthetic test value; drift-adjacent (mirrors the chain's believed date)
tests/unit/test_current_projection.py,L81,2026-10-14,6bade66e,2026-09-27T08:37:13Z,n/a (class a),a,fixture,none,n,a:synthetic; synthetic test value; drift-adjacent (mirrors the chain's believed date)
tests/unit/test_current_projection.py,L149 assessed_at,2026-10-14,6bade66e,2026-09-27T08:37:13Z,n/a (class a),a,fixture,none,n,a:synthetic; synthetic test value; drift-adjacent (mirrors the chain's believed date)
tests/unit/test_current_projection.py,L207,2026-10-14,6bade66e,2026-09-27T08:37:13Z,n/a (class a),a,fixture,none,n,a:synthetic; synthetic test value; drift-adjacent (mirrors the chain's believed date)
tests/unit/test_current_projection.py,L335,2026-10-14,6bade66e,2026-09-27T08:37:13Z,n/a (class a),a,fixture,none,n,a:synthetic; synthetic test value; drift-adjacent (mirrors the chain's believed date)
tests/unit/test_obligation_events.py,L74,2026-10-14,6bade66e,2026-09-27T08:37:13Z,n/a (class a),a,fixture,none,n,a:synthetic; synthetic test value; drift-adjacent (mirrors the chain's believed date)
tests/unit/test_obligation_events.py,L104 observed_at,2026-10-14,6bade66e,2026-09-27T08:37:13Z,n/a (class a),a,fixture,none,n,a:synthetic; synthetic test value; drift-adjacent (mirrors the chain's believed date)
tests/unit/test_obligation_events.py,L105 recorded_at,2026-10-14,6bade66e,2026-09-27T08:37:13Z,n/a (class a),a,fixture,none,n,a:synthetic; synthetic test value; drift-adjacent (mirrors the chain's believed date)
tests/unit/test_obligation_events.py,L131 assessed_at,2026-10-14,6bade66e,2026-09-27T08:37:13Z,n/a (class a),a,fixture,none,n,a:synthetic; synthetic test value; drift-adjacent (mirrors the chain's believed date)
tests/unit/test_obligation_events.py,L317,2026-10-14,6bade66e,2026-09-27T08:37:13Z,n/a (class a),a,fixture,none,n,a:synthetic; synthetic test value; drift-adjacent (mirrors the chain's believed date)
tests/unit/test_obligation_events.py,L346,2026-10-14,6bade66e,2026-09-27T08:37:13Z,n/a (class a),a,fixture,none,n,a:synthetic; synthetic test value; drift-adjacent (mirrors the chain's believed date)
tests/unit/test_obligation_events.py,L360,2026-10-14,6bade66e,2026-09-27T08:37:13Z,n/a (class a),a,fixture,none,n,a:synthetic; synthetic test value; drift-adjacent (mirrors the chain's believed date)
tests/unit/test_obligation_events.py,L364,2026-10-14,6bade66e,2026-09-27T08:37:13Z,n/a (class a),a,fixture,none,n,a:synthetic; synthetic test value; drift-adjacent (mirrors the chain's believed date)
web/src/lib/corrections-methodology-fixture.ts,L66,2027-01-02,2b361f18,2026-09-08T16:59:20Z,n/a (class a),a,code,none,n,a:real-world; document-stated horizon (expiry/term/statute/EOL/fiscal/meeting)
web/src/lib/corrections-methodology-fixture.ts,L111 expires_at,2026-10-01,2b361f18,2026-09-08T16:59:20Z,n/a (class a),a,code,none,n,a:real-world; document-stated date in registry/code data
web/src/lib/dossier-fixture.ts,L19,2027-01-02,99d246c7,2026-09-02T03:35:06Z,n/a (class a),a,code,none,n,a:real-world; document-stated horizon (expiry/term/statute/EOL/fiscal/meeting)
web/src/lib/dossier-fixture.ts,L19,2027-04-02,99d246c7,2026-09-02T03:35:06Z,n/a (class a),a,code,none,n,a:real-world; document-stated horizon (expiry/term/statute/EOL/fiscal/meeting)
web/src/lib/dossier-fixture.ts,L109,2027-01-02,99d246c7,2026-09-02T03:35:06Z,n/a (class a),a,code,none,n,a:real-world; document-stated horizon (expiry/term/statute/EOL/fiscal/meeting)
web/src/lib/dossier-fixture.ts,L109,2027-04-02,99d246c7,2026-09-02T03:35:06Z,n/a (class a),a,code,none,n,a:real-world; document-stated horizon (expiry/term/statute/EOL/fiscal/meeting)
web/src/lib/dossier-fixture.ts,L112 expiry_date,2027-04-02,99d246c7,2026-09-02T03:35:06Z,n/a (class a),a,code,none,n,a:real-world; document-stated horizon (expiry/term/statute/EOL/fiscal/meeting)
web/src/lib/dossier-fixture.ts,L172 value,2027-04-02,99d246c7,2026-09-02T03:35:06Z,n/a (class a),a,code,none,n,a:real-world; document-stated horizon (expiry/term/statute/EOL/fiscal/meeting)
web/src/lib/dossier-jurisdiction-fixture.ts,L97 expiry_date,2028-05-01,89d27528,2026-09-09T02:18:44Z,n/a (class a),a,code,none,n,a:real-world; document-stated horizon (expiry/term/statute/EOL/fiscal/meeting)
web/src/lib/dossier-jurisdiction-fixture.ts,L131 expiry_date,2028-05-01,89d27528,2026-09-09T02:18:44Z,n/a (class a),a,code,none,n,a:real-world; document-stated horizon (expiry/term/statute/EOL/fiscal/meeting)
web/src/lib/dossier.ts,L191,2027-04-02,99d246c7,2026-09-02T03:35:06Z,n/a (class a),a,code,none,n,a:real-world; document-stated horizon (expiry/term/statute/EOL/fiscal/meeting)
web/src/lib/dossier.ts,L192,2027-01-02,99d246c7,2026-09-02T03:35:06Z,n/a (class a),a,code,none,n,a:real-world; document-stated horizon (expiry/term/statute/EOL/fiscal/meeting)
web/src/lib/editorial.ts,L166,2026-09-30,2b361f18,2026-09-08T16:59:20Z,n/a (class a),a,code,none,n,a:illustrative; copy of the spec's example contract text ('expires 2026-09-30')
web/src/lib/research-dossier-fixture.ts,L32 belief,2026-10-01,df8c5ab1,2026-09-27T16:35:28Z,no such event (synthetic replay/capture label),b,code,code constant fix + regression test: capture/observed dates = the fixture's real authoring/capture date (or an explicit synthetic-scenario field distinct from retrieved_at); as-of <= build time,n,b:code-constant; replay/as-of label for fixtures that were never retrieved; basis: constant authored 2026-09-27T16:35:28Z (df8c5ab1)
web/src/lib/research-dossier-fixture.ts,L57 retrieved_date,2026-10-01,df8c5ab1,2026-09-27T16:35:28Z,no such event (synthetic replay/capture label),b,code,code constant fix + regression test: capture/observed dates = the fixture's real authoring/capture date (or an explicit synthetic-scenario field distinct from retrieved_at); as-of <= build time,n,b:code-constant; replay/as-of label for fixtures that were never retrieved; basis: constant authored 2026-09-27T16:35:28Z (df8c5ab1)
web/src/lib/research-dossier-fixture.ts,L71 retrieved_date,2026-10-01,df8c5ab1,2026-09-27T16:35:28Z,no such event (synthetic replay/capture label),b,code,code constant fix + regression test: capture/observed dates = the fixture's real authoring/capture date (or an explicit synthetic-scenario field distinct from retrieved_at); as-of <= build time,n,b:code-constant; replay/as-of label for fixtures that were never retrieved; basis: constant authored 2026-09-27T16:35:28Z (df8c5ab1)
web/src/lib/research-dossier-fixture.ts,L96 retrieved_date,2026-10-01,df8c5ab1,2026-09-27T16:35:28Z,no such event (synthetic replay/capture label),b,code,code constant fix + regression test: capture/observed dates = the fixture's real authoring/capture date (or an explicit synthetic-scenario field distinct from retrieved_at); as-of <= build time,n,b:code-constant; replay/as-of label for fixtures that were never retrieved; basis: constant authored 2026-09-27T16:35:28Z (df8c5ab1)
web/src/lib/research-dossier-fixture.ts,L121 retrieved_date,2026-10-01,df8c5ab1,2026-09-27T16:35:28Z,no such event (synthetic replay/capture label),b,code,code constant fix + regression test: capture/observed dates = the fixture's real authoring/capture date (or an explicit synthetic-scenario field distinct from retrieved_at); as-of <= build time,n,b:code-constant; replay/as-of label for fixtures that were never retrieved; basis: constant authored 2026-09-27T16:35:28Z (df8c5ab1)
web/src/lib/research-dossier-fixture.ts,L135 retrieved_date,2026-10-01,df8c5ab1,2026-09-27T16:35:28Z,no such event (synthetic replay/capture label),b,code,code constant fix + regression test: capture/observed dates = the fixture's real authoring/capture date (or an explicit synthetic-scenario field distinct from retrieved_at); as-of <= build time,n,b:code-constant; replay/as-of label for fixtures that were never retrieved; basis: constant authored 2026-09-27T16:35:28Z (df8c5ab1)
web/src/lib/research-dossier-fixture.ts,L177 retrieved_date,2026-10-01,df8c5ab1,2026-09-27T16:35:28Z,no such event (synthetic replay/capture label),b,code,code constant fix + regression test: capture/observed dates = the fixture's real authoring/capture date (or an explicit synthetic-scenario field distinct from retrieved_at); as-of <= build time,n,b:code-constant; replay/as-of label for fixtures that were never retrieved; basis: constant authored 2026-09-27T16:35:28Z (df8c5ab1)
web/src/lib/research-dossier-fixture.ts,L201 retrieved_date,2026-10-01,df8c5ab1,2026-09-27T16:35:28Z,no such event (synthetic replay/capture label),b,code,code constant fix + regression test: capture/observed dates = the fixture's real authoring/capture date (or an explicit synthetic-scenario field distinct from retrieved_at); as-of <= build time,n,b:code-constant; replay/as-of label for fixtures that were never retrieved; basis: constant authored 2026-09-27T16:35:28Z (df8c5ab1)
web/src/lib/research-dossier-fixture.ts,L225 retrieved_date,2026-10-01,df8c5ab1,2026-09-27T16:35:28Z,no such event (synthetic replay/capture label),b,code,code constant fix + regression test: capture/observed dates = the fixture's real authoring/capture date (or an explicit synthetic-scenario field distinct from retrieved_at); as-of <= build time,n,b:code-constant; replay/as-of label for fixtures that were never retrieved; basis: constant authored 2026-09-27T16:35:28Z (df8c5ab1)
web/src/lib/research-dossier-fixture.ts,L264 retrieved_date,2026-10-01,df8c5ab1,2026-09-27T16:35:28Z,no such event (synthetic replay/capture label),b,code,code constant fix + regression test: capture/observed dates = the fixture's real authoring/capture date (or an explicit synthetic-scenario field distinct from retrieved_at); as-of <= build time,n,b:code-constant; replay/as-of label for fixtures that were never retrieved; basis: constant authored 2026-09-27T16:35:28Z (df8c5ab1)
web/src/lib/research-dossier-fixture.ts,L277,2026-10-01,df8c5ab1,2026-09-27T16:35:28Z,no such event (synthetic replay/capture label),b,code,code constant fix + regression test: capture/observed dates = the fixture's real authoring/capture date (or an explicit synthetic-scenario field distinct from retrieved_at); as-of <= build time,n,b:code-constant; replay/as-of label for fixtures that were never retrieved; basis: constant authored 2026-09-27T16:35:28Z (df8c5ab1)
web/src/lib/research-dossier-fixture.ts,L283 searched_at,2026-10-01,df8c5ab1,2026-09-27T16:35:28Z,no such event (synthetic replay/capture label),b,code,code constant fix + regression test: capture/observed dates = the fixture's real authoring/capture date (or an explicit synthetic-scenario field distinct from retrieved_at); as-of <= build time,n,b:code-constant; replay/as-of label for fixtures that were never retrieved; basis: constant authored 2026-09-27T16:35:28Z (df8c5ab1)
web/src/lib/research-dossier-fixture.ts,L330 retrieved_date,2026-10-01,df8c5ab1,2026-09-27T16:35:28Z,no such event (synthetic replay/capture label),b,code,code constant fix + regression test: capture/observed dates = the fixture's real authoring/capture date (or an explicit synthetic-scenario field distinct from retrieved_at); as-of <= build time,n,b:code-constant; replay/as-of label for fixtures that were never retrieved; basis: constant authored 2026-09-27T16:35:28Z (df8c5ab1)
web/src/lib/research-dossier-fixture.ts,L341 retrieved_date,2026-10-01,df8c5ab1,2026-09-27T16:35:28Z,no such event (synthetic replay/capture label),b,code,code constant fix + regression test: capture/observed dates = the fixture's real authoring/capture date (or an explicit synthetic-scenario field distinct from retrieved_at); as-of <= build time,n,b:code-constant; replay/as-of label for fixtures that were never retrieved; basis: constant authored 2026-09-27T16:35:28Z (df8c5ab1)
web/src/lib/research-dossier-fixture.ts,L352 retrieved_date,2026-10-01,df8c5ab1,2026-09-27T16:35:28Z,no such event (synthetic replay/capture label),b,code,code constant fix + regression test: capture/observed dates = the fixture's real authoring/capture date (or an explicit synthetic-scenario field distinct from retrieved_at); as-of <= build time,n,b:code-constant; replay/as-of label for fixtures that were never retrieved; basis: constant authored 2026-09-27T16:35:28Z (df8c5ab1)
web/src/lib/research-dossier-fixture.ts,L372 searched_at,2026-10-01,df8c5ab1,2026-09-27T16:35:28Z,no such event (synthetic replay/capture label),b,code,code constant fix + regression test: capture/observed dates = the fixture's real authoring/capture date (or an explicit synthetic-scenario field distinct from retrieved_at); as-of <= build time,n,b:code-constant; replay/as-of label for fixtures that were never retrieved; basis: constant authored 2026-09-27T16:35:28Z (df8c5ab1)
web/src/lib/research-dossier-fixture.ts,L437,2026-10-01,df8c5ab1,2026-09-27T16:35:28Z,no such event (synthetic replay/capture label),b,code,code constant fix + regression test: capture/observed dates = the fixture's real authoring/capture date (or an explicit synthetic-scenario field distinct from retrieved_at); as-of <= build time,n,b:code-constant; replay/as-of label for fixtures that were never retrieved; basis: constant authored 2026-09-27T16:35:28Z (df8c5ab1)
web/src/lib/watch-evidence-fixture.ts,L10,2027-04-02,b8f5da8a,2026-09-08T16:31:51Z,n/a (class a),a,code,none,n,a:real-world; document-stated horizon (expiry/term/statute/EOL/fiscal/meeting)
web/src/lib/watch-evidence-fixture.ts,L11,2027-01-02,b8f5da8a,2026-09-08T16:31:51Z,n/a (class a),a,code,none,n,a:real-world; document-stated horizon (expiry/term/statute/EOL/fiscal/meeting)
web/src/lib/watch-evidence-fixture.ts,L37 expiry_date,2027-04-02,b8f5da8a,2026-09-08T16:31:51Z,n/a (class a),a,code,none,n,a:real-world; document-stated horizon (expiry/term/statute/EOL/fiscal/meeting)
web/src/lib/watch-evidence-fixture.ts,L40 next_scheduled_meeting,2026-12-16,b8f5da8a,2026-09-08T16:31:51Z,n/a (class a),a,code,none,n,a:real-world; document-stated horizon (expiry/term/statute/EOL/fiscal/meeting)
web/src/lib/watch-evidence-fixture.ts,L48 expiry_date,2026-11-30,b8f5da8a,2026-09-08T16:31:51Z,n/a (class a),a,code,none,n,a:real-world; document-stated horizon (expiry/term/statute/EOL/fiscal/meeting)
web/src/lib/watch-evidence-fixture.ts,L51 next_scheduled_meeting,2026-11-18,b8f5da8a,2026-09-08T16:31:51Z,n/a (class a),a,code,none,n,a:real-world; document-stated horizon (expiry/term/statute/EOL/fiscal/meeting)
web/src/lib/watch-evidence-fixture.ts,L59 expiry_date,2027-02-15,b8f5da8a,2026-09-08T16:31:51Z,n/a (class a),a,code,none,n,a:real-world; document-stated horizon (expiry/term/statute/EOL/fiscal/meeting)
web/src/lib/watch-evidence-fixture.ts,L62 next_scheduled_meeting,2026-12-09,b8f5da8a,2026-09-08T16:31:51Z,n/a (class a),a,code,none,n,a:real-world; document-stated horizon (expiry/term/statute/EOL/fiscal/meeting)
web/src/lib/watch-evidence-fixture.ts,L75 date,2027-01-02,b8f5da8a,2026-09-08T16:31:51Z,n/a (class a),a,code,none,n,a:real-world; document-stated horizon (expiry/term/statute/EOL/fiscal/meeting)
web/src/lib/watch-evidence-fixture.ts,L216,2027-04-02,b8f5da8a,2026-09-08T16:31:51Z,n/a (class a),a,code,none,n,a:real-world; document-stated horizon (expiry/term/statute/EOL/fiscal/meeting)
web/src/lib/watch-evidence-fixture.ts,L233 expiry_date,2027-04-02,b8f5da8a,2026-09-08T16:31:51Z,n/a (class a),a,code,none,n,a:real-world; document-stated horizon (expiry/term/statute/EOL/fiscal/meeting)
web/tests/e2e/dossier.spec.ts,L66,2027-04-02,99d246c7,2026-09-02T03:35:06Z,n/a (class a),a,fixture,none,n,a:real-world; document-stated horizon (expiry/term/statute/EOL/fiscal/meeting)
web/tests/e2e/dossier.spec.ts,L68,2027-01-02,99d246c7,2026-09-02T03:35:06Z,n/a (class a),a,fixture,none,n,a:real-world; document-stated horizon (expiry/term/statute/EOL/fiscal/meeting)
web/tests/e2e/research-dossier.nojs.spec.ts,L48,2026-10-01,df8c5ab1,2026-09-27T16:35:28Z,no such event (synthetic replay/capture label),b,fixture,update together with the code-constant fix (the test pins the drifted value),n,b:fixture-pin; test pins a drifted event/capture date; basis: fixture authored 2026-09-27T16:35:28Z (df8c5ab1)
web/tests/e2e/watch-evidence.nojs.spec.ts,L26,2027-01-02,b8f5da8a,2026-09-08T16:31:51Z,n/a (class a),a,fixture,none,n,a:real-world; document-stated horizon (expiry/term/statute/EOL/fiscal/meeting)
web/tests/e2e/watch-evidence.spec.ts,L16,2027-01-02,b8f5da8a,2026-09-08T16:31:51Z,n/a (class a),a,fixture,none,n,a:real-world; document-stated horizon (expiry/term/statute/EOL/fiscal/meeting)
web/tests/e2e/watch-evidence.spec.ts,L16,2027-04-02,b8f5da8a,2026-09-08T16:31:51Z,n/a (class a),a,fixture,none,n,a:real-world; document-stated horizon (expiry/term/statute/EOL/fiscal/meeting)
web/tests/e2e/watch-evidence.spec.ts,L17,2027-01-02,b8f5da8a,2026-09-08T16:31:51Z,n/a (class a),a,fixture,none,n,a:real-world; document-stated horizon (expiry/term/statute/EOL/fiscal/meeting)
web/tests/e2e/watch-evidence.spec.ts,L18,2027-04-02,b8f5da8a,2026-09-08T16:31:51Z,n/a (class a),a,fixture,none,n,a:real-world; document-stated horizon (expiry/term/statute/EOL/fiscal/meeting)
web/tests/e2e/watch-evidence.spec.ts,L21,2026-11-30,b8f5da8a,2026-09-08T16:31:51Z,n/a (class a),a,fixture,none,n,a:real-world; document-stated horizon (expiry/term/statute/EOL/fiscal/meeting)
web/tests/e2e/watch-evidence.spec.ts,L22,2026-11-30,b8f5da8a,2026-09-08T16:31:51Z,n/a (class a),a,fixture,none,n,a:real-world; document-stated horizon (expiry/term/statute/EOL/fiscal/meeting)
web/tests/e2e/watch-evidence.spec.ts,L33,2027-01-02,b8f5da8a,2026-09-08T16:31:51Z,n/a (class a),a,fixture,none,n,a:real-world; document-stated horizon (expiry/term/statute/EOL/fiscal/meeting)
web/tests/e2e/watch-evidence.spec.ts,L47,2027-01-02,b8f5da8a,2026-09-08T16:31:51Z,n/a (class a),a,fixture,none,n,a:real-world; document-stated horizon (expiry/term/statute/EOL/fiscal/meeting)
web/tests/unit/citation.test.ts,L90 asserted_at,2026-09-15,fdddec04,2026-09-02T02:26:18Z,n/a (class a),a,fixture,none,n,a:synthetic; synthetic test value
web/tests/unit/citation.test.ts,L96,2026-09-30,fdddec04,2026-09-02T02:26:18Z,n/a (class a),a,fixture,none,n,a:synthetic; synthetic test value
web/tests/unit/data.test.ts,L202 date,2027-04-01,be7bab69,2026-09-26T14:29:11Z,n/a (class a),a,fixture,none,n,a:synthetic; synthetic test value beyond the drift window
web/tests/unit/dossier.test.ts,L50 expiry_date,2027-04-02,99d246c7,2026-09-02T03:35:06Z,n/a (class a),a,fixture,none,n,a:real-world; document-stated horizon (expiry/term/statute/EOL/fiscal/meeting)
web/tests/unit/dossier.test.ts,L51,2027-01-02,99d246c7,2026-09-02T03:35:06Z,n/a (class a),a,fixture,none,n,a:synthetic; synthetic test value beyond the drift window
web/tests/unit/dossier.test.ts,L56 expiry_date,2027-04-02,99d246c7,2026-09-02T03:35:06Z,n/a (class a),a,fixture,none,n,a:real-world; document-stated horizon (expiry/term/statute/EOL/fiscal/meeting)
web/tests/unit/dossier.test.ts,L57,2027-04-02,99d246c7,2026-09-02T03:35:06Z,n/a (class a),a,fixture,none,n,a:synthetic; synthetic test value beyond the drift window
web/tests/unit/dossier.test.ts,L62 expiry_date,2027-04-02,99d246c7,2026-09-02T03:35:06Z,n/a (class a),a,fixture,none,n,a:real-world; document-stated horizon (expiry/term/statute/EOL/fiscal/meeting)
web/tests/unit/dossier.test.ts,L63,2027-04-02,99d246c7,2026-09-02T03:35:06Z,n/a (class a),a,fixture,none,n,a:synthetic; synthetic test value beyond the drift window
web/tests/unit/dossier.test.ts,L73,2027-01-02,99d246c7,2026-09-02T03:35:06Z,n/a (class a),a,fixture,none,n,a:real-world; document-stated horizon (expiry/term/statute/EOL/fiscal/meeting)
web/tests/unit/dossier.test.ts,L74,2027-04-02,99d246c7,2026-09-02T03:35:06Z,n/a (class a),a,fixture,none,n,a:real-world; document-stated horizon (expiry/term/statute/EOL/fiscal/meeting)
web/tests/unit/dossier.test.ts,L109 next_decision_date,2027-01-02,99d246c7,2026-09-02T03:35:06Z,n/a (class a),a,fixture,none,n,a:real-world; document-stated horizon (expiry/term/statute/EOL/fiscal/meeting)
web/tests/unit/research-queue.test.ts,L74 expires_at,2026-10-01,2b361f18,2026-09-08T16:59:20Z,n/a (class a),a,fixture,none,n,a:real-world; document-stated horizon in fixture data
web/tests/unit/research-queue.test.ts,L79,2026-10-01,2b361f18,2026-09-08T16:59:20Z,n/a (class a),a,fixture,none,n,a:synthetic; synthetic test value; drift-adjacent (mirrors the chain's believed date)
web/tests/unit/research-queue.test.ts,L80,2026-11-01,2b361f18,2026-09-08T16:59:20Z,n/a (class a),a,fixture,none,n,a:synthetic; synthetic test value beyond the drift window
web/tests/unit/watch.test.ts,L29,2027-01-02,b8f5da8a,2026-09-08T16:31:51Z,n/a (class a),a,fixture,none,n,a:real-world; document-stated horizon (expiry/term/statute/EOL/fiscal/meeting)
web/tests/unit/watch.test.ts,L29 D,2027-04-02,b8f5da8a,2026-09-08T16:31:51Z,n/a (class a),a,fixture,none,n,a:real-world; document-stated horizon (expiry/term/statute/EOL/fiscal/meeting)
web/tests/unit/watch.test.ts,L30,2027-01-02,b8f5da8a,2026-09-08T16:31:51Z,n/a (class a),a,fixture,none,n,a:real-world; document-stated horizon (expiry/term/statute/EOL/fiscal/meeting)
web/tests/unit/watch.test.ts,L31,2027-01-02,b8f5da8a,2026-09-08T16:31:51Z,n/a (class a),a,fixture,none,n,a:real-world; document-stated horizon (expiry/term/statute/EOL/fiscal/meeting)
web/tests/unit/watch.test.ts,L33,2027-04-02,b8f5da8a,2026-09-08T16:31:51Z,n/a (class a),a,fixture,none,n,a:real-world; document-stated horizon (expiry/term/statute/EOL/fiscal/meeting)
web/tests/unit/watch.test.ts,L39,2026-11-30,b8f5da8a,2026-09-08T16:31:51Z,n/a (class a),a,fixture,none,n,a:real-world; document-stated horizon (expiry/term/statute/EOL/fiscal/meeting)
web/tests/unit/watch.test.ts,L88,2027-01-02,b8f5da8a,2026-09-08T16:31:51Z,n/a (class a),a,fixture,none,n,a:real-world; document-stated horizon (expiry/term/statute/EOL/fiscal/meeting)
web/tests/unit/watch.test.ts,L88,2027-04-02,b8f5da8a,2026-09-08T16:31:51Z,n/a (class a),a,fixture,none,n,a:real-world; document-stated horizon (expiry/term/statute/EOL/fiscal/meeting)
web/tests/unit/watch.test.ts,L125,2027-01-02,b8f5da8a,2026-09-08T16:31:51Z,n/a (class a),a,fixture,none,n,a:real-world; document-stated horizon (expiry/term/statute/EOL/fiscal/meeting)
connectors/src/connectors/data/sources.toml,L128,2026-09-10,e1cedcad,2026-09-13T19:56:51Z,2026-09-13T19:56:51Z,b,code,registry data correction in a new commit (verification/flip executed 2026-09-13; GL-GATE-03 authority 2026-09-09) + test-comment update,n,b:stale-chain-date; past-dated; runs/P21.5.md:23 'Environment clock read 2026-09-13; chain date for this re-run = 2026-09-10'; basis: Round-3 session wrote 'chain date' 2026-09-10 on 2026-09-13 (commit e1cedcad)
connectors/src/connectors/data/sources.toml,L130,2026-09-10,e1cedcad,2026-09-13T19:56:51Z,2026-09-13T19:56:51Z,b,code,registry data correction in a new commit (verification/flip executed 2026-09-13; GL-GATE-03 authority 2026-09-09) + test-comment update,n,b:stale-chain-date; past-dated; runs/P21.5.md:23 'Environment clock read 2026-09-13; chain date for this re-run = 2026-09-10'; basis: Round-3 session wrote 'chain date' 2026-09-10 on 2026-09-13 (commit e1cedcad)
connectors/src/connectors/data/sources.toml,L132,2026-09-10,e1cedcad,2026-09-13T19:56:51Z,2026-09-13T19:56:51Z,b,code,registry data correction in a new commit (verification/flip executed 2026-09-13; GL-GATE-03 authority 2026-09-09) + test-comment update,n,b:stale-chain-date; past-dated; runs/P21.5.md:23 'Environment clock read 2026-09-13; chain date for this re-run = 2026-09-10'; basis: Round-3 session wrote 'chain date' 2026-09-10 on 2026-09-13 (commit e1cedcad)
connectors/src/connectors/data/sources.toml,L234,2026-09-10,e1cedcad,2026-09-13T19:56:51Z,2026-09-13T19:56:51Z,b,code,registry data correction in a new commit (verification/flip executed 2026-09-13; GL-GATE-03 authority 2026-09-09) + test-comment update,n,b:stale-chain-date; past-dated; runs/P21.5.md:23 'Environment clock read 2026-09-13; chain date for this re-run = 2026-09-10'; basis: Round-3 session wrote 'chain date' 2026-09-10 on 2026-09-13 (commit e1cedcad)
connectors/src/connectors/data/sources.toml,L236,2026-09-10,e1cedcad,2026-09-13T19:56:51Z,2026-09-13T19:56:51Z,b,code,registry data correction in a new commit (verification/flip executed 2026-09-13; GL-GATE-03 authority 2026-09-09) + test-comment update,n,b:stale-chain-date; past-dated; runs/P21.5.md:23 'Environment clock read 2026-09-13; chain date for this re-run = 2026-09-10'; basis: Round-3 session wrote 'chain date' 2026-09-10 on 2026-09-13 (commit e1cedcad)
connectors/src/connectors/data/sources.toml,L2073,2026-09-10,e1cedcad,2026-09-13T19:56:51Z,2026-09-13T19:56:51Z,b,code,registry data correction in a new commit (verification/flip executed 2026-09-13; GL-GATE-03 authority 2026-09-09) + test-comment update,n,b:stale-chain-date; past-dated; runs/P21.5.md:23 'Environment clock read 2026-09-13; chain date for this re-run = 2026-09-10'; basis: Round-3 session wrote 'chain date' 2026-09-10 on 2026-09-13 (commit e1cedcad)
connectors/src/connectors/data/sources.toml,L2075,2026-09-10,e1cedcad,2026-09-13T19:56:51Z,2026-09-13T19:56:51Z,b,code,registry data correction in a new commit (verification/flip executed 2026-09-13; GL-GATE-03 authority 2026-09-09) + test-comment update,n,b:stale-chain-date; past-dated; runs/P21.5.md:23 'Environment clock read 2026-09-13; chain date for this re-run = 2026-09-10'; basis: Round-3 session wrote 'chain date' 2026-09-10 on 2026-09-13 (commit e1cedcad)
connectors/src/connectors/data/sources.toml,L2077,2026-09-10,e1cedcad,2026-09-13T19:56:51Z,2026-09-13T19:56:51Z,b,code,registry data correction in a new commit (verification/flip executed 2026-09-13; GL-GATE-03 authority 2026-09-09) + test-comment update,n,b:stale-chain-date; past-dated; runs/P21.5.md:23 'Environment clock read 2026-09-13; chain date for this re-run = 2026-09-10'; basis: Round-3 session wrote 'chain date' 2026-09-10 on 2026-09-13 (commit e1cedcad)
connectors/src/connectors/data/sources.toml,L2084,2026-09-10,e1cedcad,2026-09-13T19:56:51Z,2026-09-13T19:56:51Z,b,code,registry data correction in a new commit (verification/flip executed 2026-09-13; GL-GATE-03 authority 2026-09-09) + test-comment update,n,b:stale-chain-date; past-dated; runs/P21.5.md:23 'Environment clock read 2026-09-13; chain date for this re-run = 2026-09-10'; basis: Round-3 session wrote 'chain date' 2026-09-10 on 2026-09-13 (commit e1cedcad)
connectors/src/connectors/data/sources.toml,L2096,2026-09-10,e1cedcad,2026-09-13T19:56:51Z,2026-09-13T19:56:51Z,b,code,registry data correction in a new commit (verification/flip executed 2026-09-13; GL-GATE-03 authority 2026-09-09) + test-comment update,n,b:stale-chain-date; past-dated; runs/P21.5.md:23 'Environment clock read 2026-09-13; chain date for this re-run = 2026-09-10'; basis: Round-3 session wrote 'chain date' 2026-09-10 on 2026-09-13 (commit e1cedcad)
connectors/src/connectors/data/sources.toml,L2098,2026-09-10,e1cedcad,2026-09-13T19:56:51Z,2026-09-13T19:56:51Z,b,code,registry data correction in a new commit (verification/flip executed 2026-09-13; GL-GATE-03 authority 2026-09-09) + test-comment update,n,b:stale-chain-date; past-dated; runs/P21.5.md:23 'Environment clock read 2026-09-13; chain date for this re-run = 2026-09-10'; basis: Round-3 session wrote 'chain date' 2026-09-10 on 2026-09-13 (commit e1cedcad)
connectors/src/connectors/data/sources.toml,L2100,2026-09-10,e1cedcad,2026-09-13T19:56:51Z,2026-09-13T19:56:51Z,b,code,registry data correction in a new commit (verification/flip executed 2026-09-13; GL-GATE-03 authority 2026-09-09) + test-comment update,n,b:stale-chain-date; past-dated; runs/P21.5.md:23 'Environment clock read 2026-09-13; chain date for this re-run = 2026-09-10'; basis: Round-3 session wrote 'chain date' 2026-09-10 on 2026-09-13 (commit e1cedcad)
connectors/src/connectors/data/sources.toml,L2107,2026-09-10,e1cedcad,2026-09-13T19:56:51Z,2026-09-13T19:56:51Z,b,code,registry data correction in a new commit (verification/flip executed 2026-09-13; GL-GATE-03 authority 2026-09-09) + test-comment update,n,b:stale-chain-date; past-dated; runs/P21.5.md:23 'Environment clock read 2026-09-13; chain date for this re-run = 2026-09-10'; basis: Round-3 session wrote 'chain date' 2026-09-10 on 2026-09-13 (commit e1cedcad)
connectors/src/connectors/data/sources.toml,L2118,2026-09-10,e1cedcad,2026-09-13T19:56:51Z,2026-09-13T19:56:51Z,b,code,registry data correction in a new commit (verification/flip executed 2026-09-13; GL-GATE-03 authority 2026-09-09) + test-comment update,n,b:stale-chain-date; past-dated; runs/P21.5.md:23 'Environment clock read 2026-09-13; chain date for this re-run = 2026-09-10'; basis: Round-3 session wrote 'chain date' 2026-09-10 on 2026-09-13 (commit e1cedcad)
connectors/src/connectors/data/sources.toml,L2120,2026-09-10,e1cedcad,2026-09-13T19:56:51Z,2026-09-13T19:56:51Z,b,code,registry data correction in a new commit (verification/flip executed 2026-09-13; GL-GATE-03 authority 2026-09-09) + test-comment update,n,b:stale-chain-date; past-dated; runs/P21.5.md:23 'Environment clock read 2026-09-13; chain date for this re-run = 2026-09-10'; basis: Round-3 session wrote 'chain date' 2026-09-10 on 2026-09-13 (commit e1cedcad)
connectors/src/connectors/data/sources.toml,L2122,2026-09-10,e1cedcad,2026-09-13T19:56:51Z,2026-09-13T19:56:51Z,b,code,registry data correction in a new commit (verification/flip executed 2026-09-13; GL-GATE-03 authority 2026-09-09) + test-comment update,n,b:stale-chain-date; past-dated; runs/P21.5.md:23 'Environment clock read 2026-09-13; chain date for this re-run = 2026-09-10'; basis: Round-3 session wrote 'chain date' 2026-09-10 on 2026-09-13 (commit e1cedcad)
connectors/src/connectors/data/sources.toml,L2129,2026-09-10,e1cedcad,2026-09-13T19:56:51Z,2026-09-13T19:56:51Z,b,code,registry data correction in a new commit (verification/flip executed 2026-09-13; GL-GATE-03 authority 2026-09-09) + test-comment update,n,b:stale-chain-date; past-dated; runs/P21.5.md:23 'Environment clock read 2026-09-13; chain date for this re-run = 2026-09-10'; basis: Round-3 session wrote 'chain date' 2026-09-10 on 2026-09-13 (commit e1cedcad)
connectors/src/connectors/data/sources.toml,L2140,2026-09-10,e1cedcad,2026-09-13T19:56:51Z,2026-09-13T19:56:51Z,b,code,registry data correction in a new commit (verification/flip executed 2026-09-13; GL-GATE-03 authority 2026-09-09) + test-comment update,n,b:stale-chain-date; past-dated; runs/P21.5.md:23 'Environment clock read 2026-09-13; chain date for this re-run = 2026-09-10'; basis: Round-3 session wrote 'chain date' 2026-09-10 on 2026-09-13 (commit e1cedcad)
connectors/src/connectors/data/sources.toml,L2142,2026-09-10,e1cedcad,2026-09-13T19:56:51Z,2026-09-13T19:56:51Z,b,code,registry data correction in a new commit (verification/flip executed 2026-09-13; GL-GATE-03 authority 2026-09-09) + test-comment update,n,b:stale-chain-date; past-dated; runs/P21.5.md:23 'Environment clock read 2026-09-13; chain date for this re-run = 2026-09-10'; basis: Round-3 session wrote 'chain date' 2026-09-10 on 2026-09-13 (commit e1cedcad)
connectors/src/connectors/data/sources.toml,L2144,2026-09-10,e1cedcad,2026-09-13T19:56:51Z,2026-09-13T19:56:51Z,b,code,registry data correction in a new commit (verification/flip executed 2026-09-13; GL-GATE-03 authority 2026-09-09) + test-comment update,n,b:stale-chain-date; past-dated; runs/P21.5.md:23 'Environment clock read 2026-09-13; chain date for this re-run = 2026-09-10'; basis: Round-3 session wrote 'chain date' 2026-09-10 on 2026-09-13 (commit e1cedcad)
connectors/src/connectors/data/sources.toml,L2151,2026-09-10,e1cedcad,2026-09-13T19:56:51Z,2026-09-13T19:56:51Z,b,code,registry data correction in a new commit (verification/flip executed 2026-09-13; GL-GATE-03 authority 2026-09-09) + test-comment update,n,b:stale-chain-date; past-dated; runs/P21.5.md:23 'Environment clock read 2026-09-13; chain date for this re-run = 2026-09-10'; basis: Round-3 session wrote 'chain date' 2026-09-10 on 2026-09-13 (commit e1cedcad)
docs/adr/ADR-074-okc-document-connectors-okc-procurement-okcpd-policy-ok-statute-over-the-sig-parsing-layers-with-the-part-viii-guard.md,L5,2026-09-10,ea479fe8,2026-09-13T20:21:05Z,2026-09-13T20:21:05Z,b,adr,append a dated 'Date correction' footer + row in the correction ADR's table,n,b:stale-chain-date; past-dated; runs/P21.5.md:23 'Environment clock read 2026-09-13; chain date for this re-run = 2026-09-10'; basis: Round-3 session wrote 'chain date' 2026-09-10 on 2026-09-13 (commit ea479fe8)
docs/adr/ADR-076-reingest-cadence-github-actions-scheduler-vs-prefect-dagster-and-the-cadence-vs-etiquette-design.md,L5,2026-09-10,759fcbac,2026-09-13T22:10:36Z,2026-09-13T22:10:36Z,b,adr,append a dated 'Date correction' footer + row in the correction ADR's table,n,b:stale-chain-date; past-dated; runs/P21.5.md:23 'Environment clock read 2026-09-13; chain date for this re-run = 2026-09-10'; basis: Round-3 session wrote 'chain date' 2026-09-10 on 2026-09-13 (commit 759fcbac)
docs/build/BUILD_INDEX.md,L141,2026-09-10,eb72be5f,2026-09-13T19:40:01Z,2026-09-13T19:40:01Z,b,memory,"append-only dated CORRECTION entry naming path:line, recorded value and true date",n,b:stale-chain-date; past-dated; runs/P21.5.md:23 'Environment clock read 2026-09-13; chain date for this re-run = 2026-09-10'; basis: Round-3 session wrote 'chain date' 2026-09-10 on 2026-09-13 (commit eb72be5f)
docs/build/BUILD_INDEX.md,L142,2026-09-10,eb72be5f,2026-09-13T19:40:01Z,2026-09-13T19:40:01Z,b,memory,"append-only dated CORRECTION entry naming path:line, recorded value and true date",n,b:stale-chain-date; past-dated; runs/P21.5.md:23 'Environment clock read 2026-09-13; chain date for this re-run = 2026-09-10'; basis: Round-3 session wrote 'chain date' 2026-09-10 on 2026-09-13 (commit eb72be5f)
docs/build/BUILD_INDEX.md,L143,2026-09-10,eb72be5f,2026-09-13T19:40:01Z,2026-09-13T19:40:01Z,b,memory,"append-only dated CORRECTION entry naming path:line, recorded value and true date",n,b:stale-chain-date; past-dated; runs/P21.5.md:23 'Environment clock read 2026-09-13; chain date for this re-run = 2026-09-10'; basis: Round-3 session wrote 'chain date' 2026-09-10 on 2026-09-13 (commit eb72be5f)
docs/build/BUILD_INDEX.md,L144,2026-09-10,eb72be5f,2026-09-13T19:40:01Z,2026-09-13T19:40:01Z,b,memory,"append-only dated CORRECTION entry naming path:line, recorded value and true date",n,b:stale-chain-date; past-dated; runs/P21.5.md:23 'Environment clock read 2026-09-13; chain date for this re-run = 2026-09-10'; basis: Round-3 session wrote 'chain date' 2026-09-10 on 2026-09-13 (commit eb72be5f)
docs/build/BUILD_INDEX.md,L145,2026-09-10,a62b68fa,2026-09-13T19:58:16Z,2026-09-13T19:58:16Z,b,memory,"append-only dated CORRECTION entry naming path:line, recorded value and true date",n,b:stale-chain-date; past-dated; runs/P21.5.md:23 'Environment clock read 2026-09-13; chain date for this re-run = 2026-09-10'; basis: Round-3 session wrote 'chain date' 2026-09-10 on 2026-09-13 (commit a62b68fa)
docs/build/BUILD_INDEX.md,L146,2026-09-10,97231ca6,2026-09-13T20:21:41Z,2026-09-13T20:21:41Z,b,memory,"append-only dated CORRECTION entry naming path:line, recorded value and true date",n,b:stale-chain-date; past-dated; runs/P21.5.md:23 'Environment clock read 2026-09-13; chain date for this re-run = 2026-09-10'; basis: Round-3 session wrote 'chain date' 2026-09-10 on 2026-09-13 (commit 97231ca6)
docs/build/BUILD_INDEX.md,L147,2026-09-10,159b5aec,2026-09-13T20:37:42Z,2026-09-13T20:37:42Z,b,memory,"append-only dated CORRECTION entry naming path:line, recorded value and true date",n,b:stale-chain-date; past-dated; runs/P21.5.md:23 'Environment clock read 2026-09-13; chain date for this re-run = 2026-09-10'; basis: Round-3 session wrote 'chain date' 2026-09-10 on 2026-09-13 (commit 159b5aec)
docs/build/BUILD_INDEX.md,L148,2026-09-10,06c1d574,2026-09-13T20:53:48Z,2026-09-13T20:53:48Z,b,memory,"append-only dated CORRECTION entry naming path:line, recorded value and true date",n,b:stale-chain-date; past-dated; runs/P21.5.md:23 'Environment clock read 2026-09-13; chain date for this re-run = 2026-09-10'; basis: Round-3 session wrote 'chain date' 2026-09-10 on 2026-09-13 (commit 06c1d574)
docs/build/BUILD_INDEX.md,L149,2026-09-10,3259ca81,2026-09-13T20:57:19Z,2026-09-13T20:57:19Z,b,memory,"append-only dated CORRECTION entry naming path:line, recorded value and true date",n,b:stale-chain-date; past-dated; runs/P21.5.md:23 'Environment clock read 2026-09-13; chain date for this re-run = 2026-09-10'; basis: Round-3 session wrote 'chain date' 2026-09-10 on 2026-09-13 (commit 3259ca81)
docs/build/BUILD_INDEX.md,L150,2026-09-10,e91b8f6a,2026-09-13T21:10:20Z,2026-09-13T21:10:20Z,b,memory,"append-only dated CORRECTION entry naming path:line, recorded value and true date",n,b:stale-chain-date; past-dated; runs/P21.5.md:23 'Environment clock read 2026-09-13; chain date for this re-run = 2026-09-10'; basis: Round-3 session wrote 'chain date' 2026-09-10 on 2026-09-13 (commit e91b8f6a)
docs/build/BUILD_INDEX.md,L151,2026-09-10,2a5d01e0,2026-09-13T21:20:02Z,2026-09-13T21:20:02Z,b,memory,"append-only dated CORRECTION entry naming path:line, recorded value and true date",n,b:stale-chain-date; past-dated; runs/P21.5.md:23 'Environment clock read 2026-09-13; chain date for this re-run = 2026-09-10'; basis: Round-3 session wrote 'chain date' 2026-09-10 on 2026-09-13 (commit 2a5d01e0)
docs/build/BUILD_INDEX.md,L152,2026-09-10,761bbb30,2026-09-13T21:29:56Z,2026-09-13T21:29:56Z,b,memory,"append-only dated CORRECTION entry naming path:line, recorded value and true date",n,b:stale-chain-date; past-dated; runs/P21.5.md:23 'Environment clock read 2026-09-13; chain date for this re-run = 2026-09-10'; basis: Round-3 session wrote 'chain date' 2026-09-10 on 2026-09-13 (commit 761bbb30)
docs/build/BUILD_INDEX.md,L153,2026-09-10,7c92c341,2026-09-13T21:52:02Z,2026-09-13T21:52:02Z,b,memory,"append-only dated CORRECTION entry naming path:line, recorded value and true date",n,b:stale-chain-date; past-dated; runs/P21.5.md:23 'Environment clock read 2026-09-13; chain date for this re-run = 2026-09-10'; basis: Round-3 session wrote 'chain date' 2026-09-10 on 2026-09-13 (commit 7c92c341)
docs/build/BUILD_INDEX.md,L154,2026-09-10,759fcbac,2026-09-13T22:10:36Z,2026-09-13T22:10:36Z,b,memory,"append-only dated CORRECTION entry naming path:line, recorded value and true date",n,b:stale-chain-date; past-dated; runs/P21.5.md:23 'Environment clock read 2026-09-13; chain date for this re-run = 2026-09-10'; basis: Round-3 session wrote 'chain date' 2026-09-10 on 2026-09-13 (commit 759fcbac)
docs/build/LEDGER.md,L226,2026-09-10,e1cedcad,2026-09-13T19:56:51Z,2026-09-13T19:56:51Z,b,memory,"append-only dated CORRECTION entry naming path:line, recorded value and true date",n,b:stale-chain-date; past-dated; runs/P21.5.md:23 'Environment clock read 2026-09-13; chain date for this re-run = 2026-09-10'; basis: Round-3 session wrote 'chain date' 2026-09-10 on 2026-09-13 (commit e1cedcad)
docs/build/LEDGER.md,L368,2026-09-10,eb72be5f,2026-09-13T19:40:01Z,2026-09-13T19:40:01Z,b,memory,"append-only dated CORRECTION entry naming path:line, recorded value and true date",n,b:stale-chain-date; past-dated; runs/P21.5.md:23 'Environment clock read 2026-09-13; chain date for this re-run = 2026-09-10'; basis: Round-3 session wrote 'chain date' 2026-09-10 on 2026-09-13 (commit eb72be5f)
docs/build/LEDGER.md,L369,2026-09-10,eb72be5f,2026-09-13T19:40:01Z,2026-09-13T19:40:01Z,b,memory,"append-only dated CORRECTION entry naming path:line, recorded value and true date",n,b:stale-chain-date; past-dated; runs/P21.5.md:23 'Environment clock read 2026-09-13; chain date for this re-run = 2026-09-10'; basis: Round-3 session wrote 'chain date' 2026-09-10 on 2026-09-13 (commit eb72be5f)
docs/build/LEDGER.md,L370,2026-09-10,eb72be5f,2026-09-13T19:40:01Z,2026-09-13T19:40:01Z,b,memory,"append-only dated CORRECTION entry naming path:line, recorded value and true date",n,b:stale-chain-date; past-dated; runs/P21.5.md:23 'Environment clock read 2026-09-13; chain date for this re-run = 2026-09-10'; basis: Round-3 session wrote 'chain date' 2026-09-10 on 2026-09-13 (commit eb72be5f)
docs/build/LEDGER.md,L371,2026-09-10,eb72be5f,2026-09-13T19:40:01Z,2026-09-13T19:40:01Z,b,memory,"append-only dated CORRECTION entry naming path:line, recorded value and true date",n,b:stale-chain-date; past-dated; runs/P21.5.md:23 'Environment clock read 2026-09-13; chain date for this re-run = 2026-09-10'; basis: Round-3 session wrote 'chain date' 2026-09-10 on 2026-09-13 (commit eb72be5f)
docs/build/LEDGER.md,L372,2026-09-10,eb72be5f,2026-09-13T19:40:01Z,2026-09-13T19:40:01Z,b,memory,"append-only dated CORRECTION entry naming path:line, recorded value and true date",n,b:stale-chain-date; past-dated; runs/P21.5.md:23 'Environment clock read 2026-09-13; chain date for this re-run = 2026-09-10'; basis: Round-3 session wrote 'chain date' 2026-09-10 on 2026-09-13 (commit eb72be5f)
docs/build/LEDGER.md,L373,2026-09-10,e1cedcad,2026-09-13T19:56:51Z,2026-09-13T19:56:51Z,b,memory,"append-only dated CORRECTION entry naming path:line, recorded value and true date",n,b:stale-chain-date; past-dated; runs/P21.5.md:23 'Environment clock read 2026-09-13; chain date for this re-run = 2026-09-10'; basis: Round-3 session wrote 'chain date' 2026-09-10 on 2026-09-13 (commit e1cedcad)
docs/build/LEDGER.md,L374,2026-09-10,d20f3a0b,2026-09-13T20:21:10Z,2026-09-13T20:21:10Z,b,memory,"append-only dated CORRECTION entry naming path:line, recorded value and true date",n,b:stale-chain-date; past-dated; runs/P21.5.md:23 'Environment clock read 2026-09-13; chain date for this re-run = 2026-09-10'; basis: Round-3 session wrote 'chain date' 2026-09-10 on 2026-09-13 (commit d20f3a0b)
docs/build/LEDGER.md,L375,2026-09-10,773ae598,2026-09-13T20:36:43Z,2026-09-13T20:36:43Z,b,memory,"append-only dated CORRECTION entry naming path:line, recorded value and true date",n,b:stale-chain-date; past-dated; runs/P21.5.md:23 'Environment clock read 2026-09-13; chain date for this re-run = 2026-09-10'; basis: Round-3 session wrote 'chain date' 2026-09-10 on 2026-09-13 (commit 773ae598)
docs/build/LEDGER.md,L376,2026-09-10,3a4aa696,2026-09-13T20:53:00Z,2026-09-13T20:53:00Z,b,memory,"append-only dated CORRECTION entry naming path:line, recorded value and true date",n,b:stale-chain-date; past-dated; runs/P21.5.md:23 'Environment clock read 2026-09-13; chain date for this re-run = 2026-09-10'; basis: Round-3 session wrote 'chain date' 2026-09-10 on 2026-09-13 (commit 3a4aa696)
docs/build/LEDGER.md,L377,2026-09-10,3259ca81,2026-09-13T20:57:19Z,2026-09-13T20:57:19Z,b,memory,"append-only dated CORRECTION entry naming path:line, recorded value and true date",n,b:stale-chain-date; past-dated; runs/P21.5.md:23 'Environment clock read 2026-09-13; chain date for this re-run = 2026-09-10'; basis: Round-3 session wrote 'chain date' 2026-09-10 on 2026-09-13 (commit 3259ca81)
docs/build/LEDGER.md,L378,2026-09-10,e91b8f6a,2026-09-13T21:10:20Z,2026-09-13T21:10:20Z,b,memory,"append-only dated CORRECTION entry naming path:line, recorded value and true date",n,b:stale-chain-date; past-dated; runs/P21.5.md:23 'Environment clock read 2026-09-13; chain date for this re-run = 2026-09-10'; basis: Round-3 session wrote 'chain date' 2026-09-10 on 2026-09-13 (commit e91b8f6a)
docs/build/LEDGER.md,L379,2026-09-10,2a5d01e0,2026-09-13T21:20:02Z,2026-09-13T21:20:02Z,b,memory,"append-only dated CORRECTION entry naming path:line, recorded value and true date",n,b:stale-chain-date; past-dated; runs/P21.5.md:23 'Environment clock read 2026-09-13; chain date for this re-run = 2026-09-10'; basis: Round-3 session wrote 'chain date' 2026-09-10 on 2026-09-13 (commit 2a5d01e0)
docs/build/LEDGER.md,L380,2026-09-10,761bbb30,2026-09-13T21:29:56Z,2026-09-13T21:29:56Z,b,memory,"append-only dated CORRECTION entry naming path:line, recorded value and true date",n,b:stale-chain-date; past-dated; runs/P21.5.md:23 'Environment clock read 2026-09-13; chain date for this re-run = 2026-09-10'; basis: Round-3 session wrote 'chain date' 2026-09-10 on 2026-09-13 (commit 761bbb30)
docs/build/LEDGER.md,L381,2026-09-10,7c92c341,2026-09-13T21:52:02Z,2026-09-13T21:52:02Z,b,memory,"append-only dated CORRECTION entry naming path:line, recorded value and true date",n,b:stale-chain-date; past-dated; runs/P21.5.md:23 'Environment clock read 2026-09-13; chain date for this re-run = 2026-09-10'; basis: Round-3 session wrote 'chain date' 2026-09-10 on 2026-09-13 (commit 7c92c341)
docs/build/LEDGER.md,L382,2026-09-10,759fcbac,2026-09-13T22:10:36Z,2026-09-13T22:10:36Z,b,memory,"append-only dated CORRECTION entry naming path:line, recorded value and true date",n,b:stale-chain-date; past-dated; runs/P21.5.md:23 'Environment clock read 2026-09-13; chain date for this re-run = 2026-09-10'; basis: Round-3 session wrote 'chain date' 2026-09-10 on 2026-09-13 (commit 759fcbac)
docs/build/pr/P21.7.md,L21,2026-09-10,aa5699fa,2026-09-13T21:20:44Z,2026-09-13T21:20:44Z,b,memory,"append-only dated CORRECTION entry naming path:line, recorded value and true date",n,b:stale-chain-date; past-dated; runs/P21.5.md:23 'Environment clock read 2026-09-13; chain date for this re-run = 2026-09-10'; basis: Round-3 session wrote 'chain date' 2026-09-10 on 2026-09-13 (commit aa5699fa)
docs/build/readouts/GATE-G1.md,L5,2026-09-10,eb72be5f,2026-09-13T19:40:01Z,2026-09-13T19:40:01Z,b,memory,"append-only dated CORRECTION entry naming path:line, recorded value and true date",n,b:stale-chain-date; past-dated; runs/P21.5.md:23 'Environment clock read 2026-09-13; chain date for this re-run = 2026-09-10'; basis: Round-3 session wrote 'chain date' 2026-09-10 on 2026-09-13 (commit eb72be5f)
docs/build/readouts/GATE-G2.md,L5,2026-09-10,3259ca81,2026-09-13T20:57:19Z,2026-09-13T20:57:19Z,b,memory,"append-only dated CORRECTION entry naming path:line, recorded value and true date",n,b:stale-chain-date; past-dated; runs/P21.5.md:23 'Environment clock read 2026-09-13; chain date for this re-run = 2026-09-10'; basis: Round-3 session wrote 'chain date' 2026-09-10 on 2026-09-13 (commit 3259ca81)
docs/build/readouts/HUMAN-H1.md,L5,2026-09-10,eb72be5f,2026-09-13T19:40:01Z,2026-09-13T19:40:01Z,b,memory,"append-only dated CORRECTION entry naming path:line, recorded value and true date",n,b:stale-chain-date; past-dated; runs/P21.5.md:23 'Environment clock read 2026-09-13; chain date for this re-run = 2026-09-10'; basis: Round-3 session wrote 'chain date' 2026-09-10 on 2026-09-13 (commit eb72be5f)
docs/build/readouts/HUMAN-H2.md,L5,2026-09-10,eb72be5f,2026-09-13T19:40:01Z,2026-09-13T19:40:01Z,b,memory,"append-only dated CORRECTION entry naming path:line, recorded value and true date",n,b:stale-chain-date; past-dated; runs/P21.5.md:23 'Environment clock read 2026-09-13; chain date for this re-run = 2026-09-10'; basis: Round-3 session wrote 'chain date' 2026-09-10 on 2026-09-13 (commit eb72be5f)
docs/build/readouts/HUMAN-H3.md,L5,2026-09-10,eb72be5f,2026-09-13T19:40:01Z,2026-09-13T19:40:01Z,b,memory,"append-only dated CORRECTION entry naming path:line, recorded value and true date",n,b:stale-chain-date; past-dated; runs/P21.5.md:23 'Environment clock read 2026-09-13; chain date for this re-run = 2026-09-10'; basis: Round-3 session wrote 'chain date' 2026-09-10 on 2026-09-13 (commit eb72be5f)
docs/build/runs/P21.1.md,L23,2026-09-10,e1cedcad,2026-09-13T19:56:51Z,2026-09-13T19:56:51Z,b,memory,"append-only dated CORRECTION entry naming path:line, recorded value and true date",n,b:stale-chain-date; past-dated; runs/P21.5.md:23 'Environment clock read 2026-09-13; chain date for this re-run = 2026-09-10'; basis: Round-3 session wrote 'chain date' 2026-09-10 on 2026-09-13 (commit e1cedcad)
docs/build/runs/P21.1.md,L30,2026-09-10,e1cedcad,2026-09-13T19:56:51Z,2026-09-13T19:56:51Z,b,memory,"append-only dated CORRECTION entry naming path:line, recorded value and true date",n,b:stale-chain-date; past-dated; runs/P21.5.md:23 'Environment clock read 2026-09-13; chain date for this re-run = 2026-09-10'; basis: Round-3 session wrote 'chain date' 2026-09-10 on 2026-09-13 (commit e1cedcad)
docs/build/runs/P21.1.md,L34,2026-09-10,e1cedcad,2026-09-13T19:56:51Z,2026-09-13T19:56:51Z,b,memory,"append-only dated CORRECTION entry naming path:line, recorded value and true date",n,b:stale-chain-date; past-dated; runs/P21.5.md:23 'Environment clock read 2026-09-13; chain date for this re-run = 2026-09-10'; basis: Round-3 session wrote 'chain date' 2026-09-10 on 2026-09-13 (commit e1cedcad)
docs/build/runs/P21.1.md,L35,2026-09-10,e1cedcad,2026-09-13T19:56:51Z,2026-09-13T19:56:51Z,b,memory,"append-only dated CORRECTION entry naming path:line, recorded value and true date",n,b:stale-chain-date; past-dated; runs/P21.5.md:23 'Environment clock read 2026-09-13; chain date for this re-run = 2026-09-10'; basis: Round-3 session wrote 'chain date' 2026-09-10 on 2026-09-13 (commit e1cedcad)
docs/build/runs/P21.1.md,L36,2026-09-10,e1cedcad,2026-09-13T19:56:51Z,2026-09-13T19:56:51Z,b,memory,"append-only dated CORRECTION entry naming path:line, recorded value and true date",n,b:stale-chain-date; past-dated; runs/P21.5.md:23 'Environment clock read 2026-09-13; chain date for this re-run = 2026-09-10'; basis: Round-3 session wrote 'chain date' 2026-09-10 on 2026-09-13 (commit e1cedcad)
docs/build/runs/P21.1.md,L37,2026-09-10,e1cedcad,2026-09-13T19:56:51Z,2026-09-13T19:56:51Z,b,memory,"append-only dated CORRECTION entry naming path:line, recorded value and true date",n,b:stale-chain-date; past-dated; runs/P21.5.md:23 'Environment clock read 2026-09-13; chain date for this re-run = 2026-09-10'; basis: Round-3 session wrote 'chain date' 2026-09-10 on 2026-09-13 (commit e1cedcad)
docs/build/runs/P21.1.md,L38,2026-09-10,e1cedcad,2026-09-13T19:56:51Z,2026-09-13T19:56:51Z,b,memory,"append-only dated CORRECTION entry naming path:line, recorded value and true date",n,b:stale-chain-date; past-dated; runs/P21.5.md:23 'Environment clock read 2026-09-13; chain date for this re-run = 2026-09-10'; basis: Round-3 session wrote 'chain date' 2026-09-10 on 2026-09-13 (commit e1cedcad)
docs/build/runs/P21.1.md,L61,2026-09-10,e1cedcad,2026-09-13T19:56:51Z,2026-09-13T19:56:51Z,b,memory,"append-only dated CORRECTION entry naming path:line, recorded value and true date",n,b:stale-chain-date; past-dated; runs/P21.5.md:23 'Environment clock read 2026-09-13; chain date for this re-run = 2026-09-10'; basis: Round-3 session wrote 'chain date' 2026-09-10 on 2026-09-13 (commit e1cedcad)
docs/build/runs/P21.3.md,L30,2026-09-10,422d605b,2026-09-13T20:36:37Z,2026-09-13T20:36:37Z,b,memory,"append-only dated CORRECTION entry naming path:line, recorded value and true date",n,b:stale-chain-date; past-dated; runs/P21.5.md:23 'Environment clock read 2026-09-13; chain date for this re-run = 2026-09-10'; basis: Round-3 session wrote 'chain date' 2026-09-10 on 2026-09-13 (commit 422d605b)
docs/build/runs/P21.4.md,L26,2026-09-10,c180c748,2026-09-13T20:52:54Z,2026-09-13T20:52:54Z,b,memory,"append-only dated CORRECTION entry naming path:line, recorded value and true date",n,b:stale-chain-date; past-dated; runs/P21.5.md:23 'Environment clock read 2026-09-13; chain date for this re-run = 2026-09-10'; basis: Round-3 session wrote 'chain date' 2026-09-10 on 2026-09-13 (commit c180c748)
docs/build/runs/P21.4.md,L32,2026-09-10,c180c748,2026-09-13T20:52:54Z,2026-09-13T20:52:54Z,b,memory,"append-only dated CORRECTION entry naming path:line, recorded value and true date",n,b:stale-chain-date; past-dated; runs/P21.5.md:23 'Environment clock read 2026-09-13; chain date for this re-run = 2026-09-10'; basis: Round-3 session wrote 'chain date' 2026-09-10 on 2026-09-13 (commit c180c748)
docs/build/runs/P21.5.md,L16,2026-09-10,ad1f8abd,2026-09-13T21:06:42Z,2026-09-13T21:06:42Z,b,memory,"append-only dated CORRECTION entry naming path:line, recorded value and true date",n,b:stale-chain-date; past-dated; runs/P21.5.md:23 'Environment clock read 2026-09-13; chain date for this re-run = 2026-09-10'; basis: Round-3 session wrote 'chain date' 2026-09-10 on 2026-09-13 (commit ad1f8abd)
docs/build/runs/P21.5.md,L22,2026-09-10,ad1f8abd,2026-09-13T21:06:42Z,2026-09-13T21:06:42Z,b,memory,"append-only dated CORRECTION entry naming path:line, recorded value and true date",n,b:stale-chain-date; past-dated; runs/P21.5.md:23 'Environment clock read 2026-09-13; chain date for this re-run = 2026-09-10'; basis: Round-3 session wrote 'chain date' 2026-09-10 on 2026-09-13 (commit ad1f8abd)
docs/build/runs/P21.5.md,L23,2026-09-10,ad1f8abd,2026-09-13T21:06:42Z,2026-09-13T21:06:42Z,b,memory,"append-only dated CORRECTION entry naming path:line, recorded value and true date",n,b:stale-chain-date; past-dated; runs/P21.5.md:23 'Environment clock read 2026-09-13; chain date for this re-run = 2026-09-10'; basis: Round-3 session wrote 'chain date' 2026-09-10 on 2026-09-13 (commit ad1f8abd)
docs/build/runs/P21.7.md,L31,2026-09-10,c37daa71,2026-09-13T21:19:57Z,2026-09-13T21:19:57Z,b,memory,"append-only dated CORRECTION entry naming path:line, recorded value and true date",n,b:stale-chain-date; past-dated; runs/P21.5.md:23 'Environment clock read 2026-09-13; chain date for this re-run = 2026-09-10'; basis: Round-3 session wrote 'chain date' 2026-09-10 on 2026-09-13 (commit c37daa71)
docs/build/runs/P21.8.md,L24,2026-09-10,761bbb30,2026-09-13T21:29:56Z,2026-09-13T21:29:56Z,b,memory,"append-only dated CORRECTION entry naming path:line, recorded value and true date",n,b:stale-chain-date; past-dated; runs/P21.5.md:23 'Environment clock read 2026-09-13; chain date for this re-run = 2026-09-10'; basis: Round-3 session wrote 'chain date' 2026-09-10 on 2026-09-13 (commit 761bbb30)
docs/build/runs/P21.9.md,L35,2026-09-10,761bbb30,2026-09-13T21:29:56Z,2026-09-13T21:29:56Z,b,memory,"append-only dated CORRECTION entry naming path:line, recorded value and true date",n,b:stale-chain-date; past-dated; runs/P21.5.md:23 'Environment clock read 2026-09-13; chain date for this re-run = 2026-09-10'; basis: Round-3 session wrote 'chain date' 2026-09-10 on 2026-09-13 (commit 761bbb30)
docs/build/runs/P23.1.md,L4,2026-09-10,eb72be5f,2026-09-13T19:40:01Z,2026-09-13T19:40:01Z,b,memory,"append-only dated CORRECTION entry naming path:line, recorded value and true date",n,b:stale-chain-date; past-dated; runs/P21.5.md:23 'Environment clock read 2026-09-13; chain date for this re-run = 2026-09-10'; basis: Round-3 session wrote 'chain date' 2026-09-10 on 2026-09-13 (commit eb72be5f)
docs/build/runs/P23.2.md,L4,2026-09-10,eb72be5f,2026-09-13T19:40:01Z,2026-09-13T19:40:01Z,b,memory,"append-only dated CORRECTION entry naming path:line, recorded value and true date",n,b:stale-chain-date; past-dated; runs/P21.5.md:23 'Environment clock read 2026-09-13; chain date for this re-run = 2026-09-10'; basis: Round-3 session wrote 'chain date' 2026-09-10 on 2026-09-13 (commit eb72be5f)
docs/build/runs/P23.3.md,L4,2026-09-10,eb72be5f,2026-09-13T19:40:01Z,2026-09-13T19:40:01Z,b,memory,"append-only dated CORRECTION entry naming path:line, recorded value and true date",n,b:stale-chain-date; past-dated; runs/P21.5.md:23 'Environment clock read 2026-09-13; chain date for this re-run = 2026-09-10'; basis: Round-3 session wrote 'chain date' 2026-09-10 on 2026-09-13 (commit eb72be5f)
docs/build/runs/P23.4.md,L4,2026-09-10,eb72be5f,2026-09-13T19:40:01Z,2026-09-13T19:40:01Z,b,memory,"append-only dated CORRECTION entry naming path:line, recorded value and true date",n,b:stale-chain-date; past-dated; runs/P21.5.md:23 'Environment clock read 2026-09-13; chain date for this re-run = 2026-09-10'; basis: Round-3 session wrote 'chain date' 2026-09-10 on 2026-09-13 (commit eb72be5f)
docs/build/runs/P23.6.md,L4,2026-09-10,3259ca81,2026-09-13T20:57:19Z,2026-09-13T20:57:19Z,b,memory,"append-only dated CORRECTION entry naming path:line, recorded value and true date",n,b:stale-chain-date; past-dated; runs/P21.5.md:23 'Environment clock read 2026-09-13; chain date for this re-run = 2026-09-10'; basis: Round-3 session wrote 'chain date' 2026-09-10 on 2026-09-13 (commit 3259ca81)
docs/tickets/DEFERRALS.md,L35,2026-09-10,e1cedcad,2026-09-13T19:56:51Z,2026-09-13T19:56:51Z,b,memory,"append-only dated CORRECTION entry naming path:line, recorded value and true date",n,b:stale-chain-date; past-dated; runs/P21.5.md:23 'Environment clock read 2026-09-13; chain date for this re-run = 2026-09-10'; basis: Round-3 session wrote 'chain date' 2026-09-10 on 2026-09-13 (commit e1cedcad)
tests/connectors/test_okc_slice_mapping.py,L62,2026-09-10,e1cedcad,2026-09-13T19:56:51Z,2026-09-13T19:56:51Z,b,fixture,comment correction together with the registry fix,n,b:stale-chain-date; past-dated; runs/P21.5.md:23 'Environment clock read 2026-09-13; chain date for this re-run = 2026-09-10'; basis: Round-3 session wrote 'chain date' 2026-09-10 on 2026-09-13 (commit e1cedcad)
tests/connectors/test_review_status.py,L143,2026-09-10,e1cedcad,2026-09-13T19:56:51Z,2026-09-13T19:56:51Z,b,fixture,comment correction together with the registry fix,n,b:stale-chain-date; past-dated; runs/P21.5.md:23 'Environment clock read 2026-09-13; chain date for this re-run = 2026-09-10'; basis: Round-3 session wrote 'chain date' 2026-09-10 on 2026-09-13 (commit e1cedcad)
tests/connectors/test_review_status.py,L265,2026-09-10,e1cedcad,2026-09-13T19:56:51Z,2026-09-13T19:56:51Z,b,fixture,comment correction together with the registry fix,n,b:stale-chain-date; past-dated; runs/P21.5.md:23 'Environment clock read 2026-09-13; chain date for this re-run = 2026-09-10'; basis: Round-3 session wrote 'chain date' 2026-09-10 on 2026-09-13 (commit e1cedcad)
docs/build/BUILD_INDEX.md,L161 landed,2026-09-14,f59cacaf,2026-09-16T00:23:58Z,2026-09-15T17:28Z,b,memory,append-only dated CORRECTION entry (BUILD_INDEX corrections section),n,b:stale-chain-date; P25 interactive session; past-dated by one day; basis: P25.1 work commits on 2026-09-15 (8670a4da/be3f6296 or 38841865); LEDGER PHASE LOG lines 392/396 record 2026-09-15
docs/build/BUILD_INDEX.md,L163 landed,2026-09-14,f59cacaf,2026-09-16T00:23:58Z,2026-09-15T19:11Z,b,memory,append-only dated CORRECTION entry (BUILD_INDEX corrections section),n,b:stale-chain-date; P25 interactive session; past-dated by one day; basis: P25.3 work commits on 2026-09-15 (8670a4da/be3f6296 or 38841865); LEDGER PHASE LOG lines 392/396 record 2026-09-15
