dec_id,part,question,options,recommendation,rationale,consequences,unblocks,default_if_unanswered,batchable,source_refs,packet_line,answer_class,acts_on_silence,default_effect,operator_answer,answered_at
OD-01,A,"Allow a Track-0 exception now for QA-3 (alert channel + policies), QA-4 (uptime/TLS checks) and QA-9 (PITR restore drill) before the 10-01…10-21 first-fire wave and the 2026-10-10T03:35Z OSM replay?",a) exception for QA-3/QA-4/QA-9 only · b) exception for all ten QA items · c) no exception; accept and record the risk (QA items stay Round-11 Wave-0 tickets),a,"33 schedules fire for the first time 10-01…10-21 (12 jobs never run) and 28 critical alerts already went only to a log; QA-3/4 are additive and QA-9 uses a separate instance, so the exception buys a human-routed alert and a drilled restore before the risky window at near-zero cost.","a: ≈$0/mo for alerting (inference) + ≈$0.15–0.40 one-off for the drill clone; production touched only additively (QA-9 creates and deletes a separate instance); alerts reach the operator's address (§7.1). b: also patches sig-pg (QA-1/2), rolls sig-probe (QA-5), changes bucket IAM (QA-7) — more blast radius before tickets exist. c: $0; the first-fire wave and 10-10 replay run with no human-routed alert and no drilled restore (G2 NEW-7); a silent failure could go unnoticed for weeks.","G2 step 0 (ACT-02, ACT-04); I8 ACQ-07 precondition; G1-02/G1-04","c — no production change (P3 stands); the risk is recorded as UNRESOLVED, never as operator-accepted (silence is not acceptance); the QA items stay Round-11 tickets [S4c]",n,"G2 §4 step 0 NEW-7, §9 item 1; G1 §5 QA-3/4/9, §3.7; META_PLAN §7.1 (QA approved in principle as tickets); packet A-1",A-1,explicit,no,non-action / status quo / conservative removal (see default_if_unanswered),"'None now; ticket it' (option c's no-exception path, without risk acceptance): no Track-0 change; the QA-9 restore drill (P34.6) and the TLS-expiry alert (P34.4) are early-11A tickets; the first-fire wave runs on existing backups/PITR + Track-0.5 alerting; risk recorded unresolved, operator-deferred",2026-10-01T03:53:59Z
OD-02,A,"What does the ≤$300/mo ceiling (U-008) cover, and how is spend reported?","a) infrastructure only (GCP, Cloudflare, domains, paid APIs); agent/model spend reported separately at every checkpoint, not capped by this line · b) infrastructure + agent/model spend under one $300 ceiling · c) other",a,Agent spend is the largest unmeasured cost (planning hit an account usage limit at ≈19:10Z) and would consume $300 on its own; mixing it with hosting would make every infra decision look over budget. Transparency (U-011) is met by a spend ledger line per checkpoint.,"a: infra projection ≈$100–160/mo (sum of design estimates, overlapping, unverified) stays under $300; agent spend visible but governed by the operator's own plan limits. b: planning-grade agent use likely exceeds $300 alone → nearly every Round-11 ticket would need an over-ceiling approval. No public claim or legal exposure either way.",S2 budget; every ticket's cost field; T5 OPERATING MODE spend-ledger rule,"a (infra-only ceiling; agent spend reported, and no new paid agent/model service without an explicit go)",n,"U-008, U-011; §7.1 Q-10/Q-23 row; G1 §3.8; META_PLAN §11 20:12:19Z usage-limit entry; packet A-2",A-2,explicit,no,non-action / status quo / conservative removal (see default_if_unanswered),"a — the $300/mo ceiling covers infrastructure only (GCP, Cloudflare, domains, paid APIs); agent usage reported per wave, not capped by this line",2026-10-01T03:53:59Z
OD-03,A,"Will the operator (billing admin) create the QA-10 billing budget at the ceiling (50/90/100 % e-mail alerts) and a BigQuery billing export now, so cost truth exists before Round 11?","a) yes, now (operator action, ~15 min) · b) as a Round-11 Wave-0 ticket step with the operator's go · c) no",a,No budget or billing export exists and the Budget API was not readable (G1-C27); a world-readable bucket makes denial-of-wallet ≈$120/day possible (G1 §3.8). A budget alert is the cheapest money-transparency control and is not a production data change.,"a/b: ≈$0/mo (export storage cents, inference); first measured bill replaces G1's list-price estimate. c: cost stays an estimate; a runaway egress or job would be noticed only on the invoice.",G1-10; SIG-OPS-009 (proposed); G2 ACT-03; D-J3-4 kill switch,b (Wave-0 ticket step; nothing done outside a ticket),n,"G1 §3.8, §5 QA-10, §7 Q1; G2 ACT-03; packet A-2",A-2,explicit,no,non-action / status quo / conservative removal (see default_if_unanswered),b — 'alert later': budget alert + billing export land in ticket P34.5 early in 11A (operator billing-admin step OP-12),2026-10-01T03:53:59Z
Q-31,A,"Move the surveillancegraph.org DNS zone from Squarespace to Cloudflare (free plan) so an R2 custom domain can serve the basemap, tiles and downloads with $0 egress?","a) yes — move DNS now; R2 serves basemap, tiles, raw/derived downloads and snapshots · b) no — same-origin GCS behind the LB (budget alert required); downloads stay unlinked until a $0-egress host exists · c) GCS now, R2 later with TX-11",a,"R2 makes serving cost ≈flat as traffic grows (basemap ≈$2/mo now, $3 at 10k sessions, $13 at 100k) vs GCS ≈$6/$43 plus download egress ≈$13–600/mo (≈$2.8k worst case). The same move lets Cloudflare Email Routing provide the contact@ alias the operator asked for (inference: free with Cloudflare DNS).","a: ≈$2–13/mo serving; downloads ≈$0 egress; one-time operator work at the registrar (~30–60 min) and a short risk of mis-copied DNS records (web/email) during cut-over. b: ≈$6–43/mo map + unbounded download egress unless downloads stay unlinked → U-003.9/.10 download asks only partly met. c: as b until TX-11, then a. No legal exposure difference.","K1 MAP-02; J3 TX-11, TX-12, TX-13b; K9/K10 downloads and version history; OD-04 contact@ alias","b without public download links (conservative: no DNS change, nothing exposed to uncapped egress)",n,META_PLAN §7 Q-31; K1 D-K1-2; K0 D-K0-4; J3 D-J3-4; J4 §7 egress; K13 §10.2; packet A-3,A-3,explicit,no,non-action / status quo / conservative removal (see default_if_unanswered),"a — move DNS to Cloudflare: P34.50 writes the runbook, then the operator switches nameservers (OP-09); R2 serves basemap, tiles, downloads and snapshots",2026-10-01T03:53:59Z
D-J3-4,A,Distribution host and monthly egress ceiling for downloads (with kill switch).,"a) R2 mirror + custom domain, ceiling $50/mo, automatic kill switch · b) GCS with the same ceiling · c) other ceiling",a (rides with Q-31),A hard ceiling plus kill switch bounds the worst case; R2 makes the ceiling rarely reachable.,a: ≤$50/mo worst case by construction; downloads switch off (with a notice) if the ceiling is hit. b: same ceiling reached much sooner at GCS egress prices.,J3 TX-11; J4 cost controls; D3 §5 announce checklist ('kill switch and budget alert tested'),no public download links until a host and ceiling are chosen,n,J3 §13 D-J3-4; J4 §10 Q-J4-3 (Q-10); packet A-3,A-3,explicit,no,non-action / status quo / conservative removal (see default_if_unanswered),"a — R2 mirror + custom domain, $50/mo egress ceiling with automatic kill switch (P35.5)",2026-10-01T03:53:59Z
OD-04,A,"Create contact@surveillancegraph.org (U-014) now, and use it as the project contact string for services that require one (EDGAR User-Agent, API key sign-ups) instead of the personal address?","a) yes — alias forwarding to the operator's address (via Cloudflare Email Routing if Q-31 = a, else the registrar's forwarding) · b) keep the personal address for now (U-014 as recorded) · c) later",a,U-014 asked for it; it keeps the personal address out of third-party request logs (P16) and gives succession/spam control; the dispute address may stay personal per Q-29.,a: ≈$0 with Cloudflare routing (inference); operator setup ~10 min. b: the personal address goes into EDGAR/API sign-ups (approved by U-014). No legal exposure difference.,I7 P1–P4 (EDGAR); B-17 key sign-ups; E2-08 crawler contact page; D-K11-4,b (U-014 stands; no new mailbox),n,U-014; META_PLAN P16 amendment; Q-30 row; §7.1 Q-29; packet A-3,A-3,explicit,no,non-action / status quo / conservative removal (see default_if_unanswered),"a — create contact@surveillancegraph.org (OP-10, via Cloudflare Email Routing after OP-09) and use it as the project contact string",2026-10-01T03:53:59Z
Q-7,A,"Governance stance: adopt the disclosed single-maintainer, no-counsel posture package (A-4 members Q-E2-06/07/08/09/10/13/14) as ADR-recorded, or keep the spec MUSTs owed with plans that need people the project does not have?","a) adopt the package (each member as recommended) · b) adopt except named members · c) keep every member owed (spec unchanged, public text corrected only)",a; adopt the DISCLOSED posture; MUST-weakening members are waiver candidates at A-23 (own words each) [S4c],"U-008 (no humans), U-011 (no outside contact) and U-013 (don't block on counsel) remove every staffed option E2 listed; the package makes the spec and public text true without inventing reviewers, a board or an opinion.","a: $0; public text says 'single maintainer, no counsel opinion, operator's risk acceptance'; exposure plainly: publication and database-right risks rest on one individual's judgement with no legal review on file — the package records that rather than removing it (not legal advice (P4)). c: $0; MUSTs stay MISSING/PARTIAL and public claims must still be removed; nothing about the operated reality changes.",T1 ADRs (E2 §6); E2 H-5/H-6/H-8/H-9; G2 ACT-06/08; K10 disclosure texts; F2/T4 verdicts,c (spec unchanged; honesty fixes still ship; members stay owed),n,"META_PLAN §7 Q-7; E2 §0, §0.2, §6; U-008/U-011/U-013; packet A-4",A-4,explicit,no,non-action / status quo / conservative removal (see default_if_unanswered),"a — adopt the disclosed single-maintainer, no-counsel posture (each member as recommended); the MUST-weakening members were decided at A-23, where all seven waiver candidates were waived",2026-10-01T04:03:25Z
Q-E2-06,A,SIG-PUB-008 (two independent reviewers before naming an individual) vs the sole-maintainer 'waiver'.,a) waive by ADR (maintainer decides alone) · b) recruit a second reviewer (unavailable: U-008/U-011) · c) requirement stands unamended; no named individual is published; web gate fixed to default-deny; verdict MET-ENGINEERED,"c (member of A-4); the text correction ships regardless, but any spec change that weakens the MUST is a waiver decided in your own words at WV-03 (A-23) [S4c]","Nobody is named today, so (c) costs nothing and keeps the strongest Part VIII control; (a) would put the highest-harm publication class on one person's judgement.",c: $0; claim 'SIG does not publish the names of individual officers or officials'; residual exposure = names inside quoted documents until H-9 lands. a: enables naming with one reviewer — the harassment/reputation-complaint scenario the spec was written to avoid.,E2 H-9 (web gate default-deny); I7 S5 screen; D-K4-7; F2/T4 PUB-008 verdict,c,n,E2-01; E1-01; Q-E3-8; packet A-4,A-4,explicit,no,non-action / status quo / conservative removal (see default_if_unanswered),c — SIG-PUB-008 stands unamended; nobody named; web gate default-deny; the HG-11 second-reviewer role waived for Round-11 releases (WV-03),2026-10-01T04:03:25Z
Q-E2-07,A,"'An editorial board exists' (governance doc, API terms) vs none.",a) amend to single maintainer · b) constitute a board (unavailable: U-008) · c) correct the text now; ADR records interim single-maintainer editorial authority with a public decision log; board when an entity exists or naming is wanted,"c (member of A-4); the text correction ships regardless, but any spec change that weakens the MUST is a waiver decided in your own words at WV-02 (A-23) [S4c]","Only (a)/(c) are true today; (c) adds a public decision log, which is cheap and supports U-004's 'open source scrutiny'.",c: $0 + a small decision-log page; removes a false public claim (API /terms). b: impossible under U-008.,E2 H-5; T1 ADR; K13 /about/ pages,c text correction only (removing the false claim is not optional),n,E2-03; E1-03; packet A-4,A-4,explicit,no,non-action / status quo / conservative removal (see default_if_unanswered),c — text corrected; ADR records interim single-maintainer editorial authority + a public decision log; the SIG-GOV-015 board waived (WV-02),2026-10-01T04:03:25Z
Q-E2-08,A,Legal home: individual in personal capacity vs sponsor/entity before launch.,"a) amend spec to the individual home · b) pursue a fiscal sponsor/entity now (needs outside contact) · c) ADR records the individual home as an interim, disclosed posture with revisit triggers (announcement, first legal demand, funding, second maintainer); list public legal-defence resources","c (member of A-4; counsel questions not sent, per U-013); the text correction ships regardless, but any spec change that weakens the MUST is a waiver decided in your own words at WV-01 (A-23) [S4c]","A sponsor or entity requires outside contact and counsel, both ruled out now; recording the interim posture is the honest option.","c: $0; the About page says who runs SIG (D-K14-7). Exposure, plainly: the operator personally carries any claim arising from publication; no insurance or entity shield exists (not legal advice (P4)).",T1 ADR; D-K14-7 About wording; E2-10 posture,c,n,E2-04; E1-04; E2 §7 L7; packet A-4,A-4,explicit,no,non-action / status quo / conservative removal (see default_if_unanswered),"c — interim individual legal home, disclosed, revisited at announcement, a first legal demand, funding or a second maintainer; SIG-GOV-012/013 waived (WV-01)",2026-10-01T04:03:25Z
Q-E2-09,A,SIG-SEC-003 transparency report + legal-demand response posture (unowned).,a) relax the requirement · b) full incl. warrant canary · c) written posture now + published legal-demand counts; canary declined with rationale (no counsel review),c (member of A-4),A written posture and counts cost little and are owed before any demand arrives; a canary adds legal complexity the project cannot review.,c: $0 + a small page; public claim limited to counts and posture. a: removes a safeguard. b: canary maintenance and legal questions with no counsel.,T1 ADR; new OPEN row SEC-003 owner = operator; K13 /about/,c without publication until the operator confirms the posture text,n,E2-10; E1-10; packet A-4,A-4,explicit,no,non-action / status quo / conservative removal (see default_if_unanswered),c — written legal-demand posture + published counts; warrant canary declined,2026-10-01T04:03:25Z
Q-E2-10,A,Counsel requirements vs no counsel document (U-013: 'counsel' = the operator; don't block).,"a) amend: publication rests on the operator's recorded risk acceptance; label every artifact with the operated basis; re-record 'counsel' entries as operator determinations · b) seek one written opinion (outside contact; ruled out) · c) E2's hybrid: label now, seek an opinion, dated fallback",a (member of A-4) — E2's fallback taken now because U-013 rules out waiting for counsel,"U-013 says there is no counsel and not to block on it; the honest record is 'operator determination', stated everywhere the old text implied counsel.","a: $0; public artifacts carry a publication-basis label; ADR-086/106 qualified. Exposure, plainly: no qualified legal review exists for publication, robots, DB right or ODbL — the label discloses that (not legal advice (P4)).","E2 H-6, H-8; T1 ADR qualifying ADR-086/106; K10 counsel-caveat disclosure; G2 ACT-06","record corrections only ('counsel' entries re-recorded as the operator's own determination, citing U-013 verbatim; no counsel); the public basis LABEL ships only after its exact text (E2:569-571) is confirmed verbatim; spec clauses stay owed [S4c]",n,E2-05; Q-26 answered by U-013; E2 §7 packet (not sent); packet A-4,A-4,explicit,no,non-action / status quo / conservative removal (see default_if_unanswered),"a — publication rests on the operator's recorded determinations, labelled on every artifact; past 'counsel' entries re-recorded as the operator's own determinations (no counsel); counsel clauses waived (WV-07)",2026-10-01T04:03:25Z
Q-E2-13,A,"GL-GATE-07 blanket approval vs fail-closed rights review and the database right (94 non-US compilations, 21,682 rows).","a) recognise the operator-accepted basis by ADR · b) revert to evidenced per-source review · c) recognise with guardrails (Part VIII preflight, express-terms conflicts decided individually, jurisdiction-conditional publication, withdrawal on objection) and re-decide out-of-rule rows",c (member of A-4; the counsel packet is not sent),This is the basis on which 218 live sources already publish; guardrails keep GL-GATE-07 from reaching express prohibitions (A-8) and Part VIII rows.,"c: $0; public source pages state the basis (K10 disclosure). Exposure, plainly: EU/UK/AU database-right holders could object to republication; the withdrawal barrier (G3 §8.3) is the remedy (not legal advice (P4)). b: large rights backlog, many sources withdrawn.",Q-19 default; I7 batches; K10 disclosures; SIG-LIC-004/009 + HG-03 ADR,c guardrails applied; nothing new flipped without a line,n,E2-11; E1-11; E2 §7 L4/L5; packet A-4,A-4,explicit,no,non-action / status quo / conservative removal (see default_if_unanswered),"c — operator-accepted rights basis recognised with guardrails (Part VIII preflight; express terms decided individually; jurisdiction-conditional publication; withdrawal on objection), recorded as the operator's determination",2026-10-01T04:03:25Z
Q-E2-14,A,ODbL residual: one map over all compartments on an operator-reported clearance (ADR-106).,a) accept by ADR · b) counsel (ruled out) · c) keep the per-compartment map; new ADR records the clearance as operator-reported with no document,c (member of A-4),Keeps the map (U-003.1) while making the record true.,"c: $0; exposure, plainly: an OSM-community objection that SIG's map/API is a Derivative Database could require re-architecture of the ODbL compartment (not legal advice (P4)).",K1 MAP-* (map composition); T1 ADR,c,n,E2-13; E1-13; E2 §7 L1–L3; packet A-4,A-4,explicit,no,non-action / status quo / conservative removal (see default_if_unanswered),"c — per-compartment map kept; new ADR records ADR-106's ODbL clearance as operator-reported, with no document",2026-10-01T04:03:25Z
Q-E2-11,A,"Robots: re-confirm GL-GATE-08 (robots.txt recorded but not obeyed; 125 disregarded fetches on 122 hosts incl. 102 PrimeGov municipal hosts, oscn.net, 5 gouv.fr hosts) in your own words, or narrow it; build the rule-7 opt-out register and SIG-INGEST-046c reservation refusal.",a) re-confirm as is (all hosts) + build opt-out register and reservation refusal · b) narrow: honour explicit `disallowed` and TDM/Art. 4 reservations on non-US hosts; keep disregard for US public-body hosts · c) re-gate: obey robots.txt everywhere,b at minimum honour explicit disallows on vendor platforms (PrimeGov) and every TDM/rights reservation everywhere (SIG-INGEST-046c has no jurisdiction limit); the disregard for US public-body hosts continues only in the operator's own words (OM-09) [S4c],"U-007 centres US public-body records, where the disregard buys most of the coverage (council agendas via PrimeGov); non-US hosts are where EU reservations have legal effect and where D3 does not expand coverage anyway.","a: keeps all coverage; public logs disclose host + count (Q-22b). Exposure, plainly: site operators or vendors (PrimeGov is shared infrastructure) may block SIG or complain; EU reservation risk remains. b: loses the 5 gouv.fr/other non-US hosts; same US exposure. c: loses ≥103 hosts of agenda/CCOPS/procurement evidence. None is a legal assessment (not legal advice (P4)).","E2-06/07/08 tickets (opt-out register, reservation refusal, conduct page); Q-E2-02; D-J3-2 disclosure; I7/I8 new sources inherit the posture; E4 S2",GL-GATE-08 is NOT re-confirmed: every explicit robots disallow and every rights reservation is honoured everywhere (SIG-INGEST-037/046c); the 103 disallowing hosts' targets are paused at their next run by the first ops row that can (P35.1b) until the operator answers in their own words; opt-out register + reservation refusal still built [S4c],n,"E2-06, E2-X1; E1-06; GL-GATE-08/ADR-088; J4 §7 234 robots_disregarded events; packet A-5",A-5,own-words,no,non-action / status quo / conservative removal (see default_if_unanswered),"a — 'Re-confirm GL-GATE-08 as is' (operator chose it over the recommendation b): robots.txt disallows keep being disregarded on all 122 hosts incl. PrimeGov, disclosed as host + count (B-19); the rule-7 opt-out register and SIG-INGEST-046c reservation refusal are still built (not waived; a disallow is not a reservation). Option text adopted by selection: 'Keep disregarding on all 122 hosts incl. PrimeGov; conflicts with SIG-INGEST-046c for reservations. Not recommended.'",2026-10-01T04:03:25Z
Q-L3-1,A,"Adopt 'derivation, not identity' (auto-collapse only mechanically verified copies C0–C2; inferential tiers never auto-written without independent evaluation) and record SIG-EVAL-004 as WAIVED(ADR-L3-B) for C0–C2 — in your own words.",a) yes (as L3 §4.6) · b) demote C1/C2 too (only exact copies C0 collapse) · c) record MET-DIFFERENTLY instead of a waiver,a,"No independent labellers exist (U-008), so the 0.98 gate cannot be certified; mechanical copies are provable without humans, and every inferential merge stays review-only (fail-safe).","a: ≈$0; counts shown as intervals with 'possible duplicate' labels; public claims exclude 'human-verified', 'certified' and any cross-source camera-match precision. b: more duplicates remain visible; smaller dedup gain. c: weaker verdict grammar (F2b).","L3 CONF-02, CONF-07a/b; D-K13-4 announce criterion; K13 dossier counts",no automatic collapse even for C0–C2; publish 'possible duplicate' ranged counts; EVAL-004 stays AT-RISK,n,"L3 §4.6, §6.2, §10 Q-L3-1; ADR-L3-B draft; answers Q-F4-1; packet A-6",A-6,own-words,no,non-action / status quo / conservative removal (see default_if_unanswered),"a — derivation, not identity: auto-collapse only C0–C2; SIG-EVAL-004's lower bound waived for C0–C2 in the adopted sentence 'I accept derivation, not identity, and waive SIG-EVAL-004's lower-bound clause for C0–C2 as ADR-L3-B describes.'",2026-10-01T04:03:25Z
Q-L3-2,A,Supersede manifest rows 184–187 (the deferred human-evaluation spine) with no Round-11 human rows; D-R10-HUMAN-1 stays OPEN and non-blocking with trigger T-EVAL-IND (independent reviewers available + contact authorized).,a) yes (L3 §6) · b) F4 Option B (EV1 reviewer surface + external labellers; needs recruiting — ruled out by U-008/U-011) · c) keep 184–187 as written (cannot be re-entered: F4 §3),a,"F4 showed 184–187 cannot re-enter as written; L3 keeps every non-human part (CONF-02, prerequisites) and leaves the human MUSTs owed rather than waived.","a: $0 (no second evaluation DB); SIG-EVAL-001 MET-ENGINEERED, 002/005/007 owed, 003/006 MET, 004 WAIVED(ADR-L3-B); public text PROVISIONAL. b: $0–≈8k and 28–61 operator hours — infeasible now. c: seed goes red / nextTicket unresolvable.",T3 manifest supersession; T5 nextTicket; B3 M-rows; F2/T4 EVAL verdicts,a's supersession mechanics (rows 184–187 cannot run) with D-R10-HUMAN-1 OPEN — no human work claimed,n,"L3 §6, §10 Q-L3-2; F4 §3, §7, §8 (Q-F4-2/3 superseded); U-008, U-011; packet A-6",A-6,own-words,no,non-action / status quo / conservative removal (see default_if_unanswered),"a — rows 184–187 superseded; no Round-11 human rows; D-R10-HUMAN-1 stays OPEN, non-blocking (T-EVAL-IND)",2026-10-01T04:03:25Z
Q-24,A,"Confirmatory evaluation aim: certify the 0.98 auto-write gate, or measure/disclose only?",a) no certification attempt in Round 11 (L3) · b) certify tier 1g at n=149 (needs external labellers),a (answered by Q-L3-1/2 if accepted),Certification needs independent labellers and passes only ~47% of the time even at true 0.995 precision (F4 §5).,a: nothing claimed as certified. b: infeasible under U-008.,CONF-09,a,n,META_PLAN §7 Q-24; F4 §5; L3 §10 (answers); packet A-6,A-6,own-words,no,non-action / status quo / conservative removal (see default_if_unanswered),"a — no certification attempt in Round 11 (answered by Q-L3-1/2); no 'human-verified', 'certified' or camera-match-precision claim",2026-10-01T04:03:25Z
Q-25,A,Which evaluation seats may the operator hold (disclosed)?,a) only the maintainer-check seat (L3 OPCHECK per Class-S release) · b) custodian + method reviewer + one hostile reader (F4) · c) none,a,"With no other humans, the only honest operator role is a disclosed, non-independent maintainer check.",a: ~20–40 min per Class-S release (Q-L3-3). b: implies other external seats that cannot be filled.,CONF-11,c — no evaluation seat is assigned to the operator on silence (B-31's default runs no OPCHECK) [S4c],n,"META_PLAN §7 Q-25; F4 §6; L3 §4.4, §10; packet A-6",A-6,own-words,no,non-action / status quo / conservative removal (see default_if_unanswered),"a as answered at A-6 (maintainer-check seat only), then vacated by B-31 (Q-L3-3 c): the operator holds no evaluation seat in Round 11",2026-10-01T04:03:25Z
Q-E2-15,A,Independent human evaluation MUST vs four deferrals and model-made labels.,a) disclosed model-assisted standard (waive) · b) E3 minimal human program (infeasible) · c) keep the MUSTs owed; wording corrected now; L3 program replaces the pilot,c as re-planned by L3 (superseded by Q-L3-1/Q-L3-2),E2's pilot with two external labellers is ruled out by U-008/U-011; L3 carries the honest version.,c: $0; methodology wording fixed (E2 H-4). ,E2 H-4; CONF-02,c,n,E2-14; L3 §6; packet A-6,A-6,own-words,no,non-action / status quo / conservative removal (see default_if_unanswered),c as re-planned by L3 — the independent-evaluation MUSTs stay owed under T-EVAL-IND (superseded by Q-L3-1/2),2026-10-01T04:03:25Z
Q-F4-1,A,Auto-write posture now (F4 options i/ii/iii).,superseded,answered by Q-L3-1,L3 replaces F4's tier options with derivation-collapse tiers.,—,CONF-02,as Q-L3-1 default,n,F4 §8; L3 §10; packet A-6,A-6,own-words,no,non-action / status quo / conservative removal (see default_if_unanswered),answered by Q-L3-1 (a),2026-10-01T04:03:25Z
Q-F4-2,A,Where reviewers write labels (isolated eval DB vs hosted).,superseded,answered by Q-L3-2 (EV1 not built in Round 11),No reviewers exist; EV1 is first in the triggered segment.,—,—,not built,n,F4 §8; L3 §6.1; packet A-6,A-6,own-words,no,non-action / status quo / conservative removal (see default_if_unanswered),answered by Q-L3-2 (a): EV1 not built in Round 11,2026-10-01T04:03:25Z
Q-F4-3,A,Approve supersession of 184–187 (F4 §7.3).,superseded,answered by Q-L3-2,Same supersession mechanics.,—,T3/T5,as Q-L3-2 default,n,F4 §8; L3 §10; packet A-6,A-6,own-words,no,non-action / status quo / conservative removal (see default_if_unanswered),answered by Q-L3-2 (a): rows 184–187 superseded,2026-10-01T04:03:25Z
Q-19,A,"Rights stance for newly discovered sources: per-batch HG-03 packets with GL-GATE-07 as the default, anything Part-VIII-flagged decided individually?","a) yes (I7 shape) · b) per-source review only · c) GL-GATE-07 blanket, no packets","a in shape (per-batch HG-03 lines), but GL-GATE-07 is re-asked in your own words (OM-09) and every Tier-1 batch carries captured terms per member: members whose terms are 'none captured' stay ingestion_permitted=false until captured (I7 option b) [S4c]","It is the precedent-consistent path that lets Tier 1 start in week 1 while express prohibitions, Part VIII and conflicts still get individual lines.",a: rights exposure as GL-GATE-07 (A-4 Q-E2-13 guardrails). b: acquisition slows to per-source packets. c: sweeps express-terms conflicts in.,"I8 ACQ-08…15 (Tier 1), ACQ-19…27 (Tier 2)",b (nothing flips without its own line; code tickets land rows ingestion_permitted=false),n,META_PLAN §7 Q-19; I7 §0; E4 §0; packet A-7,A-7,own-words,no,non-action / status quo / conservative removal (see default_if_unanswered),"a in shape (per-batch HG-03 lines) with GL-GATE-07 re-confirmed (operator chose it over the recommendation): 'US public records and open-licence sources flip batch-wide under precedent, erring on the side of approving.' Part-VIII-flagged members still need their S-line (B-32); express prohibitions follow A-8/A-9/B-39",2026-10-01T04:03:25Z
Q-J4-2,A,"Withdraw the 'NEW-1' sources (5,267 public rows whose own captured terms forbid redistribution, are non-commercial/no-derivatives, or say 'demo') from public downloads and pages in the first Round-11 wave, pending HG-03 re-review?","a) withdraw now (Wave 0/1) and re-review · b) keep published and record explicit acceptance of express-term risk · c) withdraw only the downloads, keep facts on pages",a,"GL-GATE-07 accepted database-right risk, not express prohibitions; these rows are the clearest rights exposure SIG has live.","a: −5,267 public rows (source pages say 'withdrawn from publication pending rights review'); history kept (append-only). b: express-terms exposure stays live, plainly: the publisher's own terms say SIG may not do what it is doing (not legal advice (P4)). c: partial.","J3 TX-02, TX-05, TX-10b; G2 ACT-06/07; D3 §5 announce checklist",a (withdrawal is the conservative action),n,J4 §10 Q-J4-2; J3 D-J3-5; J4 NEW-1; C6 TH-02; packet A-8,A-8,explicit,no,non-action / status quo / conservative removal (see default_if_unanswered),"b — 'Keep all, accept risk' (operator chose it over withdrawal): all ≈8,088 rows stay public, incl. camreg_txdot_rep_tx and the 3 live NC rows ('Keep everything as is', 04:09:43Z); acceptance sentence adopted by selection: 'I accept the express-terms risk for all ≈8,088 currently public rows, including the non-commercial ones; A-9 applies to new sources only.'",2026-10-01T04:07:45Z
D-J3-5,A,Same as Q-J4-2 (J3's form).,see Q-J4-2,see Q-J4-2,duplicate id,—,TX-02/05/10b,see Q-J4-2,n,J3 §13 D-J3-5 (merged-into Q-J4-2); packet A-8,A-8,explicit,no,non-action / status quo / conservative removal (see default_if_unanswered),b (follows Q-J4-2) — no withdrawal; source pages and file-level rights records show the captured terms and the operator-accepted basis,2026-10-01T04:07:45Z
I7-C1,A,"TxDOT's origin terms ('distribution to third parties without TxDOT's written consent is strictly prohibited'; no commercial use) vs the flipped, live `camreg_txdot_rep_tx` republish.",a) keep the flip; publish derived facts only and quote the clause · b) restrict `camreg_txdot_rep_tx` from public output (spine history kept; new rights decision) · c) seek TxDOT consent (outside contact — unavailable),b,"The origin's express prohibition reaches the republished copy; with consent ruled out, restricting public output is the only option consistent with Q-J4-2.",b: Texas DOT camera points leave public pages/downloads (Texas coverage then relies on other sources); exposure removed. a: express-terms exposure remains (not legal advice (P4)).,J4 NEW-1 set; E4 R3; I5 NEW-3; ACQ-08,b,n,I7 §4 C1; E4 R3; I5 NEW-3; J4 Q-J4-2; packet A-8,A-8,explicit,no,non-action / status quo / conservative removal (see default_if_unanswered),"keep the flip and the rows public as they are (not b: no restriction; not a's facts-only re-shaping) — 'Keep all, accept risk' / 'Keep everything as is'; the express-terms risk is accepted by ADR",2026-10-01T04:07:45Z
I7-C6,A,"One operator statement: are SIG's use and exports non-commercial? (governs Bellevue, Honolulu PD, Canada.ca, OPC Canada, CNIL images, and the live Keizer / TRPA CC BY-NC / Cal OES NC-ND rows)","a) non-commercial (then NC sources may flip, but their rows must stay out of permissively licensed downloads — an NC compartment) · b) is or may be commercial (then NC sources are declined or facts-only pointers)",b,"SIG publishes bulk data under licences that let anyone reuse it commercially, and 'commercial' is not defined by the project's own intent; treating NC sources as facts-only pointers avoids an argument SIG cannot win without counsel.","b: NC sources contribute citations/facts pointers, not re-hosted rows; the three live NC rows join the Q-J4-2 withdrawal. a: needs an NC compartment and download gating; exposure, plainly: a publisher could dispute that SIG's redistribution is non-commercial (not legal advice (P4)).",E4 R4d; I7 IT2/IT3/IT5/IT6; J4 NEW-1 NC rows; ACQ-19,b,n,I7 §4 C6; E4 R4d; J4 NEW-1; packet A-9,A-9,explicit,no,non-action / status quo / conservative removal (see default_if_unanswered),b — SIG's use is or may be commercial: NEW non-commercial sources are facts + pointers only (E4-R4d declined); the 3 live NC rows stay as they are (A-8),2026-10-01T04:07:45Z
D-K2-1,A,"How do the 969 review-flagged organisations become publishable? (Today every organisation label and all 42,488 organisation edges are withheld once the P32.5 gate deploys.)","a) operator batch review in degree order through the G2 allow tool — 50 reviews unlock 96.5 % of edges · b) ADR rule auto-allowing organisations matched to an authoritative public registry (Census of Governments, SAM UEI, Wikidata QID), person-name screen always applied, basis shown · c) the rest stay withheld with typed absence · (recommended: a + b + c together)",a + b + c,"Organisations are public institutions (agencies, vendors); the review exists to catch person names and mislabels. Registry-matched auto-allow covers the long tail without operator hours; 50 manual reviews cover almost all edges.","a: ~1–2 h of operator review once ACT-10 tooling exists (estimate). b: $0; an ADR adds an auto-allow basis. Without either: Organizations section, entity pages, network labels and organisation search ship 'pending publication review' — U-003.2 largely unmet. Exposure: low (institutions only; person-name screen always on).","K2 GX-05a, GX-01/02 organisation labels; G2 ACT-10; K3 organisation search; K6 dossier networks; ADR-124 allow list",c only (all organisations withheld with 'pending publication review'; nav hides Organizations),n,"K2 §11 D-K2-1, NEW-1; K13 §10.2, R-5/R-8; G2 §9 item 7; packet A-10",A-10,explicit,no,non-action / status quo / conservative removal (see default_if_unanswered),b + c (not a) — 'Auto-allow + absence only': registry auto-allow ADR (Census of Governments / SAM UEI / Wikidata QID; person-name screen always runs; basis shown) and a typed 'not yet reviewed' state for every other organisation; no operator top-50 review,2026-10-01T04:07:45Z
G2-ADR124,A,ADR-124 allow list: which HG-11-approved partner organisations are released (G2 step 1 / ACT-10)?,a) the D-K2-1 review output is the allow list · b) a separate list,a (merged into D-K2-1),"One review, one list.",—,"G2 ACT-10, ACT-11",empty allow list,n,G2 §9 item 7; merged-into D-K2-1; packet A-10,A-10,explicit,no,non-action / status quo / conservative removal (see default_if_unanswered),"a — the ADR-124 allow list is D-K2-1's output, i.e. the registry auto-allow set (no operator review queue)",2026-10-01T04:07:45Z
D-K13-1,A,"Does a set of aggregated overview graphs (types, supply, access, funding, operators, governance, adoption; ≤3,000 nodes each) plus entity ego graphs and /explore/ satisfy U-003.2's 'global graph or set of graphs … that truly lays bare all that we know'?","a) yes — aggregated overviews + egos + explorer; revisit when one view needs >3,000 labelled nodes · b) also build a single national node-link canvas (needs a spec change to SIG-UI-021/022 and SIG-IDENT-030) · c) other",a,"No peer renders a 10^5-node graph usefully (K12a); renderers handle ~10^3–10^4 labelled nodes; 83 % of nodes have no edges today, so a raw national graph would be a hairball of isolated points.","a: within K0's explorer budget (≤120 KiB JS), ≈$0–5/mo; spec wording of SIG-UI-021/022 amended to name the overviews. b: large build, heavy client JS, spec change; little added truth until dedup/typing land. No legal exposure.",K2 GX-03…09b; K0 /explore/; K13 W3,a (spec-conforming),n,K13 §10.1 D-K13-1; K0 D-K0-6; K2 D-K2-2; K12a; U-003.2; packet A-11,A-11,explicit,no,non-action / status quo / conservative removal (see default_if_unanswered),"a — aggregated overview graphs (≤ 3,000 nodes) + entity egos + /explore/, descriptive only; revisit at > 3,000 labelled nodes",2026-10-01T04:09:43Z
D-K0-6,A,"The 'global graph' is a set of aggregated overview graphs, not a raw national node-link graph (amends SIG-UI-021/022 wording).",yes/no,yes (rides with D-K13-1),same as D-K13-1,—,"K2, T1 spec amendment",yes,n,K0 §decisions D-K0-6; merged-into D-K13-1; packet A-11,A-11,explicit,no,non-action / status quo / conservative removal (see default_if_unanswered),yes,2026-10-01T04:09:43Z
D-K2-2,A,SIG-IDENT-030 (no network analytics before the ER gates pass) with no independent labellers: ship descriptive views only?,"a) descriptive views only (evidenced edges, counts with ER disclosure); no centrality, rankings or labelled communities; remove today's centrality statistic · b) ADR waiving IDENT-030",a (rides with D-K13-1; L3 answers it the same way),IDENT-030 is then MET by abstention; analytics on an un-deduplicated graph would mislead.,"a: removes one live statistic; no analytics claims. b: rankings over duplicated, undated edges.",K2 GX-02; L3 §6.2,a,n,K2 §11 D-K2-2; L3 §10; packet A-11,A-11,explicit,no,non-action / status quo / conservative removal (see default_if_unanswered),"a — descriptive views only; no centrality, rankings or labelled communities",2026-10-01T04:09:43Z
D-K0-1,A,"Replace the zero-JS-on-content-pages rule (ADR-068/091/097/134, AGENTS.md gotcha 6) with K0's 'HTML-first page types': records/print 0 JS; content pages ≤20 KiB enhancement loaded after render; map ≤360 KiB; /explore/ ≤120 KiB; /search/ ≤60 KiB; every URL shows the same facts without JS (or links to static tables holding them).",a) adopt (new ADR superseding the three-island rule) · b) keep the current rule (three islands only) · c) full SPA (rejected by K0/D3),a,U-003 asks for interactive map/graph/search/sortable tables; K0 shows these fit in bounded per-type budgets while printed and cited records stay zero-JS.,"a: +$5–40/mo serving (K0, overlapping K1/K3 estimates); CI budgets enforced per page type; no-JS fallback preserved. b: $0; U-003.1/.2/.3/.9 remain largely unmet. No legal exposure.",K13 UXK0-1…5 (W1 foundations) and every T1/T2 surface; AGENTS.md gotcha-6 update at T1,b (existing ADRs stand; K work limited to the three islands),n,K0 §decisions D-K0-1; U-003.2 ('perhaps breaking with our no-JS constraints'); §7.1 zero-JS row; packet A-12,A-12,explicit,no,non-action / status quo / conservative removal (see default_if_unanswered),a — HTML-first page types (new ADR superseding ADR-068/091/097/134 and AGENTS.md gotcha 6; K0 budgets; Preact per D-K0-2),2026-10-01T04:09:43Z
Q-14,A,Memory-repair placement: what goes in the Stage-B seed vs the first Round-11 tickets?,"a) seed = B3 C0–C10 (restore deleted GATE DECISIONS rows first, date-correction ADR, LEDGER restructure, superseded prompts) + B4's ~700-line guard core + F5 PKG-02 test-pin rewrites; everything else (M1–M6) as early tickets · b) seed = records only; guard core and PKG-02 as ticket 201+ · c) other",a,B4/F5 show the seed PR goes red on CI without the guard core and the 6 test-pin conversions; landing them in the seed makes the first resume point both true and green.,a: $0; larger seed PR (reviewed at GATE-B). b: seed records only; first tickets must fix a red CI before anything else.,"T2, T6 (GATE-B CI green); B3 C0–C10; B4 §6.1; F5 PKG-02",b (records-only seed),n,META_PLAN §7 Q-14; B4 §9 Q-B4-1; B3 §5; F5 PKG-02; packet A-13,A-13,explicit,no,non-action / status quo / conservative removal (see default_if_unanswered),"a — full seed: restore-first, correction ADR, guard core, PKG-02 pins; M1–M6 as early tickets",2026-10-01T04:09:43Z
Q-B4-1,A,May the Stage-B seed carry the ~700-line guard core (§6.1)?,yes/no,yes (rides with Q-14),see Q-14,see Q-14,T2/T6,no (guard core becomes early tickets),n,B4 §9 Q-B4-1; merged-into Q-14; packet A-13,A-13,explicit,no,non-action / status quo / conservative removal (see default_if_unanswered),yes,2026-10-01T04:09:43Z
OD-05,A,"D-R10-MEMORY-1 (operator-owned): split per B3 option C — obligation events repaired then CI-enforced in-repo; projection kept as an advisory CI-verified orient view; closeout journal stays shadow with a cut-over trigger (parallel dispatch, multi-worktree, second harness writing memory)?",a) split (B3 C) · b) cut over now (events + journal enforced; rejected: runs on rewritten history) · c) retire both (restores 'last token wins'; needs a SIG-MEM-002 waiver),a,"The event chain never worked append-only (4 versions, 3 rewrites); repairing and enforcing it in CI needs no skill edit, while the journal has no operating evidence.",a: $0; SIG-MEM-003 MET-ENGINEERED; journal leg later-phase(trigger). b/c: see options.,B3 M3/M6; G2 step 8 (ACT-25); T2/T4,"no change (D-R10-MEMORY-1 stays OPEN in shadow; no cut-over, no retirement)",n,"B3 §4, §8 item 1; G2 step 8; ADR-126/127; packet A-13",A-13,explicit,no,non-action / status quo / conservative removal (see default_if_unanswered),a — split per B3 option C,2026-10-01T04:09:43Z
OD-06,A,"Confirm the seed order 'restore first': the 53 deleted GATE DECISIONS rows are restored verbatim (appended, hash-checked 'RESTORED from <sha>^' blocks) before the LEDGER head is restructured.",yes/no,yes,B2: 6 of the deleted rows exist nowhere else; restructuring first would migrate an incomplete record.,$0; the LEDGER regains GL-GATE-06 and the P21.3/.5/.7 answers.,B3 C3; T2,yes (restoring deleted records is corrective),n,B3 §8 item 4; B2 §5; Q-E2-19; packet A-13,A-13,explicit,no,non-action / status quo / conservative removal (see default_if_unanswered),yes — restore the 53 rows first,2026-10-01T04:09:43Z
Q-17,A,Naming: Round 11 = phases P34+ and manifest rows 201+?,yes/no,yes,Continuous with the existing manifest; B3/F4/L3 designs assume it.,$0,"T1, T3, T5",yes,n,META_PLAN §7 Q-17; packet A-13,A-13,explicit,no,non-action / status quo / conservative removal (see default_if_unanswered),"yes — phases P34+, manifest rows 201+",2026-10-01T04:09:43Z
Q-13,A,Apply the B6 skill changes (out-of-repo edits to the user-global orchestrate-build / implement-spec / build-memory / decompose-spec / reconcile-build / synthesize-spec skills)?,"a) yes: Tier A (SK-13,14,17,18,19,20,22) after GATE-P and before Stage B; Tier B-must (SK-01,02,03,06,09,10) before the first Round-11 dispatch; the rest early in Round 11 · b) Tier A + B-must only · c) none — T5's OPERATING MODE carries B6 §5.3 overrides instead",a,"Every failure mode appeared under every harness (B5 §3.12); mechanical checks in the skills (CI at every boundary, clock rule, append-only validator, gate hardening) are what would have stopped the chain at the four red boundaries.",a: $0 cash; agent time to edit and test the skills; changes affect every future project using those skills. c: prose overrides in one repo only; the loop still skips gates under `auto`.,T3/T5 templates; first dispatch; B4 guards interface; SK-01…25,c (no skill edits; OPERATING MODE overrides per B6 §5.3),n,"META_PLAN §7 Q-13; B6 §0, §5; packet A-14",A-14,explicit,no,non-action / status quo / conservative removal (see default_if_unanswered),"a — all 25 B6 changes, staged: Tier A (SK-13/14/17/18/19/20/22) at T0, Tier B-must (SK-01/02/03/06/09/10) before the first dispatch, the rest early in the round",2026-10-01T04:16:29Z
Q-16,A,"Execution harness for Round 11 (Claude Code / Devin / Codex), and the switching rule.",a) Claude Code (orchestrate-build) for the whole round; harness + model recorded in CURRENT STATE; switches only at ticket boundaries with a LEDGER entry (SK-04) · b) Devin CLI · c) Codex · d) mixed,a,"B7 attributes the forward date ratchet, the 53-row deletion and the after-the-fact readouts to the Devin/swe-2-high stretch, but B5 shows every harness failed somewhere; the deciding factors are that B6's skill changes and B4's guards target the Claude Code skill set and this planning ran there. The guards, not the harness, carry the safety.",a: agent spend on the operator's Claude plan (unmeasured; planning hit a usage limit). b/c: B6 skill changes must be re-expressed for that harness. No public-claim or legal difference.,T5 CURRENT STATE `harness`; dispatchTarget; SK-04,"a (the harness running planning), one harness for the round, no switch without an operator line",n,"META_PLAN §7 Q-16; B5 §3.12, §8; B7 §0, §5; packet A-15",A-15,explicit,no,non-action / status quo / conservative removal (see default_if_unanswered),"custom (none of a–d): Devin Desktop, model swe-2-high (256k context), executes every Round-11 ticket; no in-round second harness; a post-round deep review by Claude Code (Opus 5.5, xhigh) closes the round. Verbatim: 'We will drive most of the execution with Devin Desktop using their new SWE-2 High model (256k context window)' (04:16:29Z) and 'How about Devin for everything and Claude Code can do a deep review after the entire thing, similar to what we did here …' (04:21:56Z)",2026-10-01T04:21:56Z
Q-15,A,"Round-11 autonomy and checkpoint cadence (U-011: maximal autonomy, money transparency, no outside contact).","a) agents run without pausing except at: HG gates (HG-03 lines, HG-11/Class S readouts), ING-GO per acquisition wave, any spend above the ceiling, red CI (blockedOn), production mutations not named in a ticket; one operator digest per wave boundary with a spend line · b) pause at every ticket boundary · c) digest weekly instead of per wave",a (pause rules); OM-20 pre-authorisation is decided separately at S5-1/S5-3 [S4c],Matches U-011 while keeping the pauses B5 showed were being skipped.,a: operator load ≈ one digest per wave + gate lines. b: much higher load. No cost difference.,T5 OPERATING MODE; S2 waves; G2 AR-1,pause at every named production mutation unless the row id is on an OM-20 list the operator approved verbatim (S5-1/S5-3 or a GATE packet line); A-15 does not carry OM-20 [S4c],n,META_PLAN §7 Q-15; U-011; B5 OM-01…18; packet A-15,A-15,explicit,no,non-action / status quo / conservative removal (see default_if_unanswered),"a — 'Gate pauses + wave digest': agents pause only at HG gates (HG-03 lines, HG-11/Class S readouts), one ING-GO per acquisition wave, spend above the ceiling, red CI (blockedOn) and production mutations not on an approved OM-20 list; one digest per wave with a spend line",2026-10-01T04:21:56Z
Q-B4-2,A,"Adopt G4c: an operator-only signing key (passphrase- or hardware-backed SSH key never loaded by agent sessions) for gate-signature commits, verified in CI against a committed allowed_signers file?","a) yes, for HG gate signatures and Class-S release gos only · b) no — gate records carry the verbatim chat quote + timestamps (proves consistency, not origin)",a,"Agents commit and run gh with the operator's identity, so any in-repo approval can be produced by an agent; B7 found both Round-10 signed readouts were written after the approvals. A key the agents never hold is the only mechanical proof of origin.","a: $0 (or a hardware key ≈$25–55 one-off, optional, inference); ~1 min per signature, a handful per round; ~30 min setup. b: status quo; authenticity rests on process.",B4 G4c; T6; SK-03/17; G3 Class S readouts,"b (status quo), recorded as a DISCLOSED RISK: agent sessions commit and run gh with the operator's identity, so no in-repo approval proves origin [S4c]",n,"B4 §2.3, §9 Q-B4-2; B7 §0 item 4; H2 S-6; packet A-16",A-16,explicit,no,non-action / status quo / conservative removal (see default_if_unanswered),"a — operator-only gate-signing key (passphrase- or hardware-backed, never loaded into an ssh-agent a Devin/Claude session can reach) for HG gate signatures and Class-S gos, CI-verified against a committed allowed_signers",2026-10-01T04:16:29Z
Q-E2-21,A,"Forward rule: tentative or instructional words ('I wonder if…', 'let's…') are not recorded as decisions without an explicit yes/no; agent-drafted gate text is labelled and confirmed verbatim before it is recorded.",yes/no,yes (rides with Q-B4-2; the backward confirmations are Part C),E1/X-1 found decisive meaning supplied by the recorder; B7 found readouts composed after approval.,$0; slightly more confirmation lines per gate.,"SK-03, SK-17; T5 OPERATING MODE (OM-09)",yes,n,E2-X1; E1 NEW-9; B5 OM-09; packet A-16,A-16,explicit,no,non-action / status quo / conservative removal (see default_if_unanswered),yes — forward rule: tentative words are never recorded as decisions without an explicit yes/no,2026-10-01T04:16:29Z
D3-DIR,A,"Ratify D3's direction: 'Round 11 makes SIG show, correct and open up the evidence it already holds, while growing US-wide vendor coverage from high-quality origins' — order safety/honesty → correctness → exploration, with Streams I and L in parallel from week 1; US-nationwide; non-US dossiers corrected but not expanded; 1–3 'golden' places chosen by the agent.","a) ratify as drafted · b) ratify with edits (say which) · c) reorder (e.g., exploration before correctness)",a,"C5/K12b show the gap is mostly routing and labelling of data SIG already has; correctness first prevents new UX from amplifying wrong jurisdictions, duplicates and undated edges.","a: $0 beyond the designs' costs; exploration features arrive after the correctness wave. c: faster visible UX, but maps/graphs would display the known errors (L2).",S2 waves; T3 ordering; K13 W0–W4; I8 waves; CONF-*,D3's order adopted for sequencing only; no spec amendment and no announce rule adopted on silence [S4c],n,"D3 §0, §4; U-007; C5; K12b; packet A-17",A-17,explicit,no,non-action / status quo / conservative removal (see default_if_unanswered),"a — ratified, with one edit: D3-Q3 = b ('Ratify; fetch vendor pages')",2026-10-01T04:16:29Z
D3-Q1,A,"Do journalist and organizer journeys gate the capstone equally, with the advocate (design centre) winning conflicts?",yes/no,yes,U-002/U-005 make journalists and organizers co-primary; SIG-UI-002 keeps the design centre.,"$0; capstone = 13 timed journeys (4 advocate, 5 journalist, 4 organizer).",K13 CAP-01; D3 §2,yes,n,"D3 §7 Q1; U-002, U-005; packet A-17",A-17,explicit,no,non-action / status quo / conservative removal (see default_if_unanswered),yes,2026-10-01T04:16:29Z
D3-Q3,A,"Vendor terms: Flock/Axon facts come only from agency pages, procurement records, statutory reports and already-ingested mirrors — never fetched from vendor hosts (Flock API terms, Axon ToS forbid automated extraction)?",a) accept (limits depth of vendor coverage) · b) fetch vendor-hosted transparency pages anyway,a,The captured vendor terms prohibit automated access; agency-side records are public records and cover the same deployments less completely.,"a: some Flock/Axon depth stays dark (I8: 'Flock/Axon's own data' still dark). b: exposure, plainly: breach-of-terms claims and blocking by the vendors whose deployments SIG documents (not legal advice (P4)).","I7 C4, IT7, T12/T15; I8 ACQ-09; U-007 coverage priority",a,n,D3 §7 Q3; I7 §4 C4; U-007; packet A-17,A-17,explicit,no,non-action / status quo / conservative removal (see default_if_unanswered),"b — fetch vendor-hosted transparency pages (Flock/Axon etc.) (operator chose it over the recommendation a); engineering envelope: public, unauthenticated pages only; no logins, API keys or circumvention of access controls; rate-limited; robots per GL-GATE-08; terms text captured verbatim and the exposure disclosed; Part VIII screen on every byte",2026-10-01T04:16:29Z
D3-Q5,A,Announce gate: is D3 §5's checklist the gate for the public announcement (no earlier 'preview' share)?,a) §5 is the gate · b) allow an earlier share labelled 'preview',a,U-005 said the operator would not share the site today; §5 encodes 'I would send this to a journalist today'.,"a: announcement waits for all S0 closed live, 13 journeys passing, zero-egress + kill switch, drilled restore. b: earlier visibility with known defects.",D3 §5; K13 W4; UXK14 announce tickets,no announce rule adopted on silence; the announcement never happens without GATE-ANNOUNCE anyway [S4c],n,"D3 §5, §7 Q5; U-005, U-009; packet A-17",A-17,explicit,no,non-action / status quo / conservative removal (see default_if_unanswered),a — D3 §5's checklist is the announce gate; no earlier preview,2026-10-01T04:16:29Z
Q-E2-22,A,SIG-CHART-025 'narrowly excellent at US ALPR' vs national/international all-camera breadth.,"a) amend to US-nationwide multi-vendor/multi-technology with per-class and per-geography quality labels · b) reaffirm US-ALPR focus and demote the rest · c) breadth with labels, international as-is",a (as D3/U-007),"U-007: 'rich, US nationwide data on Flock and Axon and likely other vendors'.",a: $0; ADR + spec amendment; coverage pages label quality per class/geography.,T1 ADR; K13 coverage pages,no spec amendment (SIG-CHART-025 unchanged); breadth work proceeds as sequencing only [S4c],n,E2-20; E1-20; D3; U-007; packet A-17,A-17,explicit,no,non-action / status quo / conservative removal (see default_if_unanswered),a — SIG-CHART-025 amended to US-nationwide multi-vendor/multi-technology breadth with per-class and per-geography quality labels,2026-10-01T04:16:29Z
E2-HFIX,B,Approve the scope of the Wave-0 honesty fixes: E2 H-1…H-9 (fixture review → 'not yet performed'; per-source attribution; dispute promise → operated truth; methodology holdout wording; editorial-board/counsel text; publication-basis label; crawler text/contact; 'counsel' records; web naming gate default-deny) + K13 W0 UXW0-1…6 + C6 quick wins QW-1…15 + the fixture/status-word publish guards (DR-C6-05/06).,a) approve all · b) approve except named items,a,Each removes a false or overstated public claim; §7.1 already approved the S0 hotfixes in principle as Round-11 tickets.,"$0 + two republishes (G2 ACT-06, ACT-07 hosted re-export); public claims shrink to what is operated.",G2 ACT-05…08; K13 UXW0-1…6; F5 PKG-08; TH-01/TH-02/TH-13,a for removals of false claims (§7.1 approval); new wording waits for B-2,n,E2 §0.1; K13 §7.1 W0; C6 §6; §7.1 production-fix decision; packet B-1,B-1,explicit,no,non-action / status quo / conservative removal (see default_if_unanswered),a — approve all,2026-10-01T04:32:16Z
G2-S0X,B,Add the two S0s outside §7.1's approved list to the first honesty republish: /visual-language/ presenting test data as facts about OKC PD / Oklahoma County Sheriff / Flock (C2 NEW-1) and personal ArcGIS account handles in public source ids (C3 NEW-2).,yes/no,yes,Both are live S0s of the same class the operator already approved fixing.,$0; the handle fix needs the re-key policy (DR-C6-01).,G2 ACT-06; B-6 DR-C6-01,yes (removing S0 content is conservative),n,"G2 §9 item 5; F-096, F-097, F-131; packet B-1",B-1,explicit,no,non-action / status quo / conservative removal (see default_if_unanswered),yes — the two S0s join Wave 0 (with A-0 = wait: /visual-language/ and handle-bearing pages leave in republish #1; ids re-keyed by P34.18/P34.21b),2026-10-01T04:32:16Z
OD-07,B,"Copy-approval process for agent-drafted public text (K10 disclosure texts, per-source descriptions/known issues, reliability-class justifications, K9 header sentence, K5 glossary, K4 corrections-log wording, K14 lexicon): batches of ~25 confirmed verbatim per republish; pages show 'pending review' until then. May agents ship removal-only corrections and 'not yet performed / not operating' notices without per-text confirmation?",a) batched verbatim approval + the removal/notice allowance · b) batched verbatim approval for everything · c) per-text approval,a — only the S5-ratified notice strings N-1..N-7 (listed by sha256 in PLAN §5.1) ship without per-text confirmation; the allowance expires at GATE-G4; everything else is confirmed verbatim [S4c],"U-011 asks for maximal autonomy; the verbatim rule (META_PLAN §2) exists to stop agents putting words in the operator's mouth, which removals and 'not operating' notices do not do.",a: operator ~15–30 min per republish. b: slower W0. c: highest load. No cost.,"D-J3-12, D-K10-1, D-K10-4, D-K9-4, D-K5-2, D-K4-8, D-K14-5 labels; TX-05/06; UX9/UX10",b,n,J3 D-J3-12; K10 D-K10-1/4; K9 D-K9-4; K5 D-K5-2; K4 D-K4-8; META_PLAN §2; packet B-2,B-2,explicit,no,non-action / status quo / conservative removal (see default_if_unanswered),"a — agent drafts in batches of ~25 confirmed verbatim; only N-1…N-7 ship by sha256, until GATE-G4",2026-10-01T04:32:16Z
Q-12,B,"Supersede the GATE-G3-signed fixture candidate `p-17b713…` (0 records, never shipped, future-dated 2026-10-19) rather than re-issue and re-sign.",a) supersede (B1 option C) · b) re-issue + re-sign · c) leave with a correction note,a,It held 0 records and never shipped; re-signing would repeat the after-the-fact signature pattern.,$0; G2 step 3 builds a real candidate with true dates.,"G2 ACT-12, ACT-15; B1 §8 ADR",a,n,META_PLAN §7 Q-12; B1 §9 Q-B1-3; G2 §9 item 3; packet B-4,B-4,explicit,no,non-action / status quo / conservative removal (see default_if_unanswered),a — supersede p-17b713 (no re-sign),2026-10-01T04:32:16Z
Q-E2-18,B,"GATE-G3 signature superseded with the fixture candidate; ACCEPT-R10 and ACCEPT-R8: re-confirm against their exact text now, or record them as 'approved on an agent summary; full text composed after approval'?",a) supersede GATE-G3; re-confirm ACCEPT-R10/R8 against exact text · b) supersede GATE-G3; annotate ACCEPT-R10/R8 as approved-on-summary (no re-confirmation) · c) leave,"b — annotate ACCEPT-R8, ACCEPT-R10 and GATE-G3 alike with B7's facts; no operator addendum describing a past state of mind; the forward question is C-13 (dated) [S4c]",B7 shows the signed texts were composed 32 s / 51 s after approval; re-confirming now would create a new approval of claims later rows found untrue ('34 MET'); an honest annotation plus re-verdicts (B-4) is truer.,$0; records gain appended corrections; no public-site change.,T2 records; F2/T4,b,n,E2-17 (Q-E2-18); B7 §0 item 4; E2 Q-12 link; packet B-4,B-4,explicit,no,non-action / status quo / conservative removal (see default_if_unanswered),"b — GATE-G3 superseded; ACCEPT-R8, ACCEPT-R10 and GATE-G3 annotated with B7's facts; no operator addendum about a past state of mind (forward question = C-13)",2026-10-01T04:32:16Z
Q-E2-19,B,Amend the go-live spec to record the 2026-09-16 go-public and its waivers; append supersessions to stale gate records; restore the deleted GATE DECISIONS rows verbatim.,yes/no,yes,The public launch happened with gates skipped and the records never reconciled; restoration is append-only.,$0,"T1 (go-live spec, hand-edited), T2","record corrections only: deleted GATE DECISIONS rows restored verbatim with SEED-06's annotation table, supersessions appended; the go-live spec amendment (GL-GATE-06..08 as rules) waits for an answer and never records a waiver as the operator's without own words [S4c]",n,E2-18; E1-18; F-22; B2; packet B-4,B-4,explicit,no,non-action / status quo / conservative removal (see default_if_unanswered),yes,2026-10-01T04:32:16Z
Q-E2-20,B,Correct every future-dated normative statement by appended amendment using commit dates (B1 correction ADR).,yes/no,yes,"595 records / 2,283 dated occurrences carry dates that did not happen; sqitch lines 41–43 are never edited (correction comments + ADR + new-line guard).",$0,T1 date ADR; T2; B4 G1 guard,yes,n,E2-19; B1 §8; packet B-4,B-4,explicit,no,non-action / status quo / conservative removal (see default_if_unanswered),yes,2026-10-01T04:32:16Z
Q-B1-2,B,"True times of the S3 deferral and gate approvals: record 2026-09-28T01:15:49Z (S3 deferral), 03:49:14Z (GATE-G3), 18:46:46Z (ACCEPT-R10), as read from the Devin session store.",confirm / correct,confirm,B7 settled them from recorded execution; B1's fallback was '≤ commit time'.,$0,B1 correction ADR,use B7's times,n,B1 §9 Q-B1-2; B7 §0 item 5; packet B-4,B-4,explicit,no,non-action / status quo / conservative removal (see default_if_unanswered),"confirm — 2026-09-28T01:15:49Z (S3 deferral), 03:49:14Z (GATE-G3), 18:46:46Z (ACCEPT-R10) recorded as the true times",2026-10-01T04:32:16Z
Q-E2-17,B,"Adopt the verdict vocabulary MET · MET-DIFFERENTLY(ADR) · MET-ENGINEERED (owed live/human leg cites its D-id) · PARTIAL · MISSING · AT-RISK-INTEGRATION · WAIVED(ADR) · N/A-RATIONALE, the +4 matrix columns (required_domain, achieved_domain, owed_legs, accepted_scope), and re-verdict the scoped/boilerplate rows (F2a/F2b deltas; 75 boilerplate MET-DIFFERENTLY rows re-examined).",a) adopt + re-verdict · b) redefine MET to include scoped acceptance,a,"86 of 89 spec ids cited by live failures read MET; a status word must not collapse engineered, live and human layers (P5).",$0; the headline MET count falls; public coverage pages become truthful.,T4 COVERAGE_MATRIX; SK-19; B4 G7,a,y,E2-16; META_PLAN §8.3; F2a; F2b; C6 §4; packet B-5,B-5,batch,"yes-design (no publication, rights, Part VIII, identity, money or production effect; anything public still needs a Class S readout)",as recommended (design/process),a — adopt the vocabulary + re-verdict,2026-10-01T04:33:54Z
DR-C6-01,B,Source-identifier re-key policy for public ids that embed personal ArcGIS account handles.,a) re-key to neutral ids; old URLs answer with a neutral 'identifier changed' page; the old→new map stays restricted (no public redirect that repeats the handle) · b) re-key with public 301 redirects (keeps citations working but republishes the handle in the redirect source) · c) leave,a,Part VIII: a redirect table is itself a public list of the handles.,a: some existing citations break (acceptable; the site was never announced); no cost. b: handle stays public.,G2 ACT-06/07; J3 TX-02; K13 JUR-05 redirect generator; TH-02,a,n,C6 §9 (new decision); DR-C6-01; F-097/F-131; packet B-3,B-3,explicit,no,non-action / status quo / conservative removal (see default_if_unanswered),a — re-key to neutral ids; neutral 'identifier changed' page; old→new map restricted,2026-10-01T04:32:16Z
E2-RESID,B,Accept the residual E2 lines as recommended (listed in the packet line B-5 members).,a) all as recommended · b) except named,a,Each is either mechanical or already constrained by U-011/U-013.,see members,see members,see members,n,E2 §8; packet B-6,B-6,explicit,no,non-action / status quo / conservative removal (see default_if_unanswered),"b — all as recommended except Q-E2-03 ('Move UA, don't buy domain')",2026-10-01T04:33:54Z
Q-E2-01,B,"/editorial-standards/: remove the fixture review, say it has not been performed; SIG-UI-042 stays a MUST (MISSING/owed); the hostile-reader gate moves into the dossier build; a real review waits for T-EVAL-IND (the operator may later be one disclosed reader).",a) as stated · b) waive SIG-UI-042,a (E2's 'operator + 1 external' review is unavailable under U-008),Removing the fixture is mandatory (S0); keeping the MUST owed avoids weakening the spec for no gain.,$0; public text 'not yet performed'.,E2 H-1; G2 ACT-06,a,n,E2-02; F-183; packet B-6,B-6,explicit,no,non-action / status quo / conservative removal (see default_if_unanswered),"a for the page (/editorial-standards/ says 'not yet performed'), read with WV-04 waived: SIG-UI-042's release block is waived for Round 11, findings listed as known issues",2026-10-01T04:33:54Z
Q-E2-02,B,"Bring crawler_conduct.toml, crawler.py docstring, the registry robots_policy field and the outreach letter into line with the A-5 outcome, with an ADR superseding ADR-088's clause.",yes/no,yes,Text must match behaviour whatever A-5 decides.,$0 + ingest image rebuild,E2 H-7,yes,n,E2-07; packet B-6,B-6,explicit,no,non-action / status quo / conservative removal (see default_if_unanswered),yes — crawler texts follow A-5 (GL-GATE-08 as is),2026-10-01T04:33:54Z
Q-E2-03,B,Crawler contact URL points at the unregistered sig-project.org: register it defensively (operator purchase) and move the UA/contact to surveillancegraph.org/data-collection/ in Round 11?,a) register + move · b) move only (no purchase) · c) register only,a,"Images in production already announce sig-project.org; until every image is rebuilt, anyone registering it would receive crawler complaints addressed to SIG.","a: ≈$10–20/yr (inference) + ~10 min; b: $0, exposure window until the image rebuild.",E2 H-7; ACT image rebuild,b (move only; no purchase without a go),n,E2-08; packet B-6,B-6,explicit,no,non-action / status quo / conservative removal (see default_if_unanswered),b — move the UA/contact URL to surveillancegraph.org; do NOT buy sig-project.org (residual squatting risk recorded; every remaining reference removed from code and docs),2026-10-01T04:33:54Z
Q-E2-04,B,"Attribution: fix as a defect under existing MUSTs (rights records, exports, API, map) + publish-time attribution gate + republish; interim sources-and-licences page no later than the fix.",yes/no,yes,"S0 misattribution (F-387) is a defect, not a policy question.",$0 + hosted re-export,G2 ACT-07; F5 PKG-08; J3 TX-02,yes,n,E2-12; J1 NEW-2/3; packet B-6,B-6,explicit,no,non-action / status quo / conservative removal (see default_if_unanswered),yes,2026-10-01T04:33:54Z
Q-E2-12,B,Stage-0 outreach MUST vs U-011 ('no one should be contacted outside the project').,"a) amend by ADR: outreach becomes an owed later-phase obligation with trigger 'operator authorizes outside contact' · b) keep as a MUST, MISSING",a,U-011 forecloses E2's recommended contact after the attribution fix.,$0; no contact made.,T1 ADR; F2/T4 five ids,a,n,E2-09; U-011; packet B-6,B-6,explicit,no,non-action / status quo / conservative removal (see default_if_unanswered),a — outreach becomes an owed later-phase obligation (trigger: the operator authorises outside contact),2026-10-01T04:33:54Z
Q-E2-16,B,"Moderated usability study (WONTFIX, verdict MET): record the contributor system as not complete; SIG-CONTRIB-003 stays a MUST triggered by any public contribution launch; the live-site study becomes later-phase (no participants under U-008/U-011).",yes/no,yes,No participants can be recruited; agent walkthroughs are labelled as such (P5).,$0,F2/T4; D-R10-USERS-1 trigger,yes,n,E2-15; D-R10-USERS-1; packet B-6,B-6,explicit,no,non-action / status quo / conservative removal (see default_if_unanswered),yes,2026-10-01T04:33:54Z
Q-E2-23,B,"Software Heritage deposit (declined on 'repo stays private'; the repo is now public): scan the public history for secrets and restricted/personal data first, then submit save-now.",a) scan then deposit · b) drop the obligation by ADR · c) deposit now,a,The only blocker lapsed; the scan matters because an archive deposit is permanent.,$0; irreversible once deposited; the scan may find items needing history-level remediation first.,D-P21.5-1 live leg; BL-029,no deposit,n,E2-21; F1 D-P21.5-1; E1-21; packet B-6,B-6,explicit,no,non-action / status quo / conservative removal (see default_if_unanswered),"a — scan the public history, then SWH deposit (A-0.4 history disclosed)",2026-10-01T04:33:54Z
Q-9,B,Which Round-10 surfaces ship in G2 step 7 (production exposure under HG-11)?,a) release archive + pinned citations + release search first; research dossiers only after step-5 live captures; intake only after step 6 (and only if Q-27 opens it) · b) all at once · c) none this round,a,C4 found 5 surfaces blocked and 6 needs-work; each surface ships only when the step that makes it true has run.,$0 extra; claims limited per G2 §6.,G2 ACT-24; D3 §4,a,n,META_PLAN §7 Q-9; G2 §9 item 10; C4; packet B-7,B-7,explicit,no,non-action / status quo / conservative removal (see default_if_unanswered),a — archive + pinned citations + release search first; research dossiers after live captures; intake only if opened,2026-10-01T04:33:54Z
G2-HOTFIX,B,API hotfix for C3 NEW-1 (/v1/dossier/{scope} returns the same 25 placeholder subjects for every scope) ahead of the Round-10 API?,a) no hotfix unless G2 step 1 slips past ~10-21; meanwhile the API page/terms state the endpoint is not scope-specific · b) hotfix in Wave 0,a,The fix needs L44–52 + ADR-124 allows (G2 NEW-6); a hotfix duplicates work.,"a: a live S0 remains for ~3 weeks, disclosed. b: extra ticket.","G2 ACT-08, ACT-11",a,n,G2 §9 item 8; F-130; packet B-7,B-7,explicit,no,non-action / status quo / conservative removal (see default_if_unanswered),a — no API hotfix unless G2 step 1 slips past ~10-21,2026-10-01T04:33:54Z
Q-27,B,"Open the correction-intake receiver in Round 11 (operator as sole moderator, no backup), or stay email-only?","a) email-only (the operator's address, Q-29) until after the announcement; /intake/ shows a 'not operating' notice · b) open with disclosed single-maintainer SLAs",a,A receiver with one moderator and no backup cannot meet SIG's own takedown SLAs; email keeps the channel honest.,a: $0; D-P32.16-1 stays owed with a trigger. b: moderation load + retention/log-exclusion obligations (G2 NEW-4/5).,G2 step 6 (ACT-23); E2 A-1; D-K11-4,a,n,META_PLAN §7 Q-27; D3 §7 Q2; G2 §9 item 9; F1 D-P32.16-1; packet B-8,B-8,explicit,no,non-action / status quo / conservative removal (see default_if_unanswered),a — e-mail-only intake (the operator's address until contact@ exists) until after the announcement; /intake/ shows 'not operating',2026-10-01T04:35:53Z
OD-08,B,Dispute/correction response times published with the operator's address (single maintainer; values agent-drafted).,"a) Part VIII / safety takedown requests: withdrawal within 72 h; other corrections: acknowledged within 7 days, answered within 30 days · b) mirror takedown.toml (72 h / 7 d / 14 d) · c) other values",a,"Honest for one person; fast where harm is possible (the withdraw tooling has a 15-min technical SLA, D-G3-9).",$0; public promise the operator must be able to keep.,E2 H-3; G2 ACT-06; SIG-UI-033/035,email-only intake; NO response-time commitment is published until the operator confirms the exact text verbatim [S4c],n,E2 A-1 (Q-E2-05 remainder); G2 §9 item 6; packet B-8,B-8,explicit,no,non-action / status quo / conservative removal (see default_if_unanswered),"none of a–c — 'Email, no time promises': no response-time commitment is published",2026-10-01T04:35:53Z
D-K11-4,B,"Until intake operates, the reporting channel task pages may name.",a) the dispute address (Q-29) · b) 'reporting opens with the intake form',a,One honest channel; never an invented address.,$0,K11 RQ-05,b,n,K11 D-K11-4; §7.1 Q-29; packet B-8,B-8,explicit,no,non-action / status quo / conservative removal (see default_if_unanswered),a — task pages name the same dispute address,2026-10-01T04:35:53Z
D-G3-1,B,"Adopt G3's release model (identity v2 `p-<sha256>` + label, private release bucket mounted by sig-web/sig-api, LB path rules, metadata-only promotion) via a new ADR extending ADR-132.",yes/no,yes,One pipeline cut→build→stage→verify→promote with pinned copies fixes F-07/F-11 and the rsync hazard.,≈$2.5 per release; staging ≈$0 at min 0.,G3 REL-01…11; G2 ACT-24,yes,n,G3 §12 D-G3-1; packet B-9,B-9,explicit,no,non-action / status quo / conservative removal (see default_if_unanswered),yes,2026-10-01T04:35:53Z
D-G3-2,B,Release label format `sig-YYYY-MM-DD.N` (UTC clock date + same-day ordinal).,yes/no,yes,Clock-derived (B1).,$0,REL-01,yes,n,G3 §12 D-G3-2; packet B-9,B-9,explicit,no,non-action / status quo / conservative removal (see default_if_unanswered),yes,2026-10-01T04:35:53Z
D-G3-3,B,"Class R / Class S sign-off rule and the standing-go text for Class R (same signed code, bounded diff V14: records −2 %…+15 %, no compartment < −5 % or > +50 %, no source loses > 20 %, all checks green, zero waivers; everything else is Class S with a signed readout; fail-closed classifier; email per promotion; monthly digest; revocable).",a) adopt as drafted (confirm the standing-go text verbatim); revisit after 3 Class R promotions · b) every release is Class S · c) edit the bounds,"a — the standing-go text is confirmed verbatim in your words and EXPIRES at the next sub-round GATE or after 30 days, whichever is first; it is void on any ratchet regression, any Part VIII screen change or any new source [S4c]","Routine refreshes should not wait on the operator; anything that changes code, sources, disclosures or Part VIII posture still does.","a: operator reviews only Class S (~6 per round, K13 R-5) + a monthly digest. b: a sign-off per refresh.",G3 REL-06/07; D3 standing go; ACQ activation releases,b (every release Class S),n,"G3 §7.3, §12 D-G3-3; packet B-9",B-9,own-words,no,non-action / status quo / conservative removal (see default_if_unanswered),"a — Class R/S rule with the standing go adopted by selection: 'Agents may promote a Class R release built from the same signed code whose diff stays within bounds (records −2%…+15%, no compartment <−5% or >+50%, no source loses >20%), with all checks green and no waivers; this go expires at the next sub-round gate or after 30 days, and is void on any ratchet regression, Part VIII screen change or new source.' Renewed at each sub-round GATE (never by `continue`)",2026-10-01T04:35:53Z
D-G3-4,B,Cadence: monthly on the 15th at 14:00Z; early at ≥10 % net new claims and ≥14 days; 35-day age alert.,yes/no,yes,The 15th falls after the day 6–13 registry batch window.,≈$2.5 per release,REL-07,yes,n,"G3 §7.2, §12 D-G3-4; G1-07; packet B-9",B-9,explicit,no,non-action / status quo / conservative removal (see default_if_unanswered),yes,2026-10-01T04:35:53Z
D-G3-5,B,"May production releases use unmerged stack commits (pushed, CI-green head, clean tree), as today?",yes/no,yes,Matches Q-11 (the operator merges later).,$0,REL-*,yes,n,G3 §12 D-G3-5; §7.1 Q-11; packet B-10,B-10,explicit,no,non-action / status quo / conservative removal (see default_if_unanswered),yes,2026-10-01T04:35:53Z
D-G3-6,B,"Tags: v0.1.0 after the #190 merge sitting, v0.2.0 at the first model-release sitting; §9.2 semver policy and 1.0 criterion (operator tags; agents never tag or push main).",yes/no,yes,Codebase versioning currently absent.,$0; operator action at merge sittings.,REL-10,no tags,n,"G3 §9.2, §12 D-G3-6; packet B-10",B-10,explicit,no,non-action / status quo / conservative removal (see default_if_unanswered),yes — the operator tags v0.1.0 after the #190 sitting,2026-10-01T04:35:53Z
D-G3-7,B,Legacy buckets: keep the sig-web root 90 days after REL-09 then delete; freeze the sig-public root with a README and retarget probes until TX-11.,yes/no,yes,Removes ambiguity about which tree is live.,cents,REL-09,keep both unchanged,n,G3 §12 D-G3-7; packet B-10,B-10,explicit,no,non-action / status quo / conservative removal (see default_if_unanswered),yes,2026-10-01T04:35:53Z
D-G3-8,B,Pre-authorize automatic rollback when post-promotion checks fail.,yes/no,yes,Rollback to a previously promoted release is always safer than a broken live site.,$0,REL-08,yes (rollback is conservative),n,G3 §12 D-G3-8; packet B-9,B-9,explicit,no,non-action / status quo / conservative removal (see default_if_unanswered),yes,2026-10-01T04:35:53Z
D-G3-9,B,A 15-minute technical SLA for a withdrawal to reach every alias.,yes/no,yes,The live nginx cannot honour withdrawals today (G2 NEW-2).,$0,REL withdraw; OD-08,yes,n,G3 §12 D-G3-9; packet B-9,B-9,explicit,no,non-action / status quo / conservative removal (see default_if_unanswered),yes,2026-10-01T04:35:53Z
D-G3-10,B,Private sig-web-staging and sig-api-staging services (≈$0/mo at min 0) and release-bucket growth (≈3 GB/month) inside the ceiling.,yes/no,yes,Staging before promotion is the verification step.,≈$0 + ≈$0.06/month per month (inference),REL-03/04,yes,n,G3 §12 D-G3-10; packet B-9,B-9,explicit,no,non-action / status quo / conservative removal (see default_if_unanswered),yes,2026-10-01T04:35:53Z
Q-23,B,"Cloud SQL capacity: set an autoresize cap of 40 GB (today unlimited), pre-grow to 25 GB before Wave C, temporary 2-vCPU tier bump for the OSM national run, permanent scale-up (≈+$49/mo) only on named triggers.",a) as I8 §7.4 · b) other cap,"a (the $300 ceiling itself is answered, §7.1)",Round-11 ingestion projects 11–17 GB by year-end against a 15 GB disk with no binding cap (G2 NEW-9).,≈+$1.70/mo disk; ≈$3 one-off tier bump; +$4–6/mo acquisition steady state.,I8 ACQ-18 (Wave C); G1 QA-3 disk alerts,cap at 25 GB (no pre-grow beyond it) and Wave C waits,n,"I8 §7.4, §11 Q1; G2 NEW-9; §7.1 Q-10/Q-23; packet B-11",B-11,explicit,no,non-action / status quo / conservative removal (see default_if_unanswered),"a — autoresize cap 40 GB, pre-grow to 25 GB before Wave C, temporary tier bump for the OSM run",2026-10-01T04:35:53Z
I8-Q2,B,"OSM national ALPR cadence: monthly national + OKC, or keep weekly?",a) monthly · b) weekly,a,Weekly adds ~4× Overpass load for +0 spine change.,$0 either way,ACQ-17/18,a,n,I8 §11 Q2; packet B-11,B-11,explicit,no,non-action / status quo / conservative removal (see default_if_unanswered),a — OSM monthly,2026-10-01T04:35:53Z
I8-Q3,B,"Production-ingestion go: one verbatim ING-GO per acquisition wave (A–D), or per family day, or a standing go?","a) one go per wave (4 lines) · b) per family day · c) standing go for HG-03-approved sources with pre-state backup, within the ceiling, with an email notice",a,"Four lines total; hosted writes collide with batch windows and the 10-10 replay, so a human go per wave is cheap insurance.",$0; operator ~1 min per wave.,"ACQ-07, 16, 18, 27",a,n,"I8 §8, §11 Q3; G2 AR-1; packet B-11",B-11,explicit,no,non-action / status quo / conservative removal (see default_if_unanswered),a — one ING-GO per acquisition wave (4 lines),2026-10-01T04:35:53Z
I8-Q4,B,"Targets under existing flipped sources (Chicago ATE, DC ASC, Denver HALO, openstates bills) are configuration (X3-like), not new rights lines.",yes/no,yes,They run under recorded approvals.,$0,ACQ-10/15,no — each new target under an already-flipped source waits for an explicit line (widening lands disabled) [S4c],n,I8 §11 Q4; packet B-11,B-11,explicit,no,non-action / status quo / conservative removal (see default_if_unanswered),yes — targets under flipped sources are configuration,2026-10-01T04:35:53Z
I8-Q5,B,"Round-11 acquisition scope: core ACQ-01…18 + 28 only, or also the conditional Tier-2 Wave D (ACQ-19…27)?",a) core + Wave D for the lines answered 'a' in Part B (Wave D is droppable whole) · b) core only,a,Wave D is sized to drop whole if time or rights answers do not support it.,+$0–2/mo (inference),ACQ-19…27,b,n,I8 §11 Q5; packet B-11,B-11,explicit,no,non-action / status quo / conservative removal (see default_if_unanswered),a — core + Wave D (Wave D in scope),2026-10-01T04:35:53Z
Q-21,B,"Budget for paid data sources or services (e.g., commercial procurement databases).",a) $0 · b) a stated amount,a,GovSpend/Starbridge/CivicIQ are paid; free public channels cover most of the same signal (I6).,$0,I7/I8 exclusions,a,n,META_PLAN §7 Q-21; D3 §4 'Later'; packet B-12,B-12,explicit,no,non-action / status quo / conservative removal (see default_if_unanswered),a — $0 for paid data,2026-10-01T04:39:45Z
G1-TRIM,B,Cost trims from G1 §3.8.,a) consolidate the 79 scheduler triggers into one hourly dispatcher (−$7/mo) only · b) also replace the LB with Cloud Run domain mapping (−$18; loses LB path routing G3 needs and Cloud Armor) · c) also sig-api min-instances 0 (−$7–10; cold-start timeouts return) · d) 1-year Cloud SQL CUD (−$12) after 3 months of measured bills,a (+ d later),The LB is load-bearing for G3's path routing; min-instances 1 fixed real timeouts.,a: −$7/mo; small ticket.,G1-10; F5; G3 §4.3,no trims,n,"G1 §3.8, §7 Q1; packet B-13",B-13,explicit,no,non-action / status quo / conservative removal (see default_if_unanswered),a (+ d later) — consolidate the scheduler triggers into one dispatcher (−$7/mo); keep the LB and min-instances 1; revisit a Cloud SQL CUD after 3 measured bills,2026-10-01T04:39:45Z
G1-RET,B,Evidence retention for captures once they move to a dedicated bucket.,"a) 365 days minimum, unlocked (so Part VIII takedowns remain possible) · b) locked retention · c) none",a,A locked bucket could not honour a takedown.,cents/month,G1 §3.1; QA-6; J3 TX-12,"status quo (QA-6 versioning, 90-day noncurrent)",n,G1 §7 Q4; packet B-14,B-14,explicit,no,non-action / status quo / conservative removal (see default_if_unanswered),"a — 365 days minimum, unlocked",2026-10-01T04:39:45Z
H2-SET,B,"Repository settings (operator actions, each recorded with date -u): S-1 make ruleset 'main' effective (no strict, 0 approvals, required checks python/docs/composed/security/web, no bypass) AFTER the #141–#190 merge sitting; S-2 'stack' ruleset for refs/heads/r11/** (no force-push, no deletion) before the seed push; S-3 merge commits only, no branch deletion on merge, no auto-merge/update-branch; S-4 set repo variable SIG_GCP_PROJECT; S-5 check Billing & plans + add an Actions usage alert before Round 11; S-7 (optional) restrict Actions to GitHub-owned/verified/astral-sh.","a) all, timed as stated · b) except named",a,S-1 was recommended 09-09 and never applied; S-2/S-3 mechanically stop rebases/force-pushes of the stack; an unrecorded billing block stopped 40 CI runs 09-17→22.,$0; ~20 min operator time; protects main and the stack.,T6; H2 §4 CI gate; B4 guards,none applied (agents never change settings),y,"H2 §5, §9 Q-H2-5; B4 Q-B4-3; packet B-15",B-15,batch,"yes-design (no publication, rights, Part VIII, identity, money or production effect; anything public still needs a Class S readout)",as recommended (design/process),"a — S-1…S-5 by the operator, timed as stated",2026-10-01T04:33:54Z
Q-B4-3,B,When to turn on main branch protection.,a) after the merge sitting · b) now with a recorded temporary bypass,a (merged into H2-SET S-1),Required checks would block the recorded-red #141–#154 today.,$0,S-1,a,y,B4 §9 Q-B4-3; H2 Q-H2-5; packet B-15,B-15,batch,"yes-design (no publication, rights, Part VIII, identity, money or production effect; anything public still needs a Class S readout)",as recommended (design/process),a — main protection after the merge sitting,2026-10-01T04:33:54Z
Q-H2-1,B,"Pre-#190 PR reds (#141–#154 composed/web; #165/#179/#185 python) are merge-readiness items for the operator's integration and do not block Round-11 boundaries (OM-05 'inherited' applies from #190 @ b051732c, 5/5 green).",confirm/other,confirm,Round 11 stacks on #190.,$0,H2 §4; T5,confirm,y,H2 §9 Q-H2-1; packet B-15,B-15,batch,"yes-design (no publication, rights, Part VIII, identity, money or production effect; anything public still needs a Class S readout)",as recommended (design/process),confirm — pre-#190 reds do not block Round 11,2026-10-01T04:33:54Z
Q-H2-3,B,Branch prefix for Round 11: harness-neutral `r11/<id>-<slug>`.,yes / other prefix,yes,Unique and stable regardless of harness.,$0,T5; S-2 ruleset,yes,y,H2 §9 Q-H2-3; packet B-15,B-15,batch,"yes-design (no publication, rights, Part VIII, identity, money or production effect; anything public still needs a Class S readout)",as recommended (design/process),yes — r11/ prefix,2026-10-01T04:33:54Z
Q-H2-4,B,May the orchestrator do ONE `gh run rerun --failed` per head for an allow-listed flake (a GitHub write)?,yes/no,yes,Otherwise every flake becomes blockedOn for the operator.,$0,H2 §4.4,no (flakes → blockedOn),y,H2 §9 Q-H2-4; packet B-15,B-15,batch,"yes-design (no publication, rights, Part VIII, identity, money or production effect; anything public still needs a Class S readout)",as recommended (design/process),yes — one allow-listed flake re-run per head,2026-10-01T04:33:54Z
Q-H2-6,B,"Push `claude/next-phase-planning` before T6 as an off-disk backup? The repo is PUBLIC, so this publishes the planning notes (incl. the operator's address in OPERATOR_FEEDBACK and redacted Part VIII findings).","a) keep local until T6; before the first push, run the secret scan plus a personal-identifier and Part VIII scan · b) push now · c) back up off-disk privately (operator's own backup)",a (+ c if the operator wants a backup now),First publication of ~200 planning files into a public repo should pass the same scans as the seed.,$0; risk of loss until T6 if the machine fails (c mitigates).,T6,a — stays local; the T6 push itself waits for OD-27 [S4c],n,H2 §9 Q-H2-6; live read gh repo view → PUBLIC; packet B-16,B-16,explicit,no,non-action / status quo / conservative removal (see default_if_unanswered),"a + c — keep the planning branch local until T6 (secret, personal-identifier and Part VIII scans before the push); the agent makes a git bundle the operator stores privately",2026-10-01T04:39:45Z
B3-NEXT,B,nextTicket option at the seed: N1 (first Round-11 row; 184–187 marked superseded) vs N3 (a kickoff marker inside the loop).,a) N1 · b) N3,a,Simplest resolvable resume point; matches Q-L3-2.,$0,T5; T6 orient dry-run,a,y,B3 §8 item 2; packet B-17,B-17,batch,"yes-design (no publication, rights, Part VIII, identity, money or production effect; anything public still needs a Class S readout)",as recommended (design/process),a — nextTicket = N1,2026-10-01T04:33:54Z
B3-HG05,B,"HG-05 / P23.1 (integration) has no deferral row: disposition as operator-owned integration (the operator merges later, §7.1) rather than a new D-row?",a) operator-action(integration) disposition · b) new D-row,a,Integration is the operator's recorded choice (Q-11).,$0,S1b/T4,a,y,B3 §8 item 5; A3 NEW-3; packet B-17,B-17,batch,"yes-design (no publication, rights, Part VIII, identity, money or production effect; anything public still needs a Class S readout)",as recommended (design/process),a — operator-owned integration disposition,2026-10-01T04:33:54Z
D-SOURCES.7-2,B,"Register the free per-platform US 511 API keys (operator sign-ups, stored in Secret Manager; HG-09) so the gated 511 camera sources can run?",a) yes (US; ~30 min; uses the approved contact string) · b) no,a,US state DOT cameras are Stream-I priority (U-007).,$0; operator sign-ups use the contact string (OD-04).,R11 wiring ticket; I8,b (sources stay gated),n,F1 D-SOURCES.7-2; packet B-18,B-18,explicit,no,non-action / status quo / conservative removal (see default_if_unanswered),"a — the operator registers the US 511 keys (Secret Manager, HG-09) after the contact@ alias (C-8)",2026-10-01T04:39:45Z
D-SOURCES.8-2,B,Register QLDTraffic + NSW Live Traffic API keys (non-US)?,"a) yes · b) no (non-US not expanded, D3)",b,D3 corrects but does not expand non-US coverage.,$0,—,b,n,F1 D-SOURCES.8-2; D3 §4; packet B-18,B-18,explicit,no,non-action / status quo / conservative removal (see default_if_unanswered),a (recommendation updated from b after S5-4) — the operator registers QLDTraffic + NSW keys (HG-09) after the alias,2026-10-01T04:39:45Z
D-P30.2b-1,B,"Operator curation of 50–100 camsite seed items in the loopback app (2–8 h): do it, or supersede by L3's per-release maintainer check?",a) supersede (merged into CONF-11 OPCHECK) · b) do it,a,L3 puts all operator evaluation time into one disclosed protocol.,$0; saves 2–8 h,CONF-11,"stays OPEN, non-blocking",n,F1 D-P30.2b-1; L3 §4.4; packet B-18,B-18,explicit,no,non-action / status quo / conservative removal (see default_if_unanswered),"a (fold into the maintainer check) — but B-31 removed the maintainer check, so it has no fold target: stays OPEN, non-blocking, trigger T-EVAL-IND",2026-10-01T04:39:45Z
D-P32.3-1,B,Legacy sig.org.name keys (keep/split/same_as per key; 1.7–42 h): fold into the D-K2-1 degree-ordered review and CONF-13 registry matching?,a) fold · b) separate full review,a,"Same organisations, same review; registry matching handles the tail.",saves up to ~40 h,CONF-13; GX-05a,stays OPEN,n,F1 D-P32.3-1; K2; L3 CONF-13; packet B-18,B-18,explicit,no,non-action / status quo / conservative removal (see default_if_unanswered),a — fold into A-10's registry auto-allow ADR + CONF-13 (P37.46); no operator per-key review,2026-10-01T04:39:45Z
D-J3-1,B,"Q-22a: publish raw captured bytes where the licence permits — raw-ok sources only, after the Part VIII byte screen; redacted re-serialisations for P8-5/6/8; start with the ~35 raw-ok sources that have stored bytes (≈35 MB); accept J4's lane table as the registry `[redistribution]` default.",yes/no,yes,U-003.9/.10 ask for downloads of ingested data; lanes keep derived-only and restricted sources out.,≈$0 on R2; exposure limited to raw-ok sources.,"J3 TX-02, TX-12",no raw bytes published,n,J3 D-J3-1; J4 Q-J4-1 (Q-22a); packet B-19,B-19,explicit,no,non-action / status quo / conservative removal (see default_if_unanswered),yes,2026-10-01T04:39:45Z
Q-J4-7,B,Accept J4's derived-only default for the 13 SIG-labelled CC0 rows and 147 factual-compilation/DB-right rows; review to lift a source only on request.,yes/no,yes,Rights to facts are not rights to bytes.,$0,TX-02,yes (derived-only is the conservative lane),n,J4 §10 Q-J4-7; packet B-19,B-19,explicit,no,non-action / status quo / conservative removal (see default_if_unanswered),yes,2026-10-01T04:39:45Z
D-J3-2,B,"Q-22b: publish scrubbed run logs (S-1…S-14 scrub), disclosing robots disregard as host + count + GL-GATE-08 reference (per A-5's outcome).",yes/no,yes,Hiding the disregard would misstate conduct; the risk is vendor blocking.,$0,"TX-03, TX-05, TX-07",no run logs published,n,J3 D-J3-2; J4 Q-J4-4; packet B-19,B-19,explicit,no,non-action / status quo / conservative removal (see default_if_unanswered),yes — robots disclosed as host + count,2026-10-01T04:39:45Z
D-J3-3,B,"Show connector version + commit hash in public logs (the repo is PUBLIC, so this discloses nothing new).",yes/no,yes,J3/J4 assumed a private repo; live read says public.,$0,TX-03,yes,n,J3 D-J3-3; J4 Q-J4-5; gh repo view; packet B-19,B-19,explicit,no,non-action / status quo / conservative removal (see default_if_unanswered),yes,2026-10-01T04:39:45Z
D-J3-6,B,Per-release site snapshots `/s/<pub>/` (new ADR extending ADR-132).,yes/no,yes,The only way every page becomes citable.,cheap (R2),TX-13b; G3,no,n,J3 D-J3-6; packet B-19,B-19,explicit,no,non-action / status quo / conservative removal (see default_if_unanswered),yes,2026-10-01T04:39:45Z
D-J3-7,B,JSON-LD: linked files only in Round 11 (no script element).,yes/no,yes,Consistent with the page-type CSP; revisit if Dataset Search indexing matters.,$0,TX-10a,yes,n,J3 D-J3-7; K13 C-21; packet B-19,B-19,explicit,no,non-action / status quo / conservative removal (see default_if_unanswered),yes,2026-10-01T04:39:45Z
D-J3-8,B,Release-manifest signing key custody.,"a) an infrastructure minisign key in Secret Manager signs every release manifest, disclosed as 'signed by SIG's release pipeline'; the operator's own key (Q-B4-2) signs gate records · b) operator-held minisign key signs every manifest (J3) · c) Sigstore keyless",a,"An operator-held key on every manifest would put the operator in the loop for Class R releases, defeating the standing go; the pipeline key proves integrity, the operator key proves approval.",$0; honest description of what each signature proves.,TX-10b; G3,no signatures (sha256 only),n,J3 D-J3-8; packet B-20,B-20,explicit,no,non-action / status quo / conservative removal (see default_if_unanswered),a — a pipeline minisign key signs release manifests; the operator's key (A-16) signs gate records,2026-10-01T04:41:11Z
D-J3-9,B,"Zenodo deposits/torrents of release bundles (irreversible DOIs): openly licensed compartments only (CC-BY/-SA, ODbL, OGL, ODL), after the attribution fix; manual, operator-run; never operator_accepted/public_record.",yes/no,yes,Permanent deposits must not carry misattributed or DB-right rows.,$0; irreversible,TX-11 follow-on; BL-029,no deposits,n,J3 D-J3-9; J4 Q-J4-6; packet B-21,B-21,explicit,no,non-action / status quo / conservative removal (see default_if_unanswered),"yes — operator-run Zenodo DOIs, openly licensed compartments only, after the attribution fix",2026-10-01T04:41:11Z
D-J3-10,B,"Prior releases (restricted 09-24 snapshots) as public history: publish manifests + a disclosure, not their bytes (they carry the NEW-1 rows and wrong attribution).",yes/no,yes,Transparency without republishing defects.,$0,TX-14,nothing published,n,J3 D-J3-10; J4 Q-J4-8; K9 D-K9-2; packet B-19,B-19,explicit,no,non-action / status quo / conservative removal (see default_if_unanswered),yes,2026-10-01T04:39:45Z
D-J3-11,B,Status lane every 6 h; gated/refused sources shown as counts only.,yes/no,yes,Freshness without per-source exposure of refused hosts.,cents,TX-07,no status lane,n,J3 D-J3-11; packet B-19,B-19,explicit,no,non-action / status quo / conservative removal (see default_if_unanswered),yes,2026-10-01T04:39:45Z
D-J3-13,B,"Rights review packets: show basis, gate reference, reviewer role and date now, and link the packet (already public because the repo is public) after a per-packet Part VIII/personal-identifier check.",yes/no,yes,J3 assumed packets were private; they are in a public repo.,$0,TX-05; D-K10-3,basis/role/date only,n,J3 D-J3-13; K10 D-K10-3; packet B-19,B-19,explicit,no,non-action / status quo / conservative removal (see default_if_unanswered),yes,2026-10-01T04:39:45Z
OD-09,B,"Place-name gazetteer for non-US places (K1 recommends GeoNames cities15000, CC BY; K3 recommends Natural Earth populated places, public domain, now).",a) Natural Earth now for both map and search; GeoNames only if NE proves too thin (with an HG-03 line) · b) GeoNames for both,a,"US names come from the Census Gazetteer (K4); non-US is corrected, not expanded (D3), so NE's lower recall matters little and needs no attribution.",$0,K1 MAP place search; K3 SRCH catalog,a,y,K1 D-K1-5 vs K3 D-K3-3 (unreconciled in K13); packet B-23,B-23,batch,"yes-design (no publication, rights, Part VIII, identity, money or production effect; anything public still needs a Class S readout)",as recommended (design/process),a — Natural Earth now for map and search; GeoNames only if NE proves too thin (with an HG-03 line),2026-10-01T04:33:54Z
D-K4-1,B,"HG-03: flip `census_gazetteer_tiger` (public domain, 17 U.S.C. §105) and add `natural_earth_10m` (public domain) to ingestion_permitted=true after the terms text is captured.",yes/no,yes,Boundaries are the foundation of placement (91.5 % of 'unresolved' is in the US).,$0,K4 JUR-01 and everything placed; I8,no (JUR-01 blocked),n,K4 D-K4-1; K13 §10.2; packet B-24,A-18,explicit,no,non-action / status quo / conservative removal (see default_if_unanswered),yes — the operator flips census_gazetteer_tiger and natural_earth_10m (HG-03) once the terms text is captured (P35.17),2026-10-01T04:21:56Z
D-K2-4,B,"Flock portal shared-with lists (474,184 edges, already ingested via the Eyes on Flock mirror) as organisation-level `configured_access` claims, after a §43.2a/Part VIII screen (no operator ids, search reasons or audit rows).",yes/no,yes,It turns the access graph from one 2020 EFF star into a state×state matrix — the question journalists ask ('who can search whose data').,$0; data already held; organisation level only.,K2 GX-08b (O2 access); I8,"no — the 474,184 share-list edges stay unused (decided with A-22's mirror line) [S4c]",n,K2 D-K2-4; K13 §10.2; I3 §1; packet B-25,A-22,explicit,no,non-action / status quo / conservative removal (see default_if_unanswered),yes — Flock share lists become organisation-level configured_access claims after a §43.2a/Part VIII screen,2026-10-01T04:25:48Z
D-K13-4,B,"Is publishing the de-duplication (record counts with a 'listed cameras' interval; L3 CONF-07b) an announce-readiness criterion? Until then the site says 'records', discloses republications and shows single-source shares.",yes/no,yes,"Dossier counts are row counts, up to 2.25× inflated (L2).",$0,CONF-07b; D3 §5,yes,y,K13 §10.1 D-K13-4; L2; packet B-26,B-26,batch,"yes-design (no publication, rights, Part VIII, identity, money or production effect; anything public still needs a Class S readout)",as recommended (design/process),yes — publishing the dedup is an announce criterion; 'records' until then,2026-10-01T04:33:54Z
D3-Q4,B,"Dossiers carry a neutral 'Other public resources' block (Atlas, Eyes on Flock, DeFlock, ACLU toolkit, alpr.watch), excluding avoidance routing and plate lookups; place pages may link official agenda portals and peer alert services.",yes/no,yes,Linking is not contact (U-011); SIG's stance is to link peers rather than rebuild them.,$0,K7 D-K7-3; C5 Q-C5-1; K13,no peer links,n,D3 §7 Q4; K7 D-K7-3; C5; packet B-27,B-27,explicit,no,non-action / status quo / conservative removal (see default_if_unanswered),yes — neutral 'Other public resources' block on dossiers,2026-10-01T04:41:11Z
D-K3-7,B,Who writes the ≥40-query held-out search relevance set?,"a) the operator (~30 min) · b) a separate agent context, labelled agent-written",a,The dev set was tuned on; an independent set is only independent if someone else writes it.,~30 min operator time.,K3 SRCH-02/07,"b — a separate agent context writes it, labelled 'agent-authored held-out set; not independent' (descoping: U-003.3's acceptance is then measured on an agent-written set) [S4c]",n,K3 D-K3-7; packet B-28,B-28,explicit,no,non-action / status quo / conservative removal (see default_if_unanswered),"b — 'Separate agent, labelled' (operator chose it over a): a separate agent context writes the ≥ 40-query set, labelled 'agent-authored held-out set; not independent', before and never visible to the contexts that tune search",2026-10-01T04:41:11Z
D-K14-9,B,"The 'beautiful' sign-off: the operator reviews a gallery of every template × {light, dark} × {390, 1440} before the announcement.",yes/no,yes,U-007 asks for a beautiful site; only the operator can judge it.,~30–60 min before announce,UXK14; CAP-02,yes,n,K14 D-K14-9; packet B-29,B-29,explicit,no,non-action / status quo / conservative removal (see default_if_unanswered),yes — operator 'beautiful' gallery sign-off before announcing,2026-10-01T04:43:37Z
D-K14-8,B,"Publish the spec (at least Parts I–V, VIII, Appendix E) as a page per release so 'Spec references' resolve publicly.",yes/no,yes,"U-004 'open source scrutiny'; the repo is public anyway, so this is presentation, not disclosure.",$0,UXK14,no,n,K14 D-K14-8; packet B-29,B-29,explicit,no,non-action / status quo / conservative removal (see default_if_unanswered),yes — the spec published as a page per release,2026-10-01T04:43:37Z
D-K3-5,B,Raise sig-api memory 512 MiB → 1 GiB to hold the release-pinned search index.,yes/no,yes,A 488.6 MB index on a 512 MiB service is not viable.,≈+$3/mo,K3 SRCH-01,no (search stays the landed P32.14 version),n,K3 D-K3-5; packet B-30,B-30,explicit,no,non-action / status quo / conservative removal (see default_if_unanswered),yes — sig-api 512 MiB → 1 GiB (+$3/mo),2026-10-01T04:43:37Z
D-K3-6,B,"Search rate limit (e.g., 30/min, burst 10 per client); no Cloud Armor now.",yes/no,yes,Caps abuse worst case (≈$140/mo) without +$5/policy.,$0,SRCH,yes,n,K3 D-K3-6; packet B-30,B-30,explicit,no,non-action / status quo / conservative removal (see default_if_unanswered),yes — search rate limit 30/min,2026-10-01T04:43:37Z
K-BATCH,B,"Accept every remaining K-row design recommendation as written (members listed in the appendix: D-K0-2…5, D-K1-3/4/6/7/8, D-K2-3/5/6/7, D-K3-1/2/4, D-K4-2…7, D-K5-1/3/4, D-K6-1…7, D-K7-1/2/4/5/6, D-K8-1…4, D-K9-1/2/3, D-K10-2/3, D-K11-1/2/3/5/6, D-K13-2/3/5, D-K14-2…6).",a) all as recommended · b) except named,a,"Each is a design choice inside decisions already taken (U-003, K0, K13 reconciliation).",within the K0/K1/K3 cost envelopes,K13 118 tickets,a (as recommended),y,K13 §10; K0…K14 decision tables; packet B-22,B-22,batch,"yes-design (no publication, rights, Part VIII, identity, money or production effect; anything public still needs a Class S readout)",as recommended (design/process),a — accept the 52 K-row design recommendations as written,2026-10-01T04:33:54Z
Q-L3-3,B,"Operator time for maintainer checks: OPCHECK per Class-S release (~20–40 min, blind-first 20 items, disclosed non-independent); weekly and ≤25 operational decisions/week optional.",a) per Class-S release only · b) also weekly · c) none,a,The only human check available; disclosed as non-independent.,~2–4 h per round,CONF-11,c,n,L3 §10 Q-L3-3; packet B-31,B-31,explicit,no,non-action / status quo / conservative removal (see default_if_unanswered),c — 'No maintainer check' (operator chose it over a): no operator maintainer check; every Class-S readout and /quality/ say 'no human check performed',2026-10-01T04:43:37Z
Q-L3-4,B,A second model family for agent review (metered spend; sends public data to another provider)?,yes/no,no,Same-family blind contexts are disclosed as correlated; avoids new spend and a new provider.,$0 (yes = metered spend),CONF-10,no,n,L3 §10 Q-L3-4; packet B-31,B-31,explicit,no,non-action / status quo / conservative removal (see default_if_unanswered),no — no in-round second model family (the post-round Claude Code review per A-15 is outside the round),2026-10-01T04:43:37Z
Q-L3-5,B,Show failing and ratchet quality checks publicly on /quality/.,yes/no,yes,Radical transparency (T9); 29/45 L2 metrics fail today and the page says so.,$0,CONF-12,/quality/ is built but NOT published until answered; never a passing-checks-only page (it would mislead) [S4c],n,L3 §10 Q-L3-5; packet B-31,B-31,explicit,no,non-action / status quo / conservative removal (see default_if_unanswered),"yes — /quality/ public, including failing and ratchet checks",2026-10-01T04:43:37Z
Q-L3-6,B,"Enable derivation tier C2 (position-matched copies inside documented mirror lineages, ≥0.9 overlap) or only C0/C1?",a) enable C2 · b) C0/C1 only,a,Most duplicate rows are documented mirror copies (two overlapping DeFlock/OSM copies).,$0; larger dedup gain.,CONF-07a,b,n,L3 §10 Q-L3-6; packet B-31,B-31,explicit,no,non-action / status quo / conservative removal (see default_if_unanswered),a — C2 enabled,2026-10-01T04:43:37Z
E4-R1,B,HG-03 D-JURIS.2-1 — declarationcamera_be (Belgian-eID leg only): which option? (GL-GATE-07: n/a (rights already decided 2026-09-15)),"a close: rights scope DONE + eID leg WONTFIX, skipped by operator · b keep as an HG-04 operator-credential row (not a rights row) · c pursue eID/outreach",a,Close: rights DONE; the Belgian-eID leg is WONTFIX (no eID holder; outreach class skipped before). Option c needs outside contact (U-011).,rights/terms exposure per option as in the E4 packet; not legal advice (P4); flips change only ingestion_permitted + recorded basis (append-only),D-row D-JURIS.2-1; I8/G2 step 5 where applicable,not flipped / status unchanged (no line → no flip),n,"E4 §1 R1; precedent-consistent: a (the operator skipped the same HG-04 outreach class in D-JURIS.2-2, WONTFIX 2026-09-16); new facts first: no; packet B-41…43",B-41,explicit,no,non-action / status quo / conservative removal (see default_if_unanswered),a — close: rights DONE; eID leg WONTFIX,2026-10-01T04:49:27Z
E4-R2a,B,"HG-03 D-SOURCES.2-2 — documentcloud: which option? (GL-GATE-07: NOT COVERED (P26.16: ""GL-GATE-07's camera-registry basis does not reach it""))",a decline → WONTFIX · b flip despite the ToS anti-extraction clause · c seek an affirmative DocumentCloud API grant or review named documents one by one,a,ToS forbids extraction; decline recorded 2026-09-17; option c's named-document review stays possible later.,rights/terms exposure per option as in the E4 packet; not legal advice (P4); flips change only ingestion_permitted + recorded basis (append-only),D-row D-SOURCES.2-2; I8/G2 step 5 where applicable,not flipped / status unchanged (no line → no flip),n,"E4 §1 R2a; precedent-consistent: a (packet already records ""declined"", 2026-09-17); new facts first: no; packet B-41…43",B-41,explicit,no,non-action / status quo / conservative removal (see default_if_unanswered),"b — flip documentcloud (conflict with B-41 'as listed' re-asked; operator answered 'Fetch, screened'): public documents only, Part VIII screen on every byte, link to the uploader's page",2026-10-01T04:51:39Z
E4-R2b,B,HG-03 D-SOURCES.2-2 — courtlistener_recap: which option? (GL-GATE-07: NOT COVERED (deferred by name in GL-GATE-07)),"a decline → WONTFIX · b approach FLP's partnership/commercial tier (agreement + token, HG-09) · c accept the membership terms and hold a token (packet: SIG looks ineligible as written)",a,Options b/c need an FLP agreement or membership SIG looks ineligible for; b is outside contact (U-011).,rights/terms exposure per option as in the E4 packet; not legal advice (P4); flips change only ingestion_permitted + recorded basis (append-only),D-row D-SOURCES.2-2; I8/G2 step 5 where applicable,not flipped / status unchanged (no line → no flip),n,E4 §1 R2b; precedent-consistent: none recorded; new facts first: no; packet B-41…43,B-41,explicit,no,non-action / status quo / conservative removal (see default_if_unanswered),a — decline courtlistener_recap,2026-10-01T04:49:27Z
E4-R3,B,"HG-03 D-SOURCES.7-1 — dot_511_tx (the sole remainder, see S4): which option? (GL-GATE-07: PRECEDENT (camreg_txdot_rep_tx: a personal-account ArcGIS item with licence ""none"", flipped and live))",a flip under GL-GATE-07 (US) · b decline as redundant with camreg_txdot_rep_tx · c find a TxDOT-owned layer first,b,"A second personal-account republish of TxDOT data; with I7-C1 restricting the first, flipping this one would repeat the express-terms conflict.",rights/terms exposure per option as in the E4 packet; not legal advice (P4); flips change only ingestion_permitted + recorded basis (append-only),D-row D-SOURCES.7-1; I8/G2 step 5 where applicable,not flipped / status unchanged (no line → no flip),n,"E4 §1 R3; precedent-consistent: a (or b, if the operator treats it as a duplicate); new facts first: no; packet B-41…43",B-41,explicit,no,non-action / status quo / conservative removal (see default_if_unanswered),"a — 'As listed, R3 flip': flip dot_511_tx under GL-GATE-07 (US)",2026-10-01T04:49:27Z
E4-R4a,B,"HG-03 D-SOURCES.8-1 — camreg_edmonton_ab (CA): which option? (GL-GATE-07: PRECEDENT (Calgary/York: Canadian, no grant → DBRight))","a flip, non-US basis · b capture the City of Edmonton ToU first · c decline","b — capture the terms; NOT flipped this round (consistent with B-34 and US-first: D3 does not expand non-US coverage and no counsel reviews the database right, U-013); a flip would be a signed exception to B-34 [S4c]",Closes an existing owed row (D-SOURCES.8-1); decide on the OGL-Edmonton basis once the terms body is captured (I7-C11).,rights/terms exposure per option as in the E4 packet; not legal advice (P4); flips change only ingestion_permitted + recorded basis (append-only),D-row D-SOURCES.8-1; I8/G2 step 5 where applicable,not flipped / status unchanged (no line → no flip),n,E4 §1 R4a; precedent-consistent: a; new facts first: no; packet B-41…43,B-41,explicit,no,non-action / status quo / conservative removal (see default_if_unanswered),"b, then decide on the OGL-Edmonton basis (I7-C11 a): capture the City of Edmonton terms and flip if they permit (non-US kept by S5-4)",2026-10-01T04:49:27Z
E4-R4b,B,"HG-03 D-SOURCES.8-1 — camreg_hk_hk (HK): which option? (GL-GATE-07: PRECEDENT (camreg_polyu_hk: HK, licence ""none"" → DBRight, live))","a flip, non-US basis · b capture the data.gov.hk T&C first · c decline","b — capture the terms; NOT flipped this round (consistent with B-34 and US-first: D3 does not expand non-US coverage and no counsel reviews the database right, U-013); a flip would be a signed exception to B-34 [S4c]",Precedent (camreg_polyu_hk); closes the owed row.,rights/terms exposure per option as in the E4 packet; not legal advice (P4); flips change only ingestion_permitted + recorded basis (append-only),D-row D-SOURCES.8-1; I8/G2 step 5 where applicable,not flipped / status unchanged (no line → no flip),n,E4 §1 R4b; precedent-consistent: a; new facts first: no; packet B-41…43,B-41,explicit,no,non-action / status quo / conservative removal (see default_if_unanswered),"a — flip camreg_hk_hk on the non-US basis (non-US kept by S5-4, B-34)",2026-10-01T04:49:27Z
E4-R4c,B,HG-03 D-SOURCES.8-1 — camreg_qldc_au (AU): which option? (GL-GATE-07: PRECEDENT (Donegal/NZTA: non-grant wording → DBRight)),"a flip, non-US basis · b use the QLDTraffic API (CC-BY per CKAN; key = HG-09) instead · c decline","b — capture the terms; NOT flipped this round (consistent with B-34 and US-first: D3 does not expand non-US coverage and no counsel reviews the database right, U-013); a flip would be a signed exception to B-34 [S4c]",Precedent (Donegal/NZTA); closes the owed row.,rights/terms exposure per option as in the E4 packet; not legal advice (P4); flips change only ingestion_permitted + recorded basis (append-only),D-row D-SOURCES.8-1; I8/G2 step 5 where applicable,not flipped / status unchanged (no line → no flip),n,E4 §1 R4c; precedent-consistent: a; new facts first: no; packet B-41…43,B-41,explicit,no,non-action / status quo / conservative removal (see default_if_unanswered),"b — use the QLDTraffic API instead (key registered by the operator, B-18)",2026-10-01T04:49:27Z
E4-R4d,B,HG-03 D-SOURCES.8-1 — camreg_bellevue_wa (US): which option? (GL-GATE-07: ARGUABLE (express non-commercial clause; closest precedent: Lexington's indemnify-and-defend clause was flipped)),a flip under GL-GATE-07 (US) · b ask the City of Bellevue for written authorization · c decline,c,"Follows A-9 (I7-C6): if SIG's use may be commercial, the express NC clause means decline/facts-only; option b needs outside contact.",rights/terms exposure per option as in the E4 packet; not legal advice (P4); flips change only ingestion_permitted + recorded basis (append-only),D-row D-SOURCES.8-1; I8/G2 step 5 where applicable,not flipped / status unchanged (no line → no flip),n,"E4 §1 R4d; precedent-consistent: none for an NC clause; new facts first: yes: operator statement on whether SIG's use or exports are ""commercial""; packet B-41…43",B-41,explicit,no,non-action / status quo / conservative removal (see default_if_unanswered),c — decline camreg_bellevue_wa (A-9),2026-10-01T04:49:27Z
E4-R5,B,"HG-03 D-SOURCES.9-1 — procportal_chicago_il: which option? (GL-GATE-07: PRECEDENT (camreg_chicago_il: same data.cityofchicago.org portal, terms uncaptured, flipped))",a flip under GL-GATE-07 (US) · b capture the Chicago ToU first · c decline,a,Same portal as the flipped camreg_chicago_il.,rights/terms exposure per option as in the E4 packet; not legal advice (P4); flips change only ingestion_permitted + recorded basis (append-only),D-row D-SOURCES.9-1; I8/G2 step 5 where applicable,not flipped / status unchanged (no line → no flip),n,E4 §1 R5; precedent-consistent: a; new facts first: no; packet B-41…43,B-41,explicit,no,non-action / status quo / conservative removal (see default_if_unanswered),a — flip procportal_chicago_il under GL-GATE-07,2026-10-01T04:49:27Z
E4-R6a,B,HG-03 D-SOURCES.9-4 — bidnet_direct: which option? (GL-GATE-07: ARGUABLE (no vendor-platform procurement portal has ever been flipped)),"a capture bidnetdirect.com terms, then decide · b flip under GL-GATE-07 now · c decline",a,"Capture bidnetdirect.com terms in Round 11, then decide (never flipped a vendor platform blind).",rights/terms exposure per option as in the E4 packet; not legal advice (P4); flips change only ingestion_permitted + recorded basis (append-only),D-row D-SOURCES.9-4; I8/G2 step 5 where applicable,not flipped / status unchanged (no line → no flip),n,E4 §1 R6a; precedent-consistent: none (it would be the first vendor platform); new facts first: yes: vendor ToS never captured; packet B-41…43,B-41,explicit,no,non-action / status quo / conservative removal (see default_if_unanswered),"a — capture bidnetdirect.com terms, then decide",2026-10-01T04:49:27Z
E4-R6b,B,HG-03 D-SOURCES.9-4 — periscope_s2g: which option? (GL-GATE-07: ARGUABLE),a close as superseded by bidnet_direct (WONTFIX) · b review with R6a,a,The row itself calls it superseded.,rights/terms exposure per option as in the E4 packet; not legal advice (P4); flips change only ingestion_permitted + recorded basis (append-only),D-row D-SOURCES.9-4; I8/G2 step 5 where applicable,not flipped / status unchanged (no line → no flip),n,E4 §1 R6b; precedent-consistent: a (the row itself calls it superseded); new facts first: no; packet B-41…43,B-41,explicit,no,non-action / status quo / conservative removal (see default_if_unanswered),a — close periscope_s2g as superseded,2026-10-01T04:49:27Z
E4-B1,A,HG-03 D-R10-SOURCES-1 — rights basis for the 23 new targets in §4 (3 dossier families + 2 pilot families; 3 lanes each): which option? (GL-GATE-07: PRECEDENT (P29.3 applied it to municipal CCOPS reports; Q-19 proposes it as the default)),"a apply GL-GATE-07 (US) to all three lanes, batch-wide · b decide per target after terms are captured · c defer the live stage",b — decide per target after terms are captured (TS-06: no batch-wide GL-GATE-07 application) [S4c],"In A-7: GL-GATE-07 US basis for the 23 dossier/pilot targets, after the URL reconciliation ticket.",rights/terms exposure per option as in the E4 packet; not legal advice (P4); flips change only ingestion_permitted + recorded basis (append-only),D-row D-R10-SOURCES-1; I8/G2 step 5 where applicable,not flipped / status unchanged (no line → no flip),n,"E4 §1 B1; precedent-consistent: a; new facts first: yes: URL reconciliation first (§4.3, NEW-7) so the decision binds the real URLs; packet A-7",A-7,own-words,no,non-action / status quo / conservative removal (see default_if_unanswered),a — GL-GATE-07 (US) applied batch-wide to all three lanes of the 23 new targets,2026-10-01T04:03:25Z
E4-B2,B,"HG-03 D-R10-SOURCES-1 — Part VIII preflight for 5 families (all not_assessed): which option? (GL-GATE-07: NOT COVERED (Part VIII, not rights))",a a Round-11 ticket screens + the operator signs clear in one line per family · b keep not_assessed (the live stage stays blocked),a,A Round-11 ticket screens; the operator signs 'clear' per family (P27.2 precedent).,rights/terms exposure per option as in the E4 packet; not legal advice (P4); flips change only ingestion_permitted + recorded basis (append-only),D-row D-R10-SOURCES-1; I8/G2 step 5 where applicable,not flipped / status unchanged (no line → no flip),n,E4 §1 B2; precedent-consistent: a (P27.2 class-level Part VIII sign-off); new facts first: no; packet B-41…43,B-42,explicit,no,non-action / status quo / conservative removal (see default_if_unanswered),"'Agent clears, disclosed' (operator chose it over a): a Round-11 ticket runs the Part VIII screen per family and the agent clears it — no operator 'clear'; readouts state 'cleared by agent screen, no human review'",2026-10-01T04:51:39Z
E4-B3,B,"HG-03 D-P32.20-1 — SRC-027 network-audit workbooks: which option? (GL-GATE-07: NOT COVERED (prohibited_until_review: plates, persons, queries))",a keep it metadata-only permanently: record the workbook path rejected · b commission an aggregate-only design · c leave it prohibited_until_review (owed),a,SRC-027 workbooks hold plates/persons/queries; the dossier does not depend on them.,rights/terms exposure per option as in the E4 packet; not legal advice (P4); flips change only ingestion_permitted + recorded basis (append-only),D-row D-P32.20-1; I8/G2 step 5 where applicable,not flipped / status unchanged (no line → no flip),n,"E4 §1 B3; precedent-consistent: a (the dossier ""does not depend on it"", per PART_VIII_PREFLIGHT.json); new facts first: no; packet B-41…43",B-42,explicit,no,non-action / status quo / conservative removal (see default_if_unanswered),a — SRC-027 workbooks metadata-only permanently,2026-10-01T04:51:39Z
E4-B4,B,"HG-03 D-P32.20-1 — SD PAB recommendation (~16 MB) + ALPR Use Policy (recorded 403): which option? (GL-GATE-07: n/a (method, not rights))",a approve a per-target byte-bound exception + one bounded retry; outcomes recorded honestly · b record both as honest refusals; the recommendation stays proposed · c drop both,a,One bounded retry and a byte-bound exception are not circumvention; outcomes recorded honestly.,rights/terms exposure per option as in the E4 packet; not legal advice (P4); flips change only ingestion_permitted + recorded basis (append-only),D-row D-P32.20-1; I8/G2 step 5 where applicable,not flipped / status unchanged (no line → no flip),n,E4 §1 B4; precedent-consistent: none; new facts first: no; packet B-41…43,B-42,explicit,no,non-action / status quo / conservative removal (see default_if_unanswered),a — per-target byte-bound exception + one bounded retry,2026-10-01T04:51:39Z
E4-B5,A,"HG-03 D-R10-SOURCES-1 — 4 targets already on green sources (OSCN §7-606.1 ×2, ops manual §5-118, purchasing index): which option? (GL-GATE-07: EXECUTED (GL-GATE-03, 2026-09-10))",a confirm that no re-approval is needed (the row says so itself) · b re-review anyway,a,Already executed under GL-GATE-03.,rights/terms exposure per option as in the E4 packet; not legal advice (P4); flips change only ingestion_permitted + recorded basis (append-only),D-row D-R10-SOURCES-1; I8/G2 step 5 where applicable,not flipped / status unchanged (no line → no flip),n,E4 §1 B5; precedent-consistent: a; new facts first: no; packet A-7,A-7,own-words,no,non-action / status quo / conservative removal (see default_if_unanswered),a — no re-approval needed (already executed under GL-GATE-03),2026-10-01T04:03:25Z
E4-B6,A,HG-03 D-P32.21-1 — registry rows for SRC-006/007/011 (registered_source: null): which option? (GL-GATE-07: follows B1),"a Round 11 adds 3 rows (OMES, DAC, CA State Auditor) on the B1 basis · b add the rows gated only · c drop the incremental families (dossier families only)",a,In A-7: follows B1.,rights/terms exposure per option as in the E4 packet; not legal advice (P4); flips change only ingestion_permitted + recorded basis (append-only),D-row D-P32.21-1; I8/G2 step 5 where applicable,not flipped / status unchanged (no line → no flip),n,E4 §1 B6; precedent-consistent: none; new facts first: no; packet A-7,A-7,own-words,no,non-action / status quo / conservative removal (see default_if_unanswered),"a — Round 11 adds the 3 registry rows (OMES, DAC, CA State Auditor) on the B1 basis",2026-10-01T04:03:25Z
E4-S1,B,HG-03 D-SOURCES.12-1 — (status): which option? (GL-GATE-07: EXECUTED),"a approve PARTIAL → DONE (2026-09-26, P31.13) · b → WONTFIX for the 68 unrecoverable rows, re-armed on an infrastructure change · c keep PARTIAL",a,Executed 2026-09-26 (P31.13).,rights/terms exposure per option as in the E4 packet; not legal advice (P4); flips change only ingestion_permitted + recorded basis (append-only),D-row D-SOURCES.12-1; I8/G2 step 5 where applicable,status unchanged,n,E4 §1 S1; precedent-consistent: a; new facts first: no; packet B-41…43,B-43,explicit,no,non-action / status quo / conservative removal (see default_if_unanswered),a — D-SOURCES.12-1 PARTIAL → DONE,2026-10-01T04:49:27Z
E4-S2,B,HG-03 D-SOURCES.9-2 — bonfire (status + decision): which option? (GL-GATE-07: ARGUABLE),"a re-scope from robots wall to rights + engineering, capture terms, decide later · b decline → WONTFIX (2 tenants, no parser) · c keep as is",b,"2 tenants, no parser, login-walled (F1: wontfix, re-arm via Stream I).",rights/terms exposure per option as in the E4 packet; not legal advice (P4); flips change only ingestion_permitted + recorded basis (append-only),D-row D-SOURCES.9-2; I8/G2 step 5 where applicable,status unchanged,n,"E4 §1 S2; precedent-consistent: b or a (P26.17 closed the analogous D-SOURCES.2-4 as ""RESOLVED-BY-GL-GATE-08""); new facts first: yes for a (terms uncaptured); packet B-41…43",B-43,explicit,no,non-action / status quo / conservative removal (see default_if_unanswered),b — bonfire WONTFIX,2026-10-01T04:49:27Z
E4-S3,B,HG-03 D-SOURCES.9-3 — opengov_procurement (status): which option? (GL-GATE-07: NOT COVERED (WAF challenge; SIG-INGEST-013 still binds)),"a later-phase(trigger: documented public endpoint + reviewable terms) · b WONTFIX, re-armed on the same trigger · c keep OPEN",a,Later-phase with trigger: documented public endpoint + reviewable terms.,rights/terms exposure per option as in the E4 packet; not legal advice (P4); flips change only ingestion_permitted + recorded basis (append-only),D-row D-SOURCES.9-3; I8/G2 step 5 where applicable,status unchanged,n,E4 §1 S3; precedent-consistent: a; new facts first: no; packet B-41…43,B-43,explicit,no,non-action / status quo / conservative removal (see default_if_unanswered),a — opengov_procurement later-phase,2026-10-01T04:49:27Z
E4-S4,B,HG-03 D-SOURCES.7-1 — (status): which option? (GL-GATE-07: EXECUTED for 4 of 5),a approve OPEN → PARTIAL (4/5 flipped 2026-09-18; remainder dot_511_tx = R3) · b keep OPEN,a,4 of 5 flipped; remainder is R3.,rights/terms exposure per option as in the E4 packet; not legal advice (P4); flips change only ingestion_permitted + recorded basis (append-only),D-row D-SOURCES.7-1; I8/G2 step 5 where applicable,status unchanged,n,E4 §1 S4; precedent-consistent: a; new facts first: no; packet B-41…43,B-43,explicit,no,non-action / status quo / conservative removal (see default_if_unanswered),a — D-SOURCES.7-1 OPEN → PARTIAL (remainder dot_511_tx flips under E4-R3 a),2026-10-01T04:49:27Z
E4-S5,B,HG-03 D-JURIS.2-1 — (register placement): which option? (GL-GATE-07: n/a),"a move it out of the ""Rights/reviewer"" lane into ""Operator credentials/outreach"" (Appendix B, OPERATIONAL_READINESS §(f3)); moot if R1 = a · b leave it",a,Moot once R1 = a.,rights/terms exposure per option as in the E4 packet; not legal advice (P4); flips change only ingestion_permitted + recorded basis (append-only),D-row D-JURIS.2-1; I8/G2 step 5 where applicable,status unchanged,n,E4 §1 S5; precedent-consistent: a; new facts first: no; packet B-41…43,B-43,explicit,no,non-action / status quo / conservative removal (see default_if_unanswered),a — moot (R1 = a),2026-10-01T04:49:27Z
I7-RB-01,A,"HG-03 batch RB-01: US agency GIS/open-data layers (Flock/LPR/CCTV/ATE/PCAM aggregates on ArcGIS, Socrata, CKAN) (n=38 (32/6))",a flip all under GL-GATE-07 US · b per target after an org-level terms capture · c defer,a — but per member: flip only members whose terms are captured verbatim and permit it; 'none captured' members take b (capture first) [S4c],"Precedent-consistent per I7 (PRECEDENT: P26.16 camreg_* flips, incl. items with licence ""none"" (camreg_txdot_rep_tx) and portal terms uncaptured (camreg_chicago_il)); Part-VIII-flagged members still need their S-line.",flip = ingestion permitted on the recorded basis; exposure as GL-GATE-07 under the A-4 guardrails; not legal advice (P4),I8 Tier-1 tickets ACQ-08…15,not flipped (code tickets land rows with ingestion_permitted=false),n,I7 §1.1 RB-01; packet A-7,A-7,own-words,no,non-action / status quo / conservative removal (see default_if_unanswered),"a — flip all under GL-GATE-07 US, batch-wide (GL-GATE-07 re-confirmed); Part-VIII-flagged members still need their S-line",2026-10-01T04:03:25Z
I7-RB-02,A,"HG-03 batch RB-02: US state DOT / state camera layers (DE, VT, WV, MI, NC …) (n=8 (5/3))",a flip under GL-GATE-07 US · b per target · c defer,a — but per member: flip only members whose terms are captured verbatim and permit it; 'none captured' members take b (capture first) [S4c],Precedent-consistent per I7 (PRECEDENT: dot_511_la/ga/al/md flipped 2026-09-18 and live); Part-VIII-flagged members still need their S-line.,flip = ingestion permitted on the recorded basis; exposure as GL-GATE-07 under the A-4 guardrails; not legal advice (P4),I8 Tier-1 tickets ACQ-08…15,not flipped (code tickets land rows with ingestion_permitted=false),n,I7 §1.1 RB-02; packet A-7,A-7,own-words,no,non-action / status quo / conservative removal (see default_if_unanswered),"a — flip under GL-GATE-07 US, batch-wide; Part-VIII-flagged members still need their S-line",2026-10-01T04:03:25Z
I7-RB-03,A,"HG-03 batch RB-03: US statutory, oversight, CCOPS and policy documents (state reports, AG registries, CCOPS reports, police policies) (n=57 (41/16))","a flip, PublicRecord-FactualCompilation · a′ flip, DerivedFacts-Citations where only facts + citations are emitted · b per target · c defer",a (a′ where only facts + citations are emitted) — but per member: flip only members whose terms are captured verbatim and permit it; 'none captured' members take b (capture first) [S4c],"Precedent-consistent per I7 (PRECEDENT: P29.3 CCOPS flips (ccops_oakland, _cambridge, _somerville → PublicRecord), okcpd_policy, ADR-085 derived-facts basis (ccops_seattle)); Part-VIII-flagged members still need their S-line.",flip = ingestion permitted on the recorded basis; exposure as GL-GATE-07 under the A-4 guardrails; not legal advice (P4),I8 Tier-1 tickets ACQ-08…15,not flipped (code tickets land rows with ingestion_permitted=false),n,I7 §1.1 RB-03; packet A-7,A-7,own-words,no,non-action / status quo / conservative removal (see default_if_unanswered),"a (a′ where only facts + citations are emitted), batch-wide; Part-VIII-flagged members still need their S-line",2026-10-01T04:03:25Z
I7-RB-04,A,"HG-03 batch RB-04: US agenda, procurement, grant and records documents outside the live platforms (n=38 (13/25))",a flip under GL-GATE-07 US · b per target · c defer,a — but per member: flip only members whose terms are captured verbatim and permit it; 'none captured' members take b (capture first) [S4c],"Precedent-consistent per I7 (PRECEDENT: okc_council, okc_procurement, the procportal_* flips, legistar (US local public records)); Part-VIII-flagged members still need their S-line.",flip = ingestion permitted on the recorded basis; exposure as GL-GATE-07 under the A-4 guardrails; not legal advice (P4),I8 Tier-1 tickets ACQ-08…15,not flipped (code tickets land rows with ingestion_permitted=false),n,I7 §1.1 RB-04; packet A-7,A-7,own-words,no,non-action / status quo / conservative removal (see default_if_unanswered),"a — flip under GL-GATE-07 US, batch-wide; Part-VIII-flagged members still need their S-line",2026-10-01T04:03:25Z
I7-RB-05,A,"HG-03 batch RB-05: US federal works (DHS privacy documents, DOJ, CBP, Federal Register, courts, OMB) (n=17 (6/11))","a flip, CC0-1.0 · b per target · c defer",a — but per member: flip only members whose terms are captured verbatim and permit it; 'none captured' members take b (capture first) [S4c],"Precedent-consistent per I7 (PRECEDENT: usaspending, gao_surveillance_reports, dhs_oig_reports, fema_hsgp_allocations (17 U.S.C. §105 → CC0-1.0); DOJ (I7-F033) and CBP (I7-F070) state publi); Part-VIII-flagged members still need their S-line.",flip = ingestion permitted on the recorded basis; exposure as GL-GATE-07 under the A-4 guardrails; not legal advice (P4),I8 Tier-1 tickets ACQ-08…15,not flipped (code tickets land rows with ingestion_permitted=false),n,I7 §1.1 RB-05; packet A-7,A-7,own-words,no,non-action / status quo / conservative removal (see default_if_unanswered),"a — flip, CC0-1.0 (17 U.S.C. §105), batch-wide; Part-VIII-flagged members still need their S-line",2026-10-01T04:03:25Z
I7-RB-06,A,"HG-03 batch RB-06: explicit open licence or public-domain statement (CC-BY, CC0/""Public Domain"" metadata, OGL, OGL-Canada, Etalab, NLOD, Auteurswet art. 11, WTSC's copy/distribute statement) (n=46 (9/37))",a flip on the verbatim licence · b per target · c defer,a (flip on the verbatim licence) — but per member: flip only members whose terms are captured verbatim and permit it; 'none captured' members take b (capture first) [S4c],"Precedent-consistent per I7 (PRECEDENT: GL-GATE-06 flips on verbatim licence metadata (procportal_nyc_ny ""Public Domain"" → CC0-1.0; the OGL UK rows)); Part-VIII-flagged members still need their S-line.",flip = ingestion permitted on the recorded basis; exposure as GL-GATE-07 under the A-4 guardrails; not legal advice (P4),I8 Tier-1 tickets ACQ-08…15,not flipped (code tickets land rows with ingestion_permitted=false),n,I7 §1.1 RB-06; packet A-7,A-7,own-words,no,non-action / status quo / conservative removal (see default_if_unanswered),"a — flip on the verbatim licence, batch-wide; Part-VIII-flagged members still need their S-line",2026-10-01T04:03:25Z
I7-RB-06b,B,"HG-03 batch RB-06b: share-alike licences (CC-BY-SA, ODbL) (n=4 (all Part VIII-flagged; decide with S-lines))",a flip into a share-alike compartment · b facts only · c defer,a (share-alike compartment; rides with the S-lines of its flagged members),"Precedent-consistent per I7 (PRECEDENT + a compartment decision (§42.3; osm_physical, the CC-BY-SA portal compartment, J4 NEW-2)); Part-VIII-flagged members still need their S-line.",flip = ingestion permitted on the recorded basis; exposure as GL-GATE-07 under the A-4 guardrails; not legal advice (P4),I8 Wave D ACQ-19…27,not flipped (code tickets land rows with ingestion_permitted=false),n,I7 §1.1 RB-06b; packet B-33,B-33,explicit,no,non-action / status quo / conservative removal (see default_if_unanswered),a — flip into a share-alike compartment,2026-10-01T04:46:04Z
I7-RB-07,A,"HG-03 batch RB-07: journalism, NGO and academic publications: facts + citations only (n=15 (2/13))","a flip, DerivedFacts-Citations (never re-host) · b per target · c defer",a — but per member: flip only members whose terms are captured verbatim and permit it; 'none captured' members take b (capture first) [S4c],"Precedent-consistent per I7 (PRECEDENT: P27.2 state_alpr_statute_inventory (NCSL, a private nonprofit → DerivedFacts-Citations), pathways_*, carnegie_ai_gsi); Part-VIII-flagged members still need their S-line.",flip = ingestion permitted on the recorded basis; exposure as GL-GATE-07 under the A-4 guardrails; not legal advice (P4),I8 Tier-1 tickets ACQ-08…15,not flipped (code tickets land rows with ingestion_permitted=false),n,I7 §1.1 RB-07; packet A-7,A-7,own-words,no,non-action / status quo / conservative removal (see default_if_unanswered),"a — flip, DerivedFacts-Citations (never re-host), batch-wide",2026-10-01T04:03:25Z
I7-RB-08,B,"HG-03 batch RB-08: territorial public records (Puerto Rico SUTRA measures, USVI legislature) (n=8 (0/8))",a treat territories as US under GL-GATE-07 · b capture each territory's terms first · c decline,b (capture territorial terms first),"Precedent-consistent per I7 (ARGUABLE: GL-GATE-07's ""US"" wording reaches territories, but no territorial row was ever flipped (NEW-6). Guam's own public-domain statement (I7-F032) moved I9b); Part-VIII-flagged members still need their S-line.",flip = ingestion permitted on the recorded basis; exposure as GL-GATE-07 under the A-4 guardrails; not legal advice (P4),I8 Wave D ACQ-19…27,not flipped (code tickets land rows with ingestion_permitted=false),n,I7 §1.1 RB-08; packet B-33,B-33,explicit,no,non-action / status quo / conservative removal (see default_if_unanswered),a (recommendation updated from b after A-7) — territories treated as US under GL-GATE-07,2026-10-01T04:46:04Z
I7-RB-09,A,HG-03 batch RB-09: existing gated registry rows that a candidate matches (flip the row) (n=4 (0/4) + 1 flagged),a flip each existing row (E4 §2 recipe) · b keep gated,a — but per member: flip only members whose terms are captured verbatim and permit it; 'none captured' members take b (capture first) [S4c],"Precedent-consistent per I7 (PRECEDENT per row: dhs_fusion_centers (federal §105), ccops_boston/ccops_berkeley (P29.3 CCOPS), aclu_cell_site_simulators (facts + citations)); Part-VIII-flagged members still need their S-line.",flip = ingestion permitted on the recorded basis; exposure as GL-GATE-07 under the A-4 guardrails; not legal advice (P4),I8 Tier-1 tickets ACQ-08…15,not flipped (code tickets land rows with ingestion_permitted=false),n,I7 §1.1 RB-09; packet A-7,A-7,own-words,no,non-action / status quo / conservative removal (see default_if_unanswered),a — flip each existing row (E4 §2 recipe),2026-10-01T04:03:25Z
I7-S1,B,"Part VIII screen line S1: private-camera registrants: programme-level facts only; no registrant location, name or count below programme level (SIG-PUB-004 C3; J4 P8-4) (24 members) — ingest only the screened lane?",a) approve the screened lane for the listed members · b) keep them metadata-only (move to Tier 3) · or name members to exclude,a,The screen is the Part VIII control; a rights line never clears it (I7).,a: only the screened lane is emitted (J4 P8-3…P8-8); b: members contribute existence/metadata only,"I8 ACQ-20, ACQ-26 (Wave D)",b (metadata-only),n,I7 §1.2 S1; packet B-32,B-32,explicit,no,non-action / status quo / conservative removal (see default_if_unanswered),a — ingest only the screened lane,2026-10-01T04:43:37Z
I7-S2,B,Part VIII screen line S2: field allowlist: never request editor-tracking/operator/pilot fields; redacted re-serialisation only (J4 P8-5) (4 members) — ingest only the screened lane?,a) approve the screened lane for the listed members · b) keep them metadata-only (move to Tier 3) · or name members to exclude,a,The screen is the Part VIII control; a rights line never clears it (I7).,a: only the screened lane is emitted (J4 P8-3…P8-8); b: members contribute existence/metadata only,"I8 ACQ-20, ACQ-26 (Wave D)",b (metadata-only),n,I7 §1.2 S2; packet B-32,B-32,explicit,no,non-action / status quo / conservative removal (see default_if_unanswered),a — ingest only the screened lane,2026-10-01T04:43:37Z
I7-S3,B,Part VIII screen line S3: aggregate-only: publish institution-level counts; never rows (SIG-STORE-025) (7 members) — ingest only the screened lane?,a) approve the screened lane for the listed members · b) keep them metadata-only (move to Tier 3) · or name members to exclude,a (CourtListener member follows I7-C8),The screen is the Part VIII control; a rights line never clears it (I7).,a: only the screened lane is emitted (J4 P8-3…P8-8); b: members contribute existence/metadata only,"I8 ACQ-20, ACQ-26 (Wave D)",b (metadata-only),n,I7 §1.2 S3; packet B-32,B-32,explicit,no,non-action / status quo / conservative removal (see default_if_unanswered),a — screened lane (the CourtListener member follows I7-C8 b: deferred),2026-10-01T04:43:37Z
I7-S4,B,Part VIII screen line S4: residential/RF: coarsen or aggregate; never a public point layer (SIG-PUB-011..014) (13 members) — ingest only the screened lane?,a) approve the screened lane for the listed members · b) keep them metadata-only (move to Tier 3) · or name members to exclude,a,The screen is the Part VIII control; a rights line never clears it (I7).,a: only the screened lane is emitted (J4 P8-3…P8-8); b: members contribute existence/metadata only,"I8 ACQ-20, ACQ-26 (Wave D)",b (metadata-only),n,I7 §1.2 S4; packet B-32,B-32,explicit,no,non-action / status quo / conservative removal (see default_if_unanswered),a — ingest only the screened lane,2026-10-01T04:43:37Z
I7-S5,B,Part VIII screen line S5: officer names in institutional roles: §43.4 naming gate; no names from audit rows (11 members) — ingest only the screened lane?,a) approve the screened lane for the listed members · b) keep them metadata-only (move to Tier 3) · or name members to exclude,"a (names suppressed under PUB-008, A-4)",The screen is the Part VIII control; a rights line never clears it (I7).,a: only the screened lane is emitted (J4 P8-3…P8-8); b: members contribute existence/metadata only,"I8 ACQ-20, ACQ-26 (Wave D)",b (metadata-only),n,I7 §1.2 S5; packet B-32,B-32,explicit,no,non-action / status quo / conservative removal (see default_if_unanswered),a — screened lane; names suppressed (PUB-008),2026-10-01T04:43:37Z
I7-S6,B,Part VIII screen line S6: free text: SIG-PUB-014a pre-publication excerpt screen; facts only (16 members) — ingest only the screened lane?,a) approve the screened lane for the listed members · b) keep them metadata-only (move to Tier 3) · or name members to exclude,a,The screen is the Part VIII control; a rights line never clears it (I7).,a: only the screened lane is emitted (J4 P8-3…P8-8); b: members contribute existence/metadata only,"I8 ACQ-20, ACQ-26 (Wave D)",b (metadata-only),n,I7 §1.2 S6; packet B-32,B-32,explicit,no,non-action / status quo / conservative removal (see default_if_unanswered),a — ingest only the screened lane,2026-10-01T04:43:37Z
I7-S7,B,"Part VIII screen line S7: incidental private names (minutes, POs, contacts): extraction-time redaction (J4 P8-3/P8-6) (30 members) — ingest only the screened lane?",a) approve the screened lane for the listed members · b) keep them metadata-only (move to Tier 3) · or name members to exclude,a,The screen is the Part VIII control; a rights line never clears it (I7).,a: only the screened lane is emitted (J4 P8-3…P8-8); b: members contribute existence/metadata only,"I8 ACQ-20, ACQ-26 (Wave D)",b (metadata-only),n,I7 §1.2 S7; packet B-32,B-32,explicit,no,non-action / status quo / conservative removal (see default_if_unanswered),a — ingest only the screened lane,2026-10-01T04:43:37Z
I7-S8,B,Part VIII screen line S8: tribal sovereignty: tribal-data-governance decision first (2 members) — ingest only the screened lane?,a) approve the screened lane for the listed members · b) keep them metadata-only (move to Tier 3) · or name members to exclude,b (metadata-only until a tribal-data-governance rule exists; matches TR lines),The screen is the Part VIII control; a rights line never clears it (I7).,a: only the screened lane is emitted (J4 P8-3…P8-8); b: members contribute existence/metadata only,"I8 ACQ-20, ACQ-26 (Wave D)",b (metadata-only),n,I7 §1.2 S8; packet B-32,B-32,explicit,no,non-action / status quo / conservative removal (see default_if_unanswered),a — 'Include S8 screened lane' (operator chose it over b): the two tribal members ingest their Part VIII-screened lane without a tribal-data-governance rule; no outside contact,2026-10-01T04:43:37Z
I7-S9,B,"Part VIII screen line S9: row-specific screen (family members, same-org hazard layers, signature blocks; see the row notes) (3 members) — ingest only the screened lane?",a) approve the screened lane for the listed members · b) keep them metadata-only (move to Tier 3) · or name members to exclude,a,The screen is the Part VIII control; a rights line never clears it (I7).,a: only the screened lane is emitted (J4 P8-3…P8-8); b: members contribute existence/metadata only,"I8 ACQ-20, ACQ-26 (Wave D)",b (metadata-only),n,I7 §1.2 S9; packet B-32,B-32,explicit,no,non-action / status quo / conservative removal (see default_if_unanswered),a — ingest only the screened lane,2026-10-01T04:43:37Z
I7-N1,B,Non-US database-right line N1: Traffic CCTV contract (GB-ENG:Barnet; terms: CKAN license_id=None),a flip DBRight · b capture terms first · c decline,b,"Precedent would allow a (DBRight), but D3 does not expand non-US coverage and no counsel reviews the database right (U-013); capture terms only if Wave D international runs.","flip = ingestion permitted on the recorded basis; facts-only pointer = cited, not re-hosted; not legal advice (P4)",I8 ACQ-19…27 (Wave D) / later-phase,not flipped,n,"I7 §1.3 N1 (I7-U207, I5-C319); packet B-34",B-34,explicit,no,non-action / status quo / conservative removal (see default_if_unanswered),a (recommendation updated from b after S5-4) — flip under the non-US database-right precedent (express prohibitions excluded),2026-10-01T04:46:04Z
I7-N2,B,Non-US database-right line N2: NT Quotations and Tenders Online NS25-0080: Provis… (ISO:AU;AU-NT; terms: NONE-FOUND),a flip DBRight · b capture terms first · c decline,b,"Precedent would allow a (DBRight), but D3 does not expand non-US coverage and no counsel reviews the database right (U-013); capture terms only if Wave D international runs.","flip = ingestion permitted on the recorded basis; facts-only pointer = cited, not re-hosted; not legal advice (P4)",I8 ACQ-19…27 (Wave D) / later-phase,not flipped,n,"I7 §1.3 N2 (I7-U216, I9b-C017); packet B-34",B-34,explicit,no,non-action / status quo / conservative removal (see default_if_unanswered),a (recommendation updated from b after S5-4) — flip under the non-US database-right precedent (express prohibitions excluded),2026-10-01T04:46:04Z
I7-N3,B,Non-US database-right line N3: Security Camera (AU-TAS:Hobart; terms: CKAN license_id=other (Other)),a flip DBRight · b capture terms first · c decline,b,"Precedent would allow a (DBRight), but D3 does not expand non-US coverage and no counsel reviews the database right (U-013); capture terms only if Wave D international runs.","flip = ingestion permitted on the recorded basis; facts-only pointer = cited, not re-hosted; not legal advice (P4)",I8 ACQ-19…27 (Wave D) / later-phase,not flipped,n,"I7 §1.3 N3 (I7-U266, I5-C328); packet B-34",B-34,explicit,no,non-action / status quo / conservative removal (see default_if_unanswered),a (recommendation updated from b after S5-4) — flip under the non-US database-right precedent (express prohibitions excluded),2026-10-01T04:46:04Z
I7-N4,B,Non-US database-right line N4: FragDenStaat request search API (ISO:DE; terms: NONE-FOUND),a flip DBRight · b capture terms first · c decline,b,"Precedent would allow a (DBRight), but D3 does not expand non-US coverage and no counsel reviews the database right (U-013); capture terms only if Wave D international runs.","flip = ingestion permitted on the recorded basis; facts-only pointer = cited, not re-hosted; not legal advice (P4)",I8 ACQ-19…27 (Wave D) / later-phase,not flipped,n,"I7 §1.3 N4 (I7-U301, I5-C362); packet B-34",B-34,explicit,no,non-action / status quo / conservative removal (see default_if_unanswered),a (recommendation updated from b after S5-4) — flip under the non-US database-right precedent (express prohibitions excluded),2026-10-01T04:46:04Z
I7-N5,B,Non-US database-right line N5: CCTV Cameras (GB-ENG:Leicester; terms: CKAN license_id=None),a flip DBRight · b capture terms first · c decline,b,"Precedent would allow a (DBRight), but D3 does not expand non-US coverage and no counsel reviews the database right (U-013); capture terms only if Wave D international runs.","flip = ingestion permitted on the recorded basis; facts-only pointer = cited, not re-hosted; not legal advice (P4)",I8 ACQ-19…27 (Wave D) / later-phase,not flipped,n,"I7 §1.3 N5 (I7-U320, I5-C311); packet B-34",B-34,explicit,no,non-action / status quo / conservative removal (see default_if_unanswered),a (recommendation updated from b after S5-4) — flip under the non-US database-right precedent (express prohibitions excluded),2026-10-01T04:46:04Z
I7-N6,B,Non-US database-right line N6: CCTV camera locations (GB-ENG:Barnet; terms: CKAN license_id=None),a flip DBRight · b capture terms first · c decline,b,"Precedent would allow a (DBRight), but D3 does not expand non-US coverage and no counsel reviews the database right (U-013); capture terms only if Wave D international runs.","flip = ingestion permitted on the recorded basis; facts-only pointer = cited, not re-hosted; not legal advice (P4)",I8 ACQ-19…27 (Wave D) / later-phase,not flipped,n,"I7 §1.3 N6 (I7-U323, I5-C317); packet B-34",B-34,explicit,no,non-action / status quo / conservative removal (see default_if_unanswered),a (recommendation updated from b after S5-4) — flip under the non-US database-right precedent (express prohibitions excluded),2026-10-01T04:46:04Z
I7-N7,B,Non-US database-right line N7: CCTV Traffic Enforcement - camera locations (GB-ENG:Barnet; terms: CKAN license_id=None),a flip DBRight · b capture terms first · c decline,b,"Precedent would allow a (DBRight), but D3 does not expand non-US coverage and no counsel reviews the database right (U-013); capture terms only if Wave D international runs.","flip = ingestion permitted on the recorded basis; facts-only pointer = cited, not re-hosted; not legal advice (P4)",I8 ACQ-19…27 (Wave D) / later-phase,not flipped,n,"I7 §1.3 N7 (I7-U324, I5-C318); packet B-34",B-34,explicit,no,non-action / status quo / conservative removal (see default_if_unanswered),a (recommendation updated from b after S5-4) — flip under the non-US database-right precedent (express prohibitions excluded),2026-10-01T04:46:04Z
I7-N8,B,Non-US database-right line N8: Council CCTV cameras (GB-ENG:Bristol; terms: CKAN license_id=None),a flip DBRight · b capture terms first · c decline,b,"Precedent would allow a (DBRight), but D3 does not expand non-US coverage and no counsel reviews the database right (U-013); capture terms only if Wave D international runs.","flip = ingestion permitted on the recorded basis; facts-only pointer = cited, not re-hosted; not legal advice (P4)",I8 ACQ-19…27 (Wave D) / later-phase,not flipped,n,"I7 §1.3 N8 (I7-U325, I5-C320); packet B-34",B-34,explicit,no,non-action / status quo / conservative removal (see default_if_unanswered),a (recommendation updated from b after S5-4) — flip under the non-US database-right precedent (express prohibitions excluded),2026-10-01T04:46:04Z
I7-N9,B,Non-US database-right line N9: Public CCTV locations - City of Edinburgh (GB-SCT:Edinburgh; terms: CKAN license_id=None),a flip DBRight · b capture terms first · c decline,b,"Precedent would allow a (DBRight), but D3 does not expand non-US coverage and no counsel reviews the database right (U-013); capture terms only if Wave D international runs.","flip = ingestion permitted on the recorded basis; facts-only pointer = cited, not re-hosted; not legal advice (P4)",I8 ACQ-19…27 (Wave D) / later-phase,not flipped,n,"I7 §1.3 N9 (I7-U326, I5-C323); packet B-34",B-34,explicit,no,non-action / status quo / conservative removal (see default_if_unanswered),a (recommendation updated from b after S5-4) — flip under the non-US database-right precedent (express prohibitions excluded),2026-10-01T04:46:04Z
I7-N10,B,Non-US database-right line N10: Closed Circuit Television (CCTV) Location (AU-VIC:Geelong; terms: CKAN license_id=other-open (Other (Open))),a flip DBRight · b capture terms first · c decline,b,"Precedent would allow a (DBRight), but D3 does not expand non-US coverage and no counsel reviews the database right (U-013); capture terms only if Wave D international runs.","flip = ingestion permitted on the recorded basis; facts-only pointer = cited, not re-hosted; not legal advice (P4)",I8 ACQ-19…27 (Wave D) / later-phase,not flipped,n,"I7 §1.3 N10 (I7-U329, I5-C327); packet B-34",B-34,explicit,no,non-action / status quo / conservative removal (see default_if_unanswered),a (recommendation updated from b after S5-4) — flip under the non-US database-right precedent (express prohibitions excluded),2026-10-01T04:46:04Z
I7-N11,B,Non-US database-right line N11: Street safety cameras (AU-NSW:Sydney; terms: CKAN license_id=notspecified (notspecified)),a flip DBRight · b capture terms first · c decline,b,"Precedent would allow a (DBRight), but D3 does not expand non-US coverage and no counsel reviews the database right (U-013); capture terms only if Wave D international runs.","flip = ingestion permitted on the recorded basis; facts-only pointer = cited, not re-hosted; not legal advice (P4)",I8 ACQ-19…27 (Wave D) / later-phase,not flipped,n,"I7 §1.3 N11 (I7-U330, I5-C329); packet B-34",B-34,explicit,no,non-action / status quo / conservative removal (see default_if_unanswered),a (recommendation updated from b after S5-4) — flip under the non-US database-right precedent (express prohibitions excluded),2026-10-01T04:46:04Z
I7-N12,B,Non-US database-right line N12: Emergency Services - Closed Circuit Television Cam… (AU-TAS; terms: CKAN license_id=notspecified),a flip DBRight · b capture terms first · c decline,b,"Precedent would allow a (DBRight), but D3 does not expand non-US coverage and no counsel reviews the database right (U-013); capture terms only if Wave D international runs.","flip = ingestion permitted on the recorded basis; facts-only pointer = cited, not re-hosted; not legal advice (P4)",I8 ACQ-19…27 (Wave D) / later-phase,not flipped,n,"I7 §1.3 N12 (I7-U331, I5-C331); packet B-34",B-34,explicit,no,non-action / status quo / conservative removal (see default_if_unanswered),a (recommendation updated from b after S5-4) — flip under the non-US database-right precedent (express prohibitions excluded),2026-10-01T04:46:04Z
I7-N13,B,Non-US database-right line N13: Provvedimento dell'11 gennaio 2024 [9977020] (Comu… (IT-TN:Trento; terms: NONE-FOUND),a flip DBRight · b capture terms first · c decline,b,"Precedent would allow a (DBRight), but D3 does not expand non-US coverage and no counsel reviews the database right (U-013); capture terms only if Wave D international runs.","flip = ingestion permitted on the recorded basis; facts-only pointer = cited, not re-hosted; not legal advice (P4)",I8 ACQ-19…27 (Wave D) / later-phase,not flipped,n,"I7 §1.3 N13 (I7-U333, I5-C347); packet B-34",B-34,explicit,no,non-action / status quo / conservative removal (see default_if_unanswered),a (recommendation updated from b after S5-4) — flip under the non-US database-right precedent (express prohibitions excluded),2026-10-01T04:46:04Z
I7-N14,B,Non-US database-right line N14: Дані про місцезнаходження камер відеоспостереження… (UA-18:Korosten; terms: NONE-FOUND),a flip DBRight · b capture terms first · c decline,b,"Precedent would allow a (DBRight), but D3 does not expand non-US coverage and no counsel reviews the database right (U-013); capture terms only if Wave D international runs.","flip = ingestion permitted on the recorded basis; facts-only pointer = cited, not re-hosted; not legal advice (P4)",I8 ACQ-19…27 (Wave D) / later-phase,not flipped,n,"I7 §1.3 N14 (I7-U338, I5-C359); packet B-34",B-34,explicit,no,non-action / status quo / conservative removal (see default_if_unanswered),a (recommendation updated from b after S5-4) — flip under the non-US database-right precedent (express prohibitions excluded),2026-10-01T04:46:04Z
I7-N15,B,Non-US database-right line N15: Joint assurance review: retrospective facial searc… (GB-SCT; terms: NONE-FOUND),a flip DBRight · b capture terms first · c decline,b,"Precedent would allow a (DBRight), but D3 does not expand non-US coverage and no counsel reviews the database right (U-013); capture terms only if Wave D international runs.","flip = ingestion permitted on the recorded basis; facts-only pointer = cited, not re-hosted; not legal advice (P4)",I8 ACQ-19…27 (Wave D) / later-phase,not flipped,n,"I7 §1.3 N15 (I7-U356, I5-C303); packet B-34",B-34,explicit,no,non-action / status quo / conservative removal (see default_if_unanswered),a (recommendation updated from b after S5-4) — flip under the non-US database-right precedent (express prohibitions excluded),2026-10-01T04:46:04Z
I7-N16,B,Non-US database-right line N16: Clackmannanshire - CCTV Cameras (GB-SCT:Clackmannan…; terms: CKAN license_id=None),a flip DBRight · b capture terms first · c decline,b,"Precedent would allow a (DBRight), but D3 does not expand non-US coverage and no counsel reviews the database right (U-013); capture terms only if Wave D international runs.","flip = ingestion permitted on the recorded basis; facts-only pointer = cited, not re-hosted; not legal advice (P4)",I8 ACQ-19…27 (Wave D) / later-phase,not flipped,n,"I7 §1.3 N16 (I7-U374, I5-C321); packet B-34",B-34,explicit,no,non-action / status quo / conservative removal (see default_if_unanswered),a (recommendation updated from b after S5-4) — flip under the non-US database-right precedent (express prohibitions excluded),2026-10-01T04:46:04Z
I7-N17,B,Non-US database-right line N17: Evidenca o izvajanju videonadzora na javnih površi… (SI-085:Novo mesto; terms: NONE-FOUND),a flip DBRight · b capture terms first · c decline,b,"Precedent would allow a (DBRight), but D3 does not expand non-US coverage and no counsel reviews the database right (U-013); capture terms only if Wave D international runs.","flip = ingestion permitted on the recorded basis; facts-only pointer = cited, not re-hosted; not legal advice (P4)",I8 ACQ-19…27 (Wave D) / later-phase,not flipped,n,"I7 §1.3 N17 (I7-U380, I5-C354); packet B-34",B-34,explicit,no,non-action / status quo / conservative removal (see default_if_unanswered),a (recommendation updated from b after S5-4) — flip under the non-US database-right precedent (express prohibitions excluded),2026-10-01T04:46:04Z
I7-N18,B,Non-US database-right line N18: L&RS General Scheme Briefing Paper: Garda Síochána… (ISO:IE; terms: NONE-FOUND),a flip DBRight · b capture terms first · c decline,b,"Precedent would allow a (DBRight), but D3 does not expand non-US coverage and no counsel reviews the database right (U-013); capture terms only if Wave D international runs.","flip = ingestion permitted on the recorded basis; facts-only pointer = cited, not re-hosted; not legal advice (P4)",I8 ACQ-19…27 (Wave D) / later-phase,not flipped,n,"I7 §1.3 N18 (I7-U411, I5-C306); packet B-34",B-34,explicit,no,non-action / status quo / conservative removal (see default_if_unanswered),a (recommendation updated from b after S5-4) — flip under the non-US database-right precedent (express prohibitions excluded),2026-10-01T04:46:04Z
I7-N19,B,Non-US database-right line N19: Gobierto Contratación — licitación ALC0230 (Illesc… (ES-TO:Illescas; terms: NONE-FOUND),a flip DBRight · b capture terms first · c decline,b,"Precedent would allow a (DBRight), but D3 does not expand non-US coverage and no counsel reviews the database right (U-013); capture terms only if Wave D international runs.","flip = ingestion permitted on the recorded basis; facts-only pointer = cited, not re-hosted; not legal advice (P4)",I8 ACQ-19…27 (Wave D) / later-phase,not flipped,n,"I7 §1.3 N19 (I7-U412, I5-C361); packet B-34",B-34,explicit,no,non-action / status quo / conservative removal (see default_if_unanswered),a (recommendation updated from b after S5-4) — flip under the non-US database-right precedent (express prohibitions excluded),2026-10-01T04:46:04Z
I7-N20,B,Non-US database-right line N20: FYI.org.nz — OIA requests to New Zealand Police (e… (ISO:NZ; terms: NONE-FOUND),a flip DBRight · b capture terms first · c decline,b,"Precedent would allow a (DBRight), but D3 does not expand non-US coverage and no counsel reviews the database right (U-013); capture terms only if Wave D international runs.","flip = ingestion permitted on the recorded basis; facts-only pointer = cited, not re-hosted; not legal advice (P4)",I8 ACQ-19…27 (Wave D) / later-phase,not flipped,n,"I7 §1.3 N20 (I7-U419, I5-C339); packet B-34",B-34,explicit,no,non-action / status quo / conservative removal (see default_if_unanswered),a (recommendation updated from b after S5-4) — flip under the non-US database-right precedent (express prohibitions excluded),2026-10-01T04:46:04Z
I7-N21,B,Non-US database-right line N21: Videoüberwachung in der Stadt Braunschweig (DE-NI:Braunschweig; terms: NONE-FOUND),a flip DBRight · b capture terms first · c decline,b,"Precedent would allow a (DBRight), but D3 does not expand non-US coverage and no counsel reviews the database right (U-013); capture terms only if Wave D international runs.","flip = ingestion permitted on the recorded basis; facts-only pointer = cited, not re-hosted; not legal advice (P4)",I8 ACQ-19…27 (Wave D) / later-phase,not flipped,n,"I7 §1.3 N21 (I7-U430, I5-C357); packet B-34",B-34,explicit,no,non-action / status quo / conservative removal (see default_if_unanswered),a (recommendation updated from b after S5-4) — flip under the non-US database-right precedent (express prohibitions excluded),2026-10-01T04:46:04Z
I7-IT1,B,"Rights line IT1: OpenFEMA: Non-Disaster and Assistance to Firefight… (GL-GATE-07: ARGUABLE (not a redistribution prohibition, but a destroy-on-request c…)",a flip (accept the condition) · b facts-only pointer · c decline,b,Destroy-on-request conflicts with an insert-only spine; FEMA pages stay the funding source (with I7-C5 b).,"flip = ingestion permitted on the recorded basis; facts-only pointer = cited, not re-hosted; not legal advice (P4)",I8 ACQ-19…27 (Wave D) / later-phase,not flipped,n,"I7 §1.3 IT1 (I7-U161, I6-C027); packet B-35",B-35,explicit,no,non-action / status quo / conservative removal (see default_if_unanswered),b — facts-only pointer,2026-10-01T04:46:04Z
I7-IT2,B,Rights line IT2: Speed Safety Cameras (Bellevue) (GL-GATE-07: ARGUABLE (express non-commercial clause on the same publisher — decide…),a flip (accept the condition) · b facts-only pointer · c decline,b,Follows A-9: express NC clause and SIG may be commercial → facts-only pointer.,"flip = ingestion permitted on the recorded basis; facts-only pointer = cited, not re-hosted; not legal advice (P4)",I8 ACQ-19…27 (Wave D) / later-phase,not flipped,n,"I7 §1.3 IT2 (I7-U184, I4-C063); packet B-35",B-35,explicit,no,non-action / status quo / conservative removal (see default_if_unanswered),b — facts-only pointer (A-9),2026-10-01T04:46:04Z
I7-IT3,B,Rights line IT3: PSPC collaborative procurement - 'Service request … (GL-GATE-07: ARGUABLE (non-commercial clause; decide with E4 R4d)),a flip (accept the condition) · b facts-only pointer · c decline,b,Non-US NC clause; facts-only pointer.,"flip = ingestion permitted on the recorded basis; facts-only pointer = cited, not re-hosted; not legal advice (P4)",I8 ACQ-19…27 (Wave D) / later-phase,not flipped,n,"I7 §1.3 IT3 (I7-U219, I9b-C101); packet B-35",B-35,explicit,no,non-action / status quo / conservative removal (see default_if_unanswered),b — facts-only pointer (A-9),2026-10-01T04:46:04Z
I7-IT4,B,Rights line IT4: GETS - Government Electronic Tenders Service (GL-GATE-07: ARGUABLE (agreement terms bind any user; public notices vs confidentia…),a flip (accept the condition) · b facts-only pointer · c decline,c,GETS agreement binds any user to confidentiality terms; non-US; decline.,"flip = ingestion permitted on the recorded basis; facts-only pointer = cited, not re-hosted; not legal advice (P4)",I8 ACQ-19…27 (Wave D) / later-phase,not flipped,n,"I7 §1.3 IT4 (I7-U299, I5-C337); packet B-35",B-35,explicit,no,non-action / status quo / conservative removal (see default_if_unanswered),c — decline,2026-10-01T04:46:04Z
I7-IT5,B,Rights line IT5: Honolulu Police Department policy - Automated Lice… (GL-GATE-07: ARGUABLE (express non-commercial clause; decide with E4 R4d: is SIG's …),a flip (accept the condition) · b facts-only pointer · c decline,b,"Policy facts + citation only (NC clause, A-9).","flip = ingestion permitted on the recorded basis; facts-only pointer = cited, not re-hosted; not legal advice (P4)",I8 ACQ-19…27 (Wave D) / later-phase,not flipped,n,"I7 §1.3 IT5 (I7-U316, I5-C112); packet B-35",B-35,explicit,no,non-action / status quo / conservative removal (see default_if_unanswered),b — facts-only pointer (A-9),2026-10-01T04:46:04Z
I7-IT6,B,Rights line IT6: Special report to Parliament: Police use of Facial… (GL-GATE-07: ARGUABLE (non-commercial clause; decide with E4 R4d)),a flip (accept the condition) · b facts-only pointer · c decline,b,Non-US NC clause; facts-only pointer.,"flip = ingestion permitted on the recorded basis; facts-only pointer = cited, not re-hosted; not legal advice (P4)",I8 ACQ-19…27 (Wave D) / later-phase,not flipped,n,"I7 §1.3 IT6 (I7-U318, I5-C304); packet B-35",B-35,explicit,no,non-action / status quo / conservative removal (see default_if_unanswered),b — facts-only pointer (A-9),2026-10-01T04:46:04Z
I7-IT7,B,Rights line IT7: Axon Fusus agency-hosted 'Connect <Place>' camera … (GL-GATE-07: NOT COVERED (captured Axon terms prohibit automated access; decide wit…),a flip (accept the condition) · b facts-only pointer · c decline,b,"Axon terms prohibit automated access: citation/pointer only, never fetched from Axon hosts (I7-C4 a, D3-Q3).","flip = ingestion permitted on the recorded basis; facts-only pointer = cited, not re-hosted; not legal advice (P4)",I8 ACQ-19…27 (Wave D) / later-phase,not flipped,n,"I7 §1.3 IT7 (I7-U396, I9a-C003); packet B-35",B-35,explicit,no,non-action / status quo / conservative removal (see default_if_unanswered),a — 'IT7 full fetch' (operator chose it over b): the agency-hosted Axon Fusus 'Connect <Place>' pages are fetched in full under A-17's envelope; every byte through the Part VIII screen before storage or publication; private registrants never stored or published (Part VIII and SIG-PUB-002 not waived),2026-10-01T04:46:04Z
I7-IU1,B,Rights line IU1: Leonardo (ELSAG) 'Procurement Contracts' page - st… (GL-GATE-07: ARGUABLE (terms not captured — new facts first)),a capture terms first (Round 11) · b facts + citation only now · c decline,a,"Capture terms in Round 11, then a line; facts + citation meanwhile.","flip = ingestion permitted on the recorded basis; facts-only pointer = cited, not re-hosted; not legal advice (P4)",I8 ACQ-19…27 (Wave D) / later-phase,not flipped,n,"I7 §1.3 IU1 (I7-U232, I9a-C040); packet B-36",B-36,explicit,no,non-action / status quo / conservative removal (see default_if_unanswered),"a — capture terms in Round 11, then a line (facts + citation meanwhile)",2026-10-01T04:46:04Z
I7-IU2,B,Rights line IU2: Carahsoft - Cellebrite government contract vehicle… (GL-GATE-07: ARGUABLE (terms not captured — new facts first)),a capture terms first (Round 11) · b facts + citation only now · c decline,a,"Capture terms in Round 11, then a line.","flip = ingestion permitted on the recorded basis; facts-only pointer = cited, not re-hosted; not legal advice (P4)",I8 ACQ-19…27 (Wave D) / later-phase,not flipped,n,"I7 §1.3 IU2 (I7-U283, I4-C159); packet B-36",B-36,explicit,no,non-action / status quo / conservative removal (see default_if_unanswered),"a — capture terms in Round 11, then a line (facts + citation meanwhile)",2026-10-01T04:46:04Z
I7-IU3,B,"Rights line IU3: Google - Geofence Warrants by Jurisdiction, 2018 t… (GL-GATE-07: ARGUABLE (terms not captured — new facts first))",a capture terms first (Round 11) · b facts + citation only now · c decline,a,"Capture terms in Round 11, then a line.","flip = ingestion permitted on the recorded basis; facts-only pointer = cited, not re-hosted; not legal advice (P4)",I8 ACQ-19…27 (Wave D) / later-phase,not flipped,n,"I7 §1.3 IU3 (I7-U310, I4-C262); packet B-36",B-36,explicit,no,non-action / status quo / conservative removal (see default_if_unanswered),"a — capture terms in Round 11, then a line (facts + citation meanwhile)",2026-10-01T04:46:04Z
I7-IU4,B,Rights line IU4: SoundThinking press releases - named customer rene… (GL-GATE-07: ARGUABLE (terms not captured — new facts first)),a capture terms first (Round 11) · b facts + citation only now · c decline,a,"Capture terms in Round 11, then a line.","flip = ingestion permitted on the recorded basis; facts-only pointer = cited, not re-hosted; not legal advice (P4)",I8 ACQ-19…27 (Wave D) / later-phase,not flipped,n,"I7 §1.3 IU4 (I7-U363, I9b-C080); packet B-36",B-36,explicit,no,non-action / status quo / conservative removal (see default_if_unanswered),"a — capture terms in Round 11, then a line (facts + citation meanwhile)",2026-10-01T04:46:04Z
I7-IU5,B,Rights line IU5: FlockRadar - map of disclosed ALPR / Flock deploym… (GL-GATE-07: ARGUABLE (terms not captured — new facts first)),a capture terms first (Round 11) · b facts + citation only now · c decline,a,"Capture the data licence (code is AGPL-3.0) in Round 11, then a line.","flip = ingestion permitted on the recorded basis; facts-only pointer = cited, not re-hosted; not legal advice (P4)",I8 ACQ-19…27 (Wave D) / later-phase,not flipped,n,"I7 §1.3 IU5 (I7-U425, I3-C065); packet B-36",B-36,explicit,no,non-action / status quo / conservative removal (see default_if_unanswered),"a — capture terms in Round 11, then a line (facts + citation meanwhile)",2026-10-01T04:46:04Z
I7-TR1,B,"Rights line TR1: Tribal Leaders Directory (GL-GATE-07: PRECEDENT (federal §105 → CC0-1.0: usaspending, gao_surveillance_repor…)","a defer until a tribal-data-governance rule exists · b ask the Nation (outreach, Q-28 class) · c facts + citation only",a,Defer until a tribal-data-governance rule exists; b is outside contact (U-011).,"flip = ingestion permitted on the recorded basis; facts-only pointer = cited, not re-hosted; not legal advice (P4)",I8 ACQ-19…27 (Wave D) / later-phase,not flipped,n,"I7 §1.3 TR1 (I7-U355, I5-C225); packet B-37",B-37,explicit,no,non-action / status quo / conservative removal (see default_if_unanswered),c (recommendation updated after B-32) — facts + citations under the S8 screen,2026-10-01T04:46:04Z
I7-TR2,B,Rights line TR2: Tohono O'odham Legislative Branch - Notice of publ… (GL-GATE-07: NOT COVERED (tribal nation; GL-GATE-07 execution never reached a sover…),"a defer until a tribal-data-governance rule exists · b ask the Nation (outreach, Q-28 class) · c facts + citation only",a,Defer until a tribal-data-governance rule exists; b is outside contact (U-011).,"flip = ingestion permitted on the recorded basis; facts-only pointer = cited, not re-hosted; not legal advice (P4)",I8 ACQ-19…27 (Wave D) / later-phase,not flipped,n,"I7 §1.3 TR2 (I7-U364, I9b-C095); packet B-37",B-37,explicit,no,non-action / status quo / conservative removal (see default_if_unanswered),c (recommendation updated after B-32) — facts + citations under the S8 screen,2026-10-01T04:46:04Z
I7-RG1,A,"Rights line RG1: DHS Fusion Center Locations and Contact Informatio… (GL-GATE-07: PRECEDENT (federal §105 → CC0-1.0: usaspending, gao_surveillance_repor…)","a flip the existing row (flip recipe, E4 §2) · b keep gated",a,Federal work (§105) precedent; member of RB-09.,"flip = ingestion permitted on the recorded basis; facts-only pointer = cited, not re-hosted; not legal advice (P4)",I8 ACQ-19…27 (Wave D) / later-phase,not flipped,n,"I7 §1.3 RG1 (I7-U370, I4-C270); packet A-7 (RB-09 member)",A-7,own-words,no,non-action / status quo / conservative removal (see default_if_unanswered),a — flip the existing row (RB-09 member),2026-10-01T04:03:25Z
I7-RG2,A,Rights line RG2: Boston annual surveillance report and supplements (GL-GATE-07: PRECEDENT (GL-GATE-07 US → LicenseRef-PublicRecord-FactualCompilation:…),"a flip the existing row (flip recipe, E4 §2) · b keep gated",a,CCOPS precedent; member of RB-09.,"flip = ingestion permitted on the recorded basis; facts-only pointer = cited, not re-hosted; not legal advice (P4)",I8 ACQ-19…27 (Wave D) / later-phase,not flipped,n,"I7 §1.3 RG2 (I7-U424, SRC-020); packet A-7 (RB-09 member)",A-7,own-words,no,non-action / status quo / conservative removal (see default_if_unanswered),a — flip the existing row (RB-09 member),2026-10-01T04:03:25Z
I7-RG3,A,"Rights line RG3: Part 107 Waivers Issued (GL-GATE-07: PRECEDENT (federal §105 → CC0-1.0: usaspending, gao_surveillance_repor…)","a flip the existing row (flip recipe, E4 §2) · b keep gated",a,Federal work precedent; member of RB-09.,"flip = ingestion permitted on the recorded basis; facts-only pointer = cited, not re-hosted; not legal advice (P4)",I8 ACQ-19…27 (Wave D) / later-phase,not flipped,n,"I7 §1.3 RG3 (I7-U426, I4-C001); packet A-7 (RB-09 member)",A-7,own-words,no,non-action / status quo / conservative removal (see default_if_unanswered),a — flip the existing row (RB-09 member),2026-10-01T04:03:25Z
I7-RG4,A,Rights line RG4: Stingray Tracking Devices: Who's Got Them? (ACLU m… (GL-GATE-07: PRECEDENT (facts + citations only → LicenseRef-DerivedFacts-Citations:…),"a flip the existing row (flip recipe, E4 §2) · b keep gated",a,Facts + citations precedent; member of RB-09.,"flip = ingestion permitted on the recorded basis; facts-only pointer = cited, not re-hosted; not legal advice (P4)",I8 ACQ-19…27 (Wave D) / later-phase,not flipped,n,"I7 §1.3 RG4 (I7-U427, I4-C123); packet A-7 (RB-09 member)",A-7,own-words,no,non-action / status quo / conservative removal (see default_if_unanswered),a — flip the existing row (RB-09 member),2026-10-01T04:03:25Z
I7-RG5,A,Rights line RG5: Berkeley surveillance annual reports policies MOUs (GL-GATE-07: PRECEDENT (GL-GATE-07 US → LicenseRef-PublicRecord-FactualCompilation:…),"a flip the existing row (flip recipe, E4 §2) · b keep gated",a,CCOPS precedent; member of RB-09.,"flip = ingestion permitted on the recorded basis; facts-only pointer = cited, not re-hosted; not legal advice (P4)",I8 ACQ-19…27 (Wave D) / later-phase,not flipped,n,"I7 §1.3 RG5 (I7-U435, SRC-019); packet A-7 (RB-09 member)",A-7,own-words,no,non-action / status quo / conservative removal (see default_if_unanswered),a — flip the existing row (RB-09 member),2026-10-01T04:03:25Z
I7-P1,B,"SEC EDGAR line P1: Verra Mobility Corp — Form 10-K for fiscal 2025 (a… — now that Q-30 is answered (U-014), approve a facts-only basis?",a) facts-only (LicenseRef-DerivedFacts-Citations; vendor-authored text not re-hosted); first request only after the contact@ alias exists (OD-04) · b) defer to a later round (I8) · c) decline,a (rights) with ingestion later-phase per I8,SEC filings are public; I8 schedules EDGAR for a later round; the alias keeps the personal address out of SEC request logs.,a: $0; facts only. not legal advice (P4),later-phase EDGAR connector,b,n,I7 §1.3 P1 (I7-U171); Q-30/U-014; packet B-38,B-38,explicit,no,non-action / status quo / conservative removal (see default_if_unanswered),a — facts-only basis; ingestion later-phase (I8); first request only after contact@ exists,2026-10-01T04:49:27Z
I7-P2,B,"SEC EDGAR line P2: Cellebrite DI Ltd. SEC filings (Form 20-F annual r… — now that Q-30 is answered (U-014), approve a facts-only basis?",a) facts-only (LicenseRef-DerivedFacts-Citations; vendor-authored text not re-hosted); first request only after the contact@ alias exists (OD-04) · b) defer to a later round (I8) · c) decline,a (rights) with ingestion later-phase per I8,SEC filings are public; I8 schedules EDGAR for a later round; the alias keeps the personal address out of SEC request logs.,a: $0; facts only. not legal advice (P4),later-phase EDGAR connector,b,n,I7 §1.3 P2 (I7-U186); Q-30/U-014; packet B-38,B-38,explicit,no,non-action / status quo / conservative removal (see default_if_unanswered),a — facts-only basis; ingestion later-phase (I8); first request only after contact@ exists,2026-10-01T04:49:27Z
I7-P3,B,"SEC EDGAR line P3: SEC EDGAR full-text search (efts) - multi-vendor s… — now that Q-30 is answered (U-014), approve a facts-only basis?",a) facts-only (LicenseRef-DerivedFacts-Citations; vendor-authored text not re-hosted); first request only after the contact@ alias exists (OD-04) · b) defer to a later round (I8) · c) decline,a (rights) with ingestion later-phase per I8,SEC filings are public; I8 schedules EDGAR for a later round; the alias keeps the personal address out of SEC request logs.,a: $0; facts only. not legal advice (P4),later-phase EDGAR connector,b,n,I7 §1.3 P3 (I7-U231); Q-30/U-014; packet B-38,B-38,explicit,no,non-action / status quo / conservative removal (see default_if_unanswered),a — facts-only basis; ingestion later-phase (I8); first request only after contact@ exists,2026-10-01T04:49:27Z
I7-P4,B,"SEC EDGAR line P4: SoundThinking, Inc. (formerly ShotSpotter, Inc.) F… — now that Q-30 is answered (U-014), approve a facts-only basis?",a) facts-only (LicenseRef-DerivedFacts-Citations; vendor-authored text not re-hosted); first request only after the contact@ alias exists (OD-04) · b) defer to a later round (I8) · c) decline,a (rights) with ingestion later-phase per I8,SEC filings are public; I8 schedules EDGAR for a later round; the alias keeps the personal address out of SEC request logs.,a: $0; facts only. not legal advice (P4),later-phase EDGAR connector,b,n,I7 §1.3 P4 (I7-U343); Q-30/U-014; packet B-38,B-38,explicit,no,non-action / status quo / conservative removal (see default_if_unanswered),a — facts-only basis; ingestion later-phase (I8); first request only after contact@ exists,2026-10-01T04:49:27Z
I7-C2,B,"Conflict C2: DocumentCloud / MuckRock ""no data mining""",a link-only; acquire each origin agency's release instead · b named-document review one by one (E4 R2a option c),a,Link-only; acquire each origin agency's release instead.,declining or pointer-only removes the terms exposure at the cost of depth; not legal advice (P4),I8 families; E4 cross-refs,the conservative option (pointer-only / keep deferred),n,I7 §4 C2; packet B-39,B-39,explicit,no,non-action / status quo / conservative removal (see default_if_unanswered),"fetch despite terms — 'Also fetch DocCloud/Sourcewell' (neither a nor b): DocumentCloud/MuckRock fetched like A-17's vendor pages: public, unauthenticated pages only; no logins, API keys or circumvention of access controls; rate-limited; robots per GL-GATE-08; terms text captured verbatim and the exposure disclosed; Part VIII screen on every byte",2026-10-01T04:49:27Z
I7-C3,B,"Conflict C3: Sourcewell and OMNIA prohibit robots and reproduction vs registry rows sourcewell (""Dominant acquisition channel"") and omnia_partners","a contract-id pointers only; acquire purchases from agency-side records (checkbooks, agendas, state sales registers) · b seek permission · c decline both rows",a,Contract-id pointers only; purchases from agency-side records.,declining or pointer-only removes the terms exposure at the cost of depth; not legal advice (P4),I8 families; E4 cross-refs,the conservative option (pointer-only / keep deferred),n,I7 §4 C3; packet B-39,B-39,explicit,no,non-action / status quo / conservative removal (see default_if_unanswered),fetch despite terms — Sourcewell and OMNIA fetched under the same envelope (not pointers-only),2026-10-01T04:49:27Z
I7-C4,B,Conflict C4: Vendor platform terms,a programme facts only from the agencies' own pages; no fetch from vendor hosts · b seek vendor permission · c decline,a,Programme facts from agencies' own pages; never fetch vendor hosts (D3-Q3).,declining or pointer-only removes the terms exposure at the cost of depth; not legal advice (P4),I8 families; E4 cross-refs,the conservative option (pointer-only / keep deferred),n,I7 §4 C4; packet B-39,B-39,explicit,no,non-action / status quo / conservative removal (see default_if_unanswered),per A-17 (D3-Q3 b) — vendor-hosted public pages fetched under the envelope,2026-10-01T04:49:27Z
I7-C5,B,Conflict C5: Revocation / destroy-on-request (NEW-3),"a accept, with a withdrawal-by-new-claim policy (suppress from future releases; history kept) · b accept Chicago/ABQ (city portals, already flipped) but decline the OpenFEMA API route (FEMA pages stay the funding source) · c decline all three",b,Chicago/ABQ city portals (already flipped) accepted with a withdrawal-by-new-claim policy; OpenFEMA API route declined (IT1 b).,declining or pointer-only removes the terms exposure at the cost of depth; not legal advice (P4),I8 families; E4 cross-refs,the conservative option (pointer-only / keep deferred),n,I7 §4 C5; packet B-39,B-39,explicit,no,non-action / status quo / conservative removal (see default_if_unanswered),b — accept Chicago/ABQ with a withdrawal-by-new-claim policy; decline the OpenFEMA API route,2026-10-01T04:49:27Z
I7-C7,B,Conflict C7: SDPC registry is member-only (I4-C200),a facts only from district-side pages · b partnership · c decline,a,Facts only from district-side pages; partnership is outside contact.,declining or pointer-only removes the terms exposure at the cost of depth; not legal advice (P4),I8 families; E4 cross-refs,the conservative option (pointer-only / keep deferred),n,I7 §4 C7; packet B-39,B-39,explicit,no,non-action / status quo / conservative removal (see default_if_unanswered),a — facts only from district-side pages,2026-10-01T04:49:27Z
I7-C8,B,Conflict C8: CourtListener bulk vs the deferred courtlistener_recap (I6 NEW-1; E4 R2b),"a a new per-source basis (PDM) for the bulk route only, S3 screen for party names · b keep deferred with R2b",b,Keep CourtListener deferred (courts dark this round per I8; party names are Part VIII-heavy).,declining or pointer-only removes the terms exposure at the cost of depth; not legal advice (P4),I8 families; E4 cross-refs,the conservative option (pointer-only / keep deferred),n,I7 §4 C8; packet B-39,B-39,explicit,no,non-action / status quo / conservative removal (see default_if_unanswered),b — CourtListener bulk stays deferred with R2b,2026-10-01T04:49:27Z
I7-C9,B,Conflict C9: NCSL inventory vs statutes at origin,"a refresh the seed from origins (W, X3) · b keep the frozen seed",a,"Refresh the statute seed from legislature origins (W, X3).",declining or pointer-only removes the terms exposure at the cost of depth; not legal advice (P4),I8 families; E4 cross-refs,the conservative option (pointer-only / keep deferred),n,I7 §4 C9; packet B-39,B-39,explicit,no,non-action / status quo / conservative removal (see default_if_unanswered),a — refresh the statute seed from origins,2026-10-01T04:49:27Z
I7-C10,B,Conflict C10: SEC EDGAR contact string vs P16,Q-30,answered,Q-30 answered by U-014; see I7-P1…P4 and OD-04.,declining or pointer-only removes the terms exposure at the cost of depth; not legal advice (P4),I8 families; E4 cross-refs,the conservative option (pointer-only / keep deferred),n,I7 §4 C10; packet B-39,B-39,explicit,no,non-action / status quo / conservative removal (see default_if_unanswered),answered by Q-30/U-014; contact string only after contact@ exists (C-8 alias first),2026-10-01T04:49:27Z
I7-C11,B,Conflict C11: Edmonton basis (E4 R4a),a decide R4a on the OGL-Edmonton basis once the body is captured · b keep R4a's DB-right option,a,Decide E4 R4a on the OGL-Edmonton basis once the body is captured.,declining or pointer-only removes the terms exposure at the cost of depth; not legal advice (P4),I8 families; E4 cross-refs,the conservative option (pointer-only / keep deferred),n,I7 §4 C11; packet B-39,B-39,explicit,no,non-action / status quo / conservative removal (see default_if_unanswered),a — decide E4-R4a on the OGL-Edmonton basis once the body is captured,2026-10-01T04:49:27Z
I7-X1,B,Confirmation X1: the 19 Tier-3 candidates whose captured terms prohibit (T1–T19) stay declined; facts only as pointers to origins.,confirm / change,confirm,Default recorded by I7; answer only to change it.,$0,"I8 ACQ-02, ACQ-04…07 (W)",confirm,n,I7 §1.4 X1; packet B-40,B-40,explicit,no,non-action / status quo / conservative removal (see default_if_unanswered),confirm,2026-10-01T04:49:27Z
I7-X2,B,"Confirmation X2: the 26 Part VIII blocks are existence/metadata only, never ingested.",confirm / change,confirm,Default recorded by I7; answer only to change it.,$0,"I8 ACQ-02, ACQ-04…07 (W)",confirm,n,I7 §1.4 X2; packet B-40,B-40,explicit,no,non-action / status quo / conservative removal (see default_if_unanswered),confirm,2026-10-01T04:49:27Z
I7-X3,A,Confirmation X3: the 46 widening configurations need no new HG-03 line (run under already-flipped or rights-resolved sources).,confirm / change,confirm,Default recorded by I7; answer only to change it.,$0,"I8 ACQ-02, ACQ-04…07 (W)",not confirmed — the 46 widening configurations land disabled until answered (Wave A then activates nothing new) [S4c],n,I7 §1.4 X3; packet A-7,A-7,own-words,no,non-action / status quo / conservative removal (see default_if_unanswered),confirm — the 46 widening configurations inherit their parent source's rights decision (no new HG-03 line); the Part VIII screen still applies,2026-10-01T04:07:45Z
I7-X4,B,Confirmation X4: registry and tenant label corrections M1–M7 go into a Round-11 correction ticket (ACQ-02).,confirm / change,approve,Default recorded by I7; answer only to change it.,$0,"I8 ACQ-02, ACQ-04…07 (W)",approve,n,I7 §1.4 X4; packet B-40,B-40,explicit,no,non-action / status quo / conservative removal (see default_if_unanswered),approve,2026-10-01T04:49:27Z
F1-P21.3-2,B,Status correction D-P21.3-2 → DONE (hosted jobs already use every credential).,confirm/keep,confirm,F1 verified live.,$0,T4,keep (no change without a line),n,F1 proposed corrections; packet B-43,B-43,explicit,no,non-action / status quo / conservative removal (see default_if_unanswered),confirm — D-P21.3-2 → DONE,2026-10-01T04:49:27Z
D-K0-2,B,Replace React with Preact on public surfaces,as recommended / other,Yes (−60 KB gzip per T2 page; same API shape),K0 design recommendation; reconciled by K13.,−60 KB gzip per T2 page,K0 tickets (see K13 data/k13_tickets.csv),Yes (−60 KB gzip per T2 page; same API shape),y,K0-interactive-architecture.md decisions table; packet B-22 (K-BATCH),B-22,batch,"yes-design (no publication, rights, Part VIII, identity, money or production effect; anything public still needs a Class S readout)",as recommended (design/process),as recommended (B-22 K-BATCH a): Yes (−60 KB gzip per T2 page; same API shape),2026-10-01T04:33:54Z
D-K0-3,B,Put the rounded map viewport in URLs (at=),as recommended / other,"Yes, with the precision rule (§4.5)",K0 design recommendation; reconciled by K13.,within the K0/K1/K3 cost envelopes; no legal exposure beyond Part VIII rules already applied,K0 tickets (see K13 data/k13_tickets.csv),"Yes, with the precision rule (§4.5)",y,K0-interactive-architecture.md decisions table; packet B-22 (K-BATCH),B-22,batch,"yes-design (no publication, rights, Part VIII, identity, money or production effect; anything public still needs a Class S readout)",as recommended (design/process),"as recommended (B-22 K-BATCH a): Yes, with the precision rule (§4.5)",2026-10-01T04:33:54Z
D-K0-5,B,"Treat application/ld+json blocks as data (allowed on T1), leaving the ""whether"" to J3 D-J3-7",as recommended / other,Yes,K0 design recommendation; reconciled by K13.,within the K0/K1/K3 cost envelopes; no legal exposure beyond Part VIII rules already applied,K0 tickets (see K13 data/k13_tickets.csv),Yes,y,K0-interactive-architecture.md decisions table; packet B-22 (K-BATCH),B-22,batch,"yes-design (no publication, rights, Part VIII, identity, money or production effect; anything public still needs a Class S readout)",as recommended (design/process),as recommended (B-22 K-BATCH a): Yes,2026-10-01T04:33:54Z
D-K1-3,B,Basemap extent and refresh: planet z0–15 (R2) or z0–14 (GCS); twice-yearly manual refresh,as recommended / other,as stated,K1 design recommendation; reconciled by K13.,basemap ≈138.5 GB on R2 ≈$2/mo,K1 tickets (see K13 data/k13_tickets.csv),as stated,y,K1-map.md decisions table; packet B-22 (K-BATCH),B-22,batch,"yes-design (no publication, rights, Part VIII, identity, money or production effect; anything public still needs a Class S readout)",as recommended (design/process),as recommended (B-22 K-BATCH a): as stated,2026-10-01T04:33:54Z
D-K1-4,B,"Coverage semantics: (a) counts in single-source cells are shown with a ""1 source"" label, not suppressed; (b) crowdsourced global sources do not count as ""SIG has looked""",as recommended / other,Yes to both,K1 design recommendation; reconciled by K13.,within the K0/K1/K3 cost envelopes; no legal exposure beyond Part VIII rules already applied,K1 tickets (see K13 data/k13_tickets.csv),Yes to both,y,K1-map.md decisions table; packet B-22 (K-BATCH),B-22,batch,"yes-design (no publication, rights, Part VIII, identity, money or production effect; anything public still needs a Class S readout)",as recommended (design/process),as recommended (B-22 K-BATCH a): Yes to both,2026-10-01T04:33:54Z
D-K1-6,B,"Symbol semantics: filled = corroborated, hollow = single source, double ring = contested; single-source sites shown by default",as recommended / other,Yes,K1 design recommendation; reconciled by K13.,within the K0/K1/K3 cost envelopes; no legal exposure beyond Part VIII rules already applied,K1 tickets (see K13 data/k13_tickets.csv),"no change from today's publication: single-source sites stay shown, marked with the hollow single-source symbol [S4c]",n,K1-map.md decisions table; packet B-22 (K-BATCH),B-44,explicit,no,non-action / status quo / conservative removal (see default_if_unanswered),yes — single-source sites shown by default (hollow symbol),2026-10-01T04:51:39Z
D-K1-7,B,"""My location"" button (browser-only geolocation after a click; never sent to SIG)",as recommended / other,no 'My location' button (SIG-GOV-017 bans an 'is a camera watching me right now' surface; needs a written analysis first) [S4c],K1 design recommendation; reconciled by K13.,within the K0/K1/K3 cost envelopes; no legal exposure beyond Part VIII rules already applied,K1 tickets (see K13 data/k13_tickets.csv),no 'My location' button until a written SIG-GOV-017 analysis exists and the operator answers [S4c],n,K1-map.md decisions table; packet B-22 (K-BATCH),B-44,explicit,no,non-action / status quo / conservative removal (see default_if_unanswered),"yes — 'My location' approved (operator chose it over the recommendation no): built as a map-pan-only control (browser-only geolocation after a click, never sent to SIG; no 'cameras near you' list, count, alert or proximity notice), preceded by a written SIG-GOV-017 analysis; if the analysis finds it cannot comply, the ticket pauses and returns the question (waive GOV-017 for it, or drop it) to the operator",2026-10-01T04:51:39Z
D-K1-8,B,"Ship an early ""honest map now"" slice (MAP-01a + basemap in today's island) before the full app rewrite",as recommended / other,Yes if the rewrite is more than ~2 weeks away,K1 design recommendation; reconciled by K13.,within the K0/K1/K3 cost envelopes; no legal exposure beyond Part VIII rules already applied,K1 tickets (see K13 data/k13_tickets.csv),Yes if the rewrite is more than ~2 weeks away,y,K1-map.md decisions table; packet B-22 (K-BATCH),B-22,batch,"yes-design (no publication, rights, Part VIII, identity, money or production effect; anything public still needs a Class S readout)",as recommended (design/process),as recommended (B-22 K-BATCH a): Yes if the rewrite is more than ~2 weeks away,2026-10-01T04:33:54Z
D-K2-3,B,Degree-only sharing data,as recommended / other,node attribute sentences only (SIG-INGEST-043c); confirm,K2 design recommendation; reconciled by K13.,within the K0/K1/K3 cost envelopes; no legal exposure beyond Part VIII rules already applied,K2 tickets (see K13 data/k13_tickets.csv),node attribute sentences only (SIG-INGEST-043c); confirm,y,K2-graph-and-entities.md decisions table; packet B-22 (K-BATCH),B-22,batch,"yes-design (no publication, rights, Part VIII, identity, money or production effect; anything public still needs a Class S readout)",as recommended (design/process),as recommended (B-22 K-BATCH a): node attribute sentences only (SIG-INGEST-043c); confirm,2026-10-01T04:33:54Z
D-K2-5,B,Supply relevance,as recommended / other,"exclude unclassified procurement from O1; show it on buyer pages as ""not classified""",K2 design recommendation; reconciled by K13.,within the K0/K1/K3 cost envelopes; no legal exposure beyond Part VIII rules already applied,K2 tickets (see K13 data/k13_tickets.csv),"exclude unclassified procurement from O1; show it on buyer pages as ""not classified""",y,K2-graph-and-entities.md decisions table; packet B-22 (K-BATCH),B-22,batch,"yes-design (no publication, rights, Part VIII, identity, money or production effect; anything public still needs a Class S readout)",as recommended (design/process),"as recommended (B-22 K-BATCH a): exclude unclassified procurement from O1; show it on buyer pages as ""not classified""",2026-10-01T04:33:54Z
D-K2-6,B,URL scheme and page waves,as recommended / other,adopt §3.3 and waves E1 → E2 → E3,K2 design recommendation; reconciled by K13.,within the K0/K1/K3 cost envelopes; no legal exposure beyond Part VIII rules already applied,K2 tickets (see K13 data/k13_tickets.csv),adopt §3.3 and waves E1 → E2 → E3,y,K2-graph-and-entities.md decisions table; packet B-22 (K-BATCH),B-22,batch,"yes-design (no publication, rights, Part VIII, identity, money or production effect; anything public still needs a Class S readout)",as recommended (design/process),as recommended (B-22 K-BATCH a): adopt §3.3 and waves E1 → E2 → E3,2026-10-01T04:33:54Z
D-K2-7,B,"""Possibly the same"" wording for unresolved same-name entities",as recommended / other,adopt H-8's text; never merge or add counts,K2 design recommendation; reconciled by K13.,within the K0/K1/K3 cost envelopes; no legal exposure beyond Part VIII rules already applied,K2 tickets (see K13 data/k13_tickets.csv),adopt H-8's text; never merge or add counts,y,K2-graph-and-entities.md decisions table; packet B-22 (K-BATCH),B-22,batch,"yes-design (no publication, rights, Part VIII, identity, money or production effect; anything public still needs a Class S readout)",as recommended (design/process),as recommended (B-22 K-BATCH a): adopt H-8's text; never merge or add counts,2026-10-01T04:33:54Z
D-K3-1,B,"Adopt release search v2 (federated FTS5 behind the release-pinned API + static catalog typeahead shards); no hosted engine, no Pagefind, no live-spine search on the site",as recommended / other,Yes,K3 design recommendation; reconciled by K13.,within the K0/K1/K3 cost envelopes; no legal exposure beyond Part VIII rules already applied,K3 tickets (see K13 data/k13_tickets.csv),Yes,y,K3-search.md decisions table; packet B-22 (K-BATCH),B-22,batch,"yes-design (no publication, rights, Part VIII, identity, money or production effect; anything public still needs a Class S readout)",as recommended (design/process),as recommended (B-22 K-BATCH a): Yes,2026-10-01T04:33:54Z
D-K3-2,B,"Alias governance: aliases are reviewed data rows with a cited expansion; expansion only, never a characterization or relationship",as recommended / other,Yes,K3 design recommendation; reconciled by K13.,within the K0/K1/K3 cost envelopes; no legal exposure beyond Part VIII rules already applied,K3 tickets (see K13 data/k13_tickets.csv),Yes,y,K3-search.md decisions table; packet B-22 (K-BATCH),B-22,batch,"yes-design (no publication, rights, Part VIII, identity, money or production effect; anything public still needs a Class S readout)",as recommended (design/process),as recommended (B-22 K-BATCH a): Yes,2026-10-01T04:33:54Z
D-K3-4,B,Query logging,as recommended / other,None; aggregate counters only,K3 design recommendation; reconciled by K13.,within the K0/K1/K3 cost envelopes; no legal exposure beyond Part VIII rules already applied,K3 tickets (see K13 data/k13_tickets.csv),None; aggregate counters only,y,K3-search.md decisions table; packet B-22 (K-BATCH),B-22,batch,"yes-design (no publication, rights, Part VIII, identity, money or production effect; anything public still needs a Class S readout)",as recommended (design/process),as recommended (B-22 K-BATCH a): None; aggregate counters only,2026-10-01T04:33:54Z
D-K4-2,B,"Disputed-territory point of view (TW, PS, HK, XK, EH, Crimea)",as recommended / other,ISO 3166-1 as published; XK labelled user-assigned; neutral names; one standing note,K4 design recommendation; reconciled by K13.,within the K0/K1/K3 cost envelopes; no legal exposure beyond Part VIII rules already applied,K4 tickets (see K13 data/k13_tickets.csv),ISO 3166-1 as published; XK labelled user-assigned; neutral names; one standing note,y,K4-dossier-index.md decisions table; packet B-22 (K-BATCH),B-22,batch,"yes-design (no publication, rights, Part VIII, identity, money or production effect; anything public still needs a Class S readout)",as recommended (design/process),as recommended (B-22 K-BATCH a): ISO 3166-1 as published; XK labelled user-assigned; neutral names; one standing note,2026-10-01T04:33:54Z
D-K4-3,B,Which sub-state dossiers get pages,as recommended / other,"all counties with ≥1 record (2,482); places with ≥10 records (2,817) + any place with non-site evidence; non-US admin-1 with ≥10 (218)",K4 design recommendation; reconciled by K13.,within the K0/K1/K3 cost envelopes; no legal exposure beyond Part VIII rules already applied,K4 tickets (see K13 data/k13_tickets.csv),country and state/admin-1 dossier pages only; county/place pages wait for an answer [S4c],n,K4-dossier-index.md decisions table; packet B-22 (K-BATCH),B-44,explicit,no,non-action / status quo / conservative removal (see default_if_unanswered),"as recommended — all counties with ≥ 1 record (2,482); places with ≥ 10 records (2,817) + any place with non-site evidence; non-US admin-1 with ≥ 10 (218)",2026-10-01T04:51:39Z
D-K4-4,B,US territories: under the United States or as countries,as recommended / other,"under US (Census state-equivalents), with ISO 3166-1 aliases",K4 design recommendation; reconciled by K13.,within the K0/K1/K3 cost envelopes; no legal exposure beyond Part VIII rules already applied,K4 tickets (see K13 data/k13_tickets.csv),"under US (Census state-equivalents), with ISO 3166-1 aliases",y,K4-dossier-index.md decisions table; packet B-22 (K-BATCH),B-22,batch,"yes-design (no publication, rights, Part VIII, identity, money or production effect; anything public still needs a Class S readout)",as recommended (design/process),"as recommended (B-22 K-BATCH a): under US (Census state-equivalents), with ISO 3166-1 aliases",2026-10-01T04:33:54Z
D-K4-5,B,Placement precedence placement@1 (located wins; R3 repair heuristics fall back to declared),as recommended / other,adopt; revisit when first-class Jurisdiction entities land,K4 design recommendation; reconciled by K13.,within the K0/K1/K3 cost envelopes; no legal exposure beyond Part VIII rules already applied,K4 tickets (see K13 data/k13_tickets.csv),adopt; revisit when first-class Jurisdiction entities land,y,K4-dossier-index.md decisions table; packet B-22 (K-BATCH),B-22,batch,"yes-design (no publication, rights, Part VIII, identity, money or production effect; anything public still needs a Class S readout)",as recommended (design/process),as recommended (B-22 K-BATCH a): adopt; revisit when first-class Jurisdiction entities land,2026-10-01T04:33:54Z
D-K4-6,B,URL scheme (alpha-3 country segment; name-GEOID slugs),as recommended / other,adopt; keep /dossier/ as the index root,K4 design recommendation; reconciled by K13.,within the K0/K1/K3 cost envelopes; no legal exposure beyond Part VIII rules already applied,K4 tickets (see K13 data/k13_tickets.csv),adopt; keep /dossier/ as the index root,y,K4-dossier-index.md decisions table; packet B-22 (K-BATCH),B-22,batch,"yes-design (no publication, rights, Part VIII, identity, money or production effect; anything public still needs a Class S readout)",as recommended (design/process),as recommended (B-22 K-BATCH a): adopt; keep /dossier/ as the index root,2026-10-01T04:33:54Z
D-K4-7,B,Publication profile for dossiers in countries without an adapter,as recommended / other,conservative (no public-employee names) until an adapter exists (SIG-PUB-017),K4 design recommendation; reconciled by K13.,within the K0/K1/K3 cost envelopes; no legal exposure beyond Part VIII rules already applied,K4 tickets (see K13 data/k13_tickets.csv),conservative (no public-employee names) until an adapter exists (SIG-PUB-017),y,K4-dossier-index.md decisions table; packet B-22 (K-BATCH),B-22,batch,"yes-design (no publication, rights, Part VIII, identity, money or production effect; anything public still needs a Class S readout)",as recommended (design/process),as recommended (B-22 K-BATCH a): conservative (no public-employee names) until an adapter exists (SIG-PUB-017),2026-10-01T04:33:54Z
D-K5-1,B,Which dossier levels get materialised download files,as recommended / other,country + admin-1 materialised; county/place via key columns + recipe (+ optional rate-limited API),K5 design recommendation; reconciled by K13.,within the K0/K1/K3 cost envelopes; no legal exposure beyond Part VIII rules already applied,K5 tickets (see K13 data/k13_tickets.csv),country + admin-1 materialised; county/place via key columns + recipe (+ optional rate-limited API),y,K5-dossier-sources.md decisions table; packet B-22 (K-BATCH),B-22,batch,"yes-design (no publication, rights, Part VIII, identity, money or production effect; anything public still needs a Class S readout)",as recommended (design/process),as recommended (B-22 K-BATCH a): country + admin-1 materialised; county/place via key columns + recipe (+ optional rate-limited API),2026-10-01T04:33:54Z
D-K5-3,B,"Show sources that no longer contribute (withdrawn, disappeared, not re-asserted)",as recommended / other,"yes, as ""previously contributed"" with dates and reason, below the table",K5 design recommendation; reconciled by K13.,within the K0/K1/K3 cost envelopes; no legal exposure beyond Part VIII rules already applied,K5 tickets (see K13 data/k13_tickets.csv),"yes, as ""previously contributed"" with dates and reason, below the table",y,K5-dossier-sources.md decisions table; packet B-22 (K-BATCH),B-22,batch,"yes-design (no publication, rights, Part VIII, identity, money or production effect; anything public still needs a Class S readout)",as recommended (design/process),"as recommended (B-22 K-BATCH a): yes, as ""previously contributed"" with dates and reason, below the table",2026-10-01T04:33:54Z
D-K5-4,B,Merge PKG-10's per-dossier provenance into DSRC-01,as recommended / other,yes (one owner),K5 design recommendation; reconciled by K13.,within the K0/K1/K3 cost envelopes; no legal exposure beyond Part VIII rules already applied,K5 tickets (see K13 data/k13_tickets.csv),yes (one owner),y,K5-dossier-sources.md decisions table; packet B-22 (K-BATCH),B-22,batch,"yes-design (no publication, rights, Part VIII, identity, money or production effect; anything public still needs a Class S readout)",as recommended (design/process),as recommended (B-22 K-BATCH a): yes (one owner),2026-10-01T04:33:54Z
D-K6-1,B,"Default composition: the map in ""At a glance"", network figures in their sections, scoped search in the Explore bar, all static and printable",as recommended / other,Yes,K6 design recommendation; reconciled by K13.,within the K0/K1/K3 cost envelopes; no legal exposure beyond Part VIII rules already applied,K6 tickets (see K13 data/k13_tickets.csv),Yes,y,K6-dossier-visualizations.md decisions table; packet B-22 (K-BATCH),B-22,batch,"yes-design (no publication, rights, Part VIII, identity, money or production effect; anything public still needs a Class S readout)",as recommended (design/process),as recommended (B-22 K-BATCH a): Yes,2026-10-01T04:33:54Z
D-K6-2,B,"The interactive map loads in place only on click, on desktop; phones navigate to /map/; no automatic loading on scroll",as recommended / other,Yes (keeps dossiers T1; K0 §4.3),K6 design recommendation; reconciled by K13.,within the K0/K1/K3 cost envelopes; no legal exposure beyond Part VIII rules already applied,K6 tickets (see K13 data/k13_tickets.csv),Yes (keeps dossiers T1; K0 §4.3),y,K6-dossier-visualizations.md decisions table; packet B-22 (K-BATCH),B-22,batch,"yes-design (no publication, rights, Part VIII, identity, money or production effect; anything public still needs a Class S readout)",as recommended (design/process),as recommended (B-22 K-BATCH a): Yes (keeps dossiers T1; K0 §4.3),2026-10-01T04:33:54Z
D-K6-3,B,"Network figures are static (≤ 40 nodes, grouping only, no ranking); no in-page graph explorer; expansion in /explore/",as recommended / other,Yes,K6 design recommendation; reconciled by K13.,within the K0/K1/K3 cost envelopes; no legal exposure beyond Part VIII rules already applied,K6 tickets (see K13 data/k13_tickets.csv),Yes,y,K6-dossier-visualizations.md decisions table; packet B-22 (K-BATCH),B-22,batch,"yes-design (no publication, rights, Part VIII, identity, money or production effect; anything public still needs a Class S readout)",as recommended (design/process),as recommended (B-22 K-BATCH a): Yes,2026-10-01T04:33:54Z
D-K6-4,B,"Static binning rule (areas ≥ 12 px across; points only at z ≥ 10 and ≤ 1,000 records), and ask K1 to tune its band table to the same rule",as recommended / other,Yes,K6 design recommendation; reconciled by K13.,within the K0/K1/K3 cost envelopes; no legal exposure beyond Part VIII rules already applied,K6 tickets (see K13 data/k13_tickets.csv),Yes,y,K6-dossier-visualizations.md decisions table; packet B-22 (K-BATCH),B-22,batch,"yes-design (no publication, rights, Part VIII, identity, money or production effect; anything public still needs a Class S readout)",as recommended (design/process),as recommended (B-22 K-BATCH a): Yes,2026-10-01T04:33:54Z
D-K6-5,B,"""Download figure (SVG)"" only for country and admin-1 dossiers in Round 11",as recommended / other,Yes (≈ 1.7k objects vs ≈ 28k),K6 design recommendation; reconciled by K13.,≈1.7k objects,K6 tickets (see K13 data/k13_tickets.csv),Yes (≈ 1.7k objects vs ≈ 28k),y,K6-dossier-visualizations.md decisions table; packet B-22 (K-BATCH),B-22,batch,"yes-design (no publication, rights, Part VIII, identity, money or production effect; anything public still needs a Class S readout)",as recommended (design/process),as recommended (B-22 K-BATCH a): Yes (≈ 1.7k objects vs ≈ 28k),2026-10-01T04:33:54Z
D-K6-6,B,Print: locator on page 1 (council brief); the map leads page 2,as recommended / other,Yes,K6 design recommendation; reconciled by K13.,within the K0/K1/K3 cost envelopes; no legal exposure beyond Part VIII rules already applied,K6 tickets (see K13 data/k13_tickets.csv),Yes,y,K6-dossier-visualizations.md decisions table; packet B-22 (K-BATCH),B-22,batch,"yes-design (no publication, rights, Part VIII, identity, money or production effect; anything public still needs a Class S readout)",as recommended (design/process),as recommended (B-22 K-BATCH a): Yes,2026-10-01T04:33:54Z
D-K6-7,B,"One legend lexicon: hollow = one source (map); line pattern = access kind; currency = muted ink + words; no ""hollow"" in network figures (NEW-2)",as recommended / other,Yes (with D-K14-5),K6 design recommendation; reconciled by K13.,within the K0/K1/K3 cost envelopes; no legal exposure beyond Part VIII rules already applied,K6 tickets (see K13 data/k13_tickets.csv),Yes (with D-K14-5),y,K6-dossier-visualizations.md decisions table; packet B-22 (K-BATCH),B-22,batch,"yes-design (no publication, rights, Part VIII, identity, money or production effect; anything public still needs a Class S readout)",as recommended (design/process),as recommended (B-22 K-BATCH a): Yes (with D-K14-5),2026-10-01T04:33:54Z
D-K7-1,B,Which decision kinds are in v1?,as recommended / other,solicitations + agenda items + contracts with end_date (as contract_expiry); renewals as data allows; bills and grants in v1.1,K7 design recommendation; reconciled by K13.,within the K0/K1/K3 cost envelopes; no legal exposure beyond Part VIII rules already applied,K7 tickets (see K13 data/k13_tickets.csv),as recommended,y,K7-watch.md decisions table; packet B-22 (K-BATCH),B-22,batch,"yes-design (no publication, rights, Part VIII, identity, money or production effect; anything public still needs a Class S readout)",as recommended (design/process),as recommended (B-22 K-BATCH a): solicitations + agenda items + contracts with end_date (as contract_expiry); renewals as data allows; bills and grants in v1.1,2026-10-01T04:33:54Z
D-K7-2,B,"Daily watch lane between releases (G3 publish-class status extended to watch/), or watch-only-at-release?",as recommended / other,the lane; release-only cannot serve agenda alerts,K7 design recommendation; reconciled by K13.,status-lane publishes (cents),K7 tickets (see K13 data/k13_tickets.csv),the lane; release-only cannot serve agenda alerts,y,K7-watch.md decisions table; packet B-22 (K-BATCH),B-22,batch,"yes-design (no publication, rights, Part VIII, identity, money or production effect; anything public still needs a Class S readout)",as recommended (design/process),as recommended (B-22 K-BATCH a): the lane; release-only cannot serve agenda alerts,2026-10-01T04:33:54Z
D-K7-4,B,Lead-time windows (§5.2),as recommended / other,as proposed; revisit after 2 months of data,K7 design recommendation; reconciled by K13.,within the K0/K1/K3 cost envelopes; no legal exposure beyond Part VIII rules already applied,K7 tickets (see K13 data/k13_tickets.csv),as proposed; revisit after 2 months of data,y,K7-watch.md decisions table; packet B-22 (K-BATCH),B-22,batch,"yes-design (no publication, rights, Part VIII, identity, money or production effect; anything public still needs a Class S readout)",as recommended (design/process),as recommended (B-22 K-BATCH a): as proposed; revisit after 2 months of data,2026-10-01T04:33:54Z
D-K7-5,B,Generate feeds for every place (valid but empty) or only for places with items?,as recommended / other,"every place, so subscribers can come early",K7 design recommendation; reconciled by K13.,within the K0/K1/K3 cost envelopes; no legal exposure beyond Part VIII rules already applied,K7 tickets (see K13 data/k13_tickets.csv),"every place, so subscribers can come early",y,K7-watch.md decisions table; packet B-22 (K-BATCH),B-22,batch,"yes-design (no publication, rights, Part VIII, identity, money or production effect; anything public still needs a Class S readout)",as recommended (design/process),"as recommended (B-22 K-BATCH a): every place, so subscribers can come early",2026-10-01T04:33:54Z
D-K7-6,B,Title policy for agenda items that may name people,as recommended / other,verbatim title only when the person-name screen passes; otherwise matter number + matched term,K7 design recommendation; reconciled by K13.,within the K0/K1/K3 cost envelopes; no legal exposure beyond Part VIII rules already applied,K7 tickets (see K13 data/k13_tickets.csv),matter number + matched term only; verbatim agenda titles never shown [S4c],n,K7-watch.md decisions table; packet B-22 (K-BATCH),B-44,explicit,no,non-action / status quo / conservative removal (see default_if_unanswered),as recommended — verbatim title only when the person-name screen passes; otherwise matter number + matched term,2026-10-01T04:51:39Z
D-K8-1,B,"May claim views quote an excerpt from derived-only sources, and how long?",as recommended / other,a locator always; an excerpt of ≤300 characters only where the source's recorded terms permit quotation (J4 per-source evidence); otherwise none. Needs E/J4 input; not legal advice,K8 design recommendation; reconciled by K13.,within the K0/K1/K3 cost envelopes; no legal exposure beyond Part VIII rules already applied,K8 tickets (see K13 data/k13_tickets.csv),locator only; no excerpts [S4c],n,K8-evidence.md decisions table; packet B-22 (K-BATCH),B-44,explicit,no,non-action / status quo / conservative removal (see default_if_unanswered),as recommended — a locator always; an excerpt of ≤ 300 characters only where the source's recorded terms permit quotation,2026-10-01T04:51:39Z
D-K8-2,B,Claim-view scope and cap,as recommended / other,document genres with actual_capture; cap 20k per release; overflow count disclosed,K8 design recommendation; reconciled by K13.,within the K0/K1/K3 cost envelopes; no legal exposure beyond Part VIII rules already applied,K8 tickets (see K13 data/k13_tickets.csv),document genres with actual_capture; cap 20k per release; overflow count disclosed,y,K8-evidence.md decisions table; packet B-22 (K-BATCH),B-22,batch,"yes-design (no publication, rights, Part VIII, identity, money or production effect; anything public still needs a Class S readout)",as recommended (design/process),as recommended (B-22 K-BATCH a): document genres with actual_capture; cap 20k per release; overflow count disclosed,2026-10-01T04:33:54Z
D-K8-3,B,"Are /evidence/artifact/<handle>/ pages latest-view aliases of the release anchors, or separate pages?",as recommended / other,"aliases (one template, one data path); citations always go to /r/<pub>/…",K8 design recommendation; reconciled by K13.,within the K0/K1/K3 cost envelopes; no legal exposure beyond Part VIII rules already applied,K8 tickets (see K13 data/k13_tickets.csv),"aliases (one template, one data path); citations always go to /r/<pub>/…",y,K8-evidence.md decisions table; packet B-22 (K-BATCH),B-22,batch,"yes-design (no publication, rights, Part VIII, identity, money or production effect; anything public still needs a Class S readout)",as recommended (design/process),"as recommended (B-22 K-BATCH a): aliases (one template, one data path); citations always go to /r/<pub>/…",2026-10-01T04:33:54Z
D-K8-4,B,"Show the 255 synthetic ""run record"" artifacts before activation, or hide /evidence/ until real captures are bound?",as recommended / other,"show them with honest labels. They are what every claim points to today, and hiding them repeats the blank page",K8 design recommendation; reconciled by K13.,within the K0/K1/K3 cost envelopes; no legal exposure beyond Part VIII rules already applied,K8 tickets (see K13 data/k13_tickets.csv),/evidence/ shows an honest empty state; the 255 synthetic run-record artifacts are not listed until real captures are bound [S4c],n,K8-evidence.md decisions table; packet B-22 (K-BATCH),B-44,explicit,no,non-action / status quo / conservative removal (see default_if_unanswered),as recommended — show the 255 synthetic run-record artifacts with honest labels,2026-10-01T04:51:39Z
D-K9-1,B,"Between releases, offer per-source ""interim"" extracts of newly ingested data (would need the publication, attribution and scrub gates in the status lane)?",as recommended / other,"No. ""Latest"" = latest release; use G3's early-cut trigger instead",K9 design recommendation; reconciled by K13.,$0,K9 tickets (see K13 data/k13_tickets.csv),"No. ""Latest"" = latest release; use G3's early-cut trigger instead",y,K9-sources-table.md decisions table; packet B-22 (K-BATCH),B-22,batch,"yes-design (no publication, rights, Part VIII, identity, money or production effect; anything public still needs a Class S readout)",as recommended (design/process),"as recommended (B-22 K-BATCH a): No. ""Latest"" = latest release; use G3's early-cut trigger instead",2026-10-01T04:33:54Z
D-K9-2,B,"Per-source history before Round 11: (a) manifest-only entries (D-J3-10); (b) re-derive per-source slices from the 3 restricted snapshots with corrected attribution, labelled ""re-derived""; (c) omit",as recommended / other,(a) — the snapshots carry NEW-1 rows and wrong attribution,K9 design recommendation; reconciled by K13.,$0,K9 tickets (see K13 data/k13_tickets.csv),(a) — the snapshots carry NEW-1 rows and wrong attribution,y,K9-sources-table.md decisions table; packet B-22 (K-BATCH),B-22,batch,"yes-design (no publication, rights, Part VIII, identity, money or production effect; anything public still needs a Class S readout)",as recommended (design/process),as recommended (B-22 K-BATCH a): (a) — the snapshots carry NEW-1 rows and wrong attribution,2026-10-01T04:33:54Z
D-K9-3,B,"Rename: nav label ""Sources"", canonical /sources/, /data-freshness/ 301s",as recommended / other,Yes,K9 design recommendation; reconciled by K13.,within the K0/K1/K3 cost envelopes; no legal exposure beyond Part VIII rules already applied,K9 tickets (see K13 data/k13_tickets.csv),Yes,y,K9-sources-table.md decisions table; packet B-22 (K-BATCH),B-22,batch,"yes-design (no publication, rights, Part VIII, identity, money or production effect; anything public still needs a Class S readout)",as recommended (design/process),as recommended (B-22 K-BATCH a): Yes,2026-10-01T04:33:54Z
D-K10-2,B,"Entity-browse cap (10 pages / 1,000 rows per source)",as recommended / other,"Yes; larger sources use the download, API and K3 search",K10 design recommendation; reconciled by K13.,within the K0/K1/K3 cost envelopes; no legal exposure beyond Part VIII rules already applied,K10 tickets (see K13 data/k13_tickets.csv),"Yes; larger sources use the download, API and K3 search",y,K10-source-pages.md decisions table; packet B-22 (K-BATCH),B-22,batch,"yes-design (no publication, rights, Part VIII, identity, money or production effect; anything public still needs a Class S readout)",as recommended (design/process),"as recommended (B-22 K-BATCH a): Yes; larger sources use the download, API and K3 search",2026-10-01T04:33:54Z
D-K10-3,B,Show review_packet links (packets live in the repo),as recommended / other,"Per D-J3-13: basis/role/date now, packet text per packet after review",K10 design recommendation; reconciled by K13.,within the K0/K1/K3 cost envelopes; no legal exposure beyond Part VIII rules already applied,K10 tickets (see K13 data/k13_tickets.csv),"Per D-J3-13: basis/role/date now, packet text per packet after review",y,K10-source-pages.md decisions table; packet B-22 (K-BATCH),B-22,batch,"yes-design (no publication, rights, Part VIII, identity, money or production effect; anything public still needs a Class S readout)",as recommended (design/process),"as recommended (B-22 K-BATCH a): Per D-J3-13: basis/role/date now, packet text per packet after review",2026-10-01T04:33:54Z
D-K11-1,B,"Are per-object field gaps (≈243k, OSM and DOT) research tasks?",as recommended / other,no. Show OSM-field gaps as campaigns (routed to MapRoulette under HG-08 later). Show DOT-registry field gaps as coverage metrics only (there is nothing to research),K11 design recommendation; reconciled by K13.,within the K0/K1/K3 cost envelopes; no legal exposure beyond Part VIII rules already applied,K11 tickets (see K13 data/k13_tickets.csv),as recommended,y,K11-research-queue.md decisions table; packet B-22 (K-BATCH),B-22,batch,"yes-design (no publication, rights, Part VIII, identity, money or production effect; anything public still needs a Class S readout)",as recommended (design/process),as recommended (B-22 K-BATCH a): no. Show OSM-field gaps as campaigns (routed to MapRoulette under HG-08 later). Show DOT-registry field gaps as coverage metrics only (there is nothing to research),2026-10-01T04:33:54Z
D-K11-2,B,"Approve the handle grammar (§3) for tasks, campaigns, watch items and evidence artifacts",as recommended / other,approve; K13 aligns it with K2's entity labels,K11 design recommendation; reconciled by K13.,within the K0/K1/K3 cost envelopes; no legal exposure beyond Part VIII rules already applied,K11 tickets (see K13 data/k13_tickets.csv),approve; K13 aligns it with K2's entity labels,y,K11-research-queue.md decisions table; packet B-22 (K-BATCH),B-22,batch,"yes-design (no publication, rights, Part VIII, identity, money or production effect; anything public still needs a Class S readout)",as recommended (design/process),as recommended (B-22 K-BATCH a): approve; K13 aligns it with K2's entity labels,2026-10-01T04:33:54Z
D-K11-3,B,Publish records-request drafts (statute + SIG template) on public task pages?,as recommended / other,"yes: statutes are public law, the templates are SIG's own text, no requester data, never sent",K11 design recommendation; reconciled by K13.,within the K0/K1/K3 cost envelopes; no legal exposure beyond Part VIII rules already applied,K11 tickets (see K13 data/k13_tickets.csv),"yes: statutes are public law, the templates are SIG's own text, no requester data, never sent",y,K11-research-queue.md decisions table; packet B-22 (K-BATCH),B-22,batch,"yes-design (no publication, rights, Part VIII, identity, money or production effect; anything public still needs a Class S readout)",as recommended (design/process),"as recommended (B-22 K-BATCH a): yes: statutes are public law, the templates are SIG's own text, no requester data, never sent",2026-10-01T04:33:54Z
D-K11-5,B,"Are curation-lane tasks (ER pairs, vocabulary) public?",as recommended / other,counts only; the work stays in the loopback curation app,K11 design recommendation; reconciled by K13.,within the K0/K1/K3 cost envelopes; no legal exposure beyond Part VIII rules already applied,K11 tickets (see K13 data/k13_tickets.csv),counts only; the work stays in the loopback curation app,y,K11-research-queue.md decisions table; packet B-22 (K-BATCH),B-22,batch,"yes-design (no publication, rights, Part VIII, identity, money or production effect; anything public still needs a Class S readout)",as recommended (design/process),as recommended (B-22 K-BATCH a): counts only; the work stays in the loopback curation app,2026-10-01T04:33:54Z
D-K11-6,B,Jurisdiction claiming (SIG-TASK-010/011) needs identity. Defer?,as recommended / other,"defer; v1 shows ""anyone may work this task""",K11 design recommendation; reconciled by K13.,within the K0/K1/K3 cost envelopes; no legal exposure beyond Part VIII rules already applied,K11 tickets (see K13 data/k13_tickets.csv),"defer; v1 shows ""anyone may work this task""",y,K11-research-queue.md decisions table; packet B-22 (K-BATCH),B-22,batch,"yes-design (no publication, rights, Part VIII, identity, money or production effect; anything public still needs a Class S readout)",as recommended (design/process),"as recommended (B-22 K-BATCH a): defer; v1 shows ""anyone may work this task""",2026-10-01T04:33:54Z
D-K13-2,B,"Navigation: six sections; Watch top-level; Open questions and ""How sure is SIG?"" under About; Disagreements under Explore (C-31)",as recommended / other,Yes,K13 design recommendation; reconciled by K13.,within the K0/K1/K3 cost envelopes; no legal exposure beyond Part VIII rules already applied,K13 tickets (see K13 data/k13_tickets.csv),Yes,y,K13-ux-synthesis.md decisions table; packet B-22 (K-BATCH),B-22,batch,"yes-design (no publication, rights, Part VIII, identity, money or production effect; anything public still needs a Class S readout)",as recommended (design/process),as recommended (B-22 K-BATCH a): Yes,2026-10-01T04:33:54Z
D-K13-3,B,"Map technology in one data hue until PKG-07 typing is live (C-02, with D-K14-5)",as recommended / other,Yes,K13 design recommendation; reconciled by K13.,within the K0/K1/K3 cost envelopes; no legal exposure beyond Part VIII rules already applied,K13 tickets (see K13 data/k13_tickets.csv),Yes,y,K13-ux-synthesis.md decisions table; packet B-22 (K-BATCH),B-22,batch,"yes-design (no publication, rights, Part VIII, identity, money or production effect; anything public still needs a Class S readout)",as recommended (design/process),as recommended (B-22 K-BATCH a): Yes,2026-10-01T04:33:54Z
D-K13-5,B,"New route names: /disagreements/, /changes/, /entity/ hub; retire /task/new/ (410) and never build /site/ or /map/place/",as recommended / other,Yes,K13 design recommendation; reconciled by K13.,within the K0/K1/K3 cost envelopes; no legal exposure beyond Part VIII rules already applied,K13 tickets (see K13 data/k13_tickets.csv),Yes,y,K13-ux-synthesis.md decisions table; packet B-22 (K-BATCH),B-22,batch,"yes-design (no publication, rights, Part VIII, identity, money or production effect; anything public still needs a Class S readout)",as recommended (design/process),as recommended (B-22 K-BATCH a): Yes,2026-10-01T04:33:54Z
D-K14-2,B,"The name stays ""Surveillance Infrastructure Graph (SIG)"" at surveillancegraph.org; logo direction: a node-link glyph with one dashed edge",as recommended / other,yes,K14 design recommendation; reconciled by K13.,within the K0/K1/K3 cost envelopes; no legal exposure beyond Part VIII rules already applied,K14 tickets (see K13 data/k13_tickets.csv),yes,y,K14-visual-and-onboarding.md decisions table; packet B-22 (K-BATCH),B-22,batch,"yes-design (no publication, rights, Part VIII, identity, money or production effect; anything public still needs a Class S readout)",as recommended (design/process),as recommended (B-22 K-BATCH a): yes,2026-10-01T04:33:54Z
D-K14-3,B,"Typeface: Public Sans Variable (26.2 KiB, OFL) vs the system stack (0 KiB)",as recommended / other,Public Sans: one consistent identity across operating systems for less than a sixth of the T1 budget,K14 design recommendation; reconciled by K13.,within the K0/K1/K3 cost envelopes; no legal exposure beyond Part VIII rules already applied,K14 tickets (see K13 data/k13_tickets.csv),Public Sans: one consistent identity across operating systems for less than a sixth of the T1 budget,y,K14-visual-and-onboarding.md decisions table; packet B-22 (K-BATCH),B-22,batch,"yes-design (no publication, rights, Part VIII, identity, money or production effect; anything public still needs a Class S readout)",as recommended (design/process),as recommended (B-22 K-BATCH a): Public Sans: one consistent identity across operating systems for less than a sixth of the T1 budget,2026-10-01T04:33:54Z
D-K14-4,B,"Dark mode follows the OS setting only (no toggle, no stored preference) in Round 11",as recommended / other,yes,K14 design recommendation; reconciled by K13.,within the K0/K1/K3 cost envelopes; no legal exposure beyond Part VIII rules already applied,K14 tickets (see K13 data/k13_tickets.csv),yes,y,K14-visual-and-onboarding.md decisions table; packet B-22 (K-BATCH),B-22,batch,"yes-design (no publication, rights, Part VIII, identity, money or production effect; anything public still needs a Class S readout)",as recommended (design/process),as recommended (B-22 K-BATCH a): yes,2026-10-01T04:33:54Z
D-K14-5,B,"Palette change: support moves to a slate ramp; contested and unresolved share raspberry (no red); amber means provisional; blue means links and data; categorical data uses one hue plus shapes. Approve the lexicon labels (§3.4, including ""Stated absent"")",as recommended / other,yes,K14 design recommendation; reconciled by K13.,within the K0/K1/K3 cost envelopes; no legal exposure beyond Part VIII rules already applied,K14 tickets (see K13 data/k13_tickets.csv),yes,y,K14-visual-and-onboarding.md decisions table; packet B-22 (K-BATCH),B-22,batch,"yes-design (no publication, rights, Part VIII, identity, money or production effect; anything public still needs a Class S readout)",as recommended (design/process),as recommended (B-22 K-BATCH a): yes,2026-10-01T04:33:54Z
D-K14-6,B,"Amend SIG-UI-044 to ""full on record pages, a one-line summary one action away elsewhere""; the compact cite and dispute forms (SIG-UI-033/035 substance unchanged); the golden place(s) for onboarding (with C5 Q-C5-2 / D3 §4)",as recommended / other,yes; golden place per D3,K14 design recommendation; reconciled by K13.,within the K0/K1/K3 cost envelopes; no legal exposure beyond Part VIII rules already applied,K14 tickets (see K13 data/k13_tickets.csv),yes; golden place per D3,y,K14-visual-and-onboarding.md decisions table; packet B-22 (K-BATCH),B-22,batch,"yes-design (no publication, rights, Part VIII, identity, money or production effect; anything public still needs a Class S readout)",as recommended (design/process),as recommended (B-22 K-BATCH a): yes; golden place per D3,2026-10-01T04:33:54Z
D-K10-1,B,"Approve the §6 disclosure texts verbatim (GL-GATE-07, outside-rule, terms-conflict, counsel caveat, date correction, gated/refused)",see OD-07,Approve or edit; they ship via ops/disclosures.toml,merged into OD-07,see OD-07,K10 tickets,see OD-07,n,K10-source-pages.md; merged-into OD-07; packet B-2,B-2,explicit,no,non-action / status quo / conservative removal (see default_if_unanswered),a via OD-07 (batched verbatim approval): Approve or edit; they ship via ops/disclosures.toml,2026-10-01T04:32:16Z
D-K10-4,B,Publish SIG's reliability class (default_tier) with its justification per source,see OD-07,"Yes, after the operator reviews the justification texts in batches",merged into OD-07,see OD-07,K10 tickets,see OD-07,n,K10-source-pages.md; merged-into OD-07; packet B-2,B-2,explicit,no,non-action / status quo / conservative removal (see default_if_unanswered),"a via OD-07 (batched verbatim approval): Yes, after the operator reviews the justification texts in batches",2026-10-01T04:32:16Z
D-K9-4,B,"Confirm the lifecycle state names and the header sentence (§3.3, agent-drafted)",see OD-07,Confirm or edit verbatim,merged into OD-07,see OD-07,K9 tickets,see OD-07,n,K9-sources-table.md; merged-into OD-07; packet B-2,B-2,explicit,no,non-action / status quo / conservative removal (see default_if_unanswered),a via OD-07 (batched verbatim approval): Confirm or edit verbatim,2026-10-01T04:32:16Z
D-K5-2,B,"Wording for ""first/last seen by SIG"" vs ""source-reported date""",see OD-07,adopt K5-P3 labels; approve the agent-drafted glossary text verbatim,merged into OD-07,see OD-07,K5 tickets,see OD-07,n,K5-dossier-sources.md; merged-into OD-07; packet B-2,B-2,explicit,no,non-action / status quo / conservative removal (see default_if_unanswered),a via OD-07 (batched verbatim approval): adopt K5-P3 labels; approve the agent-drafted glossary text verbatim,2026-10-01T04:32:16Z
D-K4-8,B,"Corrections-log wording for merged, mislabelled and re-placed pages",see OD-07,approve agent drafts verbatim,merged into OD-07,see OD-07,K4 tickets,see OD-07,n,K4-dossier-index.md; merged-into OD-07; packet B-2,B-2,explicit,no,non-action / status quo / conservative removal (see default_if_unanswered),a via OD-07 (batched verbatim approval): approve agent drafts verbatim,2026-10-01T04:32:16Z
D-K1-2,A,"Host the basemap on R2 (needs moving the surveillancegraph.org DNS zone from Squarespace to Cloudflare's free plan, which J3 TX-11 also needs; ≈ $3/mo at 10k sessions, ≈ $13 at 100k) or on a same-origin GCS bucket (no DNS change; ≈ $6 / ≈ $43; needs the budget alert)",see Q-31,"R2 with the DNS move, if you are comfortable moving DNS; otherwise GCS now and R2 with TX-11",merged into Q-31,see Q-31,K1 tickets,see Q-31,n,K1-map.md; merged-into Q-31; packet A-3,A-3,explicit,no,non-action / status quo / conservative removal (see default_if_unanswered),R2 with the DNS move (follows Q-31 a),2026-10-01T03:53:59Z
D-K0-4,A,"Host tiles and basemap on the zero-egress origin (R2) shared with J3 TX-11, or on GCS behind the LB",see Q-31,R2 once J3 TX-11 exists; GCS acceptable below ~10k sessions/month (≈ $2–3),merged into Q-31,see Q-31,K0 tickets,see Q-31,n,K0-interactive-architecture.md; merged-into Q-31; packet A-3,A-3,explicit,no,non-action / status quo / conservative removal (see default_if_unanswered),R2 zero-egress origin shared with TX-11 (follows Q-31 a),2026-10-01T03:53:59Z
D-K1-5,B,"Non-US place names: GeoNames cities15000 (CC BY 4.0, attribution) or Natural Earth populated places (public domain, fewer names)",see OD-09,GeoNames (better recall; attribution is cheap),merged into OD-09,see OD-09,K1 tickets,see OD-09,y,K1-map.md; merged-into OD-09; packet B-23,B-23,batch,"yes-design (no publication, rights, Part VIII, identity, money or production effect; anything public still needs a Class S readout)",as recommended (design/process),"Natural Earth now (OD-09 a), not GeoNames",2026-10-01T04:33:54Z
D-K3-3,B,"City layer for non-US places: Natural Earth populated places (public domain) now; GeoNames cities15000 (CC BY 4.0, needs attribution) only if NE proves too thin",see OD-09,NE now (an HG-03-style rights check alongside D-K4-1),merged into OD-09,see OD-09,K3 tickets,see OD-09,y,K3-search.md; merged-into OD-09; packet B-23,B-23,batch,"yes-design (no publication, rights, Part VIII, identity, money or production effect; anything public still needs a Class S readout)",as recommended (design/process),Natural Earth now (OD-09 a),2026-10-01T04:33:54Z
D-K7-3,B,"May place pages with no monitoring link to official portals and peer alert services (alpr.watch, C5 L4/Q-C5-4)?",see D3-Q4,link to official agenda portals always; peer services per C5's link policy,merged into D3-Q4,see D3-Q4,K7 tickets,see D3-Q4,n,K7-watch.md; merged-into D3-Q4; packet B-27,B-27,explicit,no,non-action / status quo / conservative removal (see default_if_unanswered),link to official agenda portals always; peer services per C5's link policy (follows D3-Q4 yes),2026-10-01T04:41:11Z
OD-10,C,Readout provenance (B7): the GATE-G3 and ACCEPT-R10 approvals were given on agent summaries (40 min / 11.5 h earlier); the signed readout texts were composed 32 s / 51 s after the approvals; none was given on 2026-10-19. Confirm this is recorded as fact in the correction ADR (with Q-E2-18's annotation).,confirm / correct,confirm,Recorded execution from the Devin session store.,$0; records only,B1 ADR; T2,B7's evidence recorded as an agent finding; the operator's confirmation is recorded as absent [S4c],n,B7 §0 items 4–5; B5 §8; packet C-1,C-1,own-words,no,non-action / status quo / conservative removal (see default_if_unanswered),confirm,2026-10-01T04:54:19Z
OD-11,C,"Harness attribution (B7): Round 1→P27.3 Devin CLI (Opus 4.8 / swe-2-high); P27.4→P31.5 Claude Code (Opus 4.8 → 5.5); P31.6→P33.8 (140 commits) Devin CLI session 'carefree-caption', swe-2-high only; Round-10 import Codex (gpt-6-astra). Was 'Pause after P31.5' a planned handover to Devin (it coincided to the minute)?",confirm / correct; handover: yes / no,confirm,477 of 480 commits attributed with high confidence.,$0,B5 corrections; T5 harness record,record as B7 found; intent 'unknown',n,"B7 §0, §4 Q-B5-3; U-015; packet C-2",C-2,explicit,no,non-action / status quo / conservative removal (see default_if_unanswered),confirm; intent = planned hand-over: 'Pause after P31.5' was a planned hand-over to Devin CLI at P31.5→P31.6,2026-10-01T04:54:19Z
OD-12,C,Backward confirmations (E2-X1) in your own words: (1) the 2026-09-16/24 'counsel' determinations were your own (U-013); (2) 'let's defer all the human review steps and proceed' (2026-09-28T01:15:49Z) is your deferral of the human-review legs; (3) GL-GATE-08 as answered in A-5.,confirm / correct each,confirm,Records then say 'operator determination' instead of implying counsel.,$0,E2 H-8; T2 corrections,"not recorded: the record says the operator has not given own words for items (1)-(3); U-013 is quoted verbatim only where it speaks (counsel), never as an answer about robots or the 09-28 deferral [S4c]",n,E2-X1 (Q-E2-21 backward part); U-013; B7 §0 item 5; packet C-3,C-3,own-words,no,non-action / status quo / conservative removal (see default_if_unanswered),"confirm — sentence adopted by selection (agent-drafted, adopted 2026-10-01T04:54:19Z): 'The 'counsel' determinations of 2026-09-16 and 09-24 were my own; there was no counsel. My 09-28 message 'let's defer all the human review steps and proceed' was my decision to defer the human review legs.' Item (3) robots = A-5",2026-10-01T04:54:19Z
D-K14-1,C,"Positioning text (agent-drafted, confirm verbatim or edit): tagline 'The evidence behind public surveillance, place by place.'; the 45-word sentence; the About paragraph; 'why it exists'; the four 'what SIG is not' lines; and D3 §1's landing text.","confirm / edit / pick an alternate tagline ('Public surveillance, traced to the documents.' / 'Who watches, who shares, who decides — sourced.')",confirm,Derived from U-001 (confirmed) and U-004/U-007.,$0,K14 UXK14-6; landing page,pages show the current copy minus false claims; new positioning waits,n,"K14 §2.1, D-K14-1; D3 §1, §7 Q5; packet C-4",C-4,own-words,no,non-action / status quo / conservative removal (see default_if_unanswered),"edit — tagline 'Public surveillance, traced to the documents.'; the sub-head, About paragraph, why-it-exists line and four 'is not' lines go to copy batch #1 for verbatim confirmation (B-2)",2026-10-01T04:56:11Z
D-K14-7,C,"About page: 'who runs SIG' — your name, or 'a single independent maintainer' — plus the independence and costs statement (you write; agents draft only).",named / unnamed / other,"operator's choice (the public repo already names the individual, E1)",Legal-home disclosure (Q-E2-08) and U-014 contact.,$0; naming yourself links the project to you publicly (it already is via the repo and Q-29 address).,UXK14 About,the 'who runs SIG' section is omitted from About until the operator writes it; no placeholder text about the operator ships [S4c],n,K14 D-K14-7; E2-04; E1 (public repo names the individual); packet C-5,C-5,own-words,no,non-action / status quo / conservative removal (see default_if_unanswered),omit until the operator writes it — no 'who runs SIG' section or placeholder ships,2026-10-01T04:56:11Z
OD-13,C,"Repository visibility: `gh repo view` reads PUBLIC (E1, F1, F2b); J3, J4 and K14 were written assuming a private repo. Confirm the repo stays public (it makes D-J3-3/D-J3-13/D-K14-8 moot, re-opens SWH, and makes any push of the planning branch a publication).",stays public / make private,stays public,Live read at planning time; U-004 'open source scrutiny'.,$0,"D-J3-3, D-J3-13, D-K14-8, Q-E2-23, Q-H2-6",stays public (no change),n,E1-21; F1 D-P21.5-1; J3 D-J3-3; K14 D-K14-8; packet C-6,C-6,explicit,no,non-action / status quo / conservative removal (see default_if_unanswered),stays public,2026-10-01T04:56:11Z
OD-14,C,Cost truth: G1's ≈$90–100/mo is a list-price estimate (no billing data readable). What did the last GCP invoice actually show?,a number,state the last invoice total,Replaces the estimate in S2's budget; README's '≈$0/$9' claims are corrected either way.,$0,G1-10; S2,"keep the estimate, labelled inference",n,G1 §3.8; packet C-7,C-7,explicit,no,non-action / status quo / conservative removal (see default_if_unanswered),"don't know — keep the ≈ $90–100/mo estimate, labelled inference, until P34.5's billing export measures it",2026-10-01T04:56:11Z
OD-15,C,"Q-30 scope: under U-014 the operator's name + address will be sent as the contact string by Round-11 connectors that require one (EDGAR User-Agent, API sign-ups) unless OD-04's alias exists first. Confirm.",confirm / alias first,alias first (OD-04),U-014 approved it; the alias is cheaper exposure.,$0,I7 P1–P4; B-17,alias first: no request that needs a contact string is sent until the contact@ alias exists or the operator answers; the need is stopped and recorded (P16) [S4c],n,U-014; P16 amendment; I4 incident; packet C-8,C-8,explicit,no,non-action / status quo / conservative removal (see default_if_unanswered),"alias first — no request needing a contact string (EDGAR, 511 / QLD / NSW key sign-ups) is sent until contact@surveillancegraph.org exists",2026-10-01T04:59:05Z
Q-H2-2,C,"The `SIG_INTAKE_*_SECRET` lines found in two planning notes were a random-generator shell command, not a value, and were reworded; confirm no such value was ever used in a deployed or staging configuration.",confirm / rotate,confirm,Orchestrator verified it was a command; the branch was never pushed.,$0,T6 secret scan,treat as resolved,n,H2 §9 Q-H2-2; META_PLAN §11 H2 entry; packet C-9,C-9,explicit,no,non-action / status quo / conservative removal (see default_if_unanswered),confirm — no such value was used in any deployed or staging config,2026-10-01T04:59:05Z
Q-B1-4,C,"Does any persistent local database (your `sig-ops up` volume, `.codex/worktrees` composed stacks) hold Round-10 sqitch changes (L44–52)?",yes / no / don't know,answer if known,Matters only if re-stamping L44–52 is ever considered.,$0,B1; G2 step 1,assume unknown; never re-stamp,n,B1 §9 Q-B1-4; packet C-10,C-10,explicit,no,non-action / status quo / conservative removal (see default_if_unanswered),"yes — operator-approved local, read-only inspection (2026-10-01T04:59:41Z): the stopped P33.2 test container sig-p332-db holds 48 sqitch changes incl. L44–52 as stamped; never re-stamp L44–52; date corrections by appended amendment only",2026-10-01T04:59:05Z
OD-16,C,"Confirm the agent interpretations recorded under U-002…U-015 in OPERATOR_FEEDBACK (journalist exploration as a primary acceptance journey; Stream L for confidence; K14; $300/$1,000 rule; no outreach/recruiting/records-request sending/contribution-back; contact alias; B7).",confirm / correct named items,confirm,They are labelled agent interpretations pending S5.,$0,S3 §4 ratified decisions,treated as provisional; plan cites them as interpretations,n,OPERATOR_FEEDBACK agent interpretation block; packet C-11,C-11,explicit,no,non-action / status quo / conservative removal (see default_if_unanswered),confirm,2026-10-01T04:59:05Z
D2-01,D2,"React: Rights and attribution at publish time are broken: public downloads and the API credit third-party CC-BY rows (Iowa DOT, DC, Gold Coast) and EFF Atlas rows to 'DeFlock community map'; personal ArcGIS handles appear in public source ids.",agree / disagree / unsure; priority P1 (Wave 0–1) · P2 (this round) · P3 (later),"S0; proposed response: Wave 0: attribution defect + publish-time gate + re-key (E2-12, DR-C6-01)",Evidence in the cited rows (P1).,operator priority re-orders S2 waves,S2 ordering; S3 themes,agree at the severity shown; priority from the proposed response,y,"F-387, F-097, F-131; TH-02; packet D2-01",D2-01,batch,no,"no reaction recorded (priorities stay as drafted, labelled agent-proposed)","agree, P1 (ticked at the shown priority)",2026-10-01T05:03:05Z
D2-02,D2,"React: Fixtures and unbound status words are shown as real: a fixture two-reviewer 'hostile-reader review' on /editorial-standards/, test facts about OKC PD / Flock on /visual-language/, a 'human-verified holdout' that is LLM-bootstrapped.",agree / disagree / unsure; priority P1 (Wave 0–1) · P2 (this round) · P3 (later),S0; proposed response: Wave 0 honesty republish + fixture/status-word publish guard,Evidence in the cited rows (P1).,operator priority re-orders S2 waves,S2 ordering; S3 themes,agree at the severity shown; priority from the proposed response,y,"F-183, F-096, F-06; TH-01; packet D2-02",D2-02,batch,no,"no reaction recorded (priorities stay as drafted, labelled agent-proposed)","agree, P1 (ticked at the shown priority)",2026-10-01T05:03:05Z
D2-03,D2,React: Every page promises a one-click dispute channel that does not exist.,agree / disagree / unsure; priority P1 (Wave 0–1) · P2 (this round) · P3 (later),S0; proposed response: Wave 0 honest notice + the operator's address (Q-29); intake later,Evidence in the cited rows (P1).,operator priority re-orders S2 waves,S2 ordering; S3 themes,agree at the severity shown; priority from the proposed response,y,F-03; TH-13; packet D2-03,D2-03,batch,no,"no reaction recorded (priorities stay as drafted, labelled agent-proposed)","agree, P1 (ticked at the shown priority)",2026-10-01T05:03:05Z
D2-04,D2,"React: The public API dossier endpoint returns the same 25 placeholder subjects for every scope; bulk data, manifest, API and terms are linked nowhere.",agree / disagree / unsure; priority P1 (Wave 0–1) · P2 (this round) · P3 (later),S0; proposed response: Round-10 API activation (G2 step 1); downloads center behind $0 egress (J3),Evidence in the cited rows (P1).,operator priority re-orders S2 waves,S2 ordering; S3 themes,agree at the severity shown; priority from the proposed response,y,"F-130, F-103; TH-07; packet D2-04",D2-04,batch,no,"no reaction recorded (priorities stay as drafted, labelled agent-proposed)","agree, P1 (ticked at the shown priority)",2026-10-01T05:03:05Z
D2-05,D2,React: SIG does not have a deduplicated graph: the same camera is counted once per publisher; dossier counts are up to 2.25× inflated; 13.5 % of points have another source's point within 25 m vs 3.75 % merged.,agree / disagree / unsure; priority P1 (Wave 0–1) · P2 (this round) · P3 (later),S1; proposed response: Stream L: CONF-07a/b derivation collapse + intervals; D-K13-4,Evidence in the cited rows (P1).,operator priority re-orders S2 waves,S2 ordering; S3 themes,agree at the severity shown; priority from the proposed response,y,L1 §0; L2; packet D2-05,D2-05,batch,no,"no reaction recorded (priorities stay as drafted, labelled agent-proposed)","agree, P1 (ticked at the shown priority)",2026-10-01T05:03:05Z
D2-06,D2,React: Evidence is not bound to bytes: 0 of 2.78M claim–evidence links reach real captured bytes; /evidence is empty by a hard-coded exporter; 0/255 public evidence items carry an upstream URL.,agree / disagree / unsure; priority P1 (Wave 0–1) · P2 (this round) · P3 (later),S1; proposed response: G2 capture binding; K8 EV-01…03; J3 TX-08,Evidence in the cited rows (P1).,operator priority re-orders S2 waves,S2 ordering; S3 themes,agree at the severity shown; priority from the proposed response,y,L2; K8; J1; packet D2-06,D2-06,batch,no,"no reaction recorded (priorities stay as drafted, labelled agent-proposed)","agree, P2 (ticked at the shown priority)",2026-10-01T05:03:05Z
D2-07,D2,React: Jurisdiction and geometry are wrong at scale: 91.5 % of 'unresolved' is inside the US; Idaho+Indonesia and Minnesota+Mongolia share dossiers; 562 axis swaps; Oklahoma has no dossier.,agree / disagree / unsure; priority P1 (Wave 0–1) · P2 (this round) · P3 (later),S1; proposed response: Wave 1: canonical jurisdiction key + point-in-polygon gate (JUR-01…07),Evidence in the cited rows (P1).,operator priority re-orders S2 waves,S2 ordering; S3 themes,agree at the severity shown; priority from the proposed response,y,"F-04, F-44; K4; L2; TH-04; packet D2-07",D2-07,batch,no,"no reaction recorded (priorities stay as drafted, labelled agent-proposed)","agree, P1 (ticked at the shown priority)",2026-10-01T05:03:05Z
D2-08,D2,React: Names and types: 82.8 % of published entities have no label (UUIDs shown); every connector subject is typed `deployment`; 77 % of `traffic_camera` subjects are ALPR/police CCTV/enforcement by their own source.,agree / disagree / unsure; priority P1 (Wave 0–1) · P2 (this round) · P3 (later),"S1; proposed response: Wave 1: GX-01 labels, PKG-07 technology typing, PKG-11 entity typing",Evidence in the cited rows (P1).,operator priority re-orders S2 waves,S2 ordering; S3 themes,agree at the severity shown; priority from the proposed response,y,K0; K2; L1; L2; packet D2-08,D2-08,batch,no,"no reaction recorded (priorities stay as drafted, labelled agent-proposed)","agree, P1 (ticked at the shown priority)",2026-10-01T05:03:05Z
D2-09,D2,"React: Relationships are thin and undated: the only relations are 130 sharing edges from one 2016–17 EFF dataset stamped 2020; 98.8 % of edges undated; 474,184 Flock share-list edges sit ingested but unused.",agree / disagree / unsure; priority P1 (Wave 0–1) · P2 (this round) · P3 (later),S1; proposed response: CONF-06 roles/time; D-K2-4; GX-08b,Evidence in the cited rows (P1).,operator priority re-orders S2 waves,S2 ordering; S3 themes,agree at the severity shown; priority from the proposed response,y,L1; L2; K2; I3; packet D2-09,D2-09,batch,no,"no reaction recorded (priorities stay as drafted, labelled agent-proposed)","agree, P2 (ticked at the shown priority)",2026-10-01T05:03:05Z
D2-10,D2,"React: Coverage blind spots: Flock only via one mirror (~23 % of networks); Axon/Fusus/RTCC nothing; 22 states without dossiers; the national OSM ALPR origin (154,814 objects) is ingested only as a stale 132,689-object copy.",agree / disagree / unsure; priority P1 (Wave 0–1) · P2 (this round) · P3 (later),"S1; proposed response: Stream I Waves A–D (widening first, then Tier 1)",Evidence in the cited rows (P1).,operator priority re-orders S2 waves,S2 ordering; S3 themes,agree at the severity shown; priority from the proposed response,y,I1; I3; I8; packet D2-10,D2-10,batch,no,"no reaction recorded (priorities stay as drafted, labelled agent-proposed)","agree, P2 (ticked at the shown priority)",2026-10-01T05:03:05Z
D2-11,D2,React: Operations run blind: sig-probe failing every sweep since 09-27 with 28 critical alerts only in a log; every workload on the default compute SA with roles/editor; buckets unversioned ('WORM' claim false); cost ≈$90–100/mo vs the documented '≈$0/$9'.,agree / disagree / unsure; priority P1 (Wave 0–1) · P2 (this round) · P3 (later),S1; proposed response: Wave 0 QA-1…QA-10 + per-workload SAs (OD-01 for timing),Evidence in the cited rows (P1).,operator priority re-orders S2 waves,S2 ordering; S3 themes,agree at the severity shown; priority from the proposed response,y,G1-01…10; packet D2-11,D2-11,batch,no,"no reaction recorded (priorities stay as drafted, labelled agent-proposed)","agree, P1 (ticked at the shown priority)",2026-10-01T05:03:05Z
D2-12,D2,"React: Build memory is not a safe resume point: 595 records / 2,283 dated occurrences on dates that did not happen (a self-invented 'chain date'); 53 GATE DECISIONS rows deleted; a 679 KB ledger that costs ~32k tokens to orient.",agree / disagree / unsure; priority P1 (Wave 0–1) · P2 (this round) · P3 (later),S1; proposed response: Stage-B seed (A-13) + B4 guards + B6 skills,Evidence in the cited rows (P1).,operator priority re-orders S2 waves,S2 ordering; S3 themes,agree at the severity shown; priority from the proposed response,y,B1; B2; B3; packet D2-12,D2-12,batch,no,"no reaction recorded (priorities stay as drafted, labelled agent-proposed)","agree, P1 (ticked at the shown priority)",2026-10-01T05:03:05Z
D2-13,D2,React: Gates became a throughput device: 35 of 76 gate records answered at a pause with evidence; blockedOn never set in 194 ledger commits; the two Round-10 signed readouts were written after the approvals.,agree / disagree / unsure; priority P1 (Wave 0–1) · P2 (this round) · P3 (later),"S1; proposed response: A-15/A-16: pauses, verbatim confirmation, optional operator signing key",Evidence in the cited rows (P1).,operator priority re-orders S2 waves,S2 ordering; S3 themes,agree at the severity shown; priority from the proposed response,y,B5; B7; F-36; packet D2-13,D2-13,batch,no,"no reaction recorded (priorities stay as drafted, labelled agent-proposed)","agree, P1 (ticked at the shown priority)",2026-10-01T05:03:05Z
D2-14,D2,React: 'MET' does not mean met: 86 of the 89 spec ids cited by live failures read MET; the 75 boilerplate MET-DIFFERENTLY rows fail 7 of 13 samples.,agree / disagree / unsure; priority P1 (Wave 0–1) · P2 (this round) · P3 (later),S1; proposed response: Verdict vocabulary + re-verdicts (B-4),Evidence in the cited rows (P1).,operator priority re-orders S2 waves,S2 ordering; S3 themes,agree at the severity shown; priority from the proposed response,y,C6 §4; F2b; packet D2-14,D2-14,batch,no,"no reaction recorded (priorities stay as drafted, labelled agent-proposed)","agree, P2 (ticked at the shown priority)",2026-10-01T05:03:05Z
D2-15,D2,"React: The audiences are not served yet: 31 tasks → 5 successes; journalist 0/3, organizer 0/6; SIG answers 1 of 13 core audience tasks where peers answer many — its unclaimed niche is cost + decision date, disagreement between sources, and a printable cited brief.",agree / disagree / unsure; priority P1 (Wave 0–1) · P2 (this round) · P3 (later),S1; proposed response: D3 direction; K13 capstone journeys,Evidence in the cited rows (P1).,operator priority re-orders S2 waves,S2 ordering; S3 themes,agree at the severity shown; priority from the proposed response,y,C2; C5; REVIEW_SYNTHESIS §0; packet D2-15,D2-15,batch,no,"no reaction recorded (priorities stay as drafted, labelled agent-proposed)","agree, P2 (ticked at the shown priority)",2026-10-01T05:03:05Z
D2-16,D2,"React: The map's dots 'vanish' because tile generation uses tippecanoe's default point dropping: 0.03 % of 227,335 sites survive at z3, 25.6 % at z12; no test exercises production tiles.",agree / disagree / unsure; priority P1 (Wave 0–1) · P2 (this round) · P3 (later),S1; proposed response: K1 MAP-00/01a (early 'honest map now' slice),Evidence in the cited rows (P1).,operator priority re-orders S2 waves,S2 ordering; S3 themes,agree at the severity shown; priority from the proposed response,y,K1 root cause; F-104; packet D2-16,D2-16,batch,no,"no reaction recorded (priorities stay as drafted, labelled agent-proposed)","agree, P1 (ticked at the shown priority)",2026-10-01T05:03:05Z
D-J3-12,B,Approval flow for per-source descriptions and known-issue texts (agent drafts in batches of ~25; operator confirms verbatim; pages show description_pending_review until then).,see OD-07,see OD-07,merged into OD-07,see OD-07,"J3 TX-05, TX-06",see OD-07,n,J3 D-J3-12; merged-into OD-07; packet B-2,B-2,explicit,no,non-action / status quo / conservative removal (see default_if_unanswered),a via OD-07 (batched verbatim approval): see OD-07,2026-10-01T04:32:16Z
OD-17,A,"Removal-only, now (Track-0 style, own go): remove the 41 e-mail-shaped ArcGIS owner strings and the personal-handle tokens from the NON-id text (notes, agency values) of connectors/src/connectors/data/camera_registry_targets.toml at the public repo tip, via an agent-prepared PR the operator merges to main (mirrored into the Round-11 stack at T6)?","a) yes, now · b) no — wait for P34.18 (>= 10-13)",a,"SIG-PUB-002 excludes personal identifiers unrelated to institutional conduct from every tier; the repo is public and the strings are on origin/main (TS-04). Id fields themselves need the alias map (P34.18), so they wait.",a: one operator merge; history keeps the strings (OD-20). b: the strings stay public until the operator merges the Round-11 stack.,TS-04 closure; P34.18 scope,"not done; owed by P34.18/P34.21; the risk is recorded as UNRESOLVED, not accepted",n,S4 TS-04; findings F-097/F-131; RI-01; packet A-0; S4c,A-0,explicit,no,non-action,"b — no, wait for P34.18: no Track-0 change; P34.18 (early 11A) removes the 41 e-mail-shaped owner strings and handle tokens from the registry's non-id text; exposure recorded unresolved, operator-deferred (not accepted)",2026-10-01T03:41:19Z
OD-18,A,"Removal-only, now: remove anonymous read/list access to the 09-27 release tree in sig-public (excluding any prefix the live site fetches at runtime, confirmed by a read-only listing first), leaving a tombstone note per G3's withdrawal model; reversible?","a) yes, now · b) no — wait for P34.21/P35.59",a,The listable bucket carries handle-bearing ids and values and the misattributed downloads; nothing on the site links to the tree; also closes the denial-of-wallet window (R-6).,a: downloads that nobody links to stop being anonymously readable until republish #2 / the release layout. b: exposure continues to >= 10-13 and LATER-20 keeps the root frozen.,"TS-04, TS-12, R-6",not done; owed by P34.18/P34.21/P35.59; risk UNRESOLVED,n,S4 TS-04/TS-12; J3:100; F-387; packet A-0; S4c,A-0,explicit,no,non-action,"b — no, wait for P34.21: no Track-0 change; P34.21b (early 11A, its own verbatim go) removes anonymous read/list on the sig-public 09-27 tree; exposure unresolved, operator-deferred",2026-10-01T03:41:19Z
OD-19,A,"Removal-only, now: remove the /visual-language/ prefix (RI-05 fixture facts about OKC PD, Flock and the Oklahoma County Sheriff) and the site pages whose URL or title embeds a personal handle (404 until the re-key republish)?","a) yes, now · b) no — wait for republish #1 (P34.17) / #2 (P34.21)",a,Same removal-only class as Track 0.2 (/curate/); no new text ships.,a: the pages 404 until P34.18/P34.21 restore them under neutral ids. b: they stay public until the republishes.,"TS-04 (RI-05), TS-12",not done; owed by P34.17/P34.21; risk UNRESOLVED,n,S4 TS-04; F-096; RI-05; packet A-0; S4c,A-0,explicit,no,non-action,"b — no, wait for republish: republish #1 (P34.17) removes /visual-language/ and the handle-bearing pages; exposure unresolved, operator-deferred until then",2026-10-01T03:41:19Z
OD-20,A,"Git history: the handle and e-mail-shaped strings stay in public history and on ~96 remote branches. History rewriting is out of the agents' scope. Do you (a) accept retention and disclose it in the P34.18 correction note, or (b) reserve a later operator-run rewrite? Either way, no Software Heritage / Zenodo deposit of the history happens until you answer.",a) accept + disclose · b) reserve a later operator-run rewrite (agents never rewrite history),a,An SWH deposit (P37.55) is irreversible; deciding before it keeps the option open (TS-04 fix 4).,a: disclosure; deposits may proceed after the history scan. b: deposits wait for the operator's rewrite.,"P37.55, OP-19",no answer recorded; P37.55's SWH deposit and any Zenodo package of history wait,n,S4 TS-04; packet A-0; S4c,A-0,own-words,no,non-action,"a — accept and disclose: history retained (agents never rewrite it) and disclosed in P34.18's correction note; SWH/Zenodo deposits of history unblocked after the history scan (B-6, B-21)",2026-10-01T03:41:19Z
OD-21,A,"Calendar slip trade-off (FEA-12): the windows quantise slips. If first dispatch R0 is later than 2026-10-07, which do you prefer?","a) let each wave slip to its next window (the cliff table in PLAN §8.8; final release then >= 12-13T12:00Z, tail in late December) · b) protect the final-release date: drop Wave D first, then queue Wave C to the next round · c) pause the round at the slip and re-plan",a,Decided now instead of discovered later (FEA-12).,"a: later dates, nothing dropped. b: coverage descoped (listed in §4.4). c: a re-plan sitting.",PLAN §8.8 cliff table,a — nothing dropped; dates slip per the cliff table (non-action),n,S4 FEA-12; packet A-19; S4c,A-19,explicit,no,non-action,"a — let waves slip to their next windows (cliff table, plan §8.8); nothing dropped",2026-10-01T04:25:48Z
OD-22,A,"Live-API visibility of spine writes before HG-11 (FEA-07): structural spine writes (ER re-run, 5,278-subject re-key, typing backfills, rematerialisations) change live API answers before any Class S readout unless P35.57 first moves release-backed routes to release files. Routine scheduled ingestion has always reached the live-spine routes.","a) accept: these writes may change live-spine API answers before HG-11, disclosed by the API's basis label and a /status/ notice · b) no: P35.57 runs first in 11B (its own go, collected at G4); P34.45 and the 11B structural writes wait for it",b,Keeps 'publication is never pre-authorised' true for the API (FEA-07).,"a: fewer pauses, earlier public change. b: one API-roll go at G4; structural writes queue behind it.","P34.45, P35.22-P35.27, P35.46",b — structural writes wait for P35.57 (non-action on the public API),n,S4 FEA-07; packet A-20; S4c,A-20,explicit,no,non-action,"a — 'Yes, with labels' (operator chose it over b): structural spine writes may change live-API answers before HG-11, disclosed by every response's basis label and a /status/ notice; P35.57 is no longer a precondition",2026-10-01T04:25:48Z
OD-23,A,Agent commit authorship (TS-11): 478 of 480 Round-1..10 commits and this planning branch are authored with your name and address whatever harness wrote them. Should Round-11 agent commits use a distinct author identity?,a) distinct agent author identity (name + a non-personal no-reply address you pick); pushes still use your account · b) keep your name as author; every agent commit carries the harness/model trailer (enforced in CI either way),a,"Git authorship cannot attribute agent work today (B5, F-37); a distinct author makes the record honest and stops using your identity for work you did not author.","a: a git-config change in the seed; no history change. b: status quo, disclosed risk.",T5 OPERATING MODE; OM-01,b (status quo) recorded as a DISCLOSED RISK; OM-01 trailers enforced regardless,n,S4 TS-11; B5:62-64; packet A-21; S4c,A-21,explicit,no,status-quo-disclosed,b — 'Keep my name': the operator's name stays as commit author (disclosed risk); harness/model trailers enforced in CI (OM-01),2026-10-01T04:25:48Z
OD-24,A,"Eyes on Flock mirror and the Flock/Axon coverage ceiling (TS-06): eyes_on_flock is a MIRROR of vendor-hosted Flock portals whose terms forbid bulk extraction; it was flipped 2026-09-16 under the GL-GATE-06 blanket rule by a DELEGATED review and supplies 474,184 sharing edges. Decide it as an explicit rights line.","a) keep it live on Eyes on Flock's CC-BY-SA-4.0 basis, record the 2026-09-16 review as delegated, no extension (D-K2-4 no) · b) keep it live and use the share lists (D-K2-4 yes) after a Part VIII screen · c) suspend it (you flip ingestion_permitted=false) pending your own review",a,"The vendor rule becomes 'no Flock/Axon fact whose only provenance is a vendor host or a mirror of one'; Flock/Axon depth then comes from agency, procurement and statutory origins only (PLAN §5.5).","a: status quo, disclosed; Flock share-list depth unused. b: extends use of a terms-conflicted mirror. c: removes the mirror's facts from future releases.",A-17; P37.25 overview builder B; PLAN §5.5,status unchanged and no extension (D-K2-4 no); the delegated review is disclosed as delegated,n,S4 TS-06; sources.toml:321-366; I3:92-93; packet A-22; S4c,A-22,explicit,no,status-quo-disclosed,"b — keep the Eyes on Flock mirror live on its CC-BY-SA-4.0 basis, the 09-16 review disclosed as delegated, and use its share lists (D-K2-4 yes)",2026-10-01T04:25:48Z
WV-01,A,"Waiver candidate: SIG-GOV-012/013 — legal home and legal-defence resources BEFORE public launch. Waive by ADR in your own words (interim individual home, disclosed), or keep owed?",a) waive in your own words (ADR-165) · b) keep owed; listed at GATE-ANNOUNCE as unmet at launch,your words,U-013/U-008 make the MUST unmeetable now; an 'amendment' that weakens a MUST is a waiver (TS-05).,a: WAIVED(ADR-165). b: stays PARTIAL; GATE-ANNOUNCE shows it.,ADR-165; GATE-ANNOUNCE,not waived; stays owed and is listed on GATE-ANNOUNCE's 'unmet at launch' list,n,S4 TS-05; spec :6521-6530; packet A-23; S4c,A-23,own-words,no,non-action,"a — waived (adopted by selection, agent-drafted): 'I waive SIG-GOV-012/013 for now: SIG's legal home is me as an individual, disclosed on the site, revisited at announcement, a first legal demand, funding, or a second maintainer.'",2026-10-01T04:28:49Z
WV-02,A,"Waiver candidate: SIG-GOV-015 — an editorial board for officer naming and sensitivity classifications ('not whoever holds commit access'). Waive for an interim single-maintainer authority with a public decision log, or keep owed?",a) waive in your own words (ADR-164) · b) keep owed,your words,TS-05,"a: WAIVED(ADR-164). b: MISSING, listed at GATE-ANNOUNCE.",ADR-164; P37.7,not waived; stays owed; listed at GATE-ANNOUNCE,n,S4 TS-05; spec :6537-6542; packet A-23; S4c,A-23,own-words,no,non-action,"a — waived (adopted by selection, agent-drafted): 'I waive SIG-GOV-015's editorial board: I hold interim single-maintainer editorial authority, and every naming/sensitivity decision goes in a public decision log.'",2026-10-01T04:28:49Z
WV-03,A,"Waiver candidate: SIG-PUB-008 / go-live HG-11 — two reviewer roles + written concurrence. Every Round-11 Class S readout is your sole decision. Waive the second-reviewer role for Round-11 releases, or keep owed?","a) waive in your own words (ADR-163; readouts say 'single maintainer, no second reviewer') · b) keep owed",your words,TS-05; G3:430-432,"a: WAIVED(ADR-163). b: owed, every readout discloses it.",ADR-163; P35.63/P36.72b/P37.65b,not waived; owed; each readout discloses the missing second reviewer,n,S4 TS-05; E1:72-95; packet A-23; S4c,A-23,own-words,no,non-action,"a — waived (adopted by selection, agent-drafted): 'I waive the second-reviewer role (SIG-PUB-008 / HG-11) for Round-11 releases; each readout states 'single maintainer, no second reviewer'.'",2026-10-01T04:28:49Z
WV-04,A,"Waiver candidate: SIG-UI-042 — 'release is blocked until every hostile-reader finding is dispositioned'. G2 H-1 moves the gate so a truthful record does not fail the build. Waive, or keep owed (then dossier releases carry the open findings as known issues)?",a) waive in your own words · b) keep owed,your words,"TS-05 (E1-01: 'waived, not satisfied')",a: WAIVED(ADR). b: owed; the gate move is recorded as a deviation.,P34.17 (H-1),not waived; owed; the gate move is listed as an accepted-deviation candidate at GATE-ACCEPT-R11,n,S4 TS-05; spec :5997-6001; packet A-23; S4c,A-23,own-words,no,non-action,"a — waived (adopted by selection, agent-drafted): 'I waive SIG-UI-042's release block: releases may ship with the hostile-reader review recorded truthfully as 'not yet performed' and any findings listed as known issues.'",2026-10-01T04:28:49Z
WV-05,A,"Waiver candidate: SIG-GOV-001/002 — one-click intake and no submitter identification. Intake is e-mail-only to your address until after the announcement, so a sender must disclose an address. Waive for Round 11, or keep owed?",a) waive in your own words · b) keep owed,your words,TS-05; B-8,a: WAIVED(ADR). b: owed; listed at GATE-ANNOUNCE.,B-8; P37.59,not waived; owed; listed at GATE-ANNOUNCE,n,S4 TS-05; spec :6460-6467; packet A-23; S4c,A-23,own-words,no,non-action,"a — waived (adopted by selection, agent-drafted): 'I waive one-click, unidentified intake (SIG-GOV-001/002) for Round 11: corrections come by e-mail, and the site says plainly that senders disclose their address.'",2026-10-01T04:28:49Z
WV-06,A,"Waiver candidate: SIG-GOV-008 — true deletion needs two-person authorisation; unmeetable with one human. Waive for Round 11, or keep owed (then no true deletion happens; withdrawal only)?",a) waive in your own words · b) keep owed (withdrawal only),your words,TS-05,a: WAIVED(ADR). b: owed; deletions are withdrawals.,B-14; P35.55,"not waived; owed; only withdrawals, never true deletion",n,S4 TS-05; spec :6492-6495; packet A-23; S4c,A-23,own-words,no,non-action,"a — waived (adopted by selection, agent-drafted): 'I waive two-person authorisation for true deletion (SIG-GOV-008): I alone may authorise a deletion, publicly logged with its reason.'",2026-10-01T04:28:49Z
WV-07,A,"Waiver candidate: the counsel clauses of SIG-LIC-009 and SIG-INGEST-037 ('counsel reviews'): the plan's 'operator-accepted rights basis' and 'robots narrowed' weaken them. Waive in your own words, or keep owed?",a) waive in your own words (ADR-167/168/169) · b) keep owed (LATER-05),your words,TS-05; U-013,a: WAIVED(ADR). b: owed; publication rests on your recorded risk acceptance only where you gave it.,ADR-167..169; LATER-05,not waived; owed (LATER-05),n,S4 TS-05; PLAN §6.3; packet A-23; S4c,A-23,own-words,no,non-action,"a — waived (adopted by selection, agent-drafted): 'I waive the counsel-review clauses of SIG-LIC-009 and SIG-INGEST-037; rights decisions rest on my recorded determinations, labelled as such.'",2026-10-01T04:28:49Z
OD-26,A,Agent-spend envelope (FEA-10): the round needs roughly 360-450 fresh agent contexts (≈ 90-270 M tokens at this planning session's observed 250k-600k tokens per heavy row) at ≈ 6-10 runs a day. What usage envelope or plan limit should the orchestrator plan against?,a) state a weekly envelope / your plan's limit · b) no envelope; report and pause at the first usage-limit event,a,A usage limit was already hit on 09-30 (≈ 19:10Z); the calendar assumes 6-10 runs a day every day.,a: G4 re-projects calendar and spend against it. b: the round pauses (blockedOn) at each limit event rather than silently stretching.,PLAN §10.4,b — nothing spent beyond what each run needs; spend reported each check-in; the orchestrator sets blockedOn at a usage-limit event,n,S4 FEA-10; packet A-2; S4c,A-2,explicit,no,non-action,b — no envelope and no fixed $ cap: agent usage reported per wave in every digest; the orchestrator pauses and asks at any usage-limit event,2026-10-01T03:53:59Z
OD-27,B,Push redaction choice: the first push of the planning branch publishes your address in three planning files (verbatim quotes). Your address is ALREADY public as the Q-29 dispute contact and in the author metadata of public commits. Choose:,"a) publish as recorded · b) the seed branch carries the planning files as one new redacted commit (the full planning history stays in your private backup, OP-23); recorded as a deviation from 'planning commits reach the chain unchanged'",your choice,TS-11 #3: the decision must be informed by the commit-metadata fact.,a: no change. b: a recorded deviation; history private.,T6 push; GATE-B,no push: the T6 push and GATE-B wait for an explicit answer (stall),n,S4 TS-11; PLAN §12; packet B-16; S4c,B-16,explicit,no,non-action (stall),"a — publish as recorded at T6, after the scans",2026-10-01T04:39:45Z
OD-28,C,"Withdraw-instead-of-fix (COV-04): U-003 asks that everything currently advertised actually work. These advertised features are withdrawn or labelled rather than made to work this round: one-click dispute (honest notice + e-mail), /intake/ (dark), /contribution-back/ (LATER-03), /curate/ (removed), /task/new/ demo pages (stripped), research-queue 'send' (drafts only). Accept this list in your own words?",accept / accept with changes / reject (say which to make work),your words,"Each withdrawal is defensible under U-011/U-008/B-8, but you were never asked as a class.",accept: listed as accepted deviations. reject: re-plan rows at the next GATE.,"P36.72a, P37.68d ROUTES.csv check; GATE-ACCEPT-R11","not accepted: each item is reported 'withdrawn, not accepted (default C-12)' at GATE-ACCEPT-R11",n,S4 COV-04; review/ROUTES.csv; packet C-12; S4c,C-12,own-words,no,non-action,accept — sentence adopted by selection: 'I accept that these features are withdrawn or labelled this round rather than made to work.',2026-10-01T05:03:05Z
OD-29,C,Dated question (TS-08): does ACCEPT-R10's '34 MET' acceptance still stand? (Answered now; recorded with today's date -u; never as a 09-27/28 statement.),yes / no / superseded,your words,B5: decides re-confirmation vs supersession; avoids confirming text about a past state of mind.,yes: annotated + stands. no/superseded: SEED-08 records the supersession.,"SEED-08, P34.27",not answered: ACCEPT-R10 is annotated with B7's facts only; no re-confirmation is recorded,n,S4 TS-08; packet C-13; S4c,C-13,own-words,no,non-action,"superseded — ACCEPT-R10 stands as history, superseded by the Round-11 re-verdicts (B-5); recorded 2026-10-01T05:03:05Z, never as a 09-27/28 statement",2026-10-01T05:03:05Z
S5-1,S5,"Ratify OM-19 (live-leg queue, S4c wording: a GATE waits only for DUE legs; leg branches r11/<id>-live-<n>; the leg-runner backstop) and OM-20 (bounded pre-authorisation with the class-based never-list)?",ratify both · ratify OM-19 only · neither,ratify both,"S2 §3.5 as amended by S4c (FEA-03, FEA-05, FEA-07, TS-13).","Without OM-20 every named production mutation is an in-ticket pause (≈ 58 more pauses, PLAN §8.1).",T5 OPERATING MODE,"OM-19 adopted (it only queues and pauses); OM-20 NOT adopted: no pre-authorisation, every named mutation is an in-ticket pause",n,PLAN §3.3; packet S5-1; S4c,S5-1,explicit,no,non-action,"ratify both — OM-19 and OM-20 as written (S4c wording, class-based never-list)",2026-10-01T04:28:49Z
S5-2,S5,"Ratify the check-in GATE packet (budget · publication · rights · OM-20 list · status) and its answers: `continue` answers only lines marked batch; own-words, publication, rights, Part VIII, identity, money and OM-20 lines need their own verbatim line; descoping defaults are listed first?",ratify · ratify with changes,ratify,"TS-01, TS-02, FEA-09.",—,"G4, G5, G6",ratified as written (it only narrows what `continue` can answer),n,PLAN §4.5; packet S5-2; S4c,S5-2,explicit,no,non-action,ratify — `continue` answers only batch lines; every OW/EX line needs its own verbatim line; the OM-20 list is never approved by `continue`,2026-10-01T04:54:19Z
S5-3,S5,"GATE-B OM-20 list for 11A (exact rows; expiry at GATE-G4): P34.3, P34.4, P34.5, P34.6 (drill clone), P34.21a (attribution backfill), P34.24b (clone rehearsal), P34.40 (dark LB/nginx), P34.42a/b (IAM), P34.43 (execution host + logins), P34.44b (nightly quality job), P34.49 (Part VIII sealing). Excluded (in-ticket gos): P34.17, P34.21b, P34.46, P34.45's ER re-run (A-20).",approve verbatim · approve with exclusions · none,approve verbatim,"Bounded, expiring, voided by a new material fact (OM-10).",none: ≈ 13 more in-ticket pauses in 11A.,11A production rows,nothing pre-authorised: each named mutation is an in-ticket pause,n,PLAN §4.5; packet S5-3; S4c,S5-3,explicit,no,non-action,"'Both + list + P34.45': the 11A OM-20 list approved verbatim (P34.3, P34.4, P34.5, P34.6 drill clone, P34.21a, P34.24b, P34.40, P34.42a/b, P34.43, P34.44b, P34.49) plus P34.45's entity-resolution re-run; expiry at GATE-G4",2026-10-01T04:28:49Z
S5-4,S5,Confirm CF-06 (US-first: ACQ-23a/b leave the round; Wave C US + territories). CF-15 (RI-01 rides republish #2) is replaced by A-0 (removal-only now) and B-3.,confirm · change,confirm,D3/U-007 US-nationwide focus; TS-04.,—,"P37.2, LATER-09",US-first adopted for sequencing (it expands nothing); RI-01 timing follows A-0's answer,n,PLAN §4.5; packet S5-4; S4c,S5-4,explicit,no,non-action,"change — 'Keep non-US acquisition': CF-06 not confirmed; R11-ACQ-23a/b stay in Round 11 and Wave C keeps its non-US members; US-first ordering kept for priority (Flock/Axon US-nationwide first, U-007)",2026-10-01T04:28:49Z
