trace_id,url,section,displayed_text,claimed_meaning,traced_to,recomputed_value,verdict,evidence_path,note
C3-T001,https://surveillancegraph.org/,What the record covers today (.sig-stat),55 jurisdictions with a published dossier — of the jurisdictions SIG has researched to a publishable standard,count of jurisdictions researched to a publishable standard,web/dossier_index.json (55 entries); sig_graph/jurisdictions.csv (55 rows),"55 entries = 54 codes + 1 `unresolved` bucket (166,210 subjects = 71.4% of 232,625 observation-level records; all 154,528 osm_physical + 11,682 operator_accepted); `ID` mixes Indonesia (268) and Idaho (232); US postal and ISO-3166 codes mixed (CO=Colorado, CO-MET=Colombia)",ambiguous-meaning,docs/build/logs/next-phase/C3/html/page_home_.html#sha256:a007e380588b13f7; docs/build/logs/next-phase/C3/text/page_home_.txt#sha256:9381d403d40e3ff1; docs/build/logs/next-phase/C3/bucket/web/dossier_index.json#sha256:a4938e6842e27cd6; docs/build/logs/next-phase/C3/bucket/sig_graph/jurisdictions.csv#sha256:183426d64417179e,"count matches; label overstates: every dossier carries a NOT_RESEARCHED sharing-partners gap and 12 null fields, and one entry is not a jurisdiction"
C3-T002,https://surveillancegraph.org/,What the record covers today (.sig-stat),178 sources tracked for freshness — of the sources SIG monitors — not of all sources that exist,"count of sources SIG monitors, tracked for freshness",web/freshness.json (178 rows) = sig_graph/freshness.csv (178),178 = distinct source_id over all 12 site compartments; 219 distinct sources have evidence artifacts (web/evidence.json); provenance counts 218,ambiguous-meaning,docs/build/logs/next-phase/C3/html/page_home_.html#sha256:a007e380588b13f7; docs/build/logs/next-phase/C3/text/page_home_.txt#sha256:9381d403d40e3ff1; docs/build/logs/next-phase/C3/bucket/web/freshness.json#sha256:c5a343820633a125; docs/build/logs/next-phase/C3/bucket/web/evidence.json#sha256:3df209d5545846cd,"41 non-site sources (procurement, legislative, CCOPS, federal) have no freshness row; 'of the sources SIG monitors' reads as all of them"
C3-T003,https://surveillancegraph.org/,What the record covers today (.sig-stat),2423200 of 2423200 published tier-0 claims with a resolvable evidence artifact,100% of published tier-0 claims resolve to an evidence artifact,web/coverage.json[id=materialized_counted_with_denominator_claim] = sig_graph/coverage.csv; code inference/materialize.py:248-270 (all tier-0 current claims; EXISTS claim_evidence),"value exact; publishable claims per the export gate = 2,423,194 (web/analytics/provenance.json denominator; redistributable + publication gate, exports/spine_export.py:197-213) → the headline counts 6 non-published claims; publicly resolvable evidence views = 0 (web/evidence.json claim_views=0)",ambiguous-meaning,docs/build/logs/next-phase/C3/html/page_home_.html#sha256:a007e380588b13f7; docs/build/logs/next-phase/C3/text/page_home_.txt#sha256:9381d403d40e3ff1; docs/build/logs/next-phase/C3/bucket/web/coverage.json#sha256:b69c03fd7dca181d; docs/build/logs/next-phase/C3/bucket/web/analytics/provenance.json#sha256:4a5d8ed72fc06403; docs/build/logs/next-phase/C3/bucket/web/evidence.json#sha256:3df209d5545846cd,"'resolvable' = a claim_evidence link row exists in the spine, not a public evidence page; API watermark 2026-09-30T17:06Z claims=2,514,683 (api-drift, expected)"
C3-T004,https://surveillancegraph.org/,What the record covers today (.sig-stat),652 of 652 subjects with a resolved acquisition_channel value,share of subjects with a acquisition_channel claim whose value is resolved,web/coverage.json[id=materialized_reconciliation_ratio_acquisition_channel] = sig_graph/coverage.csv (exact),652 of 652,match,docs/build/logs/next-phase/C3/html/page_home_.html#sha256:a007e380588b13f7; docs/build/logs/next-phase/C3/text/page_home_.txt#sha256:9381d403d40e3ff1; docs/build/logs/next-phase/C3/bucket/web/coverage.json#sha256:b69c03fd7dca181d,"release-artifact-only: value equals the release file; not independently recomputable from public data (spine-only aggregate); numerator = distinct subjects with any `resolution` row whose winning_claim is set — no tier-0/currency filter — then clamped with min(resolved, claimed) (inference/src/inference/materialize.py:273-328 @b051732c); a 100% value can hide a numerator that exceeded the denominator"
C3-T005,https://surveillancegraph.org/,What the record covers today (.sig-stat),26 of 26 subjects with a resolved acquisition_method value,share of subjects with a acquisition_method claim whose value is resolved,web/coverage.json[id=materialized_reconciliation_ratio_acquisition_method] = sig_graph/coverage.csv (exact),26 of 26,match,docs/build/logs/next-phase/C3/html/page_home_.html#sha256:a007e380588b13f7; docs/build/logs/next-phase/C3/text/page_home_.txt#sha256:9381d403d40e3ff1; docs/build/logs/next-phase/C3/bucket/web/coverage.json#sha256:b69c03fd7dca181d,"release-artifact-only: value equals the release file; not independently recomputable from public data (spine-only aggregate); numerator = distinct subjects with any `resolution` row whose winning_claim is set — no tier-0/currency filter — then clamped with min(resolved, claimed) (inference/src/inference/materialize.py:273-328 @b051732c); a 100% value can hide a numerator that exceeded the denominator"
C3-T006,https://surveillancegraph.org/,What the record covers today (.sig-stat),1419 of 1419 subjects with a resolved active_device_count value,share of subjects with a active_device_count claim whose value is resolved,web/coverage.json[id=materialized_reconciliation_ratio_active_device_count] = sig_graph/coverage.csv (exact),1419 of 1419,match,docs/build/logs/next-phase/C3/html/page_home_.html#sha256:a007e380588b13f7; docs/build/logs/next-phase/C3/text/page_home_.txt#sha256:9381d403d40e3ff1; docs/build/logs/next-phase/C3/bucket/web/coverage.json#sha256:b69c03fd7dca181d,"release-artifact-only: value equals the release file; not independently recomputable from public data (spine-only aggregate); numerator = distinct subjects with any `resolution` row whose winning_claim is set — no tier-0/currency filter — then clamped with min(resolved, claimed) (inference/src/inference/materialize.py:273-328 @b051732c); a 100% value can hide a numerator that exceeded the denominator"
C3-T007,https://surveillancegraph.org/,What the record covers today (.sig-stat),74 of 74 subjects with a resolved ai_surveillance_supplier value,share of subjects with a ai_surveillance_supplier claim whose value is resolved,web/coverage.json[id=materialized_reconciliation_ratio_ai_surveillance_supplier] = sig_graph/coverage.csv (exact),74 of 74,match,docs/build/logs/next-phase/C3/html/page_home_.html#sha256:a007e380588b13f7; docs/build/logs/next-phase/C3/text/page_home_.txt#sha256:9381d403d40e3ff1; docs/build/logs/next-phase/C3/bucket/web/coverage.json#sha256:b69c03fd7dca181d,"release-artifact-only: value equals the release file; not independently recomputable from public data (spine-only aggregate); numerator = distinct subjects with any `resolution` row whose winning_claim is set — no tier-0/currency filter — then clamped with min(resolved, claimed) (inference/src/inference/materialize.py:273-328 @b051732c); a 100% value can hide a numerator that exceeded the denominator"
C3-T008,https://surveillancegraph.org/,What the record covers today (.sig-stat),75 of 75 subjects with a resolved ai_surveillance_tech_from_china value,share of subjects with a ai_surveillance_tech_from_china claim whose value is resolved,web/coverage.json[id=materialized_reconciliation_ratio_ai_surveillance_tech_from_china] = sig_graph/coverage.csv (exact),75 of 75,match,docs/build/logs/next-phase/C3/html/page_home_.html#sha256:a007e380588b13f7; docs/build/logs/next-phase/C3/text/page_home_.txt#sha256:9381d403d40e3ff1; docs/build/logs/next-phase/C3/bucket/web/coverage.json#sha256:b69c03fd7dca181d,"release-artifact-only: value equals the release file; not independently recomputable from public data (spine-only aggregate); numerator = distinct subjects with any `resolution` row whose winning_claim is set — no tier-0/currency filter — then clamped with min(resolved, claimed) (inference/src/inference/materialize.py:273-328 @b051732c); a 100% value can hide a numerator that exceeded the denominator"
C3-T009,https://surveillancegraph.org/,What the record covers today (.sig-stat),75 of 75 subjects with a resolved ai_surveillance_tech_from_us value,share of subjects with a ai_surveillance_tech_from_us claim whose value is resolved,web/coverage.json[id=materialized_reconciliation_ratio_ai_surveillance_tech_from_us] = sig_graph/coverage.csv (exact),75 of 75,match,docs/build/logs/next-phase/C3/html/page_home_.html#sha256:a007e380588b13f7; docs/build/logs/next-phase/C3/text/page_home_.txt#sha256:9381d403d40e3ff1; docs/build/logs/next-phase/C3/bucket/web/coverage.json#sha256:b69c03fd7dca181d,"release-artifact-only: value equals the release file; not independently recomputable from public data (spine-only aggregate); numerator = distinct subjects with any `resolution` row whose winning_claim is set — no tier-0/currency filter — then clamped with min(resolved, claimed) (inference/src/inference/materialize.py:273-328 @b051732c); a 100% value can hide a numerator that exceeded the denominator"
C3-T010,https://surveillancegraph.org/,What the record covers today (.sig-stat),5848 of 5848 subjects with a resolved amount value,share of subjects with a amount claim whose value is resolved,web/coverage.json[id=materialized_reconciliation_ratio_amount] = sig_graph/coverage.csv (exact),5848 of 5848,match,docs/build/logs/next-phase/C3/html/page_home_.html#sha256:a007e380588b13f7; docs/build/logs/next-phase/C3/text/page_home_.txt#sha256:9381d403d40e3ff1; docs/build/logs/next-phase/C3/bucket/web/coverage.json#sha256:b69c03fd7dca181d,"release-artifact-only: value equals the release file; not independently recomputable from public data (spine-only aggregate); numerator = distinct subjects with any `resolution` row whose winning_claim is set — no tier-0/currency filter — then clamped with min(resolved, claimed) (inference/src/inference/materialize.py:273-328 @b051732c); a 100% value can hide a numerator that exceeded the denominator"
C3-T011,https://surveillancegraph.org/,What the record covers today (.sig-stat),1 of 1 subjects with a resolved as_of value,share of subjects with a as_of claim whose value is resolved,web/coverage.json[id=materialized_reconciliation_ratio_as_of] = sig_graph/coverage.csv (exact),1 of 1,match,docs/build/logs/next-phase/C3/html/page_home_.html#sha256:a007e380588b13f7; docs/build/logs/next-phase/C3/text/page_home_.txt#sha256:9381d403d40e3ff1; docs/build/logs/next-phase/C3/bucket/web/coverage.json#sha256:b69c03fd7dca181d,"release-artifact-only: value equals the release file; not independently recomputable from public data (spine-only aggregate); numerator = distinct subjects with any `resolution` row whose winning_claim is set — no tier-0/currency filter — then clamped with min(resolved, claimed) (inference/src/inference/materialize.py:273-328 @b051732c); a 100% value can hide a numerator that exceeded the denominator"
C3-T012,https://surveillancegraph.org/,What the record covers today (.sig-stat),651 of 651 subjects with a resolved asset_type value,share of subjects with a asset_type claim whose value is resolved,web/coverage.json[id=materialized_reconciliation_ratio_asset_type] = sig_graph/coverage.csv (exact),651 of 651,match,docs/build/logs/next-phase/C3/html/page_home_.html#sha256:a007e380588b13f7; docs/build/logs/next-phase/C3/text/page_home_.txt#sha256:9381d403d40e3ff1; docs/build/logs/next-phase/C3/bucket/web/coverage.json#sha256:b69c03fd7dca181d,"release-artifact-only: value equals the release file; not independently recomputable from public data (spine-only aggregate); numerator = distinct subjects with any `resolution` row whose winning_claim is set — no tier-0/currency filter — then clamped with min(resolved, claimed) (inference/src/inference/materialize.py:273-328 @b051732c); a 100% value can hide a numerator that exceeded the denominator"
C3-T013,https://surveillancegraph.org/,What the record covers today (.sig-stat),2 of 2 subjects with a resolved authorization_state value,share of subjects with a authorization_state claim whose value is resolved,web/coverage.json[id=materialized_reconciliation_ratio_authorization_state] = sig_graph/coverage.csv (exact),2 of 2,match,docs/build/logs/next-phase/C3/html/page_home_.html#sha256:a007e380588b13f7; docs/build/logs/next-phase/C3/text/page_home_.txt#sha256:9381d403d40e3ff1; docs/build/logs/next-phase/C3/bucket/web/coverage.json#sha256:b69c03fd7dca181d,"release-artifact-only: value equals the release file; not independently recomputable from public data (spine-only aggregate); numerator = distinct subjects with any `resolution` row whose winning_claim is set — no tier-0/currency filter — then clamped with min(resolved, claimed) (inference/src/inference/materialize.py:273-328 @b051732c); a 100% value can hide a numerator that exceeded the denominator"
C3-T014,https://surveillancegraph.org/,What the record covers today (.sig-stat),1051 of 1051 subjects with a resolved award_date value,share of subjects with a award_date claim whose value is resolved,web/coverage.json[id=materialized_reconciliation_ratio_award_date] = sig_graph/coverage.csv (exact),1051 of 1051,match,docs/build/logs/next-phase/C3/html/page_home_.html#sha256:a007e380588b13f7; docs/build/logs/next-phase/C3/text/page_home_.txt#sha256:9381d403d40e3ff1; docs/build/logs/next-phase/C3/bucket/web/coverage.json#sha256:b69c03fd7dca181d,"release-artifact-only: value equals the release file; not independently recomputable from public data (spine-only aggregate); numerator = distinct subjects with any `resolution` row whose winning_claim is set — no tier-0/currency filter — then clamped with min(resolved, claimed) (inference/src/inference/materialize.py:273-328 @b051732c); a 100% value can hide a numerator that exceeded the denominator"
C3-T015,https://surveillancegraph.org/,What the record covers today (.sig-stat),72 of 72 subjects with a resolved bill_chamber value,share of subjects with a bill_chamber claim whose value is resolved,web/coverage.json[id=materialized_reconciliation_ratio_bill_chamber] = sig_graph/coverage.csv (exact),72 of 72,match,docs/build/logs/next-phase/C3/html/page_home_.html#sha256:a007e380588b13f7; docs/build/logs/next-phase/C3/text/page_home_.txt#sha256:9381d403d40e3ff1; docs/build/logs/next-phase/C3/bucket/web/coverage.json#sha256:b69c03fd7dca181d,"release-artifact-only: value equals the release file; not independently recomputable from public data (spine-only aggregate); numerator = distinct subjects with any `resolution` row whose winning_claim is set — no tier-0/currency filter — then clamped with min(resolved, claimed) (inference/src/inference/materialize.py:273-328 @b051732c); a 100% value can hide a numerator that exceeded the denominator"
C3-T016,https://surveillancegraph.org/,What the record covers today (.sig-stat),300 of 300 subjects with a resolved bill_external_id value,share of subjects with a bill_external_id claim whose value is resolved,web/coverage.json[id=materialized_reconciliation_ratio_bill_external_id] = sig_graph/coverage.csv (exact),300 of 300,match,docs/build/logs/next-phase/C3/html/page_home_.html#sha256:a007e380588b13f7; docs/build/logs/next-phase/C3/text/page_home_.txt#sha256:9381d403d40e3ff1; docs/build/logs/next-phase/C3/bucket/web/coverage.json#sha256:b69c03fd7dca181d,"release-artifact-only: value equals the release file; not independently recomputable from public data (spine-only aggregate); numerator = distinct subjects with any `resolution` row whose winning_claim is set — no tier-0/currency filter — then clamped with min(resolved, claimed) (inference/src/inference/materialize.py:273-328 @b051732c); a 100% value can hide a numerator that exceeded the denominator"
C3-T017,https://surveillancegraph.org/,What the record covers today (.sig-stat),300 of 300 subjects with a resolved bill_identifier value,share of subjects with a bill_identifier claim whose value is resolved,web/coverage.json[id=materialized_reconciliation_ratio_bill_identifier] = sig_graph/coverage.csv (exact),300 of 300,match,docs/build/logs/next-phase/C3/html/page_home_.html#sha256:a007e380588b13f7; docs/build/logs/next-phase/C3/text/page_home_.txt#sha256:9381d403d40e3ff1; docs/build/logs/next-phase/C3/bucket/web/coverage.json#sha256:b69c03fd7dca181d,"release-artifact-only: value equals the release file; not independently recomputable from public data (spine-only aggregate); numerator = distinct subjects with any `resolution` row whose winning_claim is set — no tier-0/currency filter — then clamped with min(resolved, claimed) (inference/src/inference/materialize.py:273-328 @b051732c); a 100% value can hide a numerator that exceeded the denominator"
C3-T018,https://surveillancegraph.org/,What the record covers today (.sig-stat),300 of 300 subjects with a resolved bill_jurisdiction value,share of subjects with a bill_jurisdiction claim whose value is resolved,web/coverage.json[id=materialized_reconciliation_ratio_bill_jurisdiction] = sig_graph/coverage.csv (exact),300 of 300,match,docs/build/logs/next-phase/C3/html/page_home_.html#sha256:a007e380588b13f7; docs/build/logs/next-phase/C3/text/page_home_.txt#sha256:9381d403d40e3ff1; docs/build/logs/next-phase/C3/bucket/web/coverage.json#sha256:b69c03fd7dca181d,"release-artifact-only: value equals the release file; not independently recomputable from public data (spine-only aggregate); numerator = distinct subjects with any `resolution` row whose winning_claim is set — no tier-0/currency filter — then clamped with min(resolved, claimed) (inference/src/inference/materialize.py:273-328 @b051732c); a 100% value can hide a numerator that exceeded the denominator"
C3-T019,https://surveillancegraph.org/,What the record covers today (.sig-stat),300 of 300 subjects with a resolved bill_matched_keyword value,share of subjects with a bill_matched_keyword claim whose value is resolved,web/coverage.json[id=materialized_reconciliation_ratio_bill_matched_keyword] = sig_graph/coverage.csv (exact),300 of 300,match,docs/build/logs/next-phase/C3/html/page_home_.html#sha256:a007e380588b13f7; docs/build/logs/next-phase/C3/text/page_home_.txt#sha256:9381d403d40e3ff1; docs/build/logs/next-phase/C3/bucket/web/coverage.json#sha256:b69c03fd7dca181d,"release-artifact-only: value equals the release file; not independently recomputable from public data (spine-only aggregate); numerator = distinct subjects with any `resolution` row whose winning_claim is set — no tier-0/currency filter — then clamped with min(resolved, claimed) (inference/src/inference/materialize.py:273-328 @b051732c); a 100% value can hide a numerator that exceeded the denominator"
C3-T020,https://surveillancegraph.org/,What the record covers today (.sig-stat),300 of 300 subjects with a resolved bill_session value,share of subjects with a bill_session claim whose value is resolved,web/coverage.json[id=materialized_reconciliation_ratio_bill_session] = sig_graph/coverage.csv (exact),300 of 300,match,docs/build/logs/next-phase/C3/html/page_home_.html#sha256:a007e380588b13f7; docs/build/logs/next-phase/C3/text/page_home_.txt#sha256:9381d403d40e3ff1; docs/build/logs/next-phase/C3/bucket/web/coverage.json#sha256:b69c03fd7dca181d,"release-artifact-only: value equals the release file; not independently recomputable from public data (spine-only aggregate); numerator = distinct subjects with any `resolution` row whose winning_claim is set — no tier-0/currency filter — then clamped with min(resolved, claimed) (inference/src/inference/materialize.py:273-328 @b051732c); a 100% value can hide a numerator that exceeded the denominator"
C3-T021,https://surveillancegraph.org/,What the record covers today (.sig-stat),300 of 300 subjects with a resolved bill_status value,share of subjects with a bill_status claim whose value is resolved,web/coverage.json[id=materialized_reconciliation_ratio_bill_status] = sig_graph/coverage.csv (exact),300 of 300,match,docs/build/logs/next-phase/C3/html/page_home_.html#sha256:a007e380588b13f7; docs/build/logs/next-phase/C3/text/page_home_.txt#sha256:9381d403d40e3ff1; docs/build/logs/next-phase/C3/bucket/web/coverage.json#sha256:b69c03fd7dca181d,"release-artifact-only: value equals the release file; not independently recomputable from public data (spine-only aggregate); numerator = distinct subjects with any `resolution` row whose winning_claim is set — no tier-0/currency filter — then clamped with min(resolved, claimed) (inference/src/inference/materialize.py:273-328 @b051732c); a 100% value can hide a numerator that exceeded the denominator"
C3-T022,https://surveillancegraph.org/,What the record covers today (.sig-stat),300 of 300 subjects with a resolved bill_status_date value,share of subjects with a bill_status_date claim whose value is resolved,web/coverage.json[id=materialized_reconciliation_ratio_bill_status_date] = sig_graph/coverage.csv (exact),300 of 300,match,docs/build/logs/next-phase/C3/html/page_home_.html#sha256:a007e380588b13f7; docs/build/logs/next-phase/C3/text/page_home_.txt#sha256:9381d403d40e3ff1; docs/build/logs/next-phase/C3/bucket/web/coverage.json#sha256:b69c03fd7dca181d,"release-artifact-only: value equals the release file; not independently recomputable from public data (spine-only aggregate); numerator = distinct subjects with any `resolution` row whose winning_claim is set — no tier-0/currency filter — then clamped with min(resolved, claimed) (inference/src/inference/materialize.py:273-328 @b051732c); a 100% value can hide a numerator that exceeded the denominator"
C3-T023,https://surveillancegraph.org/,What the record covers today (.sig-stat),300 of 300 subjects with a resolved bill_title value,share of subjects with a bill_title claim whose value is resolved,web/coverage.json[id=materialized_reconciliation_ratio_bill_title] = sig_graph/coverage.csv (exact),300 of 300,match,docs/build/logs/next-phase/C3/html/page_home_.html#sha256:a007e380588b13f7; docs/build/logs/next-phase/C3/text/page_home_.txt#sha256:9381d403d40e3ff1; docs/build/logs/next-phase/C3/bucket/web/coverage.json#sha256:b69c03fd7dca181d,"release-artifact-only: value equals the release file; not independently recomputable from public data (spine-only aggregate); numerator = distinct subjects with any `resolution` row whose winning_claim is set — no tier-0/currency filter — then clamped with min(resolved, claimed) (inference/src/inference/materialize.py:273-328 @b051732c); a 100% value can hide a numerator that exceeded the denominator"
C3-T024,https://surveillancegraph.org/,What the record covers today (.sig-stat),11 of 11 subjects with a resolved brand value,share of subjects with a brand claim whose value is resolved,web/coverage.json[id=materialized_reconciliation_ratio_brand] = sig_graph/coverage.csv (exact),11 of 11,match,docs/build/logs/next-phase/C3/html/page_home_.html#sha256:a007e380588b13f7; docs/build/logs/next-phase/C3/text/page_home_.txt#sha256:9381d403d40e3ff1; docs/build/logs/next-phase/C3/bucket/web/coverage.json#sha256:b69c03fd7dca181d,"release-artifact-only: value equals the release file; not independently recomputable from public data (spine-only aggregate); numerator = distinct subjects with any `resolution` row whose winning_claim is set — no tier-0/currency filter — then clamped with min(resolved, claimed) (inference/src/inference/materialize.py:273-328 @b051732c); a 100% value can hide a numerator that exceeded the denominator"
C3-T025,https://surveillancegraph.org/,What the record covers today (.sig-stat),11 of 11 subjects with a resolved brand_qid value,share of subjects with a brand_qid claim whose value is resolved,web/coverage.json[id=materialized_reconciliation_ratio_brand_qid] = sig_graph/coverage.csv (exact),11 of 11,match,docs/build/logs/next-phase/C3/html/page_home_.html#sha256:a007e380588b13f7; docs/build/logs/next-phase/C3/text/page_home_.txt#sha256:9381d403d40e3ff1; docs/build/logs/next-phase/C3/bucket/web/coverage.json#sha256:b69c03fd7dca181d,"release-artifact-only: value equals the release file; not independently recomputable from public data (spine-only aggregate); numerator = distinct subjects with any `resolution` row whose winning_claim is set — no tier-0/currency filter — then clamped with min(resolved, claimed) (inference/src/inference/materialize.py:273-328 @b051732c); a 100% value can hide a numerator that exceeded the denominator"
C3-T026,https://surveillancegraph.org/,What the record covers today (.sig-stat),6796 of 6796 subjects with a resolved buyer value,share of subjects with a buyer claim whose value is resolved,web/coverage.json[id=materialized_reconciliation_ratio_buyer] = sig_graph/coverage.csv (exact),6796 of 6796,match,docs/build/logs/next-phase/C3/html/page_home_.html#sha256:a007e380588b13f7; docs/build/logs/next-phase/C3/text/page_home_.txt#sha256:9381d403d40e3ff1; docs/build/logs/next-phase/C3/bucket/web/coverage.json#sha256:b69c03fd7dca181d,"release-artifact-only: value equals the release file; not independently recomputable from public data (spine-only aggregate); numerator = distinct subjects with any `resolution` row whose winning_claim is set — no tier-0/currency filter — then clamped with min(resolved, claimed) (inference/src/inference/materialize.py:273-328 @b051732c); a 100% value can hide a numerator that exceeded the denominator"
C3-T027,https://surveillancegraph.org/,What the record covers today (.sig-stat),232625 of 232625 subjects with a resolved camera_coordinate_source value,share of subjects with a camera_coordinate_source claim whose value is resolved,web/coverage.json[id=materialized_reconciliation_ratio_camera_coordinate_source] = sig_graph/coverage.csv (exact),"232625 of 232625; denominator 232,625 recomputed = distinct site entity_id (exact)",match,docs/build/logs/next-phase/C3/html/page_home_.html#sha256:a007e380588b13f7; docs/build/logs/next-phase/C3/text/page_home_.txt#sha256:9381d403d40e3ff1; docs/build/logs/next-phase/C3/bucket/web/coverage.json#sha256:b69c03fd7dca181d,"release-artifact-only: value equals the release file; not independently recomputable from public data (spine-only aggregate); numerator = distinct subjects with any `resolution` row whose winning_claim is set — no tier-0/currency filter — then clamped with min(resolved, claimed) (inference/src/inference/materialize.py:273-328 @b051732c); a 100% value can hide a numerator that exceeded the denominator"
C3-T028,https://surveillancegraph.org/,What the record covers today (.sig-stat),25802 of 25802 subjects with a resolved camera_county value,share of subjects with a camera_county claim whose value is resolved,web/coverage.json[id=materialized_reconciliation_ratio_camera_county] = sig_graph/coverage.csv (exact),25802 of 25802,match,docs/build/logs/next-phase/C3/html/page_home_.html#sha256:a007e380588b13f7; docs/build/logs/next-phase/C3/text/page_home_.txt#sha256:9381d403d40e3ff1; docs/build/logs/next-phase/C3/bucket/web/coverage.json#sha256:b69c03fd7dca181d,"release-artifact-only: value equals the release file; not independently recomputable from public data (spine-only aggregate); numerator = distinct subjects with any `resolution` row whose winning_claim is set — no tier-0/currency filter — then clamped with min(resolved, claimed) (inference/src/inference/materialize.py:273-328 @b051732c); a 100% value can hide a numerator that exceeded the denominator"
C3-T029,https://surveillancegraph.org/,What the record covers today (.sig-stat),154001 of 154001 subjects with a resolved camera_direction value,share of subjects with a camera_direction claim whose value is resolved,web/coverage.json[id=materialized_reconciliation_ratio_camera_direction] = sig_graph/coverage.csv (exact),154001 of 154001,match,docs/build/logs/next-phase/C3/html/page_home_.html#sha256:a007e380588b13f7; docs/build/logs/next-phase/C3/text/page_home_.txt#sha256:9381d403d40e3ff1; docs/build/logs/next-phase/C3/bucket/web/coverage.json#sha256:b69c03fd7dca181d,"release-artifact-only: value equals the release file; not independently recomputable from public data (spine-only aggregate); numerator = distinct subjects with any `resolution` row whose winning_claim is set — no tier-0/currency filter — then clamped with min(resolved, claimed) (inference/src/inference/materialize.py:273-328 @b051732c); a 100% value can hide a numerator that exceeded the denominator"
C3-T030,https://surveillancegraph.org/,What the record covers today (.sig-stat),232625 of 232625 subjects with a resolved camera_external_ref value,share of subjects with a camera_external_ref claim whose value is resolved,web/coverage.json[id=materialized_reconciliation_ratio_camera_external_ref] = sig_graph/coverage.csv (exact),"232625 of 232625; denominator 232,625 recomputed = distinct site entity_id (exact)",match,docs/build/logs/next-phase/C3/html/page_home_.html#sha256:a007e380588b13f7; docs/build/logs/next-phase/C3/text/page_home_.txt#sha256:9381d403d40e3ff1; docs/build/logs/next-phase/C3/bucket/web/coverage.json#sha256:b69c03fd7dca181d,"release-artifact-only: value equals the release file; not independently recomputable from public data (spine-only aggregate); numerator = distinct subjects with any `resolution` row whose winning_claim is set — no tier-0/currency filter — then clamped with min(resolved, claimed) (inference/src/inference/materialize.py:273-328 @b051732c); a 100% value can hide a numerator that exceeded the denominator"
C3-T031,https://surveillancegraph.org/,What the record covers today (.sig-stat),232625 of 232625 subjects with a resolved camera_jurisdiction value,share of subjects with a camera_jurisdiction claim whose value is resolved,web/coverage.json[id=materialized_reconciliation_ratio_camera_jurisdiction] = sig_graph/coverage.csv (exact),"232625 of 232625; denominator 232,625 recomputed = distinct site entity_id (exact)",match,docs/build/logs/next-phase/C3/html/page_home_.html#sha256:a007e380588b13f7; docs/build/logs/next-phase/C3/text/page_home_.txt#sha256:9381d403d40e3ff1; docs/build/logs/next-phase/C3/bucket/web/coverage.json#sha256:b69c03fd7dca181d,"release-artifact-only: value equals the release file; not independently recomputable from public data (spine-only aggregate); numerator = distinct subjects with any `resolution` row whose winning_claim is set — no tier-0/currency filter — then clamped with min(resolved, claimed) (inference/src/inference/materialize.py:273-328 @b051732c); a 100% value can hide a numerator that exceeded the denominator"
C3-T032,https://surveillancegraph.org/,What the record covers today (.sig-stat),232625 of 232625 subjects with a resolved camera_latitude value,share of subjects with a camera_latitude claim whose value is resolved,web/coverage.json[id=materialized_reconciliation_ratio_camera_latitude] (exact),"denominator 232,625 = distinct site entity_id over 12 compartments (exact); but 5,290 of them are point_status=conflicted (no point published; dossier gap 'conflicting coordinate evidence … no resolution is defensible') → resolved coordinates on the public surface = 227,335",mismatch,docs/build/logs/next-phase/C3/html/page_home_.html#sha256:a007e380588b13f7; docs/build/logs/next-phase/C3/text/page_home_.txt#sha256:9381d403d40e3ff1; docs/build/logs/next-phase/C3/bucket/web/coverage.json#sha256:b69c03fd7dca181d; docs/build/logs/next-phase/C3/bucket/sig_graph/jurisdictions.csv#sha256:183426d64417179e,"numerator = distinct subjects with any `resolution` row whose winning_claim is set — no tier-0/currency filter — then clamped with min(resolved, claimed) (inference/src/inference/materialize.py:273-328 @b051732c); a 100% value can hide a numerator that exceeded the denominator"
C3-T033,https://surveillancegraph.org/,What the record covers today (.sig-stat),232625 of 232625 subjects with a resolved camera_longitude value,share of subjects with a camera_longitude claim whose value is resolved,web/coverage.json[id=materialized_reconciliation_ratio_camera_longitude] (exact),"denominator 232,625 = distinct site entity_id over 12 compartments (exact); but 5,290 of them are point_status=conflicted (no point published; dossier gap 'conflicting coordinate evidence … no resolution is defensible') → resolved coordinates on the public surface = 227,335",mismatch,docs/build/logs/next-phase/C3/html/page_home_.html#sha256:a007e380588b13f7; docs/build/logs/next-phase/C3/text/page_home_.txt#sha256:9381d403d40e3ff1; docs/build/logs/next-phase/C3/bucket/web/coverage.json#sha256:b69c03fd7dca181d; docs/build/logs/next-phase/C3/bucket/sig_graph/jurisdictions.csv#sha256:183426d64417179e,"numerator = distinct subjects with any `resolution` row whose winning_claim is set — no tier-0/currency filter — then clamped with min(resolved, claimed) (inference/src/inference/materialize.py:273-328 @b051732c); a 100% value can hide a numerator that exceeded the denominator"
C3-T034,https://surveillancegraph.org/,What the record covers today (.sig-stat),221 of 221 subjects with a resolved camera_mount value,share of subjects with a camera_mount claim whose value is resolved,web/coverage.json[id=materialized_reconciliation_ratio_camera_mount] = sig_graph/coverage.csv (exact),221 of 221,match,docs/build/logs/next-phase/C3/html/page_home_.html#sha256:a007e380588b13f7; docs/build/logs/next-phase/C3/text/page_home_.txt#sha256:9381d403d40e3ff1; docs/build/logs/next-phase/C3/bucket/web/coverage.json#sha256:b69c03fd7dca181d,"release-artifact-only: value equals the release file; not independently recomputable from public data (spine-only aggregate); numerator = distinct subjects with any `resolution` row whose winning_claim is set — no tier-0/currency filter — then clamped with min(resolved, claimed) (inference/src/inference/materialize.py:273-328 @b051732c); a 100% value can hide a numerator that exceeded the denominator"
C3-T035,https://surveillancegraph.org/,What the record covers today (.sig-stat),43337 of 43337 subjects with a resolved camera_name value,share of subjects with a camera_name claim whose value is resolved,web/coverage.json[id=materialized_reconciliation_ratio_camera_name] = sig_graph/coverage.csv (exact),43337 of 43337,match,docs/build/logs/next-phase/C3/html/page_home_.html#sha256:a007e380588b13f7; docs/build/logs/next-phase/C3/text/page_home_.txt#sha256:9381d403d40e3ff1; docs/build/logs/next-phase/C3/bucket/web/coverage.json#sha256:b69c03fd7dca181d,"release-artifact-only: value equals the release file; not independently recomputable from public data (spine-only aggregate); numerator = distinct subjects with any `resolution` row whose winning_claim is set — no tier-0/currency filter — then clamped with min(resolved, claimed) (inference/src/inference/materialize.py:273-328 @b051732c); a 100% value can hide a numerator that exceeded the denominator"
C3-T036,https://surveillancegraph.org/,What the record covers today (.sig-stat),232625 of 232625 subjects with a resolved camera_operator value,share of subjects with a camera_operator claim whose value is resolved,web/coverage.json[id=materialized_reconciliation_ratio_camera_operator] = sig_graph/coverage.csv (exact),"232625 of 232625; denominator 232,625 recomputed = distinct site entity_id (exact)",match,docs/build/logs/next-phase/C3/html/page_home_.html#sha256:a007e380588b13f7; docs/build/logs/next-phase/C3/text/page_home_.txt#sha256:9381d403d40e3ff1; docs/build/logs/next-phase/C3/bucket/web/coverage.json#sha256:b69c03fd7dca181d,"release-artifact-only: value equals the release file; not independently recomputable from public data (spine-only aggregate); numerator = distinct subjects with any `resolution` row whose winning_claim is set — no tier-0/currency filter — then clamped with min(resolved, claimed) (inference/src/inference/materialize.py:273-328 @b051732c); a 100% value can hide a numerator that exceeded the denominator"
C3-T037,https://surveillancegraph.org/,What the record covers today (.sig-stat),18391 of 18391 subjects with a resolved camera_roadway value,share of subjects with a camera_roadway claim whose value is resolved,web/coverage.json[id=materialized_reconciliation_ratio_camera_roadway] = sig_graph/coverage.csv (exact),18391 of 18391,match,docs/build/logs/next-phase/C3/html/page_home_.html#sha256:a007e380588b13f7; docs/build/logs/next-phase/C3/text/page_home_.txt#sha256:9381d403d40e3ff1; docs/build/logs/next-phase/C3/bucket/web/coverage.json#sha256:b69c03fd7dca181d,"release-artifact-only: value equals the release file; not independently recomputable from public data (spine-only aggregate); numerator = distinct subjects with any `resolution` row whose winning_claim is set — no tier-0/currency filter — then clamped with min(resolved, claimed) (inference/src/inference/materialize.py:273-328 @b051732c); a 100% value can hide a numerator that exceeded the denominator"
C3-T038,https://surveillancegraph.org/,What the record covers today (.sig-stat),12591 of 12591 subjects with a resolved camera_status value,share of subjects with a camera_status claim whose value is resolved,web/coverage.json[id=materialized_reconciliation_ratio_camera_status] = sig_graph/coverage.csv (exact),12591 of 12591,match,docs/build/logs/next-phase/C3/html/page_home_.html#sha256:a007e380588b13f7; docs/build/logs/next-phase/C3/text/page_home_.txt#sha256:9381d403d40e3ff1; docs/build/logs/next-phase/C3/bucket/web/coverage.json#sha256:b69c03fd7dca181d,"release-artifact-only: value equals the release file; not independently recomputable from public data (spine-only aggregate); numerator = distinct subjects with any `resolution` row whose winning_claim is set — no tier-0/currency filter — then clamped with min(resolved, claimed) (inference/src/inference/materialize.py:273-328 @b051732c); a 100% value can hide a numerator that exceeded the denominator"
C3-T039,https://surveillancegraph.org/,What the record covers today (.sig-stat),550 of 550 subjects with a resolved camera_type value,share of subjects with a camera_type claim whose value is resolved,web/coverage.json[id=materialized_reconciliation_ratio_camera_type] = sig_graph/coverage.csv (exact),550 of 550,match,docs/build/logs/next-phase/C3/html/page_home_.html#sha256:a007e380588b13f7; docs/build/logs/next-phase/C3/text/page_home_.txt#sha256:9381d403d40e3ff1; docs/build/logs/next-phase/C3/bucket/web/coverage.json#sha256:b69c03fd7dca181d,"release-artifact-only: value equals the release file; not independently recomputable from public data (spine-only aggregate); numerator = distinct subjects with any `resolution` row whose winning_claim is set — no tier-0/currency filter — then clamped with min(resolved, claimed) (inference/src/inference/materialize.py:273-328 @b051732c); a 100% value can hide a numerator that exceeded the denominator"
C3-T040,https://surveillancegraph.org/,What the record covers today (.sig-stat),10 of 10 subjects with a resolved citation value,share of subjects with a citation claim whose value is resolved,web/coverage.json[id=materialized_reconciliation_ratio_citation] = sig_graph/coverage.csv (exact),10 of 10,match,docs/build/logs/next-phase/C3/html/page_home_.html#sha256:a007e380588b13f7; docs/build/logs/next-phase/C3/text/page_home_.txt#sha256:9381d403d40e3ff1; docs/build/logs/next-phase/C3/bucket/web/coverage.json#sha256:b69c03fd7dca181d,"release-artifact-only: value equals the release file; not independently recomputable from public data (spine-only aggregate); numerator = distinct subjects with any `resolution` row whose winning_claim is set — no tier-0/currency filter — then clamped with min(resolved, claimed) (inference/src/inference/materialize.py:273-328 @b051732c); a 100% value can hide a numerator that exceeded the denominator"
C3-T041,https://surveillancegraph.org/,What the record covers today (.sig-stat),0 of 1 subjects with a resolved claimed_device_count value,share of subjects with a claimed_device_count claim whose value is resolved,web/coverage.json[id=materialized_reconciliation_ratio_claimed_device_count] = sig_graph/coverage.csv (exact),0 of 1,match,docs/build/logs/next-phase/C3/html/page_home_.html#sha256:a007e380588b13f7; docs/build/logs/next-phase/C3/text/page_home_.txt#sha256:9381d403d40e3ff1; docs/build/logs/next-phase/C3/bucket/web/coverage.json#sha256:b69c03fd7dca181d,"release-artifact-only: value equals the release file; not independently recomputable from public data (spine-only aggregate); numerator = distinct subjects with any `resolution` row whose winning_claim is set — no tier-0/currency filter — then clamped with min(resolved, claimed) (inference/src/inference/materialize.py:273-328 @b051732c); a 100% value can hide a numerator that exceeded the denominator"
C3-T042,https://surveillancegraph.org/,What the record covers today (.sig-stat),1079 of 1079 subjects with a resolved conditions value,share of subjects with a conditions claim whose value is resolved,web/coverage.json[id=materialized_reconciliation_ratio_conditions] = sig_graph/coverage.csv (exact),1079 of 1079,match,docs/build/logs/next-phase/C3/html/page_home_.html#sha256:a007e380588b13f7; docs/build/logs/next-phase/C3/text/page_home_.txt#sha256:9381d403d40e3ff1; docs/build/logs/next-phase/C3/bucket/web/coverage.json#sha256:b69c03fd7dca181d,"release-artifact-only: value equals the release file; not independently recomputable from public data (spine-only aggregate); numerator = distinct subjects with any `resolution` row whose winning_claim is set — no tier-0/currency filter — then clamped with min(resolved, claimed) (inference/src/inference/materialize.py:273-328 @b051732c); a 100% value can hide a numerator that exceeded the denominator"
C3-T043,https://surveillancegraph.org/,What the record covers today (.sig-stat),1464 of 1464 subjects with a resolved configured_retention_days value,share of subjects with a configured_retention_days claim whose value is resolved,web/coverage.json[id=materialized_reconciliation_ratio_configured_retention_days] = sig_graph/coverage.csv (exact),1464 of 1464,match,docs/build/logs/next-phase/C3/html/page_home_.html#sha256:a007e380588b13f7; docs/build/logs/next-phase/C3/text/page_home_.txt#sha256:9381d403d40e3ff1; docs/build/logs/next-phase/C3/bucket/web/coverage.json#sha256:b69c03fd7dca181d,"release-artifact-only: value equals the release file; not independently recomputable from public data (spine-only aggregate); numerator = distinct subjects with any `resolution` row whose winning_claim is set — no tier-0/currency filter — then clamped with min(resolved, claimed) (inference/src/inference/materialize.py:273-328 @b051732c); a 100% value can hide a numerator that exceeded the denominator"
C3-T044,https://surveillancegraph.org/,What the record covers today (.sig-stat),0 of 130 subjects with a resolved configured_sharing_partner value,share of subjects with a configured_sharing_partner claim whose value is resolved,web/coverage.json[id=materialized_reconciliation_ratio_configured_sharing_partner] = sig_graph/coverage.csv (exact),0 of 130,match,docs/build/logs/next-phase/C3/html/page_home_.html#sha256:a007e380588b13f7; docs/build/logs/next-phase/C3/text/page_home_.txt#sha256:9381d403d40e3ff1; docs/build/logs/next-phase/C3/bucket/web/coverage.json#sha256:b69c03fd7dca181d,"release-artifact-only: value equals the release file; not independently recomputable from public data (spine-only aggregate); numerator = distinct subjects with any `resolution` row whose winning_claim is set — no tier-0/currency filter — then clamped with min(resolved, claimed) (inference/src/inference/materialize.py:273-328 @b051732c); a 100% value can hide a numerator that exceeded the denominator"
C3-T045,https://surveillancegraph.org/,What the record covers today (.sig-stat),21 of 21 subjects with a resolved constrains_technology value,share of subjects with a constrains_technology claim whose value is resolved,web/coverage.json[id=materialized_reconciliation_ratio_constrains_technology] = sig_graph/coverage.csv (exact),21 of 21,match,docs/build/logs/next-phase/C3/html/page_home_.html#sha256:a007e380588b13f7; docs/build/logs/next-phase/C3/text/page_home_.txt#sha256:9381d403d40e3ff1; docs/build/logs/next-phase/C3/bucket/web/coverage.json#sha256:b69c03fd7dca181d,"release-artifact-only: value equals the release file; not independently recomputable from public data (spine-only aggregate); numerator = distinct subjects with any `resolution` row whose winning_claim is set — no tier-0/currency filter — then clamped with min(resolved, claimed) (inference/src/inference/materialize.py:273-328 @b051732c); a 100% value can hide a numerator that exceeded the denominator"
C3-T046,https://surveillancegraph.org/,What the record covers today (.sig-stat),1011 of 1011 subjects with a resolved content_term value,share of subjects with a content_term claim whose value is resolved,web/coverage.json[id=materialized_reconciliation_ratio_content_term] = sig_graph/coverage.csv (exact),1011 of 1011,match,docs/build/logs/next-phase/C3/html/page_home_.html#sha256:a007e380588b13f7; docs/build/logs/next-phase/C3/text/page_home_.txt#sha256:9381d403d40e3ff1; docs/build/logs/next-phase/C3/bucket/web/coverage.json#sha256:b69c03fd7dca181d,"release-artifact-only: value equals the release file; not independently recomputable from public data (spine-only aggregate); numerator = distinct subjects with any `resolution` row whose winning_claim is set — no tier-0/currency filter — then clamped with min(resolved, claimed) (inference/src/inference/materialize.py:273-328 @b051732c); a 100% value can hide a numerator that exceeded the denominator"
C3-T047,https://surveillancegraph.org/,What the record covers today (.sig-stat),1 of 1 subjects with a resolved contracted_device_count value,share of subjects with a contracted_device_count claim whose value is resolved,web/coverage.json[id=materialized_reconciliation_ratio_contracted_device_count] = sig_graph/coverage.csv (exact),1 of 1,match,docs/build/logs/next-phase/C3/html/page_home_.html#sha256:a007e380588b13f7; docs/build/logs/next-phase/C3/text/page_home_.txt#sha256:9381d403d40e3ff1; docs/build/logs/next-phase/C3/bucket/web/coverage.json#sha256:b69c03fd7dca181d,"release-artifact-only: value equals the release file; not independently recomputable from public data (spine-only aggregate); numerator = distinct subjects with any `resolution` row whose winning_claim is set — no tier-0/currency filter — then clamped with min(resolved, claimed) (inference/src/inference/materialize.py:273-328 @b051732c); a 100% value can hide a numerator that exceeded the denominator"
C3-T048,https://surveillancegraph.org/,What the record covers today (.sig-stat),1 of 1 subjects with a resolved contract_signed_date value,share of subjects with a contract_signed_date claim whose value is resolved,web/coverage.json[id=materialized_reconciliation_ratio_contract_signed_date] = sig_graph/coverage.csv (exact),1 of 1,match,docs/build/logs/next-phase/C3/html/page_home_.html#sha256:a007e380588b13f7; docs/build/logs/next-phase/C3/text/page_home_.txt#sha256:9381d403d40e3ff1; docs/build/logs/next-phase/C3/bucket/web/coverage.json#sha256:b69c03fd7dca181d,"release-artifact-only: value equals the release file; not independently recomputable from public data (spine-only aggregate); numerator = distinct subjects with any `resolution` row whose winning_claim is set — no tier-0/currency filter — then clamped with min(resolved, claimed) (inference/src/inference/materialize.py:273-328 @b051732c); a 100% value can hide a numerator that exceeded the denominator"
C3-T049,https://surveillancegraph.org/,What the record covers today (.sig-stat),1 of 1 subjects with a resolved contract_value value,share of subjects with a contract_value claim whose value is resolved,web/coverage.json[id=materialized_reconciliation_ratio_contract_value] = sig_graph/coverage.csv (exact),1 of 1,match,docs/build/logs/next-phase/C3/html/page_home_.html#sha256:a007e380588b13f7; docs/build/logs/next-phase/C3/text/page_home_.txt#sha256:9381d403d40e3ff1; docs/build/logs/next-phase/C3/bucket/web/coverage.json#sha256:b69c03fd7dca181d,"release-artifact-only: value equals the release file; not independently recomputable from public data (spine-only aggregate); numerator = distinct subjects with any `resolution` row whose winning_claim is set — no tier-0/currency filter — then clamped with min(resolved, claimed) (inference/src/inference/materialize.py:273-328 @b051732c); a 100% value can hide a numerator that exceeded the denominator"
C3-T050,https://surveillancegraph.org/,What the record covers today (.sig-stat),2287 of 2287 subjects with a resolved country value,share of subjects with a country claim whose value is resolved,web/coverage.json[id=materialized_reconciliation_ratio_country] = sig_graph/coverage.csv (exact),2287 of 2287,match,docs/build/logs/next-phase/C3/html/page_home_.html#sha256:a007e380588b13f7; docs/build/logs/next-phase/C3/text/page_home_.txt#sha256:9381d403d40e3ff1; docs/build/logs/next-phase/C3/bucket/web/coverage.json#sha256:b69c03fd7dca181d,"release-artifact-only: value equals the release file; not independently recomputable from public data (spine-only aggregate); numerator = distinct subjects with any `resolution` row whose winning_claim is set — no tier-0/currency filter — then clamped with min(resolved, claimed) (inference/src/inference/materialize.py:273-328 @b051732c); a 100% value can hide a numerator that exceeded the denominator"
C3-T051,https://surveillancegraph.org/,What the record covers today (.sig-stat),652 of 652 subjects with a resolved currency value,share of subjects with a currency claim whose value is resolved,web/coverage.json[id=materialized_reconciliation_ratio_currency] = sig_graph/coverage.csv (exact),652 of 652,match,docs/build/logs/next-phase/C3/html/page_home_.html#sha256:a007e380588b13f7; docs/build/logs/next-phase/C3/text/page_home_.txt#sha256:9381d403d40e3ff1; docs/build/logs/next-phase/C3/bucket/web/coverage.json#sha256:b69c03fd7dca181d,"release-artifact-only: value equals the release file; not independently recomputable from public data (spine-only aggregate); numerator = distinct subjects with any `resolution` row whose winning_claim is set — no tier-0/currency filter — then clamped with min(resolved, claimed) (inference/src/inference/materialize.py:273-328 @b051732c); a 100% value can hide a numerator that exceeded the denominator"
C3-T052,https://surveillancegraph.org/,What the record covers today (.sig-stat),4757 of 4957 subjects with a resolved deployment_exists value,share of subjects with a deployment_exists claim whose value is resolved,web/coverage.json[id=materialized_reconciliation_ratio_deployment_exists] = sig_graph/coverage.csv (exact),4757 of 4957,match,docs/build/logs/next-phase/C3/html/page_home_.html#sha256:a007e380588b13f7; docs/build/logs/next-phase/C3/text/page_home_.txt#sha256:9381d403d40e3ff1; docs/build/logs/next-phase/C3/bucket/web/coverage.json#sha256:b69c03fd7dca181d,"release-artifact-only: value equals the release file; not independently recomputable from public data (spine-only aggregate); numerator = distinct subjects with any `resolution` row whose winning_claim is set — no tier-0/currency filter — then clamped with min(resolved, claimed) (inference/src/inference/materialize.py:273-328 @b051732c); a 100% value can hide a numerator that exceeded the denominator"
C3-T053,https://surveillancegraph.org/,What the record covers today (.sig-stat),3175 of 3175 subjects with a resolved description value,share of subjects with a description claim whose value is resolved,web/coverage.json[id=materialized_reconciliation_ratio_description] = sig_graph/coverage.csv (exact),3175 of 3175,match,docs/build/logs/next-phase/C3/html/page_home_.html#sha256:a007e380588b13f7; docs/build/logs/next-phase/C3/text/page_home_.txt#sha256:9381d403d40e3ff1; docs/build/logs/next-phase/C3/bucket/web/coverage.json#sha256:b69c03fd7dca181d,"release-artifact-only: value equals the release file; not independently recomputable from public data (spine-only aggregate); numerator = distinct subjects with any `resolution` row whose winning_claim is set — no tier-0/currency filter — then clamped with min(resolved, claimed) (inference/src/inference/materialize.py:273-328 @b051732c); a 100% value can hide a numerator that exceeded the denominator"
C3-T054,https://surveillancegraph.org/,What the record covers today (.sig-stat),619 of 619 subjects with a resolved direction value,share of subjects with a direction claim whose value is resolved,web/coverage.json[id=materialized_reconciliation_ratio_direction] = sig_graph/coverage.csv (exact),619 of 619,match,docs/build/logs/next-phase/C3/html/page_home_.html#sha256:a007e380588b13f7; docs/build/logs/next-phase/C3/text/page_home_.txt#sha256:9381d403d40e3ff1; docs/build/logs/next-phase/C3/bucket/web/coverage.json#sha256:b69c03fd7dca181d,"release-artifact-only: value equals the release file; not independently recomputable from public data (spine-only aggregate); numerator = distinct subjects with any `resolution` row whose winning_claim is set — no tier-0/currency filter — then clamped with min(resolved, claimed) (inference/src/inference/materialize.py:273-328 @b051732c); a 100% value can hide a numerator that exceeded the denominator"
C3-T055,https://surveillancegraph.org/,What the record covers today (.sig-stat),0 of 3 subjects with a resolved disclosure_field_state value,share of subjects with a disclosure_field_state claim whose value is resolved,web/coverage.json[id=materialized_reconciliation_ratio_disclosure_field_state] = sig_graph/coverage.csv (exact),0 of 3,match,docs/build/logs/next-phase/C3/html/page_home_.html#sha256:a007e380588b13f7; docs/build/logs/next-phase/C3/text/page_home_.txt#sha256:9381d403d40e3ff1; docs/build/logs/next-phase/C3/bucket/web/coverage.json#sha256:b69c03fd7dca181d,"release-artifact-only: value equals the release file; not independently recomputable from public data (spine-only aggregate); numerator = distinct subjects with any `resolution` row whose winning_claim is set — no tier-0/currency filter — then clamped with min(resolved, claimed) (inference/src/inference/materialize.py:273-328 @b051732c); a 100% value can hide a numerator that exceeded the denominator"
C3-T056,https://surveillancegraph.org/,What the record covers today (.sig-stat),4342 of 4342 subjects with a resolved document value,share of subjects with a document claim whose value is resolved,web/coverage.json[id=materialized_reconciliation_ratio_document] = sig_graph/coverage.csv (exact),4342 of 4342,match,docs/build/logs/next-phase/C3/html/page_home_.html#sha256:a007e380588b13f7; docs/build/logs/next-phase/C3/text/page_home_.txt#sha256:9381d403d40e3ff1; docs/build/logs/next-phase/C3/bucket/web/coverage.json#sha256:b69c03fd7dca181d,"release-artifact-only: value equals the release file; not independently recomputable from public data (spine-only aggregate); numerator = distinct subjects with any `resolution` row whose winning_claim is set — no tier-0/currency filter — then clamped with min(resolved, claimed) (inference/src/inference/materialize.py:273-328 @b051732c); a 100% value can hide a numerator that exceeded the denominator"
C3-T057,https://surveillancegraph.org/,What the record covers today (.sig-stat),25 of 25 subjects with a resolved effective_from value,share of subjects with a effective_from claim whose value is resolved,web/coverage.json[id=materialized_reconciliation_ratio_effective_from] = sig_graph/coverage.csv (exact),25 of 25,match,docs/build/logs/next-phase/C3/html/page_home_.html#sha256:a007e380588b13f7; docs/build/logs/next-phase/C3/text/page_home_.txt#sha256:9381d403d40e3ff1; docs/build/logs/next-phase/C3/bucket/web/coverage.json#sha256:b69c03fd7dca181d,"release-artifact-only: value equals the release file; not independently recomputable from public data (spine-only aggregate); numerator = distinct subjects with any `resolution` row whose winning_claim is set — no tier-0/currency filter — then clamped with min(resolved, claimed) (inference/src/inference/materialize.py:273-328 @b051732c); a 100% value can hide a numerator that exceeded the denominator"
C3-T058,https://surveillancegraph.org/,What the record covers today (.sig-stat),5 of 5 subjects with a resolved enacting_body value,share of subjects with a enacting_body claim whose value is resolved,web/coverage.json[id=materialized_reconciliation_ratio_enacting_body] = sig_graph/coverage.csv (exact),5 of 5,match,docs/build/logs/next-phase/C3/html/page_home_.html#sha256:a007e380588b13f7; docs/build/logs/next-phase/C3/text/page_home_.txt#sha256:9381d403d40e3ff1; docs/build/logs/next-phase/C3/bucket/web/coverage.json#sha256:b69c03fd7dca181d,"release-artifact-only: value equals the release file; not independently recomputable from public data (spine-only aggregate); numerator = distinct subjects with any `resolution` row whose winning_claim is set — no tier-0/currency filter — then clamped with min(resolved, claimed) (inference/src/inference/materialize.py:273-328 @b051732c); a 100% value can hide a numerator that exceeded the denominator"
C3-T059,https://surveillancegraph.org/,What the record covers today (.sig-stat),4 of 4 subjects with a resolved event_date value,share of subjects with a event_date claim whose value is resolved,web/coverage.json[id=materialized_reconciliation_ratio_event_date] = sig_graph/coverage.csv (exact),4 of 4,match,docs/build/logs/next-phase/C3/html/page_home_.html#sha256:a007e380588b13f7; docs/build/logs/next-phase/C3/text/page_home_.txt#sha256:9381d403d40e3ff1; docs/build/logs/next-phase/C3/bucket/web/coverage.json#sha256:b69c03fd7dca181d,"release-artifact-only: value equals the release file; not independently recomputable from public data (spine-only aggregate); numerator = distinct subjects with any `resolution` row whose winning_claim is set — no tier-0/currency filter — then clamped with min(resolved, claimed) (inference/src/inference/materialize.py:273-328 @b051732c); a 100% value can hide a numerator that exceeded the denominator"
C3-T060,https://surveillancegraph.org/,What the record covers today (.sig-stat),4 of 4 subjects with a resolved event_epistemic_status value,share of subjects with a event_epistemic_status claim whose value is resolved,web/coverage.json[id=materialized_reconciliation_ratio_event_epistemic_status] = sig_graph/coverage.csv (exact),4 of 4,match,docs/build/logs/next-phase/C3/html/page_home_.html#sha256:a007e380588b13f7; docs/build/logs/next-phase/C3/text/page_home_.txt#sha256:9381d403d40e3ff1; docs/build/logs/next-phase/C3/bucket/web/coverage.json#sha256:b69c03fd7dca181d,"release-artifact-only: value equals the release file; not independently recomputable from public data (spine-only aggregate); numerator = distinct subjects with any `resolution` row whose winning_claim is set — no tier-0/currency filter — then clamped with min(resolved, claimed) (inference/src/inference/materialize.py:273-328 @b051732c); a 100% value can hide a numerator that exceeded the denominator"
C3-T061,https://surveillancegraph.org/,What the record covers today (.sig-stat),4 of 4 subjects with a resolved event_organizations value,share of subjects with a event_organizations claim whose value is resolved,web/coverage.json[id=materialized_reconciliation_ratio_event_organizations] = sig_graph/coverage.csv (exact),4 of 4,match,docs/build/logs/next-phase/C3/html/page_home_.html#sha256:a007e380588b13f7; docs/build/logs/next-phase/C3/text/page_home_.txt#sha256:9381d403d40e3ff1; docs/build/logs/next-phase/C3/bucket/web/coverage.json#sha256:b69c03fd7dca181d,"release-artifact-only: value equals the release file; not independently recomputable from public data (spine-only aggregate); numerator = distinct subjects with any `resolution` row whose winning_claim is set — no tier-0/currency filter — then clamped with min(resolved, claimed) (inference/src/inference/materialize.py:273-328 @b051732c); a 100% value can hide a numerator that exceeded the denominator"
C3-T062,https://surveillancegraph.org/,What the record covers today (.sig-stat),2 of 2 subjects with a resolved event_technologies value,share of subjects with a event_technologies claim whose value is resolved,web/coverage.json[id=materialized_reconciliation_ratio_event_technologies] = sig_graph/coverage.csv (exact),2 of 2,match,docs/build/logs/next-phase/C3/html/page_home_.html#sha256:a007e380588b13f7; docs/build/logs/next-phase/C3/text/page_home_.txt#sha256:9381d403d40e3ff1; docs/build/logs/next-phase/C3/bucket/web/coverage.json#sha256:b69c03fd7dca181d,"release-artifact-only: value equals the release file; not independently recomputable from public data (spine-only aggregate); numerator = distinct subjects with any `resolution` row whose winning_claim is set — no tier-0/currency filter — then clamped with min(resolved, claimed) (inference/src/inference/materialize.py:273-328 @b051732c); a 100% value can hide a numerator that exceeded the denominator"
C3-T063,https://surveillancegraph.org/,What the record covers today (.sig-stat),4 of 4 subjects with a resolved event_type value,share of subjects with a event_type claim whose value is resolved,web/coverage.json[id=materialized_reconciliation_ratio_event_type] = sig_graph/coverage.csv (exact),4 of 4,match,docs/build/logs/next-phase/C3/html/page_home_.html#sha256:a007e380588b13f7; docs/build/logs/next-phase/C3/text/page_home_.txt#sha256:9381d403d40e3ff1; docs/build/logs/next-phase/C3/bucket/web/coverage.json#sha256:b69c03fd7dca181d,"release-artifact-only: value equals the release file; not independently recomputable from public data (spine-only aggregate); numerator = distinct subjects with any `resolution` row whose winning_claim is set — no tier-0/currency filter — then clamped with min(resolved, claimed) (inference/src/inference/materialize.py:273-328 @b051732c); a 100% value can hide a numerator that exceeded the denominator"
C3-T064,https://surveillancegraph.org/,What the record covers today (.sig-stat),240730 of 240730 subjects with a resolved external_id value,share of subjects with a external_id claim whose value is resolved,web/coverage.json[id=materialized_reconciliation_ratio_external_id] = sig_graph/coverage.csv (exact),240730 of 240730,match,docs/build/logs/next-phase/C3/html/page_home_.html#sha256:a007e380588b13f7; docs/build/logs/next-phase/C3/text/page_home_.txt#sha256:9381d403d40e3ff1; docs/build/logs/next-phase/C3/bucket/web/coverage.json#sha256:b69c03fd7dca181d,"release-artifact-only: value equals the release file; not independently recomputable from public data (spine-only aggregate); numerator = distinct subjects with any `resolution` row whose winning_claim is set — no tier-0/currency filter — then clamped with min(resolved, claimed) (inference/src/inference/materialize.py:273-328 @b051732c); a 100% value can hide a numerator that exceeded the denominator"
C3-T065,https://surveillancegraph.org/,What the record covers today (.sig-stat),193 of 193 subjects with a resolved facial_recognition_status value,share of subjects with a facial_recognition_status claim whose value is resolved,web/coverage.json[id=materialized_reconciliation_ratio_facial_recognition_status] = sig_graph/coverage.csv (exact),193 of 193,match,docs/build/logs/next-phase/C3/html/page_home_.html#sha256:a007e380588b13f7; docs/build/logs/next-phase/C3/text/page_home_.txt#sha256:9381d403d40e3ff1; docs/build/logs/next-phase/C3/bucket/web/coverage.json#sha256:b69c03fd7dca181d,"release-artifact-only: value equals the release file; not independently recomputable from public data (spine-only aggregate); numerator = distinct subjects with any `resolution` row whose winning_claim is set — no tier-0/currency filter — then clamped with min(resolved, claimed) (inference/src/inference/materialize.py:273-328 @b051732c); a 100% value can hide a numerator that exceeded the denominator"
C3-T066,https://surveillancegraph.org/,What the record covers today (.sig-stat),1958 of 1958 subjects with a resolved federal_award_id value,share of subjects with a federal_award_id claim whose value is resolved,web/coverage.json[id=materialized_reconciliation_ratio_federal_award_id] = sig_graph/coverage.csv (exact),1958 of 1958,match,docs/build/logs/next-phase/C3/html/page_home_.html#sha256:a007e380588b13f7; docs/build/logs/next-phase/C3/text/page_home_.txt#sha256:9381d403d40e3ff1; docs/build/logs/next-phase/C3/bucket/web/coverage.json#sha256:b69c03fd7dca181d,"release-artifact-only: value equals the release file; not independently recomputable from public data (spine-only aggregate); numerator = distinct subjects with any `resolution` row whose winning_claim is set — no tier-0/currency filter — then clamped with min(resolved, claimed) (inference/src/inference/materialize.py:273-328 @b051732c); a 100% value can hide a numerator that exceeded the denominator"
C3-T067,https://surveillancegraph.org/,What the record covers today (.sig-stat),1 of 1 subjects with a resolved first_observed value,share of subjects with a first_observed claim whose value is resolved,web/coverage.json[id=materialized_reconciliation_ratio_first_observed] = sig_graph/coverage.csv (exact),1 of 1,match,docs/build/logs/next-phase/C3/html/page_home_.html#sha256:a007e380588b13f7; docs/build/logs/next-phase/C3/text/page_home_.txt#sha256:9381d403d40e3ff1; docs/build/logs/next-phase/C3/bucket/web/coverage.json#sha256:b69c03fd7dca181d,"release-artifact-only: value equals the release file; not independently recomputable from public data (spine-only aggregate); numerator = distinct subjects with any `resolution` row whose winning_claim is set — no tier-0/currency filter — then clamped with min(resolved, claimed) (inference/src/inference/materialize.py:273-328 @b051732c); a 100% value can hide a numerator that exceeded the denominator"
C3-T068,https://surveillancegraph.org/,What the record covers today (.sig-stat),1279 of 1279 subjects with a resolved funder value,share of subjects with a funder claim whose value is resolved,web/coverage.json[id=materialized_reconciliation_ratio_funder] = sig_graph/coverage.csv (exact),1279 of 1279,match,docs/build/logs/next-phase/C3/html/page_home_.html#sha256:a007e380588b13f7; docs/build/logs/next-phase/C3/text/page_home_.txt#sha256:9381d403d40e3ff1; docs/build/logs/next-phase/C3/bucket/web/coverage.json#sha256:b69c03fd7dca181d,"release-artifact-only: value equals the release file; not independently recomputable from public data (spine-only aggregate); numerator = distinct subjects with any `resolution` row whose winning_claim is set — no tier-0/currency filter — then clamped with min(resolved, claimed) (inference/src/inference/materialize.py:273-328 @b051732c); a 100% value can hide a numerator that exceeded the denominator"
C3-T069,https://surveillancegraph.org/,What the record covers today (.sig-stat),0 of 170 subjects with a resolved hit_volume_observed value,share of subjects with a hit_volume_observed claim whose value is resolved,web/coverage.json[id=materialized_reconciliation_ratio_hit_volume_observed] = sig_graph/coverage.csv (exact),0 of 170,match,docs/build/logs/next-phase/C3/html/page_home_.html#sha256:a007e380588b13f7; docs/build/logs/next-phase/C3/text/page_home_.txt#sha256:9381d403d40e3ff1; docs/build/logs/next-phase/C3/bucket/web/coverage.json#sha256:b69c03fd7dca181d,"release-artifact-only: value equals the release file; not independently recomputable from public data (spine-only aggregate); numerator = distinct subjects with any `resolution` row whose winning_claim is set — no tier-0/currency filter — then clamped with min(resolved, claimed) (inference/src/inference/materialize.py:273-328 @b051732c); a 100% value can hide a numerator that exceeded the denominator"
C3-T070,https://surveillancegraph.org/,What the record covers today (.sig-stat),1282 of 1282 subjects with a resolved hotlist_hit_windowed_count value,share of subjects with a hotlist_hit_windowed_count claim whose value is resolved,web/coverage.json[id=materialized_reconciliation_ratio_hotlist_hit_windowed_count] = sig_graph/coverage.csv (exact),1282 of 1282,match,docs/build/logs/next-phase/C3/html/page_home_.html#sha256:a007e380588b13f7; docs/build/logs/next-phase/C3/text/page_home_.txt#sha256:9381d403d40e3ff1; docs/build/logs/next-phase/C3/bucket/web/coverage.json#sha256:b69c03fd7dca181d,"release-artifact-only: value equals the release file; not independently recomputable from public data (spine-only aggregate); numerator = distinct subjects with any `resolution` row whose winning_claim is set — no tier-0/currency filter — then clamped with min(resolved, claimed) (inference/src/inference/materialize.py:273-328 @b051732c); a 100% value can hide a numerator that exceeded the denominator"
C3-T071,https://surveillancegraph.org/,What the record covers today (.sig-stat),1 of 1 subjects with a resolved implements_technology value,share of subjects with a implements_technology claim whose value is resolved,web/coverage.json[id=materialized_reconciliation_ratio_implements_technology] = sig_graph/coverage.csv (exact),1 of 1,match,docs/build/logs/next-phase/C3/html/page_home_.html#sha256:a007e380588b13f7; docs/build/logs/next-phase/C3/text/page_home_.txt#sha256:9381d403d40e3ff1; docs/build/logs/next-phase/C3/bucket/web/coverage.json#sha256:b69c03fd7dca181d,"release-artifact-only: value equals the release file; not independently recomputable from public data (spine-only aggregate); numerator = distinct subjects with any `resolution` row whose winning_claim is set — no tier-0/currency filter — then clamped with min(resolved, claimed) (inference/src/inference/materialize.py:273-328 @b051732c); a 100% value can hide a numerator that exceeded the denominator"
C3-T072,https://surveillancegraph.org/,What the record covers today (.sig-stat),1109 of 1109 subjects with a resolved instrument_type value,share of subjects with a instrument_type claim whose value is resolved,web/coverage.json[id=materialized_reconciliation_ratio_instrument_type] = sig_graph/coverage.csv (exact),1109 of 1109,match,docs/build/logs/next-phase/C3/html/page_home_.html#sha256:a007e380588b13f7; docs/build/logs/next-phase/C3/text/page_home_.txt#sha256:9381d403d40e3ff1; docs/build/logs/next-phase/C3/bucket/web/coverage.json#sha256:b69c03fd7dca181d,"release-artifact-only: value equals the release file; not independently recomputable from public data (spine-only aggregate); numerator = distinct subjects with any `resolution` row whose winning_claim is set — no tier-0/currency filter — then clamped with min(resolved, claimed) (inference/src/inference/materialize.py:273-328 @b051732c); a 100% value can hide a numerator that exceeded the denominator"
C3-T073,https://surveillancegraph.org/,What the record covers today (.sig-stat),29 of 29 subjects with a resolved jurisdiction value,share of subjects with a jurisdiction claim whose value is resolved,web/coverage.json[id=materialized_reconciliation_ratio_jurisdiction] = sig_graph/coverage.csv (exact),29 of 29,match,docs/build/logs/next-phase/C3/html/page_home_.html#sha256:a007e380588b13f7; docs/build/logs/next-phase/C3/text/page_home_.txt#sha256:9381d403d40e3ff1; docs/build/logs/next-phase/C3/bucket/web/coverage.json#sha256:b69c03fd7dca181d,"release-artifact-only: value equals the release file; not independently recomputable from public data (spine-only aggregate); numerator = distinct subjects with any `resolution` row whose winning_claim is set — no tier-0/currency filter — then clamped with min(resolved, claimed) (inference/src/inference/materialize.py:273-328 @b051732c); a 100% value can hide a numerator that exceeded the denominator"
C3-T074,https://surveillancegraph.org/,What the record covers today (.sig-stat),2 of 2 subjects with a resolved legal_authority value,share of subjects with a legal_authority claim whose value is resolved,web/coverage.json[id=materialized_reconciliation_ratio_legal_authority] = sig_graph/coverage.csv (exact),2 of 2,match,docs/build/logs/next-phase/C3/html/page_home_.html#sha256:a007e380588b13f7; docs/build/logs/next-phase/C3/text/page_home_.txt#sha256:9381d403d40e3ff1; docs/build/logs/next-phase/C3/bucket/web/coverage.json#sha256:b69c03fd7dca181d,"release-artifact-only: value equals the release file; not independently recomputable from public data (spine-only aggregate); numerator = distinct subjects with any `resolution` row whose winning_claim is set — no tier-0/currency filter — then clamped with min(resolved, claimed) (inference/src/inference/materialize.py:273-328 @b051732c); a 100% value can hide a numerator that exceeded the denominator"
C3-T075,https://surveillancegraph.org/,What the record covers today (.sig-stat),6661 of 6661 subjects with a resolved lifecycle_transition value,share of subjects with a lifecycle_transition claim whose value is resolved,web/coverage.json[id=materialized_reconciliation_ratio_lifecycle_transition] = sig_graph/coverage.csv (exact),6661 of 6661,match,docs/build/logs/next-phase/C3/html/page_home_.html#sha256:a007e380588b13f7; docs/build/logs/next-phase/C3/text/page_home_.txt#sha256:9381d403d40e3ff1; docs/build/logs/next-phase/C3/bucket/web/coverage.json#sha256:b69c03fd7dca181d,"release-artifact-only: value equals the release file; not independently recomputable from public data (spine-only aggregate); numerator = distinct subjects with any `resolution` row whose winning_claim is set — no tier-0/currency filter — then clamped with min(resolved, claimed) (inference/src/inference/materialize.py:273-328 @b051732c); a 100% value can hide a numerator that exceeded the denominator"
C3-T076,https://surveillancegraph.org/,What the record covers today (.sig-stat),527 of 527 subjects with a resolved manufacturer value,share of subjects with a manufacturer claim whose value is resolved,web/coverage.json[id=materialized_reconciliation_ratio_manufacturer] = sig_graph/coverage.csv (exact),527 of 527,match,docs/build/logs/next-phase/C3/html/page_home_.html#sha256:a007e380588b13f7; docs/build/logs/next-phase/C3/text/page_home_.txt#sha256:9381d403d40e3ff1; docs/build/logs/next-phase/C3/bucket/web/coverage.json#sha256:b69c03fd7dca181d,"release-artifact-only: value equals the release file; not independently recomputable from public data (spine-only aggregate); numerator = distinct subjects with any `resolution` row whose winning_claim is set — no tier-0/currency filter — then clamped with min(resolved, claimed) (inference/src/inference/materialize.py:273-328 @b051732c); a 100% value can hide a numerator that exceeded the denominator"
C3-T077,https://surveillancegraph.org/,What the record covers today (.sig-stat),507 of 507 subjects with a resolved manufacturer_qid value,share of subjects with a manufacturer_qid claim whose value is resolved,web/coverage.json[id=materialized_reconciliation_ratio_manufacturer_qid] = sig_graph/coverage.csv (exact),507 of 507,match,docs/build/logs/next-phase/C3/html/page_home_.html#sha256:a007e380588b13f7; docs/build/logs/next-phase/C3/text/page_home_.txt#sha256:9381d403d40e3ff1; docs/build/logs/next-phase/C3/bucket/web/coverage.json#sha256:b69c03fd7dca181d,"release-artifact-only: value equals the release file; not independently recomputable from public data (spine-only aggregate); numerator = distinct subjects with any `resolution` row whose winning_claim is set — no tier-0/currency filter — then clamped with min(resolved, claimed) (inference/src/inference/materialize.py:273-328 @b051732c); a 100% value can hide a numerator that exceeded the denominator"
C3-T078,https://surveillancegraph.org/,What the record covers today (.sig-stat),1 of 1 subjects with a resolved mapped_device_count value,share of subjects with a mapped_device_count claim whose value is resolved,web/coverage.json[id=materialized_reconciliation_ratio_mapped_device_count] = sig_graph/coverage.csv (exact),1 of 1,match,docs/build/logs/next-phase/C3/html/page_home_.html#sha256:a007e380588b13f7; docs/build/logs/next-phase/C3/text/page_home_.txt#sha256:9381d403d40e3ff1; docs/build/logs/next-phase/C3/bucket/web/coverage.json#sha256:b69c03fd7dca181d,"release-artifact-only: value equals the release file; not independently recomputable from public data (spine-only aggregate); numerator = distinct subjects with any `resolution` row whose winning_claim is set — no tier-0/currency filter — then clamped with min(resolved, claimed) (inference/src/inference/materialize.py:273-328 @b051732c); a 100% value can hide a numerator that exceeded the denominator"
C3-T079,https://surveillancegraph.org/,What the record covers today (.sig-stat),2 of 2 subjects with a resolved mapping_source value,share of subjects with a mapping_source claim whose value is resolved,web/coverage.json[id=materialized_reconciliation_ratio_mapping_source] = sig_graph/coverage.csv (exact),2 of 2,match,docs/build/logs/next-phase/C3/html/page_home_.html#sha256:a007e380588b13f7; docs/build/logs/next-phase/C3/text/page_home_.txt#sha256:9381d403d40e3ff1; docs/build/logs/next-phase/C3/bucket/web/coverage.json#sha256:b69c03fd7dca181d,"release-artifact-only: value equals the release file; not independently recomputable from public data (spine-only aggregate); numerator = distinct subjects with any `resolution` row whose winning_claim is set — no tier-0/currency filter — then clamped with min(resolved, claimed) (inference/src/inference/materialize.py:273-328 @b051732c); a 100% value can hide a numerator that exceeded the denominator"
C3-T080,https://surveillancegraph.org/,What the record covers today (.sig-stat),1414 of 1414 subjects with a resolved matched_keyword value,share of subjects with a matched_keyword claim whose value is resolved,web/coverage.json[id=materialized_reconciliation_ratio_matched_keyword] = sig_graph/coverage.csv (exact),1414 of 1414,match,docs/build/logs/next-phase/C3/html/page_home_.html#sha256:a007e380588b13f7; docs/build/logs/next-phase/C3/text/page_home_.txt#sha256:9381d403d40e3ff1; docs/build/logs/next-phase/C3/bucket/web/coverage.json#sha256:b69c03fd7dca181d,"release-artifact-only: value equals the release file; not independently recomputable from public data (spine-only aggregate); numerator = distinct subjects with any `resolution` row whose winning_claim is set — no tier-0/currency filter — then clamped with min(resolved, claimed) (inference/src/inference/materialize.py:273-328 @b051732c); a 100% value can hide a numerator that exceeded the denominator"
C3-T081,https://surveillancegraph.org/,What the record covers today (.sig-stat),0 of 161 subjects with a resolved non_hit_proportion_observed value,share of subjects with a non_hit_proportion_observed claim whose value is resolved,web/coverage.json[id=materialized_reconciliation_ratio_non_hit_proportion_observed] = sig_graph/coverage.csv (exact),0 of 161,match,docs/build/logs/next-phase/C3/html/page_home_.html#sha256:a007e380588b13f7; docs/build/logs/next-phase/C3/text/page_home_.txt#sha256:9381d403d40e3ff1; docs/build/logs/next-phase/C3/bucket/web/coverage.json#sha256:b69c03fd7dca181d,"release-artifact-only: value equals the release file; not independently recomputable from public data (spine-only aggregate); numerator = distinct subjects with any `resolution` row whose winning_claim is set — no tier-0/currency filter — then clamped with min(resolved, claimed) (inference/src/inference/materialize.py:273-328 @b051732c); a 100% value can hide a numerator that exceeded the denominator"
C3-T082,https://surveillancegraph.org/,What the record covers today (.sig-stat),2825 of 2825 subjects with a resolved notice_type value,share of subjects with a notice_type claim whose value is resolved,web/coverage.json[id=materialized_reconciliation_ratio_notice_type] = sig_graph/coverage.csv (exact),2825 of 2825,match,docs/build/logs/next-phase/C3/html/page_home_.html#sha256:a007e380588b13f7; docs/build/logs/next-phase/C3/text/page_home_.txt#sha256:9381d403d40e3ff1; docs/build/logs/next-phase/C3/bucket/web/coverage.json#sha256:b69c03fd7dca181d,"release-artifact-only: value equals the release file; not independently recomputable from public data (spine-only aggregate); numerator = distinct subjects with any `resolution` row whose winning_claim is set — no tier-0/currency filter — then clamped with min(resolved, claimed) (inference/src/inference/materialize.py:273-328 @b051732c); a 100% value can hide a numerator that exceeded the denominator"
C3-T083,https://surveillancegraph.org/,What the record covers today (.sig-stat),34 of 34 subjects with a resolved operator_qid value,share of subjects with a operator_qid claim whose value is resolved,web/coverage.json[id=materialized_reconciliation_ratio_operator_qid] = sig_graph/coverage.csv (exact),34 of 34,match,docs/build/logs/next-phase/C3/html/page_home_.html#sha256:a007e380588b13f7; docs/build/logs/next-phase/C3/text/page_home_.txt#sha256:9381d403d40e3ff1; docs/build/logs/next-phase/C3/bucket/web/coverage.json#sha256:b69c03fd7dca181d,"release-artifact-only: value equals the release file; not independently recomputable from public data (spine-only aggregate); numerator = distinct subjects with any `resolution` row whose winning_claim is set — no tier-0/currency filter — then clamped with min(resolved, claimed) (inference/src/inference/materialize.py:273-328 @b051732c); a 100% value can hide a numerator that exceeded the denominator"
C3-T084,https://surveillancegraph.org/,What the record covers today (.sig-stat),56 of 56 subjects with a resolved operator_stated value,share of subjects with a operator_stated claim whose value is resolved,web/coverage.json[id=materialized_reconciliation_ratio_operator_stated] = sig_graph/coverage.csv (exact),56 of 56,match,docs/build/logs/next-phase/C3/html/page_home_.html#sha256:a007e380588b13f7; docs/build/logs/next-phase/C3/text/page_home_.txt#sha256:9381d403d40e3ff1; docs/build/logs/next-phase/C3/bucket/web/coverage.json#sha256:b69c03fd7dca181d,"release-artifact-only: value equals the release file; not independently recomputable from public data (spine-only aggregate); numerator = distinct subjects with any `resolution` row whose winning_claim is set — no tier-0/currency filter — then clamped with min(resolved, claimed) (inference/src/inference/materialize.py:273-328 @b051732c); a 100% value can hide a numerator that exceeded the denominator"
C3-T085,https://surveillancegraph.org/,What the record covers today (.sig-stat),17 of 17 subjects with a resolved operator_type value,share of subjects with a operator_type claim whose value is resolved,web/coverage.json[id=materialized_reconciliation_ratio_operator_type] = sig_graph/coverage.csv (exact),17 of 17,match,docs/build/logs/next-phase/C3/html/page_home_.html#sha256:a007e380588b13f7; docs/build/logs/next-phase/C3/text/page_home_.txt#sha256:9381d403d40e3ff1; docs/build/logs/next-phase/C3/bucket/web/coverage.json#sha256:b69c03fd7dca181d,"release-artifact-only: value equals the release file; not independently recomputable from public data (spine-only aggregate); numerator = distinct subjects with any `resolution` row whose winning_claim is set — no tier-0/currency filter — then clamped with min(resolved, claimed) (inference/src/inference/materialize.py:273-328 @b051732c); a 100% value can hide a numerator that exceeded the denominator"
C3-T086,https://surveillancegraph.org/,What the record covers today (.sig-stat),5 of 5 subjects with a resolved ordinance_citation value,share of subjects with a ordinance_citation claim whose value is resolved,web/coverage.json[id=materialized_reconciliation_ratio_ordinance_citation] = sig_graph/coverage.csv (exact),5 of 5,match,docs/build/logs/next-phase/C3/html/page_home_.html#sha256:a007e380588b13f7; docs/build/logs/next-phase/C3/text/page_home_.txt#sha256:9381d403d40e3ff1; docs/build/logs/next-phase/C3/bucket/web/coverage.json#sha256:b69c03fd7dca181d,"release-artifact-only: value equals the release file; not independently recomputable from public data (spine-only aggregate); numerator = distinct subjects with any `resolution` row whose winning_claim is set — no tier-0/currency filter — then clamped with min(resolved, claimed) (inference/src/inference/materialize.py:273-328 @b051732c); a 100% value can hide a numerator that exceeded the denominator"
C3-T087,https://surveillancegraph.org/,What the record covers today (.sig-stat),195 of 195 subjects with a resolved parent_cooperative_contract value,share of subjects with a parent_cooperative_contract claim whose value is resolved,web/coverage.json[id=materialized_reconciliation_ratio_parent_cooperative_contract] = sig_graph/coverage.csv (exact),195 of 195,match,docs/build/logs/next-phase/C3/html/page_home_.html#sha256:a007e380588b13f7; docs/build/logs/next-phase/C3/text/page_home_.txt#sha256:9381d403d40e3ff1; docs/build/logs/next-phase/C3/bucket/web/coverage.json#sha256:b69c03fd7dca181d,"release-artifact-only: value equals the release file; not independently recomputable from public data (spine-only aggregate); numerator = distinct subjects with any `resolution` row whose winning_claim is set — no tier-0/currency filter — then clamped with min(resolved, claimed) (inference/src/inference/materialize.py:273-328 @b051732c); a 100% value can hide a numerator that exceeded the denominator"
C3-T088,https://surveillancegraph.org/,What the record covers today (.sig-stat),1225 of 1225 subjects with a resolved period value,share of subjects with a period claim whose value is resolved,web/coverage.json[id=materialized_reconciliation_ratio_period] = sig_graph/coverage.csv (exact),1225 of 1225,match,docs/build/logs/next-phase/C3/html/page_home_.html#sha256:a007e380588b13f7; docs/build/logs/next-phase/C3/text/page_home_.txt#sha256:9381d403d40e3ff1; docs/build/logs/next-phase/C3/bucket/web/coverage.json#sha256:b69c03fd7dca181d,"release-artifact-only: value equals the release file; not independently recomputable from public data (spine-only aggregate); numerator = distinct subjects with any `resolution` row whose winning_claim is set — no tier-0/currency filter — then clamped with min(resolved, claimed) (inference/src/inference/materialize.py:273-328 @b051732c); a 100% value can hide a numerator that exceeded the denominator"
C3-T089,https://surveillancegraph.org/,What the record covers today (.sig-stat),2287 of 2287 subjects with a resolved place_of_performance value,share of subjects with a place_of_performance claim whose value is resolved,web/coverage.json[id=materialized_reconciliation_ratio_place_of_performance] = sig_graph/coverage.csv (exact),2287 of 2287,match,docs/build/logs/next-phase/C3/html/page_home_.html#sha256:a007e380588b13f7; docs/build/logs/next-phase/C3/text/page_home_.txt#sha256:9381d403d40e3ff1; docs/build/logs/next-phase/C3/bucket/web/coverage.json#sha256:b69c03fd7dca181d,"release-artifact-only: value equals the release file; not independently recomputable from public data (spine-only aggregate); numerator = distinct subjects with any `resolution` row whose winning_claim is set — no tier-0/currency filter — then clamped with min(resolved, claimed) (inference/src/inference/materialize.py:273-328 @b051732c); a 100% value can hide a numerator that exceeded the denominator"
C3-T090,https://surveillancegraph.org/,What the record covers today (.sig-stat),0 of 130 subjects with a resolved pooled_lookup_participation value,share of subjects with a pooled_lookup_participation claim whose value is resolved,web/coverage.json[id=materialized_reconciliation_ratio_pooled_lookup_participation] = sig_graph/coverage.csv (exact),0 of 130,match,docs/build/logs/next-phase/C3/html/page_home_.html#sha256:a007e380588b13f7; docs/build/logs/next-phase/C3/text/page_home_.txt#sha256:9381d403d40e3ff1; docs/build/logs/next-phase/C3/bucket/web/coverage.json#sha256:b69c03fd7dca181d,"release-artifact-only: value equals the release file; not independently recomputable from public data (spine-only aggregate); numerator = distinct subjects with any `resolution` row whose winning_claim is set — no tier-0/currency filter — then clamped with min(resolved, claimed) (inference/src/inference/materialize.py:273-328 @b051732c); a 100% value can hide a numerator that exceeded the denominator"
C3-T091,https://surveillancegraph.org/,What the record covers today (.sig-stat),1528 of 1528 subjects with a resolved portal_exists value,share of subjects with a portal_exists claim whose value is resolved,web/coverage.json[id=materialized_reconciliation_ratio_portal_exists] = sig_graph/coverage.csv (exact),1528 of 1528,match,docs/build/logs/next-phase/C3/html/page_home_.html#sha256:a007e380588b13f7; docs/build/logs/next-phase/C3/text/page_home_.txt#sha256:9381d403d40e3ff1; docs/build/logs/next-phase/C3/bucket/web/coverage.json#sha256:b69c03fd7dca181d,"release-artifact-only: value equals the release file; not independently recomputable from public data (spine-only aggregate); numerator = distinct subjects with any `resolution` row whose winning_claim is set — no tier-0/currency filter — then clamped with min(resolved, claimed) (inference/src/inference/materialize.py:273-328 @b051732c); a 100% value can hide a numerator that exceeded the denominator"
C3-T092,https://surveillancegraph.org/,What the record covers today (.sig-stat),1528 of 1528 subjects with a resolved portal_last_updated_declared value,share of subjects with a portal_last_updated_declared claim whose value is resolved,web/coverage.json[id=materialized_reconciliation_ratio_portal_last_updated_declared] = sig_graph/coverage.csv (exact),1528 of 1528,match,docs/build/logs/next-phase/C3/html/page_home_.html#sha256:a007e380588b13f7; docs/build/logs/next-phase/C3/text/page_home_.txt#sha256:9381d403d40e3ff1; docs/build/logs/next-phase/C3/bucket/web/coverage.json#sha256:b69c03fd7dca181d,"release-artifact-only: value equals the release file; not independently recomputable from public data (spine-only aggregate); numerator = distinct subjects with any `resolution` row whose winning_claim is set — no tier-0/currency filter — then clamped with min(resolved, claimed) (inference/src/inference/materialize.py:273-328 @b051732c); a 100% value can hide a numerator that exceeded the denominator"
C3-T093,https://surveillancegraph.org/,What the record covers today (.sig-stat),1458 of 1458 subjects with a resolved portal_stated_prohibited_use value,share of subjects with a portal_stated_prohibited_use claim whose value is resolved,web/coverage.json[id=materialized_reconciliation_ratio_portal_stated_prohibited_use] = sig_graph/coverage.csv (exact),1458 of 1458,match,docs/build/logs/next-phase/C3/html/page_home_.html#sha256:a007e380588b13f7; docs/build/logs/next-phase/C3/text/page_home_.txt#sha256:9381d403d40e3ff1; docs/build/logs/next-phase/C3/bucket/web/coverage.json#sha256:b69c03fd7dca181d,"release-artifact-only: value equals the release file; not independently recomputable from public data (spine-only aggregate); numerator = distinct subjects with any `resolution` row whose winning_claim is set — no tier-0/currency filter — then clamped with min(resolved, claimed) (inference/src/inference/materialize.py:273-328 @b051732c); a 100% value can hide a numerator that exceeded the denominator"
C3-T094,https://surveillancegraph.org/,What the record covers today (.sig-stat),4014 of 4014 subjects with a resolved posted_date value,share of subjects with a posted_date claim whose value is resolved,web/coverage.json[id=materialized_reconciliation_ratio_posted_date] = sig_graph/coverage.csv (exact),4014 of 4014,match,docs/build/logs/next-phase/C3/html/page_home_.html#sha256:a007e380588b13f7; docs/build/logs/next-phase/C3/text/page_home_.txt#sha256:9381d403d40e3ff1; docs/build/logs/next-phase/C3/bucket/web/coverage.json#sha256:b69c03fd7dca181d,"release-artifact-only: value equals the release file; not independently recomputable from public data (spine-only aggregate); numerator = distinct subjects with any `resolution` row whose winning_claim is set — no tier-0/currency filter — then clamped with min(resolved, claimed) (inference/src/inference/materialize.py:273-328 @b051732c); a 100% value can hide a numerator that exceeded the denominator"
C3-T095,https://surveillancegraph.org/,What the record covers today (.sig-stat),4 of 4 subjects with a resolved power_arrangement value,share of subjects with a power_arrangement claim whose value is resolved,web/coverage.json[id=materialized_reconciliation_ratio_power_arrangement] = sig_graph/coverage.csv (exact),4 of 4,match,docs/build/logs/next-phase/C3/html/page_home_.html#sha256:a007e380588b13f7; docs/build/logs/next-phase/C3/text/page_home_.txt#sha256:9381d403d40e3ff1; docs/build/logs/next-phase/C3/bucket/web/coverage.json#sha256:b69c03fd7dca181d,"release-artifact-only: value equals the release file; not independently recomputable from public data (spine-only aggregate); numerator = distinct subjects with any `resolution` row whose winning_claim is set — no tier-0/currency filter — then clamped with min(resolved, claimed) (inference/src/inference/materialize.py:273-328 @b051732c); a 100% value can hide a numerator that exceeded the denominator"
C3-T096,https://surveillancegraph.org/,What the record covers today (.sig-stat),1 of 1 subjects with a resolved procurement_state value,share of subjects with a procurement_state claim whose value is resolved,web/coverage.json[id=materialized_reconciliation_ratio_procurement_state] = sig_graph/coverage.csv (exact),1 of 1,match,docs/build/logs/next-phase/C3/html/page_home_.html#sha256:a007e380588b13f7; docs/build/logs/next-phase/C3/text/page_home_.txt#sha256:9381d403d40e3ff1; docs/build/logs/next-phase/C3/bucket/web/coverage.json#sha256:b69c03fd7dca181d,"release-artifact-only: value equals the release file; not independently recomputable from public data (spine-only aggregate); numerator = distinct subjects with any `resolution` row whose winning_claim is set — no tier-0/currency filter — then clamped with min(resolved, claimed) (inference/src/inference/materialize.py:273-328 @b051732c); a 100% value can hide a numerator that exceeded the denominator"
C3-T097,https://surveillancegraph.org/,What the record covers today (.sig-stat),2939 of 2939 subjects with a resolved products value,share of subjects with a products claim whose value is resolved,web/coverage.json[id=materialized_reconciliation_ratio_products] = sig_graph/coverage.csv (exact),2939 of 2939,match,docs/build/logs/next-phase/C3/html/page_home_.html#sha256:a007e380588b13f7; docs/build/logs/next-phase/C3/text/page_home_.txt#sha256:9381d403d40e3ff1; docs/build/logs/next-phase/C3/bucket/web/coverage.json#sha256:b69c03fd7dca181d,"release-artifact-only: value equals the release file; not independently recomputable from public data (spine-only aggregate); numerator = distinct subjects with any `resolution` row whose winning_claim is set — no tier-0/currency filter — then clamped with min(resolved, claimed) (inference/src/inference/materialize.py:273-328 @b051732c); a 100% value can hide a numerator that exceeded the denominator"
C3-T098,https://surveillancegraph.org/,What the record covers today (.sig-stat),200 of 200 subjects with a resolved program_name value,share of subjects with a program_name claim whose value is resolved,web/coverage.json[id=materialized_reconciliation_ratio_program_name] = sig_graph/coverage.csv (exact),200 of 200,match,docs/build/logs/next-phase/C3/html/page_home_.html#sha256:a007e380588b13f7; docs/build/logs/next-phase/C3/text/page_home_.txt#sha256:9381d403d40e3ff1; docs/build/logs/next-phase/C3/bucket/web/coverage.json#sha256:b69c03fd7dca181d,"release-artifact-only: value equals the release file; not independently recomputable from public data (spine-only aggregate); numerator = distinct subjects with any `resolution` row whose winning_claim is set — no tier-0/currency filter — then clamped with min(resolved, claimed) (inference/src/inference/materialize.py:273-328 @b051732c); a 100% value can hide a numerator that exceeded the denominator"
C3-T099,https://surveillancegraph.org/,What the record covers today (.sig-stat),2158 of 2158 subjects with a resolved recipient value,share of subjects with a recipient claim whose value is resolved,web/coverage.json[id=materialized_reconciliation_ratio_recipient] = sig_graph/coverage.csv (exact),2158 of 2158,match,docs/build/logs/next-phase/C3/html/page_home_.html#sha256:a007e380588b13f7; docs/build/logs/next-phase/C3/text/page_home_.txt#sha256:9381d403d40e3ff1; docs/build/logs/next-phase/C3/bucket/web/coverage.json#sha256:b69c03fd7dca181d,"release-artifact-only: value equals the release file; not independently recomputable from public data (spine-only aggregate); numerator = distinct subjects with any `resolution` row whose winning_claim is set — no tier-0/currency filter — then clamped with min(resolved, claimed) (inference/src/inference/materialize.py:273-328 @b051732c); a 100% value can hide a numerator that exceeded the denominator"
C3-T100,https://surveillancegraph.org/,What the record covers today (.sig-stat),195 of 195 subjects with a resolved renewal_options value,share of subjects with a renewal_options claim whose value is resolved,web/coverage.json[id=materialized_reconciliation_ratio_renewal_options] = sig_graph/coverage.csv (exact),195 of 195,match,docs/build/logs/next-phase/C3/html/page_home_.html#sha256:a007e380588b13f7; docs/build/logs/next-phase/C3/text/page_home_.txt#sha256:9381d403d40e3ff1; docs/build/logs/next-phase/C3/bucket/web/coverage.json#sha256:b69c03fd7dca181d,"release-artifact-only: value equals the release file; not independently recomputable from public data (spine-only aggregate); numerator = distinct subjects with any `resolution` row whose winning_claim is set — no tier-0/currency filter — then clamped with min(resolved, claimed) (inference/src/inference/materialize.py:273-328 @b051732c); a 100% value can hide a numerator that exceeded the denominator"
C3-T101,https://surveillancegraph.org/,What the record covers today (.sig-stat),1 of 1 subjects with a resolved requesting_party value,share of subjects with a requesting_party claim whose value is resolved,web/coverage.json[id=materialized_reconciliation_ratio_requesting_party] = sig_graph/coverage.csv (exact),1 of 1,match,docs/build/logs/next-phase/C3/html/page_home_.html#sha256:a007e380588b13f7; docs/build/logs/next-phase/C3/text/page_home_.txt#sha256:9381d403d40e3ff1; docs/build/logs/next-phase/C3/bucket/web/coverage.json#sha256:b69c03fd7dca181d,"release-artifact-only: value equals the release file; not independently recomputable from public data (spine-only aggregate); numerator = distinct subjects with any `resolution` row whose winning_claim is set — no tier-0/currency filter — then clamped with min(resolved, claimed) (inference/src/inference/materialize.py:273-328 @b051732c); a 100% value can hide a numerator that exceeded the denominator"
C3-T102,https://surveillancegraph.org/,What the record covers today (.sig-stat),1 of 1 subjects with a resolved request_text value,share of subjects with a request_text claim whose value is resolved,web/coverage.json[id=materialized_reconciliation_ratio_request_text] = sig_graph/coverage.csv (exact),1 of 1,match,docs/build/logs/next-phase/C3/html/page_home_.html#sha256:a007e380588b13f7; docs/build/logs/next-phase/C3/text/page_home_.txt#sha256:9381d403d40e3ff1; docs/build/logs/next-phase/C3/bucket/web/coverage.json#sha256:b69c03fd7dca181d,"release-artifact-only: value equals the release file; not independently recomputable from public data (spine-only aggregate); numerator = distinct subjects with any `resolution` row whose winning_claim is set — no tier-0/currency filter — then clamped with min(resolved, claimed) (inference/src/inference/materialize.py:273-328 @b051732c); a 100% value can hide a numerator that exceeded the denominator"
C3-T103,https://surveillancegraph.org/,What the record covers today (.sig-stat),1 of 1 subjects with a resolved response_date value,share of subjects with a response_date claim whose value is resolved,web/coverage.json[id=materialized_reconciliation_ratio_response_date] = sig_graph/coverage.csv (exact),1 of 1,match,docs/build/logs/next-phase/C3/html/page_home_.html#sha256:a007e380588b13f7; docs/build/logs/next-phase/C3/text/page_home_.txt#sha256:9381d403d40e3ff1; docs/build/logs/next-phase/C3/bucket/web/coverage.json#sha256:b69c03fd7dca181d,"release-artifact-only: value equals the release file; not independently recomputable from public data (spine-only aggregate); numerator = distinct subjects with any `resolution` row whose winning_claim is set — no tier-0/currency filter — then clamped with min(resolved, claimed) (inference/src/inference/materialize.py:273-328 @b051732c); a 100% value can hide a numerator that exceeded the denominator"
C3-T104,https://surveillancegraph.org/,What the record covers today (.sig-stat),987 of 987 subjects with a resolved response_deadline value,share of subjects with a response_deadline claim whose value is resolved,web/coverage.json[id=materialized_reconciliation_ratio_response_deadline] = sig_graph/coverage.csv (exact),987 of 987,match,docs/build/logs/next-phase/C3/html/page_home_.html#sha256:a007e380588b13f7; docs/build/logs/next-phase/C3/text/page_home_.txt#sha256:9381d403d40e3ff1; docs/build/logs/next-phase/C3/bucket/web/coverage.json#sha256:b69c03fd7dca181d,"release-artifact-only: value equals the release file; not independently recomputable from public data (spine-only aggregate); numerator = distinct subjects with any `resolution` row whose winning_claim is set — no tier-0/currency filter — then clamped with min(resolved, claimed) (inference/src/inference/materialize.py:273-328 @b051732c); a 100% value can hide a numerator that exceeded the denominator"
C3-T105,https://surveillancegraph.org/,What the record covers today (.sig-stat),1 of 1 subjects with a resolved response_status value,share of subjects with a response_status claim whose value is resolved,web/coverage.json[id=materialized_reconciliation_ratio_response_status] = sig_graph/coverage.csv (exact),1 of 1,match,docs/build/logs/next-phase/C3/html/page_home_.html#sha256:a007e380588b13f7; docs/build/logs/next-phase/C3/text/page_home_.txt#sha256:9381d403d40e3ff1; docs/build/logs/next-phase/C3/bucket/web/coverage.json#sha256:b69c03fd7dca181d,"release-artifact-only: value equals the release file; not independently recomputable from public data (spine-only aggregate); numerator = distinct subjects with any `resolution` row whose winning_claim is set — no tier-0/currency filter — then clamped with min(resolved, claimed) (inference/src/inference/materialize.py:273-328 @b051732c); a 100% value can hide a numerator that exceeded the denominator"
C3-T106,https://surveillancegraph.org/,What the record covers today (.sig-stat),1 of 1 subjects with a resolved retention_period value,share of subjects with a retention_period claim whose value is resolved,web/coverage.json[id=materialized_reconciliation_ratio_retention_period] = sig_graph/coverage.csv (exact),1 of 1,match,docs/build/logs/next-phase/C3/html/page_home_.html#sha256:a007e380588b13f7; docs/build/logs/next-phase/C3/text/page_home_.txt#sha256:9381d403d40e3ff1; docs/build/logs/next-phase/C3/bucket/web/coverage.json#sha256:b69c03fd7dca181d,"release-artifact-only: value equals the release file; not independently recomputable from public data (spine-only aggregate); numerator = distinct subjects with any `resolution` row whose winning_claim is set — no tier-0/currency filter — then clamped with min(resolved, claimed) (inference/src/inference/materialize.py:273-328 @b051732c); a 100% value can hide a numerator that exceeded the denominator"
C3-T107,https://surveillancegraph.org/,What the record covers today (.sig-stat),0 of 169 subjects with a resolved scan_volume_observed value,share of subjects with a scan_volume_observed claim whose value is resolved,web/coverage.json[id=materialized_reconciliation_ratio_scan_volume_observed] = sig_graph/coverage.csv (exact),0 of 169,match,docs/build/logs/next-phase/C3/html/page_home_.html#sha256:a007e380588b13f7; docs/build/logs/next-phase/C3/text/page_home_.txt#sha256:9381d403d40e3ff1; docs/build/logs/next-phase/C3/bucket/web/coverage.json#sha256:b69c03fd7dca181d,"release-artifact-only: value equals the release file; not independently recomputable from public data (spine-only aggregate); numerator = distinct subjects with any `resolution` row whose winning_claim is set — no tier-0/currency filter — then clamped with min(resolved, claimed) (inference/src/inference/materialize.py:273-328 @b051732c); a 100% value can hide a numerator that exceeded the denominator"
C3-T108,https://surveillancegraph.org/,What the record covers today (.sig-stat),2788 of 2788 subjects with a resolved seller value,share of subjects with a seller claim whose value is resolved,web/coverage.json[id=materialized_reconciliation_ratio_seller] = sig_graph/coverage.csv (exact),2788 of 2788,match,docs/build/logs/next-phase/C3/html/page_home_.html#sha256:a007e380588b13f7; docs/build/logs/next-phase/C3/text/page_home_.txt#sha256:9381d403d40e3ff1; docs/build/logs/next-phase/C3/bucket/web/coverage.json#sha256:b69c03fd7dca181d,"release-artifact-only: value equals the release file; not independently recomputable from public data (spine-only aggregate); numerator = distinct subjects with any `resolution` row whose winning_claim is set — no tier-0/currency filter — then clamped with min(resolved, claimed) (inference/src/inference/materialize.py:273-328 @b051732c); a 100% value can hide a numerator that exceeded the denominator"
C3-T109,https://surveillancegraph.org/,What the record covers today (.sig-stat),0 of 185 subjects with a resolved sharing_partner_degree value,share of subjects with a sharing_partner_degree claim whose value is resolved,web/coverage.json[id=materialized_reconciliation_ratio_sharing_partner_degree] = sig_graph/coverage.csv (exact),0 of 185,match,docs/build/logs/next-phase/C3/html/page_home_.html#sha256:a007e380588b13f7; docs/build/logs/next-phase/C3/text/page_home_.txt#sha256:9381d403d40e3ff1; docs/build/logs/next-phase/C3/bucket/web/coverage.json#sha256:b69c03fd7dca181d,"release-artifact-only: value equals the release file; not independently recomputable from public data (spine-only aggregate); numerator = distinct subjects with any `resolution` row whose winning_claim is set — no tier-0/currency filter — then clamped with min(resolved, claimed) (inference/src/inference/materialize.py:273-328 @b051732c); a 100% value can hide a numerator that exceeded the denominator"
C3-T110,https://surveillancegraph.org/,What the record covers today (.sig-stat),1 of 1 subjects with a resolved sharing_restriction value,share of subjects with a sharing_restriction claim whose value is resolved,web/coverage.json[id=materialized_reconciliation_ratio_sharing_restriction] = sig_graph/coverage.csv (exact),1 of 1,match,docs/build/logs/next-phase/C3/html/page_home_.html#sha256:a007e380588b13f7; docs/build/logs/next-phase/C3/text/page_home_.txt#sha256:9381d403d40e3ff1; docs/build/logs/next-phase/C3/bucket/web/coverage.json#sha256:b69c03fd7dca181d,"release-artifact-only: value equals the release file; not independently recomputable from public data (spine-only aggregate); numerator = distinct subjects with any `resolution` row whose winning_claim is set — no tier-0/currency filter — then clamped with min(resolved, claimed) (inference/src/inference/materialize.py:273-328 @b051732c); a 100% value can hide a numerator that exceeded the denominator"
C3-T111,https://surveillancegraph.org/,What the record covers today (.sig-stat),652 of 652 subjects with a resolved signed_date value,share of subjects with a signed_date claim whose value is resolved,web/coverage.json[id=materialized_reconciliation_ratio_signed_date] = sig_graph/coverage.csv (exact),652 of 652,match,docs/build/logs/next-phase/C3/html/page_home_.html#sha256:a007e380588b13f7; docs/build/logs/next-phase/C3/text/page_home_.txt#sha256:9381d403d40e3ff1; docs/build/logs/next-phase/C3/bucket/web/coverage.json#sha256:b69c03fd7dca181d,"release-artifact-only: value equals the release file; not independently recomputable from public data (spine-only aggregate); numerator = distinct subjects with any `resolution` row whose winning_claim is set — no tier-0/currency filter — then clamped with min(resolved, claimed) (inference/src/inference/materialize.py:273-328 @b051732c); a 100% value can hide a numerator that exceeded the denominator"
C3-T112,https://surveillancegraph.org/,What the record covers today (.sig-stat),75 of 75 subjects with a resolved smart_city_surveillance value,share of subjects with a smart_city_surveillance claim whose value is resolved,web/coverage.json[id=materialized_reconciliation_ratio_smart_city_surveillance] = sig_graph/coverage.csv (exact),75 of 75,match,docs/build/logs/next-phase/C3/html/page_home_.html#sha256:a007e380588b13f7; docs/build/logs/next-phase/C3/text/page_home_.txt#sha256:9381d403d40e3ff1; docs/build/logs/next-phase/C3/bucket/web/coverage.json#sha256:b69c03fd7dca181d,"release-artifact-only: value equals the release file; not independently recomputable from public data (spine-only aggregate); numerator = distinct subjects with any `resolution` row whose winning_claim is set — no tier-0/currency filter — then clamped with min(resolved, claimed) (inference/src/inference/materialize.py:273-328 @b051732c); a 100% value can hide a numerator that exceeded the denominator"
C3-T113,https://surveillancegraph.org/,What the record covers today (.sig-stat),75 of 75 subjects with a resolved smart_policing value,share of subjects with a smart_policing claim whose value is resolved,web/coverage.json[id=materialized_reconciliation_ratio_smart_policing] = sig_graph/coverage.csv (exact),75 of 75,match,docs/build/logs/next-phase/C3/html/page_home_.html#sha256:a007e380588b13f7; docs/build/logs/next-phase/C3/text/page_home_.txt#sha256:9381d403d40e3ff1; docs/build/logs/next-phase/C3/bucket/web/coverage.json#sha256:b69c03fd7dca181d,"release-artifact-only: value equals the release file; not independently recomputable from public data (spine-only aggregate); numerator = distinct subjects with any `resolution` row whose winning_claim is set — no tier-0/currency filter — then clamped with min(resolved, claimed) (inference/src/inference/materialize.py:273-328 @b051732c); a 100% value can hide a numerator that exceeded the denominator"
C3-T114,https://surveillancegraph.org/,What the record covers today (.sig-stat),652 of 652 subjects with a resolved start_date value,share of subjects with a start_date claim whose value is resolved,web/coverage.json[id=materialized_reconciliation_ratio_start_date] = sig_graph/coverage.csv (exact),652 of 652,match,docs/build/logs/next-phase/C3/html/page_home_.html#sha256:a007e380588b13f7; docs/build/logs/next-phase/C3/text/page_home_.txt#sha256:9381d403d40e3ff1; docs/build/logs/next-phase/C3/bucket/web/coverage.json#sha256:b69c03fd7dca181d,"release-artifact-only: value equals the release file; not independently recomputable from public data (spine-only aggregate); numerator = distinct subjects with any `resolution` row whose winning_claim is set — no tier-0/currency filter — then clamped with min(resolved, claimed) (inference/src/inference/materialize.py:273-328 @b051732c); a 100% value can hide a numerator that exceeded the denominator"
C3-T115,https://surveillancegraph.org/,What the record covers today (.sig-stat),2 of 2 subjects with a resolved statutory_citation value,share of subjects with a statutory_citation claim whose value is resolved,web/coverage.json[id=materialized_reconciliation_ratio_statutory_citation] = sig_graph/coverage.csv (exact),2 of 2,match,docs/build/logs/next-phase/C3/html/page_home_.html#sha256:a007e380588b13f7; docs/build/logs/next-phase/C3/text/page_home_.txt#sha256:9381d403d40e3ff1; docs/build/logs/next-phase/C3/bucket/web/coverage.json#sha256:b69c03fd7dca181d,"release-artifact-only: value equals the release file; not independently recomputable from public data (spine-only aggregate); numerator = distinct subjects with any `resolution` row whose winning_claim is set — no tier-0/currency filter — then clamped with min(resolved, claimed) (inference/src/inference/materialize.py:273-328 @b051732c); a 100% value can hide a numerator that exceeded the denominator"
C3-T116,https://surveillancegraph.org/,What the record covers today (.sig-stat),5 of 5 subjects with a resolved sunset_date value,share of subjects with a sunset_date claim whose value is resolved,web/coverage.json[id=materialized_reconciliation_ratio_sunset_date] = sig_graph/coverage.csv (exact),5 of 5,match,docs/build/logs/next-phase/C3/html/page_home_.html#sha256:a007e380588b13f7; docs/build/logs/next-phase/C3/text/page_home_.txt#sha256:9381d403d40e3ff1; docs/build/logs/next-phase/C3/bucket/web/coverage.json#sha256:b69c03fd7dca181d,"release-artifact-only: value equals the release file; not independently recomputable from public data (spine-only aggregate); numerator = distinct subjects with any `resolution` row whose winning_claim is set — no tier-0/currency filter — then clamped with min(resolved, claimed) (inference/src/inference/materialize.py:273-328 @b051732c); a 100% value can hide a numerator that exceeded the denominator"
C3-T117,https://surveillancegraph.org/,What the record covers today (.sig-stat),630 of 630 subjects with a resolved surveillance_zone value,share of subjects with a surveillance_zone claim whose value is resolved,web/coverage.json[id=materialized_reconciliation_ratio_surveillance_zone] = sig_graph/coverage.csv (exact),630 of 630,match,docs/build/logs/next-phase/C3/html/page_home_.html#sha256:a007e380588b13f7; docs/build/logs/next-phase/C3/text/page_home_.txt#sha256:9381d403d40e3ff1; docs/build/logs/next-phase/C3/bucket/web/coverage.json#sha256:b69c03fd7dca181d,"release-artifact-only: value equals the release file; not independently recomputable from public data (spine-only aggregate); numerator = distinct subjects with any `resolution` row whose winning_claim is set — no tier-0/currency filter — then clamped with min(resolved, claimed) (inference/src/inference/materialize.py:273-328 @b051732c); a 100% value can hide a numerator that exceeded the denominator"
C3-T118,https://surveillancegraph.org/,What the record covers today (.sig-stat),1 of 1 subjects with a resolved target_agency value,share of subjects with a target_agency claim whose value is resolved,web/coverage.json[id=materialized_reconciliation_ratio_target_agency] = sig_graph/coverage.csv (exact),1 of 1,match,docs/build/logs/next-phase/C3/html/page_home_.html#sha256:a007e380588b13f7; docs/build/logs/next-phase/C3/text/page_home_.txt#sha256:9381d403d40e3ff1; docs/build/logs/next-phase/C3/bucket/web/coverage.json#sha256:b69c03fd7dca181d,"release-artifact-only: value equals the release file; not independently recomputable from public data (spine-only aggregate); numerator = distinct subjects with any `resolution` row whose winning_claim is set — no tier-0/currency filter — then clamped with min(resolved, claimed) (inference/src/inference/materialize.py:273-328 @b051732c); a 100% value can hide a numerator that exceeded the denominator"
C3-T119,https://surveillancegraph.org/,What the record covers today (.sig-stat),7 of 7 subjects with a resolved technology value,share of subjects with a technology claim whose value is resolved,web/coverage.json[id=materialized_reconciliation_ratio_technology] = sig_graph/coverage.csv (exact),7 of 7,match,docs/build/logs/next-phase/C3/html/page_home_.html#sha256:a007e380588b13f7; docs/build/logs/next-phase/C3/text/page_home_.txt#sha256:9381d403d40e3ff1; docs/build/logs/next-phase/C3/bucket/web/coverage.json#sha256:b69c03fd7dca181d,"release-artifact-only: value equals the release file; not independently recomputable from public data (spine-only aggregate); numerator = distinct subjects with any `resolution` row whose winning_claim is set — no tier-0/currency filter — then clamped with min(resolved, claimed) (inference/src/inference/materialize.py:273-328 @b051732c); a 100% value can hide a numerator that exceeded the denominator"
C3-T120,https://surveillancegraph.org/,What the record covers today (.sig-stat),2287 of 2287 subjects with a resolved title value,share of subjects with a title claim whose value is resolved,web/coverage.json[id=materialized_reconciliation_ratio_title] = sig_graph/coverage.csv (exact),2287 of 2287,match,docs/build/logs/next-phase/C3/html/page_home_.html#sha256:a007e380588b13f7; docs/build/logs/next-phase/C3/text/page_home_.txt#sha256:9381d403d40e3ff1; docs/build/logs/next-phase/C3/bucket/web/coverage.json#sha256:b69c03fd7dca181d,"release-artifact-only: value equals the release file; not independently recomputable from public data (spine-only aggregate); numerator = distinct subjects with any `resolution` row whose winning_claim is set — no tier-0/currency filter — then clamped with min(resolved, claimed) (inference/src/inference/materialize.py:273-328 @b051732c); a 100% value can hide a numerator that exceeded the denominator"
C3-T121,https://surveillancegraph.org/,What the record covers today (.sig-stat),2 of 2 subjects with a resolved unmapped_surveillance_tag value,share of subjects with a unmapped_surveillance_tag claim whose value is resolved,web/coverage.json[id=materialized_reconciliation_ratio_unmapped_surveillance_tag] = sig_graph/coverage.csv (exact),2 of 2,match,docs/build/logs/next-phase/C3/html/page_home_.html#sha256:a007e380588b13f7; docs/build/logs/next-phase/C3/text/page_home_.txt#sha256:9381d403d40e3ff1; docs/build/logs/next-phase/C3/bucket/web/coverage.json#sha256:b69c03fd7dca181d,"release-artifact-only: value equals the release file; not independently recomputable from public data (spine-only aggregate); numerator = distinct subjects with any `resolution` row whose winning_claim is set — no tier-0/currency filter — then clamped with min(resolved, claimed) (inference/src/inference/materialize.py:273-328 @b051732c); a 100% value can hide a numerator that exceeded the denominator"
C3-T122,https://surveillancegraph.org/,What the record covers today (.sig-stat),1380 of 1380 subjects with a resolved usage_search_windowed_count value,share of subjects with a usage_search_windowed_count claim whose value is resolved,web/coverage.json[id=materialized_reconciliation_ratio_usage_search_windowed_count] = sig_graph/coverage.csv (exact),1380 of 1380,match,docs/build/logs/next-phase/C3/html/page_home_.html#sha256:a007e380588b13f7; docs/build/logs/next-phase/C3/text/page_home_.txt#sha256:9381d403d40e3ff1; docs/build/logs/next-phase/C3/bucket/web/coverage.json#sha256:b69c03fd7dca181d,"release-artifact-only: value equals the release file; not independently recomputable from public data (spine-only aggregate); numerator = distinct subjects with any `resolution` row whose winning_claim is set — no tier-0/currency filter — then clamped with min(resolved, claimed) (inference/src/inference/materialize.py:273-328 @b051732c); a 100% value can hide a numerator that exceeded the denominator"
C3-T123,https://surveillancegraph.org/,What the record covers today (.sig-stat),0 of 1 subjects with a resolved use_restriction value,share of subjects with a use_restriction claim whose value is resolved,web/coverage.json[id=materialized_reconciliation_ratio_use_restriction] = sig_graph/coverage.csv (exact),0 of 1,match,docs/build/logs/next-phase/C3/html/page_home_.html#sha256:a007e380588b13f7; docs/build/logs/next-phase/C3/text/page_home_.txt#sha256:9381d403d40e3ff1; docs/build/logs/next-phase/C3/bucket/web/coverage.json#sha256:b69c03fd7dca181d,"release-artifact-only: value equals the release file; not independently recomputable from public data (spine-only aggregate); numerator = distinct subjects with any `resolution` row whose winning_claim is set — no tier-0/currency filter — then clamped with min(resolved, claimed) (inference/src/inference/materialize.py:273-328 @b051732c); a 100% value can hide a numerator that exceeded the denominator"
C3-T124,https://surveillancegraph.org/,What the record covers today (.sig-stat),75 of 75 subjects with a resolved uses_ai_surveillance value,share of subjects with a uses_ai_surveillance claim whose value is resolved,web/coverage.json[id=materialized_reconciliation_ratio_uses_ai_surveillance] = sig_graph/coverage.csv (exact),75 of 75,match,docs/build/logs/next-phase/C3/html/page_home_.html#sha256:a007e380588b13f7; docs/build/logs/next-phase/C3/text/page_home_.txt#sha256:9381d403d40e3ff1; docs/build/logs/next-phase/C3/bucket/web/coverage.json#sha256:b69c03fd7dca181d,"release-artifact-only: value equals the release file; not independently recomputable from public data (spine-only aggregate); numerator = distinct subjects with any `resolution` row whose winning_claim is set — no tier-0/currency filter — then clamped with min(resolved, claimed) (inference/src/inference/materialize.py:273-328 @b051732c); a 100% value can hide a numerator that exceeded the denominator"
C3-T125,https://surveillancegraph.org/,What the record covers today (.sig-stat),75 of 75 subjects with a resolved uses_facial_recognition value,share of subjects with a uses_facial_recognition claim whose value is resolved,web/coverage.json[id=materialized_reconciliation_ratio_uses_facial_recognition] = sig_graph/coverage.csv (exact),75 of 75,match,docs/build/logs/next-phase/C3/html/page_home_.html#sha256:a007e380588b13f7; docs/build/logs/next-phase/C3/text/page_home_.txt#sha256:9381d403d40e3ff1; docs/build/logs/next-phase/C3/bucket/web/coverage.json#sha256:b69c03fd7dca181d,"release-artifact-only: value equals the release file; not independently recomputable from public data (spine-only aggregate); numerator = distinct subjects with any `resolution` row whose winning_claim is set — no tier-0/currency filter — then clamped with min(resolved, claimed) (inference/src/inference/materialize.py:273-328 @b051732c); a 100% value can hide a numerator that exceeded the denominator"
C3-T126,https://surveillancegraph.org/,What the record covers today (.sig-stat),1216 of 1216 subjects with a resolved vehicles_detected_windowed_count value,share of subjects with a vehicles_detected_windowed_count claim whose value is resolved,web/coverage.json[id=materialized_reconciliation_ratio_vehicles_detected_windowed_count] = sig_graph/coverage.csv (exact),1216 of 1216,match,docs/build/logs/next-phase/C3/html/page_home_.html#sha256:a007e380588b13f7; docs/build/logs/next-phase/C3/text/page_home_.txt#sha256:9381d403d40e3ff1; docs/build/logs/next-phase/C3/bucket/web/coverage.json#sha256:b69c03fd7dca181d,"release-artifact-only: value equals the release file; not independently recomputable from public data (spine-only aggregate); numerator = distinct subjects with any `resolution` row whose winning_claim is set — no tier-0/currency filter — then clamped with min(resolved, claimed) (inference/src/inference/materialize.py:273-328 @b051732c); a 100% value can hide a numerator that exceeded the denominator"
C3-T127,https://surveillancegraph.org/,What the record covers today (.sig-stat),0 of 200 subjects with a resolved vendor value,share of subjects with a vendor claim whose value is resolved,web/coverage.json[id=materialized_reconciliation_ratio_vendor] = sig_graph/coverage.csv (exact),0 of 200,match,docs/build/logs/next-phase/C3/html/page_home_.html#sha256:a007e380588b13f7; docs/build/logs/next-phase/C3/text/page_home_.txt#sha256:9381d403d40e3ff1; docs/build/logs/next-phase/C3/bucket/web/coverage.json#sha256:b69c03fd7dca181d,"release-artifact-only: value equals the release file; not independently recomputable from public data (spine-only aggregate); numerator = distinct subjects with any `resolution` row whose winning_claim is set — no tier-0/currency filter — then clamped with min(resolved, claimed) (inference/src/inference/materialize.py:273-328 @b051732c); a 100% value can hide a numerator that exceeded the denominator"
C3-T128,https://surveillancegraph.org/,What the record covers today (.sig-stat),223901 resolved sites (from 232625 observation-level records; dedup ratio 0.038) — N resolved sites,clusters of observation-level records judged to be the same device,web/coverage.json[id=resolved_sites]; REPUBLISH_DIFF_2026-09-27.md:39-66 (run 7),"232,625 − 8,724 auto-written merges (stated in the same metric's population_note) = 223,901 (derived-ok); cluster membership is not in any public artifact",match,docs/build/logs/next-phase/C3/html/page_home_.html#sha256:a007e380588b13f7; docs/build/logs/next-phase/C3/text/page_home_.txt#sha256:9381d403d40e3ff1; docs/build/logs/next-phase/C3/bucket/web/coverage.json#sha256:b69c03fd7dca181d,not recomputable by an outside reader (no cluster id exported); rests on the PROVISIONAL eval (disclosed)
C3-T129,https://surveillancegraph.org/,What the record covers today (.sig-stat),from 232625 observation-level records,observation-level site records carrying coordinate claims,web/coverage.json denominator; parquet recompute,"232,625 = count(distinct entity_id) over the 12 */sites.parquet = Σ dossier 'Publishable subjects' (55) — but the bulk files hold 236,994 rows (portal duplicates 4,369 entities)",match,docs/build/logs/next-phase/C3/html/page_home_.html#sha256:a007e380588b13f7; docs/build/logs/next-phase/C3/text/page_home_.txt#sha256:9381d403d40e3ff1; docs/build/logs/next-phase/C3/bucket/parquet/portal.parquet#sha256:25b672b1c8fb8dcf; docs/build/logs/next-phase/C3/bucket/parquet/osm_physical.parquet#sha256:860845d7e0936f1a,see the portal duplicate-row trace (downloads)
C3-T130,https://surveillancegraph.org/,What the record covers today (.sig-stat),dedup ratio 0.038,1 − N/M (methodology definition),web/coverage.json; methodology 'What a resolved site is',"8,724 / 232,625 = 0.0375 → 0.038 (formatted)",match,docs/build/logs/next-phase/C3/html/page_home_.html#sha256:a007e380588b13f7; docs/build/logs/next-phase/C3/text/page_home_.txt#sha256:9381d403d40e3ff1,derived-ok
C3-T131,https://surveillancegraph.org/,What the record covers today (.sig-stat),2 open of 2 recorded contradictions — contradictions kept visible,contradictions kept visible (both sides retained),"web/coverage.json[id=contradictions_visible]; API https://sig-api-e5ctyx36jq-uc.a.run.app/v1/contradiction (2 rows, 2026-09-30T17:07:11Z)","2 (release) = 2 (live API: claimed_device_count + use_restriction on one subject); the same release marks 5,290 subjects 'conflicting coordinate evidence' and 33,907 proposed merges await review",ambiguous-meaning,docs/build/logs/next-phase/C3/html/page_home_.html#sha256:a007e380588b13f7; docs/build/logs/next-phase/C3/text/page_home_.txt#sha256:9381d403d40e3ff1; docs/build/logs/next-phase/C3/api/api_v1_contradiction.json#sha256:70143034e593abcc; docs/build/logs/next-phase/C3/bucket/web/coverage.json#sha256:b69c03fd7dca181d,"value matches; 'contradictions kept visible' counts only the contradiction table, not coordinate conflicts the dossiers display as UNRESOLVED"
C3-T132,https://surveillancegraph.org/,Jurisdiction reach,55 dossier links (AL … unresolved),every published dossier,web/dossier_index.json,55 links = 55 index entries (same order),match,docs/build/logs/next-phase/C3/html/page_home_.html#sha256:a007e380588b13f7; docs/build/logs/next-phase/C3/text/page_home_.txt#sha256:9381d403d40e3ff1,
C3-T133,https://surveillancegraph.org/,How we know this (.sig-hwkt),Artifacts 255,published evidence artifacts (site-wide),web/analytics/provenance.json surfaces.site.artifact_count; web/evidence.json,255 artifacts in evidence.json; live API watermark evidence=…/255,match,docs/build/logs/next-phase/C3/html/page_home_.html#sha256:a007e380588b13f7; docs/build/logs/next-phase/C3/text/page_home_.txt#sha256:9381d403d40e3ff1; docs/build/logs/next-phase/C3/bucket/web/evidence.json#sha256:3df209d5545846cd; docs/build/logs/next-phase/C3/api/api_v1_contradiction.json#sha256:70143034e593abcc,
C3-T134,https://surveillancegraph.org/,How we know this (.sig-hwkt),"Tier distribution 2245390×untiered, 2690×W1, 175114×W3",evidence-weight classes of the claims behind the surface,web/analytics/provenance.json surfaces.site.tier_distribution (exact),"sum = 2,423,194 = provenance denominator; headline says 2,423,200 published tier-0 claims (6 short); 92.7% untiered",ambiguous-meaning,docs/build/logs/next-phase/C3/html/page_home_.html#sha256:a007e380588b13f7; docs/build/logs/next-phase/C3/text/page_home_.txt#sha256:9381d403d40e3ff1; docs/build/logs/next-phase/C3/bucket/web/analytics/provenance.json#sha256:4a5d8ed72fc06403,the 6-claim gap is the redistributable/publication gate (exports/spine_export.py:197-213) and is not disclosed; W-classes vs the 'tier-0' sensitivity tier are two unexplained 'tier' vocabularies
C3-T135,https://surveillancegraph.org/,How we know this (.sig-hwkt),Independent sources 218,count of independent sources,web/analytics/provenance.json source_independence_count (exact),"code = len(distinct source_id) over weight rows (exports/analytics.py:590), no lineage de-dup; public recompute: 219 distinct sources in evidence.json; OSM-lineage ids (osm, osm_overpass, camreg_osm_surveillance, deflock) counted separately",ambiguous-meaning,docs/build/logs/next-phase/C3/html/page_home_.html#sha256:a007e380588b13f7; docs/build/logs/next-phase/C3/text/page_home_.txt#sha256:9381d403d40e3ff1; docs/build/logs/next-phase/C3/bucket/web/analytics/provenance.json#sha256:4a5d8ed72fc06403; docs/build/logs/next-phase/C3/bucket/web/evidence.json#sha256:3df209d5545846cd,label says 'independent'; value is 'distinct'
C3-T136,https://surveillancegraph.org/,How we know this (.sig-hwkt),Date range 2020-01-28 – 2026-09-26,date range of the evidence,web/analytics/provenance.json surfaces.site.date_range (exact),"range of claim observed_at (exports/analytics.py:525-537); no public artifact carries claim observed_at, evidence.json has no dates",match,docs/build/logs/next-phase/C3/html/page_home_.html#sha256:a007e380588b13f7; docs/build/logs/next-phase/C3/text/page_home_.txt#sha256:9381d403d40e3ff1,release-artifact-only: value equals the release file; not independently recomputable from public data (spine-only aggregate)
C3-T137,https://surveillancegraph.org/,How we know this (.sig-hwkt),Rules applied p27.3/1.0.0,ruleset,manifest.json reproducibility_inputs.ruleset_version,p27.3/1.0.0,match,docs/build/logs/next-phase/C3/html/page_home_.html#sha256:a007e380588b13f7; docs/build/logs/next-phase/C3/text/page_home_.txt#sha256:9381d403d40e3ff1; docs/build/logs/next-phase/C3/bucket/manifest.json#sha256:717aeb4499523acf,
C3-T138,https://surveillancegraph.org/,How we know this (.sig-hwkt),Human review Not yet human-reviewed,human-review posture,provenance.json human_review_status=unreviewed,unreviewed,match,docs/build/logs/next-phase/C3/html/page_home_.html#sha256:a007e380588b13f7; docs/build/logs/next-phase/C3/text/page_home_.txt#sha256:9381d403d40e3ff1,
C3-T139,https://surveillancegraph.org/,Cite this page (.sig-cite),"As of world 2026-09-27, belief 2026-09-27; ruleset p27.3/1.0.0",as-of pair + ruleset of the release,"manifest.json reproducibility_inputs (as_of_snapshot/as_of_belief 2026-09-27, ruleset p27.3/1.0.0)",2026-09-27 / 2026-09-27 / p27.3/1.0.0,match,docs/build/logs/next-phase/C3/html/page_home_.html#sha256:a007e380588b13f7; docs/build/logs/next-phase/C3/text/page_home_.txt#sha256:9381d403d40e3ff1; docs/build/logs/next-phase/C3/bucket/manifest.json#sha256:717aeb4499523acf,release id sig-2026-09-27-ce480ab1 is not shown on any audited page; resolver_version 0.0.0 not shown
C3-T140,https://surveillancegraph.org/methodology/,How well SIG resolves entities (.sig-eval-metric),Cohen's κ (LLM adjudicator vs maintainer seed) 0.714 — labelled pairs (bar ≥ 0.70 → LLM trusted as gold),agreement of the LLM adjudicator with the maintainer seed,docs/build/reports/P28.1_resolution_eval.md:10-12 (κ 0.714; labelled pairs 17; LLM adjudicator `llm:rulebased@v1`),0.714 on 17 labelled pairs,match,docs/build/logs/next-phase/C3/html/page_methodology_.html#sha256:ee703b8c5ed92c19; docs/build/logs/next-phase/C3/text/page_methodology_.txt#sha256:9842718f3d1b4890,hardcoded in web/src/lib/resolution-eval.ts @5c064881 (same at b051732c); not a release artifact; n=17 not shown; the 'LLM' adjudicator id is llm:rulebased@v1
C3-T141,https://surveillancegraph.org/methodology/,How well SIG resolves entities,auto-write precision floor 0.980,published floor,docs/build/reports/P28.1_resolution_eval.md:17,0.980,match,docs/build/logs/next-phase/C3/html/page_methodology_.html#sha256:ee703b8c5ed92c19; docs/build/logs/next-phase/C3/text/page_methodology_.txt#sha256:9842718f3d1b4890,hardcoded in web/src/lib/resolution-eval.ts @5c064881 (same at b051732c); not a release artifact
C3-T142,https://surveillancegraph.org/methodology/,How well SIG resolves entities,pairwise precision / recall / F1 at tier ≤ 3 (auto-write) P 1.000 · R 1.000 · F1 1.000,resolver precision/recall on the holdout,"docs/build/reports/P28.1_resolution_eval.md:18 (tp=1, pp=1, ap=1); holdout = 6 pairs (docs/build/reports/P28.1_resolution_eval.md:12)",1.000 from a single true pair (tp=1) on a 6-pair holdout,ambiguous-meaning,docs/build/logs/next-phase/C3/html/page_methodology_.html#sha256:ee703b8c5ed92c19; docs/build/logs/next-phase/C3/text/page_methodology_.txt#sha256:9842718f3d1b4890,hardcoded in web/src/lib/resolution-eval.ts @5c064881 (same at b051732c); not a release artifact; perfect scores with n=1 shown without n
C3-T143,https://surveillancegraph.org/methodology/,How well SIG resolves entities,"… against: the frozen, human-verified holdout",the holdout labels were verified by humans,docs/build/reports/P28.1_resolution_eval.md:3 (gold set LLM-bootstrapped with a small maintainer seed); docs/tickets/DEFERRALS.md:331 D-R6.1-EVAL (real human-labelled ground truth 'does not exist yet'; OPEN),not human-verified: LLM-bootstrapped gold + 1 maintainer seed adjudicator; the same page's How-we-know-this says 'Not yet human-reviewed',mismatch,docs/build/logs/next-phase/C3/html/page_methodology_.html#sha256:ee703b8c5ed92c19; docs/build/logs/next-phase/C3/text/page_methodology_.txt#sha256:9842718f3d1b4890; docs/build/logs/next-phase/C3/text/page_methodology_.txt#sha256:9842718f3d1b4890,hardcoded in web/src/lib/resolution-eval.ts @5c064881 (same at b051732c); not a release artifact
C3-T144,https://surveillancegraph.org/methodology/,How well SIG resolves entities,B-cubed cluster precision / recall / F1 P 1.000 · R 0.952 · F1 0.976,cluster-level quality on the holdout,docs/build/reports/P28.1_resolution_eval.md:21,F1 = 2·1·(20/21)/(1+20/21) = 0.9756 → 0.976 (derived-ok),match,docs/build/logs/next-phase/C3/html/page_methodology_.html#sha256:ee703b8c5ed92c19; docs/build/logs/next-phase/C3/text/page_methodology_.txt#sha256:9842718f3d1b4890,"hardcoded in web/src/lib/resolution-eval.ts @5c064881 (same at b051732c); not a release artifact; the report line shows tp=42, pp=42, ap=42 alongside R=0.952 (internally inconsistent notation)"
C3-T145,https://surveillancegraph.org/methodology/,How well SIG resolves entities,auto-write tier-0 holdout precision 1.000 — (0 tiers demoted below the floor),tier-0 precision,"docs/build/reports/P28.1_resolution_eval.md:22,26",1.000,match,docs/build/logs/next-phase/C3/html/page_methodology_.html#sha256:ee703b8c5ed92c19; docs/build/logs/next-phase/C3/text/page_methodology_.txt#sha256:9842718f3d1b4890,hardcoded in web/src/lib/resolution-eval.ts @5c064881 (same at b051732c); not a release artifact
C3-T146,https://surveillancegraph.org/methodology/,How well SIG resolves entities,camera sites: Cohen's κ (blind LLM adjudicator vs agent seed) 0.669 — 540 double-adjudicated camera-record pairs,camera-site adjudicator agreement,docs/build/reports/P28.1_resolution_eval.md:57-58 (gold camera-2),0.669 / 540,match,docs/build/logs/next-phase/C3/html/page_methodology_.html#sha256:ee703b8c5ed92c19; docs/build/logs/next-phase/C3/text/page_methodology_.txt#sha256:9842718f3d1b4890,hardcoded in web/src/lib/resolution-eval.ts @5c064881 (same at b051732c); not a release artifact
C3-T147,https://surveillancegraph.org/methodology/,How well SIG resolves entities,camera sites: shared-upstream-id rule (1g) holdout precision 1.000 (70 of 70) … 95% lower bound 0.948,rule precision on the 180-pair agent-verified holdout,docs/build/reports/P28.1_resolution_eval.md:62-66,70/70 = 1.000; Wilson 95% lower = 0.9480,match,docs/build/logs/next-phase/C3/html/page_methodology_.html#sha256:ee703b8c5ed92c19; docs/build/logs/next-phase/C3/text/page_methodology_.txt#sha256:9842718f3d1b4890,hardcoded in web/src/lib/resolution-eval.ts @5c064881 (same at b051732c); not a release artifact
C3-T148,https://surveillancegraph.org/methodology/,How well SIG resolves entities,camera sites: coincident-point rule (3g) holdout precision 0.986 (69 of 70) … 95% lower bound 0.923; 0.800 if scored with the LLM's labels,rule precision on the 180-pair agent-verified holdout,docs/build/reports/P28.1_resolution_eval.md:62-66,69/70 = 0.9857; Wilson 95% lower = 0.9234; LLM-label 0.800,match,docs/build/logs/next-phase/C3/html/page_methodology_.html#sha256:ee703b8c5ed92c19; docs/build/logs/next-phase/C3/text/page_methodology_.txt#sha256:9842718f3d1b4890,hardcoded in web/src/lib/resolution-eval.ts @5c064881 (same at b051732c); not a release artifact
C3-T149,https://surveillancegraph.org/methodology/,How well SIG resolves entities,These are the current holdout metrics (camera-site figures),metrics for the resolver behind the released resolved-site count,"docs/build/reports/P28.1_resolution_eval.md:49-51 (P30.2b hosted run, 2026-09-24, run-6 lineage, 2,332 merges); REPUBLISH_DIFF_2026-09-27.md:56-66 (release = run 7, 8,724 merges)",figures predate the release; no run-7 re-measurement is recorded,stale,docs/build/logs/next-phase/C3/html/page_methodology_.html#sha256:ee703b8c5ed92c19; docs/build/logs/next-phase/C3/text/page_methodology_.txt#sha256:9842718f3d1b4890,"if rules v2 and the frozen holdout were unchanged the precision still holds, but the page does not say which run it measures"
C3-T150,https://surveillancegraph.org/methodology/,What a resolved site is,dedup ratio 1 − N/M,definition,web/coverage.json resolved_sites,"1 − 223,901/232,625 = 0.0375 → home shows 0.038",match,docs/build/logs/next-phase/C3/html/page_methodology_.html#sha256:ee703b8c5ed92c19; docs/build/logs/next-phase/C3/text/page_methodology_.txt#sha256:9842718f3d1b4890,
C3-T151,https://surveillancegraph.org/methodology/,Freshness and coverage,"Coverage metrics — counted quantities with named denominators, records-derived bounds, reconciliation ratios, and measured survey recall (§32.5)",the coverage page carries these four metric kinds,web/coverage.json kind counts,"counted_quantity 3, reconciliation_ratio 124, records_derived_bound 0, survey_recall 0",mismatch,docs/build/logs/next-phase/C3/html/page_methodology_.html#sha256:ee703b8c5ed92c19; docs/build/logs/next-phase/C3/text/page_methodology_.txt#sha256:9842718f3d1b4890; docs/build/logs/next-phase/C3/bucket/web/coverage.json#sha256:b69c03fd7dca181d,
C3-T152,https://surveillancegraph.org/methodology/,Freshness and coverage,Data freshness — … stale-entity counts measured against predicate volatility (§32.4),stale counts are measured per predicate volatility,web/freshness.json,volatility_class=unknown for 178/178 sources → staleness not evaluable anywhere; displayed stale count 0 for all,mismatch,docs/build/logs/next-phase/C3/html/page_methodology_.html#sha256:ee703b8c5ed92c19; docs/build/logs/next-phase/C3/text/page_methodology_.txt#sha256:9842718f3d1b4890; docs/build/logs/next-phase/C3/bucket/web/freshness.json#sha256:c5a343820633a125,
C3-T153,https://surveillancegraph.org/methodology/,How we know this (.sig-hwkt),"Artifacts 255 · Tier distribution 2245390×untiered, 2690×W1, 175114×W3 · Independent sources 218 · Date range 2020-01-28 – 2026-09-26 · Rules applied p27.3/1.0.0 · Human review Not yet human-reviewed",provenance of this page,provenance.json surfaces.site (exact),site-wide values,match,docs/build/logs/next-phase/C3/html/page_methodology_.html#sha256:ee703b8c5ed92c19; docs/build/logs/next-phase/C3/text/page_methodology_.txt#sha256:9842718f3d1b4890,site-wide block; acceptable on a methodology page but contradicts the 'human-verified holdout' line above
C3-T154,https://surveillancegraph.org/coverage-metrics/,intro,"counted quantities with named denominators, records-derived bounds, per-agency reconciliation ratios, and measured survey recall",metric kinds on this page,web/coverage.json,"3 counted_quantity + 124 per-PREDICATE national reconciliation ratios; 0 per-agency ratios, 0 bounds, 0 survey recall",mismatch,docs/build/logs/next-phase/C3/html/page_coverage-metrics_.html#sha256:328aeabe81fbe591; docs/build/logs/next-phase/C3/text/page_coverage-metrics_.txt#sha256:48cd04d011423848; docs/build/logs/next-phase/C3/bucket/web/coverage.json#sha256:b69c03fd7dca181d,
C3-T155,https://surveillancegraph.org/coverage-metrics/,[H2] published tier-0 claims with a resolvable evidence artifact,2423200 of 2423200 published tier-0 claims,published tier-0 claims with a resolvable evidence artifact,web/coverage.json[id=materialized_counted_with_denominator_claim] = sig_graph/coverage.csv (exact; page order = file order),2423200 of 2423200,ambiguous-meaning,docs/build/logs/next-phase/C3/html/page_coverage-metrics_.html#sha256:328aeabe81fbe591; docs/build/logs/next-phase/C3/text/page_coverage-metrics_.txt#sha256:48cd04d011423848; docs/build/logs/next-phase/C3/bucket/web/coverage.json#sha256:b69c03fd7dca181d; docs/build/logs/next-phase/C3/bucket/sig_graph/coverage.csv#sha256:10ff7ec9bde0550a,"includes 6 claims the export gate does not publish (provenance 2,423,194); 'resolvable' ≠ publicly viewable (0 claim views)"
C3-T156,https://surveillancegraph.org/coverage-metrics/,[H2] subjects with a resolved acquisition_channel value,652 of 652 subjects with a acquisition_channel claim,subjects with a resolved acquisition_channel value,web/coverage.json[id=materialized_reconciliation_ratio_acquisition_channel] = sig_graph/coverage.csv (exact; page order = file order),652 of 652,match,docs/build/logs/next-phase/C3/html/page_coverage-metrics_.html#sha256:328aeabe81fbe591; docs/build/logs/next-phase/C3/text/page_coverage-metrics_.txt#sha256:48cd04d011423848; docs/build/logs/next-phase/C3/bucket/web/coverage.json#sha256:b69c03fd7dca181d; docs/build/logs/next-phase/C3/bucket/sig_graph/coverage.csv#sha256:10ff7ec9bde0550a,"release-artifact-only: value equals the release file; not independently recomputable from public data (spine-only aggregate); numerator = distinct subjects with any `resolution` row whose winning_claim is set — no tier-0/currency filter — then clamped with min(resolved, claimed) (inference/src/inference/materialize.py:273-328 @b051732c); a 100% value can hide a numerator that exceeded the denominator"
C3-T157,https://surveillancegraph.org/coverage-metrics/,[H2] subjects with a resolved acquisition_method value,26 of 26 subjects with a acquisition_method claim,subjects with a resolved acquisition_method value,web/coverage.json[id=materialized_reconciliation_ratio_acquisition_method] = sig_graph/coverage.csv (exact; page order = file order),26 of 26,match,docs/build/logs/next-phase/C3/html/page_coverage-metrics_.html#sha256:328aeabe81fbe591; docs/build/logs/next-phase/C3/text/page_coverage-metrics_.txt#sha256:48cd04d011423848; docs/build/logs/next-phase/C3/bucket/web/coverage.json#sha256:b69c03fd7dca181d; docs/build/logs/next-phase/C3/bucket/sig_graph/coverage.csv#sha256:10ff7ec9bde0550a,"release-artifact-only: value equals the release file; not independently recomputable from public data (spine-only aggregate); numerator = distinct subjects with any `resolution` row whose winning_claim is set — no tier-0/currency filter — then clamped with min(resolved, claimed) (inference/src/inference/materialize.py:273-328 @b051732c); a 100% value can hide a numerator that exceeded the denominator"
C3-T158,https://surveillancegraph.org/coverage-metrics/,[H2] subjects with a resolved active_device_count value,1419 of 1419 subjects with a active_device_count claim,subjects with a resolved active_device_count value,web/coverage.json[id=materialized_reconciliation_ratio_active_device_count] = sig_graph/coverage.csv (exact; page order = file order),1419 of 1419,match,docs/build/logs/next-phase/C3/html/page_coverage-metrics_.html#sha256:328aeabe81fbe591; docs/build/logs/next-phase/C3/text/page_coverage-metrics_.txt#sha256:48cd04d011423848; docs/build/logs/next-phase/C3/bucket/web/coverage.json#sha256:b69c03fd7dca181d; docs/build/logs/next-phase/C3/bucket/sig_graph/coverage.csv#sha256:10ff7ec9bde0550a,"release-artifact-only: value equals the release file; not independently recomputable from public data (spine-only aggregate); numerator = distinct subjects with any `resolution` row whose winning_claim is set — no tier-0/currency filter — then clamped with min(resolved, claimed) (inference/src/inference/materialize.py:273-328 @b051732c); a 100% value can hide a numerator that exceeded the denominator"
C3-T159,https://surveillancegraph.org/coverage-metrics/,[H2] subjects with a resolved ai_surveillance_supplier value,74 of 74 subjects with a ai_surveillance_supplier claim,subjects with a resolved ai_surveillance_supplier value,web/coverage.json[id=materialized_reconciliation_ratio_ai_surveillance_supplier] = sig_graph/coverage.csv (exact; page order = file order),74 of 74,match,docs/build/logs/next-phase/C3/html/page_coverage-metrics_.html#sha256:328aeabe81fbe591; docs/build/logs/next-phase/C3/text/page_coverage-metrics_.txt#sha256:48cd04d011423848; docs/build/logs/next-phase/C3/bucket/web/coverage.json#sha256:b69c03fd7dca181d; docs/build/logs/next-phase/C3/bucket/sig_graph/coverage.csv#sha256:10ff7ec9bde0550a,"release-artifact-only: value equals the release file; not independently recomputable from public data (spine-only aggregate); numerator = distinct subjects with any `resolution` row whose winning_claim is set — no tier-0/currency filter — then clamped with min(resolved, claimed) (inference/src/inference/materialize.py:273-328 @b051732c); a 100% value can hide a numerator that exceeded the denominator"
C3-T160,https://surveillancegraph.org/coverage-metrics/,[H2] subjects with a resolved ai_surveillance_tech_from_china value,75 of 75 subjects with a ai_surveillance_tech_from_china claim,subjects with a resolved ai_surveillance_tech_from_china value,web/coverage.json[id=materialized_reconciliation_ratio_ai_surveillance_tech_from_china] = sig_graph/coverage.csv (exact; page order = file order),75 of 75,match,docs/build/logs/next-phase/C3/html/page_coverage-metrics_.html#sha256:328aeabe81fbe591; docs/build/logs/next-phase/C3/text/page_coverage-metrics_.txt#sha256:48cd04d011423848; docs/build/logs/next-phase/C3/bucket/web/coverage.json#sha256:b69c03fd7dca181d; docs/build/logs/next-phase/C3/bucket/sig_graph/coverage.csv#sha256:10ff7ec9bde0550a,"release-artifact-only: value equals the release file; not independently recomputable from public data (spine-only aggregate); numerator = distinct subjects with any `resolution` row whose winning_claim is set — no tier-0/currency filter — then clamped with min(resolved, claimed) (inference/src/inference/materialize.py:273-328 @b051732c); a 100% value can hide a numerator that exceeded the denominator"
C3-T161,https://surveillancegraph.org/coverage-metrics/,[H2] subjects with a resolved ai_surveillance_tech_from_us value,75 of 75 subjects with a ai_surveillance_tech_from_us claim,subjects with a resolved ai_surveillance_tech_from_us value,web/coverage.json[id=materialized_reconciliation_ratio_ai_surveillance_tech_from_us] = sig_graph/coverage.csv (exact; page order = file order),75 of 75,match,docs/build/logs/next-phase/C3/html/page_coverage-metrics_.html#sha256:328aeabe81fbe591; docs/build/logs/next-phase/C3/text/page_coverage-metrics_.txt#sha256:48cd04d011423848; docs/build/logs/next-phase/C3/bucket/web/coverage.json#sha256:b69c03fd7dca181d; docs/build/logs/next-phase/C3/bucket/sig_graph/coverage.csv#sha256:10ff7ec9bde0550a,"release-artifact-only: value equals the release file; not independently recomputable from public data (spine-only aggregate); numerator = distinct subjects with any `resolution` row whose winning_claim is set — no tier-0/currency filter — then clamped with min(resolved, claimed) (inference/src/inference/materialize.py:273-328 @b051732c); a 100% value can hide a numerator that exceeded the denominator"
C3-T162,https://surveillancegraph.org/coverage-metrics/,[H2] subjects with a resolved amount value,5848 of 5848 subjects with a amount claim,subjects with a resolved amount value,web/coverage.json[id=materialized_reconciliation_ratio_amount] = sig_graph/coverage.csv (exact; page order = file order),5848 of 5848,match,docs/build/logs/next-phase/C3/html/page_coverage-metrics_.html#sha256:328aeabe81fbe591; docs/build/logs/next-phase/C3/text/page_coverage-metrics_.txt#sha256:48cd04d011423848; docs/build/logs/next-phase/C3/bucket/web/coverage.json#sha256:b69c03fd7dca181d; docs/build/logs/next-phase/C3/bucket/sig_graph/coverage.csv#sha256:10ff7ec9bde0550a,"release-artifact-only: value equals the release file; not independently recomputable from public data (spine-only aggregate); numerator = distinct subjects with any `resolution` row whose winning_claim is set — no tier-0/currency filter — then clamped with min(resolved, claimed) (inference/src/inference/materialize.py:273-328 @b051732c); a 100% value can hide a numerator that exceeded the denominator"
C3-T163,https://surveillancegraph.org/coverage-metrics/,[H2] subjects with a resolved as_of value,1 of 1 subjects with a as_of claim,subjects with a resolved as_of value,web/coverage.json[id=materialized_reconciliation_ratio_as_of] = sig_graph/coverage.csv (exact; page order = file order),1 of 1,match,docs/build/logs/next-phase/C3/html/page_coverage-metrics_.html#sha256:328aeabe81fbe591; docs/build/logs/next-phase/C3/text/page_coverage-metrics_.txt#sha256:48cd04d011423848; docs/build/logs/next-phase/C3/bucket/web/coverage.json#sha256:b69c03fd7dca181d; docs/build/logs/next-phase/C3/bucket/sig_graph/coverage.csv#sha256:10ff7ec9bde0550a,"release-artifact-only: value equals the release file; not independently recomputable from public data (spine-only aggregate); numerator = distinct subjects with any `resolution` row whose winning_claim is set — no tier-0/currency filter — then clamped with min(resolved, claimed) (inference/src/inference/materialize.py:273-328 @b051732c); a 100% value can hide a numerator that exceeded the denominator"
C3-T164,https://surveillancegraph.org/coverage-metrics/,[H2] subjects with a resolved asset_type value,651 of 651 subjects with a asset_type claim,subjects with a resolved asset_type value,web/coverage.json[id=materialized_reconciliation_ratio_asset_type] = sig_graph/coverage.csv (exact; page order = file order),651 of 651,match,docs/build/logs/next-phase/C3/html/page_coverage-metrics_.html#sha256:328aeabe81fbe591; docs/build/logs/next-phase/C3/text/page_coverage-metrics_.txt#sha256:48cd04d011423848; docs/build/logs/next-phase/C3/bucket/web/coverage.json#sha256:b69c03fd7dca181d; docs/build/logs/next-phase/C3/bucket/sig_graph/coverage.csv#sha256:10ff7ec9bde0550a,"release-artifact-only: value equals the release file; not independently recomputable from public data (spine-only aggregate); numerator = distinct subjects with any `resolution` row whose winning_claim is set — no tier-0/currency filter — then clamped with min(resolved, claimed) (inference/src/inference/materialize.py:273-328 @b051732c); a 100% value can hide a numerator that exceeded the denominator"
C3-T165,https://surveillancegraph.org/coverage-metrics/,[H2] subjects with a resolved authorization_state value,2 of 2 subjects with a authorization_state claim,subjects with a resolved authorization_state value,web/coverage.json[id=materialized_reconciliation_ratio_authorization_state] = sig_graph/coverage.csv (exact; page order = file order),2 of 2,match,docs/build/logs/next-phase/C3/html/page_coverage-metrics_.html#sha256:328aeabe81fbe591; docs/build/logs/next-phase/C3/text/page_coverage-metrics_.txt#sha256:48cd04d011423848; docs/build/logs/next-phase/C3/bucket/web/coverage.json#sha256:b69c03fd7dca181d; docs/build/logs/next-phase/C3/bucket/sig_graph/coverage.csv#sha256:10ff7ec9bde0550a,"release-artifact-only: value equals the release file; not independently recomputable from public data (spine-only aggregate); numerator = distinct subjects with any `resolution` row whose winning_claim is set — no tier-0/currency filter — then clamped with min(resolved, claimed) (inference/src/inference/materialize.py:273-328 @b051732c); a 100% value can hide a numerator that exceeded the denominator"
C3-T166,https://surveillancegraph.org/coverage-metrics/,[H2] subjects with a resolved award_date value,1051 of 1051 subjects with a award_date claim,subjects with a resolved award_date value,web/coverage.json[id=materialized_reconciliation_ratio_award_date] = sig_graph/coverage.csv (exact; page order = file order),1051 of 1051,match,docs/build/logs/next-phase/C3/html/page_coverage-metrics_.html#sha256:328aeabe81fbe591; docs/build/logs/next-phase/C3/text/page_coverage-metrics_.txt#sha256:48cd04d011423848; docs/build/logs/next-phase/C3/bucket/web/coverage.json#sha256:b69c03fd7dca181d; docs/build/logs/next-phase/C3/bucket/sig_graph/coverage.csv#sha256:10ff7ec9bde0550a,"release-artifact-only: value equals the release file; not independently recomputable from public data (spine-only aggregate); numerator = distinct subjects with any `resolution` row whose winning_claim is set — no tier-0/currency filter — then clamped with min(resolved, claimed) (inference/src/inference/materialize.py:273-328 @b051732c); a 100% value can hide a numerator that exceeded the denominator"
C3-T167,https://surveillancegraph.org/coverage-metrics/,[H2] subjects with a resolved bill_chamber value,72 of 72 subjects with a bill_chamber claim,subjects with a resolved bill_chamber value,web/coverage.json[id=materialized_reconciliation_ratio_bill_chamber] = sig_graph/coverage.csv (exact; page order = file order),72 of 72,match,docs/build/logs/next-phase/C3/html/page_coverage-metrics_.html#sha256:328aeabe81fbe591; docs/build/logs/next-phase/C3/text/page_coverage-metrics_.txt#sha256:48cd04d011423848; docs/build/logs/next-phase/C3/bucket/web/coverage.json#sha256:b69c03fd7dca181d; docs/build/logs/next-phase/C3/bucket/sig_graph/coverage.csv#sha256:10ff7ec9bde0550a,"release-artifact-only: value equals the release file; not independently recomputable from public data (spine-only aggregate); numerator = distinct subjects with any `resolution` row whose winning_claim is set — no tier-0/currency filter — then clamped with min(resolved, claimed) (inference/src/inference/materialize.py:273-328 @b051732c); a 100% value can hide a numerator that exceeded the denominator"
C3-T168,https://surveillancegraph.org/coverage-metrics/,[H2] subjects with a resolved bill_external_id value,300 of 300 subjects with a bill_external_id claim,subjects with a resolved bill_external_id value,web/coverage.json[id=materialized_reconciliation_ratio_bill_external_id] = sig_graph/coverage.csv (exact; page order = file order),300 of 300,match,docs/build/logs/next-phase/C3/html/page_coverage-metrics_.html#sha256:328aeabe81fbe591; docs/build/logs/next-phase/C3/text/page_coverage-metrics_.txt#sha256:48cd04d011423848; docs/build/logs/next-phase/C3/bucket/web/coverage.json#sha256:b69c03fd7dca181d; docs/build/logs/next-phase/C3/bucket/sig_graph/coverage.csv#sha256:10ff7ec9bde0550a,"release-artifact-only: value equals the release file; not independently recomputable from public data (spine-only aggregate); numerator = distinct subjects with any `resolution` row whose winning_claim is set — no tier-0/currency filter — then clamped with min(resolved, claimed) (inference/src/inference/materialize.py:273-328 @b051732c); a 100% value can hide a numerator that exceeded the denominator"
C3-T169,https://surveillancegraph.org/coverage-metrics/,[H2] subjects with a resolved bill_identifier value,300 of 300 subjects with a bill_identifier claim,subjects with a resolved bill_identifier value,web/coverage.json[id=materialized_reconciliation_ratio_bill_identifier] = sig_graph/coverage.csv (exact; page order = file order),300 of 300,match,docs/build/logs/next-phase/C3/html/page_coverage-metrics_.html#sha256:328aeabe81fbe591; docs/build/logs/next-phase/C3/text/page_coverage-metrics_.txt#sha256:48cd04d011423848; docs/build/logs/next-phase/C3/bucket/web/coverage.json#sha256:b69c03fd7dca181d; docs/build/logs/next-phase/C3/bucket/sig_graph/coverage.csv#sha256:10ff7ec9bde0550a,"release-artifact-only: value equals the release file; not independently recomputable from public data (spine-only aggregate); numerator = distinct subjects with any `resolution` row whose winning_claim is set — no tier-0/currency filter — then clamped with min(resolved, claimed) (inference/src/inference/materialize.py:273-328 @b051732c); a 100% value can hide a numerator that exceeded the denominator"
C3-T170,https://surveillancegraph.org/coverage-metrics/,[H2] subjects with a resolved bill_jurisdiction value,300 of 300 subjects with a bill_jurisdiction claim,subjects with a resolved bill_jurisdiction value,web/coverage.json[id=materialized_reconciliation_ratio_bill_jurisdiction] = sig_graph/coverage.csv (exact; page order = file order),300 of 300,match,docs/build/logs/next-phase/C3/html/page_coverage-metrics_.html#sha256:328aeabe81fbe591; docs/build/logs/next-phase/C3/text/page_coverage-metrics_.txt#sha256:48cd04d011423848; docs/build/logs/next-phase/C3/bucket/web/coverage.json#sha256:b69c03fd7dca181d; docs/build/logs/next-phase/C3/bucket/sig_graph/coverage.csv#sha256:10ff7ec9bde0550a,"release-artifact-only: value equals the release file; not independently recomputable from public data (spine-only aggregate); numerator = distinct subjects with any `resolution` row whose winning_claim is set — no tier-0/currency filter — then clamped with min(resolved, claimed) (inference/src/inference/materialize.py:273-328 @b051732c); a 100% value can hide a numerator that exceeded the denominator"
C3-T171,https://surveillancegraph.org/coverage-metrics/,[H2] subjects with a resolved bill_matched_keyword value,300 of 300 subjects with a bill_matched_keyword claim,subjects with a resolved bill_matched_keyword value,web/coverage.json[id=materialized_reconciliation_ratio_bill_matched_keyword] = sig_graph/coverage.csv (exact; page order = file order),300 of 300,match,docs/build/logs/next-phase/C3/html/page_coverage-metrics_.html#sha256:328aeabe81fbe591; docs/build/logs/next-phase/C3/text/page_coverage-metrics_.txt#sha256:48cd04d011423848; docs/build/logs/next-phase/C3/bucket/web/coverage.json#sha256:b69c03fd7dca181d; docs/build/logs/next-phase/C3/bucket/sig_graph/coverage.csv#sha256:10ff7ec9bde0550a,"release-artifact-only: value equals the release file; not independently recomputable from public data (spine-only aggregate); numerator = distinct subjects with any `resolution` row whose winning_claim is set — no tier-0/currency filter — then clamped with min(resolved, claimed) (inference/src/inference/materialize.py:273-328 @b051732c); a 100% value can hide a numerator that exceeded the denominator"
C3-T172,https://surveillancegraph.org/coverage-metrics/,[H2] subjects with a resolved bill_session value,300 of 300 subjects with a bill_session claim,subjects with a resolved bill_session value,web/coverage.json[id=materialized_reconciliation_ratio_bill_session] = sig_graph/coverage.csv (exact; page order = file order),300 of 300,match,docs/build/logs/next-phase/C3/html/page_coverage-metrics_.html#sha256:328aeabe81fbe591; docs/build/logs/next-phase/C3/text/page_coverage-metrics_.txt#sha256:48cd04d011423848; docs/build/logs/next-phase/C3/bucket/web/coverage.json#sha256:b69c03fd7dca181d; docs/build/logs/next-phase/C3/bucket/sig_graph/coverage.csv#sha256:10ff7ec9bde0550a,"release-artifact-only: value equals the release file; not independently recomputable from public data (spine-only aggregate); numerator = distinct subjects with any `resolution` row whose winning_claim is set — no tier-0/currency filter — then clamped with min(resolved, claimed) (inference/src/inference/materialize.py:273-328 @b051732c); a 100% value can hide a numerator that exceeded the denominator"
C3-T173,https://surveillancegraph.org/coverage-metrics/,[H2] subjects with a resolved bill_status value,300 of 300 subjects with a bill_status claim,subjects with a resolved bill_status value,web/coverage.json[id=materialized_reconciliation_ratio_bill_status] = sig_graph/coverage.csv (exact; page order = file order),300 of 300,match,docs/build/logs/next-phase/C3/html/page_coverage-metrics_.html#sha256:328aeabe81fbe591; docs/build/logs/next-phase/C3/text/page_coverage-metrics_.txt#sha256:48cd04d011423848; docs/build/logs/next-phase/C3/bucket/web/coverage.json#sha256:b69c03fd7dca181d; docs/build/logs/next-phase/C3/bucket/sig_graph/coverage.csv#sha256:10ff7ec9bde0550a,"release-artifact-only: value equals the release file; not independently recomputable from public data (spine-only aggregate); numerator = distinct subjects with any `resolution` row whose winning_claim is set — no tier-0/currency filter — then clamped with min(resolved, claimed) (inference/src/inference/materialize.py:273-328 @b051732c); a 100% value can hide a numerator that exceeded the denominator"
C3-T174,https://surveillancegraph.org/coverage-metrics/,[H2] subjects with a resolved bill_status_date value,300 of 300 subjects with a bill_status_date claim,subjects with a resolved bill_status_date value,web/coverage.json[id=materialized_reconciliation_ratio_bill_status_date] = sig_graph/coverage.csv (exact; page order = file order),300 of 300,match,docs/build/logs/next-phase/C3/html/page_coverage-metrics_.html#sha256:328aeabe81fbe591; docs/build/logs/next-phase/C3/text/page_coverage-metrics_.txt#sha256:48cd04d011423848; docs/build/logs/next-phase/C3/bucket/web/coverage.json#sha256:b69c03fd7dca181d; docs/build/logs/next-phase/C3/bucket/sig_graph/coverage.csv#sha256:10ff7ec9bde0550a,"release-artifact-only: value equals the release file; not independently recomputable from public data (spine-only aggregate); numerator = distinct subjects with any `resolution` row whose winning_claim is set — no tier-0/currency filter — then clamped with min(resolved, claimed) (inference/src/inference/materialize.py:273-328 @b051732c); a 100% value can hide a numerator that exceeded the denominator"
C3-T175,https://surveillancegraph.org/coverage-metrics/,[H2] subjects with a resolved bill_title value,300 of 300 subjects with a bill_title claim,subjects with a resolved bill_title value,web/coverage.json[id=materialized_reconciliation_ratio_bill_title] = sig_graph/coverage.csv (exact; page order = file order),300 of 300,match,docs/build/logs/next-phase/C3/html/page_coverage-metrics_.html#sha256:328aeabe81fbe591; docs/build/logs/next-phase/C3/text/page_coverage-metrics_.txt#sha256:48cd04d011423848; docs/build/logs/next-phase/C3/bucket/web/coverage.json#sha256:b69c03fd7dca181d; docs/build/logs/next-phase/C3/bucket/sig_graph/coverage.csv#sha256:10ff7ec9bde0550a,"release-artifact-only: value equals the release file; not independently recomputable from public data (spine-only aggregate); numerator = distinct subjects with any `resolution` row whose winning_claim is set — no tier-0/currency filter — then clamped with min(resolved, claimed) (inference/src/inference/materialize.py:273-328 @b051732c); a 100% value can hide a numerator that exceeded the denominator"
C3-T176,https://surveillancegraph.org/coverage-metrics/,[H2] subjects with a resolved brand value,11 of 11 subjects with a brand claim,subjects with a resolved brand value,web/coverage.json[id=materialized_reconciliation_ratio_brand] = sig_graph/coverage.csv (exact; page order = file order),11 of 11,match,docs/build/logs/next-phase/C3/html/page_coverage-metrics_.html#sha256:328aeabe81fbe591; docs/build/logs/next-phase/C3/text/page_coverage-metrics_.txt#sha256:48cd04d011423848; docs/build/logs/next-phase/C3/bucket/web/coverage.json#sha256:b69c03fd7dca181d; docs/build/logs/next-phase/C3/bucket/sig_graph/coverage.csv#sha256:10ff7ec9bde0550a,"release-artifact-only: value equals the release file; not independently recomputable from public data (spine-only aggregate); numerator = distinct subjects with any `resolution` row whose winning_claim is set — no tier-0/currency filter — then clamped with min(resolved, claimed) (inference/src/inference/materialize.py:273-328 @b051732c); a 100% value can hide a numerator that exceeded the denominator"
C3-T177,https://surveillancegraph.org/coverage-metrics/,[H2] subjects with a resolved brand_qid value,11 of 11 subjects with a brand_qid claim,subjects with a resolved brand_qid value,web/coverage.json[id=materialized_reconciliation_ratio_brand_qid] = sig_graph/coverage.csv (exact; page order = file order),11 of 11,match,docs/build/logs/next-phase/C3/html/page_coverage-metrics_.html#sha256:328aeabe81fbe591; docs/build/logs/next-phase/C3/text/page_coverage-metrics_.txt#sha256:48cd04d011423848; docs/build/logs/next-phase/C3/bucket/web/coverage.json#sha256:b69c03fd7dca181d; docs/build/logs/next-phase/C3/bucket/sig_graph/coverage.csv#sha256:10ff7ec9bde0550a,"release-artifact-only: value equals the release file; not independently recomputable from public data (spine-only aggregate); numerator = distinct subjects with any `resolution` row whose winning_claim is set — no tier-0/currency filter — then clamped with min(resolved, claimed) (inference/src/inference/materialize.py:273-328 @b051732c); a 100% value can hide a numerator that exceeded the denominator"
C3-T178,https://surveillancegraph.org/coverage-metrics/,[H2] subjects with a resolved buyer value,6796 of 6796 subjects with a buyer claim,subjects with a resolved buyer value,web/coverage.json[id=materialized_reconciliation_ratio_buyer] = sig_graph/coverage.csv (exact; page order = file order),6796 of 6796,match,docs/build/logs/next-phase/C3/html/page_coverage-metrics_.html#sha256:328aeabe81fbe591; docs/build/logs/next-phase/C3/text/page_coverage-metrics_.txt#sha256:48cd04d011423848; docs/build/logs/next-phase/C3/bucket/web/coverage.json#sha256:b69c03fd7dca181d; docs/build/logs/next-phase/C3/bucket/sig_graph/coverage.csv#sha256:10ff7ec9bde0550a,"release-artifact-only: value equals the release file; not independently recomputable from public data (spine-only aggregate); numerator = distinct subjects with any `resolution` row whose winning_claim is set — no tier-0/currency filter — then clamped with min(resolved, claimed) (inference/src/inference/materialize.py:273-328 @b051732c); a 100% value can hide a numerator that exceeded the denominator"
C3-T179,https://surveillancegraph.org/coverage-metrics/,[H2] subjects with a resolved camera_coordinate_source value,232625 of 232625 subjects with a camera_coordinate_source claim,subjects with a resolved camera_coordinate_source value,web/coverage.json[id=materialized_reconciliation_ratio_camera_coordinate_source] = sig_graph/coverage.csv (exact; page order = file order),232625 of 232625,match,docs/build/logs/next-phase/C3/html/page_coverage-metrics_.html#sha256:328aeabe81fbe591; docs/build/logs/next-phase/C3/text/page_coverage-metrics_.txt#sha256:48cd04d011423848; docs/build/logs/next-phase/C3/bucket/web/coverage.json#sha256:b69c03fd7dca181d; docs/build/logs/next-phase/C3/bucket/sig_graph/coverage.csv#sha256:10ff7ec9bde0550a,"release-artifact-only: value equals the release file; not independently recomputable from public data (spine-only aggregate); numerator = distinct subjects with any `resolution` row whose winning_claim is set — no tier-0/currency filter — then clamped with min(resolved, claimed) (inference/src/inference/materialize.py:273-328 @b051732c); a 100% value can hide a numerator that exceeded the denominator"
C3-T180,https://surveillancegraph.org/coverage-metrics/,[H2] subjects with a resolved camera_county value,25802 of 25802 subjects with a camera_county claim,subjects with a resolved camera_county value,web/coverage.json[id=materialized_reconciliation_ratio_camera_county] = sig_graph/coverage.csv (exact; page order = file order),25802 of 25802,match,docs/build/logs/next-phase/C3/html/page_coverage-metrics_.html#sha256:328aeabe81fbe591; docs/build/logs/next-phase/C3/text/page_coverage-metrics_.txt#sha256:48cd04d011423848; docs/build/logs/next-phase/C3/bucket/web/coverage.json#sha256:b69c03fd7dca181d; docs/build/logs/next-phase/C3/bucket/sig_graph/coverage.csv#sha256:10ff7ec9bde0550a,"release-artifact-only: value equals the release file; not independently recomputable from public data (spine-only aggregate); numerator = distinct subjects with any `resolution` row whose winning_claim is set — no tier-0/currency filter — then clamped with min(resolved, claimed) (inference/src/inference/materialize.py:273-328 @b051732c); a 100% value can hide a numerator that exceeded the denominator"
C3-T181,https://surveillancegraph.org/coverage-metrics/,[H2] subjects with a resolved camera_direction value,154001 of 154001 subjects with a camera_direction claim,subjects with a resolved camera_direction value,web/coverage.json[id=materialized_reconciliation_ratio_camera_direction] = sig_graph/coverage.csv (exact; page order = file order),154001 of 154001,match,docs/build/logs/next-phase/C3/html/page_coverage-metrics_.html#sha256:328aeabe81fbe591; docs/build/logs/next-phase/C3/text/page_coverage-metrics_.txt#sha256:48cd04d011423848; docs/build/logs/next-phase/C3/bucket/web/coverage.json#sha256:b69c03fd7dca181d; docs/build/logs/next-phase/C3/bucket/sig_graph/coverage.csv#sha256:10ff7ec9bde0550a,"release-artifact-only: value equals the release file; not independently recomputable from public data (spine-only aggregate); numerator = distinct subjects with any `resolution` row whose winning_claim is set — no tier-0/currency filter — then clamped with min(resolved, claimed) (inference/src/inference/materialize.py:273-328 @b051732c); a 100% value can hide a numerator that exceeded the denominator"
C3-T182,https://surveillancegraph.org/coverage-metrics/,[H2] subjects with a resolved camera_external_ref value,232625 of 232625 subjects with a camera_external_ref claim,subjects with a resolved camera_external_ref value,web/coverage.json[id=materialized_reconciliation_ratio_camera_external_ref] = sig_graph/coverage.csv (exact; page order = file order),232625 of 232625,match,docs/build/logs/next-phase/C3/html/page_coverage-metrics_.html#sha256:328aeabe81fbe591; docs/build/logs/next-phase/C3/text/page_coverage-metrics_.txt#sha256:48cd04d011423848; docs/build/logs/next-phase/C3/bucket/web/coverage.json#sha256:b69c03fd7dca181d; docs/build/logs/next-phase/C3/bucket/sig_graph/coverage.csv#sha256:10ff7ec9bde0550a,"release-artifact-only: value equals the release file; not independently recomputable from public data (spine-only aggregate); numerator = distinct subjects with any `resolution` row whose winning_claim is set — no tier-0/currency filter — then clamped with min(resolved, claimed) (inference/src/inference/materialize.py:273-328 @b051732c); a 100% value can hide a numerator that exceeded the denominator"
C3-T183,https://surveillancegraph.org/coverage-metrics/,[H2] subjects with a resolved camera_jurisdiction value,232625 of 232625 subjects with a camera_jurisdiction claim,subjects with a resolved camera_jurisdiction value,web/coverage.json[id=materialized_reconciliation_ratio_camera_jurisdiction] = sig_graph/coverage.csv (exact; page order = file order),232625 of 232625,match,docs/build/logs/next-phase/C3/html/page_coverage-metrics_.html#sha256:328aeabe81fbe591; docs/build/logs/next-phase/C3/text/page_coverage-metrics_.txt#sha256:48cd04d011423848; docs/build/logs/next-phase/C3/bucket/web/coverage.json#sha256:b69c03fd7dca181d; docs/build/logs/next-phase/C3/bucket/sig_graph/coverage.csv#sha256:10ff7ec9bde0550a,"release-artifact-only: value equals the release file; not independently recomputable from public data (spine-only aggregate); numerator = distinct subjects with any `resolution` row whose winning_claim is set — no tier-0/currency filter — then clamped with min(resolved, claimed) (inference/src/inference/materialize.py:273-328 @b051732c); a 100% value can hide a numerator that exceeded the denominator"
C3-T184,https://surveillancegraph.org/coverage-metrics/,[H2] subjects with a resolved camera_latitude value,232625 of 232625 subjects with a camera_latitude claim,subjects with a resolved camera_latitude value,web/coverage.json[id=materialized_reconciliation_ratio_camera_latitude] = sig_graph/coverage.csv (exact; page order = file order),"227,335 resolved public points; 5,290 conflicted",mismatch,docs/build/logs/next-phase/C3/html/page_coverage-metrics_.html#sha256:328aeabe81fbe591; docs/build/logs/next-phase/C3/text/page_coverage-metrics_.txt#sha256:48cd04d011423848; docs/build/logs/next-phase/C3/bucket/web/coverage.json#sha256:b69c03fd7dca181d; docs/build/logs/next-phase/C3/bucket/sig_graph/coverage.csv#sha256:10ff7ec9bde0550a,"numerator = distinct subjects with any `resolution` row whose winning_claim is set — no tier-0/currency filter — then clamped with min(resolved, claimed) (inference/src/inference/materialize.py:273-328 @b051732c); a 100% value can hide a numerator that exceeded the denominator"
C3-T185,https://surveillancegraph.org/coverage-metrics/,[H2] subjects with a resolved camera_longitude value,232625 of 232625 subjects with a camera_longitude claim,subjects with a resolved camera_longitude value,web/coverage.json[id=materialized_reconciliation_ratio_camera_longitude] = sig_graph/coverage.csv (exact; page order = file order),"227,335 resolved public points; 5,290 conflicted",mismatch,docs/build/logs/next-phase/C3/html/page_coverage-metrics_.html#sha256:328aeabe81fbe591; docs/build/logs/next-phase/C3/text/page_coverage-metrics_.txt#sha256:48cd04d011423848; docs/build/logs/next-phase/C3/bucket/web/coverage.json#sha256:b69c03fd7dca181d; docs/build/logs/next-phase/C3/bucket/sig_graph/coverage.csv#sha256:10ff7ec9bde0550a,"numerator = distinct subjects with any `resolution` row whose winning_claim is set — no tier-0/currency filter — then clamped with min(resolved, claimed) (inference/src/inference/materialize.py:273-328 @b051732c); a 100% value can hide a numerator that exceeded the denominator"
C3-T186,https://surveillancegraph.org/coverage-metrics/,[H2] subjects with a resolved camera_mount value,221 of 221 subjects with a camera_mount claim,subjects with a resolved camera_mount value,web/coverage.json[id=materialized_reconciliation_ratio_camera_mount] = sig_graph/coverage.csv (exact; page order = file order),221 of 221,match,docs/build/logs/next-phase/C3/html/page_coverage-metrics_.html#sha256:328aeabe81fbe591; docs/build/logs/next-phase/C3/text/page_coverage-metrics_.txt#sha256:48cd04d011423848; docs/build/logs/next-phase/C3/bucket/web/coverage.json#sha256:b69c03fd7dca181d; docs/build/logs/next-phase/C3/bucket/sig_graph/coverage.csv#sha256:10ff7ec9bde0550a,"release-artifact-only: value equals the release file; not independently recomputable from public data (spine-only aggregate); numerator = distinct subjects with any `resolution` row whose winning_claim is set — no tier-0/currency filter — then clamped with min(resolved, claimed) (inference/src/inference/materialize.py:273-328 @b051732c); a 100% value can hide a numerator that exceeded the denominator"
C3-T187,https://surveillancegraph.org/coverage-metrics/,[H2] subjects with a resolved camera_name value,43337 of 43337 subjects with a camera_name claim,subjects with a resolved camera_name value,web/coverage.json[id=materialized_reconciliation_ratio_camera_name] = sig_graph/coverage.csv (exact; page order = file order),43337 of 43337,match,docs/build/logs/next-phase/C3/html/page_coverage-metrics_.html#sha256:328aeabe81fbe591; docs/build/logs/next-phase/C3/text/page_coverage-metrics_.txt#sha256:48cd04d011423848; docs/build/logs/next-phase/C3/bucket/web/coverage.json#sha256:b69c03fd7dca181d; docs/build/logs/next-phase/C3/bucket/sig_graph/coverage.csv#sha256:10ff7ec9bde0550a,"release-artifact-only: value equals the release file; not independently recomputable from public data (spine-only aggregate); numerator = distinct subjects with any `resolution` row whose winning_claim is set — no tier-0/currency filter — then clamped with min(resolved, claimed) (inference/src/inference/materialize.py:273-328 @b051732c); a 100% value can hide a numerator that exceeded the denominator"
C3-T188,https://surveillancegraph.org/coverage-metrics/,[H2] subjects with a resolved camera_operator value,232625 of 232625 subjects with a camera_operator claim,subjects with a resolved camera_operator value,web/coverage.json[id=materialized_reconciliation_ratio_camera_operator] = sig_graph/coverage.csv (exact; page order = file order),232625 of 232625,match,docs/build/logs/next-phase/C3/html/page_coverage-metrics_.html#sha256:328aeabe81fbe591; docs/build/logs/next-phase/C3/text/page_coverage-metrics_.txt#sha256:48cd04d011423848; docs/build/logs/next-phase/C3/bucket/web/coverage.json#sha256:b69c03fd7dca181d; docs/build/logs/next-phase/C3/bucket/sig_graph/coverage.csv#sha256:10ff7ec9bde0550a,"release-artifact-only: value equals the release file; not independently recomputable from public data (spine-only aggregate); numerator = distinct subjects with any `resolution` row whose winning_claim is set — no tier-0/currency filter — then clamped with min(resolved, claimed) (inference/src/inference/materialize.py:273-328 @b051732c); a 100% value can hide a numerator that exceeded the denominator"
C3-T189,https://surveillancegraph.org/coverage-metrics/,[H2] subjects with a resolved camera_roadway value,18391 of 18391 subjects with a camera_roadway claim,subjects with a resolved camera_roadway value,web/coverage.json[id=materialized_reconciliation_ratio_camera_roadway] = sig_graph/coverage.csv (exact; page order = file order),18391 of 18391,match,docs/build/logs/next-phase/C3/html/page_coverage-metrics_.html#sha256:328aeabe81fbe591; docs/build/logs/next-phase/C3/text/page_coverage-metrics_.txt#sha256:48cd04d011423848; docs/build/logs/next-phase/C3/bucket/web/coverage.json#sha256:b69c03fd7dca181d; docs/build/logs/next-phase/C3/bucket/sig_graph/coverage.csv#sha256:10ff7ec9bde0550a,"release-artifact-only: value equals the release file; not independently recomputable from public data (spine-only aggregate); numerator = distinct subjects with any `resolution` row whose winning_claim is set — no tier-0/currency filter — then clamped with min(resolved, claimed) (inference/src/inference/materialize.py:273-328 @b051732c); a 100% value can hide a numerator that exceeded the denominator"
C3-T190,https://surveillancegraph.org/coverage-metrics/,[H2] subjects with a resolved camera_status value,12591 of 12591 subjects with a camera_status claim,subjects with a resolved camera_status value,web/coverage.json[id=materialized_reconciliation_ratio_camera_status] = sig_graph/coverage.csv (exact; page order = file order),12591 of 12591,match,docs/build/logs/next-phase/C3/html/page_coverage-metrics_.html#sha256:328aeabe81fbe591; docs/build/logs/next-phase/C3/text/page_coverage-metrics_.txt#sha256:48cd04d011423848; docs/build/logs/next-phase/C3/bucket/web/coverage.json#sha256:b69c03fd7dca181d; docs/build/logs/next-phase/C3/bucket/sig_graph/coverage.csv#sha256:10ff7ec9bde0550a,"release-artifact-only: value equals the release file; not independently recomputable from public data (spine-only aggregate); numerator = distinct subjects with any `resolution` row whose winning_claim is set — no tier-0/currency filter — then clamped with min(resolved, claimed) (inference/src/inference/materialize.py:273-328 @b051732c); a 100% value can hide a numerator that exceeded the denominator"
C3-T191,https://surveillancegraph.org/coverage-metrics/,[H2] subjects with a resolved camera_type value,550 of 550 subjects with a camera_type claim,subjects with a resolved camera_type value,web/coverage.json[id=materialized_reconciliation_ratio_camera_type] = sig_graph/coverage.csv (exact; page order = file order),550 of 550,match,docs/build/logs/next-phase/C3/html/page_coverage-metrics_.html#sha256:328aeabe81fbe591; docs/build/logs/next-phase/C3/text/page_coverage-metrics_.txt#sha256:48cd04d011423848; docs/build/logs/next-phase/C3/bucket/web/coverage.json#sha256:b69c03fd7dca181d; docs/build/logs/next-phase/C3/bucket/sig_graph/coverage.csv#sha256:10ff7ec9bde0550a,"release-artifact-only: value equals the release file; not independently recomputable from public data (spine-only aggregate); numerator = distinct subjects with any `resolution` row whose winning_claim is set — no tier-0/currency filter — then clamped with min(resolved, claimed) (inference/src/inference/materialize.py:273-328 @b051732c); a 100% value can hide a numerator that exceeded the denominator"
C3-T192,https://surveillancegraph.org/coverage-metrics/,[H2] subjects with a resolved citation value,10 of 10 subjects with a citation claim,subjects with a resolved citation value,web/coverage.json[id=materialized_reconciliation_ratio_citation] = sig_graph/coverage.csv (exact; page order = file order),10 of 10,match,docs/build/logs/next-phase/C3/html/page_coverage-metrics_.html#sha256:328aeabe81fbe591; docs/build/logs/next-phase/C3/text/page_coverage-metrics_.txt#sha256:48cd04d011423848; docs/build/logs/next-phase/C3/bucket/web/coverage.json#sha256:b69c03fd7dca181d; docs/build/logs/next-phase/C3/bucket/sig_graph/coverage.csv#sha256:10ff7ec9bde0550a,"release-artifact-only: value equals the release file; not independently recomputable from public data (spine-only aggregate); numerator = distinct subjects with any `resolution` row whose winning_claim is set — no tier-0/currency filter — then clamped with min(resolved, claimed) (inference/src/inference/materialize.py:273-328 @b051732c); a 100% value can hide a numerator that exceeded the denominator"
C3-T193,https://surveillancegraph.org/coverage-metrics/,[H2] subjects with a resolved claimed_device_count value,0 of 1 subjects with a claimed_device_count claim,subjects with a resolved claimed_device_count value,web/coverage.json[id=materialized_reconciliation_ratio_claimed_device_count] = sig_graph/coverage.csv (exact; page order = file order),0 of 1,match,docs/build/logs/next-phase/C3/html/page_coverage-metrics_.html#sha256:328aeabe81fbe591; docs/build/logs/next-phase/C3/text/page_coverage-metrics_.txt#sha256:48cd04d011423848; docs/build/logs/next-phase/C3/bucket/web/coverage.json#sha256:b69c03fd7dca181d; docs/build/logs/next-phase/C3/bucket/sig_graph/coverage.csv#sha256:10ff7ec9bde0550a,"release-artifact-only: value equals the release file; not independently recomputable from public data (spine-only aggregate); numerator = distinct subjects with any `resolution` row whose winning_claim is set — no tier-0/currency filter — then clamped with min(resolved, claimed) (inference/src/inference/materialize.py:273-328 @b051732c); a 100% value can hide a numerator that exceeded the denominator"
C3-T194,https://surveillancegraph.org/coverage-metrics/,[H2] subjects with a resolved conditions value,1079 of 1079 subjects with a conditions claim,subjects with a resolved conditions value,web/coverage.json[id=materialized_reconciliation_ratio_conditions] = sig_graph/coverage.csv (exact; page order = file order),1079 of 1079,match,docs/build/logs/next-phase/C3/html/page_coverage-metrics_.html#sha256:328aeabe81fbe591; docs/build/logs/next-phase/C3/text/page_coverage-metrics_.txt#sha256:48cd04d011423848; docs/build/logs/next-phase/C3/bucket/web/coverage.json#sha256:b69c03fd7dca181d; docs/build/logs/next-phase/C3/bucket/sig_graph/coverage.csv#sha256:10ff7ec9bde0550a,"release-artifact-only: value equals the release file; not independently recomputable from public data (spine-only aggregate); numerator = distinct subjects with any `resolution` row whose winning_claim is set — no tier-0/currency filter — then clamped with min(resolved, claimed) (inference/src/inference/materialize.py:273-328 @b051732c); a 100% value can hide a numerator that exceeded the denominator"
C3-T195,https://surveillancegraph.org/coverage-metrics/,[H2] subjects with a resolved configured_retention_days value,1464 of 1464 subjects with a configured_retention_days claim,subjects with a resolved configured_retention_days value,web/coverage.json[id=materialized_reconciliation_ratio_configured_retention_days] = sig_graph/coverage.csv (exact; page order = file order),1464 of 1464,match,docs/build/logs/next-phase/C3/html/page_coverage-metrics_.html#sha256:328aeabe81fbe591; docs/build/logs/next-phase/C3/text/page_coverage-metrics_.txt#sha256:48cd04d011423848; docs/build/logs/next-phase/C3/bucket/web/coverage.json#sha256:b69c03fd7dca181d; docs/build/logs/next-phase/C3/bucket/sig_graph/coverage.csv#sha256:10ff7ec9bde0550a,"release-artifact-only: value equals the release file; not independently recomputable from public data (spine-only aggregate); numerator = distinct subjects with any `resolution` row whose winning_claim is set — no tier-0/currency filter — then clamped with min(resolved, claimed) (inference/src/inference/materialize.py:273-328 @b051732c); a 100% value can hide a numerator that exceeded the denominator"
C3-T196,https://surveillancegraph.org/coverage-metrics/,[H2] subjects with a resolved configured_sharing_partner value,0 of 130 subjects with a configured_sharing_partner claim,subjects with a resolved configured_sharing_partner value,web/coverage.json[id=materialized_reconciliation_ratio_configured_sharing_partner] = sig_graph/coverage.csv (exact; page order = file order),0 of 130,match,docs/build/logs/next-phase/C3/html/page_coverage-metrics_.html#sha256:328aeabe81fbe591; docs/build/logs/next-phase/C3/text/page_coverage-metrics_.txt#sha256:48cd04d011423848; docs/build/logs/next-phase/C3/bucket/web/coverage.json#sha256:b69c03fd7dca181d; docs/build/logs/next-phase/C3/bucket/sig_graph/coverage.csv#sha256:10ff7ec9bde0550a,"release-artifact-only: value equals the release file; not independently recomputable from public data (spine-only aggregate); numerator = distinct subjects with any `resolution` row whose winning_claim is set — no tier-0/currency filter — then clamped with min(resolved, claimed) (inference/src/inference/materialize.py:273-328 @b051732c); a 100% value can hide a numerator that exceeded the denominator"
C3-T197,https://surveillancegraph.org/coverage-metrics/,[H2] subjects with a resolved constrains_technology value,21 of 21 subjects with a constrains_technology claim,subjects with a resolved constrains_technology value,web/coverage.json[id=materialized_reconciliation_ratio_constrains_technology] = sig_graph/coverage.csv (exact; page order = file order),21 of 21,match,docs/build/logs/next-phase/C3/html/page_coverage-metrics_.html#sha256:328aeabe81fbe591; docs/build/logs/next-phase/C3/text/page_coverage-metrics_.txt#sha256:48cd04d011423848; docs/build/logs/next-phase/C3/bucket/web/coverage.json#sha256:b69c03fd7dca181d; docs/build/logs/next-phase/C3/bucket/sig_graph/coverage.csv#sha256:10ff7ec9bde0550a,"release-artifact-only: value equals the release file; not independently recomputable from public data (spine-only aggregate); numerator = distinct subjects with any `resolution` row whose winning_claim is set — no tier-0/currency filter — then clamped with min(resolved, claimed) (inference/src/inference/materialize.py:273-328 @b051732c); a 100% value can hide a numerator that exceeded the denominator"
C3-T198,https://surveillancegraph.org/coverage-metrics/,[H2] subjects with a resolved content_term value,1011 of 1011 subjects with a content_term claim,subjects with a resolved content_term value,web/coverage.json[id=materialized_reconciliation_ratio_content_term] = sig_graph/coverage.csv (exact; page order = file order),1011 of 1011,match,docs/build/logs/next-phase/C3/html/page_coverage-metrics_.html#sha256:328aeabe81fbe591; docs/build/logs/next-phase/C3/text/page_coverage-metrics_.txt#sha256:48cd04d011423848; docs/build/logs/next-phase/C3/bucket/web/coverage.json#sha256:b69c03fd7dca181d; docs/build/logs/next-phase/C3/bucket/sig_graph/coverage.csv#sha256:10ff7ec9bde0550a,"release-artifact-only: value equals the release file; not independently recomputable from public data (spine-only aggregate); numerator = distinct subjects with any `resolution` row whose winning_claim is set — no tier-0/currency filter — then clamped with min(resolved, claimed) (inference/src/inference/materialize.py:273-328 @b051732c); a 100% value can hide a numerator that exceeded the denominator"
C3-T199,https://surveillancegraph.org/coverage-metrics/,[H2] subjects with a resolved contracted_device_count value,1 of 1 subjects with a contracted_device_count claim,subjects with a resolved contracted_device_count value,web/coverage.json[id=materialized_reconciliation_ratio_contracted_device_count] = sig_graph/coverage.csv (exact; page order = file order),1 of 1,match,docs/build/logs/next-phase/C3/html/page_coverage-metrics_.html#sha256:328aeabe81fbe591; docs/build/logs/next-phase/C3/text/page_coverage-metrics_.txt#sha256:48cd04d011423848; docs/build/logs/next-phase/C3/bucket/web/coverage.json#sha256:b69c03fd7dca181d; docs/build/logs/next-phase/C3/bucket/sig_graph/coverage.csv#sha256:10ff7ec9bde0550a,"release-artifact-only: value equals the release file; not independently recomputable from public data (spine-only aggregate); numerator = distinct subjects with any `resolution` row whose winning_claim is set — no tier-0/currency filter — then clamped with min(resolved, claimed) (inference/src/inference/materialize.py:273-328 @b051732c); a 100% value can hide a numerator that exceeded the denominator"
C3-T200,https://surveillancegraph.org/coverage-metrics/,[H2] subjects with a resolved contract_signed_date value,1 of 1 subjects with a contract_signed_date claim,subjects with a resolved contract_signed_date value,web/coverage.json[id=materialized_reconciliation_ratio_contract_signed_date] = sig_graph/coverage.csv (exact; page order = file order),1 of 1,match,docs/build/logs/next-phase/C3/html/page_coverage-metrics_.html#sha256:328aeabe81fbe591; docs/build/logs/next-phase/C3/text/page_coverage-metrics_.txt#sha256:48cd04d011423848; docs/build/logs/next-phase/C3/bucket/web/coverage.json#sha256:b69c03fd7dca181d; docs/build/logs/next-phase/C3/bucket/sig_graph/coverage.csv#sha256:10ff7ec9bde0550a,"release-artifact-only: value equals the release file; not independently recomputable from public data (spine-only aggregate); numerator = distinct subjects with any `resolution` row whose winning_claim is set — no tier-0/currency filter — then clamped with min(resolved, claimed) (inference/src/inference/materialize.py:273-328 @b051732c); a 100% value can hide a numerator that exceeded the denominator"
C3-T201,https://surveillancegraph.org/coverage-metrics/,[H2] subjects with a resolved contract_value value,1 of 1 subjects with a contract_value claim,subjects with a resolved contract_value value,web/coverage.json[id=materialized_reconciliation_ratio_contract_value] = sig_graph/coverage.csv (exact; page order = file order),1 of 1,match,docs/build/logs/next-phase/C3/html/page_coverage-metrics_.html#sha256:328aeabe81fbe591; docs/build/logs/next-phase/C3/text/page_coverage-metrics_.txt#sha256:48cd04d011423848; docs/build/logs/next-phase/C3/bucket/web/coverage.json#sha256:b69c03fd7dca181d; docs/build/logs/next-phase/C3/bucket/sig_graph/coverage.csv#sha256:10ff7ec9bde0550a,"release-artifact-only: value equals the release file; not independently recomputable from public data (spine-only aggregate); numerator = distinct subjects with any `resolution` row whose winning_claim is set — no tier-0/currency filter — then clamped with min(resolved, claimed) (inference/src/inference/materialize.py:273-328 @b051732c); a 100% value can hide a numerator that exceeded the denominator"
C3-T202,https://surveillancegraph.org/coverage-metrics/,[H2] subjects with a resolved country value,2287 of 2287 subjects with a country claim,subjects with a resolved country value,web/coverage.json[id=materialized_reconciliation_ratio_country] = sig_graph/coverage.csv (exact; page order = file order),2287 of 2287,match,docs/build/logs/next-phase/C3/html/page_coverage-metrics_.html#sha256:328aeabe81fbe591; docs/build/logs/next-phase/C3/text/page_coverage-metrics_.txt#sha256:48cd04d011423848; docs/build/logs/next-phase/C3/bucket/web/coverage.json#sha256:b69c03fd7dca181d; docs/build/logs/next-phase/C3/bucket/sig_graph/coverage.csv#sha256:10ff7ec9bde0550a,"release-artifact-only: value equals the release file; not independently recomputable from public data (spine-only aggregate); numerator = distinct subjects with any `resolution` row whose winning_claim is set — no tier-0/currency filter — then clamped with min(resolved, claimed) (inference/src/inference/materialize.py:273-328 @b051732c); a 100% value can hide a numerator that exceeded the denominator"
C3-T203,https://surveillancegraph.org/coverage-metrics/,[H2] subjects with a resolved currency value,652 of 652 subjects with a currency claim,subjects with a resolved currency value,web/coverage.json[id=materialized_reconciliation_ratio_currency] = sig_graph/coverage.csv (exact; page order = file order),652 of 652,match,docs/build/logs/next-phase/C3/html/page_coverage-metrics_.html#sha256:328aeabe81fbe591; docs/build/logs/next-phase/C3/text/page_coverage-metrics_.txt#sha256:48cd04d011423848; docs/build/logs/next-phase/C3/bucket/web/coverage.json#sha256:b69c03fd7dca181d; docs/build/logs/next-phase/C3/bucket/sig_graph/coverage.csv#sha256:10ff7ec9bde0550a,"release-artifact-only: value equals the release file; not independently recomputable from public data (spine-only aggregate); numerator = distinct subjects with any `resolution` row whose winning_claim is set — no tier-0/currency filter — then clamped with min(resolved, claimed) (inference/src/inference/materialize.py:273-328 @b051732c); a 100% value can hide a numerator that exceeded the denominator"
C3-T204,https://surveillancegraph.org/coverage-metrics/,[H2] subjects with a resolved deployment_exists value,4757 of 4957 subjects with a deployment_exists claim,subjects with a resolved deployment_exists value,web/coverage.json[id=materialized_reconciliation_ratio_deployment_exists] = sig_graph/coverage.csv (exact; page order = file order),4757 of 4957,match,docs/build/logs/next-phase/C3/html/page_coverage-metrics_.html#sha256:328aeabe81fbe591; docs/build/logs/next-phase/C3/text/page_coverage-metrics_.txt#sha256:48cd04d011423848; docs/build/logs/next-phase/C3/bucket/web/coverage.json#sha256:b69c03fd7dca181d; docs/build/logs/next-phase/C3/bucket/sig_graph/coverage.csv#sha256:10ff7ec9bde0550a,"release-artifact-only: value equals the release file; not independently recomputable from public data (spine-only aggregate); numerator = distinct subjects with any `resolution` row whose winning_claim is set — no tier-0/currency filter — then clamped with min(resolved, claimed) (inference/src/inference/materialize.py:273-328 @b051732c); a 100% value can hide a numerator that exceeded the denominator"
C3-T205,https://surveillancegraph.org/coverage-metrics/,[H2] subjects with a resolved description value,3175 of 3175 subjects with a description claim,subjects with a resolved description value,web/coverage.json[id=materialized_reconciliation_ratio_description] = sig_graph/coverage.csv (exact; page order = file order),3175 of 3175,match,docs/build/logs/next-phase/C3/html/page_coverage-metrics_.html#sha256:328aeabe81fbe591; docs/build/logs/next-phase/C3/text/page_coverage-metrics_.txt#sha256:48cd04d011423848; docs/build/logs/next-phase/C3/bucket/web/coverage.json#sha256:b69c03fd7dca181d; docs/build/logs/next-phase/C3/bucket/sig_graph/coverage.csv#sha256:10ff7ec9bde0550a,"release-artifact-only: value equals the release file; not independently recomputable from public data (spine-only aggregate); numerator = distinct subjects with any `resolution` row whose winning_claim is set — no tier-0/currency filter — then clamped with min(resolved, claimed) (inference/src/inference/materialize.py:273-328 @b051732c); a 100% value can hide a numerator that exceeded the denominator"
C3-T206,https://surveillancegraph.org/coverage-metrics/,[H2] subjects with a resolved direction value,619 of 619 subjects with a direction claim,subjects with a resolved direction value,web/coverage.json[id=materialized_reconciliation_ratio_direction] = sig_graph/coverage.csv (exact; page order = file order),619 of 619,match,docs/build/logs/next-phase/C3/html/page_coverage-metrics_.html#sha256:328aeabe81fbe591; docs/build/logs/next-phase/C3/text/page_coverage-metrics_.txt#sha256:48cd04d011423848; docs/build/logs/next-phase/C3/bucket/web/coverage.json#sha256:b69c03fd7dca181d; docs/build/logs/next-phase/C3/bucket/sig_graph/coverage.csv#sha256:10ff7ec9bde0550a,"release-artifact-only: value equals the release file; not independently recomputable from public data (spine-only aggregate); numerator = distinct subjects with any `resolution` row whose winning_claim is set — no tier-0/currency filter — then clamped with min(resolved, claimed) (inference/src/inference/materialize.py:273-328 @b051732c); a 100% value can hide a numerator that exceeded the denominator"
C3-T207,https://surveillancegraph.org/coverage-metrics/,[H2] subjects with a resolved disclosure_field_state value,0 of 3 subjects with a disclosure_field_state claim,subjects with a resolved disclosure_field_state value,web/coverage.json[id=materialized_reconciliation_ratio_disclosure_field_state] = sig_graph/coverage.csv (exact; page order = file order),0 of 3,match,docs/build/logs/next-phase/C3/html/page_coverage-metrics_.html#sha256:328aeabe81fbe591; docs/build/logs/next-phase/C3/text/page_coverage-metrics_.txt#sha256:48cd04d011423848; docs/build/logs/next-phase/C3/bucket/web/coverage.json#sha256:b69c03fd7dca181d; docs/build/logs/next-phase/C3/bucket/sig_graph/coverage.csv#sha256:10ff7ec9bde0550a,"release-artifact-only: value equals the release file; not independently recomputable from public data (spine-only aggregate); numerator = distinct subjects with any `resolution` row whose winning_claim is set — no tier-0/currency filter — then clamped with min(resolved, claimed) (inference/src/inference/materialize.py:273-328 @b051732c); a 100% value can hide a numerator that exceeded the denominator"
C3-T208,https://surveillancegraph.org/coverage-metrics/,[H2] subjects with a resolved document value,4342 of 4342 subjects with a document claim,subjects with a resolved document value,web/coverage.json[id=materialized_reconciliation_ratio_document] = sig_graph/coverage.csv (exact; page order = file order),4342 of 4342,match,docs/build/logs/next-phase/C3/html/page_coverage-metrics_.html#sha256:328aeabe81fbe591; docs/build/logs/next-phase/C3/text/page_coverage-metrics_.txt#sha256:48cd04d011423848; docs/build/logs/next-phase/C3/bucket/web/coverage.json#sha256:b69c03fd7dca181d; docs/build/logs/next-phase/C3/bucket/sig_graph/coverage.csv#sha256:10ff7ec9bde0550a,"release-artifact-only: value equals the release file; not independently recomputable from public data (spine-only aggregate); numerator = distinct subjects with any `resolution` row whose winning_claim is set — no tier-0/currency filter — then clamped with min(resolved, claimed) (inference/src/inference/materialize.py:273-328 @b051732c); a 100% value can hide a numerator that exceeded the denominator"
C3-T209,https://surveillancegraph.org/coverage-metrics/,[H2] subjects with a resolved effective_from value,25 of 25 subjects with a effective_from claim,subjects with a resolved effective_from value,web/coverage.json[id=materialized_reconciliation_ratio_effective_from] = sig_graph/coverage.csv (exact; page order = file order),25 of 25,match,docs/build/logs/next-phase/C3/html/page_coverage-metrics_.html#sha256:328aeabe81fbe591; docs/build/logs/next-phase/C3/text/page_coverage-metrics_.txt#sha256:48cd04d011423848; docs/build/logs/next-phase/C3/bucket/web/coverage.json#sha256:b69c03fd7dca181d; docs/build/logs/next-phase/C3/bucket/sig_graph/coverage.csv#sha256:10ff7ec9bde0550a,"release-artifact-only: value equals the release file; not independently recomputable from public data (spine-only aggregate); numerator = distinct subjects with any `resolution` row whose winning_claim is set — no tier-0/currency filter — then clamped with min(resolved, claimed) (inference/src/inference/materialize.py:273-328 @b051732c); a 100% value can hide a numerator that exceeded the denominator"
C3-T210,https://surveillancegraph.org/coverage-metrics/,[H2] subjects with a resolved enacting_body value,5 of 5 subjects with a enacting_body claim,subjects with a resolved enacting_body value,web/coverage.json[id=materialized_reconciliation_ratio_enacting_body] = sig_graph/coverage.csv (exact; page order = file order),5 of 5,match,docs/build/logs/next-phase/C3/html/page_coverage-metrics_.html#sha256:328aeabe81fbe591; docs/build/logs/next-phase/C3/text/page_coverage-metrics_.txt#sha256:48cd04d011423848; docs/build/logs/next-phase/C3/bucket/web/coverage.json#sha256:b69c03fd7dca181d; docs/build/logs/next-phase/C3/bucket/sig_graph/coverage.csv#sha256:10ff7ec9bde0550a,"release-artifact-only: value equals the release file; not independently recomputable from public data (spine-only aggregate); numerator = distinct subjects with any `resolution` row whose winning_claim is set — no tier-0/currency filter — then clamped with min(resolved, claimed) (inference/src/inference/materialize.py:273-328 @b051732c); a 100% value can hide a numerator that exceeded the denominator"
C3-T211,https://surveillancegraph.org/coverage-metrics/,[H2] subjects with a resolved event_date value,4 of 4 subjects with a event_date claim,subjects with a resolved event_date value,web/coverage.json[id=materialized_reconciliation_ratio_event_date] = sig_graph/coverage.csv (exact; page order = file order),4 of 4,match,docs/build/logs/next-phase/C3/html/page_coverage-metrics_.html#sha256:328aeabe81fbe591; docs/build/logs/next-phase/C3/text/page_coverage-metrics_.txt#sha256:48cd04d011423848; docs/build/logs/next-phase/C3/bucket/web/coverage.json#sha256:b69c03fd7dca181d; docs/build/logs/next-phase/C3/bucket/sig_graph/coverage.csv#sha256:10ff7ec9bde0550a,"release-artifact-only: value equals the release file; not independently recomputable from public data (spine-only aggregate); numerator = distinct subjects with any `resolution` row whose winning_claim is set — no tier-0/currency filter — then clamped with min(resolved, claimed) (inference/src/inference/materialize.py:273-328 @b051732c); a 100% value can hide a numerator that exceeded the denominator"
C3-T212,https://surveillancegraph.org/coverage-metrics/,[H2] subjects with a resolved event_epistemic_status value,4 of 4 subjects with a event_epistemic_status claim,subjects with a resolved event_epistemic_status value,web/coverage.json[id=materialized_reconciliation_ratio_event_epistemic_status] = sig_graph/coverage.csv (exact; page order = file order),4 of 4,match,docs/build/logs/next-phase/C3/html/page_coverage-metrics_.html#sha256:328aeabe81fbe591; docs/build/logs/next-phase/C3/text/page_coverage-metrics_.txt#sha256:48cd04d011423848; docs/build/logs/next-phase/C3/bucket/web/coverage.json#sha256:b69c03fd7dca181d; docs/build/logs/next-phase/C3/bucket/sig_graph/coverage.csv#sha256:10ff7ec9bde0550a,"release-artifact-only: value equals the release file; not independently recomputable from public data (spine-only aggregate); numerator = distinct subjects with any `resolution` row whose winning_claim is set — no tier-0/currency filter — then clamped with min(resolved, claimed) (inference/src/inference/materialize.py:273-328 @b051732c); a 100% value can hide a numerator that exceeded the denominator"
C3-T213,https://surveillancegraph.org/coverage-metrics/,[H2] subjects with a resolved event_organizations value,4 of 4 subjects with a event_organizations claim,subjects with a resolved event_organizations value,web/coverage.json[id=materialized_reconciliation_ratio_event_organizations] = sig_graph/coverage.csv (exact; page order = file order),4 of 4,match,docs/build/logs/next-phase/C3/html/page_coverage-metrics_.html#sha256:328aeabe81fbe591; docs/build/logs/next-phase/C3/text/page_coverage-metrics_.txt#sha256:48cd04d011423848; docs/build/logs/next-phase/C3/bucket/web/coverage.json#sha256:b69c03fd7dca181d; docs/build/logs/next-phase/C3/bucket/sig_graph/coverage.csv#sha256:10ff7ec9bde0550a,"release-artifact-only: value equals the release file; not independently recomputable from public data (spine-only aggregate); numerator = distinct subjects with any `resolution` row whose winning_claim is set — no tier-0/currency filter — then clamped with min(resolved, claimed) (inference/src/inference/materialize.py:273-328 @b051732c); a 100% value can hide a numerator that exceeded the denominator"
C3-T214,https://surveillancegraph.org/coverage-metrics/,[H2] subjects with a resolved event_technologies value,2 of 2 subjects with a event_technologies claim,subjects with a resolved event_technologies value,web/coverage.json[id=materialized_reconciliation_ratio_event_technologies] = sig_graph/coverage.csv (exact; page order = file order),2 of 2,match,docs/build/logs/next-phase/C3/html/page_coverage-metrics_.html#sha256:328aeabe81fbe591; docs/build/logs/next-phase/C3/text/page_coverage-metrics_.txt#sha256:48cd04d011423848; docs/build/logs/next-phase/C3/bucket/web/coverage.json#sha256:b69c03fd7dca181d; docs/build/logs/next-phase/C3/bucket/sig_graph/coverage.csv#sha256:10ff7ec9bde0550a,"release-artifact-only: value equals the release file; not independently recomputable from public data (spine-only aggregate); numerator = distinct subjects with any `resolution` row whose winning_claim is set — no tier-0/currency filter — then clamped with min(resolved, claimed) (inference/src/inference/materialize.py:273-328 @b051732c); a 100% value can hide a numerator that exceeded the denominator"
C3-T215,https://surveillancegraph.org/coverage-metrics/,[H2] subjects with a resolved event_type value,4 of 4 subjects with a event_type claim,subjects with a resolved event_type value,web/coverage.json[id=materialized_reconciliation_ratio_event_type] = sig_graph/coverage.csv (exact; page order = file order),4 of 4,match,docs/build/logs/next-phase/C3/html/page_coverage-metrics_.html#sha256:328aeabe81fbe591; docs/build/logs/next-phase/C3/text/page_coverage-metrics_.txt#sha256:48cd04d011423848; docs/build/logs/next-phase/C3/bucket/web/coverage.json#sha256:b69c03fd7dca181d; docs/build/logs/next-phase/C3/bucket/sig_graph/coverage.csv#sha256:10ff7ec9bde0550a,"release-artifact-only: value equals the release file; not independently recomputable from public data (spine-only aggregate); numerator = distinct subjects with any `resolution` row whose winning_claim is set — no tier-0/currency filter — then clamped with min(resolved, claimed) (inference/src/inference/materialize.py:273-328 @b051732c); a 100% value can hide a numerator that exceeded the denominator"
C3-T216,https://surveillancegraph.org/coverage-metrics/,[H2] subjects with a resolved external_id value,240730 of 240730 subjects with a external_id claim,subjects with a resolved external_id value,web/coverage.json[id=materialized_reconciliation_ratio_external_id] = sig_graph/coverage.csv (exact; page order = file order),240730 of 240730,match,docs/build/logs/next-phase/C3/html/page_coverage-metrics_.html#sha256:328aeabe81fbe591; docs/build/logs/next-phase/C3/text/page_coverage-metrics_.txt#sha256:48cd04d011423848; docs/build/logs/next-phase/C3/bucket/web/coverage.json#sha256:b69c03fd7dca181d; docs/build/logs/next-phase/C3/bucket/sig_graph/coverage.csv#sha256:10ff7ec9bde0550a,"release-artifact-only: value equals the release file; not independently recomputable from public data (spine-only aggregate); numerator = distinct subjects with any `resolution` row whose winning_claim is set — no tier-0/currency filter — then clamped with min(resolved, claimed) (inference/src/inference/materialize.py:273-328 @b051732c); a 100% value can hide a numerator that exceeded the denominator"
C3-T217,https://surveillancegraph.org/coverage-metrics/,[H2] subjects with a resolved facial_recognition_status value,193 of 193 subjects with a facial_recognition_status claim,subjects with a resolved facial_recognition_status value,web/coverage.json[id=materialized_reconciliation_ratio_facial_recognition_status] = sig_graph/coverage.csv (exact; page order = file order),193 of 193,match,docs/build/logs/next-phase/C3/html/page_coverage-metrics_.html#sha256:328aeabe81fbe591; docs/build/logs/next-phase/C3/text/page_coverage-metrics_.txt#sha256:48cd04d011423848; docs/build/logs/next-phase/C3/bucket/web/coverage.json#sha256:b69c03fd7dca181d; docs/build/logs/next-phase/C3/bucket/sig_graph/coverage.csv#sha256:10ff7ec9bde0550a,"release-artifact-only: value equals the release file; not independently recomputable from public data (spine-only aggregate); numerator = distinct subjects with any `resolution` row whose winning_claim is set — no tier-0/currency filter — then clamped with min(resolved, claimed) (inference/src/inference/materialize.py:273-328 @b051732c); a 100% value can hide a numerator that exceeded the denominator"
C3-T218,https://surveillancegraph.org/coverage-metrics/,[H2] subjects with a resolved federal_award_id value,1958 of 1958 subjects with a federal_award_id claim,subjects with a resolved federal_award_id value,web/coverage.json[id=materialized_reconciliation_ratio_federal_award_id] = sig_graph/coverage.csv (exact; page order = file order),1958 of 1958,match,docs/build/logs/next-phase/C3/html/page_coverage-metrics_.html#sha256:328aeabe81fbe591; docs/build/logs/next-phase/C3/text/page_coverage-metrics_.txt#sha256:48cd04d011423848; docs/build/logs/next-phase/C3/bucket/web/coverage.json#sha256:b69c03fd7dca181d; docs/build/logs/next-phase/C3/bucket/sig_graph/coverage.csv#sha256:10ff7ec9bde0550a,"release-artifact-only: value equals the release file; not independently recomputable from public data (spine-only aggregate); numerator = distinct subjects with any `resolution` row whose winning_claim is set — no tier-0/currency filter — then clamped with min(resolved, claimed) (inference/src/inference/materialize.py:273-328 @b051732c); a 100% value can hide a numerator that exceeded the denominator"
C3-T219,https://surveillancegraph.org/coverage-metrics/,[H2] subjects with a resolved first_observed value,1 of 1 subjects with a first_observed claim,subjects with a resolved first_observed value,web/coverage.json[id=materialized_reconciliation_ratio_first_observed] = sig_graph/coverage.csv (exact; page order = file order),1 of 1,match,docs/build/logs/next-phase/C3/html/page_coverage-metrics_.html#sha256:328aeabe81fbe591; docs/build/logs/next-phase/C3/text/page_coverage-metrics_.txt#sha256:48cd04d011423848; docs/build/logs/next-phase/C3/bucket/web/coverage.json#sha256:b69c03fd7dca181d; docs/build/logs/next-phase/C3/bucket/sig_graph/coverage.csv#sha256:10ff7ec9bde0550a,"release-artifact-only: value equals the release file; not independently recomputable from public data (spine-only aggregate); numerator = distinct subjects with any `resolution` row whose winning_claim is set — no tier-0/currency filter — then clamped with min(resolved, claimed) (inference/src/inference/materialize.py:273-328 @b051732c); a 100% value can hide a numerator that exceeded the denominator"
C3-T220,https://surveillancegraph.org/coverage-metrics/,[H2] subjects with a resolved funder value,1279 of 1279 subjects with a funder claim,subjects with a resolved funder value,web/coverage.json[id=materialized_reconciliation_ratio_funder] = sig_graph/coverage.csv (exact; page order = file order),1279 of 1279,match,docs/build/logs/next-phase/C3/html/page_coverage-metrics_.html#sha256:328aeabe81fbe591; docs/build/logs/next-phase/C3/text/page_coverage-metrics_.txt#sha256:48cd04d011423848; docs/build/logs/next-phase/C3/bucket/web/coverage.json#sha256:b69c03fd7dca181d; docs/build/logs/next-phase/C3/bucket/sig_graph/coverage.csv#sha256:10ff7ec9bde0550a,"release-artifact-only: value equals the release file; not independently recomputable from public data (spine-only aggregate); numerator = distinct subjects with any `resolution` row whose winning_claim is set — no tier-0/currency filter — then clamped with min(resolved, claimed) (inference/src/inference/materialize.py:273-328 @b051732c); a 100% value can hide a numerator that exceeded the denominator"
C3-T221,https://surveillancegraph.org/coverage-metrics/,[H2] subjects with a resolved hit_volume_observed value,0 of 170 subjects with a hit_volume_observed claim,subjects with a resolved hit_volume_observed value,web/coverage.json[id=materialized_reconciliation_ratio_hit_volume_observed] = sig_graph/coverage.csv (exact; page order = file order),0 of 170,match,docs/build/logs/next-phase/C3/html/page_coverage-metrics_.html#sha256:328aeabe81fbe591; docs/build/logs/next-phase/C3/text/page_coverage-metrics_.txt#sha256:48cd04d011423848; docs/build/logs/next-phase/C3/bucket/web/coverage.json#sha256:b69c03fd7dca181d; docs/build/logs/next-phase/C3/bucket/sig_graph/coverage.csv#sha256:10ff7ec9bde0550a,"release-artifact-only: value equals the release file; not independently recomputable from public data (spine-only aggregate); numerator = distinct subjects with any `resolution` row whose winning_claim is set — no tier-0/currency filter — then clamped with min(resolved, claimed) (inference/src/inference/materialize.py:273-328 @b051732c); a 100% value can hide a numerator that exceeded the denominator"
C3-T222,https://surveillancegraph.org/coverage-metrics/,[H2] subjects with a resolved hotlist_hit_windowed_count value,1282 of 1282 subjects with a hotlist_hit_windowed_count claim,subjects with a resolved hotlist_hit_windowed_count value,web/coverage.json[id=materialized_reconciliation_ratio_hotlist_hit_windowed_count] = sig_graph/coverage.csv (exact; page order = file order),1282 of 1282,match,docs/build/logs/next-phase/C3/html/page_coverage-metrics_.html#sha256:328aeabe81fbe591; docs/build/logs/next-phase/C3/text/page_coverage-metrics_.txt#sha256:48cd04d011423848; docs/build/logs/next-phase/C3/bucket/web/coverage.json#sha256:b69c03fd7dca181d; docs/build/logs/next-phase/C3/bucket/sig_graph/coverage.csv#sha256:10ff7ec9bde0550a,"release-artifact-only: value equals the release file; not independently recomputable from public data (spine-only aggregate); numerator = distinct subjects with any `resolution` row whose winning_claim is set — no tier-0/currency filter — then clamped with min(resolved, claimed) (inference/src/inference/materialize.py:273-328 @b051732c); a 100% value can hide a numerator that exceeded the denominator"
C3-T223,https://surveillancegraph.org/coverage-metrics/,[H2] subjects with a resolved implements_technology value,1 of 1 subjects with a implements_technology claim,subjects with a resolved implements_technology value,web/coverage.json[id=materialized_reconciliation_ratio_implements_technology] = sig_graph/coverage.csv (exact; page order = file order),1 of 1,match,docs/build/logs/next-phase/C3/html/page_coverage-metrics_.html#sha256:328aeabe81fbe591; docs/build/logs/next-phase/C3/text/page_coverage-metrics_.txt#sha256:48cd04d011423848; docs/build/logs/next-phase/C3/bucket/web/coverage.json#sha256:b69c03fd7dca181d; docs/build/logs/next-phase/C3/bucket/sig_graph/coverage.csv#sha256:10ff7ec9bde0550a,"release-artifact-only: value equals the release file; not independently recomputable from public data (spine-only aggregate); numerator = distinct subjects with any `resolution` row whose winning_claim is set — no tier-0/currency filter — then clamped with min(resolved, claimed) (inference/src/inference/materialize.py:273-328 @b051732c); a 100% value can hide a numerator that exceeded the denominator"
C3-T224,https://surveillancegraph.org/coverage-metrics/,[H2] subjects with a resolved instrument_type value,1109 of 1109 subjects with a instrument_type claim,subjects with a resolved instrument_type value,web/coverage.json[id=materialized_reconciliation_ratio_instrument_type] = sig_graph/coverage.csv (exact; page order = file order),1109 of 1109,match,docs/build/logs/next-phase/C3/html/page_coverage-metrics_.html#sha256:328aeabe81fbe591; docs/build/logs/next-phase/C3/text/page_coverage-metrics_.txt#sha256:48cd04d011423848; docs/build/logs/next-phase/C3/bucket/web/coverage.json#sha256:b69c03fd7dca181d; docs/build/logs/next-phase/C3/bucket/sig_graph/coverage.csv#sha256:10ff7ec9bde0550a,"release-artifact-only: value equals the release file; not independently recomputable from public data (spine-only aggregate); numerator = distinct subjects with any `resolution` row whose winning_claim is set — no tier-0/currency filter — then clamped with min(resolved, claimed) (inference/src/inference/materialize.py:273-328 @b051732c); a 100% value can hide a numerator that exceeded the denominator"
C3-T225,https://surveillancegraph.org/coverage-metrics/,[H2] subjects with a resolved jurisdiction value,29 of 29 subjects with a jurisdiction claim,subjects with a resolved jurisdiction value,web/coverage.json[id=materialized_reconciliation_ratio_jurisdiction] = sig_graph/coverage.csv (exact; page order = file order),29 of 29,match,docs/build/logs/next-phase/C3/html/page_coverage-metrics_.html#sha256:328aeabe81fbe591; docs/build/logs/next-phase/C3/text/page_coverage-metrics_.txt#sha256:48cd04d011423848; docs/build/logs/next-phase/C3/bucket/web/coverage.json#sha256:b69c03fd7dca181d; docs/build/logs/next-phase/C3/bucket/sig_graph/coverage.csv#sha256:10ff7ec9bde0550a,"release-artifact-only: value equals the release file; not independently recomputable from public data (spine-only aggregate); numerator = distinct subjects with any `resolution` row whose winning_claim is set — no tier-0/currency filter — then clamped with min(resolved, claimed) (inference/src/inference/materialize.py:273-328 @b051732c); a 100% value can hide a numerator that exceeded the denominator"
C3-T226,https://surveillancegraph.org/coverage-metrics/,[H2] subjects with a resolved legal_authority value,2 of 2 subjects with a legal_authority claim,subjects with a resolved legal_authority value,web/coverage.json[id=materialized_reconciliation_ratio_legal_authority] = sig_graph/coverage.csv (exact; page order = file order),2 of 2,match,docs/build/logs/next-phase/C3/html/page_coverage-metrics_.html#sha256:328aeabe81fbe591; docs/build/logs/next-phase/C3/text/page_coverage-metrics_.txt#sha256:48cd04d011423848; docs/build/logs/next-phase/C3/bucket/web/coverage.json#sha256:b69c03fd7dca181d; docs/build/logs/next-phase/C3/bucket/sig_graph/coverage.csv#sha256:10ff7ec9bde0550a,"release-artifact-only: value equals the release file; not independently recomputable from public data (spine-only aggregate); numerator = distinct subjects with any `resolution` row whose winning_claim is set — no tier-0/currency filter — then clamped with min(resolved, claimed) (inference/src/inference/materialize.py:273-328 @b051732c); a 100% value can hide a numerator that exceeded the denominator"
C3-T227,https://surveillancegraph.org/coverage-metrics/,[H2] subjects with a resolved lifecycle_transition value,6661 of 6661 subjects with a lifecycle_transition claim,subjects with a resolved lifecycle_transition value,web/coverage.json[id=materialized_reconciliation_ratio_lifecycle_transition] = sig_graph/coverage.csv (exact; page order = file order),6661 of 6661,match,docs/build/logs/next-phase/C3/html/page_coverage-metrics_.html#sha256:328aeabe81fbe591; docs/build/logs/next-phase/C3/text/page_coverage-metrics_.txt#sha256:48cd04d011423848; docs/build/logs/next-phase/C3/bucket/web/coverage.json#sha256:b69c03fd7dca181d; docs/build/logs/next-phase/C3/bucket/sig_graph/coverage.csv#sha256:10ff7ec9bde0550a,"release-artifact-only: value equals the release file; not independently recomputable from public data (spine-only aggregate); numerator = distinct subjects with any `resolution` row whose winning_claim is set — no tier-0/currency filter — then clamped with min(resolved, claimed) (inference/src/inference/materialize.py:273-328 @b051732c); a 100% value can hide a numerator that exceeded the denominator"
C3-T228,https://surveillancegraph.org/coverage-metrics/,[H2] subjects with a resolved manufacturer value,527 of 527 subjects with a manufacturer claim,subjects with a resolved manufacturer value,web/coverage.json[id=materialized_reconciliation_ratio_manufacturer] = sig_graph/coverage.csv (exact; page order = file order),527 of 527,match,docs/build/logs/next-phase/C3/html/page_coverage-metrics_.html#sha256:328aeabe81fbe591; docs/build/logs/next-phase/C3/text/page_coverage-metrics_.txt#sha256:48cd04d011423848; docs/build/logs/next-phase/C3/bucket/web/coverage.json#sha256:b69c03fd7dca181d; docs/build/logs/next-phase/C3/bucket/sig_graph/coverage.csv#sha256:10ff7ec9bde0550a,"release-artifact-only: value equals the release file; not independently recomputable from public data (spine-only aggregate); numerator = distinct subjects with any `resolution` row whose winning_claim is set — no tier-0/currency filter — then clamped with min(resolved, claimed) (inference/src/inference/materialize.py:273-328 @b051732c); a 100% value can hide a numerator that exceeded the denominator"
C3-T229,https://surveillancegraph.org/coverage-metrics/,[H2] subjects with a resolved manufacturer_qid value,507 of 507 subjects with a manufacturer_qid claim,subjects with a resolved manufacturer_qid value,web/coverage.json[id=materialized_reconciliation_ratio_manufacturer_qid] = sig_graph/coverage.csv (exact; page order = file order),507 of 507,match,docs/build/logs/next-phase/C3/html/page_coverage-metrics_.html#sha256:328aeabe81fbe591; docs/build/logs/next-phase/C3/text/page_coverage-metrics_.txt#sha256:48cd04d011423848; docs/build/logs/next-phase/C3/bucket/web/coverage.json#sha256:b69c03fd7dca181d; docs/build/logs/next-phase/C3/bucket/sig_graph/coverage.csv#sha256:10ff7ec9bde0550a,"release-artifact-only: value equals the release file; not independently recomputable from public data (spine-only aggregate); numerator = distinct subjects with any `resolution` row whose winning_claim is set — no tier-0/currency filter — then clamped with min(resolved, claimed) (inference/src/inference/materialize.py:273-328 @b051732c); a 100% value can hide a numerator that exceeded the denominator"
C3-T230,https://surveillancegraph.org/coverage-metrics/,[H2] subjects with a resolved mapped_device_count value,1 of 1 subjects with a mapped_device_count claim,subjects with a resolved mapped_device_count value,web/coverage.json[id=materialized_reconciliation_ratio_mapped_device_count] = sig_graph/coverage.csv (exact; page order = file order),1 of 1,match,docs/build/logs/next-phase/C3/html/page_coverage-metrics_.html#sha256:328aeabe81fbe591; docs/build/logs/next-phase/C3/text/page_coverage-metrics_.txt#sha256:48cd04d011423848; docs/build/logs/next-phase/C3/bucket/web/coverage.json#sha256:b69c03fd7dca181d; docs/build/logs/next-phase/C3/bucket/sig_graph/coverage.csv#sha256:10ff7ec9bde0550a,"release-artifact-only: value equals the release file; not independently recomputable from public data (spine-only aggregate); numerator = distinct subjects with any `resolution` row whose winning_claim is set — no tier-0/currency filter — then clamped with min(resolved, claimed) (inference/src/inference/materialize.py:273-328 @b051732c); a 100% value can hide a numerator that exceeded the denominator"
C3-T231,https://surveillancegraph.org/coverage-metrics/,[H2] subjects with a resolved mapping_source value,2 of 2 subjects with a mapping_source claim,subjects with a resolved mapping_source value,web/coverage.json[id=materialized_reconciliation_ratio_mapping_source] = sig_graph/coverage.csv (exact; page order = file order),2 of 2,match,docs/build/logs/next-phase/C3/html/page_coverage-metrics_.html#sha256:328aeabe81fbe591; docs/build/logs/next-phase/C3/text/page_coverage-metrics_.txt#sha256:48cd04d011423848; docs/build/logs/next-phase/C3/bucket/web/coverage.json#sha256:b69c03fd7dca181d; docs/build/logs/next-phase/C3/bucket/sig_graph/coverage.csv#sha256:10ff7ec9bde0550a,"release-artifact-only: value equals the release file; not independently recomputable from public data (spine-only aggregate); numerator = distinct subjects with any `resolution` row whose winning_claim is set — no tier-0/currency filter — then clamped with min(resolved, claimed) (inference/src/inference/materialize.py:273-328 @b051732c); a 100% value can hide a numerator that exceeded the denominator"
C3-T232,https://surveillancegraph.org/coverage-metrics/,[H2] subjects with a resolved matched_keyword value,1414 of 1414 subjects with a matched_keyword claim,subjects with a resolved matched_keyword value,web/coverage.json[id=materialized_reconciliation_ratio_matched_keyword] = sig_graph/coverage.csv (exact; page order = file order),1414 of 1414,match,docs/build/logs/next-phase/C3/html/page_coverage-metrics_.html#sha256:328aeabe81fbe591; docs/build/logs/next-phase/C3/text/page_coverage-metrics_.txt#sha256:48cd04d011423848; docs/build/logs/next-phase/C3/bucket/web/coverage.json#sha256:b69c03fd7dca181d; docs/build/logs/next-phase/C3/bucket/sig_graph/coverage.csv#sha256:10ff7ec9bde0550a,"release-artifact-only: value equals the release file; not independently recomputable from public data (spine-only aggregate); numerator = distinct subjects with any `resolution` row whose winning_claim is set — no tier-0/currency filter — then clamped with min(resolved, claimed) (inference/src/inference/materialize.py:273-328 @b051732c); a 100% value can hide a numerator that exceeded the denominator"
C3-T233,https://surveillancegraph.org/coverage-metrics/,[H2] subjects with a resolved non_hit_proportion_observed value,0 of 161 subjects with a non_hit_proportion_observed claim,subjects with a resolved non_hit_proportion_observed value,web/coverage.json[id=materialized_reconciliation_ratio_non_hit_proportion_observed] = sig_graph/coverage.csv (exact; page order = file order),0 of 161,match,docs/build/logs/next-phase/C3/html/page_coverage-metrics_.html#sha256:328aeabe81fbe591; docs/build/logs/next-phase/C3/text/page_coverage-metrics_.txt#sha256:48cd04d011423848; docs/build/logs/next-phase/C3/bucket/web/coverage.json#sha256:b69c03fd7dca181d; docs/build/logs/next-phase/C3/bucket/sig_graph/coverage.csv#sha256:10ff7ec9bde0550a,"release-artifact-only: value equals the release file; not independently recomputable from public data (spine-only aggregate); numerator = distinct subjects with any `resolution` row whose winning_claim is set — no tier-0/currency filter — then clamped with min(resolved, claimed) (inference/src/inference/materialize.py:273-328 @b051732c); a 100% value can hide a numerator that exceeded the denominator"
C3-T234,https://surveillancegraph.org/coverage-metrics/,[H2] subjects with a resolved notice_type value,2825 of 2825 subjects with a notice_type claim,subjects with a resolved notice_type value,web/coverage.json[id=materialized_reconciliation_ratio_notice_type] = sig_graph/coverage.csv (exact; page order = file order),2825 of 2825,match,docs/build/logs/next-phase/C3/html/page_coverage-metrics_.html#sha256:328aeabe81fbe591; docs/build/logs/next-phase/C3/text/page_coverage-metrics_.txt#sha256:48cd04d011423848; docs/build/logs/next-phase/C3/bucket/web/coverage.json#sha256:b69c03fd7dca181d; docs/build/logs/next-phase/C3/bucket/sig_graph/coverage.csv#sha256:10ff7ec9bde0550a,"release-artifact-only: value equals the release file; not independently recomputable from public data (spine-only aggregate); numerator = distinct subjects with any `resolution` row whose winning_claim is set — no tier-0/currency filter — then clamped with min(resolved, claimed) (inference/src/inference/materialize.py:273-328 @b051732c); a 100% value can hide a numerator that exceeded the denominator"
C3-T235,https://surveillancegraph.org/coverage-metrics/,[H2] subjects with a resolved operator_qid value,34 of 34 subjects with a operator_qid claim,subjects with a resolved operator_qid value,web/coverage.json[id=materialized_reconciliation_ratio_operator_qid] = sig_graph/coverage.csv (exact; page order = file order),34 of 34,match,docs/build/logs/next-phase/C3/html/page_coverage-metrics_.html#sha256:328aeabe81fbe591; docs/build/logs/next-phase/C3/text/page_coverage-metrics_.txt#sha256:48cd04d011423848; docs/build/logs/next-phase/C3/bucket/web/coverage.json#sha256:b69c03fd7dca181d; docs/build/logs/next-phase/C3/bucket/sig_graph/coverage.csv#sha256:10ff7ec9bde0550a,"release-artifact-only: value equals the release file; not independently recomputable from public data (spine-only aggregate); numerator = distinct subjects with any `resolution` row whose winning_claim is set — no tier-0/currency filter — then clamped with min(resolved, claimed) (inference/src/inference/materialize.py:273-328 @b051732c); a 100% value can hide a numerator that exceeded the denominator"
C3-T236,https://surveillancegraph.org/coverage-metrics/,[H2] subjects with a resolved operator_stated value,56 of 56 subjects with a operator_stated claim,subjects with a resolved operator_stated value,web/coverage.json[id=materialized_reconciliation_ratio_operator_stated] = sig_graph/coverage.csv (exact; page order = file order),56 of 56,match,docs/build/logs/next-phase/C3/html/page_coverage-metrics_.html#sha256:328aeabe81fbe591; docs/build/logs/next-phase/C3/text/page_coverage-metrics_.txt#sha256:48cd04d011423848; docs/build/logs/next-phase/C3/bucket/web/coverage.json#sha256:b69c03fd7dca181d; docs/build/logs/next-phase/C3/bucket/sig_graph/coverage.csv#sha256:10ff7ec9bde0550a,"release-artifact-only: value equals the release file; not independently recomputable from public data (spine-only aggregate); numerator = distinct subjects with any `resolution` row whose winning_claim is set — no tier-0/currency filter — then clamped with min(resolved, claimed) (inference/src/inference/materialize.py:273-328 @b051732c); a 100% value can hide a numerator that exceeded the denominator"
C3-T237,https://surveillancegraph.org/coverage-metrics/,[H2] subjects with a resolved operator_type value,17 of 17 subjects with a operator_type claim,subjects with a resolved operator_type value,web/coverage.json[id=materialized_reconciliation_ratio_operator_type] = sig_graph/coverage.csv (exact; page order = file order),17 of 17,match,docs/build/logs/next-phase/C3/html/page_coverage-metrics_.html#sha256:328aeabe81fbe591; docs/build/logs/next-phase/C3/text/page_coverage-metrics_.txt#sha256:48cd04d011423848; docs/build/logs/next-phase/C3/bucket/web/coverage.json#sha256:b69c03fd7dca181d; docs/build/logs/next-phase/C3/bucket/sig_graph/coverage.csv#sha256:10ff7ec9bde0550a,"release-artifact-only: value equals the release file; not independently recomputable from public data (spine-only aggregate); numerator = distinct subjects with any `resolution` row whose winning_claim is set — no tier-0/currency filter — then clamped with min(resolved, claimed) (inference/src/inference/materialize.py:273-328 @b051732c); a 100% value can hide a numerator that exceeded the denominator"
C3-T238,https://surveillancegraph.org/coverage-metrics/,[H2] subjects with a resolved ordinance_citation value,5 of 5 subjects with a ordinance_citation claim,subjects with a resolved ordinance_citation value,web/coverage.json[id=materialized_reconciliation_ratio_ordinance_citation] = sig_graph/coverage.csv (exact; page order = file order),5 of 5,match,docs/build/logs/next-phase/C3/html/page_coverage-metrics_.html#sha256:328aeabe81fbe591; docs/build/logs/next-phase/C3/text/page_coverage-metrics_.txt#sha256:48cd04d011423848; docs/build/logs/next-phase/C3/bucket/web/coverage.json#sha256:b69c03fd7dca181d; docs/build/logs/next-phase/C3/bucket/sig_graph/coverage.csv#sha256:10ff7ec9bde0550a,"release-artifact-only: value equals the release file; not independently recomputable from public data (spine-only aggregate); numerator = distinct subjects with any `resolution` row whose winning_claim is set — no tier-0/currency filter — then clamped with min(resolved, claimed) (inference/src/inference/materialize.py:273-328 @b051732c); a 100% value can hide a numerator that exceeded the denominator"
C3-T239,https://surveillancegraph.org/coverage-metrics/,[H2] subjects with a resolved parent_cooperative_contract value,195 of 195 subjects with a parent_cooperative_contract claim,subjects with a resolved parent_cooperative_contract value,web/coverage.json[id=materialized_reconciliation_ratio_parent_cooperative_contract] = sig_graph/coverage.csv (exact; page order = file order),195 of 195,match,docs/build/logs/next-phase/C3/html/page_coverage-metrics_.html#sha256:328aeabe81fbe591; docs/build/logs/next-phase/C3/text/page_coverage-metrics_.txt#sha256:48cd04d011423848; docs/build/logs/next-phase/C3/bucket/web/coverage.json#sha256:b69c03fd7dca181d; docs/build/logs/next-phase/C3/bucket/sig_graph/coverage.csv#sha256:10ff7ec9bde0550a,"release-artifact-only: value equals the release file; not independently recomputable from public data (spine-only aggregate); numerator = distinct subjects with any `resolution` row whose winning_claim is set — no tier-0/currency filter — then clamped with min(resolved, claimed) (inference/src/inference/materialize.py:273-328 @b051732c); a 100% value can hide a numerator that exceeded the denominator"
C3-T240,https://surveillancegraph.org/coverage-metrics/,[H2] subjects with a resolved period value,1225 of 1225 subjects with a period claim,subjects with a resolved period value,web/coverage.json[id=materialized_reconciliation_ratio_period] = sig_graph/coverage.csv (exact; page order = file order),1225 of 1225,match,docs/build/logs/next-phase/C3/html/page_coverage-metrics_.html#sha256:328aeabe81fbe591; docs/build/logs/next-phase/C3/text/page_coverage-metrics_.txt#sha256:48cd04d011423848; docs/build/logs/next-phase/C3/bucket/web/coverage.json#sha256:b69c03fd7dca181d; docs/build/logs/next-phase/C3/bucket/sig_graph/coverage.csv#sha256:10ff7ec9bde0550a,"release-artifact-only: value equals the release file; not independently recomputable from public data (spine-only aggregate); numerator = distinct subjects with any `resolution` row whose winning_claim is set — no tier-0/currency filter — then clamped with min(resolved, claimed) (inference/src/inference/materialize.py:273-328 @b051732c); a 100% value can hide a numerator that exceeded the denominator"
C3-T241,https://surveillancegraph.org/coverage-metrics/,[H2] subjects with a resolved place_of_performance value,2287 of 2287 subjects with a place_of_performance claim,subjects with a resolved place_of_performance value,web/coverage.json[id=materialized_reconciliation_ratio_place_of_performance] = sig_graph/coverage.csv (exact; page order = file order),2287 of 2287,match,docs/build/logs/next-phase/C3/html/page_coverage-metrics_.html#sha256:328aeabe81fbe591; docs/build/logs/next-phase/C3/text/page_coverage-metrics_.txt#sha256:48cd04d011423848; docs/build/logs/next-phase/C3/bucket/web/coverage.json#sha256:b69c03fd7dca181d; docs/build/logs/next-phase/C3/bucket/sig_graph/coverage.csv#sha256:10ff7ec9bde0550a,"release-artifact-only: value equals the release file; not independently recomputable from public data (spine-only aggregate); numerator = distinct subjects with any `resolution` row whose winning_claim is set — no tier-0/currency filter — then clamped with min(resolved, claimed) (inference/src/inference/materialize.py:273-328 @b051732c); a 100% value can hide a numerator that exceeded the denominator"
C3-T242,https://surveillancegraph.org/coverage-metrics/,[H2] subjects with a resolved pooled_lookup_participation value,0 of 130 subjects with a pooled_lookup_participation claim,subjects with a resolved pooled_lookup_participation value,web/coverage.json[id=materialized_reconciliation_ratio_pooled_lookup_participation] = sig_graph/coverage.csv (exact; page order = file order),0 of 130,match,docs/build/logs/next-phase/C3/html/page_coverage-metrics_.html#sha256:328aeabe81fbe591; docs/build/logs/next-phase/C3/text/page_coverage-metrics_.txt#sha256:48cd04d011423848; docs/build/logs/next-phase/C3/bucket/web/coverage.json#sha256:b69c03fd7dca181d; docs/build/logs/next-phase/C3/bucket/sig_graph/coverage.csv#sha256:10ff7ec9bde0550a,"release-artifact-only: value equals the release file; not independently recomputable from public data (spine-only aggregate); numerator = distinct subjects with any `resolution` row whose winning_claim is set — no tier-0/currency filter — then clamped with min(resolved, claimed) (inference/src/inference/materialize.py:273-328 @b051732c); a 100% value can hide a numerator that exceeded the denominator"
C3-T243,https://surveillancegraph.org/coverage-metrics/,[H2] subjects with a resolved portal_exists value,1528 of 1528 subjects with a portal_exists claim,subjects with a resolved portal_exists value,web/coverage.json[id=materialized_reconciliation_ratio_portal_exists] = sig_graph/coverage.csv (exact; page order = file order),1528 of 1528,match,docs/build/logs/next-phase/C3/html/page_coverage-metrics_.html#sha256:328aeabe81fbe591; docs/build/logs/next-phase/C3/text/page_coverage-metrics_.txt#sha256:48cd04d011423848; docs/build/logs/next-phase/C3/bucket/web/coverage.json#sha256:b69c03fd7dca181d; docs/build/logs/next-phase/C3/bucket/sig_graph/coverage.csv#sha256:10ff7ec9bde0550a,"release-artifact-only: value equals the release file; not independently recomputable from public data (spine-only aggregate); numerator = distinct subjects with any `resolution` row whose winning_claim is set — no tier-0/currency filter — then clamped with min(resolved, claimed) (inference/src/inference/materialize.py:273-328 @b051732c); a 100% value can hide a numerator that exceeded the denominator"
C3-T244,https://surveillancegraph.org/coverage-metrics/,[H2] subjects with a resolved portal_last_updated_declared value,1528 of 1528 subjects with a portal_last_updated_declared claim,subjects with a resolved portal_last_updated_declared value,web/coverage.json[id=materialized_reconciliation_ratio_portal_last_updated_declared] = sig_graph/coverage.csv (exact; page order = file order),1528 of 1528,match,docs/build/logs/next-phase/C3/html/page_coverage-metrics_.html#sha256:328aeabe81fbe591; docs/build/logs/next-phase/C3/text/page_coverage-metrics_.txt#sha256:48cd04d011423848; docs/build/logs/next-phase/C3/bucket/web/coverage.json#sha256:b69c03fd7dca181d; docs/build/logs/next-phase/C3/bucket/sig_graph/coverage.csv#sha256:10ff7ec9bde0550a,"release-artifact-only: value equals the release file; not independently recomputable from public data (spine-only aggregate); numerator = distinct subjects with any `resolution` row whose winning_claim is set — no tier-0/currency filter — then clamped with min(resolved, claimed) (inference/src/inference/materialize.py:273-328 @b051732c); a 100% value can hide a numerator that exceeded the denominator"
C3-T245,https://surveillancegraph.org/coverage-metrics/,[H2] subjects with a resolved portal_stated_prohibited_use value,1458 of 1458 subjects with a portal_stated_prohibited_use claim,subjects with a resolved portal_stated_prohibited_use value,web/coverage.json[id=materialized_reconciliation_ratio_portal_stated_prohibited_use] = sig_graph/coverage.csv (exact; page order = file order),1458 of 1458,match,docs/build/logs/next-phase/C3/html/page_coverage-metrics_.html#sha256:328aeabe81fbe591; docs/build/logs/next-phase/C3/text/page_coverage-metrics_.txt#sha256:48cd04d011423848; docs/build/logs/next-phase/C3/bucket/web/coverage.json#sha256:b69c03fd7dca181d; docs/build/logs/next-phase/C3/bucket/sig_graph/coverage.csv#sha256:10ff7ec9bde0550a,"release-artifact-only: value equals the release file; not independently recomputable from public data (spine-only aggregate); numerator = distinct subjects with any `resolution` row whose winning_claim is set — no tier-0/currency filter — then clamped with min(resolved, claimed) (inference/src/inference/materialize.py:273-328 @b051732c); a 100% value can hide a numerator that exceeded the denominator"
C3-T246,https://surveillancegraph.org/coverage-metrics/,[H2] subjects with a resolved posted_date value,4014 of 4014 subjects with a posted_date claim,subjects with a resolved posted_date value,web/coverage.json[id=materialized_reconciliation_ratio_posted_date] = sig_graph/coverage.csv (exact; page order = file order),4014 of 4014,match,docs/build/logs/next-phase/C3/html/page_coverage-metrics_.html#sha256:328aeabe81fbe591; docs/build/logs/next-phase/C3/text/page_coverage-metrics_.txt#sha256:48cd04d011423848; docs/build/logs/next-phase/C3/bucket/web/coverage.json#sha256:b69c03fd7dca181d; docs/build/logs/next-phase/C3/bucket/sig_graph/coverage.csv#sha256:10ff7ec9bde0550a,"release-artifact-only: value equals the release file; not independently recomputable from public data (spine-only aggregate); numerator = distinct subjects with any `resolution` row whose winning_claim is set — no tier-0/currency filter — then clamped with min(resolved, claimed) (inference/src/inference/materialize.py:273-328 @b051732c); a 100% value can hide a numerator that exceeded the denominator"
C3-T247,https://surveillancegraph.org/coverage-metrics/,[H2] subjects with a resolved power_arrangement value,4 of 4 subjects with a power_arrangement claim,subjects with a resolved power_arrangement value,web/coverage.json[id=materialized_reconciliation_ratio_power_arrangement] = sig_graph/coverage.csv (exact; page order = file order),4 of 4,match,docs/build/logs/next-phase/C3/html/page_coverage-metrics_.html#sha256:328aeabe81fbe591; docs/build/logs/next-phase/C3/text/page_coverage-metrics_.txt#sha256:48cd04d011423848; docs/build/logs/next-phase/C3/bucket/web/coverage.json#sha256:b69c03fd7dca181d; docs/build/logs/next-phase/C3/bucket/sig_graph/coverage.csv#sha256:10ff7ec9bde0550a,"release-artifact-only: value equals the release file; not independently recomputable from public data (spine-only aggregate); numerator = distinct subjects with any `resolution` row whose winning_claim is set — no tier-0/currency filter — then clamped with min(resolved, claimed) (inference/src/inference/materialize.py:273-328 @b051732c); a 100% value can hide a numerator that exceeded the denominator"
C3-T248,https://surveillancegraph.org/coverage-metrics/,[H2] subjects with a resolved procurement_state value,1 of 1 subjects with a procurement_state claim,subjects with a resolved procurement_state value,web/coverage.json[id=materialized_reconciliation_ratio_procurement_state] = sig_graph/coverage.csv (exact; page order = file order),1 of 1,match,docs/build/logs/next-phase/C3/html/page_coverage-metrics_.html#sha256:328aeabe81fbe591; docs/build/logs/next-phase/C3/text/page_coverage-metrics_.txt#sha256:48cd04d011423848; docs/build/logs/next-phase/C3/bucket/web/coverage.json#sha256:b69c03fd7dca181d; docs/build/logs/next-phase/C3/bucket/sig_graph/coverage.csv#sha256:10ff7ec9bde0550a,"release-artifact-only: value equals the release file; not independently recomputable from public data (spine-only aggregate); numerator = distinct subjects with any `resolution` row whose winning_claim is set — no tier-0/currency filter — then clamped with min(resolved, claimed) (inference/src/inference/materialize.py:273-328 @b051732c); a 100% value can hide a numerator that exceeded the denominator"
C3-T249,https://surveillancegraph.org/coverage-metrics/,[H2] subjects with a resolved products value,2939 of 2939 subjects with a products claim,subjects with a resolved products value,web/coverage.json[id=materialized_reconciliation_ratio_products] = sig_graph/coverage.csv (exact; page order = file order),2939 of 2939,match,docs/build/logs/next-phase/C3/html/page_coverage-metrics_.html#sha256:328aeabe81fbe591; docs/build/logs/next-phase/C3/text/page_coverage-metrics_.txt#sha256:48cd04d011423848; docs/build/logs/next-phase/C3/bucket/web/coverage.json#sha256:b69c03fd7dca181d; docs/build/logs/next-phase/C3/bucket/sig_graph/coverage.csv#sha256:10ff7ec9bde0550a,"release-artifact-only: value equals the release file; not independently recomputable from public data (spine-only aggregate); numerator = distinct subjects with any `resolution` row whose winning_claim is set — no tier-0/currency filter — then clamped with min(resolved, claimed) (inference/src/inference/materialize.py:273-328 @b051732c); a 100% value can hide a numerator that exceeded the denominator"
C3-T250,https://surveillancegraph.org/coverage-metrics/,[H2] subjects with a resolved program_name value,200 of 200 subjects with a program_name claim,subjects with a resolved program_name value,web/coverage.json[id=materialized_reconciliation_ratio_program_name] = sig_graph/coverage.csv (exact; page order = file order),200 of 200,match,docs/build/logs/next-phase/C3/html/page_coverage-metrics_.html#sha256:328aeabe81fbe591; docs/build/logs/next-phase/C3/text/page_coverage-metrics_.txt#sha256:48cd04d011423848; docs/build/logs/next-phase/C3/bucket/web/coverage.json#sha256:b69c03fd7dca181d; docs/build/logs/next-phase/C3/bucket/sig_graph/coverage.csv#sha256:10ff7ec9bde0550a,"release-artifact-only: value equals the release file; not independently recomputable from public data (spine-only aggregate); numerator = distinct subjects with any `resolution` row whose winning_claim is set — no tier-0/currency filter — then clamped with min(resolved, claimed) (inference/src/inference/materialize.py:273-328 @b051732c); a 100% value can hide a numerator that exceeded the denominator"
C3-T251,https://surveillancegraph.org/coverage-metrics/,[H2] subjects with a resolved recipient value,2158 of 2158 subjects with a recipient claim,subjects with a resolved recipient value,web/coverage.json[id=materialized_reconciliation_ratio_recipient] = sig_graph/coverage.csv (exact; page order = file order),2158 of 2158,match,docs/build/logs/next-phase/C3/html/page_coverage-metrics_.html#sha256:328aeabe81fbe591; docs/build/logs/next-phase/C3/text/page_coverage-metrics_.txt#sha256:48cd04d011423848; docs/build/logs/next-phase/C3/bucket/web/coverage.json#sha256:b69c03fd7dca181d; docs/build/logs/next-phase/C3/bucket/sig_graph/coverage.csv#sha256:10ff7ec9bde0550a,"release-artifact-only: value equals the release file; not independently recomputable from public data (spine-only aggregate); numerator = distinct subjects with any `resolution` row whose winning_claim is set — no tier-0/currency filter — then clamped with min(resolved, claimed) (inference/src/inference/materialize.py:273-328 @b051732c); a 100% value can hide a numerator that exceeded the denominator"
C3-T252,https://surveillancegraph.org/coverage-metrics/,[H2] subjects with a resolved renewal_options value,195 of 195 subjects with a renewal_options claim,subjects with a resolved renewal_options value,web/coverage.json[id=materialized_reconciliation_ratio_renewal_options] = sig_graph/coverage.csv (exact; page order = file order),195 of 195,match,docs/build/logs/next-phase/C3/html/page_coverage-metrics_.html#sha256:328aeabe81fbe591; docs/build/logs/next-phase/C3/text/page_coverage-metrics_.txt#sha256:48cd04d011423848; docs/build/logs/next-phase/C3/bucket/web/coverage.json#sha256:b69c03fd7dca181d; docs/build/logs/next-phase/C3/bucket/sig_graph/coverage.csv#sha256:10ff7ec9bde0550a,"release-artifact-only: value equals the release file; not independently recomputable from public data (spine-only aggregate); numerator = distinct subjects with any `resolution` row whose winning_claim is set — no tier-0/currency filter — then clamped with min(resolved, claimed) (inference/src/inference/materialize.py:273-328 @b051732c); a 100% value can hide a numerator that exceeded the denominator"
C3-T253,https://surveillancegraph.org/coverage-metrics/,[H2] subjects with a resolved requesting_party value,1 of 1 subjects with a requesting_party claim,subjects with a resolved requesting_party value,web/coverage.json[id=materialized_reconciliation_ratio_requesting_party] = sig_graph/coverage.csv (exact; page order = file order),1 of 1,match,docs/build/logs/next-phase/C3/html/page_coverage-metrics_.html#sha256:328aeabe81fbe591; docs/build/logs/next-phase/C3/text/page_coverage-metrics_.txt#sha256:48cd04d011423848; docs/build/logs/next-phase/C3/bucket/web/coverage.json#sha256:b69c03fd7dca181d; docs/build/logs/next-phase/C3/bucket/sig_graph/coverage.csv#sha256:10ff7ec9bde0550a,"release-artifact-only: value equals the release file; not independently recomputable from public data (spine-only aggregate); numerator = distinct subjects with any `resolution` row whose winning_claim is set — no tier-0/currency filter — then clamped with min(resolved, claimed) (inference/src/inference/materialize.py:273-328 @b051732c); a 100% value can hide a numerator that exceeded the denominator"
C3-T254,https://surveillancegraph.org/coverage-metrics/,[H2] subjects with a resolved request_text value,1 of 1 subjects with a request_text claim,subjects with a resolved request_text value,web/coverage.json[id=materialized_reconciliation_ratio_request_text] = sig_graph/coverage.csv (exact; page order = file order),1 of 1,match,docs/build/logs/next-phase/C3/html/page_coverage-metrics_.html#sha256:328aeabe81fbe591; docs/build/logs/next-phase/C3/text/page_coverage-metrics_.txt#sha256:48cd04d011423848; docs/build/logs/next-phase/C3/bucket/web/coverage.json#sha256:b69c03fd7dca181d; docs/build/logs/next-phase/C3/bucket/sig_graph/coverage.csv#sha256:10ff7ec9bde0550a,"release-artifact-only: value equals the release file; not independently recomputable from public data (spine-only aggregate); numerator = distinct subjects with any `resolution` row whose winning_claim is set — no tier-0/currency filter — then clamped with min(resolved, claimed) (inference/src/inference/materialize.py:273-328 @b051732c); a 100% value can hide a numerator that exceeded the denominator"
C3-T255,https://surveillancegraph.org/coverage-metrics/,[H2] subjects with a resolved response_date value,1 of 1 subjects with a response_date claim,subjects with a resolved response_date value,web/coverage.json[id=materialized_reconciliation_ratio_response_date] = sig_graph/coverage.csv (exact; page order = file order),1 of 1,match,docs/build/logs/next-phase/C3/html/page_coverage-metrics_.html#sha256:328aeabe81fbe591; docs/build/logs/next-phase/C3/text/page_coverage-metrics_.txt#sha256:48cd04d011423848; docs/build/logs/next-phase/C3/bucket/web/coverage.json#sha256:b69c03fd7dca181d; docs/build/logs/next-phase/C3/bucket/sig_graph/coverage.csv#sha256:10ff7ec9bde0550a,"release-artifact-only: value equals the release file; not independently recomputable from public data (spine-only aggregate); numerator = distinct subjects with any `resolution` row whose winning_claim is set — no tier-0/currency filter — then clamped with min(resolved, claimed) (inference/src/inference/materialize.py:273-328 @b051732c); a 100% value can hide a numerator that exceeded the denominator"
C3-T256,https://surveillancegraph.org/coverage-metrics/,[H2] subjects with a resolved response_deadline value,987 of 987 subjects with a response_deadline claim,subjects with a resolved response_deadline value,web/coverage.json[id=materialized_reconciliation_ratio_response_deadline] = sig_graph/coverage.csv (exact; page order = file order),987 of 987,match,docs/build/logs/next-phase/C3/html/page_coverage-metrics_.html#sha256:328aeabe81fbe591; docs/build/logs/next-phase/C3/text/page_coverage-metrics_.txt#sha256:48cd04d011423848; docs/build/logs/next-phase/C3/bucket/web/coverage.json#sha256:b69c03fd7dca181d; docs/build/logs/next-phase/C3/bucket/sig_graph/coverage.csv#sha256:10ff7ec9bde0550a,"release-artifact-only: value equals the release file; not independently recomputable from public data (spine-only aggregate); numerator = distinct subjects with any `resolution` row whose winning_claim is set — no tier-0/currency filter — then clamped with min(resolved, claimed) (inference/src/inference/materialize.py:273-328 @b051732c); a 100% value can hide a numerator that exceeded the denominator"
C3-T257,https://surveillancegraph.org/coverage-metrics/,[H2] subjects with a resolved response_status value,1 of 1 subjects with a response_status claim,subjects with a resolved response_status value,web/coverage.json[id=materialized_reconciliation_ratio_response_status] = sig_graph/coverage.csv (exact; page order = file order),1 of 1,match,docs/build/logs/next-phase/C3/html/page_coverage-metrics_.html#sha256:328aeabe81fbe591; docs/build/logs/next-phase/C3/text/page_coverage-metrics_.txt#sha256:48cd04d011423848; docs/build/logs/next-phase/C3/bucket/web/coverage.json#sha256:b69c03fd7dca181d; docs/build/logs/next-phase/C3/bucket/sig_graph/coverage.csv#sha256:10ff7ec9bde0550a,"release-artifact-only: value equals the release file; not independently recomputable from public data (spine-only aggregate); numerator = distinct subjects with any `resolution` row whose winning_claim is set — no tier-0/currency filter — then clamped with min(resolved, claimed) (inference/src/inference/materialize.py:273-328 @b051732c); a 100% value can hide a numerator that exceeded the denominator"
C3-T258,https://surveillancegraph.org/coverage-metrics/,[H2] subjects with a resolved retention_period value,1 of 1 subjects with a retention_period claim,subjects with a resolved retention_period value,web/coverage.json[id=materialized_reconciliation_ratio_retention_period] = sig_graph/coverage.csv (exact; page order = file order),1 of 1,match,docs/build/logs/next-phase/C3/html/page_coverage-metrics_.html#sha256:328aeabe81fbe591; docs/build/logs/next-phase/C3/text/page_coverage-metrics_.txt#sha256:48cd04d011423848; docs/build/logs/next-phase/C3/bucket/web/coverage.json#sha256:b69c03fd7dca181d; docs/build/logs/next-phase/C3/bucket/sig_graph/coverage.csv#sha256:10ff7ec9bde0550a,"release-artifact-only: value equals the release file; not independently recomputable from public data (spine-only aggregate); numerator = distinct subjects with any `resolution` row whose winning_claim is set — no tier-0/currency filter — then clamped with min(resolved, claimed) (inference/src/inference/materialize.py:273-328 @b051732c); a 100% value can hide a numerator that exceeded the denominator"
C3-T259,https://surveillancegraph.org/coverage-metrics/,[H2] subjects with a resolved scan_volume_observed value,0 of 169 subjects with a scan_volume_observed claim,subjects with a resolved scan_volume_observed value,web/coverage.json[id=materialized_reconciliation_ratio_scan_volume_observed] = sig_graph/coverage.csv (exact; page order = file order),0 of 169,match,docs/build/logs/next-phase/C3/html/page_coverage-metrics_.html#sha256:328aeabe81fbe591; docs/build/logs/next-phase/C3/text/page_coverage-metrics_.txt#sha256:48cd04d011423848; docs/build/logs/next-phase/C3/bucket/web/coverage.json#sha256:b69c03fd7dca181d; docs/build/logs/next-phase/C3/bucket/sig_graph/coverage.csv#sha256:10ff7ec9bde0550a,"release-artifact-only: value equals the release file; not independently recomputable from public data (spine-only aggregate); numerator = distinct subjects with any `resolution` row whose winning_claim is set — no tier-0/currency filter — then clamped with min(resolved, claimed) (inference/src/inference/materialize.py:273-328 @b051732c); a 100% value can hide a numerator that exceeded the denominator"
C3-T260,https://surveillancegraph.org/coverage-metrics/,[H2] subjects with a resolved seller value,2788 of 2788 subjects with a seller claim,subjects with a resolved seller value,web/coverage.json[id=materialized_reconciliation_ratio_seller] = sig_graph/coverage.csv (exact; page order = file order),2788 of 2788,match,docs/build/logs/next-phase/C3/html/page_coverage-metrics_.html#sha256:328aeabe81fbe591; docs/build/logs/next-phase/C3/text/page_coverage-metrics_.txt#sha256:48cd04d011423848; docs/build/logs/next-phase/C3/bucket/web/coverage.json#sha256:b69c03fd7dca181d; docs/build/logs/next-phase/C3/bucket/sig_graph/coverage.csv#sha256:10ff7ec9bde0550a,"release-artifact-only: value equals the release file; not independently recomputable from public data (spine-only aggregate); numerator = distinct subjects with any `resolution` row whose winning_claim is set — no tier-0/currency filter — then clamped with min(resolved, claimed) (inference/src/inference/materialize.py:273-328 @b051732c); a 100% value can hide a numerator that exceeded the denominator"
C3-T261,https://surveillancegraph.org/coverage-metrics/,[H2] subjects with a resolved sharing_partner_degree value,0 of 185 subjects with a sharing_partner_degree claim,subjects with a resolved sharing_partner_degree value,web/coverage.json[id=materialized_reconciliation_ratio_sharing_partner_degree] = sig_graph/coverage.csv (exact; page order = file order),0 of 185,match,docs/build/logs/next-phase/C3/html/page_coverage-metrics_.html#sha256:328aeabe81fbe591; docs/build/logs/next-phase/C3/text/page_coverage-metrics_.txt#sha256:48cd04d011423848; docs/build/logs/next-phase/C3/bucket/web/coverage.json#sha256:b69c03fd7dca181d; docs/build/logs/next-phase/C3/bucket/sig_graph/coverage.csv#sha256:10ff7ec9bde0550a,"release-artifact-only: value equals the release file; not independently recomputable from public data (spine-only aggregate); numerator = distinct subjects with any `resolution` row whose winning_claim is set — no tier-0/currency filter — then clamped with min(resolved, claimed) (inference/src/inference/materialize.py:273-328 @b051732c); a 100% value can hide a numerator that exceeded the denominator"
C3-T262,https://surveillancegraph.org/coverage-metrics/,[H2] subjects with a resolved sharing_restriction value,1 of 1 subjects with a sharing_restriction claim,subjects with a resolved sharing_restriction value,web/coverage.json[id=materialized_reconciliation_ratio_sharing_restriction] = sig_graph/coverage.csv (exact; page order = file order),1 of 1,match,docs/build/logs/next-phase/C3/html/page_coverage-metrics_.html#sha256:328aeabe81fbe591; docs/build/logs/next-phase/C3/text/page_coverage-metrics_.txt#sha256:48cd04d011423848; docs/build/logs/next-phase/C3/bucket/web/coverage.json#sha256:b69c03fd7dca181d; docs/build/logs/next-phase/C3/bucket/sig_graph/coverage.csv#sha256:10ff7ec9bde0550a,"release-artifact-only: value equals the release file; not independently recomputable from public data (spine-only aggregate); numerator = distinct subjects with any `resolution` row whose winning_claim is set — no tier-0/currency filter — then clamped with min(resolved, claimed) (inference/src/inference/materialize.py:273-328 @b051732c); a 100% value can hide a numerator that exceeded the denominator"
C3-T263,https://surveillancegraph.org/coverage-metrics/,[H2] subjects with a resolved signed_date value,652 of 652 subjects with a signed_date claim,subjects with a resolved signed_date value,web/coverage.json[id=materialized_reconciliation_ratio_signed_date] = sig_graph/coverage.csv (exact; page order = file order),652 of 652,match,docs/build/logs/next-phase/C3/html/page_coverage-metrics_.html#sha256:328aeabe81fbe591; docs/build/logs/next-phase/C3/text/page_coverage-metrics_.txt#sha256:48cd04d011423848; docs/build/logs/next-phase/C3/bucket/web/coverage.json#sha256:b69c03fd7dca181d; docs/build/logs/next-phase/C3/bucket/sig_graph/coverage.csv#sha256:10ff7ec9bde0550a,"release-artifact-only: value equals the release file; not independently recomputable from public data (spine-only aggregate); numerator = distinct subjects with any `resolution` row whose winning_claim is set — no tier-0/currency filter — then clamped with min(resolved, claimed) (inference/src/inference/materialize.py:273-328 @b051732c); a 100% value can hide a numerator that exceeded the denominator"
C3-T264,https://surveillancegraph.org/coverage-metrics/,[H2] subjects with a resolved smart_city_surveillance value,75 of 75 subjects with a smart_city_surveillance claim,subjects with a resolved smart_city_surveillance value,web/coverage.json[id=materialized_reconciliation_ratio_smart_city_surveillance] = sig_graph/coverage.csv (exact; page order = file order),75 of 75,match,docs/build/logs/next-phase/C3/html/page_coverage-metrics_.html#sha256:328aeabe81fbe591; docs/build/logs/next-phase/C3/text/page_coverage-metrics_.txt#sha256:48cd04d011423848; docs/build/logs/next-phase/C3/bucket/web/coverage.json#sha256:b69c03fd7dca181d; docs/build/logs/next-phase/C3/bucket/sig_graph/coverage.csv#sha256:10ff7ec9bde0550a,"release-artifact-only: value equals the release file; not independently recomputable from public data (spine-only aggregate); numerator = distinct subjects with any `resolution` row whose winning_claim is set — no tier-0/currency filter — then clamped with min(resolved, claimed) (inference/src/inference/materialize.py:273-328 @b051732c); a 100% value can hide a numerator that exceeded the denominator"
C3-T265,https://surveillancegraph.org/coverage-metrics/,[H2] subjects with a resolved smart_policing value,75 of 75 subjects with a smart_policing claim,subjects with a resolved smart_policing value,web/coverage.json[id=materialized_reconciliation_ratio_smart_policing] = sig_graph/coverage.csv (exact; page order = file order),75 of 75,match,docs/build/logs/next-phase/C3/html/page_coverage-metrics_.html#sha256:328aeabe81fbe591; docs/build/logs/next-phase/C3/text/page_coverage-metrics_.txt#sha256:48cd04d011423848; docs/build/logs/next-phase/C3/bucket/web/coverage.json#sha256:b69c03fd7dca181d; docs/build/logs/next-phase/C3/bucket/sig_graph/coverage.csv#sha256:10ff7ec9bde0550a,"release-artifact-only: value equals the release file; not independently recomputable from public data (spine-only aggregate); numerator = distinct subjects with any `resolution` row whose winning_claim is set — no tier-0/currency filter — then clamped with min(resolved, claimed) (inference/src/inference/materialize.py:273-328 @b051732c); a 100% value can hide a numerator that exceeded the denominator"
C3-T266,https://surveillancegraph.org/coverage-metrics/,[H2] subjects with a resolved start_date value,652 of 652 subjects with a start_date claim,subjects with a resolved start_date value,web/coverage.json[id=materialized_reconciliation_ratio_start_date] = sig_graph/coverage.csv (exact; page order = file order),652 of 652,match,docs/build/logs/next-phase/C3/html/page_coverage-metrics_.html#sha256:328aeabe81fbe591; docs/build/logs/next-phase/C3/text/page_coverage-metrics_.txt#sha256:48cd04d011423848; docs/build/logs/next-phase/C3/bucket/web/coverage.json#sha256:b69c03fd7dca181d; docs/build/logs/next-phase/C3/bucket/sig_graph/coverage.csv#sha256:10ff7ec9bde0550a,"release-artifact-only: value equals the release file; not independently recomputable from public data (spine-only aggregate); numerator = distinct subjects with any `resolution` row whose winning_claim is set — no tier-0/currency filter — then clamped with min(resolved, claimed) (inference/src/inference/materialize.py:273-328 @b051732c); a 100% value can hide a numerator that exceeded the denominator"
C3-T267,https://surveillancegraph.org/coverage-metrics/,[H2] subjects with a resolved statutory_citation value,2 of 2 subjects with a statutory_citation claim,subjects with a resolved statutory_citation value,web/coverage.json[id=materialized_reconciliation_ratio_statutory_citation] = sig_graph/coverage.csv (exact; page order = file order),2 of 2,match,docs/build/logs/next-phase/C3/html/page_coverage-metrics_.html#sha256:328aeabe81fbe591; docs/build/logs/next-phase/C3/text/page_coverage-metrics_.txt#sha256:48cd04d011423848; docs/build/logs/next-phase/C3/bucket/web/coverage.json#sha256:b69c03fd7dca181d; docs/build/logs/next-phase/C3/bucket/sig_graph/coverage.csv#sha256:10ff7ec9bde0550a,"release-artifact-only: value equals the release file; not independently recomputable from public data (spine-only aggregate); numerator = distinct subjects with any `resolution` row whose winning_claim is set — no tier-0/currency filter — then clamped with min(resolved, claimed) (inference/src/inference/materialize.py:273-328 @b051732c); a 100% value can hide a numerator that exceeded the denominator"
C3-T268,https://surveillancegraph.org/coverage-metrics/,[H2] subjects with a resolved sunset_date value,5 of 5 subjects with a sunset_date claim,subjects with a resolved sunset_date value,web/coverage.json[id=materialized_reconciliation_ratio_sunset_date] = sig_graph/coverage.csv (exact; page order = file order),5 of 5,match,docs/build/logs/next-phase/C3/html/page_coverage-metrics_.html#sha256:328aeabe81fbe591; docs/build/logs/next-phase/C3/text/page_coverage-metrics_.txt#sha256:48cd04d011423848; docs/build/logs/next-phase/C3/bucket/web/coverage.json#sha256:b69c03fd7dca181d; docs/build/logs/next-phase/C3/bucket/sig_graph/coverage.csv#sha256:10ff7ec9bde0550a,"release-artifact-only: value equals the release file; not independently recomputable from public data (spine-only aggregate); numerator = distinct subjects with any `resolution` row whose winning_claim is set — no tier-0/currency filter — then clamped with min(resolved, claimed) (inference/src/inference/materialize.py:273-328 @b051732c); a 100% value can hide a numerator that exceeded the denominator"
C3-T269,https://surveillancegraph.org/coverage-metrics/,[H2] subjects with a resolved surveillance_zone value,630 of 630 subjects with a surveillance_zone claim,subjects with a resolved surveillance_zone value,web/coverage.json[id=materialized_reconciliation_ratio_surveillance_zone] = sig_graph/coverage.csv (exact; page order = file order),630 of 630,match,docs/build/logs/next-phase/C3/html/page_coverage-metrics_.html#sha256:328aeabe81fbe591; docs/build/logs/next-phase/C3/text/page_coverage-metrics_.txt#sha256:48cd04d011423848; docs/build/logs/next-phase/C3/bucket/web/coverage.json#sha256:b69c03fd7dca181d; docs/build/logs/next-phase/C3/bucket/sig_graph/coverage.csv#sha256:10ff7ec9bde0550a,"release-artifact-only: value equals the release file; not independently recomputable from public data (spine-only aggregate); numerator = distinct subjects with any `resolution` row whose winning_claim is set — no tier-0/currency filter — then clamped with min(resolved, claimed) (inference/src/inference/materialize.py:273-328 @b051732c); a 100% value can hide a numerator that exceeded the denominator"
C3-T270,https://surveillancegraph.org/coverage-metrics/,[H2] subjects with a resolved target_agency value,1 of 1 subjects with a target_agency claim,subjects with a resolved target_agency value,web/coverage.json[id=materialized_reconciliation_ratio_target_agency] = sig_graph/coverage.csv (exact; page order = file order),1 of 1,match,docs/build/logs/next-phase/C3/html/page_coverage-metrics_.html#sha256:328aeabe81fbe591; docs/build/logs/next-phase/C3/text/page_coverage-metrics_.txt#sha256:48cd04d011423848; docs/build/logs/next-phase/C3/bucket/web/coverage.json#sha256:b69c03fd7dca181d; docs/build/logs/next-phase/C3/bucket/sig_graph/coverage.csv#sha256:10ff7ec9bde0550a,"release-artifact-only: value equals the release file; not independently recomputable from public data (spine-only aggregate); numerator = distinct subjects with any `resolution` row whose winning_claim is set — no tier-0/currency filter — then clamped with min(resolved, claimed) (inference/src/inference/materialize.py:273-328 @b051732c); a 100% value can hide a numerator that exceeded the denominator"
C3-T271,https://surveillancegraph.org/coverage-metrics/,[H2] subjects with a resolved technology value,7 of 7 subjects with a technology claim,subjects with a resolved technology value,web/coverage.json[id=materialized_reconciliation_ratio_technology] = sig_graph/coverage.csv (exact; page order = file order),7 of 7,match,docs/build/logs/next-phase/C3/html/page_coverage-metrics_.html#sha256:328aeabe81fbe591; docs/build/logs/next-phase/C3/text/page_coverage-metrics_.txt#sha256:48cd04d011423848; docs/build/logs/next-phase/C3/bucket/web/coverage.json#sha256:b69c03fd7dca181d; docs/build/logs/next-phase/C3/bucket/sig_graph/coverage.csv#sha256:10ff7ec9bde0550a,"release-artifact-only: value equals the release file; not independently recomputable from public data (spine-only aggregate); numerator = distinct subjects with any `resolution` row whose winning_claim is set — no tier-0/currency filter — then clamped with min(resolved, claimed) (inference/src/inference/materialize.py:273-328 @b051732c); a 100% value can hide a numerator that exceeded the denominator"
C3-T272,https://surveillancegraph.org/coverage-metrics/,[H2] subjects with a resolved title value,2287 of 2287 subjects with a title claim,subjects with a resolved title value,web/coverage.json[id=materialized_reconciliation_ratio_title] = sig_graph/coverage.csv (exact; page order = file order),2287 of 2287,match,docs/build/logs/next-phase/C3/html/page_coverage-metrics_.html#sha256:328aeabe81fbe591; docs/build/logs/next-phase/C3/text/page_coverage-metrics_.txt#sha256:48cd04d011423848; docs/build/logs/next-phase/C3/bucket/web/coverage.json#sha256:b69c03fd7dca181d; docs/build/logs/next-phase/C3/bucket/sig_graph/coverage.csv#sha256:10ff7ec9bde0550a,"release-artifact-only: value equals the release file; not independently recomputable from public data (spine-only aggregate); numerator = distinct subjects with any `resolution` row whose winning_claim is set — no tier-0/currency filter — then clamped with min(resolved, claimed) (inference/src/inference/materialize.py:273-328 @b051732c); a 100% value can hide a numerator that exceeded the denominator"
C3-T273,https://surveillancegraph.org/coverage-metrics/,[H2] subjects with a resolved unmapped_surveillance_tag value,2 of 2 subjects with a unmapped_surveillance_tag claim,subjects with a resolved unmapped_surveillance_tag value,web/coverage.json[id=materialized_reconciliation_ratio_unmapped_surveillance_tag] = sig_graph/coverage.csv (exact; page order = file order),2 of 2,match,docs/build/logs/next-phase/C3/html/page_coverage-metrics_.html#sha256:328aeabe81fbe591; docs/build/logs/next-phase/C3/text/page_coverage-metrics_.txt#sha256:48cd04d011423848; docs/build/logs/next-phase/C3/bucket/web/coverage.json#sha256:b69c03fd7dca181d; docs/build/logs/next-phase/C3/bucket/sig_graph/coverage.csv#sha256:10ff7ec9bde0550a,"release-artifact-only: value equals the release file; not independently recomputable from public data (spine-only aggregate); numerator = distinct subjects with any `resolution` row whose winning_claim is set — no tier-0/currency filter — then clamped with min(resolved, claimed) (inference/src/inference/materialize.py:273-328 @b051732c); a 100% value can hide a numerator that exceeded the denominator"
C3-T274,https://surveillancegraph.org/coverage-metrics/,[H2] subjects with a resolved usage_search_windowed_count value,1380 of 1380 subjects with a usage_search_windowed_count claim,subjects with a resolved usage_search_windowed_count value,web/coverage.json[id=materialized_reconciliation_ratio_usage_search_windowed_count] = sig_graph/coverage.csv (exact; page order = file order),1380 of 1380,match,docs/build/logs/next-phase/C3/html/page_coverage-metrics_.html#sha256:328aeabe81fbe591; docs/build/logs/next-phase/C3/text/page_coverage-metrics_.txt#sha256:48cd04d011423848; docs/build/logs/next-phase/C3/bucket/web/coverage.json#sha256:b69c03fd7dca181d; docs/build/logs/next-phase/C3/bucket/sig_graph/coverage.csv#sha256:10ff7ec9bde0550a,"release-artifact-only: value equals the release file; not independently recomputable from public data (spine-only aggregate); numerator = distinct subjects with any `resolution` row whose winning_claim is set — no tier-0/currency filter — then clamped with min(resolved, claimed) (inference/src/inference/materialize.py:273-328 @b051732c); a 100% value can hide a numerator that exceeded the denominator"
C3-T275,https://surveillancegraph.org/coverage-metrics/,[H2] subjects with a resolved use_restriction value,0 of 1 subjects with a use_restriction claim,subjects with a resolved use_restriction value,web/coverage.json[id=materialized_reconciliation_ratio_use_restriction] = sig_graph/coverage.csv (exact; page order = file order),0 of 1,match,docs/build/logs/next-phase/C3/html/page_coverage-metrics_.html#sha256:328aeabe81fbe591; docs/build/logs/next-phase/C3/text/page_coverage-metrics_.txt#sha256:48cd04d011423848; docs/build/logs/next-phase/C3/bucket/web/coverage.json#sha256:b69c03fd7dca181d; docs/build/logs/next-phase/C3/bucket/sig_graph/coverage.csv#sha256:10ff7ec9bde0550a,"release-artifact-only: value equals the release file; not independently recomputable from public data (spine-only aggregate); numerator = distinct subjects with any `resolution` row whose winning_claim is set — no tier-0/currency filter — then clamped with min(resolved, claimed) (inference/src/inference/materialize.py:273-328 @b051732c); a 100% value can hide a numerator that exceeded the denominator"
C3-T276,https://surveillancegraph.org/coverage-metrics/,[H2] subjects with a resolved uses_ai_surveillance value,75 of 75 subjects with a uses_ai_surveillance claim,subjects with a resolved uses_ai_surveillance value,web/coverage.json[id=materialized_reconciliation_ratio_uses_ai_surveillance] = sig_graph/coverage.csv (exact; page order = file order),75 of 75,match,docs/build/logs/next-phase/C3/html/page_coverage-metrics_.html#sha256:328aeabe81fbe591; docs/build/logs/next-phase/C3/text/page_coverage-metrics_.txt#sha256:48cd04d011423848; docs/build/logs/next-phase/C3/bucket/web/coverage.json#sha256:b69c03fd7dca181d; docs/build/logs/next-phase/C3/bucket/sig_graph/coverage.csv#sha256:10ff7ec9bde0550a,"release-artifact-only: value equals the release file; not independently recomputable from public data (spine-only aggregate); numerator = distinct subjects with any `resolution` row whose winning_claim is set — no tier-0/currency filter — then clamped with min(resolved, claimed) (inference/src/inference/materialize.py:273-328 @b051732c); a 100% value can hide a numerator that exceeded the denominator"
C3-T277,https://surveillancegraph.org/coverage-metrics/,[H2] subjects with a resolved uses_facial_recognition value,75 of 75 subjects with a uses_facial_recognition claim,subjects with a resolved uses_facial_recognition value,web/coverage.json[id=materialized_reconciliation_ratio_uses_facial_recognition] = sig_graph/coverage.csv (exact; page order = file order),75 of 75,match,docs/build/logs/next-phase/C3/html/page_coverage-metrics_.html#sha256:328aeabe81fbe591; docs/build/logs/next-phase/C3/text/page_coverage-metrics_.txt#sha256:48cd04d011423848; docs/build/logs/next-phase/C3/bucket/web/coverage.json#sha256:b69c03fd7dca181d; docs/build/logs/next-phase/C3/bucket/sig_graph/coverage.csv#sha256:10ff7ec9bde0550a,"release-artifact-only: value equals the release file; not independently recomputable from public data (spine-only aggregate); numerator = distinct subjects with any `resolution` row whose winning_claim is set — no tier-0/currency filter — then clamped with min(resolved, claimed) (inference/src/inference/materialize.py:273-328 @b051732c); a 100% value can hide a numerator that exceeded the denominator"
C3-T278,https://surveillancegraph.org/coverage-metrics/,[H2] subjects with a resolved vehicles_detected_windowed_count value,1216 of 1216 subjects with a vehicles_detected_windowed_count claim,subjects with a resolved vehicles_detected_windowed_count value,web/coverage.json[id=materialized_reconciliation_ratio_vehicles_detected_windowed_count] = sig_graph/coverage.csv (exact; page order = file order),1216 of 1216,match,docs/build/logs/next-phase/C3/html/page_coverage-metrics_.html#sha256:328aeabe81fbe591; docs/build/logs/next-phase/C3/text/page_coverage-metrics_.txt#sha256:48cd04d011423848; docs/build/logs/next-phase/C3/bucket/web/coverage.json#sha256:b69c03fd7dca181d; docs/build/logs/next-phase/C3/bucket/sig_graph/coverage.csv#sha256:10ff7ec9bde0550a,"release-artifact-only: value equals the release file; not independently recomputable from public data (spine-only aggregate); numerator = distinct subjects with any `resolution` row whose winning_claim is set — no tier-0/currency filter — then clamped with min(resolved, claimed) (inference/src/inference/materialize.py:273-328 @b051732c); a 100% value can hide a numerator that exceeded the denominator"
C3-T279,https://surveillancegraph.org/coverage-metrics/,[H2] subjects with a resolved vendor value,0 of 200 subjects with a vendor claim,subjects with a resolved vendor value,web/coverage.json[id=materialized_reconciliation_ratio_vendor] = sig_graph/coverage.csv (exact; page order = file order),0 of 200,match,docs/build/logs/next-phase/C3/html/page_coverage-metrics_.html#sha256:328aeabe81fbe591; docs/build/logs/next-phase/C3/text/page_coverage-metrics_.txt#sha256:48cd04d011423848; docs/build/logs/next-phase/C3/bucket/web/coverage.json#sha256:b69c03fd7dca181d; docs/build/logs/next-phase/C3/bucket/sig_graph/coverage.csv#sha256:10ff7ec9bde0550a,"release-artifact-only: value equals the release file; not independently recomputable from public data (spine-only aggregate); numerator = distinct subjects with any `resolution` row whose winning_claim is set — no tier-0/currency filter — then clamped with min(resolved, claimed) (inference/src/inference/materialize.py:273-328 @b051732c); a 100% value can hide a numerator that exceeded the denominator"
C3-T280,https://surveillancegraph.org/coverage-metrics/,[H2] resolved sites (clusters of observation-level records of the same device),223901 resolved sites (from 232625 observation-level records; dedup ratio 0.038) 232625 observation-level sites carrying coordinate claims (each one source's record),resolved sites (clusters of observation-level records of the same device),web/coverage.json[id=resolved_sites] = sig_graph/coverage.csv (exact; page order = file order),"232,625 − 8,724 = 223,901 (derived-ok)",match,docs/build/logs/next-phase/C3/html/page_coverage-metrics_.html#sha256:328aeabe81fbe591; docs/build/logs/next-phase/C3/text/page_coverage-metrics_.txt#sha256:48cd04d011423848; docs/build/logs/next-phase/C3/bucket/web/coverage.json#sha256:b69c03fd7dca181d; docs/build/logs/next-phase/C3/bucket/sig_graph/coverage.csv#sha256:10ff7ec9bde0550a,cluster membership not exported
C3-T281,https://surveillancegraph.org/coverage-metrics/,[H2] contradictions kept visible,"2 open of 2 recorded contradictions 2 recorded contradictions in the materialized graph (both evidence sides retained, §31)",contradictions kept visible,web/coverage.json[id=contradictions_visible] = sig_graph/coverage.csv (exact; page order = file order),2 open of 2 recorded contradictions,ambiguous-meaning,docs/build/logs/next-phase/C3/html/page_coverage-metrics_.html#sha256:328aeabe81fbe591; docs/build/logs/next-phase/C3/text/page_coverage-metrics_.txt#sha256:48cd04d011423848; docs/build/logs/next-phase/C3/bucket/web/coverage.json#sha256:b69c03fd7dca181d; docs/build/logs/next-phase/C3/bucket/sig_graph/coverage.csv#sha256:10ff7ec9bde0550a,"5,290 coordinate-conflicted subjects are not counted as contradictions"
C3-T282,https://surveillancegraph.org/coverage-metrics/,population_note under every metric,The true population of surveillance devices is unknown … (SIG-METRIC-008),population caveat,coverage.json population_note,"same device-population note attached to bill_*, contract and procurement ratios that are not device counts",ambiguous-meaning,docs/build/logs/next-phase/C3/html/page_coverage-metrics_.html#sha256:328aeabe81fbe591; docs/build/logs/next-phase/C3/text/page_coverage-metrics_.txt#sha256:48cd04d011423848,"caveat is generic, not metric-specific"
C3-T283,https://surveillancegraph.org/coverage-metrics/,How we know this (.sig-hwkt),"Artifacts 255 · Tier distribution 2245390×untiered, 2690×W1, 175114×W3 · Independent sources 218 · Date range 2020-01-28 – 2026-09-26 · Rules applied p27.3/1.0.0 · Human review Not yet human-reviewed",provenance of this page,provenance.json surfaces.site,site-wide values,match,docs/build/logs/next-phase/C3/html/page_coverage-metrics_.html#sha256:328aeabe81fbe591; docs/build/logs/next-phase/C3/text/page_coverage-metrics_.txt#sha256:48cd04d011423848,
C3-T284,https://surveillancegraph.org/data-freshness/,At a glance,178 ok,all 178 sources have status ok,web/freshness.json status (178×ok) = sig_graph/freshness.csv,178 ok,match,docs/build/logs/next-phase/C3/html/page_data-freshness_.html#sha256:db8130e5715018da; docs/build/logs/next-phase/C3/text/page_data-freshness_.txt#sha256:2600532c0903f3d2; docs/build/logs/next-phase/C3/bucket/web/freshness.json#sha256:c5a343820633a125,"status is the last ingest-run status (exports/shaping.py:1283-1345), not a volatility-relative freshness judgement"
C3-T285,https://surveillancegraph.org/data-freshness/,At a glance,Volatility classes: 178 unknown,volatility class per source,web/freshness.json volatility_class,178 unknown,match,docs/build/logs/next-phase/C3/html/page_data-freshness_.html#sha256:db8130e5715018da; docs/build/logs/next-phase/C3/text/page_data-freshness_.txt#sha256:2600532c0903f3d2,
C3-T286,https://surveillancegraph.org/data-freshness/,table (178 rows),Stale entities (for their predicate class): 0 — on all 178 rows,no entity is stale for its predicate class,web/freshness.json stale_entity_count (all 0); exports/shaping.py:1283-1345,"not evaluable: 0 dated registry-known observations per source (volatility unknown), and the not-evaluable count (staleness_not_evaluable) is dropped from freshness.json",mismatch,docs/build/logs/next-phase/C3/html/page_data-freshness_.html#sha256:db8130e5715018da; docs/build/logs/next-phase/C3/text/page_data-freshness_.txt#sha256:2600532c0903f3d2; docs/build/logs/next-phase/C3/bucket/web/freshness.json#sha256:c5a343820633a125,research queue carries 130 sharing_snapshot_stale tasks at the same release
C3-T287,https://surveillancegraph.org/data-freshness/,table (178 rows),"178 rows: source, last successful run, last content change, status, stale, volatility",per-source freshness,web/freshness.json = sig_graph/freshness.csv (0 field diffs),"178/178 rows equal; 1 value formatted ('not-recorded' → 'not recorded', camreg_camilo_schools)",match,docs/build/logs/next-phase/C3/html/page_data-freshness_.html#sha256:db8130e5715018da; docs/build/logs/next-phase/C3/text/page_data-freshness_.txt#sha256:2600532c0903f3d2; docs/build/logs/next-phase/C3/bucket/sig_graph/freshness.csv#sha256:f3ee6c8e49a98432,last successful runs 2026-09-17T20:24Z…2026-09-26T06:02Z; 4–12 days old at 2026-09-30T17:00Z; no date later than date -u
C3-T288,https://surveillancegraph.org/data-freshness/,table row (seed 20260930 sample of 15),camreg_arc_1975641302 | 2026-09-19T07:19:49.163000+00:00 | 2026-09-19T06:45:21.183000+00:00 | ok | 0 | unknown,freshness of this source,web/freshness.json[source=camreg_arc_1975641302],identical,match,docs/build/logs/next-phase/C3/html/page_data-freshness_.html#sha256:db8130e5715018da; docs/build/logs/next-phase/C3/text/page_data-freshness_.txt#sha256:2600532c0903f3d2,
C3-T289,https://surveillancegraph.org/data-freshness/,table row (seed 20260930 sample of 15),camreg_bangla_bd | 2026-09-19T08:06:58.127000+00:00 | 2026-09-19T08:06:58.127000+00:00 | ok | 0 | unknown,freshness of this source,web/freshness.json[source=camreg_bangla_bd],identical,match,docs/build/logs/next-phase/C3/html/page_data-freshness_.html#sha256:db8130e5715018da; docs/build/logs/next-phase/C3/text/page_data-freshness_.txt#sha256:2600532c0903f3d2,
C3-T290,https://surveillancegraph.org/data-freshness/,table row (seed 20260930 sample of 15),camreg_goldcoast_au | 2026-09-18T11:54:36.058000+00:00 | 2026-09-18T11:54:36.058000+00:00 | ok | 0 | unknown,freshness of this source,web/freshness.json[source=camreg_goldcoast_au],identical,match,docs/build/logs/next-phase/C3/html/page_data-freshness_.html#sha256:db8130e5715018da; docs/build/logs/next-phase/C3/text/page_data-freshness_.txt#sha256:2600532c0903f3d2,
C3-T291,https://surveillancegraph.org/data-freshness/,table row (seed 20260930 sample of 15),camreg_[personal-handle id redacted] | 2026-09-19T07:31:40.902000+00:00 | 2026-09-19T07:31:40.902000+00:00 | ok | 0 | unknown,freshness of this source,web/freshness.json[source=camreg_[personal-handle id redacted]],identical,match,docs/build/logs/next-phase/C3/html/page_data-freshness_.html#sha256:db8130e5715018da; docs/build/logs/next-phase/C3/text/page_data-freshness_.txt#sha256:2600532c0903f3d2,
C3-T292,https://surveillancegraph.org/data-freshness/,table row (seed 20260930 sample of 15),camreg_leon_fl | 2026-09-19T07:48:37.112000+00:00 | 2026-09-19T07:48:37.112000+00:00 | ok | 0 | unknown,freshness of this source,web/freshness.json[source=camreg_leon_fl],identical,match,docs/build/logs/next-phase/C3/html/page_data-freshness_.html#sha256:db8130e5715018da; docs/build/logs/next-phase/C3/text/page_data-freshness_.txt#sha256:2600532c0903f3d2,
C3-T293,https://surveillancegraph.org/data-freshness/,table row (seed 20260930 sample of 15),camreg_oem_camera | 2026-09-19T08:23:09.604000+00:00 | 2026-09-19T08:23:09.604000+00:00 | ok | 0 | unknown,freshness of this source,web/freshness.json[source=camreg_oem_camera],identical,match,docs/build/logs/next-phase/C3/html/page_data-freshness_.html#sha256:db8130e5715018da; docs/build/logs/next-phase/C3/text/page_data-freshness_.txt#sha256:2600532c0903f3d2,
C3-T294,https://surveillancegraph.org/data-freshness/,table row (seed 20260930 sample of 15),camreg_ottawa_on | 2026-09-18T03:10:33.027000+00:00 | 2026-09-18T03:10:33.027000+00:00 | ok | 0 | unknown,freshness of this source,web/freshness.json[source=camreg_ottawa_on],identical,match,docs/build/logs/next-phase/C3/html/page_data-freshness_.html#sha256:db8130e5715018da; docs/build/logs/next-phase/C3/text/page_data-freshness_.txt#sha256:2600532c0903f3d2,
C3-T295,https://surveillancegraph.org/data-freshness/,table row (seed 20260930 sample of 15),camreg_ramallah_ps | 2026-09-19T07:13:55.896000+00:00 | 2026-09-19T06:56:49.413000+00:00 | ok | 0 | unknown,freshness of this source,web/freshness.json[source=camreg_ramallah_ps],identical,match,docs/build/logs/next-phase/C3/html/page_data-freshness_.html#sha256:db8130e5715018da; docs/build/logs/next-phase/C3/text/page_data-freshness_.txt#sha256:2600532c0903f3d2,
C3-T296,https://surveillancegraph.org/data-freshness/,table row (seed 20260930 sample of 15),camreg_redmond_wa | 2026-09-19T07:16:16.173000+00:00 | 2026-09-19T06:59:45.155000+00:00 | ok | 0 | unknown,freshness of this source,web/freshness.json[source=camreg_redmond_wa],identical,match,docs/build/logs/next-phase/C3/html/page_data-freshness_.html#sha256:db8130e5715018da; docs/build/logs/next-phase/C3/text/page_data-freshness_.txt#sha256:2600532c0903f3d2,
C3-T297,https://surveillancegraph.org/data-freshness/,table row (seed 20260930 sample of 15),camreg_sensenet | 2026-09-19T08:43:00.880000+00:00 | 2026-09-19T08:43:00.880000+00:00 | ok | 0 | unknown,freshness of this source,web/freshness.json[source=camreg_sensenet],identical,match,docs/build/logs/next-phase/C3/html/page_data-freshness_.html#sha256:db8130e5715018da; docs/build/logs/next-phase/C3/text/page_data-freshness_.txt#sha256:2600532c0903f3d2,
C3-T298,https://surveillancegraph.org/data-freshness/,table row (seed 20260930 sample of 15),camreg_txdot_rep_tx | 2026-09-19T16:26:18.245000+00:00 | 2026-09-19T16:26:18.245000+00:00 | ok | 0 | unknown,freshness of this source,web/freshness.json[source=camreg_txdot_rep_tx],identical,match,docs/build/logs/next-phase/C3/html/page_data-freshness_.html#sha256:db8130e5715018da; docs/build/logs/next-phase/C3/text/page_data-freshness_.txt#sha256:2600532c0903f3d2,
C3-T299,https://surveillancegraph.org/data-freshness/,table row (seed 20260930 sample of 15),camreg_yline | 2026-09-19T10:51:37.907000+00:00 | 2026-09-19T06:52:03.157000+00:00 | ok | 0 | unknown,freshness of this source,web/freshness.json[source=camreg_yline],identical,match,docs/build/logs/next-phase/C3/html/page_data-freshness_.html#sha256:db8130e5715018da; docs/build/logs/next-phase/C3/text/page_data-freshness_.txt#sha256:2600532c0903f3d2,
C3-T300,https://surveillancegraph.org/data-freshness/,table row (seed 20260930 sample of 15),camreg_york_on | 2026-09-19T11:01:38.137000+00:00 | 2026-09-19T07:06:11.920000+00:00 | ok | 0 | unknown,freshness of this source,web/freshness.json[source=camreg_york_on],identical,match,docs/build/logs/next-phase/C3/html/page_data-freshness_.html#sha256:db8130e5715018da; docs/build/logs/next-phase/C3/text/page_data-freshness_.txt#sha256:2600532c0903f3d2,
C3-T301,https://surveillancegraph.org/data-freshness/,table row (seed 20260930 sample of 15),camreg_yorku | 2026-09-19T11:05:16.890000+00:00 | 2026-09-19T07:27:06.403000+00:00 | ok | 0 | unknown,freshness of this source,web/freshness.json[source=camreg_yorku],identical,match,docs/build/logs/next-phase/C3/html/page_data-freshness_.html#sha256:db8130e5715018da; docs/build/logs/next-phase/C3/text/page_data-freshness_.txt#sha256:2600532c0903f3d2,
C3-T302,https://surveillancegraph.org/data-freshness/,table row (seed 20260930 sample of 15),dot_511_la | 2026-09-19T15:07:04.560000+00:00 | 2026-09-19T10:15:12.247000+00:00 | ok | 0 | unknown,freshness of this source,web/freshness.json[source=dot_511_la],identical,match,docs/build/logs/next-phase/C3/html/page_data-freshness_.html#sha256:db8130e5715018da; docs/build/logs/next-phase/C3/text/page_data-freshness_.txt#sha256:2600532c0903f3d2,
C3-T303,https://surveillancegraph.org/data-freshness/status/,table (sorted by status),same 178 rows sorted by status,per-source freshness,web/freshness.json,"identical values, different sort",match,docs/build/logs/next-phase/C3/html/page_data-freshness_status_.html#sha256:04f619c0551c07f6,
C3-T304,https://surveillancegraph.org/data-freshness/,How we know this (.sig-hwkt),"Artifacts 255 · Tier distribution 2245390×untiered, 2690×W1, 175114×W3 · Independent sources 218 · Date range 2020-01-28 – 2026-09-26 · Rules applied p27.3/1.0.0 · Human review Not yet human-reviewed",provenance of this page,provenance.json surfaces.site,site-wide values; freshness-specific provenance would be 178 sources / run-completion spine,ambiguous-meaning,docs/build/logs/next-phase/C3/html/page_data-freshness_.html#sha256:db8130e5715018da; docs/build/logs/next-phase/C3/text/page_data-freshness_.txt#sha256:2600532c0903f3d2,
C3-T305,https://surveillancegraph.org/corrections/,Corrections,No corrections recorded yet,0 corrections,web/corrections.json = [],0,match,docs/build/logs/next-phase/C3/html/page_corrections_.html#sha256:a4ffc1fc2dc3f196; docs/build/logs/next-phase/C3/text/page_corrections_.txt#sha256:908918f7cf96b983; docs/build/logs/next-phase/C3/bucket/web/corrections.json#sha256:37517e5f3dc66819,
C3-T306,https://surveillancegraph.org/corrections/,Transparency report,Total requests recorded: 0; By category factual_error 0 … copyright_claim 0; By outcome corrected 0 … refused 0,"count of correction requests received, by category/outcome",derived from web/corrections.json = [],all 11 counts 0 (derived-ok),match,docs/build/logs/next-phase/C3/html/page_corrections_.html#sha256:a4ffc1fc2dc3f196; docs/build/logs/next-phase/C3/text/page_corrections_.txt#sha256:908918f7cf96b983,0 requests is structural: the intake receiver is not operating (PROTOCOL §3 P10); the page does not say so
C3-T307,https://surveillancegraph.org/corrections/,How we know this (.sig-hwkt),Artifacts 0 · Tier distribution 0×untiered · Independent sources 0 · Date range no dated evidence · Rules applied p27.3/1.0.0 · Not yet human-reviewed,provenance of the corrections log,provenance.json surfaces.corrections (exact),page-specific values,match,docs/build/logs/next-phase/C3/html/page_corrections_.html#sha256:a4ffc1fc2dc3f196; docs/build/logs/next-phase/C3/text/page_corrections_.txt#sha256:908918f7cf96b983,
C3-T308,https://surveillancegraph.org/contribution-back/,Operator-attribution suggestions accepted upstream (.sig-leverage),0 accepted upstream of 0 attributed changesets,OSM changesets carrying #sig_operator_attribution accepted upstream,web/leverage.json — NOT in the public manifest (132 artifacts); the web build read it from the restricted export (web/src/lib/data.ts:147-180 @5c064881; REPUBLISH_DIFF §3),not recomputable from public data,untraceable,docs/build/logs/next-phase/C3/html/page_contribution-back_.html#sha256:ce339ecf025c25fd; docs/build/logs/next-phase/C3/text/page_contribution-back_.txt#sha256:8522337adb7540bf; docs/build/logs/next-phase/C3/bucket/manifest.json#sha256:717aeb4499523acf,the page invites independent reconstruction from the OSM feed; no date of measurement shown
C3-T309,https://surveillancegraph.org/contribution-back/,How we know this (.sig-hwkt),"Artifacts 255 · Tier distribution 2245390×untiered, 2690×W1, 175114×W3 · Independent sources 218 · Date range 2020-01-28 – 2026-09-26 · Rules applied p27.3/1.0.0 · Human review Not yet human-reviewed",provenance of this page,provenance.json surfaces.site,site-wide claim-tier distribution on a page about OSM changesets,ambiguous-meaning,docs/build/logs/next-phase/C3/html/page_contribution-back_.html#sha256:ce339ecf025c25fd; docs/build/logs/next-phase/C3/text/page_contribution-back_.txt#sha256:8522337adb7540bf,
C3-T310,https://surveillancegraph.org/research-queue/,Filter by jurisdiction,Unscoped — 243761 task(s),"all open tasks, none jurisdiction-scoped",web/analytics/queue_meta.json (denominator 243761; jurisdiction_claims []); provenance.json surfaces.research_queue.artifact_count,"243,761; 0 jurisdiction-scoped",match,docs/build/logs/next-phase/C3/html/page_research-queue_.html#sha256:0b62c05eb399cf58; docs/build/logs/next-phase/C3/text/page_research-queue_.txt#sha256:bf38bad494c89904; docs/build/logs/next-phase/C3/bucket/web/analytics/queue_meta.json#sha256:99dd637ee553690c,web/research_queue.json (144 MB) not downloaded per PROTOCOL §2.2
C3-T311,https://surveillancegraph.org/research-queue/,Open tasks,Showing the first 500 of 243761 open tasks in queue order,page shows 500 of the queue,queue_meta.json; card count on page,"500 cards; evidence sought: coverage_hole 369, sharing_snapshot_stale 130, conflicting_retention 1; all assignee 'contributor', effort 'unknown', scope '—'",match,docs/build/logs/next-phase/C3/html/page_research-queue_.html#sha256:0b62c05eb399cf58; docs/build/logs/next-phase/C3/text/page_research-queue_.txt#sha256:bf38bad494c89904,first 2 cards equal the first 2 objects of web/research_queue.json (Range bytes 0-1999); remaining cards untraceable within the download budget
C3-T312,https://surveillancegraph.org/research-queue/,How we know this (.sig-hwkt),Artifacts 243761,evidence artifacts behind this page,provenance.json surfaces.research_queue.artifact_count,"243,761 are tasks, not artifacts",ambiguous-meaning,docs/build/logs/next-phase/C3/html/page_research-queue_.html#sha256:0b62c05eb399cf58; docs/build/logs/next-phase/C3/text/page_research-queue_.txt#sha256:bf38bad494c89904,shared component label
C3-T313,https://surveillancegraph.org/research-queue/,How we know this (.sig-hwkt),Independent sources 1,independent sources,"provenance.json surfaces.research_queue.source_independence_count (= number of detectors, exports/analytics.py:620)",1 detector set,ambiguous-meaning,docs/build/logs/next-phase/C3/html/page_research-queue_.html#sha256:0b62c05eb399cf58; docs/build/logs/next-phase/C3/text/page_research-queue_.txt#sha256:bf38bad494c89904,
C3-T314,https://surveillancegraph.org/research-queue/,How we know this (.sig-hwkt),"Tier distribution 243761×untiered · Date range no dated evidence · Rules applied v1, p27.3/1.0.0 · Not yet human-reviewed",provenance of the queue,provenance.json surfaces.research_queue (exact),exact,match,docs/build/logs/next-phase/C3/html/page_research-queue_.html#sha256:0b62c05eb399cf58; docs/build/logs/next-phase/C3/text/page_research-queue_.txt#sha256:bf38bad494c89904,
C3-T315,https://surveillancegraph.org/map/,Interactive map (attribution),© OpenStreetMap contributors (ODbL) · Surveillance data © SIG contributors,rights holders of the mapped data,map/style.json sources[*].attribution; */sites.parquet rights_attribution,"11 non-OSM tile sources attributed 'Surveillance data © SIG contributors (<licence>)' incl. CC-BY-SA-4.0 (portal), CC-BY-SA-2.0, OGL-3.0, OGL-Canada-2.0; bulk rows carry upstream publishers (e.g. 'ACT Government traffic safety camera registries (data.act.gov.au)')",mismatch,docs/build/logs/next-phase/C3/html/page_map_.html#sha256:4e5bb4dd79a428a4; docs/build/logs/next-phase/C3/text/page_map_.txt#sha256:1f93e656ed964b9a; docs/build/logs/next-phase/C3/json/map_style.json#sha256:5652d8b55461113d,licensing — route to C2/E (H11)
C3-T316,https://surveillancegraph.org/map/,Layers,Devices; Deployments; RTCCs & integration hubs; Sharing edges; Private–public networks; Service areas; Lifecycle status; Field of view (modelled); Coverage (modelled),layers the map can show,map/style.json (13 layers over 12 site compartments); */sites.parquet entity_type,"all 236,994 public site rows are entity_type=deployment; no public artifact for RTCC/hub, service-area, private–public network or field-of-view layers",ambiguous-meaning,docs/build/logs/next-phase/C3/html/page_map_.html#sha256:4e5bb4dd79a428a4; docs/build/logs/next-phase/C3/text/page_map_.txt#sha256:1f93e656ed964b9a; docs/build/logs/next-phase/C3/json/map_style.json#sha256:5652d8b55461113d,legend lists layer kinds with no released data
C3-T317,https://surveillancegraph.org/map/,Coverage bins (tabular equivalent),1002 H3 cells; Devices column sums to 227335,observation counts per H3 bin,"web/analytics/density_bins.json — restricted, not in the public manifest","Σ Devices = 227,335 = Σ dossier geolocated (derived-ok); per-bin counts and coverage classes (Low 601 / Partial 236 / High 165) untraceable publicly",untraceable,docs/build/logs/next-phase/C3/html/page_map_.html#sha256:4e5bb4dd79a428a4; docs/build/logs/next-phase/C3/text/page_map_.txt#sha256:1f93e656ed964b9a,bins recomputable only approximately (H3 res-3 over parquet points); not attempted
C3-T318,https://surveillancegraph.org/map/,Coverage bins (tabular equivalent),Low coverage — SIG has barely looked here … | we don't know (coverage too low) — with a count (e.g. 'CA-AB | 250'; max 2093),"legend: 'A grey hatched cell means SIG has barely looked; its count is suppressed, not shown as a low density'",web/src/pages/map.astro:196-228 @5c064881 (SVG hides; <td>{bin.deviceCount}</td> prints),"601 low-coverage cells print counts totalling 40,913 records; SVG <title> also carries the count",mismatch,docs/build/logs/next-phase/C3/html/page_map_.html#sha256:4e5bb4dd79a428a4; docs/build/logs/next-phase/C3/text/page_map_.txt#sha256:1f93e656ed964b9a,same at b051732c (map.astro:216-257)
C3-T319,https://surveillancegraph.org/map/,Coverage bins (tabular equivalent),column header 'Devices',device count per cell,density_bins deviceCount,observation-level records (not devices; not deduplicated),ambiguous-meaning,docs/build/logs/next-phase/C3/html/page_map_.html#sha256:4e5bb4dd79a428a4; docs/build/logs/next-phase/C3/text/page_map_.txt#sha256:1f93e656ed964b9a,methodology: 'never a device population'
C3-T320,https://surveillancegraph.org/map/,Coverage bins (tabular equivalent),column 'Jurisdiction' per H3 cell,jurisdiction of the cell's devices,density_bins jurisdiction,"per-jurisdiction sums of the column: CA 662, TX 1,855, FL 8,194, unresolved 186,499 vs dossier geolocated CA 6,139, TX 3,994, FL 8,001, unresolved 166,142",ambiguous-meaning,docs/build/logs/next-phase/C3/html/page_map_.html#sha256:4e5bb4dd79a428a4; docs/build/logs/next-phase/C3/text/page_map_.txt#sha256:1f93e656ed964b9a,one label per multi-jurisdiction cell
C3-T321,https://surveillancegraph.org/map/,Located assets (tabular equivalent),"54 per-jurisdiction counts (166142 unresolved, 8001 FL, 7049 GA, …) summing to 227335",geolocated observations per jurisdiction,sig_graph/jurisdictions.csv sites.count; parquet point_status=resolved,"54/54 equal; Σ 227,335",match,docs/build/logs/next-phase/C3/html/page_map_.html#sha256:4e5bb4dd79a428a4; docs/build/logs/next-phase/C3/text/page_map_.txt#sha256:1f93e656ed964b9a,
C3-T322,https://surveillancegraph.org/map/,Located assets (tabular equivalent),Showing the first 500 of 227335 located assets; the full set is in the export bundle and the API (SIG-UI-037),full set available in bulk and API,parquet; https://sig-api-e5ctyx36jq-uc.a.run.app/v1/export,"227,335 exact; the API export index lists only /exports/entities.parquet (no site bulk)",match,docs/build/logs/next-phase/C3/html/page_map_.html#sha256:4e5bb4dd79a428a4; docs/build/logs/next-phase/C3/text/page_map_.txt#sha256:1f93e656ed964b9a; docs/build/logs/next-phase/C3/api/api_v1_export.json#sha256:a2a9d273f2f68f83,count matches; 'and the API' unsupported
C3-T323,https://surveillancegraph.org/map/,Located assets row #113 (seed 20260930),WWD - US 30 @ MM 250.7 (C St SW) | IA | 0 | 41.925792 | -91.637324 | full_precision,one located asset,"*/sites.parquet (label, jurisdiction, tier, coordinates, precision)","match found (2 parquet rows at this point: same source dot_511_ia, 2 distinct entity_id)",match,docs/build/logs/next-phase/C3/html/page_map_.html#sha256:4e5bb4dd79a428a4; docs/build/logs/next-phase/C3/text/page_map_.txt#sha256:1f93e656ed964b9a; docs/build/logs/next-phase/C3/bucket/parquet/sig_graph.parquet#sha256:a338258fb4c45175,same-source exact-duplicate point (see DATA_TRUTH §4.9)
C3-T324,https://surveillancegraph.org/map/,Located assets row #157 (seed 20260930),I-80 @ MM 214.7 | IA | 0 | 41.692967 | -92.101666 | full_precision,one located asset,"*/sites.parquet (label, jurisdiction, tier, coordinates, precision)","match found (2 parquet rows at this point: same source dot_511_ia, 2 distinct entity_id)",match,docs/build/logs/next-phase/C3/html/page_map_.html#sha256:4e5bb4dd79a428a4; docs/build/logs/next-phase/C3/text/page_map_.txt#sha256:1f93e656ed964b9a; docs/build/logs/next-phase/C3/bucket/parquet/sig_graph.parquet#sha256:a338258fb4c45175,same-source exact-duplicate point (see DATA_TRUTH §4.9)
C3-T325,https://surveillancegraph.org/map/,Located assets row #207 (seed 20260930),D2 - I-35 @ MM 160 near Dows (D2TV08) | IA | 0 | 42.67369 | -93.45523 | full_precision,one located asset,"*/sites.parquet (label, jurisdiction, tier, coordinates, precision)","match found (2 parquet rows at this point: same source dot_511_ia, 2 distinct entity_id)",match,docs/build/logs/next-phase/C3/html/page_map_.html#sha256:4e5bb4dd79a428a4; docs/build/logs/next-phase/C3/text/page_map_.txt#sha256:1f93e656ed964b9a; docs/build/logs/next-phase/C3/bucket/parquet/sig_graph.parquet#sha256:a338258fb4c45175,same-source exact-duplicate point (see DATA_TRUTH §4.9)
C3-T326,https://surveillancegraph.org/map/,Located assets row #236 (seed 20260930),Rest Area: I-80 EB MM 19 near Underwood | IA | 0 | 41.401402 | -95.658716 | full_precision,one located asset,"*/sites.parquet (label, jurisdiction, tier, coordinates, precision)","match found (2 parquet rows at this point: same source dot_511_ia, 2 distinct entity_id)",match,docs/build/logs/next-phase/C3/html/page_map_.html#sha256:4e5bb4dd79a428a4; docs/build/logs/next-phase/C3/text/page_map_.txt#sha256:1f93e656ed964b9a; docs/build/logs/next-phase/C3/bucket/parquet/sig_graph.parquet#sha256:a338258fb4c45175,same-source exact-duplicate point (see DATA_TRUTH §4.9)
C3-T327,https://surveillancegraph.org/map/,Located assets row #256 (seed 20260930),WL - US 218 @ MM 180.3 (W 6th St) | IA | 0 | 42.491712 | -92.339464 | full_precision,one located asset,"*/sites.parquet (label, jurisdiction, tier, coordinates, precision)","match found (2 parquet rows at this point: same source dot_511_ia, 2 distinct entity_id)",match,docs/build/logs/next-phase/C3/html/page_map_.html#sha256:4e5bb4dd79a428a4; docs/build/logs/next-phase/C3/text/page_map_.txt#sha256:1f93e656ed964b9a; docs/build/logs/next-phase/C3/bucket/parquet/sig_graph.parquet#sha256:a338258fb4c45175,same-source exact-duplicate point (see DATA_TRUTH §4.9)
C3-T328,https://surveillancegraph.org/map/,Located assets row #322 (seed 20260930),IC - I-80 @ MM 238.8 (I-380 NB Flyover) | IA | 0 | 41.694045 | -91.636368 | full_precision,one located asset,"*/sites.parquet (label, jurisdiction, tier, coordinates, precision)","match found (2 parquet rows at this point: same source dot_511_ia, 2 distinct entity_id)",match,docs/build/logs/next-phase/C3/html/page_map_.html#sha256:4e5bb4dd79a428a4; docs/build/logs/next-phase/C3/text/page_map_.txt#sha256:1f93e656ed964b9a; docs/build/logs/next-phase/C3/bucket/parquet/sig_graph.parquet#sha256:a338258fb4c45175,same-source exact-duplicate point (see DATA_TRUTH §4.9)
C3-T329,https://surveillancegraph.org/map/,Located assets row #327 (seed 20260930),WL - I-380 @ MM 62.2 (Poyner Rd) | IA | 0 | 42.413256 | -92.172546 | full_precision,one located asset,"*/sites.parquet (label, jurisdiction, tier, coordinates, precision)","match found (2 parquet rows at this point: same source dot_511_ia, 2 distinct entity_id)",match,docs/build/logs/next-phase/C3/html/page_map_.html#sha256:4e5bb4dd79a428a4; docs/build/logs/next-phase/C3/text/page_map_.txt#sha256:1f93e656ed964b9a; docs/build/logs/next-phase/C3/bucket/parquet/sig_graph.parquet#sha256:a338258fb4c45175,same-source exact-duplicate point (see DATA_TRUTH §4.9)
C3-T330,https://surveillancegraph.org/map/,Located assets row #345 (seed 20260930),WL - US 63 @ MM 166.6 (Logan Ave @ Esther St - S) - C | IA | 0 | 42.521235 | -92.337882 | full_precision,one located asset,"*/sites.parquet (label, jurisdiction, tier, coordinates, precision)","match found (2 parquet rows at this point: same source dot_511_ia, 2 distinct entity_id)",match,docs/build/logs/next-phase/C3/html/page_map_.html#sha256:4e5bb4dd79a428a4; docs/build/logs/next-phase/C3/text/page_map_.txt#sha256:1f93e656ed964b9a; docs/build/logs/next-phase/C3/bucket/parquet/sig_graph.parquet#sha256:a338258fb4c45175,same-source exact-duplicate point (see DATA_TRUTH §4.9)
C3-T331,https://surveillancegraph.org/map/,Located assets row #364 (seed 20260930),RWIS - I-35 MM 187 @ Mason City | IA | 0 | 43.038 | -93.3418 | full_precision,one located asset,"*/sites.parquet (label, jurisdiction, tier, coordinates, precision)","match found (2 parquet rows at this point: same source dot_511_ia, 2 distinct entity_id)",match,docs/build/logs/next-phase/C3/html/page_map_.html#sha256:4e5bb4dd79a428a4; docs/build/logs/next-phase/C3/text/page_map_.txt#sha256:1f93e656ed964b9a; docs/build/logs/next-phase/C3/bucket/parquet/sig_graph.parquet#sha256:a338258fb4c45175,same-source exact-duplicate point (see DATA_TRUTH §4.9)
C3-T332,https://surveillancegraph.org/map/,Located assets row #373 (seed 20260930),CB - US 275 @ MM 56.6 (24th St) | IA | 0 | 41.218858 | -95.879552 | full_precision,one located asset,"*/sites.parquet (label, jurisdiction, tier, coordinates, precision)","match found (2 parquet rows at this point: same source dot_511_ia, 2 distinct entity_id)",match,docs/build/logs/next-phase/C3/html/page_map_.html#sha256:4e5bb4dd79a428a4; docs/build/logs/next-phase/C3/text/page_map_.txt#sha256:1f93e656ed964b9a; docs/build/logs/next-phase/C3/bucket/parquet/sig_graph.parquet#sha256:a338258fb4c45175,same-source exact-duplicate point (see DATA_TRUTH §4.9)
C3-T333,https://surveillancegraph.org/map/,Assets without a published point,16 indicators ('FL: 1964 assets with no published point.' …) summing to 5290; 5290 items marked ⚠Unresolved,assets with no published point,sig_graph/jurisdictions.csv conflicted_subjects; parquet point_status=conflicted,"16/16 equal; Σ 5,290",match,docs/build/logs/next-phase/C3/html/page_map_.html#sha256:4e5bb4dd79a428a4; docs/build/logs/next-phase/C3/text/page_map_.txt#sha256:1f93e656ed964b9a,
C3-T334,https://surveillancegraph.org/map/,How we know this (.sig-hwkt),"Artifacts 255 · Tier distribution 2245390×untiered, 2690×W1, 175114×W3 · Independent sources 218 · Date range 2020-01-28 – 2026-09-26 · Rules applied p27.3/1.0.0 · Human review Not yet human-reviewed",provenance of this page,provenance.json surfaces.site,site-wide values,ambiguous-meaning,docs/build/logs/next-phase/C3/html/page_map_.html#sha256:4e5bb4dd79a428a4; docs/build/logs/next-phase/C3/text/page_map_.txt#sha256:1f93e656ed964b9a,
C3-T335,https://surveillancegraph.org/network/,Centrality & hub statistics,01a0d751-…456e — degree: 130.00 (ego focus),undirected degree of the hub,web/analytics/centrality.json focus.degree=130; web/network.json (130 edges → this node),130,match,docs/build/logs/next-phase/C3/html/page_network_.html#sha256:4fedfe3164ad66b7; docs/build/logs/next-phase/C3/text/page_network_.txt#sha256:711db4ed2411f039; docs/build/logs/next-phase/C3/bucket/web/analytics/centrality.json#sha256:88b7d7614a318bd9; docs/build/logs/next-phase/C3/bucket/web/network.json#sha256:556101e6c2dfe490,
C3-T336,https://surveillancegraph.org/network/,Centrality & hub statistics,"131 degree lines (130 × 1.00, 1 × 130.00)",degree per node,centrality.json statistics (131),"131 (130×1, 1×130)",match,docs/build/logs/next-phase/C3/html/page_network_.html#sha256:4fedfe3164ad66b7; docs/build/logs/next-phase/C3/text/page_network_.txt#sha256:711db4ed2411f039,
C3-T337,https://surveillancegraph.org/network/,Access edges › Configured access,130 edges '… configured_access 01a0d751-…',configured-access edges,web/network.json edges (130); sig_graph/sharing_edges.csv,130 edges = 260 configured_access claims (2 per agency),match,docs/build/logs/next-phase/C3/html/page_network_.html#sha256:4fedfe3164ad66b7; docs/build/logs/next-phase/C3/text/page_network_.txt#sha256:711db4ed2411f039; docs/build/logs/next-phase/C3/bucket/sig_graph/sharing_edges.csv#sha256:1cb8b7e0c3246223,all 131 nodes labelled only by UUID
C3-T338,https://surveillancegraph.org/network/,Access edges › Observed use / Declared policy,No edges of this access type recorded (×2),0 observed-use and 0 declared-policy edges,web/network.json; sig_graph/sharing_edges.csv,"0 and 0 in network.json; sharing_edges.csv also holds 372 'unclassified' sharing claims (370 sharing_partner_degree, 2 sharing_restriction from okcpd_policy) that the page neither shows nor counts",ambiguous-meaning,docs/build/logs/next-phase/C3/html/page_network_.html#sha256:4fedfe3164ad66b7; docs/build/logs/next-phase/C3/text/page_network_.txt#sha256:711db4ed2411f039; docs/build/logs/next-phase/C3/bucket/sig_graph/sharing_edges.csv#sha256:1cb8b7e0c3246223,
C3-T339,https://surveillancegraph.org/network/,Access edges › support,Support: weakly supported (1 of 4) · 1 evidence class · downgrade: BEST_CLAIM_W1 (×130),support of each edge,"network.json edges[*].support=WEAKLY_SUPPORTED, evidence_count=1",exact,match,docs/build/logs/next-phase/C3/html/page_network_.html#sha256:4fedfe3164ad66b7; docs/build/logs/next-phase/C3/text/page_network_.txt#sha256:711db4ed2411f039,
C3-T340,https://surveillancegraph.org/network/,Access-path closure,No access paths documented yet,0 multi-hop paths,network.json access_paths=[],0,match,docs/build/logs/next-phase/C3/html/page_network_.html#sha256:4fedfe3164ad66b7; docs/build/logs/next-phase/C3/text/page_network_.txt#sha256:711db4ed2411f039,
C3-T341,https://surveillancegraph.org/network/,How we know this (.sig-hwkt),"Artifacts 255 · Tier distribution 2245390×untiered, 2690×W1, 175114×W3 · Independent sources 218 · Date range 2020-01-28 – 2026-09-26 · Rules applied p27.3/1.0.0 · Human review Not yet human-reviewed",provenance of this page,provenance.json surfaces.site,site-wide values; network-specific: 260 claims from 1 source family + 2 sharing sources,ambiguous-meaning,docs/build/logs/next-phase/C3/html/page_network_.html#sha256:4fedfe3164ad66b7; docs/build/logs/next-phase/C3/text/page_network_.txt#sha256:711db4ed2411f039,
C3-T342,https://surveillancegraph.org/dossier/,index,55 entries 'Surveillance infrastructure — <CODE> … as of 2026-09-27',every jurisdiction researched to a publishable standard,web/dossier_index.json (55; asOf 2026-09-27),"55 incl. 'unresolved'; codes only, no names",ambiguous-meaning,docs/build/logs/next-phase/C3/html/page_dossier_.html#sha256:96e38ff8df6c6a55; docs/build/logs/next-phase/C3/text/page_dossier_.txt#sha256:a55c569c7db914db,see home row 1
C3-T343,https://surveillancegraph.org/dossier/,How we know this (.sig-hwkt),"Artifacts 255 · Tier distribution 2245390×untiered, 2690×W1, 175114×W3 · Independent sources 218 · Date range 2020-01-28 – 2026-09-26 · Rules applied p27.3/1.0.0 · Human review Not yet human-reviewed",provenance of this page,provenance.json surfaces.site,site-wide values,ambiguous-meaning,docs/build/logs/next-phase/C3/html/page_dossier_.html#sha256:96e38ff8df6c6a55; docs/build/logs/next-phase/C3/text/page_dossier_.txt#sha256:a55c569c7db914db,
C3-T344,https://surveillancegraph.org/dossier/unresolved/,incompleteness banner (.sig-incompleteness) (protocol sample),This dossier has 1 unresearched field. The absence of a row is not evidence of absence.,number of fields SIG has not researched,dossier JSON unresearched_field_count=1 (= NOT_RESEARCHED gaps; web/src/lib/dossier.ts:349-360),"1 NOT_RESEARCHED gap, plus 12 fields rendered 'unknown' (auto-renews, notice window, contract expiry, next decision date, state statute, local ordinance, disclosure duties, approving body, vote, consent agenda, public comment, date) + 5 empty sections (At a glance, Who else can see the data, Configuration and retention, Usage, Timeline)",mismatch,docs/build/logs/next-phase/C3/html/dossier_unresolved.html#sha256:9575543c7136a2dc; docs/build/logs/next-phase/C3/text/dossier_unresolved.txt#sha256:613d87c7eb2f5243,banner counts gap rows only; null fields carry no absence kind
C3-T345,https://surveillancegraph.org/dossier/unresolved/,What is deployed (.sig-dossier-row) (protocol sample),Geolocated site observations: 166142 of 166210 evaluable geolocated site observations in unresolved,geolocated site observations located in unresolved,web/dossiers.json; sig_graph/jurisdictions.csv sites; */sites.parquet,parquet: 166142 resolved of 166210 distinct entities with jurisdiction=unresolved (exact),match,docs/build/logs/next-phase/C3/html/dossier_unresolved.html#sha256:9575543c7136a2dc; docs/build/logs/next-phase/C3/text/dossier_unresolved.txt#sha256:613d87c7eb2f5243; docs/build/logs/next-phase/C3/json/dossier_unresolved.json#sha256:1c7192aaaca0da58,"the bucket holds 71.4% of all observation-level records (osm_physical 154,528 + operator_accepted 11,682)"
C3-T346,https://surveillancegraph.org/dossier/unresolved/,Where the hardware is (protocol sample),Publishable subjects in this jurisdiction: 166210,publishable subjects,dossiers.json; jurisdictions.csv subjects; parquet count(distinct entity_id),166210 (exact),match,docs/build/logs/next-phase/C3/html/dossier_unresolved.html#sha256:9575543c7136a2dc; docs/build/logs/next-phase/C3/text/dossier_unresolved.txt#sha256:613d87c7eb2f5243,
C3-T347,https://surveillancegraph.org/dossier/unresolved/,How we know this (dossier row) (protocol sample),"Sources: camreg_[personal-handle id redacted], camreg_amber_kh, camreg_arc_1975641302, camreg_avctransport, camreg_[personal-handle id redacted], camreg_camilo_schools, camreg_[personal-handle id redacted], camreg_[personal-handle id redacted], camreg_colgis, camreg_cotgeo,…",the sources this dossier rests on,dossiers.json source_families; jurisdictions.csv source_ids; parquet distinct source_id,58 source ids (exact set),match,docs/build/logs/next-phase/C3/html/dossier_unresolved.html#sha256:9575543c7136a2dc; docs/build/logs/next-phase/C3/text/dossier_unresolved.txt#sha256:613d87c7eb2f5243,raw snake_case source keys; several look like personal account names (see finding)
C3-T348,https://surveillancegraph.org/dossier/unresolved/,What we don't know (protocol sample),Data-sharing partners — NOT_RESEARCHED; Subjects with conflicting coordinate evidence — UNRESOLVED,open gaps,dossiers.json gaps; jurisdictions.csv conflicted_subjects,UNRESOLVED gap present iff conflicted_subjects>0 (=68) — consistent,match,docs/build/logs/next-phase/C3/html/dossier_unresolved.html#sha256:9575543c7136a2dc; docs/build/logs/next-phase/C3/text/dossier_unresolved.txt#sha256:613d87c7eb2f5243,
C3-T349,https://surveillancegraph.org/dossier/unresolved/,"How we know this (.sig-hwkt, site-wide component) (protocol sample)","Artifacts 255 · Tier distribution 2245390×untiered, 2690×W1, 175114×W3 · Independent sources 218 · Date range 2020-01-28 – 2026-09-26 · Rules applied p27.3/1.0.0 · Human review Not yet human-reviewed",provenance of the unresolved dossier,provenance.json surfaces.site (national; BaseLayout.astro:43 default),"page-specific: 58 source ids, 58 evidence artifacts from those sources; tier distribution/date range not computable per dossier from public data",mismatch,docs/build/logs/next-phase/C3/html/dossier_unresolved.html#sha256:9575543c7136a2dc; docs/build/logs/next-phase/C3/text/dossier_unresolved.txt#sha256:613d87c7eb2f5243,same national block on every dossier (SIG-UI-044 requires page-specific)
C3-T350,https://surveillancegraph.org/dossier/unresolved/,Cite this page (protocol sample),"As of world 2026-09-27, belief 2026-09-27; ruleset p27.3/1.0.0",as-of pair,dossiers.json asOf; manifest reproducibility_inputs,2026-09-27 / 2026-09-27 / p27.3/1.0.0; belief_pinned=false,match,docs/build/logs/next-phase/C3/html/dossier_unresolved.html#sha256:9575543c7136a2dc; docs/build/logs/next-phase/C3/text/dossier_unresolved.txt#sha256:613d87c7eb2f5243,
C3-T351,https://surveillancegraph.org/dossier/unresolved.json,JSON (API form) (protocol sample),"rows, source_families, gaps, as_of, ruleset, unresearched_field_count",machine-readable twin of the page,web/dossiers.json entry (different schema),"all values equal (rows, sources, gaps, as-of, ruleset)",match,docs/build/logs/next-phase/C3/json/dossier_unresolved.json#sha256:1c7192aaaca0da58,no licence/attribution field in the JSON
C3-T352,https://surveillancegraph.org/dossier/unresolved/print/,print view (protocol sample),166142 of 166210 evaluable geolocated site observations in unresolved · Publishable subjects 166210,print twin,dossiers.json,equal; print omits the site-wide How-we-know-this block,match,docs/build/logs/next-phase/C3/html/dossier_unresolved_print.html#sha256:44db995a537cf95b,
C3-T353,https://sig-api-e5ctyx36jq-uc.a.run.app/v1/dossier/unresolved,API dossier (protocol sample),"title 'Dossier for unresolved'; 25 subject ids; sources bacy, decp_fr, deflock, madada, ok_statute, okc-contract-c241032, okcpd_policy, osm, osm_overpass, raa_prefectures",the unresolved dossier,live API 2026-09-30T17:07Z; api/src/api/store_pg.py:927-956 (scope not an entity → first 25 tier-0 subjects in the spine),"site: 166210 subjects, sources camreg_[personal-handle id redacted], camreg_amber_kh, camreg_arc_1975641302, camreg_avctransport…; API returns the same 25 subjects and 10 sources for all 11 scopes",mismatch,docs/build/logs/next-phase/C3/api/api_v1_dossier_unresolved.json#sha256:ef9b929b982f4241,"not linked from the site; public, unauthenticated, documented in /openapi.json"
C3-T354,https://surveillancegraph.org/dossier/fl/,incompleteness banner (.sig-incompleteness) (protocol sample),This dossier has 1 unresearched field. The absence of a row is not evidence of absence.,number of fields SIG has not researched,dossier JSON unresearched_field_count=1 (= NOT_RESEARCHED gaps; web/src/lib/dossier.ts:349-360),"1 NOT_RESEARCHED gap, plus 12 fields rendered 'unknown' (auto-renews, notice window, contract expiry, next decision date, state statute, local ordinance, disclosure duties, approving body, vote, consent agenda, public comment, date) + 5 empty sections (At a glance, Who else can see the data, Configuration and retention, Usage, Timeline)",mismatch,docs/build/logs/next-phase/C3/html/dossier_fl.html#sha256:8f79a57ad5fdd59f; docs/build/logs/next-phase/C3/text/dossier_fl.txt#sha256:a5d63a464510aef6,banner counts gap rows only; null fields carry no absence kind
C3-T355,https://surveillancegraph.org/dossier/fl/,What is deployed (.sig-dossier-row) (protocol sample),Geolocated site observations: 8001 of 9965 evaluable geolocated site observations in FL,geolocated site observations located in FL,web/dossiers.json; sig_graph/jurisdictions.csv sites; */sites.parquet,parquet: 8001 resolved of 9965 distinct entities with jurisdiction=FL (exact),match,docs/build/logs/next-phase/C3/html/dossier_fl.html#sha256:8f79a57ad5fdd59f; docs/build/logs/next-phase/C3/text/dossier_fl.txt#sha256:a5d63a464510aef6; docs/build/logs/next-phase/C3/json/dossier_fl.json#sha256:f4ae800a1b339b66,"3 of 8,001 'geolocated' points are at (0,0) (camreg_fl511_fl)"
C3-T356,https://surveillancegraph.org/dossier/fl/,Where the hardware is (protocol sample),Publishable subjects in this jurisdiction: 9965,publishable subjects,dossiers.json; jurisdictions.csv subjects; parquet count(distinct entity_id),9965 (exact),match,docs/build/logs/next-phase/C3/html/dossier_fl.html#sha256:8f79a57ad5fdd59f; docs/build/logs/next-phase/C3/text/dossier_fl.txt#sha256:a5d63a464510aef6,
C3-T357,https://surveillancegraph.org/dossier/fl/,How we know this (dossier row) (protocol sample),"Sources: camreg_fl511_fl, camreg_gainesville_fl, camreg_leon_fl, camreg_sarasota_fl",the sources this dossier rests on,dossiers.json source_families; jurisdictions.csv source_ids; parquet distinct source_id,4 source ids (exact set),match,docs/build/logs/next-phase/C3/html/dossier_fl.html#sha256:8f79a57ad5fdd59f; docs/build/logs/next-phase/C3/text/dossier_fl.txt#sha256:a5d63a464510aef6,
C3-T358,https://surveillancegraph.org/dossier/fl/,What we don't know (protocol sample),Data-sharing partners — NOT_RESEARCHED; Subjects with conflicting coordinate evidence — UNRESOLVED,open gaps,dossiers.json gaps; jurisdictions.csv conflicted_subjects,UNRESOLVED gap present iff conflicted_subjects>0 (=1964) — consistent,match,docs/build/logs/next-phase/C3/html/dossier_fl.html#sha256:8f79a57ad5fdd59f; docs/build/logs/next-phase/C3/text/dossier_fl.txt#sha256:a5d63a464510aef6,
C3-T359,https://surveillancegraph.org/dossier/fl/,"How we know this (.sig-hwkt, site-wide component) (protocol sample)","Artifacts 255 · Tier distribution 2245390×untiered, 2690×W1, 175114×W3 · Independent sources 218 · Date range 2020-01-28 – 2026-09-26 · Rules applied p27.3/1.0.0 · Human review Not yet human-reviewed",provenance of the FL dossier,provenance.json surfaces.site (national; BaseLayout.astro:43 default),"page-specific: 4 source ids, 4 evidence artifacts from those sources; tier distribution/date range not computable per dossier from public data",mismatch,docs/build/logs/next-phase/C3/html/dossier_fl.html#sha256:8f79a57ad5fdd59f; docs/build/logs/next-phase/C3/text/dossier_fl.txt#sha256:a5d63a464510aef6,same national block on every dossier (SIG-UI-044 requires page-specific)
C3-T360,https://surveillancegraph.org/dossier/fl/,Cite this page (protocol sample),"As of world 2026-09-27, belief 2026-09-27; ruleset p27.3/1.0.0",as-of pair,dossiers.json asOf; manifest reproducibility_inputs,2026-09-27 / 2026-09-27 / p27.3/1.0.0; belief_pinned=false,match,docs/build/logs/next-phase/C3/html/dossier_fl.html#sha256:8f79a57ad5fdd59f; docs/build/logs/next-phase/C3/text/dossier_fl.txt#sha256:a5d63a464510aef6,
C3-T361,https://surveillancegraph.org/dossier/fl.json,JSON (API form) (protocol sample),"rows, source_families, gaps, as_of, ruleset, unresearched_field_count",machine-readable twin of the page,web/dossiers.json entry (different schema),"all values equal (rows, sources, gaps, as-of, ruleset)",match,docs/build/logs/next-phase/C3/json/dossier_fl.json#sha256:f4ae800a1b339b66,no licence/attribution field in the JSON
C3-T362,https://surveillancegraph.org/dossier/fl/print/,print view (protocol sample),8001 of 9965 evaluable geolocated site observations in FL · Publishable subjects 9965,print twin,dossiers.json,equal; print omits the site-wide How-we-know-this block,match,docs/build/logs/next-phase/C3/html/dossier_fl_print.html#sha256:aba7768a436da8d9,
C3-T363,https://sig-api-e5ctyx36jq-uc.a.run.app/v1/dossier/fl,API dossier (protocol sample),"title 'Dossier for fl'; 25 subject ids; sources bacy, decp_fr, deflock, madada, ok_statute, okc-contract-c241032, okcpd_policy, osm, osm_overpass, raa_prefectures",the FL dossier,live API 2026-09-30T17:07Z; api/src/api/store_pg.py:927-956 (scope not an entity → first 25 tier-0 subjects in the spine),"site: 9965 subjects, sources camreg_fl511_fl, camreg_gainesville_fl, camreg_leon_fl, camreg_sarasota_fl; API returns the same 25 subjects and 10 sources for all 11 scopes",mismatch,docs/build/logs/next-phase/C3/api/api_v1_dossier_fl.json#sha256:3bc7a0e26301d2fb,"not linked from the site; public, unauthenticated, documented in /openapi.json"
C3-T364,https://surveillancegraph.org/dossier/tx/,incompleteness banner (.sig-incompleteness) (protocol sample),This dossier has 1 unresearched field. The absence of a row is not evidence of absence.,number of fields SIG has not researched,dossier JSON unresearched_field_count=1 (= NOT_RESEARCHED gaps; web/src/lib/dossier.ts:349-360),"1 NOT_RESEARCHED gap, plus 12 fields rendered 'unknown' (auto-renews, notice window, contract expiry, next decision date, state statute, local ordinance, disclosure duties, approving body, vote, consent agenda, public comment, date) + 5 empty sections (At a glance, Who else can see the data, Configuration and retention, Usage, Timeline)",mismatch,docs/build/logs/next-phase/C3/html/dossier_tx.html#sha256:f64909532ebeb437; docs/build/logs/next-phase/C3/text/dossier_tx.txt#sha256:64442929be19fcc2,banner counts gap rows only; null fields carry no absence kind
C3-T365,https://surveillancegraph.org/dossier/tx/,What is deployed (.sig-dossier-row) (protocol sample),Geolocated site observations: 3994 of 3996 evaluable geolocated site observations in TX,geolocated site observations located in TX,web/dossiers.json; sig_graph/jurisdictions.csv sites; */sites.parquet,parquet: 3994 resolved of 3996 distinct entities with jurisdiction=TX (exact),match,docs/build/logs/next-phase/C3/html/dossier_tx.html#sha256:f64909532ebeb437; docs/build/logs/next-phase/C3/text/dossier_tx.txt#sha256:64442929be19fcc2; docs/build/logs/next-phase/C3/json/dossier_tx.json#sha256:89bc46bc2208b3b2,46 same-source+point+label duplicates
C3-T366,https://surveillancegraph.org/dossier/tx/,Where the hardware is (protocol sample),Publishable subjects in this jurisdiction: 3996,publishable subjects,dossiers.json; jurisdictions.csv subjects; parquet count(distinct entity_id),3996 (exact),match,docs/build/logs/next-phase/C3/html/dossier_tx.html#sha256:f64909532ebeb437; docs/build/logs/next-phase/C3/text/dossier_tx.txt#sha256:64442929be19fcc2,
C3-T367,https://surveillancegraph.org/dossier/tx/,How we know this (dossier row) (protocol sample),"Sources: camreg_austin_tx, camreg_friendswood_tx, camreg_mctx_tx, camreg_txdot_rep_tx",the sources this dossier rests on,dossiers.json source_families; jurisdictions.csv source_ids; parquet distinct source_id,4 source ids (exact set),match,docs/build/logs/next-phase/C3/html/dossier_tx.html#sha256:f64909532ebeb437; docs/build/logs/next-phase/C3/text/dossier_tx.txt#sha256:64442929be19fcc2,
C3-T368,https://surveillancegraph.org/dossier/tx/,What we don't know (protocol sample),Data-sharing partners — NOT_RESEARCHED; Subjects with conflicting coordinate evidence — UNRESOLVED,open gaps,dossiers.json gaps; jurisdictions.csv conflicted_subjects,UNRESOLVED gap present iff conflicted_subjects>0 (=2) — consistent,match,docs/build/logs/next-phase/C3/html/dossier_tx.html#sha256:f64909532ebeb437; docs/build/logs/next-phase/C3/text/dossier_tx.txt#sha256:64442929be19fcc2,
C3-T369,https://surveillancegraph.org/dossier/tx/,"How we know this (.sig-hwkt, site-wide component) (protocol sample)","Artifacts 255 · Tier distribution 2245390×untiered, 2690×W1, 175114×W3 · Independent sources 218 · Date range 2020-01-28 – 2026-09-26 · Rules applied p27.3/1.0.0 · Human review Not yet human-reviewed",provenance of the TX dossier,provenance.json surfaces.site (national; BaseLayout.astro:43 default),"page-specific: 4 source ids, 5 evidence artifacts from those sources; tier distribution/date range not computable per dossier from public data",mismatch,docs/build/logs/next-phase/C3/html/dossier_tx.html#sha256:f64909532ebeb437; docs/build/logs/next-phase/C3/text/dossier_tx.txt#sha256:64442929be19fcc2,same national block on every dossier (SIG-UI-044 requires page-specific)
C3-T370,https://surveillancegraph.org/dossier/tx/,Cite this page (protocol sample),"As of world 2026-09-27, belief 2026-09-27; ruleset p27.3/1.0.0",as-of pair,dossiers.json asOf; manifest reproducibility_inputs,2026-09-27 / 2026-09-27 / p27.3/1.0.0; belief_pinned=false,match,docs/build/logs/next-phase/C3/html/dossier_tx.html#sha256:f64909532ebeb437; docs/build/logs/next-phase/C3/text/dossier_tx.txt#sha256:64442929be19fcc2,
C3-T371,https://surveillancegraph.org/dossier/tx.json,JSON (API form) (protocol sample),"rows, source_families, gaps, as_of, ruleset, unresearched_field_count",machine-readable twin of the page,web/dossiers.json entry (different schema),"all values equal (rows, sources, gaps, as-of, ruleset)",match,docs/build/logs/next-phase/C3/json/dossier_tx.json#sha256:89bc46bc2208b3b2,no licence/attribution field in the JSON
C3-T372,https://surveillancegraph.org/dossier/tx/print/,print view (protocol sample),3994 of 3996 evaluable geolocated site observations in TX · Publishable subjects 3996,print twin,dossiers.json,equal; print omits the site-wide How-we-know-this block,match,docs/build/logs/next-phase/C3/html/dossier_tx_print.html#sha256:93b32f055a156dab,
C3-T373,https://sig-api-e5ctyx36jq-uc.a.run.app/v1/dossier/tx,API dossier (protocol sample),"title 'Dossier for tx'; 25 subject ids; sources bacy, decp_fr, deflock, madada, ok_statute, okc-contract-c241032, okcpd_policy, osm, osm_overpass, raa_prefectures",the TX dossier,live API 2026-09-30T17:07Z; api/src/api/store_pg.py:927-956 (scope not an entity → first 25 tier-0 subjects in the spine),"site: 3996 subjects, sources camreg_austin_tx, camreg_friendswood_tx, camreg_mctx_tx, camreg_txdot_rep_tx; API returns the same 25 subjects and 10 sources for all 11 scopes",mismatch,docs/build/logs/next-phase/C3/api/api_v1_dossier_tx.json#sha256:504c6a1bb734ccd0,"not linked from the site; public, unauthenticated, documented in /openapi.json"
C3-T374,https://surveillancegraph.org/dossier/md/,incompleteness banner (.sig-incompleteness) (protocol sample),This dossier has 1 unresearched field. The absence of a row is not evidence of absence.,number of fields SIG has not researched,dossier JSON unresearched_field_count=1 (= NOT_RESEARCHED gaps; web/src/lib/dossier.ts:349-360),"1 NOT_RESEARCHED gap, plus 12 fields rendered 'unknown' (auto-renews, notice window, contract expiry, next decision date, state statute, local ordinance, disclosure duties, approving body, vote, consent agenda, public comment, date) + 5 empty sections (At a glance, Who else can see the data, Configuration and retention, Usage, Timeline)",mismatch,docs/build/logs/next-phase/C3/html/dossier_md.html#sha256:306e2d93b09fdfbc; docs/build/logs/next-phase/C3/text/dossier_md.txt#sha256:876cca572778bd41,banner counts gap rows only; null fields carry no absence kind
C3-T375,https://surveillancegraph.org/dossier/md/,What is deployed (.sig-dossier-row) (protocol sample),Geolocated site observations: 2752 of 2753 evaluable geolocated site observations in MD,geolocated site observations located in MD,web/dossiers.json; sig_graph/jurisdictions.csv sites; */sites.parquet,parquet: 2752 resolved of 2753 distinct entities with jurisdiction=MD (exact),match,docs/build/logs/next-phase/C3/html/dossier_md.html#sha256:306e2d93b09fdfbc; docs/build/logs/next-phase/C3/text/dossier_md.txt#sha256:876cca572778bd41; docs/build/logs/next-phase/C3/json/dossier_md.json#sha256:dc426c255d36678c,467 MD entities repeat another same-source entity's exact point and label
C3-T376,https://surveillancegraph.org/dossier/md/,Where the hardware is (protocol sample),Publishable subjects in this jurisdiction: 2753,publishable subjects,dossiers.json; jurisdictions.csv subjects; parquet count(distinct entity_id),2753 (exact),match,docs/build/logs/next-phase/C3/html/dossier_md.html#sha256:306e2d93b09fdfbc; docs/build/logs/next-phase/C3/text/dossier_md.txt#sha256:876cca572778bd41,
C3-T377,https://surveillancegraph.org/dossier/md/,How we know this (dossier row) (protocol sample),"Sources: camreg_baltimore_atves_md, camreg_baltimore_md, camreg_md_opendata, camreg_pgcounty_md, camreg_umbc_md, camreg_uofmd_md, dot_511_md",the sources this dossier rests on,dossiers.json source_families; jurisdictions.csv source_ids; parquet distinct source_id,7 source ids (exact set),match,docs/build/logs/next-phase/C3/html/dossier_md.html#sha256:306e2d93b09fdfbc; docs/build/logs/next-phase/C3/text/dossier_md.txt#sha256:876cca572778bd41,
C3-T378,https://surveillancegraph.org/dossier/md/,What we don't know (protocol sample),Data-sharing partners — NOT_RESEARCHED; Subjects with conflicting coordinate evidence — UNRESOLVED,open gaps,dossiers.json gaps; jurisdictions.csv conflicted_subjects,UNRESOLVED gap present iff conflicted_subjects>0 (=1) — consistent,match,docs/build/logs/next-phase/C3/html/dossier_md.html#sha256:306e2d93b09fdfbc; docs/build/logs/next-phase/C3/text/dossier_md.txt#sha256:876cca572778bd41,
C3-T379,https://surveillancegraph.org/dossier/md/,"How we know this (.sig-hwkt, site-wide component) (protocol sample)","Artifacts 255 · Tier distribution 2245390×untiered, 2690×W1, 175114×W3 · Independent sources 218 · Date range 2020-01-28 – 2026-09-26 · Rules applied p27.3/1.0.0 · Human review Not yet human-reviewed",provenance of the MD dossier,provenance.json surfaces.site (national; BaseLayout.astro:43 default),"page-specific: 7 source ids, 8 evidence artifacts from those sources; tier distribution/date range not computable per dossier from public data",mismatch,docs/build/logs/next-phase/C3/html/dossier_md.html#sha256:306e2d93b09fdfbc; docs/build/logs/next-phase/C3/text/dossier_md.txt#sha256:876cca572778bd41,same national block on every dossier (SIG-UI-044 requires page-specific)
C3-T380,https://surveillancegraph.org/dossier/md/,Cite this page (protocol sample),"As of world 2026-09-27, belief 2026-09-27; ruleset p27.3/1.0.0",as-of pair,dossiers.json asOf; manifest reproducibility_inputs,2026-09-27 / 2026-09-27 / p27.3/1.0.0; belief_pinned=false,match,docs/build/logs/next-phase/C3/html/dossier_md.html#sha256:306e2d93b09fdfbc; docs/build/logs/next-phase/C3/text/dossier_md.txt#sha256:876cca572778bd41,
C3-T381,https://surveillancegraph.org/dossier/md.json,JSON (API form) (protocol sample),"rows, source_families, gaps, as_of, ruleset, unresearched_field_count",machine-readable twin of the page,web/dossiers.json entry (different schema),"all values equal (rows, sources, gaps, as-of, ruleset)",match,docs/build/logs/next-phase/C3/json/dossier_md.json#sha256:dc426c255d36678c,no licence/attribution field in the JSON
C3-T382,https://surveillancegraph.org/dossier/md/print/,print view (protocol sample),2752 of 2753 evaluable geolocated site observations in MD · Publishable subjects 2753,print twin,dossiers.json,equal; print omits the site-wide How-we-know-this block,match,docs/build/logs/next-phase/C3/html/dossier_md_print.html#sha256:45aa7bef2afeca26,
C3-T383,https://sig-api-e5ctyx36jq-uc.a.run.app/v1/dossier/md,API dossier (protocol sample),"title 'Dossier for md'; 25 subject ids; sources bacy, decp_fr, deflock, madada, ok_statute, okc-contract-c241032, okcpd_policy, osm, osm_overpass, raa_prefectures",the MD dossier,live API 2026-09-30T17:07Z; api/src/api/store_pg.py:927-956 (scope not an entity → first 25 tier-0 subjects in the spine),"site: 2753 subjects, sources camreg_baltimore_atves_md, camreg_baltimore_md, camreg_md_opendata, camreg_pgcounty_md…; API returns the same 25 subjects and 10 sources for all 11 scopes",mismatch,docs/build/logs/next-phase/C3/api/api_v1_dossier_md.json#sha256:c915fa7d17ba4e2a,"not linked from the site; public, unauthenticated, documented in /openapi.json"
C3-T384,https://surveillancegraph.org/dossier/pt/,incompleteness banner (.sig-incompleteness) (protocol sample),This dossier has 1 unresearched field. The absence of a row is not evidence of absence.,number of fields SIG has not researched,dossier JSON unresearched_field_count=1 (= NOT_RESEARCHED gaps; web/src/lib/dossier.ts:349-360),"1 NOT_RESEARCHED gap, plus 12 fields rendered 'unknown' (auto-renews, notice window, contract expiry, next decision date, state statute, local ordinance, disclosure duties, approving body, vote, consent agenda, public comment, date) + 5 empty sections (At a glance, Who else can see the data, Configuration and retention, Usage, Timeline)",mismatch,docs/build/logs/next-phase/C3/html/dossier_pt.html#sha256:cab78ca59bfee534; docs/build/logs/next-phase/C3/text/dossier_pt.txt#sha256:a081d7192d642695,banner counts gap rows only; null fields carry no absence kind
C3-T385,https://surveillancegraph.org/dossier/pt/,What is deployed (.sig-dossier-row) (protocol sample),Geolocated site observations: 0 of 1 evaluable geolocated site observations in PT,geolocated site observations located in PT,web/dossiers.json; sig_graph/jurisdictions.csv sites; */sites.parquet,parquet: 0 resolved of 1 distinct entities with jurisdiction=PT (exact),match,docs/build/logs/next-phase/C3/html/dossier_pt.html#sha256:cab78ca59bfee534; docs/build/logs/next-phase/C3/text/dossier_pt.txt#sha256:a081d7192d642695; docs/build/logs/next-phase/C3/json/dossier_pt.json#sha256:ca84678870495268,
C3-T386,https://surveillancegraph.org/dossier/pt/,Where the hardware is (protocol sample),Publishable subjects in this jurisdiction: 1,publishable subjects,dossiers.json; jurisdictions.csv subjects; parquet count(distinct entity_id),1 (exact),match,docs/build/logs/next-phase/C3/html/dossier_pt.html#sha256:cab78ca59bfee534; docs/build/logs/next-phase/C3/text/dossier_pt.txt#sha256:a081d7192d642695,
C3-T387,https://surveillancegraph.org/dossier/pt/,How we know this (dossier row) (protocol sample),Sources: camreg_apram_pt,the sources this dossier rests on,dossiers.json source_families; jurisdictions.csv source_ids; parquet distinct source_id,1 source ids (exact set),match,docs/build/logs/next-phase/C3/html/dossier_pt.html#sha256:cab78ca59bfee534; docs/build/logs/next-phase/C3/text/dossier_pt.txt#sha256:a081d7192d642695,
C3-T388,https://surveillancegraph.org/dossier/pt/,What we don't know (protocol sample),Data-sharing partners — NOT_RESEARCHED; Subjects with conflicting coordinate evidence — UNRESOLVED,open gaps,dossiers.json gaps; jurisdictions.csv conflicted_subjects,UNRESOLVED gap present iff conflicted_subjects>0 (=1) — consistent,match,docs/build/logs/next-phase/C3/html/dossier_pt.html#sha256:cab78ca59bfee534; docs/build/logs/next-phase/C3/text/dossier_pt.txt#sha256:a081d7192d642695,
C3-T389,https://surveillancegraph.org/dossier/pt/,"How we know this (.sig-hwkt, site-wide component) (protocol sample)","Artifacts 255 · Tier distribution 2245390×untiered, 2690×W1, 175114×W3 · Independent sources 218 · Date range 2020-01-28 – 2026-09-26 · Rules applied p27.3/1.0.0 · Human review Not yet human-reviewed",provenance of the PT dossier,provenance.json surfaces.site (national; BaseLayout.astro:43 default),"page-specific: 1 source ids, 1 evidence artifacts from those sources; tier distribution/date range not computable per dossier from public data",mismatch,docs/build/logs/next-phase/C3/html/dossier_pt.html#sha256:cab78ca59bfee534; docs/build/logs/next-phase/C3/text/dossier_pt.txt#sha256:a081d7192d642695,same national block on every dossier (SIG-UI-044 requires page-specific)
C3-T390,https://surveillancegraph.org/dossier/pt/,Cite this page (protocol sample),"As of world 2026-09-27, belief 2026-09-27; ruleset p27.3/1.0.0",as-of pair,dossiers.json asOf; manifest reproducibility_inputs,2026-09-27 / 2026-09-27 / p27.3/1.0.0; belief_pinned=false,match,docs/build/logs/next-phase/C3/html/dossier_pt.html#sha256:cab78ca59bfee534; docs/build/logs/next-phase/C3/text/dossier_pt.txt#sha256:a081d7192d642695,
C3-T391,https://surveillancegraph.org/dossier/pt.json,JSON (API form) (protocol sample),"rows, source_families, gaps, as_of, ruleset, unresearched_field_count",machine-readable twin of the page,web/dossiers.json entry (different schema),"all values equal (rows, sources, gaps, as-of, ruleset)",match,docs/build/logs/next-phase/C3/json/dossier_pt.json#sha256:ca84678870495268,no licence/attribution field in the JSON
C3-T392,https://surveillancegraph.org/dossier/pt/print/,print view (protocol sample),0 of 1 evaluable geolocated site observations in PT · Publishable subjects 1,print twin,dossiers.json,equal; print omits the site-wide How-we-know-this block,match,docs/build/logs/next-phase/C3/html/dossier_pt_print.html#sha256:929fdff223292083,
C3-T393,https://sig-api-e5ctyx36jq-uc.a.run.app/v1/dossier/pt,API dossier (protocol sample),"title 'Dossier for pt'; 25 subject ids; sources bacy, decp_fr, deflock, madada, ok_statute, okc-contract-c241032, okcpd_policy, osm, osm_overpass, raa_prefectures",the PT dossier,live API 2026-09-30T17:07Z; api/src/api/store_pg.py:927-956 (scope not an entity → first 25 tier-0 subjects in the spine),"site: 1 subjects, sources camreg_apram_pt; API returns the same 25 subjects and 10 sources for all 11 scopes",mismatch,docs/build/logs/next-phase/C3/api/api_v1_dossier_pt.json#sha256:09a20390dd3f1bc2,"not linked from the site; public, unauthenticated, documented in /openapi.json"
C3-T394,https://surveillancegraph.org/dossier/gb-eng/,incompleteness banner (.sig-incompleteness) (protocol sample),This dossier has 1 unresearched field. The absence of a row is not evidence of absence.,number of fields SIG has not researched,dossier JSON unresearched_field_count=1 (= NOT_RESEARCHED gaps; web/src/lib/dossier.ts:349-360),"1 NOT_RESEARCHED gap, plus 12 fields rendered 'unknown' (auto-renews, notice window, contract expiry, next decision date, state statute, local ordinance, disclosure duties, approving body, vote, consent agenda, public comment, date) + 5 empty sections (At a glance, Who else can see the data, Configuration and retention, Usage, Timeline)",mismatch,docs/build/logs/next-phase/C3/html/dossier_gb-eng.html#sha256:0954bc5e7010d59e; docs/build/logs/next-phase/C3/text/dossier_gb-eng.txt#sha256:09336c3852f8852a,banner counts gap rows only; null fields carry no absence kind
C3-T395,https://surveillancegraph.org/dossier/gb-eng/,What is deployed (.sig-dossier-row) (protocol sample),Geolocated site observations: 1661 of 1710 evaluable geolocated site observations in GB-ENG,geolocated site observations located in GB-ENG,web/dossiers.json; sig_graph/jurisdictions.csv sites; */sites.parquet,"parquet: 1661 resolved of 1710 distinct entities with jurisdiction=GB-ENG (exact); 562 of 1,661 points (camreg_nottingham_gb) have latitude/longitude swapped: lat −1.23…−1.11, lon 52.90…53.02 → plotted in the Indian Ocean off East Africa",mismatch,docs/build/logs/next-phase/C3/html/dossier_gb-eng.html#sha256:0954bc5e7010d59e; docs/build/logs/next-phase/C3/text/dossier_gb-eng.txt#sha256:09336c3852f8852a; docs/build/logs/next-phase/C3/json/dossier_gb-eng.json#sha256:43c9dfa91996018c,"the count is the sources' jurisdiction claim, not where the points are"
C3-T396,https://surveillancegraph.org/dossier/gb-eng/,Where the hardware is (protocol sample),Publishable subjects in this jurisdiction: 1710,publishable subjects,dossiers.json; jurisdictions.csv subjects; parquet count(distinct entity_id),1710 (exact),match,docs/build/logs/next-phase/C3/html/dossier_gb-eng.html#sha256:0954bc5e7010d59e; docs/build/logs/next-phase/C3/text/dossier_gb-eng.txt#sha256:09336c3852f8852a,
C3-T397,https://surveillancegraph.org/dossier/gb-eng/,How we know this (dossier row) (protocol sample),"Sources: camreg_bedford_gb, camreg_dover_gb, camreg_durham_gb, camreg_essex_gb, camreg_gedling_gb, camreg_guildford_gb, camreg_lambeth_gb, camreg_nottingham_gb, camreg_plymouth_gb, camreg_s…",the sources this dossier rests on,dossiers.json source_families; jurisdictions.csv source_ids; parquet distinct source_id,11 source ids (exact set),match,docs/build/logs/next-phase/C3/html/dossier_gb-eng.html#sha256:0954bc5e7010d59e; docs/build/logs/next-phase/C3/text/dossier_gb-eng.txt#sha256:09336c3852f8852a,
C3-T398,https://surveillancegraph.org/dossier/gb-eng/,What we don't know (protocol sample),Data-sharing partners — NOT_RESEARCHED; Subjects with conflicting coordinate evidence — UNRESOLVED,open gaps,dossiers.json gaps; jurisdictions.csv conflicted_subjects,UNRESOLVED gap present iff conflicted_subjects>0 (=49) — consistent,match,docs/build/logs/next-phase/C3/html/dossier_gb-eng.html#sha256:0954bc5e7010d59e; docs/build/logs/next-phase/C3/text/dossier_gb-eng.txt#sha256:09336c3852f8852a,
C3-T399,https://surveillancegraph.org/dossier/gb-eng/,"How we know this (.sig-hwkt, site-wide component) (protocol sample)","Artifacts 255 · Tier distribution 2245390×untiered, 2690×W1, 175114×W3 · Independent sources 218 · Date range 2020-01-28 – 2026-09-26 · Rules applied p27.3/1.0.0 · Human review Not yet human-reviewed",provenance of the GB-ENG dossier,provenance.json surfaces.site (national; BaseLayout.astro:43 default),"page-specific: 11 source ids, 12 evidence artifacts from those sources; tier distribution/date range not computable per dossier from public data",mismatch,docs/build/logs/next-phase/C3/html/dossier_gb-eng.html#sha256:0954bc5e7010d59e; docs/build/logs/next-phase/C3/text/dossier_gb-eng.txt#sha256:09336c3852f8852a,same national block on every dossier (SIG-UI-044 requires page-specific)
C3-T400,https://surveillancegraph.org/dossier/gb-eng/,Cite this page (protocol sample),"As of world 2026-09-27, belief 2026-09-27; ruleset p27.3/1.0.0",as-of pair,dossiers.json asOf; manifest reproducibility_inputs,2026-09-27 / 2026-09-27 / p27.3/1.0.0; belief_pinned=false,match,docs/build/logs/next-phase/C3/html/dossier_gb-eng.html#sha256:0954bc5e7010d59e; docs/build/logs/next-phase/C3/text/dossier_gb-eng.txt#sha256:09336c3852f8852a,
C3-T401,https://surveillancegraph.org/dossier/gb-eng.json,JSON (API form) (protocol sample),"rows, source_families, gaps, as_of, ruleset, unresearched_field_count",machine-readable twin of the page,web/dossiers.json entry (different schema),"all values equal (rows, sources, gaps, as-of, ruleset)",match,docs/build/logs/next-phase/C3/json/dossier_gb-eng.json#sha256:43c9dfa91996018c,no licence/attribution field in the JSON
C3-T402,https://surveillancegraph.org/dossier/gb-eng/print/,print view (protocol sample),1661 of 1710 evaluable geolocated site observations in GB-ENG · Publishable subjects 1710,print twin,dossiers.json,equal; print omits the site-wide How-we-know-this block,match,docs/build/logs/next-phase/C3/html/dossier_gb-eng_print.html#sha256:5d684d63c0be14a3,
C3-T403,https://sig-api-e5ctyx36jq-uc.a.run.app/v1/dossier/gb-eng,API dossier (protocol sample),"title 'Dossier for gb-eng'; 25 subject ids; sources bacy, decp_fr, deflock, madada, ok_statute, okc-contract-c241032, okcpd_policy, osm, osm_overpass, raa_prefectures",the GB-ENG dossier,live API 2026-09-30T17:07Z; api/src/api/store_pg.py:927-956 (scope not an entity → first 25 tier-0 subjects in the spine),"site: 1710 subjects, sources camreg_bedford_gb, camreg_dover_gb, camreg_durham_gb, camreg_essex_gb…; API returns the same 25 subjects and 10 sources for all 11 scopes",mismatch,docs/build/logs/next-phase/C3/api/api_v1_dossier_gb-eng.json#sha256:c48b98ad04be87b3,"not linked from the site; public, unauthenticated, documented in /openapi.json"
C3-T404,https://surveillancegraph.org/dossier/au-act/,incompleteness banner (.sig-incompleteness) (protocol sample),This dossier has 1 unresearched field. The absence of a row is not evidence of absence.,number of fields SIG has not researched,dossier JSON unresearched_field_count=1 (= NOT_RESEARCHED gaps; web/src/lib/dossier.ts:349-360),"1 NOT_RESEARCHED gap, plus 12 fields rendered 'unknown' (auto-renews, notice window, contract expiry, next decision date, state statute, local ordinance, disclosure duties, approving body, vote, consent agenda, public comment, date) + 5 empty sections (At a glance, Who else can see the data, Configuration and retention, Usage, Timeline)",mismatch,docs/build/logs/next-phase/C3/html/dossier_au-act.html#sha256:7af849b861efa3a1; docs/build/logs/next-phase/C3/text/dossier_au-act.txt#sha256:ae487fe66e3cf97d,banner counts gap rows only; null fields carry no absence kind
C3-T405,https://surveillancegraph.org/dossier/au-act/,What is deployed (.sig-dossier-row) (protocol sample),Geolocated site observations: 1299 of 1328 evaluable geolocated site observations in AU-ACT,geolocated site observations located in AU-ACT,web/dossiers.json; sig_graph/jurisdictions.csv sites; */sites.parquet,parquet: 1299 resolved of 1328 distinct entities with jurisdiction=AU-ACT (exact),match,docs/build/logs/next-phase/C3/html/dossier_au-act.html#sha256:7af849b861efa3a1; docs/build/logs/next-phase/C3/text/dossier_au-act.txt#sha256:ae487fe66e3cf97d; docs/build/logs/next-phase/C3/json/dossier_au-act.json#sha256:733bf73974b1e32b,
C3-T406,https://surveillancegraph.org/dossier/au-act/,Where the hardware is (protocol sample),Publishable subjects in this jurisdiction: 1328,publishable subjects,dossiers.json; jurisdictions.csv subjects; parquet count(distinct entity_id),1328 (exact),match,docs/build/logs/next-phase/C3/html/dossier_au-act.html#sha256:7af849b861efa3a1; docs/build/logs/next-phase/C3/text/dossier_au-act.txt#sha256:ae487fe66e3cf97d,
C3-T407,https://surveillancegraph.org/dossier/au-act/,How we know this (dossier row) (protocol sample),Sources: camreg_act_au,the sources this dossier rests on,dossiers.json source_families; jurisdictions.csv source_ids; parquet distinct source_id,1 source ids (exact set),match,docs/build/logs/next-phase/C3/html/dossier_au-act.html#sha256:7af849b861efa3a1; docs/build/logs/next-phase/C3/text/dossier_au-act.txt#sha256:ae487fe66e3cf97d,
C3-T408,https://surveillancegraph.org/dossier/au-act/,What we don't know (protocol sample),Data-sharing partners — NOT_RESEARCHED; Subjects with conflicting coordinate evidence — UNRESOLVED,open gaps,dossiers.json gaps; jurisdictions.csv conflicted_subjects,UNRESOLVED gap present iff conflicted_subjects>0 (=29) — consistent,match,docs/build/logs/next-phase/C3/html/dossier_au-act.html#sha256:7af849b861efa3a1; docs/build/logs/next-phase/C3/text/dossier_au-act.txt#sha256:ae487fe66e3cf97d,
C3-T409,https://surveillancegraph.org/dossier/au-act/,"How we know this (.sig-hwkt, site-wide component) (protocol sample)","Artifacts 255 · Tier distribution 2245390×untiered, 2690×W1, 175114×W3 · Independent sources 218 · Date range 2020-01-28 – 2026-09-26 · Rules applied p27.3/1.0.0 · Human review Not yet human-reviewed",provenance of the AU-ACT dossier,provenance.json surfaces.site (national; BaseLayout.astro:43 default),"page-specific: 1 source ids, 2 evidence artifacts from those sources; tier distribution/date range not computable per dossier from public data",mismatch,docs/build/logs/next-phase/C3/html/dossier_au-act.html#sha256:7af849b861efa3a1; docs/build/logs/next-phase/C3/text/dossier_au-act.txt#sha256:ae487fe66e3cf97d,same national block on every dossier (SIG-UI-044 requires page-specific)
C3-T410,https://surveillancegraph.org/dossier/au-act/,Cite this page (protocol sample),"As of world 2026-09-27, belief 2026-09-27; ruleset p27.3/1.0.0",as-of pair,dossiers.json asOf; manifest reproducibility_inputs,2026-09-27 / 2026-09-27 / p27.3/1.0.0; belief_pinned=false,match,docs/build/logs/next-phase/C3/html/dossier_au-act.html#sha256:7af849b861efa3a1; docs/build/logs/next-phase/C3/text/dossier_au-act.txt#sha256:ae487fe66e3cf97d,
C3-T411,https://surveillancegraph.org/dossier/au-act.json,JSON (API form) (protocol sample),"rows, source_families, gaps, as_of, ruleset, unresearched_field_count",machine-readable twin of the page,web/dossiers.json entry (different schema),"all values equal (rows, sources, gaps, as-of, ruleset)",match,docs/build/logs/next-phase/C3/json/dossier_au-act.json#sha256:733bf73974b1e32b,no licence/attribution field in the JSON
C3-T412,https://surveillancegraph.org/dossier/au-act/print/,print view (protocol sample),1299 of 1328 evaluable geolocated site observations in AU-ACT · Publishable subjects 1328,print twin,dossiers.json,equal; print omits the site-wide How-we-know-this block,match,docs/build/logs/next-phase/C3/html/dossier_au-act_print.html#sha256:a797648e1629c74c,
C3-T413,https://sig-api-e5ctyx36jq-uc.a.run.app/v1/dossier/au-act,API dossier (protocol sample),"title 'Dossier for au-act'; 25 subject ids; sources bacy, decp_fr, deflock, madada, ok_statute, okc-contract-c241032, okcpd_policy, osm, osm_overpass, raa_prefectures",the AU-ACT dossier,live API 2026-09-30T17:07Z; api/src/api/store_pg.py:927-956 (scope not an entity → first 25 tier-0 subjects in the spine),"site: 1328 subjects, sources camreg_act_au; API returns the same 25 subjects and 10 sources for all 11 scopes",mismatch,docs/build/logs/next-phase/C3/api/api_v1_dossier_au-act.json#sha256:85ff56a31ad47dc2,"not linked from the site; public, unauthenticated, documented in /openapi.json"
C3-T414,https://surveillancegraph.org/dossier/ca/,incompleteness banner (.sig-incompleteness) (protocol sample),This dossier has 1 unresearched field. The absence of a row is not evidence of absence.,number of fields SIG has not researched,dossier JSON unresearched_field_count=1 (= NOT_RESEARCHED gaps; web/src/lib/dossier.ts:349-360),"1 NOT_RESEARCHED gap, plus 12 fields rendered 'unknown' (auto-renews, notice window, contract expiry, next decision date, state statute, local ordinance, disclosure duties, approving body, vote, consent agenda, public comment, date) + 5 empty sections (At a glance, Who else can see the data, Configuration and retention, Usage, Timeline)",mismatch,docs/build/logs/next-phase/C3/html/dossier_ca.html#sha256:018fccc39db06e14; docs/build/logs/next-phase/C3/text/dossier_ca.txt#sha256:66e1a726e46ccc5f,banner counts gap rows only; null fields carry no absence kind
C3-T415,https://surveillancegraph.org/dossier/ca/,What is deployed (.sig-dossier-row) (protocol sample),Geolocated site observations: 6139 of 6139 evaluable geolocated site observations in CA,geolocated site observations located in CA,web/dossiers.json; sig_graph/jurisdictions.csv sites; */sites.parquet,"parquet: 6139 resolved of 6139 distinct entities with jurisdiction=CA (exact); 851 of 6,139 geolocated points lie outside California: camreg_trafficops_ca 838 at 28.35–28.80°N, 81.16–80.10°W (central Florida); camreg_caloes_ca 13 (35.2–46.8°N, 111.7–120.8°W)",mismatch,docs/build/logs/next-phase/C3/html/dossier_ca.html#sha256:018fccc39db06e14; docs/build/logs/next-phase/C3/text/dossier_ca.txt#sha256:66e1a726e46ccc5f; docs/build/logs/next-phase/C3/json/dossier_ca.json#sha256:7c098acac119709b,"63 same-source+point+label duplicates; the count is the sources' jurisdiction claim, not where the points are"
C3-T416,https://surveillancegraph.org/dossier/ca/,Where the hardware is (protocol sample),Publishable subjects in this jurisdiction: 6139,publishable subjects,dossiers.json; jurisdictions.csv subjects; parquet count(distinct entity_id),6139 (exact),match,docs/build/logs/next-phase/C3/html/dossier_ca.html#sha256:018fccc39db06e14; docs/build/logs/next-phase/C3/text/dossier_ca.txt#sha256:66e1a726e46ccc5f,
C3-T417,https://surveillancegraph.org/dossier/ca/,How we know this (dossier row) (protocol sample),"Sources: camreg_brea_ca, camreg_caloes_ca, camreg_palmdesert_ca, camreg_trafficops_ca",the sources this dossier rests on,dossiers.json source_families; jurisdictions.csv source_ids; parquet distinct source_id,4 source ids (exact set),match,docs/build/logs/next-phase/C3/html/dossier_ca.html#sha256:018fccc39db06e14; docs/build/logs/next-phase/C3/text/dossier_ca.txt#sha256:66e1a726e46ccc5f,
C3-T418,https://surveillancegraph.org/dossier/ca/,What we don't know (protocol sample),Data-sharing partners — NOT_RESEARCHED,open gaps,dossiers.json gaps; jurisdictions.csv conflicted_subjects,UNRESOLVED gap present iff conflicted_subjects>0 (=0) — consistent,match,docs/build/logs/next-phase/C3/html/dossier_ca.html#sha256:018fccc39db06e14; docs/build/logs/next-phase/C3/text/dossier_ca.txt#sha256:66e1a726e46ccc5f,
C3-T419,https://surveillancegraph.org/dossier/ca/,"How we know this (.sig-hwkt, site-wide component) (protocol sample)","Artifacts 255 · Tier distribution 2245390×untiered, 2690×W1, 175114×W3 · Independent sources 218 · Date range 2020-01-28 – 2026-09-26 · Rules applied p27.3/1.0.0 · Human review Not yet human-reviewed",provenance of the CA dossier,provenance.json surfaces.site (national; BaseLayout.astro:43 default),"page-specific: 4 source ids, 4 evidence artifacts from those sources; tier distribution/date range not computable per dossier from public data",mismatch,docs/build/logs/next-phase/C3/html/dossier_ca.html#sha256:018fccc39db06e14; docs/build/logs/next-phase/C3/text/dossier_ca.txt#sha256:66e1a726e46ccc5f,same national block on every dossier (SIG-UI-044 requires page-specific)
C3-T420,https://surveillancegraph.org/dossier/ca/,Cite this page (protocol sample),"As of world 2026-09-27, belief 2026-09-27; ruleset p27.3/1.0.0",as-of pair,dossiers.json asOf; manifest reproducibility_inputs,2026-09-27 / 2026-09-27 / p27.3/1.0.0; belief_pinned=false,match,docs/build/logs/next-phase/C3/html/dossier_ca.html#sha256:018fccc39db06e14; docs/build/logs/next-phase/C3/text/dossier_ca.txt#sha256:66e1a726e46ccc5f,
C3-T421,https://surveillancegraph.org/dossier/ca.json,JSON (API form) (protocol sample),"rows, source_families, gaps, as_of, ruleset, unresearched_field_count",machine-readable twin of the page,web/dossiers.json entry (different schema),"all values equal (rows, sources, gaps, as-of, ruleset)",match,docs/build/logs/next-phase/C3/json/dossier_ca.json#sha256:7c098acac119709b,no licence/attribution field in the JSON
C3-T422,https://surveillancegraph.org/dossier/ca/print/,print view (protocol sample),6139 of 6139 evaluable geolocated site observations in CA · Publishable subjects 6139,print twin,dossiers.json,equal; print omits the site-wide How-we-know-this block,match,docs/build/logs/next-phase/C3/html/dossier_ca_print.html#sha256:c2bf298650e849c6,
C3-T423,https://sig-api-e5ctyx36jq-uc.a.run.app/v1/dossier/ca,API dossier (protocol sample),"title 'Dossier for ca'; 25 subject ids; sources bacy, decp_fr, deflock, madada, ok_statute, okc-contract-c241032, okcpd_policy, osm, osm_overpass, raa_prefectures",the CA dossier,live API 2026-09-30T17:07Z; api/src/api/store_pg.py:927-956 (scope not an entity → first 25 tier-0 subjects in the spine),"site: 6139 subjects, sources camreg_brea_ca, camreg_caloes_ca, camreg_palmdesert_ca, camreg_trafficops_ca; API returns the same 25 subjects and 10 sources for all 11 scopes",mismatch,docs/build/logs/next-phase/C3/api/api_v1_dossier_ca.json#sha256:c175dcad0f387cc0,"not linked from the site; public, unauthenticated, documented in /openapi.json"
C3-T424,https://surveillancegraph.org/dossier/il/,incompleteness banner (.sig-incompleteness) (C3 pick: large US state),This dossier has 1 unresearched field. The absence of a row is not evidence of absence.,number of fields SIG has not researched,dossier JSON unresearched_field_count=1 (= NOT_RESEARCHED gaps; web/src/lib/dossier.ts:349-360),"1 NOT_RESEARCHED gap, plus 12 fields rendered 'unknown' (auto-renews, notice window, contract expiry, next decision date, state statute, local ordinance, disclosure duties, approving body, vote, consent agenda, public comment, date) + 5 empty sections (At a glance, Who else can see the data, Configuration and retention, Usage, Timeline)",mismatch,docs/build/logs/next-phase/C3/html/dossier_il.html#sha256:d13786a4ea677729; docs/build/logs/next-phase/C3/text/dossier_il.txt#sha256:04f3538c59810c9d,banner counts gap rows only; null fields carry no absence kind
C3-T425,https://surveillancegraph.org/dossier/il/,What is deployed (.sig-dossier-row) (C3 pick: large US state),Geolocated site observations: 573 of 3509 evaluable geolocated site observations in IL,geolocated site observations located in IL,web/dossiers.json; sig_graph/jurisdictions.csv sites; */sites.parquet,parquet: 573 resolved of 3509 distinct entities with jurisdiction=IL (exact),match,docs/build/logs/next-phase/C3/html/dossier_il.html#sha256:d13786a4ea677729; docs/build/logs/next-phase/C3/text/dossier_il.txt#sha256:04f3538c59810c9d; docs/build/logs/next-phase/C3/json/dossier_il.json#sha256:69522ad645b57916,
C3-T426,https://surveillancegraph.org/dossier/il/,Where the hardware is (C3 pick: large US state),Publishable subjects in this jurisdiction: 3509,publishable subjects,dossiers.json; jurisdictions.csv subjects; parquet count(distinct entity_id),3509 (exact),match,docs/build/logs/next-phase/C3/html/dossier_il.html#sha256:d13786a4ea677729; docs/build/logs/next-phase/C3/text/dossier_il.txt#sha256:04f3538c59810c9d,
C3-T427,https://surveillancegraph.org/dossier/il/,How we know this (dossier row) (C3 pick: large US state),"Sources: camreg_chicago_il, dot_511_il",the sources this dossier rests on,dossiers.json source_families; jurisdictions.csv source_ids; parquet distinct source_id,2 source ids (exact set),match,docs/build/logs/next-phase/C3/html/dossier_il.html#sha256:d13786a4ea677729; docs/build/logs/next-phase/C3/text/dossier_il.txt#sha256:04f3538c59810c9d,
C3-T428,https://surveillancegraph.org/dossier/il/,What we don't know (C3 pick: large US state),Data-sharing partners — NOT_RESEARCHED; Subjects with conflicting coordinate evidence — UNRESOLVED,open gaps,dossiers.json gaps; jurisdictions.csv conflicted_subjects,UNRESOLVED gap present iff conflicted_subjects>0 (=2936) — consistent,match,docs/build/logs/next-phase/C3/html/dossier_il.html#sha256:d13786a4ea677729; docs/build/logs/next-phase/C3/text/dossier_il.txt#sha256:04f3538c59810c9d,
C3-T429,https://surveillancegraph.org/dossier/il/,"How we know this (.sig-hwkt, site-wide component) (C3 pick: large US state)","Artifacts 255 · Tier distribution 2245390×untiered, 2690×W1, 175114×W3 · Independent sources 218 · Date range 2020-01-28 – 2026-09-26 · Rules applied p27.3/1.0.0 · Human review Not yet human-reviewed",provenance of the IL dossier,provenance.json surfaces.site (national; BaseLayout.astro:43 default),"page-specific: 2 source ids, 2 evidence artifacts from those sources; tier distribution/date range not computable per dossier from public data",mismatch,docs/build/logs/next-phase/C3/html/dossier_il.html#sha256:d13786a4ea677729; docs/build/logs/next-phase/C3/text/dossier_il.txt#sha256:04f3538c59810c9d,same national block on every dossier (SIG-UI-044 requires page-specific)
C3-T430,https://surveillancegraph.org/dossier/il/,Cite this page (C3 pick: large US state),"As of world 2026-09-27, belief 2026-09-27; ruleset p27.3/1.0.0",as-of pair,dossiers.json asOf; manifest reproducibility_inputs,2026-09-27 / 2026-09-27 / p27.3/1.0.0; belief_pinned=false,match,docs/build/logs/next-phase/C3/html/dossier_il.html#sha256:d13786a4ea677729; docs/build/logs/next-phase/C3/text/dossier_il.txt#sha256:04f3538c59810c9d,
C3-T431,https://surveillancegraph.org/dossier/il.json,JSON (API form) (C3 pick: large US state),"rows, source_families, gaps, as_of, ruleset, unresearched_field_count",machine-readable twin of the page,web/dossiers.json entry (different schema),"all values equal (rows, sources, gaps, as-of, ruleset)",match,docs/build/logs/next-phase/C3/json/dossier_il.json#sha256:69522ad645b57916,no licence/attribution field in the JSON
C3-T432,https://sig-api-e5ctyx36jq-uc.a.run.app/v1/dossier/il,API dossier (C3 pick: large US state),"title 'Dossier for il'; 25 subject ids; sources bacy, decp_fr, deflock, madada, ok_statute, okc-contract-c241032, okcpd_policy, osm, osm_overpass, raa_prefectures",the IL dossier,live API 2026-09-30T17:07Z; api/src/api/store_pg.py:927-956 (scope not an entity → first 25 tier-0 subjects in the spine),"site: 3509 subjects, sources camreg_chicago_il, dot_511_il; API returns the same 25 subjects and 10 sources for all 11 scopes",mismatch,docs/build/logs/next-phase/C3/api/api_v1_dossier_il.json#sha256:4ad93fd42914d9a7,"not linked from the site; public, unauthenticated, documented in /openapi.json"
C3-T433,https://surveillancegraph.org/dossier/ks/,incompleteness banner (.sig-incompleteness) (C3 pick: small US state),This dossier has 1 unresearched field. The absence of a row is not evidence of absence.,number of fields SIG has not researched,dossier JSON unresearched_field_count=1 (= NOT_RESEARCHED gaps; web/src/lib/dossier.ts:349-360),"1 NOT_RESEARCHED gap, plus 12 fields rendered 'unknown' (auto-renews, notice window, contract expiry, next decision date, state statute, local ordinance, disclosure duties, approving body, vote, consent agenda, public comment, date) + 5 empty sections (At a glance, Who else can see the data, Configuration and retention, Usage, Timeline)",mismatch,docs/build/logs/next-phase/C3/html/dossier_ks.html#sha256:a243dd6f5397cae4; docs/build/logs/next-phase/C3/text/dossier_ks.txt#sha256:544a6ba17a2211a1,banner counts gap rows only; null fields carry no absence kind
C3-T434,https://surveillancegraph.org/dossier/ks/,What is deployed (.sig-dossier-row) (C3 pick: small US state),Geolocated site observations: 97 of 97 evaluable geolocated site observations in KS,geolocated site observations located in KS,web/dossiers.json; sig_graph/jurisdictions.csv sites; */sites.parquet,parquet: 97 resolved of 97 distinct entities with jurisdiction=KS (exact),match,docs/build/logs/next-phase/C3/html/dossier_ks.html#sha256:a243dd6f5397cae4; docs/build/logs/next-phase/C3/text/dossier_ks.txt#sha256:544a6ba17a2211a1; docs/build/logs/next-phase/C3/json/dossier_ks.json#sha256:5241bf9b4cda3a06,
C3-T435,https://surveillancegraph.org/dossier/ks/,Where the hardware is (C3 pick: small US state),Publishable subjects in this jurisdiction: 97,publishable subjects,dossiers.json; jurisdictions.csv subjects; parquet count(distinct entity_id),97 (exact),match,docs/build/logs/next-phase/C3/html/dossier_ks.html#sha256:a243dd6f5397cae4; docs/build/logs/next-phase/C3/text/dossier_ks.txt#sha256:544a6ba17a2211a1,
C3-T436,https://surveillancegraph.org/dossier/ks/,How we know this (dossier row) (C3 pick: small US state),"Sources: camreg_lawrence_ks, camreg_manhattan_ks",the sources this dossier rests on,dossiers.json source_families; jurisdictions.csv source_ids; parquet distinct source_id,2 source ids (exact set),match,docs/build/logs/next-phase/C3/html/dossier_ks.html#sha256:a243dd6f5397cae4; docs/build/logs/next-phase/C3/text/dossier_ks.txt#sha256:544a6ba17a2211a1,
C3-T437,https://surveillancegraph.org/dossier/ks/,What we don't know (C3 pick: small US state),Data-sharing partners — NOT_RESEARCHED,open gaps,dossiers.json gaps; jurisdictions.csv conflicted_subjects,UNRESOLVED gap present iff conflicted_subjects>0 (=0) — consistent,match,docs/build/logs/next-phase/C3/html/dossier_ks.html#sha256:a243dd6f5397cae4; docs/build/logs/next-phase/C3/text/dossier_ks.txt#sha256:544a6ba17a2211a1,
C3-T438,https://surveillancegraph.org/dossier/ks/,"How we know this (.sig-hwkt, site-wide component) (C3 pick: small US state)","Artifacts 255 · Tier distribution 2245390×untiered, 2690×W1, 175114×W3 · Independent sources 218 · Date range 2020-01-28 – 2026-09-26 · Rules applied p27.3/1.0.0 · Human review Not yet human-reviewed",provenance of the KS dossier,provenance.json surfaces.site (national; BaseLayout.astro:43 default),"page-specific: 2 source ids, 2 evidence artifacts from those sources; tier distribution/date range not computable per dossier from public data",mismatch,docs/build/logs/next-phase/C3/html/dossier_ks.html#sha256:a243dd6f5397cae4; docs/build/logs/next-phase/C3/text/dossier_ks.txt#sha256:544a6ba17a2211a1,same national block on every dossier (SIG-UI-044 requires page-specific)
C3-T439,https://surveillancegraph.org/dossier/ks/,Cite this page (C3 pick: small US state),"As of world 2026-09-27, belief 2026-09-27; ruleset p27.3/1.0.0",as-of pair,dossiers.json asOf; manifest reproducibility_inputs,2026-09-27 / 2026-09-27 / p27.3/1.0.0; belief_pinned=false,match,docs/build/logs/next-phase/C3/html/dossier_ks.html#sha256:a243dd6f5397cae4; docs/build/logs/next-phase/C3/text/dossier_ks.txt#sha256:544a6ba17a2211a1,
C3-T440,https://surveillancegraph.org/dossier/ks.json,JSON (API form) (C3 pick: small US state),"rows, source_families, gaps, as_of, ruleset, unresearched_field_count",machine-readable twin of the page,web/dossiers.json entry (different schema),"all values equal (rows, sources, gaps, as-of, ruleset)",match,docs/build/logs/next-phase/C3/json/dossier_ks.json#sha256:5241bf9b4cda3a06,no licence/attribution field in the JSON
C3-T441,https://sig-api-e5ctyx36jq-uc.a.run.app/v1/dossier/ks,API dossier (C3 pick: small US state),"title 'Dossier for ks'; 25 subject ids; sources bacy, decp_fr, deflock, madada, ok_statute, okc-contract-c241032, okcpd_policy, osm, osm_overpass, raa_prefectures",the KS dossier,live API 2026-09-30T17:07Z; api/src/api/store_pg.py:927-956 (scope not an entity → first 25 tier-0 subjects in the spine),"site: 97 subjects, sources camreg_lawrence_ks, camreg_manhattan_ks; API returns the same 25 subjects and 10 sources for all 11 scopes",mismatch,docs/build/logs/next-phase/C3/api/api_v1_dossier_ks.json#sha256:481871d85aaaced5,"not linked from the site; public, unauthenticated, documented in /openapi.json"
C3-T442,https://surveillancegraph.org/dossier/th/,incompleteness banner (.sig-incompleteness) (C3 pick: non-US),This dossier has 1 unresearched field. The absence of a row is not evidence of absence.,number of fields SIG has not researched,dossier JSON unresearched_field_count=1 (= NOT_RESEARCHED gaps; web/src/lib/dossier.ts:349-360),"1 NOT_RESEARCHED gap, plus 12 fields rendered 'unknown' (auto-renews, notice window, contract expiry, next decision date, state statute, local ordinance, disclosure duties, approving body, vote, consent agenda, public comment, date) + 5 empty sections (At a glance, Who else can see the data, Configuration and retention, Usage, Timeline)",mismatch,docs/build/logs/next-phase/C3/html/dossier_th.html#sha256:e6a2b0d21858e182; docs/build/logs/next-phase/C3/text/dossier_th.txt#sha256:d99a68427308dd2f,banner counts gap rows only; null fields carry no absence kind
C3-T443,https://surveillancegraph.org/dossier/th/,What is deployed (.sig-dossier-row) (C3 pick: non-US),Geolocated site observations: 2109 of 2110 evaluable geolocated site observations in TH,geolocated site observations located in TH,web/dossiers.json; sig_graph/jurisdictions.csv sites; */sites.parquet,"parquet: 2109 resolved of 2110 distinct entities with jurisdiction=TH (exact); 155 of 2,109 points (camreg_thailand_th) lie at 22.24–22.52°N, 113.92–114.29°E (Hong Kong), outside Thailand",mismatch,docs/build/logs/next-phase/C3/html/dossier_th.html#sha256:e6a2b0d21858e182; docs/build/logs/next-phase/C3/text/dossier_th.txt#sha256:d99a68427308dd2f; docs/build/logs/next-phase/C3/json/dossier_th.json#sha256:62c6c837cdfe8886,"117 same-source+point+label duplicates; the count is the sources' jurisdiction claim, not where the points are"
C3-T444,https://surveillancegraph.org/dossier/th/,Where the hardware is (C3 pick: non-US),Publishable subjects in this jurisdiction: 2110,publishable subjects,dossiers.json; jurisdictions.csv subjects; parquet count(distinct entity_id),2110 (exact),match,docs/build/logs/next-phase/C3/html/dossier_th.html#sha256:e6a2b0d21858e182; docs/build/logs/next-phase/C3/text/dossier_th.txt#sha256:d99a68427308dd2f,
C3-T445,https://surveillancegraph.org/dossier/th/,How we know this (dossier row) (C3 pick: non-US),Sources: camreg_thailand_th,the sources this dossier rests on,dossiers.json source_families; jurisdictions.csv source_ids; parquet distinct source_id,1 source ids (exact set),match,docs/build/logs/next-phase/C3/html/dossier_th.html#sha256:e6a2b0d21858e182; docs/build/logs/next-phase/C3/text/dossier_th.txt#sha256:d99a68427308dd2f,
C3-T446,https://surveillancegraph.org/dossier/th/,What we don't know (C3 pick: non-US),Data-sharing partners — NOT_RESEARCHED; Subjects with conflicting coordinate evidence — UNRESOLVED,open gaps,dossiers.json gaps; jurisdictions.csv conflicted_subjects,UNRESOLVED gap present iff conflicted_subjects>0 (=1) — consistent,match,docs/build/logs/next-phase/C3/html/dossier_th.html#sha256:e6a2b0d21858e182; docs/build/logs/next-phase/C3/text/dossier_th.txt#sha256:d99a68427308dd2f,
C3-T447,https://surveillancegraph.org/dossier/th/,"How we know this (.sig-hwkt, site-wide component) (C3 pick: non-US)","Artifacts 255 · Tier distribution 2245390×untiered, 2690×W1, 175114×W3 · Independent sources 218 · Date range 2020-01-28 – 2026-09-26 · Rules applied p27.3/1.0.0 · Human review Not yet human-reviewed",provenance of the TH dossier,provenance.json surfaces.site (national; BaseLayout.astro:43 default),"page-specific: 1 source ids, 1 evidence artifacts from those sources; tier distribution/date range not computable per dossier from public data",mismatch,docs/build/logs/next-phase/C3/html/dossier_th.html#sha256:e6a2b0d21858e182; docs/build/logs/next-phase/C3/text/dossier_th.txt#sha256:d99a68427308dd2f,same national block on every dossier (SIG-UI-044 requires page-specific)
C3-T448,https://surveillancegraph.org/dossier/th/,Cite this page (C3 pick: non-US),"As of world 2026-09-27, belief 2026-09-27; ruleset p27.3/1.0.0",as-of pair,dossiers.json asOf; manifest reproducibility_inputs,2026-09-27 / 2026-09-27 / p27.3/1.0.0; belief_pinned=false,match,docs/build/logs/next-phase/C3/html/dossier_th.html#sha256:e6a2b0d21858e182; docs/build/logs/next-phase/C3/text/dossier_th.txt#sha256:d99a68427308dd2f,
C3-T449,https://surveillancegraph.org/dossier/th.json,JSON (API form) (C3 pick: non-US),"rows, source_families, gaps, as_of, ruleset, unresearched_field_count",machine-readable twin of the page,web/dossiers.json entry (different schema),"all values equal (rows, sources, gaps, as-of, ruleset)",match,docs/build/logs/next-phase/C3/json/dossier_th.json#sha256:62c6c837cdfe8886,no licence/attribution field in the JSON
C3-T450,https://sig-api-e5ctyx36jq-uc.a.run.app/v1/dossier/th,API dossier (C3 pick: non-US),"title 'Dossier for th'; 25 subject ids; sources bacy, decp_fr, deflock, madada, ok_statute, okc-contract-c241032, okcpd_policy, osm, osm_overpass, raa_prefectures",the TH dossier,live API 2026-09-30T17:07Z; api/src/api/store_pg.py:927-956 (scope not an entity → first 25 tier-0 subjects in the spine),"site: 2110 subjects, sources camreg_thailand_th; API returns the same 25 subjects and 10 sources for all 11 scopes",mismatch,docs/build/logs/next-phase/C3/api/api_v1_dossier_th.json#sha256:3249010d02864e9f,"not linked from the site; public, unauthenticated, documented in /openapi.json"
C3-T451,https://sig-api-e5ctyx36jq-uc.a.run.app/v1/coverage/fl,coverage envelope,"{""scope"":""fl"",""complete"":true,""evaluated"":0,""not_evaluable"":0,""records"":[]}",coverage of FL is complete,live API 2026-09-30T17:07Z; store_pg.py:850-870 (scope resolves to no entity → []),site dossier shows NOT_RESEARCHED sharing partners and UNRESOLVED coordinates,mismatch,docs/build/logs/next-phase/C3/api/api_v1_coverage_fl.json#sha256:e8e70902524b58ef,'complete: true' with 0 evaluated
C3-T452,https://sig-api-e5ctyx36jq-uc.a.run.app/v1/coverage/tx,coverage envelope,"{""scope"":""tx"",""complete"":true,""evaluated"":0,""not_evaluable"":0,""records"":[]}",coverage of TX is complete,live API 2026-09-30T17:07Z; store_pg.py:850-870 (scope resolves to no entity → []),site dossier shows NOT_RESEARCHED sharing partners and UNRESOLVED coordinates,mismatch,docs/build/logs/next-phase/C3/api/api_v1_coverage_tx.json#sha256:5575081f973a44d1,'complete: true' with 0 evaluated
C3-T453,gs://zeta-medley-508121-u7-sig-public/manifest.json,artifacts[portal/sites.*].row_count,portal/sites.* row_count 10054 (7 formats),number of site records in the portal compartment,portal/sites.parquet,"10,054 rows = 5,685 distinct entity_id; 4,369 entities appear twice (one row per rights_source_id: dot_511_wa 1,830, dot_511_or 1,179, dot_511_mo 871, dot_511_ky 254, dot_511_dc 235)",mismatch,docs/build/logs/next-phase/C3/bucket/manifest.json#sha256:717aeb4499523acf; docs/build/logs/next-phase/C3/bucket/parquet/portal.parquet#sha256:25b672b1c8fb8dcf,"downloaders summing rows over compartments get 236,994, not the site's 232,625"
