query_id,engine_or_tool,query_or_url,run_at,hits_kept,notes
I4-L020,local:docs/build/logs/next-phase/I4/dedupe.sh,dedupe.sh faa.gov dronecenter.bard.edu dps.mn.gov icjia skydio brinc,2026-09-30T18:05:10Z,0,"cell=I4-T14-C16-G0; file=connectors/src/connectors/data/sources.toml+acquisition_queue.toml+six-streams source-candidates.csv+source_coverage.csv; sha256=n/a; faa.gov -> sources.toml:1464-1472 faa_drone_waivers (homepage https://www.faa.gov/uas/) + six-streams SRC-025; no registry hits for dronecenter.bard.edu, dps.mn.gov, icjia, skydio, brinc"
I4-L021,local:tasks/src/tasks/data/acquisition_queue.toml,grep SRC-025 acquisition_queue.toml; grep drone source_coverage.csv,2026-09-30T18:05:18Z,0,"cell=I4-T14-C16-G0; file=tasks/src/tasks/data/acquisition_queue.toml:453-469; sha256=n/a; SRC-025 preflight screening_required flags=[personal_identifier]; source_coverage.csv faa_drone_waivers gated, licence UNDETERMINED, hosted claims none"
I4-Q001,WebSearch,FAA Part 107 waivers issued download list xlsx csv,2026-09-30T18:05:18Z,1,cell=I4-T14-C16-G0; new=0; dup=1; only paginated HTML waivers_issued pages surfaced; no downloadable file; same-as:SRC-025
I4-F001,curl,https://www.faa.gov/uas/commercial_operators/part_107_waivers/waivers_issued,2026-09-30T18:05:30Z,1,cell=I4-T14-C16-G0; cand=I4-C001; status=200; sha256=f1db2125bf20; columns Date of Issuance|Expiration Date|Company Name|Responsible Person|Waivered Regulation; 25 rows/page; no CSV/XLSX link; keyword box only (field saa_field_media_file); CoW PDF filenames embed responsible-person names -> raw deleted after hashing; no names copied
I4-Q026,WebSearch,uscourts.gov Wiretap Report 2024 tables,2026-09-30T18:05:49Z,2,cell=I4-T18-C04-G0; new=2; dup=0; leads to wiretap-report-2024 page + data tables (wire-1..9 A1 B1)
I4-Q027,socrata-discovery,https://api.us.socrata.com/api/catalog/v1?q=red%20light%20camera&only=dataset&limit=100,2026-09-30T18:05:49Z,6,cell=I4-T09-C03-G0; new=6; dup=2; resultSetSize=18; sha256=da57fc3c0c9f; new: spqx-js37 (Chicago RLC violations) 3cju-6hst fp9s-vfdj (Montgomery MD) va3u-jspg (NOLA citations) data.edmonton.ca ISD (out-of-cell) + family row C050; dup: thvf-6diy (same-as camreg_chicago_il) 3a3p-zwvz (same-as camreg_pgcounty_md); schema read from catalog metadata (columns_field_name) only; no rows
I4-L060,local:connectors/src/connectors/data/sources.toml,grep boarddocs|nces|legistar|usaspending,2026-09-30T18:05:58Z,0,"cell=I4-T25-C07-G0; file=connectors/src/connectors/data/sources.toml; sha256=4aad5d345ab6; sources.boarddocs (LINK, not_contacted) l.1175; sources.nces_ipeds_ntd_cms (homepage nces.ed.gov/ccd) l.1407; sources.legistar l.1080; sources.usaspending l.935"
I4-L061,local:connectors/src/connectors/data/agenda_tenants.toml,platform_census boarddocs rows + school-district tenants,2026-09-30T18:05:58Z,0,"cell=I4-T25-C07-G0; file=connectors/src/connectors/data/agenda_tenants.toml; sha256=f59ccb2b8fe1; 11 boarddocs platform_census hosts; go.boarddocs.com outcome=access_restricted (l.15127-15131, 401/403 per l.8082); school tenants: ousd (l.2949), anaheimelementary (l.1019), houstonisd (l.2169), duvalcosb civicclerk (l.4469), Utah SBE (l.6140)"
I4-F002,curl,https://www.faa.gov/uas/commercial_operators/part_107_waivers/waivers_issued?page=87,2026-09-30T18:06:04Z,1,cell=I4-T14-C16-G0; cand=I4-C001; status=200; sha256=cd2181ca8cf2; last page (0-indexed 87) holds 24 rows; earliest issuance 2022-10-03 (expiry 2026-10-31) -> table holds unexpired waivers only; only date+regulation columns read; raw deleted
I4-Q051,WebSearch,state facial recognition laws tracker police accountability report requirement Washington Colorado Virginia Maryland Montana Utah,2026-09-30T18:06:05Z,1,cell=I4-T11-C04-GS; new=1; dup=0; item=MA; outcome=not-reached (lead only; F071 403) -> I4-C107 LEAD-ONLY; leads: mass.gov/doc/facial-recognition-annual-report-september-2022; WA SB6280 law-firm blogs; MD SB476 2020 fnote
I4-Q052,WebSearch,"""cell site simulator"" state laws warrant requirement list states tracker",2026-09-30T18:06:05Z,1,cell=I4-T17-C05-GS; new=1; dup=0; inventory-first for CSS statutes (news-derived shortlist: CA WA UT MN VA IL; ACLU model bill) -> MN verified as I4-C121; leads: eff.org/node/92624; ACLU model bill; foxbusiness 13 states (CA WA UT MN VA IL); ACLU 70 agencies 23 states+DC
I4-Q028,socrata-discovery,https://api.us.socrata.com/api/catalog/v1?q=speed%20camera&only=dataset&limit=100,2026-09-30T18:06:06Z,3,cell=I4-T09-C03-G0; new=3; dup=3; resultSetSize=32; sha256=2d92e4e33e19; new: hhkd-xvj4 (Chicago speed violations) uv5p-zm58 (Montgomery ASE) h9kb-3hx7 (Howard Co school zones); dup: 4i42-qv3h mnkf-cu5c (registered) + Q027 repeats
I4-Q029,socrata-discovery,https://api.us.socrata.com/api/catalog/v1?q=automated%20enforcement&only=dataset&limit=100,2026-09-30T18:06:06Z,2,"cell=I4-T09-C03-G0; new=2; dup=5; resultSetSize=316 (mostly code-enforcement noise); sha256=a644a2ec3f41; new: ki2b-sg5y + kh8p-hcbm (MTA ACE, data.ny.gov); Edmonton photo-enforcement set merged into C066"
I4-F071,WebFetch,https://www.mass.gov/doc/facial-recognition-annual-report-september-2022/download,2026-09-30T18:06:19Z,1,cell=I4-T11-C04-GS; cand=I4-C107; status=403; sha256=n/a(webfetch); item=MA; outcome=not-reached; mass.gov host STOPPED for batch; 
I4-F072,WebFetch,https://app.leg.wa.gov/rcw/default.aspx?cite=43.386.020,2026-09-30T18:06:19Z,1,cell=I4-T11-C04-GS; cand=I4-C100; status=200; sha256=n/a(webfetch); item=WA; outcome=found; accountability report must be posted on agency website AND submitted to legislative authority which must post it; update every 2 yrs
I4-Q109,WebSearch,Student Data Privacy Consortium SDPC resource registry search agreements by vendor district,2026-09-30T18:06:20Z,1,cell=I4-T25-C09-G0; new=1; dup=0; leads: privacy.a4l.org; SDPC Resource Registry API developers guide PDF (files.a4l.org); district NDPA pages -> I4-C200
I4-Q110,WebSearch,"site:go.boarddocs.com ""Gaggle"" student safety",2026-09-30T18:06:20Z,2,"cell=I4-T25-C07-G0; new=2; dup=0; site:go.boarddocs.com returned NO BoardDocs documents (engine does not surface BoardDocs NSF views) -> platform probe I4-C203; leads meetings.boardbook.org DownloadPDF org=1425 x2 -> I4-C204; district Gaggle pages (Austin ISD, Onslow) not followed"
I4-Q111,WebSearch,"school board approves ""GoGuardian Beacon"" agreement agenda item",2026-09-30T18:06:20Z,2,"cell=I4-T25-C07-G0; new=2; dup=0; leads: OUSD granicusideas agenda item -> I4-C205; civiciq public-contract 64a704bb -> I4-C207 (out-of-cell→I4-T25-C09-G0); New Haven Board of Alders GoGuardian contract (journalism lead, not fetched)"
I4-F241,curl,https://www.documentcloud.org/documents/city-pd-shotspotter-annual-report,2026-09-30T18:06:27Z,0,cell=integrator-QA(registry-check; no cell); cand=none; status=403; sha256=78ad39a03275; Cloudflare challenge -> documentcloud.org host stopped for the integrator; pathways fixture URL unverifiable
I4-Q002,WebSearch,"FAA ""drone as first responder"" waivers public safety agencies number 2026",2026-09-30T18:06:30Z,1,"cell=I4-T14-C16-G0; new=1; dup=0; lead '>1,000 agencies / 976 waivers' traced to EFF deeplink 2026-07 (F003) and a FOIA spreadsheet"
I4-Q003,WebSearch,FAA certificate of authorization COA list public agencies UAS FOIA reading room spreadsheet,2026-09-30T18:06:30Z,1,"cell=I4-T14-C16-G0; new=1; dup=0; EFF 2012 COA list (node/70457); MuckRock FOI 'FAA list of COA applicants'; CU Boulder individual COA PDFs (genre exemplar only, not captured)"
I4-F003,WebFetch,https://www.eff.org/deeplinks/2026/07/hundreds-drone-first-responder-programs-could-soon-be-launched-across-country,2026-09-30T18:06:30Z,1,cell=I4-T14-C16-G0; cand=I4-C002; status=200; sha256=n/a(webfetch); counts attributed to 'an FAA representative' + FOIA-released Google Sheet of Part 91 waivers; not an FAA-published statement
I4-F004,WebFetch,https://www.faa.gov/uas/public_safety_gov/public_safety_toolkit/Public_Aircraft-Public_Safety_Operation_CoW-COA_FAQ.pdf,2026-09-30T18:06:30Z,0,cell=I4-T14-C16-G0; cand=none; status=403; sha256=n/a(webfetch); HOST STOP faa.gov (all *.faa.gov treated as stopped for rest of batch); F001/F002 curl GETs had returned 200
I4-F005,WebFetch,https://dronexl.co/2026/08/07/faa-dfr-waiver-list-1000-agencies/,2026-09-30T18:06:30Z,1,"cell=I4-T14-C16-G0; cand=I4-C002; status=200; sha256=n/a(webfetch); journalism: EFF FOIA spreadsheet + map published 2026-07-23; spreadsheet has approval dates, expiration dates, agency lookup"
I4-F242,curl,https://www.eff.org/deeplinks/2022/08/commercial-location-data-purchase,2026-09-30T18:06:31Z,0,cell=integrator-QA(registry-check; no cell); cand=none; status=404; sha256=86b216f6bb0a; pathways fixture source_url does not exist (NEW-1)
I4-Q053,WebSearch,"""facial recognition"" ""accountability report"" RCW 43.386 sheriff OR police Washington pdf",2026-09-30T18:06:35Z,2,"cell=I4-T11-C04-GS; new=2; dup=0; item=WA; outcome=found -> I4-C100 (TSB posting page), I4-C101 (AOC warrant reports, LEAD-ONLY); leads watech.wa.gov/node/2066 (TSB posting); AOC FR report; lawfilesext chapter"
I4-L080,local:docs/build/logs/next-phase/I4/BRIEF.md,docs/build/logs/next-phase/I4/BRIEF.md,2026-09-30T18:06:38Z,0,cell=I4-TRES-C01-G0; new=0; dup=0; file=docs/build/logs/next-phase/I4/BRIEF.md; sha256=018f28282e69; batch brief read in full; also read I2 protocol (L081)
I4-L081,local:docs/build/planning/2026-09-30-next-phase/design/I2-source-search-protocol.md,"lines 73-222,486-523,601-636,639-826",2026-09-30T18:06:38Z,0,cell=I4-TRES-C01-G0; new=0; dup=0; file=docs/build/planning/2026-09-30-next-phase/design/I2-source-search-protocol.md; sha256=45331f322842; rules/taxonomy/stopping/capture/log format
I4-L082,local:docs/build/planning/2026-09-30-next-phase/data/search_matrix.csv,grep ^I4-TRES + dedicated I4 cells,2026-09-30T18:06:38Z,0,cell=I4-TRES-C01-G0; new=0; dup=0; file=docs/build/planning/2026-09-30-next-phase/data/search_matrix.csv; sha256=87ce41cc7423; 11 residual cells and their covers; dedicated-cell ownership checked so probes stay in residual classes
I4-F073,WebFetch,https://watech.wa.gov/node/2066,2026-09-30T18:06:40Z,1,cell=I4-T11-C04-GS; cand=I4-C100; status=200; sha256=n/a(webfetch); item=WA; outcome=found; TSB = designated legislative authority posts NOIs + accountability reports; single link NOI memo_Aug 2023.pdf; (c) 2022 WaTech; privacy policy link
I4-F074,WebFetch,https://customerservices.courts.wa.gov/support/solutions/articles/72000578453-facial-recognition-report,2026-09-30T18:06:40Z,1,cell=I4-T11-C04-GS; cand=I4-C101; status=200; sha256=n/a(webfetch); item=WA; outcome=found; judges file annual FR warrant report to AOC in January; RCW 43.386.080 & .070(3); includes applying officer/agency identity -> officer-name flag for per-warrant rows; no public compilation URL given
I4-Q076,usaspending-api,"POST https://api.usaspending.gov/api/v2/search/spending_by_award/ {filters:{time_period:2008-01-01..2026-09-30,award_type_codes:[A,B,C,D],keywords:[Cellebrite,Grayshift,GrayKey,Magnet Forensics,MSAB,Oxygen Forensic,Belkasoft]},limit:100,sort:Award Amount desc}",2026-09-30T18:06:44Z,1,"cell=I4-T19-C16-G0; new=1; dup=0; status=200; sha256=d24221653757; page1 100 rows hasNext=true; recipients top: CELLEBRITE INC 22, MAGNET FORENSICS LLC 9 (+USA INC 2), resellers PANAMERICA 8/FCN 6/CARAHSOFT 3; sub-agencies ICE 18 FBI 12 USSS 10 DEA 5; keyword MSAB = false positives (Muwaffaq Salti Air Base) -> disambiguation needed; top forensics award FBI 15F06725F0002168 FCN INC $19.1M UNLOCK AND EXTRACTION SOFTWARE CELLEBRITE (2025-09-30) -> I4-C150"
I4-F151,curl,https://files.a4l.org/privacy/SDPC-API/SDPC_Resource_Registry_API_developers_guide.pdf,2026-09-30T18:06:45Z,1,"cell=I4-T25-C09-G0; cand=I4-C200; status=200; sha256=cbc875588c4b; June 2025 API guide, 10pp; API needs member login + Premium membership (R3: not usable); schema read only"
I4-Q030,arcgis-hub-search,https://hub.arcgis.com/api/search/v1/collections/dataset/items?q=speed%20camera&limit=100,2026-09-30T18:06:46Z,6,cell=I4-T09-C03-G0; new=6; dup=4; numberMatched=395 returned=100 (NOT paged further: budget); sha256=65ccd6bed534; new: DC ASC items 03d94dc6 394b99f2 (layers 43/46) Tacoma ed8eb6a8 MCPD 71702a6a Bellevue 1bd1907e + family C065; dup: Baltimore ATVES Arlington Chicago republishes; many personal/student/university republishes of Chicago data skipped (NEW-5 lineage)
I4-Q031,arcgis-hub-search,https://hub.arcgis.com/api/search/v1/collections/dataset/items?q=red%20light%20camera&limit=100,2026-09-30T18:06:46Z,0,cell=I4-T09-C03-G0; new=0; dup=3; sha256=703086ebba1e; Boulder CO 48adb3d1 merged into family C065; Baltimore/Chicago/Peel/Kingston dup or international; student republishes skipped
I4-F152,curl,https://privacy.a4l.org/,2026-09-30T18:06:46Z,0,"cell=I4-T25-C09-G0; cand=I4-C200; status=000; sha256=n/a; curl LibreSSL SSL_ERROR_SYSCALL (client TLS failure, not a refusal); retried once via WebFetch as next fetch"
I4-F243,curl,https://sig-api-e5ctyx36jq-uc.a.run.app/v1/search?q=shotspotter,2026-09-30T18:06:48Z,0,cell=integrator-QA(product-check; no cell); cand=none; status=200; sha256=4b69347bc67f; production read API returns 1 result for 'shotspotter' (an Atlas Denver deployment) — GSD reaches the public search only via the Atlas; obligations attribution still 'DeFlock community map' (already raised J1 NEW-2; not re-raised)
I4-L070,local:docs/build/planning/2026-09-30-next-phase/data/search_matrix.csv,grep 13 batch cell ids,2026-09-30T18:06:52Z,0,cell=I4-T23-C10-G0; new=0; dup=0; file=docs/build/planning/2026-09-30-next-phase/data/search_matrix.csv; sha256=87ce41cc7423; seed queries for all 13 F_data_bwc cells
I4-L071,local:connectors/src/connectors/data/sources.toml,dedupe.sh dhs.gov ojp.gov ice.gov 287 fusion usaspending notechforice themarkup predpol 'fog data' bwc; read [sources.dhs_fusion_centers] + [sources.dhs_fusion_center_assessments],2026-09-30T18:06:52Z,0,cell=I4-T27-C16-G0; new=0; dup=0; file=connectors/src/connectors/data/sources.toml; sha256=4aad5d345ab6; dhs_fusion_centers gated REFERENCE homepage dhs.gov/fusion-center-locations-and-contact-information notes '80 centers (54 primary + 26 recognized)'; no ojp.gov/ice.gov/notechforice/themarkup/predpol/fog rows
I4-L072,local:connectors/src/connectors/data/live_targets.toml,grep [usaspending] keywords,2026-09-30T18:06:52Z,0,cell=I4-T21-C16-G0; new=0; dup=0; file=connectors/src/connectors/data/live_targets.toml; sha256=ac4be19505e1; keyword list (line 55) has no broker/BWC/predictive/287g terms; search is POST spending_by_award subawards=true
I4-L073,local:docs/build/planning/2026-09-30-next-phase/data/source_coverage.csv,grep data broker|body-worn|fusion|predictive + I1 blind spots #4 #6 #13,2026-09-30T18:06:52Z,0,cell=I4-T21-C09-G0; new=0; dup=0; file=docs/build/planning/2026-09-30-next-phase/data/source_coverage.csv; sha256=a07af6599c18; I1#13 = data brokers/investigative platforms hosted only via Atlas + 1 EFF claim; SRC-023 DHS PIA ICE commercial LPR candidate
I4-Q136,WebSearch,"BJA ""Body-Worn Camera Policy and Implementation Program"" awards list FY2024 recipients",2026-09-30T18:06:52Z,1,"cell=I4-T23-C10-G0; new=1; dup=0; leads: bja.ojp.gov/funding/awards/15pbja-24-gg-04491-bwcx (award-number suffix BWCX), ojp.gov node 1436021; excluded:pure-marketing (motorolasolutions grant summary, grantexec, brite, callmc); counts pending fetch; cands=I4-C251"
I4-Q137,WebSearch,"state body-worn camera grant program recipients list agency amount (Ohio OR Illinois OR ""New Jersey"" OR Wisconsin OR Minnesota)",2026-09-30T18:06:52Z,0,"cell=I4-T23-C10-G0; new=0; dup=0; leads: Ohio OCJS BWC grant (DeWine press 2022/2024/2025 rounds), justice.gov opa 2016 BWC awards press; news (13abc, wdtn, news5) are leads only"
I4-Q077,usaspending-api,"POST https://api.usaspending.gov/api/v2/search/spending_by_award_count/ {filters:{time_period:2008-01-01..2026-09-30,keywords:[Cellebrite,Grayshift,GrayKey,Magnet Forensics,Magnet AXIOM,Oxygen Forensic,Belkasoft]}}",2026-09-30T18:06:57Z,1,"cell=I4-T19-C16-G0; new=0; dup=1; status=200; sha256=ffb4694b7034; prime counts: contracts 3813, idvs 21, grants 28, loans 2 (keyword match; not deduped to distinct actions) -> merged into I4-C150"
I4-Q078,usaspending-api,"POST https://api.usaspending.gov/api/v2/search/spending_by_award_count/ {subawards:true,filters:{same keywords}}",2026-09-30T18:06:58Z,1,"cell=I4-T19-C16-G0; new=1; dup=0; status=200; sha256=00229bfa5e9e; subawards: subgrants 84, subcontracts 130 -> grant pass-through to state/local agencies = local purchase channel via existing connector (I4-C151) -> I4-C151"
I4-F244,curl,https://www.eff.org/deeplinks/2022/06/fusus-real-time-crime-centers,2026-09-30T18:06:59Z,0,cell=integrator-QA(registry-check; no cell); cand=none; status=404; sha256=916365215d6c; pathways fixture source_url does not exist (NEW-1)
I4-F075,WebFetch,https://watech.wa.gov/sites/default/files/2023-12/NOI%20memo_Aug%202023.pdf,2026-09-30T18:07:01Z,1,"cell=I4-T11-C04-GS; cand=I4-C100; status=200; sha256=30aaa4e378d7 (tool-saved binary); L040 local pypdf extraction: 1 page, WaTech 2023-08-28 NOI to explore biometric capabilities (face/voice) for resident identity verification; says will follow ch.43.386 if pursued; state CIO named in institutional role"
I4-F245,curl,https://www.eff.org/deeplinks/2023/10/data-brokers-location-chain,2026-09-30T18:07:01Z,0,cell=integrator-QA(registry-check; no cell); cand=none; status=404; sha256=d7fd991b9654; pathways fixture source_url does not exist (NEW-1)
I4-F246,curl,https://www.courtlistener.com/docket/federal-css-authorization-order,2026-09-30T18:07:09Z,0,cell=integrator-QA(registry-check; no cell); cand=none; status=403; sha256=84916b291e80; courtlistener host stopped; slug is non-canonical (real dockets are /docket/<numeric id>/<slug>/)
I4-Q004,socrata-discovery,https://api.us.socrata.com/api/catalog/v1?q=unmanned%20aircraft%20waiver&limit=20,2026-09-30T18:07:11Z,0,"cell=I4-T14-C16-G0; new=0; dup=0; resultSetSize=1 (data.nasa.gov aq7v-ef9t research, irrelevant); negative: no Socrata-hosted FAA/DOT waiver or COA dataset"
I4-Q005,WebSearch,FAA announces drone first responder waivers public safety agencies approved number press release transportation.gov,2026-09-30T18:07:11Z,0,cell=I4-T14-C16-G0; new=0; dup=0; no FAA/DOT press release with DFR waiver counts surfaced; only EFF/journalism re-reports
I4-Q006,WebSearch,DFR waiver dataset police drone BVLOS waivers spreadsheet github OR data portal agencies list FAA,2026-09-30T18:07:11Z,1,"cell=I4-T14-C16-G0; new=1; dup=1; leads: sovereignmagazine '551 entries covering 535 separate waivers, held by 506 named agencies across 48 states' (F007 404 -> unverified); MuckRock 2014 'FAA has finally released its list of government agencies' (F008 403 -> LEAD-ONLY I4-C004); datawrapper map = EFF map (merged into I4-C002)"
I4-F006,WebFetch,https://www.eff.org/node/70457,2026-09-30T18:07:11Z,1,cell=I4-T14-C16-G0; cand=I4-C003; status=200; sha256=n/a(webfetch); 'FAA List of Certificates of Authorizations (COAs)'; PDF https://www.eff.org/files/filenode/20120416_faa_drones_coa_0.pdf; EFF case /cases/faa-drone-authorizations
I4-F153,WebFetch,https://privacy.a4l.org/,2026-09-30T18:07:11Z,0,cell=I4-T25-C09-G0; cand=I4-C200; status=200; sha256=n/a(webfetch); body empty to fetcher (JS-rendered WordPress); no facts taken
I4-Q079,usaspending-api,"POST https://api.usaspending.gov/api/v2/search/spending_by_award/ {subawards:true,filters:{award_type_codes:[02..11],keywords:[Cellebrite,Grayshift,GrayKey,Magnet Forensics,Magnet AXIOM,Oxygen Forensic,Belkasoft]},limit:100,sort:Sub-Award Amount desc}",2026-09-30T18:07:14Z,1,"cell=I4-T19-C16-G0; new=0; dup=1; status=200; sha256=236d76eac946; 84 subgrant rows (hasNext=false) = matches count; awarding DOJ 49 DHS 32; prime pass-throughs KY Homeland Security 28, Kansas 9, Arkansas SP 6, City of Houston 4, Indiana courts 3; local sub-awardees incl. County of San Diego, Adams County NE, Orlando, Madison County IN, Johnson County KS, Allegheny County PA; vendors as sub-awardees (CELLEBRITE INC via Ohio AG, WA DOC, Arkansas SP); noise: Namibia Nature Foundation row, IBIS BrassTrax rows -> merged into I4-C151; out-of-cell->I4-T19-C09-G0 (local purchasing evidence)"
I4-F036,curl,https://maps2.dcgis.dc.gov/dcgis/rest/services/DCGIS_DATA/Public_Safety_WebMercator/MapServer/43?f=json,2026-09-30T18:07:16Z,1,cell=I4-T09-C03-G0; cand=I4-C051; status=200; sha256=602bcd288853; layer metadata only (fields+description); no rows; item=DC; outcome=found (ASC open data; statute not checked)
I4-F037,curl,https://maps2.dcgis.dc.gov/dcgis/rest/services/DCGIS_DATA/Public_Safety_WebMercator/MapServer/46?f=json,2026-09-30T18:07:16Z,1,cell=I4-T09-C03-G0; cand=I4-C052; status=200; sha256=e8b86291f269; table metadata only
I4-F038,curl,https://services3.arcgis.com/SCwJH1pD8WSn5T5y/arcgis/rest/services/AutomatedEnforcementLocations_Tacoma/FeatureServer/0?f=json,2026-09-30T18:07:16Z,1,cell=I4-T09-C03-G0; cand=I4-C061; status=200; sha256=248d3575b9bf; layer metadata only
I4-F154,curl,https://sdpc.a4l.org/,2026-09-30T18:07:19Z,1,cell=I4-T25-C09-G0; cand=I4-C200; status=200; sha256=28b495b18405; National Stats data-to values: 35 alliances; 39 states w/ participating districts; 13177 participating districts; 244291 active DPAs; 18574 resources
I4-Q139,WebSearch,"ILETSB ""body camera grant"" awarded agencies list OR ""body worn camera"" grant awards njoag.gov list of recipients",2026-09-30T18:07:21Z,1,cell=I4-T23-C10-G0; new=1; dup=0; leads: omb.illinois.gov GATA CSFA 3496 'ILETSB - Law Enforcement Camera Grant'; nj.gov/oag/grants/BWC_Program-Administration-and-Guidelines.pdf; njoag.gov ?p=49229 (2017 37 agencies); counts pending fetch; excluded:news (phillyvoice); cands=I4-C252
I4-Q032,WebSearch,IIHS automated enforcement laws table states speed cameras red light cameras,2026-09-30T18:07:22Z,5,"cell=I4-T09-C04-GS; new=5; dup=0; new rows C071-C075 (GHSA inventory + MD/VA/OR/RI duties verified by origin fetches); inventory-first: leads NCSL automated-enforcement-overview + GHSA state-laws table + IIHS state lists (snippet: red-light 22 states+DC; speed 25 states+DC - LEAD only, IIHS page not fetched); inventory shortlist = AL AZ AR CA CO CT DE FL GA HI IL IN IA LA MD NM NY NC OH OR PA RI TN TX VA WA DC (27); item=AL;AZ;AR;CO;CT;FL;GA;HI;IL;IN;IA;LA;NM;NC;OH;PA;TN;TX; outcome=not-reached (budget; IL/PA origin fetch failed see F063/F064)"
I4-F039,WebFetch,https://www.ncsl.org/transportation/automated-enforcement-overview,2026-09-30T18:07:22Z,0,cell=I4-T09-C04-GS; cand=none; status=403; sha256=n/a(webfetch); host ncsl.org STOPPED for batch (R4)
I4-F040,WebFetch,https://www.ghsa.org/state-laws/issues/speed%20and%20red%20light%20cameras,2026-09-30T18:07:22Z,1,cell=I4-T09-C04-GS; cand=I4-C075; status=200; sha256=n/a(webfetch); page 1 of 6 (AL..FL) read; pages 2-6 not fetched (host cap/budget)
I4-Q156,WebSearch,"police drone ""flight log"" public transparency portal DroneSense OR Skydio OR Brinc ""drone as first responder"" flights map",2026-09-30T18:07:24Z,3,"cell=I4-TRES-C01-G0; new=3; dup=0; probe class T14 (DFR vendor transparency portals); leads: drones.ahdatalytics.com (aggregator), AirData public portals, Skydio dashboards; Flock Aerodome dashboards = out-of-cell→I3 (T29) not captured as row"
I4-Q157,WebSearch,"auditor OR ""inspector general"" audit police ""social media monitoring"" OR ""social media surveillance"" report findings department",2026-09-30T18:07:24Z,2,"cell=I4-TRES-C04-G0; new=2; dup=0; probe class T20 (SMM) — no dedicated C04-G0 cell for T20/T19; leads: Portland City Auditor 2022 audit (via news), NYC DOI OIG-NYPD social-media report on a860-gpp.nyc.gov, Denver external audit (older, not followed), Seattle OIG work plan (not followed); UK moderngov RIPA reports out of scope (I5 international)"
I4-Q158,WebSearch,"police department ""social media"" ""online investigations"" policy undercover accounts general order site:.gov",2026-09-30T18:07:24Z,1,"cell=I4-TRES-C05-G0; new=1; dup=0; probe class T20 (SMM use policies; T20 has no dedicated C05 cell); exemplars: SFPD DGO 6.21 (fetched), Albany NY GO 2505, MPDC DC 1.8, NYPD Operations Order 34, Rosenberg TX GO 208, Geneva NY GO 307 (leads only; ~3-exemplar cap)"
I4-F186,curl,https://bja.ojp.gov/funding/awards/15pbja-24-gg-04491-bwcx,2026-09-30T18:07:26Z,1,cell=I4-T23-C10-G0; cand=I4-C251; status=200(302->/user/login?destination=/funding/awards/15pbja-24-gg-04491-bwcx); sha256=9d4a8bd7f43e; BJA award-detail page now redirects to a DOJ SSO login wall -> access=login; no further bja.ojp.gov/funding/awards/* fetches (R4 spirit)
I4-Q080,usaspending-api,"POST https://api.usaspending.gov/api/v2/search/spending_by_award/ {filters:{award_type_codes:[A,B,C,D],keywords:[Babel Street,Dataminr,ShadowDragon,Skopenow,Voyager Labs,Cobwebs,Fivecast,Zignal,ZeroFox,Media Sonar,Social Sentinel,Geofeedia,LifeRaft,Penlink,Pen-Link,social media monitoring]},limit:100,sort:Award Amount desc}",2026-09-30T18:07:29Z,1,"cell=I4-T20-C16-G0; new=1; dup=0; status=200; sha256=436a7e94c7d0; page1 100 rows hasNext=true; recipients PEN-LINK 53, DATAMINR 19, SKOPENOW 2, BABEL STREET 2, COBWEBS AMERICA 2, ZEROFOX 1 + resellers (Panamerica, Carahsoft, Thundercat, Flywheel Data, V3Gate, FS Partners); sub-agencies DEA 33, ICE 17, USAF 9, State 7, USSS 6, FBI 5, TSA 5, USMS 4, CBP 3; e.g. ICE 70CMSD22C00000001 Pen-Link $26.2M; DEA 15DDHQ23F00000995 ShadowDragon via Thundercat $12.6M; ICE 70CTD026FR0000025 Babel Street via Flywheel $10.3M; CBP 70B03C23F00001053 Babel Street via Panamerica $5.9M; ICE 70CMSD26C00000006 ZeroFox $13.0M; Pen-Link is also T18 lawful-intercept (description TELECOMMUNICATIONS ANALYSIS AND INTERCEPT) -> class ambiguity; award_ids recorded in candidate I4-C152 -> I4-C152"
I4-L040,local:docs/build/logs/next-phase/I4/C_frt_css/raw/watech_noi_memo_aug2023.pdf,docs/build/logs/next-phase/I4/C_frt_css/raw/watech_noi_memo_aug2023.pdf,2026-09-30T18:07:30Z,1,cell=I4-T11-C04-GS; file=docs/build/logs/next-phase/I4/C_frt_css/raw/watech_noi_memo_aug2023.pdf; sha256=30aaa4e378d7; pypdf text extraction.
I4-Q054,WebSearch,"state facial recognition technology law enforcement legislation overview annual report requirement Utah Montana Maine Maryland Virginia Colorado ""facial recognition"" states enacted",2026-09-30T18:07:30Z,5,"cell=I4-T11-C04-GS; new=5; dup=0; inventory-first (techpolicy.press 15-state list; MT interim-committee memo unreachable); items verified at origin: VA->I4-C104, CO->I4-C102/I4-C103, MD->I4-C105, ME->I4-C106; mode=extended; inventory leads: archive.legmt.gov 7.06-Other-States-on-Facial-Recognition.pdf (MT interim cttee 2024); techpolicy.press status; cdt.org; VA code 15.2-1723.2; arvadaco.gov/917 (CO acct report exemplar); snippet: 15 states (WA OR MT UT CO MN IL AL VA MD NJ MA NH VT ME)"
I4-F155,curl,https://sdpc.a4l.org/terms_of_use.php,2026-09-30T18:07:30Z,1,cell=I4-T25-C09-G0; cand=I4-C200; status=200; sha256=7760beb96726; terms: access limited to employees/agents of SDPC members; 1.6 bars distribution
I4-F156,curl,https://sdpc.a4l.org/view_alliance.php?state=IL,2026-09-30T18:07:39Z,1,cell=I4-T25-C09-G0; cand=I4-C200; status=200->error.php (login wall); sha256=58c824658190; state alliance database now requires login; host stopped (no further probing)
I4-Q138,usaspending-api,"POST https://api.usaspending.gov/api/v2/search/spending_by_award_count/ {""filters"":{""program_numbers"":[""16.835""],""time_period"":[{""start_date"":""2007-10-01"",""end_date"":""2026-09-30""}]}}",2026-09-30T18:07:45Z,1,"cell=I4-T23-C10-G0; new=1; dup=0; ALN 16.835 (BWC Policy and Implementation) -> grants=613, contracts=0 (live-read); status=200; cands=I4-C250"
I4-F076,WebFetch,https://archive.legmt.gov/content/Committees/Interim/2023-2024/Law-and-Justice/Meetings/february-2024/7.06-Other-States-on-Facial-Recognition.pdf,2026-09-30T18:07:45Z,0,cell=I4-T11-C04-GS; cand=none; status=error(socket closed); sha256=n/a(webfetch); item=MT; outcome=not-reached; not a challenge
I4-Q138.p1,usaspending-api,"POST https://api.usaspending.gov/api/v2/search/spending_by_award/ {""filters"":{""program_numbers"":[""16.835""],""award_type_codes"":[""02"",""03"",""04"",""05""],""time_period"":[{""start_date"":""2007-10-01"",""end_date"":""2026-09-30""}]},""fields"":[""Award ID"",""Recipient Name"",""Start Date"",""Award Amount"",""Awarding Sub Agency"",""Description"",""Place of Performance State Code"",""CFDA Number""],""limit"":5,""page"":1,""sort"":""Start Date"",""order"":""desc""}",2026-09-30T18:07:46Z,1,"cell=I4-T23-C10-G0; new=0; dup=0; cand=I4-C250; status=200; sha256=63dadc1ebe35; 5 sample rows: award ids 15PBJA24GG045xxBWCX, recipients = agencies (state DOCs, county, DA), amount, PoP state, CFDA 16.835; newest Start Date 2024-10-01 (no FY25 start dates on page 1 sorted desc); hasNext=true"
I4-Q159,sec-edgar-fts,https://efts.sec.gov/LATEST/search-index?q=%22photo%20enforcement%22&forms=10-K,2026-09-30T18:07:46Z,2,"cell=I4-TRES-C02-G0; new=2; dup=0; probe class T09 ATE (NEW-8, zero-concept class); 54 hits, 9 distinct filers (Verra Mobility x9 incl 10-K/A, Conduent x4 FY2020-2023, Rekor FY2021, Brekford FY2013, Cobra 2010, ACS 2003, Nestor 2005, Xerox FY2013); fetched via WebFetch (status 200); efts host 1/2"
I4-Q160,socrata-discovery,https://api.us.socrata.com/api/catalog/v1?q=shotspotter&limit=50,2026-09-30T18:07:46Z,7,"cell=I4-TRES-C03-G0; new=2; dup=0; probe class T13 (GSD alert datasets; T13 has no dedicated C03 cell); resultSetSize=6: Chicago 3h7q-7mdb + 5 Oakland 2013-2015 datasets (family+5 targets); curl 200 sha256=5d90564f594b; metadata-only (column names), no rows; api.us.socrata.com 1/3"
I4-Q112,WebSearch,105 ILCS 85/27 school post list of operators written agreements website SOPPA Gaggle GoGuardian,2026-09-30T18:07:47Z,1,"cell=I4-T25-C09-G0; new=1; dup=0; leads: ISBE SOPPA-Contracts page; IL district SOPPA pages (rths193, urs86, kcud229, ses44); statute verified at ftp.ilga.gov -> I4-C201"
I4-Q113,WebSearch,Connecticut 10-234bb board of education post contract student data website within five business days list of contracts,2026-09-30T18:07:47Z,1,cell=I4-T25-C09-G0; new=1; dup=0; leads: PA 18-125 at cga.ct.gov -> I4-C202; NHPS goguardian salesource PDF (CT district posting exemplar; refused 406); boardbook org=2447
I4-Q081,usaspending-api,POST https://api.usaspending.gov/api/v2/search/spending_by_award_count/ {filters:{keywords:[same 16 SMM terms]}},2026-09-30T18:07:49Z,1,"cell=I4-T20-C16-G0; new=0; dup=1; status=200; sha256=3667c607286a; prime counts: contracts 1899, idvs 27, grants 12, loans 27, direct_payments 7 (loans/direct payments likely generic-term noise e.g. Cobwebs/LifeRaft) -> merged into I4-C152"
I4-Q082,usaspending-api,"POST https://api.usaspending.gov/api/v2/search/spending_by_award/ {subawards:true,filters:{award_type_codes:[02..11],keywords:[same 16 SMM terms]},limit:100}",2026-09-30T18:07:50Z,1,"cell=I4-T20-C16-G0; new=1; dup=0; status=200; sha256=30120cb254c7; 24 subgrant rows (hasNext=false); local SMM purchases: Marion County Sheriff (IN) Skopenow $133,000 2023-09-20 via Indiana DHS; City of Indianapolis IMPD Dataminr First Alert $80,000 2023-09-15; Wyoming AG Cobwebs web-intelligence $182,000 2023-11-07; OK Dept of Emergency Mgmt Dataminr $88,128; Shelby County (TN) Pen-Link $53,334 2020; Austin & Fort Worth fusion-centre projects (TX Governor); noise: Democracy International/Tunisia, Meltwater (media monitoring), NORC/IACP research; out-of-cell->I4-T20-C09-G0 -> I4-C154"
I4-Q033,WebSearch,"""automated traffic enforcement"" annual report to the legislature state DOT 2025 speed camera program report",2026-09-30T18:07:58Z,4,cell=I4-T09-C04-GS; new=4; dup=0; rows C067-C070; leads WTSC 2026 report (WA) + Seattle ATSC annual report + NYC DOT speed camera report on a860-gpp.nyc.gov
I4-F041,WebFetch,https://wtsc.wa.gov/wp-content/uploads/dlm_uploads/2026/06/2026-Automated-Safety-Enforcement-Report_WTSC.pdf,2026-09-30T18:07:58Z,1,cell=I4-T09-C04-GS; cand=I4-C067; status=200; sha256=6ea0e2d9ecdc; webfetch-saved PDF bytes (51 pp) text-extracted locally (L038); item=WA; outcome=found
I4-F077,curl,https://archive.legmt.gov/content/Committees/Interim/2023-2024/Law-and-Justice/Meetings/february-2024/7.06-Other-States-on-Facial-Recognition.pdf,2026-09-30T18:07:59Z,0,cell=I4-T11-C04-GS; cand=none; status=000 (LibreSSL SSL_ERROR_SYSCALL); sha256=n/a(no body); item=MT; outcome=not-reached; archive.legmt.gov STOPPED; item=MT inventory memo not-reached
I4-Q007,WebSearch,"site:faa.gov ""part 91"" waivers issued public safety BVLOS drone first responder list",2026-09-30T18:08:02Z,1,"cell=I4-T14-C16-G0; new=1; dup=0; surfaced FAA 'Part 91.113 Waivers Issued' paginated table (https://www.faa.gov/uas/advanced_operations/part_91_waivers/waivers_issued, pages to >=38) + FR-BVLOS-91.113 Waiver Guide; NOT FETCHED (faa.gov stopped at F004) -> LEAD-ONLY I4-C011"
I4-F007,WebFetch,https://www.sovereignmagazine.com/article/faa-bvlos-waivers-500-public-safety-agencies,2026-09-30T18:08:02Z,0,cell=I4-T14-C16-G0; cand=none; status=404; sha256=n/a(webfetch); 551/535/506/48 figures remain LEAD (search snippet only)
I4-F008,WebFetch,https://www.muckrock.com/news/archives/2014/oct/06/faa-has-finally-released-its-list-government-agenc/,2026-09-30T18:08:02Z,1,cell=I4-T14-C16-G0; cand=I4-C004; status=403; sha256=n/a(webfetch); HOST STOP muckrock.com
I4-F157,WebFetch,https://www.ilga.gov/legislation/ilcs/fulltext.asp?DocName=010500850K27,2026-09-30T18:08:03Z,0,cell=I4-T25-C09-G0; cand=I4-C201; status=error(tls: unable to verify first certificate); sha256=n/a(webfetch)
I4-F158,WebFetch,https://www.isbe.net/Pages/SOPPA-Contracts.aspx,2026-09-30T18:08:03Z,1,cell=I4-T25-C09-G0; cand=I4-C201; status=200; sha256=n/a(webfetch); ISBE own SOPPA contract list under 105 ILCS 85/28; page marked archived; dynamic search showed 0 entries to fetcher
I4-Q161,WebSearch,"""electronic monitoring"" 50-state survey statutes pretrial parole reporting requirements annual report legislature",2026-09-30T18:08:04Z,1,"cell=I4-TRES-C04-GS; new=1; dup=0; probe class T24 EM chosen over T23 BWC: T24 has no I1-hosted source and no dedicated cell, whereas BWC has Atlas 5,470 rows + T23-C10/C05 cells; inventory-first hit: FFJC 50-state EM fee survey (2022); no 50-state EM reporting-duty inventory surfaced (negative); OJP NCJRS abstracts not followed"
I4-Q162,WebSearch,"state police policy ""digital forensics"" OR ""mobile device extraction"" OR ""social media monitoring"" directive posted site:.gov state patrol",2026-09-30T18:08:04Z,1,"cell=I4-TRES-C05-GS; new=1; dup=0; probe class T19 (state-level forensics policy; FOR 0/1 hosted); hit: Michigan State Police Order 07-09 Cellebrite policy on public.powerdms.com/MSP1917; other hits are city-level (Seattle, SFPD STP, NYPD POST-Act DFAT policy = CCOPS lane I6) or UK (out of scope); Utah SB0019 (2026) lead not followed"
I4-Q163,WebSearch,"city council approves ""speed camera"" OR ""red light camera"" contract ""Verra Mobility"" OR ""RedSpeed"" OR ""Blue Line Solutions"" OR ""Altumint"" agenda item 2025",2026-09-30T18:08:04Z,2,"cell=I4-TRES-C07-G0; new=2; dup=0; probe class T09 ATE agenda approvals; leads: Modesto CA (Verra, $3.69M/5y), Providence RI (Verra), Charles City IA (Altumint), Culver City CA (Verra, fetched), Minneapolis MN, NYC red-light expansion (journalism); second candidate = configure-existing-connector finding (agenda vocab lacks ATE, L084)"
I4-Q083,sec-edgar-fts,https://efts.sec.gov/LATEST/search-index?q=%22Cellebrite%22%20%22law%20enforcement%22%20customers&forms=20-F,2026-09-30T18:08:08Z,1,"cell=I4-T19-C02-G0; new=1; dup=0; status=200; sha256=n/a(webfetch); 9 hits: Cellebrite DI Ltd 20-F FY2021-FY2025 (+20-F/A 2024-04-12); latest 0001628280-26-013790 filed 2026-03-03 cele-20251231.htm; SuperCom (T24 EM, out-of-cell->I4-T24) and Ceragon (noise) -> I4-C153"
I4-F078,WebFetch,https://www.techpolicy.press/status-of-state-laws-on-facial-recognition-surveillance-continued-progress-and-smart-innovations/,2026-09-30T18:08:10Z,0,cell=I4-T11-C04-GS; cand=none; status=200; sha256=n/a(webfetch); inventory (J. Laperruque 2025-01-06) 15 states; does not isolate reporting duties; used as shortlist only
I4-F159,curl,https://www.ilga.gov/legislation/ilcs/fulltext.asp?DocName=010500850K27,2026-09-30T18:08:16Z,0,"cell=I4-T25-C09-G0; cand=I4-C201; status=403; sha256=b0ceea185fa1; ILGA automated-request block; www.ilga.gov STOPPED for batch; 403 page itself directs automated clients to the public file repository ftp.ilga.gov (publisher-designated channel, not a mirror)"
I4-L083,local:connectors/src/connectors/data/sources.toml,dedupe.sh ahdatalytics airdata skydio brinc verra sec.gov efts data.cityofchicago.org data.oaklandca.gov finesandfees powerdms taginfo speed_camera osm bjs.ojp.gov icpsr lemas catalog.data.gov a860-gpp sanfranciscopolice wpb.org culvercity 'red light' 'speed camera',2026-09-30T18:08:22Z,0,"cell=I4-TRES-C01-G0; new=0; dup=0; file=connectors/src/connectors/data/sources.toml; sha256=4aad5d345ab6; matches: powerdms_public_portals (gated), osm_taginfo/osm_overpass/osm_surveillance_tagging, camreg_chicago_il (Chicago speed+red-light), leaic_crosswalk (ICPSR login precedent); no match for ahdatalytics/airdata/skydio/verra/sec.gov/efts/oakland/FFJC/bjs/a860-gpp"
I4-Q164,WebSearch,"""request for proposals"" ""automated speed enforcement"" OR ""school zone speed"" camera program city 2025 RFP bid",2026-09-30T18:08:22Z,1,"cell=I4-TRES-C09-G0; new=1; dup=0; probe class T09 chosen over T23 BWC/Evidence.com: T09 is zero-concept (NEW-8) with no registered procurement signal, BWC has Atlas 5,470 + T23-C10 grants; leads: Berwyn Heights MD, Orting WA, New Port Richey FL RFP25-020, Charlotte County FL, West Palm Beach FL (fetched), Gwinnett County GA RP018-26, Brunswick GA, Dallas GA ITB 2024-08 — a FL/GA school-zone-speed RFP wave"
I4-Q165,WebSearch,crowdsourced map database speed cameras red light cameras United States locations open data community-maintained,2026-09-30T18:08:22Z,1,"cell=I4-TRES-C15-G0; new=1; dup=0; probe class T09 (crowdsourced ATE maps); results mostly city open data (Chicago/Philadelphia/DC = T09-C03 cell, already registered for Chicago) and commercial crowdsourced DBs (PhantomAlert, Njection, HERE Safety Cameras = proprietary/PAID, not captured); followed OSM via taginfo (registered: related)"
I4-Q166,WebSearch,"Bureau of Justice Statistics ""body-worn camera"" survey law enforcement agencies LEMAS-BWCS data tables",2026-09-30T18:08:22Z,1,"cell=I4-TRES-C16-G0; new=1; dup=0; probe class T23 (class-specific federal statistical series; multi-class LEMAS core = I6, not searched); leads: ICPSR 37302 (login = operator action), bjs.ojp.gov bwclea16.pdf report, data.gov catalog entry"
I4-F079,WebFetch,https://law.lis.virginia.gov/vacode/title15.2/chapter17/section15.2-1723.2/,2026-09-30T18:08:23Z,1,"cell=I4-T11-C04-GS; cand=I4-C104; status=200; sha256=n/a(webfetch); item=VA; outcome=found; current(pre-2026-07-01) version: chief of police/sheriff must publicly post and annually update report by April 1 (queries, unauthorized access, vendor, demographic performance); VSP model policy; DPS-approved tech (NIST FRVT, 98%); version effective 2026-07-01 eliminates these and bars local purchase/deploy unless expressly authorized by statute; (c) Commonwealth of Virginia All rights reserved (DLAS)"
I4-F080,WebFetch,https://www.arvadaco.gov/917/Facial-Recognition-Technology,2026-09-30T18:08:23Z,1,"cell=I4-T11-C04-GS; cand=I4-C103; status=200; sha256=n/a(webfetch); item=CO; outcome=found; Arvada PD accountability report per CRS 24-18-301..309; Lumen (LexisNexis) via Colorado Information Sharing Consortium (CISC); draft 2023-09-13; council approval 2023-10-23; impl 2024-01-21; 2025 stats 97/13,396 investigations; report /DocumentCenter/View/2256; policy PM 703; CivicPlus"
I4-F106,WebFetch,https://www.sec.gov/Archives/edgar/data/1854587/000162828026013790/cele-20251231.htm,2026-09-30T18:08:23Z,1,cell=I4-T19-C02-G0; cand=I4-C153; status=200; sha256=n/a(webfetch); the vendor states >90% of 2023-2025 revenue from public-sector customers and US federal ~16% of 2025 revenue; no customer count found in fetched text (WebFetch may truncate a long 20-F)
I4-F160,curl,https://ftp.ilga.gov/,2026-09-30T18:08:27Z,0,cell=I4-T25-C09-G0; cand=I4-C201; status=200; sha256=7314eefc693e; ILGA File Repository (content synced nightly from ILGA production per 403 notice)
I4-F187,curl,https://omb.illinois.gov/PUBLIC/GATA/CSFA/Program.aspx?csfa=3496,2026-09-30T18:08:27Z,1,cell=I4-T23-C10-G0; cand=I4-C252; status=200; sha256=531af53d95cb; CSFA 569-00-3496 ILETSB Law Enforcement Camera Grant; authority 50 ILCS 706/707; SAFE-T Act required all LEAs BWC by 2025-01-01; links AwardList.aspx?CSFA=3496
I4-L001,local:docs/build/logs/next-phase/I1/atlas.csv,"domain-frequency table of the Atlas I4 partition (I2 §5.7 order: drop documentcloud/muckrock, tier-A/B states, I3 technologies; archive links resolved)",2026-09-30T18:08:30Z,0,"cell=integrator-local(all I4 cells); file=docs/build/logs/next-phase/I1/atlas.csv; sha256=dcbf8bc13d14; BWC 7,410 links (nj.gov 464, governor.ohio.gov 342, njoag.gov 322, ptb.illinois.gov 261, doj.state.wi.us 257, lrl.mn.gov 209, bja.ojp.gov 98); Drones 3,555 (dronecenter.bard.edu 910, dps.mn.gov 194, faa.gov 139, flsenate.gov 84, registry.faa.gov 67); Investigative 1,450 (mass.gov 341, cisc.colorado.gov 120, notechforice.com 120); FR 767 (perpetuallineup.org 244, lacris.org 34, whohasyourface.eff.org 29); GSD 347; Predictive 333 (tn.gov 97, themarkup.org 27); Fusion 191 (dhs.gov 64, openthegovernment.org 22); CSS 168 (vocativ.com 51, github.com 46); VA 62; leads passed to batches; timestamp = re-execution of this deterministic local read (first run earlier in the session was not stamped)"
I4-L002,local:connectors/src/connectors/data/sources.toml,"registry rows for I4 classes (aclu_cell_site_simulators, dhs_fusion_centers, faa_drone_waivers, nces_ipeds_ntd_cms, pathways_*, wired_shotspotter_leak)",2026-09-30T18:08:30Z,0,cell=integrator-local(dedupe); file=connectors/src/connectors/data/sources.toml; sha256=4aad5d345ab6; dedupe base for §7.6; timestamp = re-execution of this deterministic local read (first run earlier in the session was not stamped)
I4-L003,local:docs/build/planning/2026-09-30-next-phase/data/search_matrix.csv,"I4 cells (74), priorities, seeds",2026-09-30T18:08:30Z,0,cell=integrator-local(matrix); file=docs/build/planning/2026-09-30-next-phase/data/search_matrix.csv; sha256=87ce41cc7423; 5 P1 / 28 P2 / 41 P3; sum q_min 117; timestamp = re-execution of this deterministic local read (first run earlier in the session was not stamped)
I4-L004,local:tests/connectors/fixtures/pathways/SOURCES.md,pathways fixture provenance index,2026-09-30T18:08:30Z,0,"cell=integrator-local(registry-check); file=tests/connectors/fixtures/pathways/SOURCES.md; sha256=c6aee408a5cb; 9 fixture source_urls (5 documentcloud slugs, 3 eff.org deeplinks, 1 courtlistener docket slug); timestamp = re-execution of this deterministic local read (first run earlier in the session was not stamped)"
I4-L005,local:connectors/src/connectors/data/live_targets.toml,pathways live targets (lines 228-250) and usaspending keyword slice (line 55),2026-09-30T18:08:30Z,0,"cell=integrator-local(registry-check); file=connectors/src/connectors/data/live_targets.toml; sha256=ac4be19505e1; live pathways targets = one EFF page per family (eff.org/issues/face-recognition; /issues/drones; one 2023 Fusus deeplink); line 231 comment acknowledges documentcloud fixture URLs were placeholders; usaspending keywords = 10 terms, none for FR/CSS/forensics/SMM/brokers/BWC/ATE/school tools; timestamp = re-execution of this deterministic local read (first run earlier in the session was not stamped)"
I4-L006,local:docs/build/planning/2026-09-30-next-phase/data/source_coverage.csv,I1 coverage rows for I4 classes,2026-09-30T18:08:30Z,0,cell=integrator-local(dedupe); file=docs/build/planning/2026-09-30-next-phase/data/source_coverage.csv; sha256=a07af6599c18; timestamp = re-execution of this deterministic local read (first run earlier in the session was not stamped)
I4-F042,WebFetch,https://a860-gpp.nyc.gov/concern/nyc_government_publications/dz010v468,2026-09-30T18:08:33Z,1,cell=I4-T09-C04-GS; cand=I4-C070; status=403; sha256=n/a(webfetch); host a860-gpp.nyc.gov STOPPED for batch
I4-F043,WebFetch,https://www.uscourts.gov/data-news/reports/statistical-reports/wiretap-reports/wiretap-report-2024,2026-09-30T18:08:33Z,1,cell=I4-T18-C04-G0; cand=I4-C085; status=200; sha256=n/a(webfetch); table list wire-1..9 A1 B1 (xlsx)
I4-F044,WebFetch,https://www.uscourts.gov/data-news/data-tables/2024/12/31/wiretap/wire-a1,2026-09-30T18:08:33Z,1,cell=I4-T18-C04-G0; cand=I4-C086; status=200; sha256=n/a(webfetch); download link /sites/default/files/document/wiretap_a1_1231.2024.xlsx (279.14 KB)
I4-F161,curl,https://ftp.ilga.gov/ILCS/,2026-09-30T18:08:34Z,0,cell=I4-T25-C09-G0; cand=I4-C201; status=200; sha256=ef7fd8617f94; directory listing
I4-Q140,WebSearch,Ohio Body-Worn Camera Grant Program OCJS award recipients list 2025 agencies amounts,2026-09-30T18:08:36Z,1,cell=I4-T23-C10-G0; new=1; dup=0; leads: dam.assets.ohio.gov OCJS 2025/2026 BWC RFP PDFs; ohiohouse.gov member releases (partial lists); news items ny1/news5 leads only; full awardee list referenced on governor.ohio.gov releases (not surfaced); cands=I4-C253
I4-F188,curl,https://omb.illinois.gov/PUBLIC/GATA/CSFA/AwardList.aspx?CSFA=3496,2026-09-30T18:08:36Z,1,cell=I4-T23-C10-G0; cand=I4-C252; status=200; sha256=eb82d3f23797; structured HTML table Award ID|Grantee Name|Start Date|End Date|Amount; FY selector 2025-2030; 177 <tr> on default view (~176 award rows + header); grantees are units of government (pass)
I4-Q084,WebSearch,"""Cellebrite"" ""sole source"" police site:.gov",2026-09-30T18:08:39Z,0,"cell=I4-T19-C09-G0; new=0; dup=0; leads: NYC City Record sole-source notices (Queens DA, Bronx DA), DeKalb County GA sole-source public notice PDF, Davie FL NTSS notice, Miami-Dade legistar minutes, UK find-tender (out-of-cell->I5), immpolicytracking.org CBP NOI; hits counted after fetch"
I4-Q085,WebSearch,"open checkbook vendor payments ""Cellebrite"" state",2026-09-30T18:08:40Z,2,"cell=I4-T19-C09-G0; new=2; dup=0; leads: Maine DAFS procurement NOI documents (Cellebrite Inseyets renewals), fiscal.wa.gov Checkbook, mass.gov doc 11-15a, SC Magazine state police Cellebrite spend story (journalism); hits counted after fetch -> I4-C155 (Maine PJF/NOI), I4-C156 (WA Open Checkbook)"
I4-F162,curl,https://ftp.ilga.gov/ILCS/Ch%200105/Act%200085/,2026-09-30T18:08:43Z,0,cell=I4-T25-C09-G0; cand=I4-C201; status=200; sha256=n/a(dir listing not hashed); 17 section files for SOPPA
I4-F081,WebFetch,https://mgaleg.maryland.gov/mgawebsite/Legislation/Details/sb0182?ys=2024RS,2026-09-30T18:08:47Z,1,cell=I4-T11-C04-GS; cand=I4-C105; status=200; sha256=n/a(webfetch); item=MD; outcome=found; SB182 2024 ch.808 eff 2024-10-01 CP 2-501..2-510; GOCPP collects from LEAs and reports to General Assembly on or before Oct 1 each year; DPSCS training program by 2026-06-30; statewide model policy; fiscal note + chapter text links
I4-F163,curl,https://ftp.ilga.gov/ILCS/Ch%200105/Act%200085/010500850K27.html,2026-09-30T18:08:47Z,1,cell=I4-T25-C09-G0; cand=I4-C201; status=200; sha256=6e2a436c060b; 105 ILCS 85/27(a)(2) list of operators + copy of each written agreement; (c) post within 10 business days
I4-Q008,WebSearch,state laws law enforcement drone use annual reporting requirement compilation NCSL unmanned aircraft reports legislature,2026-09-30T18:09:00Z,3,"cell=I4-T14-C04-GS; new=3; dup=0; leads MN dps.mn.gov UAV annual reports (+lrl.mn.gov mandated copies), IL ICJIA SFY25 drone report, TX SB 2569 (89R) analysis; no NCSL compilation surfaced"
I4-Q009,WebSearch,"NCSL ""Current Unmanned Aircraft State Law Landscape"" law enforcement reporting registration public agency drones",2026-09-30T18:09:00Z,0,"cell=I4-T14-C04-GS; new=0; dup=0; inventory-first: ASSURE (msstate) summary, NCSL 2016 summary PDF on legislature.vermont.gov; NCSL origin 403 (F010)"
I4-Q141,WebSearch,"""body-worn camera"" grant program awards state (South Carolina ""Public Safety"" OR Colorado DCJ OR Massachusetts EOPSS OR Wisconsin DOJ OR FDLE) awarded agencies",2026-09-30T18:09:00Z,3,"cell=I4-T23-C10-G0; new=3; dup=0; leads: scdps.sc.gov/node/2382 (SC BWC Grant Program Fund), dcj.colorado.gov/body-worn-camera-funding, mass.gov OGR FY25 BWC AGF + press releases, bja.ojp.gov 2017-bwcpip-awards.pdf (annual BJA award list PDF), docs.legis.wisconsin.gov 2021 Act 185 (WI DOJ BWC grants); counts pending fetch; atlasofsurveillance.org rows = related:eff_atlas_of_surveillance; excluded:news (cbs, denver7, cpr, fox6); cands=I4-C254,I4-C255,I4-C256"
I4-F009,WebFetch,https://assure.msstate.edu/uas-law-landscape,2026-09-30T18:09:00Z,0,"cell=I4-T14-C04-GS; cand=none; status=200; sha256=n/a(webfetch); summary only, no state rows; 'Copyright (c) 2026 Mississippi State University. All Rights Reserved.'"
I4-F010,WebFetch,https://www.ncsl.org/transportation/current-unmanned-aircraft-state-law-landscape,2026-09-30T18:09:00Z,0,cell=I4-T14-C04-GS; cand=none; status=403; sha256=n/a(webfetch); HOST STOP ncsl.org; inventory compilation inaccessible
I4-F164,WebFetch,https://cga.ct.gov/2018/ACT/PA/2018PA-00125-R00HB-05444-PA.htm,2026-09-30T18:09:00Z,1,cell=I4-T25-C09-G0; cand=I4-C202; status=200; sha256=n/a(webfetch); PA 18-125 s.10-234bb(g)(1): post notice of contract within five business days; maintain website re all contracts; eff July 1 2018
I4-F189,curl,https://dam.assets.ohio.gov/image/upload/ocjs.ohio.gov/2026_OCJS_BWC_RFP_FINAL.pdf,2026-09-30T18:09:00Z,1,"cell=I4-T23-C10-G0; cand=I4-C253; status=200; sha256=5d34080ca54e; 18pp RFP: 'The average award amount for FY2025 was $34,694.52 (ranging from $1,710.71 - $141,709.51)'; 24-month awards 2025-07-01..2027-06-30; local LEAs via unit of local government; OGMS notification; no recipient list in RFP"
I4-F082,WebFetch,https://legislature.maine.gov/statutes/25/title25sec6001.html,2026-09-30T18:09:04Z,1,"cell=I4-T11-C04-GS; cand=I4-C106; status=200; sha256=n/a(webfetch); item=ME; outcome=found; 25 MRSA 6001(2)(F): State Police + BMV de-identified logs (date, requesting employee name+dept, databases, offense, race/sex of subject) are public records; no periodic report duty; PL 2021 c.394; per-search-audit+officer-name -> block (aggregate lane only)"
I4-F083,WebFetch,https://le.utah.gov/xcode/Title77/Chapter23E/77-23e.html,2026-09-30T18:09:04Z,0,"cell=I4-T11-C04-GS; cand=none; status=200 but JS shell, statute text not rendered; sha256=n/a(webfetch); item=UT; outcome=not-reached; "
I4-F224,curl,https://data.cityofchicago.org/api/views/3h7q-7mdb.json,2026-09-30T18:09:07Z,1,"cell=I4-TRES-C03-G0; cand=I4-C306; status=200; sha256=56585950940c; metadata only (description, licence, column non_null counts); no rows read"
I4-F221,WebFetch,https://drones.ahdatalytics.com/about,2026-09-30T18:09:08Z,1,cell=I4-TRES-C01-G0; cand=I4-C300; status=200; sha256=n/a(webfetch); aggregator methodology + per-vendor agency counts
I4-F222,WebFetch,https://a860-gpp.nyc.gov/concern/nyc_government_publications/pv63g4052,2026-09-30T18:09:08Z,1,cell=I4-TRES-C04-G0; cand=I4-C309; status=403; sha256=n/a(webfetch); host a860-gpp.nyc.gov STOPPED for batch; not retried; no mirror used
I4-F223,WebFetch,https://sf.gov/resource/2023/department-general-order-investigative-social-media-accounts,2026-09-30T18:09:08Z,0,cell=I4-TRES-C05-G0; cand=none; status=200(empty-render); sha256=n/a(webfetch); page body empty to fetcher (JS-rendered); origin PDF fetched instead (F239)
I4-Q114,WebSearch,"boarddocs ""Board.nsf"" Gaggle OR GoGuardian OR Securly OR ""Lightspeed Alert"" approve agreement student safety monitoring",2026-09-30T18:09:11Z,0,"cell=I4-T25-C07-G0; new=0; dup=0; zero BoardDocs hits: engine returns district parent-FAQ pages (nssd112, mtlsd, Austin ISD, whrhs, clarkston, seguin, ccs.edu) — these are district disclosures (C02-like) not board approvals"
I4-Q115,WebSearch,"""HALO"" vape sensors ""board of education"" approve purchase IPVideo OR ""Motorola"" school district agenda 2025",2026-09-30T18:09:11Z,0,"cell=I4-T25-C07-G0; new=0; dup=0; only journalism leads (Anaheim UHSD, Marietta City, Montgomery ISD, NJ ~100 districts); no board-platform documents surfaced"
I4-F045,curl,https://www.uscourts.gov/sites/default/files/document/wiretap_a1_1231.2024.xlsx,2026-09-30T18:09:13Z,1,"cell=I4-T18-C04-G0; cand=I4-C086; status=200; sha256=3a36d24f70d1; single sample document: header + data-definitions sheet inspected (2,178 rows x 26 cols); rows carry judge surname + authorizing official names (institutional roles) -> file DELETED from raw after hashing; no names copied"
I4-Q034,WebSearch,"state attorney general annual report electronic interceptions wiretap legislature ""pen register"" report California Pennsylvania",2026-09-30T18:09:23Z,1,cell=I4-T18-C04-G0; new=1; dup=0; CA OAG annual Electronic Interceptions Reports 2009-2025 (PC 629.62); no PA result; no pen-register report surfaced
I4-Q055,WebSearch,"Maryland ""Governor's Office of Crime Prevention"" ""facial recognition"" annual report General Assembly 2025",2026-09-30T18:09:23Z,1,"cell=I4-T11-C04-GS; new=0; dup=1; item=MD; outcome=found (statute F081); per-agency exemplar MCPD 2025 FR report 404 (F084); merged into I4-C105 notes; lead: MCPD 2025 FR report pdf (snippet: LEAs publish by Feb 1, submit to GOCPYVS by May 1, GOCPYVS to GA by Oct 1 disaggregated by agency - LEAD only); fiscal notes"
I4-Q167,WebSearch,"""Skydio"" transparency dashboard police drone flights public ""DFR Command"" OR ""transparency portal"" agency",2026-09-30T18:09:29Z,1,cell=I4-TRES-C01-G0; new=1; dup=0; P3 continuation (probe yielded); Skydio DFR Command transparency dashboard channel
I4-F225,WebFetch,https://airdata.com/blog/2024/airdata-uav-expands-public-facing-features-to-advance-law-enforcement-transparency,2026-09-30T18:09:29Z,1,cell=I4-TRES-C01-G0; cand=I4-C302; status=200; sha256=n/a(webfetch); vendor statement dated 2024-03-05; portal URL pattern app.airdata.com/u/<agency>
I4-L050,local:connectors/src/connectors/data/procurement_vocab.toml,"connectors/src/connectors/data/procurement_vocab.toml [usaspending_sweep] and [sam_gov_sweep] keywords (lines 560-581, 607-627)",2026-09-30T18:09:30Z,0,cell=I4-T19-C16-G0; file=connectors/src/connectors/data/procurement_vocab.toml; sha256=a6eee1ad5461; 19 reviewed keywords; none for forensics (Cellebrite/GrayKey/Magnet/mobile forensics) or SMM (Babel/Dataminr/ShadowDragon/social media monitoring); live_targets.toml [usaspending] post_body carries only 10 terms (line 55)
I4-F165,curl,https://go.boarddocs.com/robots.txt,2026-09-30T18:09:30Z,0,"cell=I4-T25-C07-G0; cand=I4-C203; status=403; sha256=cf8fa114093c; CloudFront ""Request blocked"" to default curl UA even for robots.txt; go.boarddocs.com STOPPED for batch; consistent with agenda_tenants platform_census go.boarddocs.com outcome=access_restricted (2026-09-17)"
I4-L051,local:connectors/src/connectors/data/sources.toml,grep usaspending/procportal_nyc_ny/pathways_fr_css_forensics + dedupe.sh vendor terms,2026-09-30T18:09:31Z,0,"cell=I4-T19-C16-G0; file=connectors/src/connectors/data/sources.toml; sha256=n/a(grep); usaspending live (CC0-1.0, sources.toml:935); procportal_nyc_ny live (dg92-zbpx City Record Online, sources.toml:2687); zero registry hits for cellebrite/graykey/grayshift/magnet forensics/babel street/dataminr/shadowdragon/geofeedia/brennan/upturn"
I4-Q086,socrata-discovery,https://data.cityofnewyork.us/resource/dg92-zbpx.json?$select=count(*)&$q=cellebrite,2026-09-30T18:09:33Z,0,cell=I4-T19-C09-G0; new=0; dup=1; status=200; aggregate count only (no rows read): 9 City Record Online notices full-text-match cellebrite -> registry same-as:procportal_nyc_ny (live); confirms live source already carries T19 sole-source notices (Queens/Bronx DA leads from I4-Q084); whether the connector classifier keeps them is unverified
I4-F046,curl,https://oag.ca.gov/system/files/media/annual-rept-legislature-2025.pdf,2026-09-30T18:09:33Z,1,cell=I4-T18-C04-G0; cand=I4-C087; status=200; sha256=9503e786cee1; 84 pp; text-extracted locally
I4-Q087,socrata-discovery,"https://data.cityofnewyork.us/resource/dg92-zbpx.json?$select=agency_name,count(*)&$q=cellebrite OR graykey OR grayshift OR dataminr OR ""magnet forensics""&$group=agency_name",2026-09-30T18:09:35Z,0,"cell=I4-T19-C09-G0; new=0; dup=0; status=200; returned [] -> $q treats OR string as literal phrase; not retried (query-syntax miss, not absence)"
I4-F084,WebFetch,https://www.montgomerycountymd.gov/pol/Resources/Files/Annual-Reports/Facial%20Regonition/MCPD%202025%20Facial%20Recognition%20Report.pdf,2026-09-30T18:09:35Z,1,cell=I4-T11-C04-GS; cand=I4-C105; status=404; sha256=n/a(webfetch); MD per-agency report exemplar not verified
I4-F166,curl,https://meetings.boardbook.org/Documents/DownloadPDF/67aa3a16-d45e-4454-a8aa-4cb2cde820f8?org=1425,2026-09-30T18:09:39Z,0,cell=I4-T25-C07-G0; cand=I4-C204; status=400; sha256=e3b0c44298fc(empty); BoardBook Premier DownloadPDF answers 400 empty body to a direct GET (search-engine-indexed URL not directly retrievable)
I4-Q056,WebSearch,"Detroit Police ""facial recognition"" weekly report Board of Police Commissioners",2026-09-30T18:09:41Z,1,"cell=I4-T11-C05-G0; new=1; dup=0; Detroit BOPC weekly FR report series -> I4-C108; leads: detroitmi.gov 2020 weekly DPD FR usage PDFs; bridgedetroit coverage (journalism, leads only)"
I4-Q116,WebSearch,"simbli.eboardsolutions.com Gaggle OR GoGuardian OR Securly OR ""Navigate360"" OR ""Raptor Technologies"" agreement approval",2026-09-30T18:09:49Z,0,"cell=I4-T25-C07-G0; new=0; dup=0; zero Simbli hits (Simbli meeting docs not indexed); leads only: MuckRock Seguin Gaggle request (I6 lane, not followed); vendor/marketing pages excluded:marketing"
I4-F011,WebFetch,https://legislature.vermont.gov/Documents/2016/WorkGroups/House%20Judiciary/Bills/S.155/S.155~Erik%20FitzPatrick~NCSL%20State%20and%20Federal%20Drone%20Law%20Summary~3-15-2016.pdf,2026-09-30T18:09:49Z,0,cell=I4-T14-C04-GS; cand=none; status=200; sha256=a6be5d71e009; NCSL 2016 snapshot used as partial inventory (see I4-L028): NV AB 239 (2015) 'requires the creation of a registry of all UAS operated by public agencies in the state'
I4-Q035,WebSearch,site:legistar.com ShotSpotter SoundThinking agreement renewal 2025,2026-09-30T18:09:50Z,0,"cell=I4-T13-C07-G0; new=0; dup=0; no legistar.com hits; vendor PR + news only (NYPD renewal PR = vendor statement, not fetched); Toledo granicusideas agenda item LEAD only (not fetched)"
I4-F167,WebFetch,https://meetings.boardbook.org/Documents/DownloadPDF/47149418-143c-4684-ac28-64f22857d0b6?org=1425,2026-09-30T18:09:50Z,0,cell=I4-T25-C07-G0; cand=I4-C204; status=400; sha256=n/a(webfetch); same 400; no further BoardBook fetches
I4-L085,local:docs/build/logs/next-phase/I4/G_resid/raw/F229_msp_powerdms_2066379.pdf,pypdf text extraction (uv ephemeral),2026-09-30T18:09:55Z,0,cell=I4-TRES-C05-GS; new=0; dup=0; file=raw/F229_msp_powerdms_2066379.pdf; sha256=4fa915dfaef5; 3 pages; Order 07-09 text
I4-F085,WebFetch,https://detroitmi.gov/sites/detroitmi.localhost/files/2020-06/DPD%20Report%20on%20Facial%20Recognition%20Usage%20%20060120%20-%20060720.pdf,2026-09-30T18:09:55Z,1,"cell=I4-T11-C05-G0; cand=I4-C108; status=200; sha256=faca9b575a3c (tool-saved binary); L041 pypdf: 2pp Tableau; 'Weekly Report on Facial Recognition' pursuant to DPD Directive 307.5-5.1; weekly/QTD/YTD counts of crimes, leads (match/no match/in progress), policy violations (0), race/gender/source of probe photo (PGL, security camera, social media); aggregate only"
I4-F226,WebFetch,https://www.skydio.com/software/dfr-command,2026-09-30T18:09:55Z,1,cell=I4-TRES-C01-G0; cand=I4-C301; status=200; sha256=n/a(webfetch); vendor states published fields; example dashboard URL cloud.skydio.com/dashboard/wichita
I4-F227,WebFetch,https://www.sec.gov/Archives/edgar/data/1682745/000119312526067293/,2026-09-30T18:09:55Z,1,cell=I4-TRES-C02-G0; cand=I4-C304; status=200; sha256=n/a(webfetch); filing index; primary doc vrrm-20251231.htm; XBRL zip present; www.sec.gov 1/3
I4-F228,WebFetch,https://finesandfeesjusticecenter.org/articles/electronic-monitoring-fees-a-50-state-survey-of-the-costs-assessed-to-people-on-e-supervision/,2026-09-30T18:09:55Z,1,"cell=I4-TRES-C04-GS; cand=I4-C310; status=200; sha256=n/a(webfetch); item=US-50+DC; outcome=found (inventory of EM fee statutes, not reporting duties)"
I4-F229,WebFetch,https://public.powerdms.com/MSP1917/documents/2066379,2026-09-30T18:09:55Z,1,cell=I4-TRES-C05-GS; cand=I4-C312; status=200(application/pdf 252.4KB); sha256=4fa915dfaef5 (saved PDF copied to raw/F229_msp_powerdms_2066379.pdf); text extracted locally (L085); item=US-MI; outcome=found
I4-F168,WebFetch,https://ousd.granicusideas.com/meetings/2553-board-of-education-on-2023-11-16-4-00-pm-special-meeting/agenda_items/655562527d7965e8680094e3-e-dot-133-23-2577-ratification-by-the-board-of-educat,2026-09-30T18:10:02Z,1,"cell=I4-T25-C07-G0; cand=I4-C205; status=200; sha256=n/a(webfetch); OUSD Legistar file 23-2577: ratify services agreement w/ BorderLAN for GoGuardian Teacher NTE $92,012.20, 2023-09-01..2024-08-31"
I4-F190,curl,https://scdps.sc.gov/node/2382,2026-09-30T18:10:02Z,1,"cell=I4-T23-C10-G0; cand=I4-C254; status=200; sha256=699ba41d3170; SC BWC Grant Program (OHSJP, state-appropriated): 'The total amount of BWC Grant Program funding received since FY 2016 is $45.54 million. A total of 291 qualifying entities have received BWC grant awards in the amount of $44.85 million since FY 2017.'; SFY-2027 applications 2026-03-09..04-03 via IntelliGrants; no recipient list linked on page (only 2027 application instructions PDF)"
I4-F191,curl,https://dcj.colorado.gov/body-worn-camera-funding,2026-09-30T18:10:04Z,0,cell=I4-T23-C10-G0; cand=I4-C256; status=403; sha256=4434a8140658; CloudFront 'Request blocked' -> dcj.colorado.gov STOPPED for batch (R4); LEAD-ONLY
I4-L028,local:raw/F011 NCSL 2016 PDF (pypdf text extraction),extract text of NCSL 2016 drone-law summary saved by F011,2026-09-30T18:10:05Z,0,cell=I4-T14-C04-GS; file=tool-results webfetch pdf; sha256=a6be5d71e009; 4pp; 2015 enactments only; NV AB 239 public-agency UAS registry; ME LD 25 approval before acquisition
I4-L041,local:docs/build/logs/next-phase/I4/C_frt_css/raw/detroit_dpd_fr_usage_060120_060720.pdf,docs/build/logs/next-phase/I4/C_frt_css/raw/detroit_dpd_fr_usage_060120_060720.pdf,2026-09-30T18:10:10Z,1,cell=I4-T11-C05-G0; file=docs/build/logs/next-phase/I4/C_frt_css/raw/detroit_dpd_fr_usage_060120_060720.pdf; sha256=faca9b575a3c; pypdf text extraction.
I4-Q036,legistar-api:oakland,"https://webapi.legistar.com/v1/oakland/matters?$filter=substringof('ShotSpotter',MatterTitle) or substringof('SoundThinking',MatterTitle)&$top=100",2026-09-30T18:10:11Z,1,"cell=I4-T13-C07-G0; new=1; dup=0; sha256=7e981ddadfb9; 19 matters 2006-06-22..2025-05-06 (resolutions, contract amendments, sole-source waiver 2006, annual report 2024)"
I4-Q037,legistar-api:cleveland,"https://webapi.legistar.com/v1/cleveland/matters?$filter=substringof('ShotSpotter',MatterTitle) or substringof('SoundThinking',MatterTitle)&$top=100",2026-09-30T18:10:11Z,0,"cell=I4-T13-C07-G0; new=0; dup=0; sha256=aba46c2b544b; HTTP 500 ""LegistarConnectionString setting is not set up in InSite for client: cleveland"" (consistent with registry: cleveland is novusagenda no_bounded_api)"
I4-Q057,WebSearch,"""facial recognition"" annual report police department number of searches leads 2024 OR 2025 site:.gov",2026-09-30T18:10:11Z,2,"cell=I4-T11-C05-G0; new=0; dup=2; Detroit series 2024-02..2026-01 confirmed -> merged into I4-C108; MA State Police FR report lead (malegislature HD4719, F086 socket error) -> merged into I4-C107; leads: detroitmi.gov/sites/detroitmi.localhost/files/events/<yyyy-mm>/<yymmdd> BOPC Facial Rec Report.pdf series 2024-02..2026-01; malegislature.gov/Bills/194/HD4719.pdf (MSP FR report snippet -> C04 item MA); MCPD 2025 (404 earlier)"
I4-Q142,WebSearch,"body-worn camera policy scorecard OR database dataset police departments (Upturn ""Leadership Conference"" OR ""Brennan Center"" OR ""Police Body Camera Policies"")",2026-09-30T18:10:13Z,1,"cell=I4-T23-C05-G0; new=1; dup=0; leads: LCCHR/Upturn BWC scorecard (civilrights.org 2016-08-02; 50->75 depts); bja.ojp.gov policyscoreboard.pdf (BJA BWC TTA policy-review scorecard template); no Brennan BWC database surfaced; excluded:news (statescoop, route-fifty); issuelab/mayfirst = mirrors; cands=I4-C257"
I4-F192,curl,https://www.mass.gov/news/healey-driscoll-administration-awards-nearly-35-million-for-police-body-worn-cameras,2026-09-30T18:10:13Z,1,"cell=I4-T23-C10-G0; cand=I4-C255; status=200; sha256=fb2bc36dee88; OGR/EOPSS release 3/03/2026: '32 local police departments ... final round of grants'; program via FY22-FY26 Capital Plan; 'Since FY22 ... nearly $13 million'; first four years '144 local police departments ... more than 4,800 body-worn cameras'; recipient list in release body; links /info-details/law-enforcement-body-worn-camera-bwc-program"
I4-F012,WebFetch,https://dps.mn.gov/divisions/bca/data-and-reports/uav-uav-annual-reports,2026-09-30T18:10:18Z,1,"cell=I4-T14-C04-GS; cand=I4-C005; status=200; sha256=n/a(webfetch); 2020-2025 reports + 2020 addendum, all PDF on assets.dps.mn.gov/files/bca/; item=US-MN; outcome=found"
I4-F230,WebFetch,https://www.sec.gov/Archives/edgar/data/1682745/000119312526067293/vrrm-20251231.htm,2026-09-30T18:10:20Z,1,cell=I4-TRES-C02-G0; cand=I4-C304; status=200; sha256=n/a(webfetch); 5.0MB doc; fetcher summary may be truncated — camera/program counts 'not disclosed in the Business section provided' is a weak negative; www.sec.gov 2/3
I4-F231,WebFetch,https://content.govdelivery.com/accounts/CACULVER/bulletins/3b85fae,2026-09-30T18:10:20Z,1,cell=I4-TRES-C07-G0; cand=I4-C313; status=200; sha256=n/a(webfetch); city council meeting summary 2024-09-27; links to Legistar staff report (not fetched)
I4-F232,WebFetch,https://www.wpb.org/Bids/RFP-25.26.200-SS-Speed-Detection-Camera-System-for-School-Zones,2026-09-30T18:10:20Z,1,"cell=I4-TRES-C09-G0; cand=I4-C315; status=200; sha256=n/a(webfetch); documents on DemandStar (registered, gated)"
I4-F086,WebFetch,https://malegislature.gov/Bills/194/HD4719.pdf,2026-09-30T18:10:25Z,1,cell=I4-T11-C05-G0; cand=I4-C107; status=error(socket closed); sha256=n/a(webfetch); item=MA; outcome=not-reached; item=MA not verified (mass.gov 403 F071; malegislature socket error); snippet-lead only: MSP 45 requests 2023-09-01..2024-09-30; surfaced by I4-Q057 (C05); item belongs to the I4-T11-C04-GS enumeration
I4-F087,WebFetch,https://detroitmi.gov/sites/detroitmi.localhost/files/events/2026-01/251229%20BOPC%20Facial%20Rec%20Report.pdf,2026-09-30T18:10:25Z,1,"cell=I4-T11-C05-G0; cand=I4-C108; status=200; sha256=74c076aebfff (tool-saved binary); L042 pypdf: same weekly format, week 2025-12-22..28, Q4 QTD, 2025 YTD, 0 policy violations; series continues under events/<yyyy-mm>/"
I4-Q117,legistar-api:ousd,"https://webapi.legistar.com/v1/ousd/matters?$filter=substringof('GoGuardian',MatterTitle) or substringof('Gaggle',MatterTitle) or substringof('Securly',MatterTitle) or substringof('Lightspeed',MatterTitle) or substringof('Navigate360',MatterTitle) or substringof('Raptor',MatterTitle) or substringof('Evolv',MatterTitle)&$select=MatterId,MatterFile,MatterTitle,MatterIntroDate,MatterStatusName,MatterBodyName",2026-09-30T18:10:29Z,1,"cell=I4-T25-C07-G0; new=1; dup=0; status=200; sha256=4ff30bc670e0; 33 rows, 2 true T25 hits (21-0665 GoGuardian CSDPA Exhibit E piggyback via Ed Tech JPA; 23-2577 GoGuardian Teacher via BorderLAN); 31 false positives (substring Evolv in Revolving/Evolve Coaching); proves registered legistar tenants for school boards are a keyword-reusable channel; rows contain no student data (matter titles only)"
I4-F013,curl,https://assets.dps.mn.gov/files/bca/2025-Use-of-Unmanned-Aerial-Vehicles.pdf,2026-09-30T18:10:32Z,1,"cell=I4-T14-C04-GS; cand=I4-C005; status=200; sha256=3cd1eb2e8861; 24pp legislative report June 15, 2026; 135 agencies reporting; 9,080 warrantless uses 2025 (6,603 in 2024); costs $1,312,332.76; by-agency uses + per-agency reason-code submissions; no addresses observed"
I4-F014,WebFetch,https://icjia.illinois.gov/about/publications/sfy-25-drone-surveillance-report,2026-09-30T18:10:32Z,0,"cell=I4-T14-C04-GS; cand=I4-C006; status=200; sha256=n/a(webfetch); JS SPA shell, no content"
I4-F233,curl,https://taginfo.geofabrik.de/north-america:us/api/4/tag/stats?key=highway&value=speed_camera,2026-09-30T18:10:32Z,1,cell=I4-TRES-C15-G0; cand=I4-C316; status=200; sha256=b86e5144e6c8; US nodes=1383; data_until 2026-09-29T20:22:51Z
I4-Q038,WebSearch,"""gunshot detection"" city council agenda item SoundThinking renew agreement square miles 2025 primegov OR granicus OR civicplus",2026-09-30T18:10:37Z,1,cell=I4-T13-C07-G0; new=1; dup=0; Pasadena agenda report fetched; Sacramento contract posting (404); Sparks/Detroit news = leads; excluded:social/news-only items
I4-L084,local:connectors/src/connectors/data/agenda_content_vocab.toml,"grep red.light|speed.camera|verra|photo.enforce|traffic.enforce in agenda_content_vocab.toml, legislation_vocab.toml, openstates_plan.toml",2026-09-30T18:10:39Z,1,"cell=I4-TRES-C07-G0; new=0; dup=0; file=connectors/src/connectors/data/agenda_content_vocab.toml; sha256=9e712ece2aa9; agenda vocab has 15 categories (alpr..contract_notice) incl drone(:108), social_media_monitoring(:175) but NO ATE category; legislation_vocab.toml:166 (sha256=a422f6597672) and openstates_plan.toml:70-79 DO carry ATE patterns -> configure-existing-connector finding (I4-C314)"
I4-F234,curl,https://taginfo.geofabrik.de/north-america:us/api/4/key/values?key=enforcement&sortname=count&sortorder=desc&rp=15&page=1,2026-09-30T18:10:39Z,1,"cell=I4-TRES-C15-G0; cand=I4-C316; status=200; sha256=db7ee08a4224; 24 distinct values; traffic_signals 411, red_light_camera 236, maxspeed 200, 'traffic signals' 139; taginfo.geofabrik.de 2/3"
I4-L042,local:docs/build/logs/next-phase/I4/C_frt_css/raw/detroit_bopc_fr_251229.pdf,docs/build/logs/next-phase/I4/C_frt_css/raw/detroit_bopc_fr_251229.pdf,2026-09-30T18:10:40Z,1,cell=I4-T11-C05-G0; file=docs/build/logs/next-phase/I4/C_frt_css/raw/detroit_bopc_fr_251229.pdf; sha256=74c076aebfff; pypdf text extraction.
I4-L062,local:connectors/src/connectors/data/agenda_tenants.toml,tenants.ousd jurisdiction label,2026-09-30T18:10:40Z,0,"cell=I4-T25-C07-G0; file=connectors/src/connectors/data/agenda_tenants.toml; sha256=f59ccb2b8fe1; tenants.ousd jurisdiction = ""Unified School District, SD"" (l.2950) — contradicted by I4-Q117 matter titles (Oakland Public Education Fund, Oakland CA; ""OUSD Account"") -> findings candidate"
I4-F193,curl,https://www.bwcscorecard.org/,2026-09-30T18:10:46Z,0,"cell=I4-T23-C05-G0; cand=I4-C257; status=000(TLS SSL_ERROR_SYSCALL, no response); sha256=n/a(no-bytes); scorecard origin host not serving -> origin appears dead; not retried"
I4-F194,WebFetch,https://civilrights.org/2016/08/02/scorecard-of-50-local-police-body-camera-programs-shows-nationwide-failure-to-protect-civil-rights-and-privacy/,2026-09-30T18:10:50Z,1,"cell=I4-T23-C05-G0; cand=I4-C257; status=200; sha256=n/a(webfetch); LCCHR release 2016-08-02: 50 departments, 8 criteria, 'No department fully met the criteria for all eight categories'; scorecard URL https://www.bwcscorecard.org/; site terms civilrights.org/terms-conditions 'All rights reserved'"
I4-Q058,WebSearch,"regional facial recognition system participating agencies list LACRIS OR ""Pinellas FACES"" OR ""Statewide Network of Agency Photos"" OR ""Colorado Information Sharing Consortium"" Lumen",2026-09-30T18:10:51Z,2,"cell=I4-T11-C09-G0; new=2; dup=0; SNAP (michigan.gov 403) -> I4-C113 LEAD-ONLY; LACRIS RFP582-SH (lasd.org challenge) -> I4-C114 LEAD-ONLY; CO leads (Brighton FRS accountability report, Mead policy) merged into I4-C102 notes; leads: michigan.gov MSP SNAP page + SNAP acceptable use policy + public.powerdms.com/MSP1917; lasd.org RFP582-SH Appendix A SOW (LACRIS); brightonco.gov FRS Accountability Report (CO C04 lead); townofmead.org FR use & accountability policy (CO); Atlas pages (derived)"
I4-F047,curl,https://ww2.cityofpasadena.net/2025%20Agendas/Jan_27_25/AR%202.pdf,2026-09-30T18:10:52Z,1,cell=I4-T13-C07-G0; cand=I4-C077; status=200; sha256=f7299102f12a; 4 pp agenda report
I4-F048,curl,https://www.cityofsacramento.gov/content/dam/portal/clerk/contract-10-day-posting/2025-01291%20Agreement%20-%20Gunfire%20Detection%20System%20(Two-Thirds%20Vote%20Required).pdf,2026-09-30T18:10:52Z,0,cell=I4-T13-C07-G0; cand=none; status=404; sha256=e0c3c8f50744 (html 404 body); contract 10-day posting removed after posting window
I4-F015,curl,https://icjia.illinois.gov/about/publications/sfy-25-drone-surveillance-report,2026-09-30T18:10:54Z,0,cell=I4-T14-C04-GS; cand=I4-C006; status=200; sha256=00257c7d5870; Vue SPA; content served from agency.icjia-api.cloud (preconnect); SFY25 file URL not in HTML
I4-Q039,WebSearch,"""ShotSpotter"" OR ""SoundThinking"" ""per square mile"" ""sole source"" agreement filetype:pdf site:.gov",2026-09-30T18:11:00Z,1,cell=I4-T13-C09-G0; new=1; dup=1; South Bend Laserfiche WebLink (cookie wall -> LEAD-ONLY C080); Fresno ID#15-225 (2015; lead); Sacramento dup of F048
I4-F107,WebFetch,https://www.maine.gov/dafs/bbm/procurementservices/sites/maine.gov.dafs.bbm.procurementservices/files/noi-docs/NOI%201220251052.pdf,2026-09-30T18:11:00Z,1,"cell=I4-T19-C09-G0; cand=I4-C155; status=200; sha256=n/a(webfetch); Maine Procurement Justification Form: Dept of Public Safety / Maine Drug Enforcement Agency, vendor Cellebrite Inc, Inseyets Online Pro Upgrade & Subscription Renewal, $77,628.80, 11/15/2025-11/14/2026, Single Source/Unique Vendor, RQS-16A-20251007000062; device serial numbers present (not person data)"
I4-F108,WebFetch,https://fiscal.wa.gov/Spending/Checkbook2123,2026-09-30T18:11:01Z,1,"cell=I4-T19-C09-G0; cand=I4-C156; status=200; sha256=n/a(webfetch); WA Legislature fiscal.wa.gov vendor-payments checkbook; biennia 2013-15..2025-27; Excel bulk file ../Spending/VendorPayments2123.xlsx; disclaimer ../Spending/DisclaimerWAVendorCB.pdf; ""Data is added monthly with previous month vendor payments.""; rows NOT downloaded"
I4-F109,WebFetch,https://www.dekalbcountyga.gov/sites/default/files/users/user3547/Sole%20Source%20Public%20Notice%20Form_Cellebrite.pdf,2026-09-30T18:11:02Z,0,cell=I4-T19-C09-G0; cand=none; status=404; sha256=n/a(webfetch); DeKalb County GA sole-source notice PDF gone (search lead stale); no candidate
I4-F235,WebFetch,https://bjs.ojp.gov/announcement/bjs-announces-60-day-notice-for-proposed-new-collection-body-worn-camera-supplement-to-the-law-enforcement-management-and-administrative-statistics-lemas-survey,2026-09-30T18:11:04Z,1,cell=I4-TRES-C16-G0; cand=I4-C317; status=200; sha256=n/a(webfetch); 2015-11-05 announcement of BWCS collection; FR doc 2015-21400
I4-F236,curl,https://catalog.data.gov/api/3/action/package_show?id=law-enforcement-management-and-administrative-statistics-body-worn-camera-supplement-lemas-c8c7a,2026-09-30T18:11:04Z,0,cell=I4-TRES-C16-G0; cand=I4-C317; status=404; sha256=8645212e2a6d; CKAN package_show 404 for the slug seen in search (data.gov catalog API path/slug changed?) — not retried
I4-F237,WebFetch,https://wlos.com/news/nation-world/report-highlights-concerns-with-how-police-gathered-surveillance-during-portland-protests,2026-09-30T18:11:04Z,1,cell=I4-TRES-C04-G0; cand=I4-C308; status=200; sha256=n/a(webfetch); journalism used only to identify the audit; origin listing fetched (F238)
I4-F088,WebFetch,https://www.michigan.gov/msp/divisions/bid/dais/statewide-network-of-agency-photos-snap,2026-09-30T18:11:09Z,1,cell=I4-T11-C09-G0; cand=I4-C113; status=403; sha256=n/a(webfetch); michigan.gov STOPPED; SNAP LEAD-ONLY access-blocked
I4-F169,curl,https://civiciq.com/public-contract/64a704bb-97ff-4c8e-85f9-6629aa7e1633,2026-09-30T18:11:10Z,0,"cell=I4-T25-C07-G0; cand=I4-C207; status=403; sha256=7b62552ba433; surfaced by I4-Q111; Cloudflare ""Just a moment"" JS challenge; civiciq.com STOPPED for batch; terms not reachable; out-of-cell→I4-T25-C09-G0"
I4-F049,curl,https://www.cityofsacramento.gov/content/dam/portal/clerk/contract-10-day-posting/2025-01291%20Agreement%20-%20Gunfire%20Detection%20System%20Two-Thirds%20Vote%20Required.pdf,2026-09-30T18:11:15Z,0,cell=I4-T13-C09-G0; cand=none; status=404; sha256=e0c3c8f50744 (same html 404 body)
I4-F050,WebFetch,https://docs.southbendin.gov/WebLink/0/doc/303128/Page5.aspx,2026-09-30T18:11:15Z,1,"cell=I4-T13-C09-G0; cand=I4-C080; status=200-cookie-wall; sha256=n/a(webfetch); Laserfiche ""cookies must be enabled"" page, no document content; host treated as access-blocked, not retried"
I4-F089,WebFetch,https://lasd.org/wp-content/uploads/2024/02/Solicitations_RFP582-SH_3_Appendix_A_SOW_021624.pdf,2026-09-30T18:11:15Z,1,"cell=I4-T11-C09-G0; cand=I4-C114; status=200-but-loading/challenge screen, no content; sha256=n/a(webfetch); lasd.org STOPPED; LACRIS RFP582-SH LEAD-ONLY"
I4-L022,local:docs/build/logs/next-phase/I1/atlas.csv,profile Atlas rows with Technology~drone: link hosts + URLs,2026-09-30T18:11:20Z,0,"cell=I4-T14-C04-GS; file=docs/build/logs/next-phase/I1/atlas.csv; sha256=dcbf8bc13d14; 1,828 drone rows; hosts dronecenter.bard.edu 808 (one URL: public-safety-drones-3rd-edition), google.com 543, web.archive.org 197, dps.mn.gov 194 (3 PDFs under /divisions/bca/Documents/), faa.gov 154, documentcloud.org 151, muckrock.com 132, facebook.com 101, flsenate.gov 84 (one URL: CJ Meeting Packet 4980), registry.faa.gov 76 (N-number inquiry), nyclu.org 50 (Prying Eyes campaign), agency.icjia-api.cloud 35 (SFY22 report), icjia.state.il.us 8 (2017-2019 reports)"
I4-Q143,usaspending-api,"POST https://api.usaspending.gov/api/v2/search/spending_by_award_count/ {""filters"":{""keywords"":[""Venntel"",""Babel Street"",""Fog Data Science"",""Anomaly Six"",""Accurint"",""TLOxp"",""Thomson Reuters Special Services"",""LexisNexis Special Services"",""Penlink""],""time_period"":[{""start_date"":""2007-10-01"",""end_date"":""2026-09-30""}]}}",2026-09-30T18:11:20Z,1,"cell=I4-T21-C16-G0; new=1; dup=0; contracts=952, idvs=24, grants=4, loans=1 (live-read); status=200; none of these broker/vendor terms are in the live usaspending keyword list (I4-L072); cands=I4-C258"
I4-Q143.p1,usaspending-api,"POST https://api.usaspending.gov/api/v2/search/spending_by_award/ {filters: keywords=[""Venntel"",""Babel Street"",""Fog Data Science"",""Anomaly Six"",""Accurint"",""TLOxp"",""Thomson Reuters Special Services"",""LexisNexis Special Services"",""Penlink""], award_type_codes=[A,B,C,D], 2007-10-01..2026-09-30; fields Award ID, Recipient Name, Start Date, Award Amount, Awarding Agency, Awarding Sub Agency, Description; limit 100; sort Award Amount desc}",2026-09-30T18:11:25Z,1,"cell=I4-T21-C16-G0; new=0; dup=0; cand=I4-C258; status=200; sha256=bcf5f529a3e3; top-100 recipients: RELX/LexisNexis Special Services (SSA, OPM, FEMA, FBI, ICE, CBP, USMS, IRS...), Thomson Reuters Special Services (ICE x9, USAF, CBP, FBI, USMS, USCIS), Pen-Link (DEA, ICE, FBI), Babel Street direct (ICE 70CMSD19FC0000052 'DATA SUBSCRIPTION SERVICES'; USSS; SEC) and via resellers (Panamerica->CBP 70B03C23F00001053 'BABEL STREET LICENSES'; Flywheel Data->ICE 70CTD026FR0000025 2026-05-20 $10.3M '25 BABEL STREET INSIGHTS LICENSES, LOCATION AND IDENTITY APPLICATION PROGRAMMING INTERFACES FOR USE IN ICE CASE MANA[GEMENT]'); Venntel/Fog/Anomaly Six not in top 100 by amount; api.usaspending.gov host cap 4/4 reached"
I4-L086,local:docs/build/logs/next-phase/I4/G_resid/raw/F239_sfpd_dgo_6_21.pdf,pypdf text extraction (uv ephemeral),2026-09-30T18:11:29Z,0,cell=I4-TRES-C05-G0; new=0; dup=0; file=raw/F239_sfpd_dgo_6_21.pdf; sha256=3af9dd620d85; 6 pages; DGO 6.21 eff 06/16/23
I4-Q168,WebSearch,"""Axon Air"" OR ""DroneSense"" OR ""CAPE"" police drone public transparency portal flights community ""flight data"" dashboard",2026-09-30T18:11:29Z,0,cell=I4-TRES-C01-G0; new=0; dup=0; P3 continuation #2; no public transparency-portal channel for Axon Air/DroneSense or CAPE surfaced (partnership/marketing pages only: excluded:pure-marketing); K=1 met -> C01 stop
I4-F238,WebFetch,https://www.portland.gov/audit-services/audit-reports,2026-09-30T18:11:29Z,1,"cell=I4-TRES-C04-G0; cand=I4-C308; status=200; sha256=n/a(webfetch); auditor report listing 2013-2026, RSS; exemplar 2022-04-06 audit URL https://www.portland.gov/auditor/audit-services/news/2022/4/6/police-intelligence-gathering-and-surveillance-better (not fetched)"
I4-F239,WebFetch,https://www.sanfranciscopolice.org/sites/default/files/2023-06/SFPD_DGO_6.21_20230630.pdf,2026-09-30T18:11:29Z,1,cell=I4-TRES-C05-G0; cand=I4-C311; status=200(application/pdf 168.5KB); sha256=3af9dd620d85 (saved PDF copied to raw/F239_sfpd_dgo_6_21.pdf); text extracted locally (L086)
I4-L023,local:docs/build/logs/next-phase/I1/atlas.csv,classify faa.gov link URLs in Atlas drone rows,2026-09-30T18:11:30Z,0,cell=I4-T14-C16-G0; file=docs/build/logs/next-phase/I1/atlas.csv; sha256=dcbf8bc13d14; 150/154 faa.gov links match the 107W-YYYY-NNNNN Certificate-of-Waiver PDF pattern whose filenames embed responsible-person names (Part VIII finding; no names copied)
I4-Q118,WebSearch,"CDT ""Hidden Harms"" OR ""Off Task"" student activity monitoring survey 2023 2024 percent of teachers report school uses monitoring software",2026-09-30T18:11:31Z,1,cell=I4-T25-C14-G0; new=1; dup=0; leads: CDT Off Task summary PDF (2023-09); Hidden Harms (2022) -> I4-C208 (cdt.org 403)
I4-Q119,WebSearch,"EFF ""Red Flag Machine"" GoGuardian public records districts data",2026-09-30T18:11:31Z,1,cell=I4-T25-C14-G0; new=1; dup=0; leads: redflagmachine.com/research -> I4-C209; EFF press release
I4-L043,local:connectors/src/connectors/data/procurement_vocab.toml,connectors/src/connectors/data/procurement_vocab.toml,2026-09-30T18:11:40Z,1,"cell=I4-T11-C09-G0; file=connectors/src/connectors/data/procurement_vocab.toml; sha256=a6eee1ad5461; lines 554-581 [usaspending_sweep] keywords incl facial recognition, cell-site simulator, stingray (sha256=a6eee1ad5461)."
I4-L044,local:connectors/src/connectors/data/live_targets.toml,connectors/src/connectors/data/live_targets.toml,2026-09-30T18:11:40Z,1,cell=I4-T11-C09-G0; file=connectors/src/connectors/data/live_targets.toml; sha256=ac4be19505e1; lines 43-55 static usaspending target keywords lack FR/CSS; discover() expands [usaspending_sweep].
I4-F016,curl,https://agency.icjia-api.cloud/uploads/FINAL_Drone_Report_6_27_22_fbd11ead0d.pdf,2026-09-30T18:11:43Z,1,cell=I4-T14-C04-GS; cand=I4-C006; status=200; sha256=edc265c6490e; SFY22 Freedom From Drone Surveillance Act report: 546 agencies completed the form; 122 agencies reported owning 321 drones; agency-level table incl. zero-drone agencies; item=US-IL; outcome=found
I4-F170,curl,https://cdt.org/wp-content/uploads/2023/09/091823-CDT-Off-Task-Summary-web.pdf,2026-09-30T18:11:47Z,0,cell=I4-T25-C14-G0; cand=I4-C208; status=403; sha256=e78db532a92d; HTML block page returned instead of PDF; cdt.org STOPPED for batch
I4-Q040,WebSearch,"SoundThinking ShotSpotter ""subscription services agreement"" ""square miles"" exhibit pricing city 2024 OR 2025 pdf",2026-09-30T18:11:48Z,2,"cell=I4-T13-C09-G0; new=2; dup=1; Fresno ID 24-1023 + Detroit LPD Teeter Report fetched; Minneapolis $75,000/sq mi claim = fox9 news LEAD only (not fetched); marketbeat = excluded:marketing/finance-aggregator"
I4-F051,WebFetch,https://agendas.fresno.gov/en/legislation/id-24-1023-18310,2026-09-30T18:11:48Z,1,cell=I4-T13-C09-G0; cand=I4-C078; status=200; sha256=n/a(webfetch)
I4-F052,WebFetch,https://detroitmi.gov/sites/detroitmi.localhost/files/2026-05/2026May12_Teeter%20Report.pdf,2026-09-30T18:11:48Z,1,cell=I4-T13-C09-G0; cand=I4-C079; status=200; sha256=c45d0ad99511; webfetch-saved PDF bytes (34 pp) text-extracted locally
I4-Q059,usaspending-api,"POST https://api.usaspending.gov/api/v2/search/spending_by_award/ keywords=[""Clearview AI""] award_type_codes=A,B,C,D 2018-01-01..2026-09-30 limit=100",2026-09-30T18:11:49Z,1,"cell=I4-T11-C09-G0; new=1; dup=0; Clearview AI federal prime awards -> I4-C111 (configure-existing usaspending); status=200; sha256=e929871d28c0; 31 results (hasNext false), 22 with recipient CLEARVIEW AI, INC.: ICE (e.g. 70CMSD25P00000111 $7,687,500 2025-09-05 'FACIAL RECOGNITION SOFTWARE'; 70CMSD21P00000127 $2,287,500 2021), FBI (15F06723P0001356 $359,000 2023; 15F06726P0000453 $150,000 2026), USMS, Army, Air Force, IRS, CBP, DOJ OBD; 9 reseller/other rows"
I4-L087,local:docs/build/planning/2026-09-30-next-phase/research/I1-source-coverage.md,lines 495-512 blind-spot ranks,2026-09-30T18:11:50Z,0,"cell=I4-TRES-C01-G0; new=0; dup=0; file=docs/build/planning/2026-09-30-next-phase/research/I1-source-coverage.md; sha256=a4af181352ec; gap_ref mapping: I1#4 statutory, I1#6 procurement, I1#7 zero-channel+ATE, I1#8 DFR/GSD"
I4-F240,WebFetch,https://cloud.skydio.com/dashboard/wichita,2026-09-30T18:11:50Z,1,cell=I4-TRES-C01-G0; cand=I4-C301; status=200(JS shell); sha256=n/a(webfetch); only title 'Skydio Cloud' renders without JS — no server-side content or documented API visible
I4-F171,WebFetch,https://redflagmachine.com/research/,2026-09-30T18:11:52Z,1,"cell=I4-T25-C14-G0; cand=I4-C209; status=200; sha256=n/a(webfetch); EFF RFM methodology: 10 named districts (TX,CA,NM,RI,FL,IL) records 2020-2023; schema URLs/timestamps/keywords; datasets NOT public (case-by-case); keyword list via Google Sheets; footer CC-BY; no student data copied"
I4-F017,curl,https://dps.mn.gov/divisions/bca/Documents/2023-Use-of-Unmanned-Aerial-Vehicles.pdf,2026-09-30T18:11:55Z,0,cell=I4-T14-C04-GS; cand=I4-C005; status=404; sha256=ac81042c8c21; Atlas-cited MN URL dead (finding: 194 Atlas drone-row links use /divisions/bca/Documents/)
I4-F018,WebFetch,https://capitol.texas.gov/tlodocs/89R/analysis/pdf/SB02569I.pdf,2026-09-30T18:11:55Z,0,"cell=I4-T14-C04-GS; cand=I4-C007; status=error(socket closed); sha256=n/a(webfetch); network failure, not a 403"
I4-F195,curl,https://www.dhs.gov/privacy-documents-ice,2026-09-30T18:11:55Z,1,"cell=I4-T21-C16-G0; cand=I4-C259; status=200; sha256=9808bff7099d; ICE privacy compliance index: 77 privacy-doc links incl. PIA-014 287(g) Program database, PIA-039 commercial LPR (=SRC-023), PIA-054 facial recognition services, PIA-055 RAVEn, PIA-064 publicly available info/social media, PIA-065 BITMAP, PIA-032a FALCON-SA; no link title matching telemetry|location on ICE index (negative for a commercial-location-data PIA)"
I4-Q060,usaspending-api,"POST https://api.usaspending.gov/api/v2/search/spending_by_award/ keywords=[""cell site simulator"",""cell-site simulator"",""hailstorm"",""Tactical Support Equipment""] award_type_codes=A,B,C,D 2008-01-01..2026-09-30 limit=100 (API clamps start to 2007-10-01)",2026-09-30T18:12:06Z,1,"cell=I4-T17-C09-G0; new=1; dup=0; federal CSS prime awards -> I4-C122 (configure-existing usaspending); 'hailstorm' and 'Tactical Support Equipment' keywords = noise; status=200; sha256=50428199be91; 100 results hasNext=true; recipient TSE 84 rows (mostly military radio/recon kit noise); true CSS descriptions 5: ATF/L3Harris 15A00023FAQ000202 $3,695,000 2023-09-29 'CELL SITE SIMULATOR EQUIPMENT'; ATF/L3Harris 15A00024FAQ000163 $2,650,000 2024-07-26; ATF/L3Harris DJA13AHDQG0793 $898,074 2013 'STING RAY'; ICE/TechOps 70CMSD24FR0000115 $2,400,647.17 2024-09-30 'CELL SITE SIMULATOR VEHICLES'; FBI/Octasic 15F06726P0000957 $1,985,280 2026-09-30 'CELL SITE SIMULATOR SYSTEMS'; 'hailstorm' keyword = false positives (Cenzic Hailstorm app-security software at NASA/NRC/DOJ)"
I4-Q144,WebSearch,"HIDTA ""Investigative Support Center"" list of HIDTAs directory OR RISS centers ROCIC MAGLOCLEN RMIN WSIN NESPIN MOCIC",2026-09-30T18:12:07Z,2,"cell=I4-T27-C16-G0; new=2; dup=0; leads: hidta.org/ISC; ojp.gov RISS program docs (NCJRS digitizations, historic); counts pending fetch; cands=I4-C271,I4-C272"
I4-F196,curl,https://www.dhs.gov/fusion-center-locations-and-contact-information,2026-09-30T18:12:07Z,1,"cell=I4-T27-C16-G0; cand=I4-C270; status=200; sha256=fb0ac8a08672; LIVE and current: 'Last Updated: 09/04/2026'; 54 '(Primary)' + 26 '(Recognized)' entries = 80 (matches sources.toml dhs_fusion_centers note); fields per entry: centre name, (city for recognized), designation, institutional phone; HTML only, no structured download"
I4-Q120,WebSearch,"Warren Markey 2022 report ""Constant Surveillance"" student monitoring Gaggle GoGuardian Securly Bark senate.gov",2026-09-30T18:12:09Z,2,cell=I4-T25-C14-G0; new=2; dup=0; leads: warren.senate.gov report + 4 vendor responses -> I4-C210; Gaggle response letter -> I4-C220 (out-of-cell→I4-T25-C02-G0); The 74 coverage (not followed)
I4-F110,WebFetch,https://www.maine.gov/dafs/bbm/procurementservices/vendors/notice-intent-award,2026-09-30T18:12:10Z,0,cell=I4-T19-C09-G0; cand=none; status=404; sha256=n/a(webfetch); guessed Maine NOI index URL not found; channel evidenced only via noi-docs/ PDF path (I4-F107)
I4-F111,WebFetch,https://fiscal.wa.gov/Spending/DisclaimerWAVendorCB.pdf,2026-09-30T18:12:11Z,1,"cell=I4-T19-C09-G0; cand=I4-C156; status=200; sha256=ad43fe42fb24; Washington State Open Checkbook Disclaimer 8/07/2013 (OFM + LEAP); excludes salaries, payments exempt from disclosure, certain client payments; data from 2012-01-01, not audited"
I4-F019,curl,https://capitol.texas.gov/tlodocs/89R/analysis/pdf/SB02569I.pdf,2026-09-30T18:12:18Z,0,cell=I4-T14-C04-GS; cand=I4-C007; status=000 (LibreSSL SSL_ERROR_SYSCALL); sha256=n/a; host unreachable; stopped
I4-F020,WebFetch,https://statutes.capitol.texas.gov/Docs/GV/htm/GV.423.htm,2026-09-30T18:12:18Z,0,cell=I4-T14-C04-GS; cand=I4-C007; status=error(socket closed); sha256=n/a(webfetch); item=US-TX; outcome=not-reached
I4-F172,WebFetch,https://www.warren.senate.gov/oversight/reports/warren-markey-investigation-finds-that-edtech-student-surveillance-platforms-need-urgent-federal-action-to-protect-students,2026-09-30T18:12:20Z,0,cell=I4-T25-C14-G0; cand=I4-C210; status=404; sha256=n/a(webfetch); canonical slug URL from search index is dead
I4-Q041,WebSearch,"ShotSpotter audit report ""city auditor"" OR ""inspector general"" OR ""police commission"" evaluation gunshot detection -Chicago 2024 2025",2026-09-30T18:12:24Z,0,"cell=I4-T13-C04-G0; new=0; dup=1; NYC Comptroller audit = same-as SRC-016 (not re-reported); SF ShotSpotter surveillance-policy/annual-report path = CCOPS (I6 lane, not captured); Minneapolis Landscape-of-Municipal-Analysis PDF 404 (F053); soundthinking.com blog = vendor marketing excluded"
I4-Q061,WebSearch,"DHS AI use case inventory facial recognition CSV download OR DOJ AI use case inventory ""facial recognition"" 2025",2026-09-30T18:12:28Z,1,cell=I4-T11-C16-G0; new=1; dup=0; DHS AI Use Case Inventory -> I4-C115; leads: dhs.gov/ai/use-case-inventory (+/uscis component page); DHS CIO 2025-01 Report Select Use Cases 2024 pdf; dhs-ai-explorer.onrender.com (third-party derived); federalreserve inventory (out of scope)
I4-F173,WebFetch,https://www.warren.senate.gov/?p=28376,2026-09-30T18:12:30Z,1,cell=I4-T25-C14-G0; cand=I4-C210; status=200; sha256=n/a(webfetch); 2022-03-30 release; report PDF /download/356670-student-surveillance; 4 vendor response PDFs; no customer counts in release
I4-Q088,WebSearch,"""GrayKey"" police quote OR ""purchase order"" OR ""sole source"" filetype:pdf",2026-09-30T18:12:36Z,2,"cell=I4-T19-C09-G0; new=2; dup=0; leads kept: Whitestown IN Grayshift quote (fetched), Jefferson County MO ecode360 ordinance (fetched; out-of-cell->I4-T19-C07-G0); cleat.ai contract aggregator pages (third-party derived; not fetched); Motherboard 2018 story mirrors (journalism, not fetched) -> I4-C157, I4-C158"
I4-Q089,WebSearch,"""Cellebrite"" state contracts database vendor search transparency Texas OR Florida OR Ohio",2026-09-30T18:12:37Z,1,"cell=I4-T19-C09-G0; new=1; dup=0; leads: Carahsoft Cellebrite contract-vehicle page (fetched; cooperative ids -> I6), Miami-Dade legistar minutes SS-10291, Ohio Procurement Portal listing, AFSC Investigate company page, fedscoop (Texas DPS spend), Atlas AOS015175 (related:eff_atlas_of_surveillance) -> I4-C159"
I4-F053,curl,https://www2.minneapolismn.gov/media/content-assets/www2-documents/government/Landscape-of-Municipal-Analysis-on-Gunshot-Detection-Systems.pdf,2026-09-30T18:12:39Z,0,cell=I4-T13-C04-G0; cand=none; status=404; sha256=2e2556cc4d75 (html 404 body); dead link
I4-F197,curl,https://www.hidta.org/ISC,2026-09-30T18:12:39Z,0,cell=I4-T27-C16-G0; cand=I4-C271; status=200-challenge('Please wait while your request is being verified'); sha256=f0b1c35f46e5; bot-verification page -> hidta.org STOPPED for batch (R4); LEAD-ONLY
I4-F090,WebFetch,https://www.dhs.gov/ai/use-case-inventory,2026-09-30T18:12:40Z,1,"cell=I4-T11-C16-G0; cand=I4-C115; status=200; sha256=n/a(webfetch); 2025 DHS AI Use Case Inventory per OMB 2025 guidance; 214 use cases (CBP 83, ICE 51, TSA 26, USCIS 23, FEMA 22 ...); simplified fields name/ID/summary/topic/stage/high-impact; full spreadsheet on Library page; FR/FC treated as subset of AI; last updated 02/12/2026; no licence statement seen"
I4-F198,curl,https://www.riss.net/centers/,2026-09-30T18:12:41Z,0,cell=I4-T27-C16-G0; cand=I4-C272; status=000(TLS SSL_ERROR_SYSCALL); sha256=n/a(no-bytes)
I4-Q042,WebSearch,"""ShotSpotter"" pilot evaluation final report city site:.gov OR site:.edu gunshot detection effectiveness Durham OR Houston OR Dayton OR ""St. Louis""",2026-09-30T18:12:45Z,1,cell=I4-T13-C04-G0; new=1; dup=0; SIUE/SLMPD FY21 SPI evaluation fetched; Duke WCSJ Durham 12-month pilot evaluation = LEAD only (not fetched; budget)
I4-Q121,WebSearch,NCES School Survey on Crime and Safety SSOCS public-use data file security cameras restricted-use school identifiers,2026-09-30T18:12:45Z,1,cell=I4-T25-C16-G0; new=1; dup=0; leads: NCES SSOCS data products; 2021-22 PUF + DFUM (NCES 2025006); restricted-use licence route; data.gov catalog row
I4-Q122,WebSearch,"Civil Rights Data Collection school-level file ""sworn law enforcement"" OR ""security guards"" data download public 2021-22 CRDC",2026-09-30T18:12:45Z,1,"cell=I4-T25-C16-G0; new=1; dup=0; leads: civilrightsdata.ed.gov/data; ed.gov CRDC 2021-22 page; third-party mirror topofire.dbs.umt.edu (mirror, not used)"
I4-F112,WebFetch,https://whitestown.in.gov/wp-content/uploads/2022/10/GrayShift-Quote.pdf,2026-09-30T18:12:50Z,1,"cell=I4-T19-C09-G0; cand=I4-C157; status=200; sha256=8d5762ae31bd; Grayshift LLC Quote Q-17510-1 created 9/2/2022 to Whitestown Metropolitan Police (IN): GrayKey License - Essential $9,995 + Expansion Pack-20 $8,295, total USD 18,290.00, term 3/2/2023-3/1/2024; contains named contacts/emails + device serial -> private-person-name flag; raw copy deleted after hashing (names never copied)"
I4-F199,WebFetch,https://www.riss.net/centers/,2026-09-30T18:12:50Z,0,cell=I4-T27-C16-G0; cand=I4-C272; status=000('Socket is closed'); sha256=n/a(webfetch); riss.net unreachable from this environment by two clients -> not retried further; LEAD-ONLY
I4-F113,WebFetch,https://www.ecode360.com/JE3328/laws/LF2030035.pdf,2026-09-30T18:12:51Z,1,"cell=I4-T19-C09-G0; cand=I4-C158; status=200; sha256=c3ad18dace49; Jefferson County MO Bill 24-0315 ordinance renewing GrayKey licensing from Grayshift LLC (sole source) for Dept of the Sheriff, up to $33,105.00 to 3-10-25; cites prior Ordinances 22-0149 (purchase) and 23-0145 (renewal); out-of-cell->I4-T19-C07-G0"
I4-F114,WebFetch,https://www.carahsoft.com/cellebrite/contracts,2026-09-30T18:12:52Z,1,"cell=I4-T19-C09-G0; cand=I4-C159; status=200; sha256=n/a(webfetch); reseller contract-vehicle page for Cellebrite: federal GSA 47QTCA21A000R, GS-35F-0119Y, 47QSWA18D008F, SEWP NNG15SC03B/NNG15SC27B, ITES-SW2 W52P1J-20-D-0042; state/local CMAS 3-20-70-2247G, PA DGS 4400028357, MD 060B2490021, OH STS 534354, IA 2026-BUS-7713, NM 30-00000-23-00067, MA ITS86, FL 43210000-23-OMNIA-ACS, TX DIR-CPO-5687, OMNIA R240303/23-6692-01, NASPO KY MA7581700001211, CoreTrust 24COR-018GR; out-of-cell->I6 (cooperative)"
I4-Q062,WebSearch,"DHS privacy impact assessment ""facial recognition"" ICE OR CBP OR HART 2024 OR 2025 site:dhs.gov",2026-09-30T18:12:55Z,0,"cell=I4-T11-C16-G0; new=0; dup=0; DHS PIA channel for FR (HART, CBP e3 2024-11, ICE FR) = six-streams SRC-023 channel (related:SRC-023); no new row; leads only (not fetched); leads: dhs.gov 2024-11 PIA CBP012 e3 (biometric); HART PIA coverage (fedscoop); ICE FR PIA 2020 coverage; channel = DHS PIA series already queued as SRC-023 (related, no new row)"
I4-Q010,WebSearch,Nevada Department of Public Safety registry unmanned aerial vehicles operated by public agencies NRS 493,2026-09-30T18:12:58Z,1,cell=I4-T14-C04-GS; new=1; dup=0; NRS 493.118 registry duty + annual report to Legislature (snippet lead); DPS pages
I4-F021,WebFetch,https://dps.nv.gov/uav-registration,2026-09-30T18:12:58Z,1,"cell=I4-T14-C04-GS; cand=I4-C008; status=200; sha256=n/a(webfetch); cites NRS 493.118 + NAC 493.100; registration form only; no registry list, no annual-report link"
I4-F022,WebFetch,https://www.dps.nv.gov/records-req/z-unmanned-aerial-vehicle,2026-09-30T18:12:58Z,1,"cell=I4-T14-C04-GS; cand=I4-C008; status=200; sha256=n/a(webfetch); informational/application page, last updated 09/08/2025; no registry table; item=US-NV; outcome=negative (duty found; no publication found on DPS pages)"
I4-F054,curl,https://www.siue.edu/ccsvp/pdf/SPIShotSpotterSLMPD2026.pdf,2026-09-30T18:13:00Z,1,cell=I4-T13-C04-G0; cand=I4-C081; status=200; sha256=14e3fb7ee0ef; 62 pp; award_ids=15PBJA-21-GG-04373-SMTP
I4-F174,curl,https://nces.ed.gov/use-work/dataset/2021-22-school-survey-crime-and-safety-ssocs-public-use-data-files-and-users-manual,2026-09-30T18:13:01Z,1,"cell=I4-T25-C16-G0; cand=I4-C211; status=200; sha256=00b7f71a08e1; NCES 2025006, release April 2025, Data access Public-use; DFUM + full zip"
I4-F091,WebFetch,https://www.justice.gov/open/ai-use-case-inventory,2026-09-30T18:13:09Z,0,cell=I4-T11-C16-G0; cand=none; status=404; sha256=n/a(webfetch); guessed path; DOJ inventory not verified at origin
I4-Q145,WebSearch,"state fusion center ""annual report"" OR ""privacy policy"" site:.gov fusion center (Maine MIAC OR Virginia OR Washington OR Minnesota OR Delaware OR Vermont)",2026-09-30T18:13:12Z,2,"cell=I4-T27-C04-GS; new=2; dup=0; inventory-first: no state-by-state compilation surfaced; DHS locations page (I4-F196) used as inventory (69 centre homepage links); Maine MIAC statutory annual reports 2022-2025 surfaced (leads until fetched); legislature.maine.gov docs = leads; cands=I4-C273,I4-C274"
I4-Q043,sec-edgar-fts,https://efts.sec.gov/LATEST/search-index?q=%22miles%20under%20contract%22&forms=10-K&ciks=0001351636,2026-09-30T18:13:16Z,0,cell=I4-T13-C02-G0; new=0; dup=0; total hits 0 (phrase not in index for CIK 0001351636)
I4-Q044,sec-edgar-fts,https://efts.sec.gov/LATEST/search-index?q=%22ShotSpotter%22%20%22square%20miles%22&forms=10-K,2026-09-30T18:13:16Z,1,cell=I4-T13-C02-G0; new=1; dup=0; 9 hits = CIK 0001351636 10-Ks FY2017-FY2025 (SHOTSPOTTER INC -> SOUNDTHINKING INC)
I4-F055,WebFetch,https://www.sec.gov/Archives/edgar/data/1351636/000119312526132104/ssti-20251231.htm,2026-09-30T18:13:16Z,1,cell=I4-T13-C02-G0; cand=I4-C082; status=200; sha256=n/a(webfetch); FY2025 10-K (filed 2026-03-30 per FTS)
I4-Q063,WebSearch,"consolidated federal AI use case inventory 2024 CSV github ombegov OR ai.gov ""facial recognition"" Department of Justice FBI",2026-09-30T18:13:18Z,1,cell=I4-T11-C16-G0; new=1; dup=0; OMB consolidated 2024 Federal AI Use Case Inventory -> I4-C116; datalumos/DRP copies are mirrors; leads: github.com/ombegov/2024-Federal-AI-Use-Case-Inventory; datalumos/DRP mirrors (derived/mirror); aclum mirror pdf
I4-F175,WebFetch,https://nces.ed.gov/programs/crime/ssocs/data/,2026-09-30T18:13:20Z,1,cell=I4-T25-C16-G0; cand=I4-C211; status=200; sha256=n/a(webfetch); PUF years 1999-2000..2021-22 (9 waves); SAS/SPSS/Stata/ASCII; restricted-use via licence page; identifier split not stated on page
I4-F092,WebFetch,https://github.com/ombegov/2024-Federal-AI-Use-Case-Inventory,2026-09-30T18:13:25Z,1,"cell=I4-T11-C16-G0; cand=I4-C116; status=200; sha256=n/a(webfetch); consolidated per EO 13960 s5 / M-24-10; files 2024_consolidated_ai_inventory_raw.csv/.xls, 2023 xls, data_dictionary.yaml; 41 agency submissions, 2,133 use cases, 351 rights/safety-impacting as of 2025-01-23; no LICENSE seen"
I4-Q011,WebSearch,"Vermont ""drone"" law enforcement annual report ""4622"" Department of Public Safety report to legislature",2026-09-30T18:13:35Z,1,cell=I4-T14-C04-GS; new=1; dup=0; VT DPS reports 2021/2022/2023 on legislature.vermont.gov; duty is 20 V.S.A. 4624 (not 4622)
I4-F176,WebFetch,https://civilrightsdata.ed.gov/data,2026-09-30T18:13:35Z,0,"cell=I4-T25-C16-G0; cand=I4-C212; status=200; sha256=n/a(webfetch); JS shell (""Loading..."") — no content rendered; fields not verified"
I4-Q123,WebSearch,50-state school safety grant program weapons detection systems vape detectors state reports legislature 2024 2025 compilation,2026-09-30T18:13:39Z,2,"cell=I4-T25-C04-GS; new=2; dup=0; inventory-first: NO 50-state compilation surfaced (negative finding); shortlist = brief seeds (FL, TX, MD) + hits (IA HF 2652 weapons-detection approved list + Firearm Detection Software Grant; GA HB 1023 weapons detection at entries; OH HB 106 AI firearm-detection pilot; NM SB 136; WI DOJ firearm-detection grants); firearm-detection software = T10 (batch B) out-of-cell; item=US-FL; outcome=found (I4-F177 -> I4-C213); item=US-IA; outcome=found (I4-F178 -> I4-C214); item=US-TX; outcome=not-reached; item=US-MD; outcome=not-reached; item=US-GA; outcome=not-reached; item=US-NM; outcome=not-reached; item=US-WI; outcome=not-reached"
I4-F200,curl,https://www.maine.gov/dps/msp/sites/maine.gov.dps.msp/files/inline-files/2025%20Annual%20Report%20Final.pdf,2026-09-30T18:13:39Z,1,"cell=I4-T27-C04-GS; cand=I4-C273; status=200; sha256=9628cb43f00a; item=US-ME; outcome=found; 290pp MIAC 2025 Annual Report: statutory ('25 M.S.R.A Chapter 201§ 1801 Act to Require Annual Information Reporting by the Maine Information and Analysis Center was passed in 2021'); aggregates: 1,353 ITS entries, 224 RFIs, '90 requests for Automated License Plate Reader (ALPR) information', '3 requests for facial recognition'; two P/CL/CR privacy audits attached; privacy officer named in institutional role (flag, not copied)"
I4-F201,curl,https://wsfc.wa.gov/,2026-09-30T18:13:40Z,0,cell=I4-T27-C04-GS; cand=none; status=200; sha256=0cb945a61579; item=US-WA; outcome=negative; homepage has Publications/About/SAR-reporting menus but no privacy-policy or annual-report link (homepage-level check only)
I4-F093,curl,https://raw.githubusercontent.com/ombegov/2024-Federal-AI-Use-Case-Inventory/main/data/2024_consolidated_ai_inventory_raw.csv,2026-09-30T18:13:44Z,1,"cell=I4-T11-C16-G0; cand=I4-C116; status=200; sha256=9a2c9e25d41e (tool-saved binary via curl); 2,655,883 bytes; single sample document (institutional rows, no Part VIII)"
I4-F023,curl,https://legislature.vermont.gov/assets/Legislative-Reports/2023-DPS-UAS-Legislative-Report.pdf,2026-09-30T18:13:47Z,1,cell=I4-T14-C04-GS; cand=I4-C009; status=200; sha256=896c5e92ea34; 2023 report under 20 V.S.A. 4624; 3 agencies reported (VSP 'deploying a drone 159 times in 2023'); appendices hold per-deployment case no./date/location/pilot -> Part VIII; raw deleted; item=US-VT; outcome=found
I4-F202,curl,https://fusion.vsp.virginia.gov/,2026-09-30T18:13:47Z,0,cell=I4-T27-C04-GS; cand=none; status=403(Wordfence block); sha256=082a75659bb0; item=US-VA; outcome=not-reached; host STOPPED (R4)
I4-Q045,WebSearch,MacArthur Justice Center ShotSpotter data analysis dead-end deployments dataset alerts Chicago OEMC,2026-09-30T18:13:50Z,1,"cell=I4-T13-C14-G0; new=1; dup=0; MJC page fetched; Edgeworth (SoundThinking-commissioned rebuttal) + soundthinking.com rebuttal = vendor-side LEADs not captured; WIRED sensor leak not searched (excluded:leak-provenance, registry-refused wired_shotspotter_leak)"
I4-F056,WebFetch,https://www.macarthurjustice.org/shotspotter-is-a-failure-whats-next/,2026-09-30T18:13:50Z,1,cell=I4-T13-C14-G0; cand=I4-C083; status=200; sha256=n/a(webfetch); no dataset/download links on page
I4-F203,curl,https://dediac.org,2026-09-30T18:13:51Z,1,cell=I4-T27-C04-GS; cand=I4-C274; status=200; sha256=2b27e11e6edc; item=US-DE; outcome=found; DIAC homepage links 'Legal/Privacy' -> html/DIAC%20Privacy%20SOP.pdf (privacy SOP published; PDF not fetched); cookieless session URL rewrite observed
I4-F204,curl,https://wifusion.widoj.gov/,2026-09-30T18:13:53Z,0,cell=I4-T27-C04-GS; cand=none; status=200; sha256=c67f2e6d2116; item=US-WI; outcome=negative; WSIC 'About' page with SAR/election/cyber reporting forms only; no privacy-policy or annual-report link
I4-L045,local:docs/build/logs/next-phase/I4/C_frt_css/raw/fed_ai_inventory_2024.csv,docs/build/logs/next-phase/I4/C_frt_css/raw/fed_ai_inventory_2024.csv,2026-09-30T18:14:00Z,1,"cell=I4-T11-C16-G0; file=docs/build/logs/next-phase/I4/C_frt_css/raw/fed_ai_inventory_2024.csv; sha256=9a2c9e25d41e; csv analysis: 1,757 rows, 37 agencies (DOJ ABSENT; DoD absent); FR regex rows 19 (DHS 14, DOL 2, HHS 1, TREAS 1, USDA 1); stages O&M 15, retired 2; 12 FR rows carry contract PIIDs (23_contract_piids); 0 CSS mentions."
I4-Q090,WebSearch,"site:legistar.com ""Cellebrite"" OR ""GrayKey"" purchase police",2026-09-30T18:14:00Z,0,cell=I4-T19-C07-G0; new=0; dup=0; site: filter not honoured - only 2018 journalism (Motherboard/Engadget/BGR) returned; no legistar hits; excluded:journalism-only
I4-Q091,WebSearch,"council agenda approve purchase ""Magnet Forensics"" OR ""GrayKey"" OR ""Cellebrite"" police department resolution",2026-09-30T18:14:01Z,2,"cell=I4-T19-C07-G0; new=2; dup=1; leads: Rock Island IL (cpo.soar.com derived summary), Ocala FL (legistar tenant ocala in agenda_tenants.toml:2859 -> tenant already enumerated), Elgin IL GrayKey via Magnet $34,760, La Vista NE Cellebrite $9,085, Placer County CA DocumentCenter 24F, Everett WA Laserfiche IEF, Miami-Dade BCC minutes SS-10291 $6,817,350; Jefferson County MO dup of I4-C158 -> I4-C160 (Miami-Dade), I4-C161 (Placer County) fetched as agenda exemplars; Jefferson County MO = dup of I4-C158"
I4-Q012,WebSearch,Oregon Department of Aviation public body unmanned aircraft system registration list ORS 837.360 registered public agencies drones,2026-09-30T18:14:02Z,1,cell=I4-T14-C04-GS; new=1; dup=0; ORS 837.360 registry + public-body annual reports; no public list surfaced
I4-F024,WebFetch,https://www.oregonlegislature.gov/bills_laws/ors/ors837.html,2026-09-30T18:14:02Z,1,"cell=I4-T14-C04-GS; cand=I4-C010; status=200; sha256=n/a(webfetch); 2025 ORS: 837.360(5)(a) registry, (6) public-body name + operator names/contact, (7)(a) annual report of frequency of use + purposes; item=US-OR; outcome=negative (duty found; publication not located; ODA site not reached)"
I4-F177,WebFetch,http://www.leg.state.fl.us/statutes/index.cfm?App_mode=Display_Statute&URL=1000-1099/1001/Sections/1001.212.html,2026-09-30T18:14:05Z,1,cell=I4-T25-C04-GS; cand=I4-C213; status=200; sha256=n/a(webfetch); item=US-FL; outcome=found; s.1001.212(6) Florida School Safety Portal unified search tool incl social media posts + FortifyFL; (8) SESIR; (1) risk assessment tool; (13)(c) quarterly reports presented at public district board meeting; (14) annual published list
I4-Q064,WebSearch,"""cellular communications interception technology"" policy ""53166"" police department posted",2026-09-30T18:14:12Z,3,"cell=I4-T17-C05-GS; new=3; dup=0; item=CA; outcome=found -> I4-C120 channel + exemplars I4-C109 (OCSD Policy 610), I4-C110 (Pasadena Policy 620 council attachment); SJPD policy lead not fetched; leads: sjpd.org CIT policy; ocsheriff.gov Policy 610 CSS Usage and Privacy (2023-06); ww2.cityofpasadena.net 2024 agenda AR 8 attachment A; NYU Hofer policy pdf; SB 741 (2015) history"
I4-Q046,WebSearch,city council agenda approve BriefCam video analytics software police purchase 2025 staff report,2026-09-30T18:14:16Z,1,cell=I4-T10-C07-G0; new=1; dup=0; Savannah AgendaPlus item fetched; Thunder Bay (ISO:CA) police board = out-of-cell I5 LEAD not captured; London MOPAC video-analytics decision = I5 LEAD not captured; Sugar Land TX news LEAD
I4-F057,WebFetch,https://agenda.savannahga.gov/publishing/september-22-2022-city-council-regular-meeting/1365_8723.html,2026-09-30T18:14:16Z,1,"cell=I4-T10-C07-G0; cand=I4-C088; status=200; sha256=n/a(webfetch); footer ""Powered by AgendaPlus"""
I4-F115,WebFetch,https://www.miamidade.gov/govaction/legistarfiles/MinMatters/Y2023/231615min.pdf,2026-09-30T18:14:20Z,1,"cell=I4-T19-C07-G0; cand=I4-C160; status=200; sha256=70ed52a342b2 (webfetch cache copy, text extracted locally); 31 pages; award of a designated purchase for Miami-Dade Police Department using Cellebrite Pathfinder, Cellebrite Guardian, Cellebrite Premium Enterprise (ES) and OSINT Smart Search (also T20); amount/contract no. from search lead (SS-10291, $6,817,350) not yet verified in extracted text"
I4-F116,WebFetch,https://www.placer.ca.gov/DocumentCenter/View/75853/24F,2026-09-30T18:14:21Z,1,"cell=I4-T19-C07-G0; cand=I4-C161; status=200; sha256=df8b3440a79c (webfetch cache copy); Placer County CA Procurement Services memo to Board of Supervisors dated December 12, 2023: GrayKey Software License Fee - Magnet Forensics LLC, four-year GrayKey premier license for District Attorney Office, max aggregate $184,000, 12/1/2023-11/30/2027; named officials in institutional roles (not copied)"
I4-Q146,WebSearch,"ice.gov 287(g) participating agencies list xlsx updated OR CBP ""autonomous surveillance towers"" Anduril privacy impact assessment",2026-09-30T18:14:22Z,3,"cell=I4-T28-C16-G0; new=3; dup=0; leads: ice.gov/identify-and-arrest/287g (participating + pending agency workbooks; snippet claims near-daily updates - lead only); eff.org deeplinks 2024-12 (GAO: CBP towers/aerostats/UGS privacy) and 2026-04 (AST Anduril Sentry); ai-analytics.org/voidly/287g = third-party derived (lead); excluded:news (kltv, ksla, local3news, reason, posteo); fpca.com Red Alerts = association memos; cands=I4-C280,I4-C281,I4-C268"
I4-F094,WebFetch,https://leginfo.legislature.ca.gov/faces/codes_displaySection.xhtml?lawCode=GOV&sectionNum=53166,2026-09-30T18:14:23Z,1,cell=I4-T17-C05-GS; cand=I4-C120; status=200; sha256=n/a(webfetch); item=CA; outcome=found; usage & privacy policy must be posted conspicuously on agency website; local agency may not acquire CCIT unless legislative body approves by resolution/ordinance at a Brown Act meeting (sheriffs: website public notice instead); Stats 2015 ch.659 (SB 741) eff 2016-01-01; no ongoing reporting mandate
I4-F095,WebFetch,https://ocsheriff.gov/sites/ocsd/files/2023-06/Policy%20610%20Cellular%20Site%20Simulator%20Usage%20and%20Privacy.pdf,2026-09-30T18:14:23Z,1,"cell=I4-T17-C05-GS; cand=I4-C109; status=200; sha256=3a101c4b47cc (tool-saved binary); L046 pypdf 7pp: OCSD Policy 610 'Cellular Site Simulator Usage and Privacy' Copyright Lexipol LLC 2023/06/01 All Rights Reserved, published with permission; cites GC 53166; 610.7.2 internal annual report by program coordinator to Sheriff (not public)"
I4-F178,WebFetch,https://rules.iowa.gov/Notice/Details/8906C,2026-09-30T18:14:24Z,1,"cell=I4-T25-C04-GS; cand=I4-C214; status=200; sha256=n/a(webfetch); item=US-IA; outcome=found; ARC 8906C HSEMD ch 13 (605—13): dept produces+posts list of vendors/products meeting 605—13.2 criteria for unholstered weapons detection systems (HF 2652); notice 2025-02-19, eff 2025-03-26; out-of-cell→I4-T10 (video gun detection) / T26 boundary"
I4-F025,WebFetch,https://www.flsenate.gov/Committees/Show/CJ/Meeting%20Packet/4980,2026-09-30T18:14:28Z,0,cell=I4-T14-C04-GS; cand=none; status=404; sha256=n/a(webfetch); Atlas-cited URL (84 drone rows) dead at origin -> finding; item=US-FL; outcome=not-reached
I4-L052,local:connectors/src/connectors/data/agenda_content_vocab.toml,agenda_content_vocab.toml [[terms]] labels (lines 73-190),2026-09-30T18:14:30Z,0,"cell=I4-T19-C07-G0; file=connectors/src/connectors/data/agenda_content_vocab.toml; sha256=9e712ece2aa9; 15 technology terms; social_media_monitoring patterns only [social media monitoring, social-media monitoring, geofeedia] (lines 174-178) - no SMM vendor names; NO mobile-forensics term at all (no cellebrite/graykey/grayshift/magnet/forensic extraction) -> agenda connector blind to T19 approvals; same gap in legislation_vocab.toml:214"
I4-Q047,WebSearch,"ZeroEyes OR Omnilert gun detection agreement school district OR police board approval contract ""per camera"" 2025 pdf",2026-09-30T18:14:35Z,1,"cell=I4-T10-C09-G0; new=1; dup=0; Utah State Board of Education statewide AEGIX/ZeroEyes contract (KSL) fetched; Nashville MNPS Omnilert $1,050,487.80 = vendor blog LEAD; Grand Island/Clovis/Fort Smith = news LEADs; Charles County conflict-of-interest story LEAD"
I4-F058,WebFetch,https://www.ksl.com/article/50703030/utah-board-of-education-awards-3m-contract-to-company-for-ai-gun-detection-tech,2026-09-30T18:14:35Z,1,cell=I4-T10-C09-G0; cand=I4-C089; status=200; sha256=n/a(webfetch); journalism
I4-L046,local:docs/build/logs/next-phase/I4/C_frt_css/raw/ocsd_policy610_css.pdf,docs/build/logs/next-phase/I4/C_frt_css/raw/ocsd_policy610_css.pdf,2026-09-30T18:14:40Z,1,cell=I4-T17-C05-GS; file=docs/build/logs/next-phase/I4/C_frt_css/raw/ocsd_policy610_css.pdf; sha256=3a101c4b47cc; pypdf text extraction.
I4-Q124,WebSearch,"state law requires school districts disclose OR report ""student activity monitoring"" software vendor list parents notice enacted",2026-09-30T18:14:40Z,1,"cell=I4-T25-C04-GS; new=1; dup=0; RESIDUAL probe (T25 monitoring-notice duty) YIELDED: Ohio SB 29 (ORC 3319.325-.327) + district SB29 notice exemplars (Franklin City, Fairview Park, ccscomets) -> I4-C215; item=US-OH; outcome=found; continuation as P3 sweep not possible (budget)"
I4-Q092,WebSearch,"Upturn ""Mass Extraction"" mobile device forensic tools agencies data github",2026-09-30T18:14:45Z,1,"cell=I4-T19-C14-G0; new=1; dup=0; leads: upturn.org report, criminallegalnews/macfound/nacdl mirrors (not fetched), Telegram posts excluded:social-platform-posts -> I4-C163"
I4-F205,curl,https://www.ice.gov/identify-and-arrest/287g,2026-09-30T18:14:47Z,1,cell=I4-T28-C16-G0; cand=I4-C280; status=200; sha256=76f7c0c6ad21; landing links 'View 287(g) Participating Agencies' -> doclib/about/offices/ero/287g/participatingAgencies09282026.xlsx (date-stamped filename); fillable MOA templates JEM/TFM/WSO; monthly encounter reports monthlyEncounter_<Mon><YYYY>.pdf Jan2025..Sep2026 plus FY2020-21 encounterReport series (aggregate; channel noted in C281)
I4-F096,WebFetch,https://www.revisor.mn.gov/statutes/cite/626A.42,2026-09-30T18:14:48Z,1,"cell=I4-T17-C05-GS; cand=I4-C121; status=200; sha256=n/a(webfetch); item=MN; outcome=found; tracking warrant required for electronic device location info (CSS not named explicitly); judges report to state court administrator (incl. officer/agency identity -> per-warrant officer-name flag); SCA transmits BIENNIAL public report to legislature by Nov 15 of even years, available at Legislative Reference Library + SCA website; 2014 c278 s2, am. 2020 c82"
I4-F097,WebFetch,https://www.ilga.gov/legislation/ilcs/ilcs3.asp?ActID=3769&ChapterID=54,2026-09-30T18:14:48Z,0,cell=I4-T17-C05-GS; cand=none; status=error(TLS: unable to verify first certificate); sha256=n/a(webfetch); item=IL; outcome=not-reached; ilga.gov not retried
I4-Q013,WebSearch,"""drone as first responder"" council approve agreement Skydio OR Brinc site:legistar.com",2026-09-30T18:14:50Z,0,cell=I4-T14-C07-G0; new=0; dup=0; NOT PERFORMED: session WebSearch cap (200/200) reached; excluded from saturation arithmetic; all later queries use documented APIs
I4-Q048,WebSearch,"""Rapid DNA"" booking station sheriff agreement council approve ANDE OR RapidHIT OR ""mobile fingerprint"" Idemia police purchase agenda",2026-09-30T18:14:53Z,0,cell=I4-T12-C09-G0; new=0; dup=0; NOT PERFORMED - tool refused: session WebSearch cap (200/200) exhausted; counted against batch budget conservatively
I4-F117,WebFetch,https://www.upturn.org/work/mass-extraction/,2026-09-30T18:14:55Z,1,"cell=I4-T19-C14-G0; cand=I4-C163; status=200; sha256=n/a(webfetch); report dated October 20, 2020; verbatim claim: documents more than 2,000 agencies that have purchased these tools, in all 50 states and DC; Appendix C contains the full data underlying this map"
I4-F179,WebFetch,https://codes.ohio.gov/ohio-revised-code/section-3319.327,2026-09-30T18:14:55Z,1,cell=I4-T25-C04-GS; cand=I4-C215; status=200; sha256=n/a(webfetch); item=US-OH; outcome=found; ORC 3319.327 eff 2024-12-09: written notice to parents in any year district/provider elects to generally monitor school-issued device; list-posting duty in 3319.325/.326 NOT verified
I4-F206,curl,https://www.ice.gov/doclib/about/offices/ero/287g/participatingAgencies09282026.xlsx,2026-09-30T18:14:57Z,1,"cell=I4-T28-C16-G0; cand=I4-C280; status=200; sha256=14b5d2fda751; single XLSX 279,256 bytes; Sheet1 2,608 rows incl. header (~10 blank); columns STATE|LAW ENFORCEMENT AGENCY|TYPE|COUNTY|SUPPORT TYPE|SIGNED|MOA|ADDENDUM; SUPPORT TYPE counts (after trim) TFM 1,849 / WSO 564 / JEM 184; TYPE County 1,399 / Municipality 1,102 / State Agency 95; 50 distinct STATE values incl. blank; agency-level only (schema inspected, no person fields)"
I4-L026,local:connectors/src/connectors/data/agenda_tenants.toml,grep platform= counts; legistar tenants,2026-09-30T18:15:00Z,0,"cell=I4-T14-C07-G0; file=connectors/src/connectors/data/agenda_tenants.toml; sha256=f59ccb2b8fe1; 318 legistar, 434 granicus, 355 civicplus, 303 civicclerk, 140 primegov tenants already enumerated; mesa + sanantonio legistar tenants live-verified 2026-09-16 (lines 104-120)"
I4-Q065,WebSearch,"ACLU ""Stingray Tracking Devices: Who's Got Them?"" map agencies states",2026-09-30T18:15:04Z,0,"cell=I4-T17-C13-G0; new=0; dup=0; NOT PERFORMED - session-level WebSearch budget exhausted (200/200 shared across batches); remaining work used documented APIs + origin fetches; NOT PERFORMED: session-level WebSearch budget exhausted (200/200, shared across batches); no results; switched to documented APIs + direct origin fetches"
I4-Q125,WebSearch,"""Evolv Express"" ""board of education"" OR ""school board"" approves agreement weapons detection lease 2025",2026-09-30T18:15:09Z,0,"cell=I4-T26-C07-G0; new=0; dup=0; NOT PERFORMED — tool refused: session WebSearch cap reached (200/200, shared across I4 batches); no results; switched to documented APIs (legistar/usaspending)"
I4-Q126,WebSearch,"county board approves agreement ""LEO Technologies"" Verus inmate call monitoring OR ""electronic monitoring"" SCRAM ""Track Group"" county contract 2025",2026-09-30T18:15:09Z,0,cell=I4-T24-C09-G0; new=0; dup=0; NOT PERFORMED — session WebSearch cap reached (200/200)
I4-Q127,WebSearch,"Gaggle OR ""Lightspeed Alert"" case study ""school district"" named district students safety results customer story",2026-09-30T18:15:09Z,0,cell=I4-T25-C02-G0; new=0; dup=0; NOT PERFORMED — session WebSearch cap reached (200/200)
I4-F118,curl,https://www.upturn.org/work/mass-extraction/,2026-09-30T18:15:10Z,1,"cell=I4-T19-C14-G0; cand=I4-C163; status=200; sha256=fb7e47bc163a; HTML parsed locally: Appendix C = one HTML table, 84 agency rows (75 with amount, 9 Unknown) with columns Law Enforcement Agency / Amount Spent (at least) / Vendors; 2,000-agency figure partly derived from GovSpend (PAID) - no published 2,000-agency list, no CSV/GitHub link; 34 DocumentCloud links to released records incl. a redacted request log (extraction-log-type -> BLOCK); full PDF at upturn.org/static/reports/2020/mass-extraction/files/Upturn%20-%20Mass%20Extraction.pdf (not fetched); no licence/terms text on page"
I4-Q014,legistar-api:mesa,"https://webapi.legistar.com/v1/mesa/matters?$filter=substringof('drone',MatterTitle) or substringof('unmanned',MatterTitle) or substringof('Skydio',MatterTitle) or substringof('Brinc',MatterTitle)&$top=50",2026-09-30T18:15:13Z,2,"cell=I4-T14-C07-G0; new=2; dup=0; sha256=366e5f0036a2; 8 matters 2020-2025: DFR 3-yr contract 24-1119 (sole source Aerodome, Inc. $340,000/yr -> out-of-cell->I3 T29), DFR presentations 24-1181/25-0428, UAS purchases via State of Arizona cooperative contract (InnovativeUAS 22-0108 $89,000; Gresco/Innovative UAS 24-1241 $190,000/yr incl. tethered drones), drone detection systems 21-0754/21-1195"
I4-F207,curl,https://www.dhs.gov/privacy-documents-us-customs-and-border-protection,2026-09-30T18:15:15Z,1,"cell=I4-T28-C16-G0; cand=I4-C259; status=200; sha256=0fc0b2a110c5; CBP privacy compliance index: 112 privacy-doc links incl. 'Border Surveillance Systems (BSS) compliance documents' (/publication/border-surveillance-systems-bss; covers towers - link only, not fetched), PIA-049 CBP LPR, PIA-058 social media monitoring, PIA-063 Enterprise Analytics, PIA-080 'CBP Commercial Telemetry Data Evaluation', AFI, border searches of electronic devices; OBIM index link (HART) present"
I4-Q015,legistar-api:sanantonio,"https://webapi.legistar.com/v1/sanantonio/matters?$filter=substringof('drone',MatterTitle) or substringof('unmanned',MatterTitle) or substringof('Skydio',MatterTitle) or substringof('Brinc',MatterTitle)&$top=50",2026-09-30T18:15:25Z,0,"cell=I4-T14-C07-G0; new=0; dup=1; sha256=68447c7259fb; 5 matters: 2017 SAPD drone briefing, 2019 SAFD drone program briefing, CPS Energy/UIW drone R&D; 1 false positive ('Brinc' matched 'Parsons Brinckerhoff') -> merged into I4-C013 notes"
I4-F208,curl,https://www.dhs.gov/publication/dhscbppia-080-cbp-commercial-telemetry-data-evaluation,2026-09-30T18:15:27Z,1,cell=I4-T21-C16-G0; cand=I4-C260; status=200; sha256=a67a1f276841; 'Last Updated: 08/20/2024'; PDF 24_0812_priv_pia-cbp-080-commercial-telemetry.pdf; abstract: CBP PIA 'to describe its evaluation of commercially available location data associated with mobile smart devices (commercial telemetry data) for a period between December 2018 and September 2023'
I4-L047,local:docs/build/logs/next-phase/I1/atlas.csv,docs/build/logs/next-phase/I1/atlas.csv,2026-09-30T18:15:30Z,2,"cell=I4-T11-C14-G0; file=docs/build/logs/next-phase/I1/atlas.csv; sha256=dcbf8bc13d14; Atlas FR rows 986 (FR+FRT), CSS rows 83 in 29 states; FR link hosts documentcloud 1165, michigan.gov 402, perpetuallineup 249, orlandosentinel 242, muckrock 97+25, whohasyourface 38, lacris 34, buzzfeednews 30, gao 20; CSS link hosts web.archive.org 58 (54 = vocativ 2017 'stingray-devices-in-trumps-america'), github.com 48 (all github.com/kevincollier/Stingray), muckrock 18, documentcloud 13; buzzfeed FR article URLs incl ryanmac/clearview-ai-fbi-ice-global-law-enforcement (9)."
I4-Q049,ckan:catalog.data.gov,https://catalog.data.gov/api/3/action/package_search?q=%22red%20light%20camera%22%20OR%20%22speed%20camera%22%20OR%20%22automated%20enforcement%22&rows=100,2026-09-30T18:15:31Z,0,"cell=I4-T09-C03-G0; new=0; dup=0; HTTP 404 body {""detail"":{},""message"":""Not Found""}; sha256=8645212e2a6d; CKAN action API no longer answers at this path (findings candidate)"
I4-Q128,legistar-api:cook-county,"https://webapi.legistar.com/v1/cook-county/matters?$filter=substringof('electronic monitoring',MatterTitle) or substringof('Securus',MatterTitle) or substringof('ViaPath',MatterTitle) or substringof('Global Tel',MatterTitle) or substringof('SCRAM',MatterTitle) or substringof('Track Group',MatterTitle) or substringof('SuperCom',MatterTitle) or substringof('Attenti',MatterTitle) or substringof('BI Incorporated',MatterTitle) or substringof('LEO Technologies',MatterTitle)&$select=MatterId,MatterFile,MatterTitle,MatterIntroDate,MatterTypeName",2026-09-30T18:15:41Z,1,"cell=I4-T24-C09-G0; new=1; dup=0; status=200; sha256=2125c7e67769; 317 rows (many false positives: attenti~attention); 55 contract-type matters; T24 vendor contracts 2014-2024: EM RF (3M EM -> Attenti US -> Allied Universal EM), EM GPS (Sentinel; Track Group 19-1293, 21-4462, 22-3772, 23-5527, 24-4905), jail telephone (Securus 14-2301..18-1914); Palantir 14-0704 out-of-cell→I4-T22; raw JSON DELETED after extract (contained private names in workers-comp titles: private-person-name flag); no monitored-person data"
I4-Q147,WebSearch,"""Fog Reveal"" OR ""Thomson Reuters CLEAR"" OR ""Accurint"" OR ""TLOxp"" police department subscription agreement council approved site:.gov",2026-09-30T18:15:42Z,0,cell=I4-T21-C09-G0; new=0; dup=0; NOT PERFORMED: tool returned 'this session has used its web search budget (200 of 200 WebSearch calls)' - session-wide WebSearch quota exhausted (shared with parallel batches); no further WebSearch possible this batch
I4-Q016,socrata-discovery,https://api.us.socrata.com/api/catalog/v1?q=drone%20flights&limit=30,2026-09-30T18:15:47Z,1,cell=I4-T14-C05-G0; new=1; dup=0; sha256=3e04cb11f727; resultSetSize=17; kept data.bloomington.in.gov 3a7f-6kb4 'UAV Flight Log'; rest NASA research / San Mateo airports / Edmonton survey (irrelevant)
I4-Q050,socrata-discovery,https://api.us.socrata.com/api/catalog/v1?q=rapid%20dna&only=dataset&limit=50,2026-09-30T18:15:47Z,0,"cell=I4-T12-C09-G0; new=0; dup=0; resultSetSize=7, all irrelevant (CDC wastewater, beach lab); sha256=44d8975946ed; negative: no open-data channel for Rapid DNA / biometric procurement via Socrata metadata"
I4-Q093,WebSearch,Citizen Lab Paragon Graphite suspected government customers report 2025,2026-09-30T18:15:50Z,0,cell=I4-T19-C14-G0; new=0; dup=0; NOT PERFORMED - tool refused: session-wide WebSearch budget exhausted (200 of 200 calls); all later discovery in this batch via documented APIs and direct origin fetches only
I4-F098,WebFetch,https://github.com/kevincollier/Stingray,2026-09-30T18:15:53Z,1,cell=I4-T17-C13-G0; cand=I4-C124; status=200; sha256=n/a(webfetch); single file 'Stingray project to share.xlsx'; 1 commit; no README text/licence; references Vocativ 2017 'Stingray devices in Trump's America'; origin of data not stated -> origin-unknown; not downloaded; lead from Atlas CSS link hosts (integrator I4-L001; local I4-L047)
I4-F099,WebFetch,https://www.aclu.org/issues/privacy-technology/surveillance-technologies/stingray-tracking-devices,2026-09-30T18:15:53Z,1,"cell=I4-T17-C13-G0; cand=I4-C123; status=200; sha256=n/a(webfetch); registry aclu_cell_site_simulators homepage; links 'Stingray Tracking Devices: Who's Got Them?' map; 'The ACLU has identified 75 agencies in 27 states'; 'Last updated December 14, 2018' ('[Updated November 2018]'); no structured table/download on page; no terms visible; registry-row currency check requested for this cell"
I4-F026,curl,https://data.bloomington.in.gov/api/views/3a7f-6kb4.json,2026-09-30T18:15:59Z,1,cell=I4-T14-C05-G0; cand=I4-C015; status=200; sha256=d052455b56f2; metadata only: PDDL licence; 77 rows (non_null counts); 16 columns incl. FAA pilot certificate number + street address (Part VIII block); rows never read; raw deleted (cachedContents samples)
I4-F059,WebFetch,https://www.nysenate.gov/legislation/laws/VAT/1180-B,2026-09-30T18:15:59Z,1,cell=I4-T09-C04-GS; cand=I4-C070; status=200; sha256=n/a(webfetch); item=NY; outcome=found (duty verified; report publication host 403)
I4-F060,WebFetch,https://leginfo.legislature.ca.gov/faces/codes_displaySection.xhtml?lawCode=VEH&sectionNum=22425,2026-09-30T18:15:59Z,0,cell=I4-T09-C04-GS; cand=none; status=200; sha256=n/a(webfetch); item=CA; outcome=negative (no reporting clause in VEH 22425; companion sections 22426-22431 not checked); pilot sunset 2032-01-01
I4-F061,WebFetch,https://law.lis.virginia.gov/vacode/title46.2/chapter8/section46.2-882.1/,2026-09-30T18:15:59Z,1,cell=I4-T09-C04-GS; cand=I4-C072; status=200; sha256=n/a(webfetch); item=VA; outcome=found (duty: report to State Police by Nov 15; publication not reached)
I4-F062,WebFetch,https://mgaleg.maryland.gov/mgawebsite/Laws/StatuteText?article=gtr&section=21-809&enactments=false,2026-09-30T18:15:59Z,1,cell=I4-T09-C04-GS; cand=I4-C071; status=200; sha256=n/a(webfetch); item=MD; outcome=found (duty: MPTSC statewide report; publication not reached)
I4-Q017,arcgis-hub-search,https://hub.arcgis.com/api/search/v1/collections/dataset/items?q=%22drone%20as%20first%20responder%22%20OR%20%22DFR%20flights%22%20OR%20%22drone%20flights%22%20police&limit=50,2026-09-30T18:16:09Z,0,cell=I4-T14-C05-G0; new=0; dup=0; sha256=2afefc75d62e; numberMatched=0 (quoted OR syntax returns nothing)
I4-Q066,curl,https://api.www.documentcloud.org/api/documents/search/?q=%22cell%20site%20simulator%22&per_page=100,2026-09-30T18:16:11Z,0,cell=I4-T17-C13-G0; new=0; dup=0; blocked(access): 403; api.www.documentcloud.org stopped; status=403; sha256=3967d80cfd0a (error body); api.www.documentcloud.org STOPPED for batch; no results
I4-Q067,curl,https://www.muckrock.com/api_v1/foia/?search=stingray&format=json&page_size=100,2026-09-30T18:16:16Z,0,cell=I4-T17-C13-G0; new=0; dup=0; blocked(access): 403 challenge HTML; muckrock.com stopped; status=403 (Cloudflare-style HTML challenge page); sha256=7ee62ce2b84f; muckrock.com STOPPED for batch; no results
I4-F063,WebFetch,https://www.ilga.gov/legislation/ilcs/fulltext.asp?DocName=062500050K11-208.8,2026-09-30T18:16:19Z,0,"cell=I4-T09-C04-GS; cand=none; status=TLS-error(""unable to verify the first certificate""); sha256=n/a(webfetch); item=IL; outcome=not-reached; not retried"
I4-F064,WebFetch,https://www.legis.state.pa.us/cfdocs/legis/LI/consCheck.cfm?txtType=HTM&ttl=75&div=0&chpt=31&sctn=16&subsctn=0,2026-09-30T18:16:19Z,0,cell=I4-T09-C04-GS; cand=none; status=socket-closed; sha256=n/a(webfetch); item=PA; outcome=not-reached; not retried
I4-F065,WebFetch,https://www.oregonlegislature.gov/bills_laws/ors/ors810.html,2026-09-30T18:16:19Z,1,cell=I4-T09-C04-GS; cand=I4-C073; status=200; sha256=n/a(webfetch); item=OR; outcome=found (biennial city evaluations to Legislative Assembly)
I4-F066,WebFetch,https://seattle.gov/documents/Departments/SDOT/VisionZero/ATSC/2024_2025_ATSC_Annual_Report.pdf,2026-09-30T18:16:19Z,1,cell=I4-T09-C04-GS; cand=I4-C069; status=200; sha256=79177cc61732; webfetch-saved PDF bytes (22 pp) text-extracted locally
I4-Q018,arcgis-hub-search,https://hub.arcgis.com/api/search/v1/collections/dataset/items?q=drone%20flights&limit=50,2026-09-30T18:16:21Z,0,"cell=I4-T14-C05-G0; new=0; dup=0; sha256=4f9ab22e83c2; numberMatched=1120; first 50 = academic/consultant layers + City of Bowling Green OH orthoimagery image services; excluded:municipal survey imagery, not surveillance-infrastructure evidence"
I4-Q068,federalregister-api,"https://www.federalregister.gov/api/v1/documents.json?conditions[term]=""cell-site simulator""&per_page=100&fields[]=title,agencies,publication_date,type,document_number,html_url",2026-09-30T18:16:23Z,0,cell=I4-T17-C16-G0; new=0; dup=0; negative: Federal Register has 0 docs for exact 'cell-site simulator'; status=200; sha256=bd9308af49f7; count=0 (exact hyphenated phrase)
I4-Q094,legistar-api:phoenix,"https://webapi.legistar.com/v1/phoenix/matters?$filter=substringof('Forensic',MatterTitle) or substringof('Cellebrite',MatterTitle) or substringof('GrayKey',MatterTitle)&$select=MatterId,MatterFile,MatterTitle,MatterIntroDate,MatterStatusName&$top=100",2026-09-30T18:16:28Z,1,"cell=I4-T19-C07-G0; new=1; dup=0; status=200; sha256=23f398b53c3a; 67 matters (2017-2020 window returned), 2 Cellebrite: 16-1501 Cellebrite Infield UFED Mobile Forensic Solution (Ordinance S-43239); 18-0682 Contract for Cellebrite UFED Hardware, Software and Support - State of Arizona - ADPS17-170241 (Ordinance S-44508); tenant phoenix already enumerated (agenda_tenants.toml:231) -> proves existing Legistar tenants carry T19 approvals invisible to agenda_content_vocab (I4-C162); contract_ids=ADPS17-170241; Maricopa County Cooperative Contract 14023-C -> I4-C162"
I4-L024,local:docs/build/logs/next-phase/I1/atlas.csv,Atlas drone rows for DFR exemplar cities + 'transparency' links,2026-09-30T18:16:30Z,0,"cell=I4-T14-C05-G0; file=docs/build/logs/next-phase/I1/atlas.csv; sha256=dcbf8bc13d14; leads: Chula Vista PD uas-drone-program page (AOS003126); aerial.motorolasolutions.com/transparency/<agency> portals (Hemet, Brea); CA AB 481 military-equipment reports (Elk Grove, Sacramento); NYPD via NYCLU Prying Eyes"
I4-Q069,federalregister-api,https://www.federalregister.gov/api/v1/documents.json?conditions%5Bterm%5D=%22cell+site+simulator%22+%7C+%22cell+site+simulators%22+%7C+stingray+%7C+%22international+mobile+subscriber+identity%22&per_page=100&fields%5B%5D=title&fields%5B%5D=agencies&fields%5B%5D=publication_date&fields%5B%5D=type&fields%5B%5D=document_number,2026-09-30T18:16:33Z,0,"cell=I4-T17-C16-G0; new=0; dup=0; negative: 299 hits dominated by 'Stingray Pipeline'/fisheries/royalty noise; only FCC 2017-09886 contraband-wireless NPRM plausibly related; FR API is not a CSS-policy channel; status=200; sha256=e8db54d91c26; count=299, first page dominated by noise (Stingray Pipeline Co./FERC 63-64, NOAA stingray fisheries, CRB royalty rules); plausibly relevant only FCC 2017-09886 contraband wireless proposed rule"
I4-F100,WebFetch,https://www.justice.gov/opa/file/767321/download,2026-09-30T18:16:41Z,0,cell=I4-T17-C16-G0; cand=none; status=200? empty body returned to tool (no text); sha256=n/a(webfetch); DOJ 2015 CSS policy NOT verified at origin; not retried
I4-F027,WebFetch,https://www.aerial.motorolasolutions.com/transparency/hemetpd-ca,2026-09-30T18:16:44Z,0,"cell=I4-T14-C02-G0; cand=I4-C020; status=200; sha256=n/a(webfetch); JS-rendered, body 'Motorola' only"
I4-Q095,legistar-api:phoenix,"https://webapi.legistar.com/v1/phoenix/matters?$filter=substringof('Social Media',MatterTitle) or substringof('Dataminr',MatterTitle) or ... (Babel, Skopenow, ShadowDragon, Media Sonar, Cobwebs, Penlink, Pen-Link, Open Source Intelligence, Zignal)&$top=100",2026-09-30T18:16:46Z,0,"cell=I4-T20-C07-G0; new=0; dup=0; status=200; sha256=f6cef49b7d1c; 2 matters: 18-3607 Consideration of Citizen Petition Related to the Police Department Use of Social Media (2018-11-29; SMM oversight lead, not fetched); 22-1599 Various Vendors for Social Media and Digital Services (likely communications noise); no SMM vendor named in Phoenix matter titles"
I4-L025,local:docs/build/logs/next-phase/I1/atlas.csv,count Atlas rows citing aerial.motorolasolutions.com/transparency and vendor hosts,2026-09-30T18:16:50Z,0,"cell=I4-T14-C02-G0; file=docs/build/logs/next-phase/I1/atlas.csv; sha256=dcbf8bc13d14; 2 portals cited (breapd-ca, hemetpd-ca), both Drones rows; skydio.com 6 drone rows; brincdrones/dedrone 0"
I4-Q129,usaspending-api,"POST https://api.usaspending.gov/api/v2/search/spending_by_award/ keywords=[Evolv Technologies, Evolv Express, weapons detection system, Xtract One, OpenGate]; award_type_codes=A,B,C,D; 2019-10-01..2026-09-30; limit=100",2026-09-30T18:16:50Z,1,"cell=I4-T26-C09-G0; new=1; dup=0; status=200; sha256=a5dc8e60481a; 39 contract awards (hasNext=false): EVOLV TECHNOLOGIES INC direct 12; resellers (SCDATACOM, Vision Quest, ICU Technologies, Virsig, Xenturis); CEIA USA 1; agencies VA 16, DoD 13, Smithsonian 6, NGA 2, HHS 1, DOJ 1; top e.g. 33312726P00538882 Smithsonian $825,910.95 2026-07-29; keyword set absent from usaspending connector list -> configure-existing-connector"
I4-F067,curl,https://data.cityofchicago.org/api/views/3h7q-7mdb.json,2026-09-30T18:16:52Z,1,"cell=I4-T13-C14-G0; cand=I4-C084; status=200; sha256=56585950940c; METADATA ONLY (Part VIII: alert-level points) - no rows; URL from agent prior knowledge (inference) verified by this fetch, not surfaced by a batch query"
I4-F028,curl,https://www.aerial.motorolasolutions.com/transparency/hemetpd-ca,2026-09-30T18:16:57Z,1,cell=I4-T14-C02-G0; cand=I4-C020; status=200; sha256=a1c7a9e430e0; Angular SPA fronted by Incapsula; meta description 'CAPE by Motorola Solutions is the leading cloud platform for drone telepresence and data management.'; data not reachable without JS (not attempted)
I4-F101,WebFetch,https://www.perpetuallineup.org/jurisdiction/florida,2026-09-30T18:16:58Z,1,"cell=I4-T11-C14-G0; cand=I4-C118; status=200; sha256=n/a(webfetch); Georgetown CPT Perpetual Line-Up FL page: PCSO FACES, 33M+ faces, 243 agencies ~8,000 searches/month, MorphoTrust; data Sept 2016; 'View Documents' Google Drive folder of public records + PDF; '(c) 2016 Center on Privacy & Technology at Georgetown Law, all rights reserved.'"
I4-F068,WebFetch,https://delcode.delaware.gov/title21/c041/sc01/index.html,2026-09-30T18:17:01Z,0,cell=I4-T09-C04-GS; cand=none; status=200; sha256=n/a(webfetch); item=DE; outcome=negative (no reporting clause in 21 Del.C. 4101(d); no speed-camera authorisation in that section)
I4-F069,WebFetch,https://webserver.rilegislature.gov/Statutes/TITLE31/31-41.3/INDEX.htm,2026-09-30T18:17:01Z,0,cell=I4-T09-C04-GS; cand=I4-C074; status=200; sha256=n/a(webfetch); chapter index lists 31-41.3-14 Reports
I4-F070,WebFetch,https://webserver.rilegislature.gov/Statutes/TITLE31/31-41.3/31-41.3-14.htm,2026-09-30T18:17:01Z,1,"cell=I4-T09-C04-GS; cand=I4-C074; status=200; sha256=n/a(webfetch); item=RI; outcome=found (annual report duty, no recipient named)"
I4-F029,WebFetch,https://www.chulavistaca.gov/departments/police-department/programs/uas-drone-program,2026-09-30T18:17:08Z,1,cell=I4-T14-C05-G0; cand=I4-C021; status=403; sha256=n/a(webfetch); HOST STOP chulavistaca.gov; LEAD-ONLY
I4-F030,WebFetch,https://dronecenter.bard.edu/projects/public-safety-drones-project/public-safety-drones-3rd-edition/,2026-09-30T18:17:08Z,1,cell=I4-T14-C14-G0; cand=I4-C022; status=200; sha256=n/a(webfetch); surfaced by I4-L022 (808 Atlas links); PDF via gview + embedded Google My Maps (mid 1zcTdAkQB_gqVX383oQcyujM7Nd85rquH); no licence text on page
I4-F102,WebFetch,https://whohasyourface.eff.org/resources/,2026-09-30T18:17:10Z,1,"cell=I4-T11-C14-G0; cand=I4-C119; status=200; sha256=n/a(webfetch); EFF Who Has Your Face: state-by-state DMV-photo FR access (FBI, ICE, state police, federal); docs 2013-2020, update March 2020; per-state public-records links (DocumentCloud, gov sites); 'Download CSV' /press/who-has-your-face-agency-sharing-3-10-2020.csv; licence '[Copyright (CC-BY)](https://www.eff.org/copyright)'"
I4-Q130,usaspending-api,"POST https://api.usaspending.gov/api/v2/search/spending_by_award/ keywords=[Gaggle, GoGuardian, Securly, Lightspeed Systems, Bark Technologies, Navigate360, Raptor Technologies, HALO smart sensor, vape detection]; award_type_codes=A,B,C,D; 2019-10-01..2026-09-30",2026-09-30T18:17:16Z,1,"cell=I4-T25-C09-G0; new=1; dup=0; status=200; sha256=676b2ffb9f6f; 22 awards (hasNext=false); NEGATIVE for Gaggle/GoGuardian/Securly/Lightspeed/Bark/Raptor/HALO federal prime contracts (2 Securly hits are false positives: NYU descr + ""securly close"" typo); 20 NAVIGATE360 LLC awards: DoDEA threat-assessment/suicide-risk training x5, P3 Global Intel tip-line subscriptions (USMS, USCG, DHS OPO, Navy, AF) -> out-of-cell→I4-T20 for P3 tips; confirms T25 procurement is sub-federal (LEA-level)"
I4-F103,WebFetch,https://www.buzzfeednews.com/article/ryanmac/clearview-ai-fbi-ice-global-law-enforcement,2026-09-30T18:17:22Z,0,"cell=I4-T11-C14-G0; cand=none; status=200; sha256=n/a(webfetch); 2020-02-27 (upd 02-28); provenance: 'internal documents, which were uncovered by a source who declined to be named for fear of retribution...' -> leak-provenance; excluded:leak-provenance (brief 2.7; SIG-PUB-005 precedent wired_shotspotter_leak); ~2,228 entities, ~500k searches (headline counts only)"
I4-Q148,legistar-api:fortlauderdale,"https://webapi.legistar.com/v1/fortlauderdale/matters?$filter=substringof('287',MatterTitle) or substringof('Stonegarden',MatterTitle) or substringof('Immigration and Customs',MatterTitle)&$top=50",2026-09-30T18:17:23Z,0,"cell=I4-T28-C07-G0; new=0; dup=0; status=200; sha256=b5b723a2e6f8; 8 matters all false positives ('287' inside dollar amounts / case numbers); no 287(g), Stonegarden or ICE matter titles 2012-2025 (title-level negative); tenant already enumerated (agenda_tenants fort_lauderdale_fl)"
I4-Q096,socrata-discovery,https://api.us.socrata.com/api/catalog/v1?q=vendor%20payments&only=dataset&limit=100,2026-09-30T18:17:25Z,1,"cell=I4-T19-C09-G0; new=1; dup=0; status=200; sha256=e71bb52d1d9e; resultSetSize 212; >=40 datasets in first 100 with vendor/payee column: state checkbooks VT 786x-sbp3 (ODbL), CT avfh-2eg7 (Public Domain), DE 5s6n-7hpx (Public Domain), NJ YourMoney ubnu-tqu7, OR 95sn-65ge; cities/counties Chicago s4vu-giwb, Dallas x5ih-idh7 (ODC-By), KCMO yearly (Public Domain), Cincinnati qrj9-83t8, Mesa j7s9-qiuq, LA Checkbook pggv-e4fn (CC-BY-4.0), Cook County 4h27-5s9x, Baton Rouge 7qhq-wwsg, Atlanta jmke-icfi, College Station y2v6-fvti, Providence u4ks-kiwa, Fulton County GA mxhc-krcg (CC-BY-4.0), WeHo demand registers; metadata only, rows not read -> family I4-C164 -> I4-C164 family"
I4-Q149,legistar-api:fortworthgov,"https://webapi.legistar.com/v1/fortworthgov/matters?$filter=substringof('LexisNexis',MatterTitle) or substringof('Accurint',MatterTitle) or substringof('Thomson Reuters',MatterTitle) or substringof('TransUnion',MatterTitle) or substringof('Fog Data',MatterTitle)&$top=50",2026-09-30T18:17:25Z,0,cell=I4-T21-C09-G0; new=0; dup=0; status=200; sha256=4f53cda18c2b; 0 matters (title-level negative for broker vendor names on Fort Worth Legistar); tenant already enumerated (agenda_tenants fort_worth_tx)
I4-Q150,legistar-api:cityoftacoma,"https://webapi.legistar.com/v1/cityoftacoma/matters?$filter=substringof('PredPol',MatterTitle) or substringof('Geolitica',MatterTitle) or substringof('Palantir',MatterTitle) or substringof('ForceMetrics',MatterTitle) or substringof('predictive',MatterTitle)&$top=50",2026-09-30T18:17:29Z,0,cell=I4-T22-C09-G0; new=0; dup=0; status=200; sha256=4f53cda18c2b; 0 matters (title-level negative for PredPol/Geolitica/Palantir/ForceMetrics/predictive on Tacoma Legistar; Tacoma chosen as a reported PredPol city - inference); tenant already enumerated (tacoma_wa)
I4-F031,curl,https://dronecenter.bard.edu/files/2020/03/CSD-Public-Safety-Drones-3rd-Edition-Web.pdf,2026-09-30T18:17:31Z,1,"cell=I4-T14-C14-G0; cand=I4-C022; status=200; sha256=103b52779748; 10pp, March 2020: 'We have tallied 1,578 state and local police, sheriff, fire, and emergency services agencies'; 899 counties; sources media + FAA Part 107 waivers + state/local records"
I4-Q131,legistar-api:houstonisd,"https://webapi.legistar.com/v1/houstonisd/matters?$filter=substringof('Evolv',MatterTitle) or substringof('weapon',MatterTitle) or substringof('metal detect',MatterTitle) or substringof('OpenGate',MatterTitle) or substringof('Xtract',MatterTitle) or substringof('Gaggle',MatterTitle) or substringof('GoGuardian',MatterTitle) or substringof('Securly',MatterTitle) or substringof('Lightspeed',MatterTitle) or substringof('Navigate360',MatterTitle) or substringof('vape',MatterTitle)&$select=MatterId,MatterFile,MatterTitle,MatterIntroDate,MatterTypeName",2026-09-30T18:17:32Z,0,"cell=I4-T26-C07-G0; new=0; dup=0; status=200; sha256=670cace40a68; 1 row, false positive (student-conduct code amendment 24-020); NEGATIVE for weapons-detection and T25 vendors in Houston ISD Legistar matter titles (titles are generic; vendor names likely only in attachments); raw deleted"
I4-L048,local:docs/build/logs/next-phase/I1/atlas.csv,docs/build/logs/next-phase/I1/atlas.csv,2026-09-30T18:17:40Z,0,cell=I4-T11-C14-G0; file=docs/build/logs/next-phase/I1/atlas.csv; sha256=dcbf8bc13d14; 9 Atlas Face Recognition rows cite buzzfeednews ryanmac/clearview-ai-fbi-ice-global-law-enforcement (leak-provenance per F103); 4 of them have ONLY buzzfeed links.
I4-F104,WebFetch,https://ww2.cityofpasadena.net/2024%20Agendas/Jan_22_24/AR%208%20ATTACHMENT%20A.pdf,2026-09-30T18:17:41Z,1,"cell=I4-T17-C05-GS; cand=I4-C110; status=200; sha256=c1ddad16c78f (tool-saved binary); L049 pypdf 6pp); Attachment A to Pasadena City Council 2024-01-22 agenda item 8: Pasadena PD Policy 620 'Cellular Site Simulator Usage and Privacy', 'Copyright Lexipol, LLC 2024/01/07, All Rights Reserved Published with permission'; GC 53166; changes in consultation with Community Police Oversight Commission + Independent Police Auditor; ANNUAL REPORT to Chief, IPA, Public Safety Committee and/or City Council, and CPOC (number of times CSS used etc.); out-of-cell->T17-C09 (council approval channel)"
I4-Q097,socrata-discovery,"https://data.cityofchicago.org/resource/s4vu-giwb.json?$select=vendor_name,department_name,count(*),sum(amount)&$where=upper(vendor_name) like '%CELLEBRITE%' or ...GRAYSHIFT/MAGNET FORENSICS/MSAB/OXYGEN FORENSIC/BELKASOFT&$group=vendor_name,department_name",2026-09-30T18:17:48Z,1,"cell=I4-T19-C09-G0; new=1; dup=0; status=200; sha256=3658ed8a322f; AGGREGATE ONLY (no rows read): CELLEBRITE USA, INC. 29 payments total 1298626.80; MAGNET FORENSICS LLC 2 payments total 58042 (department_name null in output); proves Socrata vendor-payment family carries T19 payees -> -> I4-C165 (Chicago Payments target, family I4-C164)"
I4-Q098,socrata-discovery,"https://data.cityofchicago.org/resource/s4vu-giwb.json?$select=vendor_name,department_name,count(*),sum(amount)&$where=upper(vendor_name) like 16 SMM vendor names (DATAMINR, BABEL STREET, SHADOWDRAGON, SKOPENOW, VOYAGER LABS, MEDIA SONAR, COBWEBS, PEN-LINK, PENLINK, ZEROFOX, FIVECAST, ZIGNAL, NAVIGATE360, SOCIAL SENTINEL, GEOFEEDIA, LIFERAFT)&$group=vendor_name,department_name",2026-09-30T18:17:50Z,1,"cell=I4-T20-C09-G0; new=0; dup=1; status=200; sha256=1b2b7be6db83; AGGREGATE ONLY: DATAMINR INC. 2 payments total 16774.61; no other SMM vendor as payee -> merged into I4-C165 (Chicago Payments target, T20 evidence) / family I4-C164"
I4-Q019,usaspending-api,"POST https://api.usaspending.gov/api/v2/search/spending_by_award_count/ keywords=[Skydio,Brinc,Dedrone,unmanned aircraft system] 2019-10-01..2026-09-30",2026-09-30T18:17:52Z,1,"cell=I4-T14-C09-G0; new=1; dup=0; sha256=726b1add8d25; counts contracts 1,308, idvs 112, grants 165, loans 158, direct_payments 30, other 4 (keyword hits, mostly federal/DoD; not filtered to local recipients); read-only POST search endpoint"
I4-Q020,usaspending-api,"POST https://api.usaspending.gov/api/v2/search/spending_by_award/ same keywords, award_type_codes 02-05 (grants), sort Award Amount desc, limit 25",2026-09-30T18:17:52Z,1,"cell=I4-T14-C09-G0; new=1; dup=0; sha256=701a38272c82; 12 of top 25 = DHS/FEMA 'COUNTER-UNMANNED AIRCRAFT SYSTEMS GRANT PROGRAM' FY2026 awards EMW-2026-CU-05000..05011 summing $250,000,000 (computed over the 12 rows returned); rest university research"
I4-Q151,legistar-api:pinellas,"https://webapi.legistar.com/v1/pinellas/matters?$filter=substringof('Stonegarden',MatterTitle) or substringof('287(g)',MatterTitle) or substringof('Immigration and Customs',MatterTitle)&$top=50",2026-09-30T18:17:54Z,0,"cell=I4-T28-C07-G0; new=0; dup=0; status=200; sha256=16c2adda95c7; 1 matter: 18-1404A (2018-08-31) budget resolution for Sheriff revenue from USMS/ICE/DJJ contracts (detention revenue, not 287(g)/Stonegarden; not surveillance) -> no candidate; tenant already enumerated (pinellas_county_fl)"
I4-L049,local:docs/build/logs/next-phase/I4/C_frt_css/raw/pasadena_2024-01-22_ar8_attA.pdf,docs/build/logs/next-phase/I4/C_frt_css/raw/pasadena_2024-01-22_ar8_attA.pdf,2026-09-30T18:17:55Z,1,cell=I4-T17-C05-GS; file=docs/build/logs/next-phase/I4/C_frt_css/raw/pasadena_2024-01-22_ar8_attA.pdf; sha256=c1ddad16c78f; pypdf text extraction + keyword scan.
I4-Q152,legistar-api:hillsboroughcounty,"https://webapi.legistar.com/v1/hillsboroughcounty/matters?$filter=substringof('Stonegarden',MatterTitle) or substringof('287(g)',MatterTitle) or substringof('Immigration and Customs',MatterTitle)&$top=50",2026-09-30T18:17:56Z,0,cell=I4-T28-C07-G0; new=0; dup=0; status=200; sha256=4f53cda18c2b; 0 matters (title-level negative); tenant already enumerated (hillsborough_county_fl)
I4-Q132,usaspending-api,"POST https://api.usaspending.gov/api/v2/search/spending_by_award/ keywords=[electronic monitoring, ankle monitor, SCRAM, Track Group, SuperCom, Attenti, BI Incorporated, LEO Technologies, inmate telephone]; award_type_codes=A,B,C,D; 2019-10-01..2026-09-30; sort=amount",2026-09-30T18:17:57Z,0,"cell=I4-T24-C09-G0; new=0; dup=0; status=200; sha256=9fff70222f63; 100+ rows (hasNext=true) dominated by false positives (SuperCom~supercomputing, SCRAM~scramjet); only Pretrial Services Agency x2 plausibly EM; keyword search is unsuitable for T24 vendors -> a T24 usaspending config would need recipient_search_text (BI Incorporated, Track Group, SuperCom, Attenti/Allied Universal EM, SCRAM Systems/Alcohol Monitoring Systems) not keywords; note for I7"
I4-F209,curl,https://services.google.com/fh/files/misc/supplemental_information_geofence_warrants_united_states.pdf,2026-09-30T18:18:08Z,1,cell=I4-T21-C02-G0; cand=I4-C262; status=200; sha256=210ddea0720b; 2pp Google 'Supplemental Information on Geofence Warrants in the United States': geofence warrants 'recently constituting more than 25% of all warrants we receive in the United States'; 'Download supplemental data as a CSV' -> geofence_warrants_by_jurisdiction_2018_through_2020.zip; links User Data Requests Transparency Report (authority:US)
I4-Q099,socrata-discovery,"https://data.delaware.gov/resource/5s6n-7hpx.json?$select=vendor,department,count(*),sum(amount)&$where=upper(vendor) like forensics+SMM vendor list (CELLEBRITE, GRAYSHIFT, MAGNET FORENSICS, OXYGEN FORENSIC, MSAB, DATAMINR, BABEL STREET, SHADOWDRAGON, SKOPENOW, PEN-LINK, COBWEBS, MEDIA SONAR, ZEROFOX, NAVIGATE360)&$group=vendor,department",2026-09-30T18:18:12Z,1,"cell=I4-T19-C09-G0; new=1; dup=0; status=200; sha256=d11bc894515a; AGGREGATE ONLY: CELLEBRITE USA INC - Dept of Safety & Homeland Sec 28 payments 760475.13, Legal 14 / 107446.01, Dept of Corrections 4 / 29739; GRAYSHIFT LLC DSHS 5 / 89095, Legal 1 / 46620; MAGNET FORENSICS LLC DSHS 10 / 239713; MAGNET FORENSICS USA INC Legal 1 / 12990; SKOPENOW INC DSHS 1 / 10000 (T20, out-of-cell->I4-T20-C09-G0); ZEROFOX INC Dept of Education 3 / 25193 (T20/T25 ambiguity); NAVIGATE360 LLC Education 178 / 843367.90 + DSHS 9 / 279237.02 (multi-product: T25/T20, product unknown) -> I4-C170 (Delaware Checkbook target, family I4-C164)"
I4-Q021,federalregister-api,"https://www.federalregister.gov/api/v1/documents.json?conditions[term]=""tethered aerostat"" OR ""persistent surveillance"" aircraft&per_page=20&order=newest",2026-09-30T18:18:13Z,1,cell=I4-T15-C16-G0; new=1; dup=0; sha256=be2def3ba3a7; count=1: FAA NPRM 2025-16236 restricted areas R-6319A&B South Padre Island TX
I4-Q070,legistar-api:milwaukee,"https://webapi.legistar.com/v1/milwaukee/matters?$filter=substringof('facial recognition',MatterTitle)&$top=100",2026-09-30T18:18:16Z,1,"cell=I4-T11-C07-G0; new=0; dup=0; Milwaukee Legistar tenant already enumerated (agenda_tenants.toml:188) -> I4-C117 related:legistar (not new); agenda_content_vocab.toml:134-135 already carries FR patterns; status=200; sha256=46aecbe69149; 4 matters: 181237 (2018-11-27 Resolution, Passed) acceptance/funding of 2018-19 Homeland Security Mobile Facial Recognition and Identification grant; FPC212033 (2025-04-11) MPD communication re FR software; FPC212382 (2026-01-29) NYU Policing Project communication re FR; FPC212383 (2026-01-29) MPD communication re FR"
I4-Q133,socrata-discovery,https://api.us.socrata.com/api/catalog/v1?q=school%20district%20vendor%20payments&only=datasets&limit=50,2026-09-30T18:18:16Z,2,"cell=I4-T25-C09-G0; new=2; dup=0; status=200; sha256=348564d107ea; resultSetSize 2371 (full-text, noisy); kept: data.delaware.gov Delaware Checkbook Expenditure Details 7bip-nb4g (+ State of Delaware Checkbook 5s6n-7hpx) -> I4-C219; data.providenceri.gov City and School Department Purchase Orders 425y-pm5m -> I4-C221; datahub.usac.org E-Rate 7i5i-83qf noted (content filtering not E-Rate eligible - low); city/county checkbooks (Chicago, Dallas, LA, Cook, Fulton) are generic multi-class I6 lane"
I4-F032,curl,https://www.federalregister.gov/api/v1/documents/2025-16236.json?fields[]=abstract&fields[]=title&fields[]=agencies&fields[]=docket_ids&fields[]=html_url&fields[]=action&fields[]=dates,2026-09-30T18:18:22Z,1,"cell=I4-T15-C16-G0; cand=I4-C027; status=200; sha256=97f0d2c8e6a4; abstract: 'would provide U.S. Customs and Border Protection (CBP) with the ability to deploy a tethered aerostat'; dockets FAA-2025-2318, Airspace Docket 25-ASW-2; NPRM, comments due October 9, 2025"
I4-F210,curl,https://services.google.com/fh/files/misc/geofence_warrants_by_jurisdiction_2018_through_2020.zip,2026-09-30T18:18:22Z,1,"cell=I4-T21-C02-G0; cand=I4-C262; status=200; sha256=37c4785a7d0f; zip 2,463 bytes (file dated 2021-08-17) -> one CSV, header 'Jurisdiction,2018,2019,2020', 52 data rows (All Federal + states/DC); aggregate counts only e.g. 'All Federal,41,366,521' (pass)"
I4-Q022,legistar-api:sfgov,"https://webapi.legistar.com/v1/sfgov/matters?$filter=substringof('robot',MatterTitle) or substringof('Knightscope',MatterTitle) or substringof('Boston Dynamics',MatterTitle)&$top=50",2026-09-30T18:18:31Z,0,"cell=I4-T16-C07-G0; new=0; dup=0; sha256=fd2914e61232; 2 hits, both 2017 omnibus 'Petitions and Communications' entries; SF robot policy lives inside AB 481 military-equipment matters whose titles lack 'robot' -> robots found instead via I4-C012 (out-of-cell from I4-T14-C04-GS)"
I4-F180,curl,https://data.delaware.gov/api/views/7bip-nb4g.json,2026-09-30T18:18:32Z,1,"cell=I4-T25-C09-G0; cand=I4-C219; status=200; sha256=2d0589b771ba; metadata only (no rows): Delaware Checkbook Expenditure Details; license Public Domain; attribution DOF Division of Accounting; Monthly; columns incl department, vendor (""business or person""), sch_code (""physical pupil based expenses""), check_date, amount"
I4-Q100,usaspending-api,"POST https://api.usaspending.gov/api/v2/search/spending_by_award/ {filters:{award_type_codes:[A,B,C,D],keywords:[Paragon Solutions,Graphite],agencies:[awarding toptier Department of Homeland Security]},limit:50}",2026-09-30T18:18:41Z,1,"cell=I4-T19-C16-G0; new=0; dup=1; status=200; sha256=81a9ba6b0743; 28 rows; 1 relevant: ICE 70CTD024P00000012 PARAGON SOLUTIONS (US) INC $2,000,000.00 start 2024-09-30 THIS AWARD IS FOR A FULLY CONFIGURED PROPRIETARY SOLUTION INCLUDING LICENSE, HARDWARE, WAR[RANTY]...; keyword Graphite = furniture/parts noise (USCG) -> exploit-service vendor must be matched by recipient not product word; merged into I4-C150; usaspending host cap reached (8/8)"
I4-F211,curl,https://www.apple.com/legal/transparency/us.html,2026-09-30T18:18:44Z,1,"cell=I4-T21-C02-G0; cand=I4-C263; status=200; sha256=e868aee54467; US page: request types Device / Financial Identifier / Account / Account Preservation / Account Restriction-Deletion / Push Token / Emergency / National Security; half-year periods (H1 Jan-Jun, H2 Jul-Dec); 'Report CSVs' -> /legal/zip/transparency/Apple_Transparency_Report.zip (not downloaded); no 'geofence' string on page; country-level (no US-state breakdown observed)"
I4-F181,curl,https://www.warren.senate.gov/download/gaggle_senate_response_letter_10_12_21,2026-09-30T18:18:45Z,1,"cell=I4-T25-C14-G0; cand=I4-C220; status=200; sha256=bb6358e8f608; 14pp vendor letter (2021-10-12 per URL slug): the vendor states >1,500 K-12 districts served over 12 years and >235,000 alerts in past year; names 8 customer districts with gaggle.net/<district-slug> case-study URLs; CONTAINS student alert excerpts (redacted names) -> minor-data; raw PDF+text DELETED after metadata capture; out-of-cell→I4-T25-C02-G0 (vendor disclosure)"
I4-Q071,usaspending-api,"POST spending_by_award keywords=[""DataWorks Plus"",""Rank One Computing"",""NeoFace"",""Cognitec"",""FaceSearch"",""facial recognition""] award_type_codes=A,B,C,D 2018-01-01..2026-09-30 limit=100",2026-09-30T18:18:46Z,1,"cell=I4-T11-C09-G0; new=0; dup=1; FR vendor keywords -> merged into I4-C111 (Rank One, DataWorks Plus, Idemia, Paravision federal awards; NEC 0; 'Cognitech' false positive); status=200; sha256=01a9d680bfa8; 51 results (hasNext false); Rank One Computing 9 (Navy $7,934,761 2025; DOJ OBD $7,414,143.80 2026; Army $1,824,035.74 2024); DataWorks Plus 4 (USSS, DEA 2018-19, small); Clearview 3; Idemia NSS 1 (State 2017); Paravision 1; NEC 0; 'COGNITECH CORPORATION' = false positive (not Cognitec); 34 rows with FACE/FACIAL in description; federal-only (local FR buys invisible here)"
I4-L027,local:docs/build/logs/next-phase/I1/atlas.csv,count CA Atlas rows citing military-equipment (AB 481) documents,2026-09-30T18:18:49Z,0,cell=I4-T14-C04-GS; file=docs/build/logs/next-phase/I1/atlas.csv; sha256=dcbf8bc13d14; 49 CA agencies' Drones rows cite AB 481 military-equipment policy/report documents
I4-F033,curl,https://www.elkgrovepd.org/sites/elkgrovepd/files/PD-FIles/File/Dept.%20Policy/2022-military-equipment-report-and-equipment-list.pdf,2026-09-30T18:18:55Z,0,cell=I4-T14-C04-GS; cand=I4-C012; status=403; sha256=92ee7b1a60bb (403 page); HOST STOP elkgrovepd.org
I4-F212,curl,https://www.eff.org/deeplinks/2022/08/fog-revealed-guided-tour-how-cops-can-browse-your-location-data,2026-09-30T18:18:56Z,1,"cell=I4-T21-C14-G0; cand=I4-C264; status=200; sha256=51ad726b275e; EFF Fog series part 2; records cited as DocumentCloud per-agency sets (e.g. documents 22187494 chino_2019-20_attachments, 22189386 missouri-state-highway-patrol_emails-3, 22187521 missouri-highway-patrol_software-license-agreement, 22273670 fog-data-science-portal-users-manual) + DocumentCloud project fog-data-science-javascripts-209415; no structured agency list/CSV linked from this article"
I4-F182,WebFetch,https://rths193.org/departments/technology/soppa,2026-09-30T18:18:57Z,1,cell=I4-T25-C09-G0; cand=I4-C201; status=200; sha256=n/a(webfetch); Rantoul Township HSD 193 (US-IL) discharges SOPPA 85/27 posting by linking to Illinois Student Privacy Alliance listing sdpc.a4l.org/district_listing.php?districtID=5916; no monitoring vendors named on page
I4-Q072,usaspending-api,"POST spending_by_award subawards=true keywords=[""cell site simulator"",""cell-site simulator"",""stingray"",""hailstorm"",""cellular site simulator""] assistance types 02-11 2008..2026-09-30 limit=100",2026-09-30T18:18:59Z,1,"cell=I4-T17-C09-G0; new=1; dup=0; Dallas HSGP CSS sub-award -> I4-C112 (HSGP sub-award descriptions channel); status=200; sha256=8a9fb89779c2; 8 sub-awards, 1 true CSS: CITY OF DALLAS FEMA sub-award 4902901 $900,000 2023-10-13 under prime ASST_NON_EMW-2023-SS-00025_070 'COMBATING DOMESTIC VIOLENCE EXTREMISM PROJECT WILL FUND A CELL SITE SIMULATOR FOR THE DALLAS FUSION CENTER'; 7 noise (stingray fish/boats/NOAA)"
I4-Q101,curl,https://www.muckrock.com/foi/list/?q=cellebrite,2026-09-30T18:19:02Z,0,"cell=I4-T19-C13-G0; new=0; dup=0; status=403; sha256=ca47ba6de319; Cloudflare ""Attention Required!"" challenge page -> muckrock.com STOPPED for rest of batch (no retry, no mirror); registry already has MuckRock gated with restrictive ToS"
I4-F034,curl,https://www.cityofsacramento.gov/content/dam/portal/police/Transparency/Military-Use-Reports/2023_0816-1825%20-%20AMUER.pdf,2026-09-30T18:19:03Z,1,"cell=I4-T14-C04-GS; cand=I4-C012; status=200; sha256=7b2907996dbe; 203pp 'Annual Military Equipment Use Report May 1, 2022 - April 30, 2023' Sacramento PD; quotes Gov. Code 7072; categories 'Uncrewed Aerial System (UAS)' and 'Robots' (Remotec Andros F6A, Qinetiq Dragon Runner 20, DJI M30T listed); raw deleted; item=US-CA; outcome=found"
I4-F213,curl,https://www.eff.org/deeplinks/2022/08/inside-fog-data-science-secretive-company-selling-mass-surveillance-local-police,2026-09-30T18:19:14Z,1,"cell=I4-T21-C14-G0; cand=I4-C264; status=200; sha256=1bef760ac303; EFF: 'The records received by EFF indicate that Fog has past or ongoing contractual relationships with at least 18 local, state, and federal law enforcement clients'; 'filing more than 100 public records requests'; 'charged police agencies between $6,000 - $9,000 a year'; records at documentcloud.org/projects/fog-data-science-public-209393/; one agency's meeting notes: company works with '50-60' agencies; no structured agency list (records only); lead: EFF 2025-06-24 post on state data-broker registries (not fetched)"
I4-F119,WebFetch,https://www.brennancenter.org/our-work/research-reports/map-social-media-monitoring-police-departments-cities-and-counties,2026-09-30T18:19:15Z,1,"cell=I4-T20-C14-G0; cand=I4-C166; status=200; sha256=n/a(webfetch); Brennan Center map dated July 10, 2019; 158 jurisdictions; 18 with public policies; $5,159,967 documented; basis SmartProcure procurement records (PAID upstream); vendors Geofeedia, Babel Street, Dataminr, DigitalStakeout, Media Sonar, Snaptrends; Google My Maps embed; PO-records PDF /sites/default/files/analysis/Purchase_Order_Records_for_Purchases_Social_Media_Monitoring_Software_State_Local_Govts.pdf; footer (c) 2026 Brennan Center for Justice at NYU Law"
I4-F183,curl,https://sdpc.a4l.org/district_listing.php?districtID=5916,2026-09-30T18:19:16Z,1,"cell=I4-T25-C09-G0; cand=I4-C200; status=200 (NO login); sha256=664a118d8527; PUBLIC per-district SDPC listing: ~80 table rows; columns Resource, Company, Agreement Status, Agreement Type, Agreement Dates, Grade Level, Content Area, Data (elements); 145 links to signed agreement/addendum PDFs (agreements/<date>_<id>_<id>_signed_agreement_file.pdf); monitoring-adjacent vendors present (Securly Homeroom approved 2021-07-30 exp 2027-06-15; Liminex dba GoGuardian [Pear Deck] 2021-05-13); sdpc.a4l.org host cap 4/4 reached; robots not checked"
I4-Q073,curl,"https://api.github.com/search/repositories?q=""facial recognition"" police agencies dataset&per_page=30",2026-09-30T18:19:17Z,0,"cell=I4-T11-C14-G0; new=0; dup=0; negative: GitHub repo search total_count=0; GitHub REST search API (documented, unauthenticated); status=200; sha256=08c082fdf7ca; total_count=0; negative"
I4-F105,WebFetch,https://www.banfacialrecognition.com/map/,2026-09-30T18:19:23Z,0,cell=I4-T11-C14-G0; cand=none; status=200 but content truncated/unreadable by tool; sha256=n/a(webfetch); Fight for the Future map NOT verified (no facts recorded); fetch cap reached (35/35)
I4-F120,curl,https://www.brennancenter.org/sites/default/files/analysis/Purchase_Order_Records_for_Purchases_Social_Media_Monitoring_Software_State_Local_Govts.pdf,2026-09-30T18:19:27Z,1,"cell=I4-T20-C14-G0; cand=I4-C166; status=200; sha256=95dfb467c7f7; 14-page index PDF Last Updated November 14, 2016: purchase order records for 151 cities, counties and law enforcement agencies that spent >= $10,000 on SMM software (per public reports + SmartProcure); one per-agency PO PDF link each under /sites/default/files/analysis/SM_Map_<agency>_<vendor>.pdf (~172 link stems parsed, some wrapped); vendors in link names incl. Geofeedia, Babel, Dataminr, Meltwater; agency-level only - no monitored persons in index"
I4-F214,curl,https://api.github.com/repos/the-markup/investigation-prediction-bias,2026-09-30T18:19:27Z,1,"cell=I4-T22-C14-G0; cand=I4-C265; status=200; sha256=ec8094f4bb8c; repo metadata: description 'An investigation into predictive policing software used by police departments across the United States'; created 2021-12-01, last push 2021-12-03 (static); size 111,379 KB; license field BSD-3-Clause (repo-level; data terms to confirm in README)"
I4-Q023,sec-edgar-fts,"https://efts.sec.gov/LATEST/search-index?q=%22drone%20as%20first%20responder%22&forms=10-K,10-Q,S-1,8-K",2026-09-30T18:19:32Z,1,"cell=I4-T14-C02-G0; new=1; dup=0; sha256=da8ca31ea07f; total=24 filings: Axon 10, Ondas 5, Lantronix 4, SoundThinking 3, Wrap 1, Amprius 1; filings not opened (fetch cap); NOTE request carried a contact User-Agent (see notes.md self-check)"
I4-F215,curl,https://raw.githubusercontent.com/the-markup/investigation-prediction-bias/master/README.md,2026-09-30T18:19:37Z,1,cell=I4-T22-C14-G0; cand=I4-C265; status=200; sha256=8156dd0dc3d9; README data dictionary: departments.csv 'Metadata for the 38 departments in this analysis'; dept_usage_dates.csv 'software usage start and end dates confirmed by each department'; dept_prediction_date_ranges.csv; all_predictions.csv (PredPol predictions; 'addresses listed in the prediction reports are the center of the prediction box'); arrests.csv 'Arrest records for 13 departments' and uof.csv (person/incident-level -> never ingest); raw reports tarball on markup-public-data.s3.amazonaws.com; README carries no data-licence statement (repo licence field BSD-3-Clause)
I4-Q134,federalregister-api,"https://www.federalregister.gov/api/v1/documents.json?conditions[term]=""Evolv Technologies""&per_page=20&fields[]=document_number,title,publication_date,agencies,html_url,type",2026-09-30T18:19:41Z,0,"cell=I4-T26-C09-G0; new=0; dup=0; status=200; sha256=6ee6336abb3d; count=0 — NEGATIVE: no Federal Register document names ""Evolv Technologies"" (FTC 2024 Evolv order not published via FR under that term); FTC order context therefore NOT verified this batch"
I4-Q074,socrata-discovery,"https://api.us.socrata.com/api/catalog/v1?q=""facial recognition""&limit=100",2026-09-30T18:19:43Z,0,cell=I4-T11-C05-G0; new=0; dup=0; negative: Socrata discovery 1 irrelevant hit (Gainesville survey); status=200; sha256=462ef5df0e90; resultSetSize=1 (data.cityofgainesville.org h8t5-zhc6 2020 Neighbor Survey raw data - irrelevant); NEGATIVE: no Socrata-hosted agency FR usage datasets
I4-F121,WebFetch,https://www.dhs.gov/privacy-documents-department-wide-programs,2026-09-30T18:19:45Z,1,"cell=I4-T20-C16-G0; cand=I4-C167; status=200; sha256=n/a(webfetch); department-wide PIA list DHS/ALL/PIA-002..098 + retired section; Last Updated: 08/27/2026; social-media titles only PIA-031 (social networking outreach) and PIA-036 (unidirectional social media) = communications, not operational monitoring"
I4-F035,WebFetch,https://www.nyclu.org/en/campaigns/prying-eyes-government-drone-data-across-new-york-state,2026-09-30T18:19:47Z,1,cell=I4-T14-C14-G0; cand=I4-C023; status=challenge ('Please wait while your request is being verified'); sha256=n/a(webfetch); HOST STOP nyclu.org; LEAD-ONLY
I4-F184,curl,https://www.nhps.net/cms/lib/CT50000447/Centricity/Domain/29/goguardian%20salesource.pdf,2026-09-30T18:19:50Z,0,cell=I4-T25-C09-G0; cand=I4-C202; status=406; sha256=e3b0c44298fc(empty); New Haven PS (Finalsite/Centricity CDN) refused default client (406); host treated as STOPPED; CT district posting exemplar NOT verified
I4-F216,curl,https://notechforice.com/,2026-09-30T18:19:50Z,1,"cell=I4-T28-C14-G0; cand=I4-C266; status=200; sha256=9b0872f77233; Mijente #NoTechForICE advocacy site: 'Who's Behind ICE' report PDF (mijente.net/wp-content/uploads/2018/10/WHO'S-BEHIND-ICE_-The-Tech-and-Data-Companies-Fueling-Deportations_v3-.pdf; 2018), resources/#reports, news links (Intercept LexisNexis-ICE 2021, TR shareholder vote); no structured contract dataset/CSV linked on homepage"
I4-Q075,usaspending-api,"POST spending_by_award subawards=true keywords=[""facial recognition"",""face recognition"",""Clearview""] assistance types 02-11 2018-01-01..2026-09-30 limit=100",2026-09-30T18:19:54Z,1,"cell=I4-T11-C09-G0; new=0; dup=1; 11 FEMA/HSGP FR sub-awards -> merged into I4-C112; status=200; sha256=194a3dc46a6f; 100 sub-awards (hasNext true; dominated by FNS/Education noise incl. 'Clearview' place names); 11 FEMA/HSGP sub-awards with FR in description: e.g. County of Adams (NE region) $636,500 2020-09-14 incl 'CLEARVIEW AI FACIAL RECOGNITION TOOL' (prime EMW-2020-SS-00099); Marion County Sheriff $133,000 2023-09-20 (Skopenow + Clearview AI; prime EMW-2023-SS-00077); Indiana State Police IIFC $490,000 2024-11-08 'FACE RECOGNITION AND LICENSE PLATE READER'; Panhandle RPC (TX) 2021/2022 FR workstations; City of Fort Worth $250,000 2026-07-31 RTCC incl FR"
I4-F122,curl,https://www.dhs.gov/privacy-documents-department-wide-programs,2026-09-30T18:19:57Z,1,cell=I4-T20-C16-G0; cand=I4-C167; status=200; sha256=6e701b77e620; parsed 77 PIA links; no DHS/ALL operational social-media-monitoring PIA on department-wide page (batch-prompt example DHS/ALL/PIA-058 NOT found under a social-media title) -> operational SMM PIAs sit on component pages
I4-Q024,usaspending-api,"POST https://api.usaspending.gov/api/v2/search/spending_by_award/ keywords=[tethered aerostat, persistent surveillance] contracts A-D 2019-10-01..2026-09-30 sort Award Amount desc limit 25",2026-09-30T18:19:59Z,1,"cell=I4-T15-C16-G0; new=1; dup=0; sha256=e9fdf9d1ee2f; CBP 70B02C20C00000004 Peraton 'OPERATIONS AND MAINTENANCE FOR THE TETHERED AEROSTAT RADAR PROGRAM' $47,453,903.39; CBP 70B06C23F00001240 Altaeros 'TETHERED AEROSTAT' $5,529,966; CBP 70B02C26C00000008 Elbit 'PERSISTENT SURVEILLANCE AND DETECTION EXTENSION' $243,612,326.12 (out-of-cell->T28); DOJ 15JPSS22C00000042 Accenture TAS (international); 13 Army/4 Air Force rows = military, out of scope"
I4-Q135,legistar-api:anaheimelementary,"https://webapi.legistar.com/v1/anaheimelementary/matters?$filter=substringof('Gaggle',MatterTitle) or substringof('GoGuardian',MatterTitle) or substringof('Securly',MatterTitle) or substringof('Lightspeed',MatterTitle) or substringof('Bark',MatterTitle) or substringof('Navigate360',MatterTitle) or substringof('Raptor',MatterTitle) or substringof('HALO',MatterTitle) or substringof('vape',MatterTitle) or substringof('monitoring software',MatterTitle)&$select=MatterId,MatterFile,MatterTitle,MatterIntroDate,MatterTypeName",2026-09-30T18:20:06Z,0,cell=I4-T25-C07-G0; new=0; dup=0; status=200; sha256=4f53cda18c2b; 0 rows — negative for T25 vendors in Anaheim Elementary SD matter titles
I4-F217,curl,https://www.dhs.gov/privacy-documents-office-biometric-identity-management-obim,2026-09-30T18:20:07Z,1,"cell=I4-T28-C16-G0; cand=I4-C259; status=200; sha256=1083ac2c2f54; OBIM privacy index lists 'HART compliance related documents' -> /publication/dhsobimpia-004-homeland-advanced-recognition-technology-system-hart-increment-1 (link only; PIA not fetched), IDENT PIA-002, ARIES PIA-006; dhs.gov host cap 5/5 reached"
I4-F123,curl,https://www.dhs.gov/privacy-documents-office-operations-coordination-ops,2026-09-30T18:20:10Z,0,cell=I4-T20-C16-G0; cand=none; status=404; sha256=92dfaaf3a1a8; guessed OPS component PIA page URL not found
I4-F185,WebFetch,https://www.ed.gov/laws-and-policy/civil-rights-laws/civil-rights-data-collection-crdc/civil-rights-data/civil-rights-data-collection-crdc-2021-22-school-year,2026-09-30T18:20:11Z,0,cell=I4-T25-C16-G0; cand=I4-C212; status=403; sha256=n/a(webfetch); www.ed.gov refused; host STOPPED; CRDC fields unverified
I4-F218,curl,https://www.justfutureslaw.org/,2026-09-30T18:20:17Z,0,cell=I4-T28-C14-G0; cand=none; status=200; negative (no dataset); sha256=df5766c60465; Squarespace site; menus OUR WORK / EYES ON TECH (/eyesontech) / RESOURCES; links notechforice.com; no dataset link on homepage
I4-F124,curl,https://www.dhs.gov/privacy-impact-assessments,2026-09-30T18:20:20Z,1,"cell=I4-T20-C16-G0; cand=I4-C167; status=200; sha256=b006aad09c91; DHS PIA hub: 19 component PIA pages (CBP, ICE, I&A, OPS=/privacy-documents-office-operations-coordination-and-planning, FEMA, USSS, TSA...) + featured list; operational social-media PIAs found: DHS/CBP/PIA-058 Publicly Available Social Media Monitoring and Situational Awareness Initiative; DHS/ICE/PIA-064 ICE Operational Use of Publicly Available Information Including Social Media Information for Law Enforcement...; DHS/OPS/PIA-004 Publicly Available Social Media Monitoring and Situational Awareness Initiative; DHS/FEMA/PIA-041 Operational Use of Publicly Available Social Media for Situational Awareness; DHS/USSS/PIA-026 Social Media Screening (batch-prompt id DHS/ALL/PIA-058 corrected: 058 is CBP)"
I4-Q025,arcgis-hub-search,https://hub.arcgis.com/api/search/v1/collections/dataset/items?q=police%20drones&limit=40,2026-09-30T18:20:21Z,4,"cell=I4-T14-C05-G0; new=4; dup=0; sha256=87f0e9a500e3; numberMatched=49; agency-org police drone flight-log/usage layers: City of Bloomington IL, City of Peoria IL (x3 items), Village of Lombard IL (Survey123 results), City of Puyallup WA, City of Medford (OR by extent) + DroneSense DFR support layers (Greenville SC, McKinney TX); owner account ids not copied; raw deleted"
I4-F219,curl,https://www.justfutureslaw.org/eyesontech,2026-09-30T18:20:27Z,0,"cell=I4-T28-C14-G0; cand=none; status=200; sha256=eaca6bb371cc; '#Eyes On Tech' is a facial-recognition awareness campaign page (videos, narrative), not a dataset; links notechforice 'Deadly Digital Border Wall' (2021 PDF) and Amnesty 2023 report; negative for a structured JFL ICE-surveillance contract compilation (homepage + eyesontech checked)"
I4-L064,local:docs/build/logs/next-phase/I4/dedupe.sh,boarddocs simbli diligent boardbook sdpc civiciq nces ocrdata gaggle goguardian evolv securus data.delaware.gov providenceri legistar usaspending navigate360 a4l.org rules.iowa ilga cga.ct.gov leg.state.fl codes.ohio redflagmachine warren.senate cdt.org ssocs,2026-09-30T18:20:30Z,0,"cell=I4-T25-C09-G0; file=docs/build/planning/2026-09-30-next-phase/data/source_coverage.csv; sha256=a07af6599c18; only hits: boarddocs (gated), nces_ipeds_ntd_cms, legistar, usaspending; all other hosts/terms new; source_coverage shows only camreg_camberwell_au + camreg_camilo_schools as school-surveillance rows (non-US)"
I4-F125,WebFetch,https://www.dhs.gov/publication/dhsicepia-064-immigration-and-customs-enforcement-operational-use-publicly-available,2026-09-30T18:20:35Z,1,"cell=I4-T20-C16-G0; cand=I4-C167; status=200; sha256=n/a(webfetch); DHS/ICE/PIA-064 ICE Operational Use of Publicly Available Information Including Social Media Information for Law Enforcement Investigations, published November 26, 2024; PDF https://www.dhs.gov/sites/default/files/2024-11/24_1126_priv_pia_ice064_socialmedia.pdf (599.84 KB, not fetched); no vendor named on landing page; dhs.gov host cap reached (5/5)"
I4-F126,WebFetch,https://citizenlab.ca/2025/03/a-first-look-at-paragons-proliferating-spyware-operations/,2026-09-30T18:20:50Z,1,"cell=I4-T19-C14-G0; cand=I4-C168; status=200; sha256=n/a(webfetch); url from agent prior knowledge (WebSearch budget exhausted; direct origin check); Citizen Lab (Univ. of Toronto) Virtue or Vice? A First Look at Paragon Proliferating Spyware Operations, March 19, 2025; attribution by Censys certificate scanning/fingerprinting + device forensics (not leak-derived); suspected customer countries Australia, Canada, Cyprus, Denmark, Israel, Singapore (+ Italy); US: Citizen Lab states DEA used Graphite in 2022 and ICE contract paused end-2024; no GitHub indicator link in fetched text; no licence text found; report names targeted individuals -> not copied"
I4-F220,curl,https://www.eff.org/deeplinks/2026/04/california-coastal-community-must-reject-cbps-ai-powered-surveillance-tower,2026-09-30T18:20:51Z,1,"cell=I4-T28-C16-G0; cand=I4-C268; status=200; sha256=a66590db3ab2; EFF 2026-04: links EFF-maintained Google My Maps of CBP towers (google.com/maps/d/…mid=1bxUGeOT6vVXu0jFQhDLxgktLFLVOKsI; not fetched); 'CBP is rapidly increasing the number of towers ... recently announcing the potential to install 1,500 more towers in the next few years–more than tripling what we've documented so far'; CBP PTA for AST maritime use case on DocumentCloud (25545615); DocumentCloud project 212258 CA Coastal Commission/CBP towers; GAO-25-107302 (gao.gov; -> gao_surveillance_reports consume_existing) and GAO-26-108118 (DocumentCloud copy); FETCH CAP 35/35 REACHED"
I4-Q102,socrata-discovery,"https://controllerdata.lacity.org/resource/pggv-e4fn.json?$select=vendor_name,department_name,count(*),sum(dollar_amount)&$where=upper(vendor_name) like 14 SMM vendor patterns (DATAMINR, BABEL STREET, SHADOWDRAGON, SKOPENOW, VOYAGER, MEDIA SONAR, COBWEBS, PEN-LINK, PENLINK, ZEROFOX, ZIGNAL, GEOFEEDIA, LIFERAFT, FIVECAST)&$group=vendor_name,department_name",2026-09-30T18:21:11Z,0,"cell=I4-T20-C09-G0; new=0; dup=1; status=200; sha256=8936ce0f0452; AGGREGATE ONLY: PEN-LINK LTD Police 1/1092 + PEN-LINK, LTD Police 1/20800 + Harbor 3/6465; %VOYAGER% matched only US Bank Voyager Fleet card payments (noise - pattern must be VOYAGER LABS); no Dataminr/Babel/Media Sonar/Voyager Labs as direct payee -> reseller masking negative; merged into I4-C164 family notes (LA Checkbook pggv-e4fn; kept as family evidence, not a 4th target row per the ~3-exemplar rule)"
I4-Q153,socrata-discovery,https://api.us.socrata.com/api/catalog/v1?q=body camera grant&limit=40&only=dataset,2026-09-30T18:21:13Z,0,cell=I4-T23-C10-G0; new=0; dup=0; status=200; sha256=8f759b4ea511; resultSetSize 0 -> no Socrata-hosted BWC grant-award dataset on any Socrata domain (negative)
I4-Q154,socrata-discovery,https://api.us.socrata.com/api/catalog/v1?q=body worn camera&limit=40&only=dataset,2026-09-30T18:21:15Z,2,"cell=I4-T23-C05-G0; new=2; dup=0; status=200; sha256=91de035f3651; resultSetSize 3: priv-data.ojp.usdoj.gov ak2j-ub9q 'Body Worn Camera Resources' (cols incl. State, ResourceType, ImplementationStep, DocumentTitle, URL; updated 2021-11-22) -> I4-C276; data.nola.gov qarb-kkbj 'NOPD Body Worn Camera Metadata' (CC0; monthly; per-video cols incl. evidence_id, title, latitude, longitude, date_deleted) -> I4-C277 metadata-only, rows never read; data.cityofnewyork.us 2mby-ccnw CCRB complaints (not BWC; excluded:off-class); cands=I4-C276,I4-C277"
I4-L063,local:connectors/src/connectors/data/live_targets.toml,usaspending sweep keyword list,2026-09-30T18:21:30Z,0,"cell=I4-T26-C09-G0; file=connectors/src/connectors/data/live_targets.toml; sha256=ac4be19505e1; l.55 usaspending-surveillance-subawards keywords = 10 ALPR/GSD/CCTV/RTCC/drone terms; NO weapons-detection, electronic-monitoring or student-monitoring terms -> configure-existing-connector"
I4-L030,local:docs/build/logs/next-phase/I4/dedupe.sh,"dedupe.sh shotspotter soundthinking gunshot atves ""speed camera"" ""red light"" wiretap uscourts briefcam zeroeyes ""rapid dna"" macarthur",2026-09-30T18:21:32Z,0,"cell=I4-T13-C07-G0; new=0; dup=0; file=connectors/src/connectors/data/sources.toml+live_targets.toml+camera_registry_targets.toml+acquisition_queue.toml+source-candidates.csv+source_coverage.csv; sha256=n/a(grep); run_at=re-run stamp (op first run earlier in batch, re-executed and stamped at 18:21:32Z); wired_shotspotter_leak refused (sources.toml:714); SRC-016/SRC-017 present; usaspending keyword list at live_targets.toml:55 has shotspotter+gunshot detection but NOT soundthinking; no wiretap/uscourts/briefcam/zeroeyes/rapid-dna/macarthur rows"
I4-L031,local:connectors/src/connectors/data/camera_registry_targets.toml,grep ATE ids/urls (speed|red light|enforcement|photo|atves|safety),2026-09-30T18:21:32Z,0,"cell=I4-T09-C03-G0; new=0; dup=0; file=connectors/src/connectors/data/camera_registry_targets.toml; sha256=n/a(grep); run_at=re-run stamp (op first run earlier in batch, re-executed and stamped at 18:21:32Z); registered US ATE layers: chicago_il_speed_cameras(4i42-qv3h) chicago_il_redlight_cameras(thvf-6diy) arlington_va_photo_red/photo_speed pgcounty_md_redlight(3a3p-zwvz)/speed(mnkf-cu5c) baltimore_md_atves_x4 seattle_wa_atsc_cameras nola_safety_la_cameras; 313 targets total"
I4-L032,local:docs/build/logs/next-phase/I4/dedupe.sh,dedupe.sh montgomerycountymd data.ny.gov howardcounty data.nola.gov hhkd-xvj4 spqx-js37 ki2b-sg5y opendata.dc.gov ddot,2026-09-30T18:21:32Z,0,"cell=I4-T09-C03-G0; new=0; dup=0; file=registry set; sha256=n/a(grep); run_at=re-run stamp (op first run earlier in batch, re-executed and stamped at 18:21:32Z); montgomery/howard only as agenda tenants; data.nola.gov te2d-4txp registered; DC traffic CCTV layers (dot_511_dc; camreg_dc_dot_dc) registered but no ATE layer"
I4-L033,local:connectors/src/connectors/data/agenda_tenants.toml,grep oakland/cleveland/fresno/detroit/tacoma/savannah/agendaplus tenant rows,2026-09-30T18:21:32Z,0,"cell=I4-T13-C07-G0; new=0; dup=0; file=connectors/src/connectors/data/agenda_tenants.toml; sha256=n/a(grep); run_at=re-run stamp (op first run earlier in batch, re-executed and stamped at 18:21:32Z); oakland_ca legistar verified 2026-09-17 (line 248-256); cleveland only novusagenda no_bounded_api (line 11522); fresno_ca+detroit_mi legistar tenants; no savannah; no AgendaPlus platform among 8 platforms (1055 rows)"
I4-L034,local:connectors/src/connectors/data/agenda_content_vocab.toml,grep vendor/class term ids + procurement_vocab.toml,2026-09-30T18:21:32Z,0,"cell=I4-T10-C07-G0; new=0; dup=0; file=connectors/src/connectors/data/agenda_content_vocab.toml+procurement_vocab.toml; sha256=n/a(grep); run_at=re-run stamp (op first run earlier in batch, re-executed and stamped at 18:21:32Z); agenda vocab has shotspotter(117-120)+gunshot_detection(169-172); NO terms for video analytics vendors (BriefCam/Avigilon/ZeroEyes/Omnilert/Veritone/Vintra) ATE (red light/speed camera/automated traffic enforcement/Verra) or biometrics (rapid DNA/mobile fingerprint)"
I4-L035,local:connectors/src/connectors/data/api_allowlist.toml,grep catalog.data.gov + I2 protocol C03 row,2026-09-30T18:21:32Z,0,"cell=I4-T09-C03-G0; new=0; dup=0; file=connectors/src/connectors/data/api_allowlist.toml:42 + PD/design/I2-source-search-protocol.md:240; sha256=n/a(grep); run_at=re-run stamp (op first run earlier in batch, re-executed and stamped at 18:21:32Z); allowlist declares catalog.data.gov /api as data.gov CKAN catalog API"
I4-L036,local:docs/build/logs/next-phase/I4/dedupe.sh,"dedupe.sh 3h7q-7mdb ""violence reduction"" wtsc oag.ca.gov siue wcsj sec.gov edgar legistar oakland",2026-09-30T18:21:32Z,0,"cell=I4-T13-C14-G0; new=0; dup=0; file=registry set; sha256=n/a(grep); run_at=re-run stamp (op first run earlier in batch, re-executed and stamped at 18:21:32Z); only legistar (sources.toml:1080 ingested-live) and ccops_oakland (P31-owned) matched"
I4-L037,local:docs/build/logs/next-phase/I4/dedupe.sh,dedupe.sh SCwJH1pD8WSn5T5y tacoma EYzEZbDhXZjURPbP bellevue ogdeCdziRfIzuoFs ePKBjXrBZ2vEEgWd gEFt9c3jUfWMXCEP maps2.dcgis.dc.gov cityofpasadena fresno.gov detroitmi.gov seattle.gov ZOyb2t4B0UYuYNYH savannah,2026-09-30T18:21:32Z,0,"cell=I4-T09-C03-G0; new=0; dup=0; file=registry set; sha256=n/a(grep); run_at=re-run stamp (op first run earlier in batch, re-executed and stamped at 18:21:32Z); bellevue traffic-camera source camreg_bellevue_wa GATED (commercial-use prohibition in item licence); Medford org ogdeCdziRfIzuoFs registered for an MPD Flock layer; seattle ATSC layer registered (camreg_seattle_wa); DC host registered for traffic CCTV only"
I4-L038,local:raw/*.pdf (pypdf text extraction),pypdf extract_text on wtsc_2026_ase.pdf ca_ei_2025.pdf pasadena_ar2.pdf detroit_teeter.pdf siue_spi.pdf seattle_atsc.pdf,2026-09-30T18:21:32Z,0,cell=I4-T09-C04-GS; new=0; dup=0; file=docs/build/logs/next-phase/I4/B_gsd_ate/raw/*.txt; sha256=see fetch lines; run_at=re-verification stamp; local text extraction of captured PDFs (WebFetch could not render PDFs)
I4-L039,local:raw/socrata_ate.json,re-read captured Socrata catalog JSON for data.edmonton.ca licence/columns,2026-09-30T18:21:32Z,0,cell=I4-T09-C03-G0; new=0; dup=0; file=docs/build/logs/next-phase/I4/B_gsd_ate/raw/socrata_ate.json; sha256=a644a2ec3f41; run_at=re-verification stamp; schema read from catalog metadata only
I4-Q155,arcgis-hub-search,"https://hub.arcgis.com/api/search/v1/collections/dataset/items?q=""fusion center""&limit=50",2026-09-30T18:21:37Z,1,"cell=I4-T27-C16-G0; new=1; dup=0; status=200; sha256=71ad406588a7; numberMatched 54; fusion-titled items: Alabama GeoHub 'Fusion Center Directory' 7c21d1ef50e9492fac3adc50fbdbe48f (2018); CalOES 'VALID CA Fusion Center AOR' 86e0948fba0b41069f0b53043bc7a474 (2021); USDA-OIG 'State_LE_Fusion_Centers' ed4c6ea60afb4a628da15f87e27f693b (2024); ODIN 'FusionCenters' 5ff4c0c9a1a04c81aaaf0fd07aed05cf (2025); NFCA 'Fusion Center Budget & Grant Funding Impact_form' 62ed0a9edf244a16868e035b1eb40a20 (Survey123 form, 2026); 'Fusion Center Capability Matrix_form' bb65130366d64b329dc0c3bf8a678555 -> family I4-C275; no item JSON fetched (fetch cap); cands=I4-C275"
I4-L074,local:connectors/src/connectors/data/sources.toml,read [sources.usaspending] + .rights,2026-09-30T18:22:10Z,0,"cell=I4-T21-C16-G0; new=0; dup=0; file=connectors/src/connectors/data/sources.toml; sha256=4aad5d345ab6; usaspending rights spdx CC0-1.0, terms_url https://api.usaspending.gov/docs/, notes 'Live fetch needs POST-with-body support (P25.2)'"
I4-L075,local:docs/build/logs/next-phase/I4/F_data_bwc/raw,grep copyright/licence/terms lines in captured pages F188 F190 F192 F195 F203 F205 F211 F212 F213 F216 F220,2026-09-30T18:22:10Z,0,cell=I4-T23-C10-G0; new=0; dup=0; file=raw/*.html; sha256=n/a(multi-file); captured footers: SC 'Copyright © State of South Carolina'; Mass '© 2026 Commonwealth of Massachusetts' + /massgov-site-policies; EFF 'Copyright (CC BY)' -> /copyright; Apple 'Copyright © 2026 Apple Inc. All rights reserved.'; DIAC '© 2010 DIAC ... All rights reserved'; ice.gov /site-policies link; dhs.gov /privacy-policy link; Illinois AwardList no terms link
I4-Q103,legistar-api:atlantaga,"https://webapi.legistar.com/v1/atlantaga/matters?$filter=substringof over MatterTitle for Social Media, Dataminr, Babel, Skopenow, ShadowDragon, Media Sonar, Cobwebs, Penlink, Pen-Link, Open Source Intelligence, Voyager Labs, Cellebrite, GrayKey, Magnet Forensics&$top=100",2026-09-30T18:22:24Z,0,cell=I4-T20-C07-G0; new=0; dup=0; status=200; sha256=4f53cda18c2b; 0 matters; caveat: Legistar OData substringof is case-sensitive and Atlanta titles are often upper-case -> NOT a reliable negative; tenant atlantaga already enumerated (agenda_tenants.toml:311)
I4-Q104,WebFetch,https://www.brennancenter.org/search?search_api_fulltext=Voyager%20Labs%20documents,2026-09-30T18:22:50Z,0,"cell=I4-T20-C13-G0; new=0; dup=0; status=200; sha256=n/a(webfetch); site search results are client-rendered - template only, no results in HTML -> unusable as a discovery channel without JS; not retried"
I4-F127,WebFetch,https://www.aclunc.org/blog/facebook-instagram-and-twitter-provided-data-access-surveillance-product-marketed-target,2026-09-30T18:23:00Z,0,"cell=I4-T20-C13-G0; cand=I4-C169; status=301; sha256=n/a(webfetch); url from agent prior knowledge (WebSearch exhausted); permanent redirect to aclunorcal.org (same publisher, not a mirror)"
I4-F128,WebFetch,https://www.aclunorcal.org/blog/facebook-instagram-and-twitter-provided-data-access-surveillance-product-marketed-target,2026-09-30T18:23:05Z,1,"cell=I4-T20-C13-G0; cand=I4-C169; status=200; sha256=n/a(webfetch); ACLU of Northern California, October 11, 2016: public records requests to 63 California law enforcement agencies on social media surveillance; released Geofeedia records linked (vendor emails to Riverside PD, San Diego DA, Sacramento County DA, Baltimore County PD case study); page centres on monitored activists -> monitored-person content present in narrative (not copied); no licence text found"
I4-Q105,socrata-discovery,"https://data.nj.gov/resource/ubnu-tqu7.json?$select=vendor_name,department_agency_desc,count(*),sum(ytd_amt)&$where=upper(vendor_name) like forensics+SMM vendor patterns (CELLEBRITE, GRAYSHIFT, MAGNET FORENSICS, DATAMINR, BABEL STREET, SHADOWDRAGON, SKOPENOW, VOYAGER LABS, MEDIA SONAR, COBWEBS, PEN-LINK, PENLINK, ZEROFOX, NAVIGATE360, FIVECAST)&$group=vendor_name,department_agency_desc",2026-09-30T18:23:26Z,1,"cell=I4-T19-C09-G0; new=1; dup=0; status=200; sha256=78c79b84b3e4; AGGREGATE ONLY (NJ YourMoney Agency Purchasing): CELLEBRITE INC - Law and Public Safety 10 rows / 140504, Corrections 11 / 37916, Human Services 9 / 6019, Children and Families 4 / 4252; GRAYSHIFT, LLC LPS 2 / 34998; MAGNET FORENSICS USA, INC. LPS 1 / 17000; PEN-LINK, LTD LPS 3 / 21070 (T20/T18 out-of-cell->I4-T20-C09-G0); no Dataminr/Babel/ShadowDragon/Skopenow payee; -> I4-C171 (NJ YourMoney target, family I4-C164)"
I4-Q106,socrata-discovery,"https://data.ct.gov/resource/avfh-2eg7.json?$select=vendor,department,count(*),sum(amount)&$where=upper(vendor) like 15 SMM vendor patterns&$group=vendor,department",2026-09-30T18:23:49Z,1,"cell=I4-T20-C09-G0; new=0; dup=1; status=200; sha256=9b3679d0c5d8; AGGREGATE ONLY (State of CT Open Expenditures ledger archive; department field is an appropriation/fund label): DATAMINR INC Rail Operations 2 / 160000 + Bus Operations 1 / 80000 (transit operator context); COBWEBS AMERICA INC Other Expenses 1 / 118353; PEN-LINK LTD Other Expenses 6 / 455700.19, Shooting Taskforce 12 / 6120, Consumer Protection Case Acct 9 / 32611.6 (+PENLINK  LTD 1 / 5608.8); NAVIGATE360 LLC small amounts; operators=transit;state-police(inferred from fund labels, unverified); merged into I4-C164 family notes (CT avfh-2eg7; not a separate target row per the ~3-exemplar rule)"
I4-Q107,curl,https://api.github.com/search/repositories?q=%22social+media+monitoring%22+police&per_page=30,2026-09-30T18:24:59Z,0,"cell=I4-T20-C14-G0; new=0; dup=0; status=200; sha256=18a46cc59567; engine=github-search-api (documented public API, unauthenticated, via curl); total_count 1 (unrelated research repo) -> NEGATIVE: no NGO/public police-SMM dataset published on GitHub under this phrase"
I4-Q108,sec-edgar-fts,https://efts.sec.gov/LATEST/search-index?q=%22state%20and%20local%22%20%22law%20enforcement%22&ciks=0001854587,2026-09-30T18:25:20Z,1,"cell=I4-T19-C02-G0; new=0; dup=1; status=200; sha256=n/a(webfetch); 23 Cellebrite filings contain both phrases: 20-F FY2021-FY2025, quarterly 6-K ex99-1 results press releases (2025-05-14, 2025-08-14, 2025-11-12), F-1 2021, 424B3 2022, Form 425 (2021 SPAC merger) -> quarterly 6-K cadence merged into I4-C153"
I4-F129,WebFetch,https://www.sec.gov/Archives/edgar/data/1854587/000121390025109216/ea026501001ex99-1_cellebrite.htm,2026-09-30T18:25:40Z,1,"cell=I4-T19-C02-G0; cand=I4-C153; status=200; sha256=n/a(webfetch); 6-K ex99-1 Q3 2025 results (filed 2025-11-12): the vendor states ""Strong demand from customers within our U.S. state and local, and Latin America segments helped drive 21% growth in total subscription-based revenue"" and ""Thousands of public safety organizations, intelligence agencies, and businesses rely on Cellebrite...""; no customer count"
I4-F130,curl,https://data.cityofchicago.org/api/views/s4vu-giwb.json,2026-09-30T18:25:51Z,1,"cell=I4-T19-C09-G0; cand=I4-C165; status=200; sha256=e1306284cae0; metadata only: Payments, attribution City of Chicago, licence field See Terms of Use (SEE_TERMS_OF_USE), 1996 to present, Data is updated daily, Data Owner Finance"
I4-F131,curl,https://data.delaware.gov/api/views/5s6n-7hpx.json,2026-09-30T18:25:53Z,1,"cell=I4-T19-C09-G0; cand=I4-C170; status=200; sha256=c5fae2c146d6; metadata only: State of Delaware Checkbook, Department of Finance Division of Accounting, licence Public Domain, FY15-present, Monthly"
I4-F132,curl,https://data.nj.gov/api/views/ubnu-tqu7.json,2026-09-30T18:25:55Z,1,"cell=I4-T19-C09-G0; cand=I4-C171; status=200; sha256=80f73048ffb2; metadata only: YourMoney Agency Purchasing, Division of Purchase and Property, licence None, Quarterly, from 6/30/04, Governor Transparency purchasing data"
I4-F133,curl,https://webapi.legistar.com/v1/phoenix/matters/10501/texts/,2026-09-30T18:26:15Z,0,"cell=I4-T20-C07-G0; cand=none; status=405; sha256=88bdf5af0903; texts endpoint needs a version/text id - not pursued (matter 18-3607 Citizen Petition re Police Department Use of Social Media remains a LEAD, title-only)"
I4-L053,local:tests/connectors/fixtures/pathways/fr_css_forensics.json,tests/connectors/fixtures/pathways/fr_css_forensics.json + SOURCES.md:22-27,2026-09-30T18:28:30Z,0,"cell=I4-T19-C14-G0; file=tests/connectors/fixtures/pathways/fr_css_forensics.json; sha256=b5b60b12512a; the only registered T19 source (pathways_fr_css_forensics, fixtures only) cites 3 URLs: documentcloud.org/documents/county-sheriff-annual-surveillance-report-2024, documentcloud.org/documents/state-police-facial-recognition-policy, courtlistener.com/docket/federal-css-authorization-order - slug-only paths without the numeric ids real DocumentCloud/CourtListener URLs carry -> appear synthetic (not fetched; finding candidate); none is Upturn/Cellebrite/GrayKey"
I4-F247,curl,https://sig-api-e5ctyx36jq-uc.a.run.app/v1/search?q=drone&limit=50,2026-09-30T18:35:05Z,0,cell=integrator-QA(product-check; no cell); cand=none; status=200; sha256=aabcc2849030; 5 results: 1 pathways deployment + 4 usaspending procurement/funding entities; no Atlas drone row reachable by search
I4-F248,curl,https://sig-api-e5ctyx36jq-uc.a.run.app/v1/entity/deployment/01a0a88f-bfa0-700d-852e-54f1165726b6,2026-09-30T18:35:11Z,0,cell=integrator-QA(product-check; no cell); cand=none; status=200; sha256=3e14fbe51c41; label 'pathways:acoustic_drone_location:drones'; technology=drone RESOLVED/PROBABLE; location null; no operator; attribution text 'per-fixture URLs' -> NEW-1
I4-F249,curl,https://sig-api-e5ctyx36jq-uc.a.run.app/v1/search?q=waiver&limit=50,2026-09-30T18:35:57Z,0,cell=integrator-QA(product-check; no cell); cand=none; status=200; sha256=4c0d6bca25f7; 0 results
I4-F250,curl,https://sig-api-e5ctyx36jq-uc.a.run.app/v1/entity/deployment/01a0a6d1-e4e4-7b6a-a0b0-210f01b6d20a,2026-09-30T18:36:08Z,0,cell=integrator-QA(product-check; no cell); cand=none; status=200; sha256=5b83337fcba5; Atlas Denver ShotSpotter deployment; no URLs in entity JSON
I4-F251,curl,https://sig-api-e5ctyx36jq-uc.a.run.app/v1/claim/01a0a6d1-e580-71a3-8d29-4012ddae6970,2026-09-30T18:36:13Z,0,"cell=integrator-QA(product-check; no cell); cand=none; status=200; sha256=02696d5cc4af; public claim JSON carries no attribution_links / no URLs -> Atlas link exposure is latent, not live (NEW-2)"
I4-L007,local:docs/build/logs/next-phase/I1/atlas.csv,count faa.gov links on Atlas Drones rows (no names printed),2026-09-30T18:36:23Z,0,"cell=integrator-local(registry-check); file=docs/build/logs/next-phase/I1/atlas.csv; sha256=dcbf8bc13d14; 154 faa.gov links (registry.faa.gov excluded), 152 are waiver-path PDFs (batch A reports CoW PDF filenames embed the responsible person's name, I4-F001) -> NEW-2"
I4-L008,local:connectors/src/connectors/data/agenda_tenants.toml,tenant count by platform field,2026-09-30T18:36:44Z,0,"cell=integrator-local(dedupe); file=connectors/src/connectors/data/agenda_tenants.toml; sha256=f59ccb2b8fe1; platform legistar 306, civicclerk 303, primegov 110, escribe 74 (793); 578 = lines containing webapi.legistar.com, not tenants (corrects I4-C162 coverage_estimate)"
I4-L009,local:connectors/src/connectors/data/procurement_vocab.toml,[usaspending_sweep] keyword list (lines 561-581),2026-09-30T18:36:44Z,0,"cell=integrator-local(dedupe); file=connectors/src/connectors/data/procurement_vocab.toml; sha256=a6eee1ad5461; 19 terms incl. facial recognition, unmanned aerial, cell-site simulator, stingray, acoustic gunshot, predictive policing, geofence, data broker, body camera; NO vendor names and NO forensics/SMM/ATE/weapons-detection/EM/biometric terms; the integrator brief cited only live_targets.toml:55 (10 terms) -> keyword-gap candidates corrected at integration"
I4-L010,local:connectors/src/connectors/atlas.py,"attribution_links handling (lines 455-480, 540-556) and atlas_vocab.toml:81",2026-09-30T18:36:44Z,0,cell=integrator-local(registry-check); file=connectors/src/connectors/atlas.py; sha256=b5fc4db85131; Atlas Link 1-3 + Summary are retained as attribution_links in every emitted Atlas row -> NEW-2 latent exposure
I4-F252,curl,https://www.ice.gov/identify-and-arrest/287g,2026-09-30T18:39:57Z,1,cell=I4-T28-C16-G0; cand=I4-C280; status=200; sha256=76f7c0c6ad21; integrator QA (P6 spot-check): landing page links participatingAgencies09282026.xlsx — confirms F's file discovery and the rotating filename
I4-Q169,usaspending-api,"POST https://api.usaspending.gov/api/v2/search/spending_by_award_count/ {filters:{program_numbers:[16.835],time_period:2007-10-01..2026-09-30}}",2026-09-30T18:40:03Z,1,cell=I4-T23-C10-G0; new=0; dup=1; sha256=42a7c0711068; integrator QA: grants=613 (confirms I4-C250)
I4-Q170,usaspending-api,"POST https://api.usaspending.gov/api/v2/search/spending_by_award_count/ {filters:{keywords:[Cellebrite,Grayshift,GrayKey,Magnet Forensics],time_period:2007-10-01..2026-09-30}}",2026-09-30T18:40:03Z,1,"cell=I4-T19-C16-G0; new=0; dup=1; sha256=5ca2d6b6e002; integrator QA: contracts 3,538, grants 28, idvs 18, loans 1 with 4 unambiguous vendor terms (D's 3,813 used 7 terms incl. noisy MSAB/Oxygen); keyword hits, not deduplicated"
I4-F253,WebFetch,https://drones.ahdatalytics.com/,2026-09-30T18:40:03Z,1,"cell=I4-TRES-C01-G0; cand=I4-C300; status=200; sha256=n/a(webfetch); batch date -u 2026-09-30T18:40:03Z taken immediately before this call batch; 'Updated monthly. Date of last update: Sep 7, 2026'; 'A monthly snapshot, not a live feed.'; no licence statement, no download link on the page"
I4-F254,WebFetch,https://www.uscourts.gov/data-news/reports/statistical-reports/wiretap-reports/wiretap-report-2024,2026-09-30T18:40:03Z,1,"cell=I4-T18-C04-G0; cand=I4-C085; status=200; sha256=n/a(webfetch); batch date -u 2026-09-30T18:40:03Z taken immediately before this call batch; confirms 'A total of 2,297 wiretaps were reported as authorized in 2024, with 1,290 authorized by federal judges and 1,007 authorized by state judges'; 11 xlsx tables incl. Wire A1/B1"
I4-F255,WebFetch,https://drones.ahdatalytics.com/about,2026-09-30T18:40:03Z,1,"cell=I4-TRES-C01-G0; cand=I4-C300; status=200; sha256=n/a(webfetch); batch date -u 2026-09-30T18:40:03Z taken immediately before this call batch; confirms 'Skydio transparency dashboards — 102 agencies', Aerodome 68, CAPE 5, AirData 20, SFPD 1; 'each collection is committed to a public repository' (no link); Aerodome rows carry 'a block-level address'"
I4-F256,WebFetch,https://sdpc.a4l.org/district_listing.php?districtID=5916,2026-09-30T18:40:03Z,1,cell=I4-T25-C09-G0; cand=I4-C200; status=200; sha256=n/a(webfetch); batch date -u 2026-09-30T18:40:03Z taken immediately before this call batch; confirms public (no login) district listing with columns Resource Name/Company Name/Agreement Status/Agreement Type/Agreement Dates/Grade Level/Content Area/Data; Securly and Liminex dba GoGuardian rows present
I4-F257,WebFetch,https://wtsc.wa.gov/wp-content/uploads/dlm_uploads/2026/06/2026-Automated-Safety-Enforcement-Report_WTSC.pdf,2026-09-30T18:40:03Z,1,"cell=I4-T09-C04-GS; cand=I4-C067; status=200; sha256=6ea0e2d9ecdc; batch date -u 2026-09-30T18:40:03Z taken immediately before this call batch; bytes identical to batch B's capture (same sha256); quotes confirmed in B's text layer: 'Of the 416 cameras in operation as of December 31, 2025', '29 incorporated', '846,133', 'Novoa', RCW 46.63.220"
