query_id,engine_or_tool,query_or_url,run_at,hits_kept,notes
I9b-Q001,WebSearch,"""Skopenow"" police department contract city council approved subscription",2026-09-30T19:00:37Z,1,cell=I4-T20-C09-G0; new=1; dup=0; Little Rock AR Skopenow renewal + LRPD Flock resolution (agenda uploads folder) -> I9b-C001 LEAD-ONLY (challenge at F001); other hits were police labour contracts (noise)
I9b-Q002,WebSearch,"""Babel Street"" police department agreement city council purchase social media",2026-09-30T19:00:37Z,0,"cell=I4-T20-C09-G0; new=0; dup=1; Brennan third-party SMM vendors page (related to I4-C166); Milwaukee Babel Street via Wisconsin Examiner (journalism lead, unfetched); Everett WA Laserfiche doc (F007 403) and Terre Haute BPW minutes (F008 404) not verifiable; MuckRock Chicago request (records corpus; host not fetched)"
I9b-Q003,WebSearch,"""ShadowDragon"" OR ""Media Sonar"" OR ""Cobwebs"" police contract city approved",2026-09-30T19:00:37Z,1,"cell=I4-T20-C09-G0; new=1; dup=0; NYC City Record Online notice (Bronx DA Cobwebs hearing) -> channel I9b-C002; leads (journalism, unfetched): MSP ShadowDragon via reseller (NBC Boston), Tucson PD Cobwebs Tangles funded via AZ DEMA/border grant (AZ Mirror), Dallas council Cobwebs renewal, Tampa Media Sonar (MuckRock)"
I9b-Q004,WebSearch,"""Cellebrite"" ""sole source"" police department purchase city council 2025",2026-09-30T19:00:37Z,2,"cell=I4-T19-C09-G0; new=2; dup=1; Jasper County SC sheriff Cellebrite sole source (I9b-C003); Davie FL NTSS sole-source notice (I9b-C004); Miami-Dade minutes = I4-C160 family (dup); leads unfetched: La Vista NE, Decatur IL, Nampa ID, bidstats.uk (UK aggregator)"
I9b-Q005,WebSearch,"""Gaggle"" contract ""school district"" board approved purchase 2025 student safety",2026-09-30T19:00:37Z,2,cell=I4-T25-C09-G0; new=2; dup=0; WSIPC RFP 24-01 (I9b-C005) and Florida Buy PAEC Gaggle (I9b-C006) cooperatives (out-of-cell->I6 C08); Wisconsin Rapids board packet 403 (F004 challenge); BoardBook doc (I4 host 400) not fetched; Pavilion 22-02PV-07 (I6 aggregator)
I9b-Q006,WebSearch,"FAA ""91.113"" waivers issued ""first responder"" drone agencies list",2026-09-30T19:00:37Z,0,cell=I4-T14-C16-G0; new=0; dup=1; DroneXL (F006) confirms EFF FOIA release (July 23) with spreadsheet+map = I4-C002 (dup); FAA Part 91 waivers-issued page 403 again (F005) -> faa.gov stop-listed for I9b; FAA COA FAQ PDF on faa.gov not fetched (host stopped)
I9b-F001,curl-fetch,https://littlerock.gov/wp-content/uploads/meeting-agenda/AGENDA%20-%20WEB%20-%205-5-2026/R-Skopenow.pdf,2026-09-30T19:03:25Z,1,cell=I4-T20-C09-G0; cand=I9b-C001; status=200; sha256=651076becf9b; bytes=12129; bot-verification interstitial served with HTTP 200; treated as a challenge; littlerock.gov stop-listed by hand; an unindexed identical GET was made once during tool setup at ~19:02Z (disclosed)
I9b-F002,curl-fetch,https://a856-cityrecord.nyc.gov/RequestDetail/20231113021,2026-09-30T19:03:25Z,1,cell=I4-T20-C09-G0; cand=I9b-C002; status=200; sha256=7e78fc4c6f6c; bytes=31101; CROL notice detail: Bronx DA Cobwebs contract award hearing
I9b-F003,curl-fetch,https://www.wsipc.org/purchasing/gaggle-24-01,2026-09-30T19:03:26Z,1,cell=I4-T25-C09-G0; cand=I9b-C005; status=200; sha256=5f79d64d7697; bytes=56526; WSIPC Gaggle 24-01 page
I9b-F004,curl-fetch,https://wrps.org/cms_files/resources/BSC%20Agenda%20and%20Background%202025-04-07.pdf,2026-09-30T19:03:27Z,0,cell=I4-T25-C07-G0; cand=none; status=403; sha256=8d7ab4a61b72; challenge-suspected; bytes=4548; wrps.org 403 challenge; stop-listed
I9b-F005,curl-fetch,https://www.faa.gov/uas/advanced_operations/part_91_waivers/waivers_issued,2026-09-30T19:03:27Z,0,cell=I4-T14-C16-G0; cand=none; status=403; sha256=ae964d5f1942; challenge-suspected; bytes=447; faa.gov Part 91 waivers-issued 403; stop-listed (same outcome as I4 F004)
I9b-F006,curl-fetch,https://dronexl.co/2026/08/07/faa-dfr-waiver-list-1000-agencies/,2026-09-30T19:03:27Z,0,cell=I4-T14-C16-G0; cand=none; status=200; sha256=b2324e06a9df; bytes=69970; DroneXL article; confirms I4-C002 (dup)
I9b-F007,curl-fetch,https://lfportal.everettwa.gov/WebLink/0/doc/1261582/Page11.aspx,2026-09-30T19:04:24Z,0,cell=I4-T20-C09-G0; cand=none; status=403; sha256=c55f527e536d; bytes=1233; lfportal.everettwa.gov 403; stop-listed
I9b-F008,curl-fetch,https://www.terrehaute.in.gov/departments/board-of-public-works/minutes/board-of-works-min-5_8_23.docx,2026-09-30T19:04:24Z,0,cell=I4-T20-C09-G0; cand=none; status=404; sha256=n/a; bytes=0; Terre Haute BPW minutes docx 404
I9b-F009,curl-fetch,https://jaspercountysc.gov/media/1lqbd25k/06282024-agenda-e-packet-special-called-meeting.pdf,2026-09-30T19:04:25Z,1,cell=I4-T19-C09-G0; cand=I9b-C003; status=200; sha256=65b0d545dce7; bytes=915313; Jasper County SC packet
I9b-F010,curl-fetch,https://www.davie-fl.gov/DocumentCenter/View/4395/NTSS-2018-026-Cellebrite---Universal-Mobile-Phone-Forensic-Software-Upgrade,2026-09-30T19:04:25Z,1,cell=I4-T19-C09-G0; cand=I9b-C004; status=200; sha256=a1c38cb012b1; bytes=1652217; Davie FL NTSS-2018-026
I9b-F011,curl-fetch,https://floridabuy.paec.org/gaggle-net-inc/,2026-09-30T19:04:26Z,1,cell=I4-T25-C09-G0; cand=I9b-C006; status=200; sha256=d3e3326bf1b5; bytes=18578; Florida Buy Gaggle page
I9b-Q007,socrata-discovery,https://api.us.socrata.com/api/catalog/v1?q=city%20record%20online&domains=data.cityofnewyork.us&limit=10,2026-09-30T19:04:28Z,1,cell=I4-T20-C09-G0; new=0; dup=0; status=200; sha256=6a8fa260bc51; resultSetSize 42 on data.cityofnewyork.us; dg92-zbpx City Record Online (Public Domain) -> enriches I9b-C002
I9b-F012,curl-fetch,https://data.cityofnewyork.us/api/views/dg92-zbpx.json,2026-09-30T19:05:52Z,1,cell=I4-T20-C09-G0; cand=I9b-C002; status=200; sha256=f00ffb80f408; bytes=574904; CROL views metadata JSON
I9b-Q008,socrata-soql:data.cityofnewyork.us,"https://data.cityofnewyork.us/resource/dg92-zbpx.json?$select=vendor_name,count(*) as n&$where=upper(vendor_name) like '%CELLEBRITE%' OR ... (20 vendor terms)&$group=vendor_name",2026-09-30T19:06:05Z,1,"cell=I4-T20-C09-G0; new=0; dup=0; status=200; sha256=d808fb7ab5c2; aggregate count by vendor_name only (no rows): Dataminr 8, Axon 11, ShotSpotter 2; Clearview Data Systems + Parsons Brinckerhoff are noise -> enriches I9b-C002"
I9b-Q009,WebSearch,"""GoGuardian"" board of education approve renewal agenda item district 2025",2026-09-30T19:07:29Z,1,"cell=I4-T25-C07-G0; new=1; dup=2; Arkadelphia AR GoGuardian (I9b-C010); dup OUSD Granicus (I4-C205) and CivicIQ (I4-C207, host challenged for I4, not retried); leads unfetched: Lyon County SD NV, Yorktown CSD NY, Licking County CTEC OH (civiciq); BoardBook manuals PDF 400 (F015); change.org petitions excluded (social/petition)"
I9b-Q010,WebSearch,"""Lightspeed Alert"" OR ""Securly"" school board meeting approve contract district student monitoring",2026-09-30T19:07:29Z,0,"cell=I4-T25-C07-G0; new=0; dup=0; leads unfetched: New Hanover County Schools NC Lightspeed $211,346 (Port City Daily 2023), Whitefish Bay SD WI and Watertown CSD NY self-disclosure pages (T25 programme pages), Van Buren County CSD Securly (civiciq); vendor press releases excluded (marketing)"
I9b-Q011,WebSearch,"""Navigate360"" school district purchase agreement board approved threat assessment social media",2026-09-30T19:07:29Z,1,"cell=I4-T25-C09-G0; new=1; dup=0; Govly public award page (Idaho Technology Authority PO to Navigate360) -> I9b-C012 (out-of-cell->I6 aggregator); leads unfetched: Northern Lehigh SD PA ($14,250), Penn-Delco SD PA, Campbell County BOE TN (radio)"
I9b-Q012,WebSearch,"""GrayKey"" police purchase council approve quote Magnet Forensics 2025",2026-09-30T19:07:29Z,0,"cell=I4-T19-C09-G0; new=0; dup=2; dup Jefferson County MO (I4-C158), Placer (I4-C161); leads unfetched: Ocala FL GrayKey renewal (Ocala Gazette), Rock Island IL, Elgin IL; UK Surrey PCC GrayKey on find-tender (GI1 -> I5 cells; host stop-listed by I5)"
I9b-Q013,WebSearch,"""Dataminr"" ""First Alert"" police department contract city council approve",2026-09-30T19:07:29Z,3,"cell=I4-T20-C09-G0; new=3; dup=0; Houston Dataminr (I9b-C008), VSP Dataminr records (I9b-C009, out-of-cell->T20-C13), Buffalo Dataminr (I9b-C011); Brennan Dataminr trial doc = Brennan LAPD corpus (related I4-C166); Carahsoft resource (reseller marketing, excluded)"
I9b-Q014,WebSearch,"""certificate of waiver"" ""91.113"" police department drone program site:.gov",2026-09-30T19:07:29Z,1,"cell=I4-T14-C16-G0; new=1; dup=1; per-agency FAA 91.113 CoW PDFs on faa.gov (I9b-C007, LEAD-ONLY: faa.gov 403); waivers_issued?page=38 = I4-C011 (dup); Seward AK UAS page 403 (F017)"
I9b-F013,curl-fetch,https://houstonlanding.org/houston-council-renews-support-for-dataminr-social-media-monitoring-tool-used-by-police/,2026-09-30T19:08:16Z,1,cell=I4-T20-C09-G0; cand=I9b-C008; status=200; sha256=83782f4503ba; bytes=191400; Houston Landing article
I9b-F014,curl-fetch,https://joshstanfield.substack.com/p/vsp-releases-more-dataminr-surveillance,2026-09-30T19:08:17Z,1,cell=I4-T20-C09-G0; cand=I9b-C009; status=200; sha256=a727c68a5c11; bytes=193386; VSP Dataminr records post
I9b-F015,curl-fetch,https://manuals.boardbook.org/Documents/DownloadPDF/a41152a9-e36e-41c4-af1a-db2c3b578788?org=1027,2026-09-30T19:08:17Z,0,cell=I4-T25-C07-G0; cand=none; status=400; sha256=n/a; bytes=0; manuals.boardbook.org 400
I9b-F016,curl-fetch,https://arkadelphian.com/2021/10/29/school-board-to-consider-switching-online-monitoring-service/,2026-09-30T19:08:18Z,1,cell=I4-T25-C07-G0; cand=I9b-C010; status=200; sha256=c94cdc9ff701; bytes=345111; Arkadelphian article
I9b-F017,curl-fetch,https://www.cityofseward.us/departments/police-department/uas-drone-program,2026-09-30T19:08:20Z,0,cell=I4-T14-C16-G0; cand=none; status=403; sha256=b5e5d1dc5f2b; challenge-suspected; bytes=440; cityofseward.us 403; stop-listed
I9b-F018,curl-fetch,https://ppgbuffalo.org/news-and-events/news/article:12-13-2024-12-00am-buffalo-common-council-summary-week-of-december-9-2024/,2026-09-30T19:08:20Z,1,cell=I4-T20-C09-G0; cand=I9b-C011; status=200; sha256=df0770896146; bytes=19765; PPG Buffalo council summary
I9b-F019,curl-fetch,https://app.govly.com/public/awards/e4324476d55d2bd06de962f8a5a1fc56,2026-09-30T19:08:20Z,1,cell=I4-T25-C09-G0; cand=I9b-C012; status=200; sha256=9a565add9086; bytes=12176; Govly award page
I9b-F020,curl-fetch,https://apfs-cloud.dhs.gov/record/73924/public-print/,2026-09-30T19:10:30Z,0,cell=I4-T20-C16-G0; cand=none; status=404; sha256=33ff6e45cf4b; bytes=8346; recovered fetch (originating query unrecorded by the interrupted run): DHS APFS record 404; no candidate
I9b-F021,curl-fetch,https://www.utah.gov/pmn/files/1350761.pdf,2026-09-30T19:10:31Z,0,cell=I4-T25-C07-G0; cand=none; status=200; sha256=51737ab7e12e; bytes=218243; recovered fetch (originating query unrecorded): utah.gov PMN St. George Academy board minutes 2025-09-11; no student-monitoring vendor term found; no candidate (minutes list staff names; raw kept in scratch only)
I9b-F022,curl-fetch,https://resolutions.ingham.org/storage/Portals/BC/2025%20Resolutions/25-254.doc,2026-09-30T19:10:31Z,1,cell=I4-T19-C09-G0; cand=I9b-C013; status=200; sha256=257d8b5ad07f; bytes=25600; recovered fetch (originating query unrecorded): Ingham County MI resolution 25-254 Cellebrite renewal
I9b-F023,curl-fetch,https://www.herald-dispatch.com/news/putnam_news/putnam-commission-approves-opioid-settlement-funds-for-device-unlocking-system/article_006271e7-fd5e-4bc1-b9b1-8b8462deedb8.html,2026-09-30T19:10:31Z,1,cell=I4-T19-C09-G0; cand=I9b-C014; status=200; sha256=a8983eb9d7eb; bytes=354776; recovered fetch (originating query unrecorded): Putnam County WV Cellebrite Inseyets via opioid settlement funds (journalism)
I9b-F024,curl-fetch,https://manitowoccountywi.gov/wp-content/uploads/2026/03/3-11-2026-Public-Safety-Committee-Minutes.pdf,2026-09-30T19:10:32Z,1,cell=I4-T19-C09-G0; cand=I9b-C015; status=200; sha256=282da572bb78; bytes=115336; recovered fetch (originating query unrecorded): Manitowoc County WI WI-DOJ Cellebrite grant acceptance
I9b-F025,curl-fetch,https://agenda.savannahga.gov/publishing/may-25-2023-city-council-regular-meeting/1394_9407.html,2026-09-30T19:10:32Z,1,cell=I4-T20-C09-G0; cand=I9b-C016; status=200; sha256=402d4516f32a; bytes=21397; recovered fetch (originating query unrecorded): Savannah GA PenLink PLX contract item
I9b-F026,curl-fetch,https://tendersonline.nt.gov.au/Tender/Details/25785,2026-09-30T19:10:34Z,1,cell=I4-T20-C09-G0; cand=I9b-C017; status=200; sha256=3e190acf9954; bytes=90422; recovered fetch (originating query unrecorded): NT Tenders Online Fivecast Onyx NS25-0080 (out-of-cell -> I5-T00-C08-GI1)
I9b-F027,curl-fetch,https://yourdailyglobe.com/story/2017/10/09/news/finance-committee-approves-software-purchase/9176.html,2026-09-30T19:10:35Z,0,cell=I4-T20-C09-G0; cand=none; status=200; sha256=af5f17645534; bytes=50281; recovered fetch (originating query unrecorded): Iron County WI 2017 dispatch/records software purchase (not a surveillance class); no candidate
I9b-Q015,WebSearch,"""Voyager Labs"" police department contract approved council",2026-09-30T20:15:44Z,0,"cell=I4-T20-C09-G0; new=0; dup=0; no Voyager Labs deployment or council item surfaced (vendor relocation news, unrelated Pleasanton/Fresno/Pittsburgh items); Houston Press lead unfetched"
I9b-Q016,WebSearch,"""social media monitoring"" software police ""sole source"" city council resolution",2026-09-30T20:15:44Z,1,"cell=I4-T20-C09-G0; new=1; dup=2; Frisco TX SMM grant application 2015 (I9b-C018); dup Houston Dataminr (I9b-C008 within-row), Brennan map (I4-C166); leads unfetched: Louisville Metro Council SMM hearings (WFPL), Boston Geofeedia (ACLU; ACLU MA privacysos PDF = records corpus -> I6)"
I9b-Q017,WebSearch,"""Penlink"" OR ""Tangles"" police department purchase approved city council 2025",2026-09-30T20:15:44Z,2,"cell=I4-T20-C09-G0; new=2; dup=1; Durham NC Peregrine contract dropped 2026 (I9b-C019, T22); Troy NY CLEAR in state grant 2026 (I9b-C020, T21); Fresno 25-719 fetched (F028) = FY26 budget presentation, no SMM content; Savannah PenLink = I9b-C016 (dup); leads unfetched: TX DPS Penlink/Tangles 5-year contract ($5.3M, 2024; search-summary), Riverside PenLink item (media.rivcocob.org 03.50001), Louisville CO Laserfiche, Pocatello AgendaCenter"
I9b-Q018,WebSearch,"""Magnet Forensics"" OR ""Magnet AXIOM"" sheriff purchase resolution county board approve",2026-09-30T20:15:44Z,2,"cell=I4-T19-C09-G0; new=2; dup=1; Boone County MO NASPO ValuePoint AXIOM amendment (I9b-C021); Riverside County GrayKey EULA $373,867 (I9b-C022); dup Placer GrayKey (I4-C161); UK find-tender GrayKey notices (GI1; host stop-listed by I5, not fetched); vendor case studies excluded (marketing)"
I9b-Q019,WebSearch,"""Cellebrite"" ""opioid settlement"" sheriff purchase county commission",2026-09-30T20:15:44Z,1,cell=I4-T19-C09-G0; new=1; dup=2; Boulder County CO opioid-settlement Cellebrite/GrayKey (I9b-C023); dup Putnam WV (I9b-C014 within-row) and Ingham 2021 resolution 21-245 (same publisher as I9b-C013; URL added to notes); ND HHS opioid-settlement county report PDF 404 (F034); Winnebago WI TruNarc = drug analyser (not a surveillance class)
I9b-Q020,WebSearch,"""Cellebrite"" purchase order police department filetype:pdf site:.gov 2025",2026-09-30T20:15:44Z,2,"cell=I4-T19-C09-G0; new=2; dup=1; City of San Diego purchase-order PDF directory (I9b-C024, channel); La Vista NE HIDTA-funded Cellebrite (I9b-C025); dup Miami-Dade minutes (I4-C160 family); MuckRock Calumet City quote (records corpus -> I6; not fetched); HigherGov ICE/SOCOM Cellebrite POs (commercial aggregator of federal awards; USAspending I4-C150 covers the origin)"
I9b-F028,curl-fetch,https://agendas.fresno.gov/en/legislation/id-25-719-19698,2026-09-30T20:16:21Z,0,cell=I4-T20-C09-G0; cand=none; status=200; sha256=8d094860bf09; bytes=22529; Fresno item 25-719 = FY26 police budget presentation; no SMM/forensics content
I9b-F029,curl-fetch,https://abc11.com/amp/post/durham-city-council-rejects-police-tech-proposal/18536425/,2026-09-30T20:16:25Z,1,cell=I4-T20-C09-G0; cand=I9b-C019; status=200; sha256=0e43d940c681; bytes=37944; abc11 Durham Peregrine
I9b-F030,curl-fetch,https://www.wamc.org/news/2026-07-27/troy-police-ai-technology-surveillance,2026-09-30T20:16:25Z,1,cell=I4-T20-C09-G0; cand=I9b-C020; status=200; sha256=3cc74dfb6554; bytes=192555; WAMC Troy CLEAR
I9b-F031,curl-fetch,https://www.showmeboone.com/purchasing/WebPublish/bid-awards/2025/Notice%20of%20Award/Amendment_3_C000888_from_CT170457009_NASPO_Valuepoint_Cloud_Solutions_Magnet_AXIOM_GrayKey.pdf,2026-09-30T20:16:26Z,1,cell=I4-T19-C09-G0; cand=I9b-C021; status=200; sha256=02a426f388a8; bytes=15920; Boone County MO NASPO amendment memo
I9b-F032,curl-fetch,https://media.rivcocob.org/proceeds/2025/p2025_03_11_files/03.28001.pdf,2026-09-30T20:16:26Z,1,cell=I4-T19-C09-G0; cand=I9b-C022; status=200; sha256=349f3653b8a4; bytes=11436932; Riverside County BoS GrayKey submittal (27 pp)
I9b-F033,curl-fetch,https://www.kunc.org/news/2023-02-27/boulder-county-buys-phone-hacking-tech-using-money-meant-to-treat-prevent-drug-addiction,2026-09-30T20:16:27Z,1,cell=I4-T19-C09-G0; cand=I9b-C023; status=200; sha256=d4dc8ce1547a; bytes=195043; KUNC Boulder County opioid settlement
I9b-F034,curl-fetch,https://www.hhs.nd.gov/sites/default/files/documents/BH/Opioids/2025-osreport_rolette.pdf,2026-09-30T20:16:28Z,0,cell=I4-T19-C09-G0; cand=none; status=404; sha256=2b89263d4adb; bytes=424958; ND HHS opioid settlement county report PDF 404
I9b-F035,curl-fetch,https://apps.sandiego.gov/directories/purchasing/pdf/pos/2019/4500105212.pdf,2026-09-30T20:16:29Z,1,cell=I4-T19-C09-G0; cand=I9b-C024; status=200; sha256=b32bf5123353; bytes=581126; San Diego PO 4500105212 (Cellebrite UFED renewal)
I9b-F036,curl-fetch,https://www.cityoflavista.org/DocumentCenter/View/11097,2026-09-30T20:16:30Z,1,cell=I4-T19-C09-G0; cand=I9b-C025; status=200; sha256=d7e895f39cc4; bytes=73898; La Vista NE resolution packet 2017
I9b-F037,curl-fetch,https://communityimpact.com/frisco/news/council-approves-pd-grant-application-for-monitoring-program/,2026-09-30T20:16:30Z,1,cell=I4-T20-C09-G0; cand=I9b-C018; status=200; sha256=dd72e7de40e2; bytes=263093; Community Impact Frisco 2015
I9b-Q021,WebSearch,"""Gaggle"" ""board of education"" minutes approved renewal student safety 2025-2026",2026-09-30T20:18:36Z,1,"cell=I4-T25-C07-G0; new=1; dup=1; Utah Public Notice Website hosts school/charter board minutes statewide (I9b-C026, channel; F038 Uintah SD minutes had no T25 vendor term, F021 St. George Academy likewise); Waukegan CUSD 60 Gaggle renewal on meetings.boardbook.org -> F039 400 (host stop-listed; BoardBook = I4-C204 dup); leads unfetched: Romeo MI, Gibson County TN minutes, MN House committee minutes, civiciq (challenged for I4)"
I9b-Q022,WebSearch,site:simbli.eboardsolutions.com GoGuardian OR Gaggle OR Securly,2026-09-30T20:18:36Z,0,cell=I4-T25-C07-G0; new=0; dup=0; negative: the engine returned no simbli.eboardsolutions.com pages for the three vendor names (site: operator yielded vendor marketing and comparison pages only) -> Simbli is not discoverable by web search
I9b-Q023,WebSearch,"""Lightspeed Alert"" school board approved consent agenda district purchase 2025",2026-09-30T20:18:36Z,2,"cell=I4-T25-C07-G0; new=2; dup=0; Clay County District Schools FL Lightspeed $178,255.80 (I9b-C027); San Angelo ISD LightSpeed purchase consideration 2026 (I9b-C028); turner.ic-board.com 403 (F043, stop-listed); leads unfetched: Whitehall MI agenda, TCAPS MI minutes, DCPS node, Govly and civiciq aggregator pages"
I9b-Q024,WebSearch,"""GoGuardian"" quote OR ""purchase order"" ""school district"" filetype:pdf 2025",2026-09-30T20:18:36Z,1,"cell=I4-T25-C09-G0; new=1; dup=1; Kentucky KETS statewide contract MA-758-2500000688 GoGuardian (I9b-C029; out-of-cell->I6-T00-C08-GS); BoardBook PO PDFs (IL district PO $18,390; Lyon County SD NV memo) not fetched (host stop-listed at F039; I4-C204); MuckRock MNPS files (I6 corpus)"
I9b-Q025,WebSearch,"""Securly"" contract ""school district"" board approved amount student monitoring",2026-09-30T20:18:36Z,1,"cell=I4-T25-C09-G0; new=1; dup=0; St. Cloud Area School District ISD 742 Securly parent-portal disclosure (I9b-C030); civiciq public-contract pages (I4 host challenge; not retried); vendor case studies (Virginia Beach CPS, Carbon County SD) excluded as vendor marketing (D6 assertion, not origin); student-newspaper opinion pieces excluded"
I9b-Q026,WebSearch,"""44807"" exemption ""police department"" drone FAA granted",2026-09-30T20:18:36Z,1,"cell=I4-T14-C16-G0; new=1; dup=0; Eugene OR PD FAA exemption for BVLOS DFR (I9b-C031); faa.gov section_44807 page not fetched (host stop-listed); leads unfetched: Arlington TX PD waiver (CBS), Elk Grove (I4 host 403), Police1 'few Utah police report drone use' -> UT drone-report duty (-> T14-C04-GS item UT), MuckRock MultCo drone request (I6)"
I9b-Q027,WebSearch,"FEMA ""Counter-UAS Grant Program"" allocations by state 2026 list",2026-09-30T20:18:36Z,0,"cell=I4-T14-C16-G0; new=0; dup=1; FY2026 C-UAS state allocations (12 grantees, $250M; trade-press table F047) = I4-C025 (FEMA C-UAS via USAspending) -> dup; FEMA origin page not fetched; NAPO-hosted NOFO bulletin is a mirror"
I9b-Q028,WebSearch,"""ShadowDragon"" OR ""Skopenow"" invoice OR ""purchase order"" police department site:.gov",2026-09-30T20:18:36Z,0,"cell=I4-T20-C09-G0; new=0; dup=0; sandiego.gov 121.pdf fetched (F046) = SDPD equipment-repair procedure, irrelevant; leads unfetched: FDLE $50k Skopenow sole source 2025-26 (GovTech Insider, JS page) -> Florida VBS single-source notice channel (I6-T00-C08-GS), MuckRock Smith County TX ShadowDragon request (I6), samsearch/govconinabox federal aggregators"
I9b-Q029,WebSearch,"""Babel X"" OR ""Media Sonar"" OR ""Fivecast"" sheriff OR police agreement approved county",2026-09-30T20:18:36Z,0,"cell=I4-T20-C09-G0; new=0; dup=0; only MuckRock SMM request pages (Cumberland, Pinal, Pima, Multnomah, Stafford; records corpus -> I6) and irrelevant MN statute pages"
I9b-F038,curl-fetch,https://www.utah.gov/pmn/files/1405571.pdf,2026-09-30T20:19:39Z,1,cell=I4-T25-C07-G0; cand=I9b-C026; status=200; sha256=0bd73a1ad48b; bytes=268349; utah.gov PMN file 1405571 = Uintah School District approved minutes 2026-02-11; no T25 vendor term in text; evidences PMN hosting school-board minutes
I9b-F039,curl-fetch,https://meetings.boardbook.org/Documents/DownloadPDF/47149418-143c-4684-ac28-64f22857d0b6?org=1425,2026-09-30T20:19:39Z,0,cell=I4-T25-C07-G0; cand=none; status=400; sha256=n/a; bytes=0; meetings.boardbook.org 400 (empty body); host stop-listed by hand (same outcome as I4)
I9b-F040,curl-fetch,https://www.usd230.org/article/2853184,2026-09-30T20:19:40Z,0,cell=I4-T25-C07-G0; cand=none; status=406; sha256=n/a; bytes=0; usd230.org 406 (bot filter); host stop-listed by hand
I9b-F041,curl-fetch,https://agenda.oneclay.net/publishing/august-3-2023-regular-school-board-meeting/9260_52398.html,2026-09-30T20:19:40Z,1,cell=I4-T25-C07-G0; cand=I9b-C027; status=200; sha256=6125b7124147; bytes=20790; Clay County District Schools Agenda Plus item C2 Lightspeed Systems
I9b-F042,curl-fetch,https://sanangelolive.com/news/san-angelo/2026-06-08/san-angelo-isd-consider-tech-purchase-central-high-construction-deal,2026-09-30T20:19:41Z,1,cell=I4-T25-C07-G0; cand=I9b-C028; status=200; sha256=2eb5bc94f3f2; bytes=70452; San Angelo LIVE 2026-06-08
I9b-F043,curl-fetch,https://turner.ic-board.com/public_agendaview.aspx?mtgId=816,2026-09-30T20:19:41Z,0,cell=I4-T25-C07-G0; cand=none; status=403; sha256=58bf2215b395; bytes=118; turner.ic-board.com 403; stop-listed
I9b-F044,curl-fetch,https://education.ky.gov/districts/tech/kpur/Pages/InternetContentManagementSystem.aspx,2026-09-30T20:19:41Z,1,cell=I4-T25-C09-G0; cand=I9b-C029; status=200; sha256=80a98475c955; bytes=90703; KDE KETS Internet Content Management contract page
I9b-F045,curl-fetch,https://www.opb.org/article/2025/04/17/eugene-police-drone-faa-waiver,2026-09-30T20:19:42Z,1,cell=I4-T14-C16-G0; cand=I9b-C031; status=200; sha256=d916bccbca2b; bytes=219342; OPB/KLCC Eugene FAA exemption
I9b-F046,curl-fetch,https://www.sandiego.gov/sites/default/files/121.pdf,2026-09-30T20:19:43Z,0,cell=I4-T20-C09-G0; cand=none; status=200; sha256=4aca52122a74; bytes=555998; sandiego.gov 121.pdf = SDPD equipment repair procedure; irrelevant
I9b-F047,curl-fetch,https://www.unmannedairspace.info/counter-uas-systems-and-policies/fema-announces-regional-c-uas-grant-awards/,2026-09-30T20:19:44Z,0,cell=I4-T14-C16-G0; cand=none; status=200; sha256=f1a3f32c4294; bytes=144650; Unmanned Airspace trade-press table of FY2026 C-UAS allocations; confirms I4-C025 family (dup)
I9b-F048,curl-fetch,https://tech.isd742.org/parent-connect/securly,2026-09-30T20:20:28Z,1,cell=I4-T25-C09-G0; cand=I9b-C030; status=200; sha256=fb994acf1e06; bytes=77527; St. Cloud Area Schools Securly page
I9b-Q030,federalregister-api,"https://www.federalregister.gov/api/v1/documents.json?conditions[term]=""44807"" police&per_page=50&order=newest",2026-09-30T20:20:30Z,0,"cell=I4-T14-C16-G0; new=0; dup=1; status=200; sha256=32060918489b; count 8: FAA UAS rules (BVLOS NPRM 2025-14992 = the FAA NPRM I4 already holds, dup; Remote ID; Over People) plus Medicare noise; no per-agency 44807 exemption notices -> negative for the Federal Register as an exemption list"
I9b-Q031,socrata-discovery,https://api.us.socrata.com/api/catalog/v1?domains=data.transportation.gov&q=unmanned&limit=50,2026-09-30T20:20:32Z,0,cell=I4-T14-C16-G0; new=0; dup=0; status=200; sha256=908360d9c3c3; resultSetSize 0 -> negative: the US DOT open-data portal publishes no UAS waiver/COA dataset
I9b-Q032,WebSearch,"""open source intelligence"" OR ""social media investigations"" software police department ""not to exceed"" council approve 2026",2026-09-30T20:21:50Z,1,"cell=I4-T20-C09-G0; new=0; dup=0; US: no new local SMM/OSINT purchase (0 US hits); international only: Met Police OSINT social-media screening framework award (find-tender 048481-2025 -> F049 403, host stop-listed) captured LEAD-ONLY as I9b-C032 (out-of-cell->I5-T00-C08-GI1, counted there, not here); Cheltenham BC OSINT policy (ModernGov; GI1 C05 lead, unfetched); diariojudicial AR 'ciberpatrullaje' (GI3 lead); bidsonar aggregator"
I9b-Q033,WebSearch,"""Cellebrite Premium"" OR ""Inseyets"" OR ""GrayKey"" ""sole source"" police council 2026 agenda",2026-09-30T20:21:50Z,0,"cell=I4-T19-C09-G0; new=0; dup=2; NYC CROL notices 20230616101 (Bronx DA Cellebrite Premium sole source) and 20240920101 (Queens DA Premium ES renewal) enrich I9b-C002 (within-row); CBP Cellebrite Inseyets NOI $2,064,830.32 (immpolicytracking; federal -> USAspending I4-C150 family); CEHRP Alameda County GrayKey $30k grant (NGO blog lead, unfetched)"
I9b-Q034,WebSearch,"""HALO"" vape sensors school board approved purchase ""HALO Smart Sensor"" district",2026-09-30T20:21:50Z,2,"cell=I4-T25-C09-G0; new=2; dup=0; HALO smart sensors (T25 seed vendor): Marietta City Schools GA (I9b-C033), Montgomery ISD TX (I9b-C034); leads unfetched: Anaheim UHSD CA ($75,120; GovTech/Yahoo), Castleberry ISD TX (ASIS; 64 sensors); Pelco case study excluded (marketing)"
I9b-Q035,WebSearch,"""GoGuardian Beacon"" board approved district renewal",2026-09-30T20:21:50Z,0,"cell=I4-T25-C07-G0; new=0; dup=0; district Beacon/GoGuardian self-disclosure pages at baltimorecityschools.org (F052 406) and westada.org (F053 406) both refused (Finalsite hosts; stop-listed by hand); CTEC Licking County OH ($34,850 Beacon 24/7) and Yorktown CSD NY items only on civiciq (I4 challenge host; not retried); vendor blog/pricing/press pages excluded"
I9b-Q036,WebSearch,"""Gaggle"" ""purchase order"" OR invoice ""school district"" 2026 safety management",2026-09-30T20:21:50Z,3,"cell=I4-T25-C09-G0; new=3; dup=2; DCPS executed contract GAGA-2021-C-0011 (I9b-C035); OMNIA Partners Gaggle cooperative (I9b-C036; related to I6-C002 platform); NERIC (NY BOCES RIC) Gaggle service (I9b-C037); dup WSIPC (I9b-C005), wrps.org (stop-listed); schooldataleadership.org TLS failure (F057); Gaggle press on PA/SD statewide consortia (vendor press, excluded as evidence; lead for I6)"
I9b-Q037,WebSearch,"""Certificate of Waiver or Authorization"" drone ""police department"" filetype:pdf -site:faa.gov",2026-09-30T20:21:50Z,0,"cell=I4-T14-C16-G0; new=0; dup=1; all 10 hits are faa.gov Part 107 Certificates of Waiver whose FILENAMES carry individual remote-pilot names (107W-2026-<serial>-<First-Last>-CoW.pdf) -> same hazard as I4-C001 (block; names not copied); the search summary attributes them to municipal police DFR programmes, i.e. officers as named waiver holders; faa.gov stop-listed so none fetched"
I9b-F049,curl-fetch,https://www.find-tender.service.gov.uk/Notice/048481-2025,2026-09-30T20:22:43Z,1,cell=I4-T20-C09-G0; cand=I9b-C032; status=403; sha256=58bf2215b395; bytes=118; find-tender.service.gov.uk 403; stop-listed (same outcome as I5)
I9b-F050,curl-fetch,https://www.wsbtv.com/news/local/cobb-county/marietta-schools-superintendent-recommends-purchase-vape-detection-systems-3-schools/OICZSM44IJFX5L4IRYNSDTQ2PE,2026-09-30T20:22:43Z,1,cell=I4-T25-C09-G0; cand=I9b-C033; status=200; sha256=a245a2970bee; bytes=211725; WSB-TV Marietta HALO
I9b-F051,curl-fetch,https://communityimpact.com/houston/conroe-montgomery/education/2022/06/29/montgomery-isd-approves-vape-sensors-for-high-schools,2026-09-30T20:22:46Z,1,cell=I4-T25-C09-G0; cand=I9b-C034; status=200; sha256=899a83fe742d; bytes=263198; Community Impact Montgomery ISD HALO
I9b-F052,curl-fetch,https://www.baltimorecityschools.org/beacon,2026-09-30T20:22:46Z,0,cell=I4-T25-C07-G0; cand=none; status=406; sha256=n/a; bytes=0; baltimorecityschools.org 406; stop-listed by hand
I9b-F053,curl-fetch,https://www.westada.org/page/goguardian,2026-09-30T20:22:46Z,0,cell=I4-T25-C07-G0; cand=none; status=406; sha256=n/a; bytes=0; westada.org 406; stop-listed by hand
I9b-F054,curl-fetch,https://dcps.dc.gov/sites/default/files/dc/sites/dcps/page_content/attachments/GAGA-2021-C-0011%20Gaggle%20Contract.pdf,2026-09-30T20:22:46Z,1,cell=I4-T25-C09-G0; cand=I9b-C035; status=200; sha256=2e60c989148f; bytes=592391; DCPS Gaggle contract GAGA-2021-C-0011 (23 pp)
I9b-F055,curl-fetch,https://www.omniapartners.com/suppliers/gaggle/public-sector/contract-documents,2026-09-30T20:22:47Z,1,cell=I4-T25-C09-G0; cand=I9b-C036; status=200; sha256=5fcc75850f69; bytes=329249; OMNIA Partners Gaggle supplier page
I9b-F056,curl-fetch,https://neric.org/gaggle/,2026-09-30T20:22:48Z,1,cell=I4-T25-C09-G0; cand=I9b-C037; status=200; sha256=ef5e6ea18a4c; bytes=74993; NERIC Gaggle service page
I9b-F057,curl-fetch,https://schooldataleadership.org/systems/campus-safety-security/gaggle,2026-09-30T20:22:49Z,0,cell=I4-T25-C09-G0; cand=none; status=curl35; sha256=n/a; bytes=0; schooldataleadership.org TLS failure (curl 35)
I9b-Q038,WebSearch,"""Oxygen Forensic"" OR ""MSAB"" OR ""XRY"" police department purchase approved city council",2026-09-30T20:24:06Z,0,"cell=I4-T19-C09-G0; new=0; dup=1; San Diego Privacy Advisory Board MSAB XRY surveillance impact report + use policy (2023-11, sandiego.gov) = the San Diego surveillance-ordinance technology inventory already queued as SRC-003 (dup; not fetched); rest are MSAB vendor pages (marketing, excluded)"
I9b-Q039,WebSearch,"city council approves ""GrayKey"" purchase police department 2026",2026-09-30T20:24:06Z,2,"cell=I4-T19-C09-G0; new=2; dup=1; Kauai County Council accepts donated GrayKey (I9b-C038, HI); CitizenPortal.ai AI meeting summaries (I9b-C039, channel; Rock Island IL GrayKey $13,345 2026-02-09); dup Jefferson County MO ecode360 (I4-C158); Kern County (F060) served syndication filler only, no article text (no candidate); leads unfetched: Ocala FL OPD forensic renewal (Ocala Gazette), Rochester NY 2020 (WXXI), Fredericton NB (GI1)"
I9b-Q040,WebSearch,site:go.boarddocs.com Gaggle safety management approve,2026-09-30T20:24:06Z,1,"cell=I4-T25-C07-G0; new=1; dup=1; negative for BoardDocs: no go.boarddocs.com page indexed for the query (engine returned BoardBook PDFs, stop-listed, and district pages); district self-disclosure pages -> family I9b-C040 (targets I9b-C041 Onslow NC, I9b-C042 Pflugerville TX; Weld RE-5J CO F062 522); ESD 105 WA Safe Schools Gaggle (techlearning; regional ESD lead for I6)"
I9b-Q041,WebSearch,"""Securly Aware"" OR ""Bark for Schools"" OR ""Lightspeed Alert"" board of education minutes approved agreement",2026-09-30T20:24:06Z,1,"cell=I4-T25-C07-G0; new=1; dup=0; Whitesboro CSD NY Lightspeed Alert page (I9b-C043, member of family I9b-C040); Clinton CSD NY page (ccs.edu) lead unfetched; UK G-Cloud listing (GI1) and Bark/Lightspeed comparison pages excluded (marketing); no board minutes surfaced"
I9b-Q042,WebSearch,"""Lightspeed Alert"" quote OR ""purchase order"" school district 2026",2026-09-30T20:24:06Z,0,"cell=I4-T25-C09-G0; new=0; dup=2; DCPS GAGA-2022-I-0368 'Lightspeed License' IFB form (F065) merged into I9b-C035 (same publisher channel; a solicitation, not an award); LTC Illinois Lightspeed cooperative page 404 (F066); Osseo MN ($347,084.80, PO P270171) and North Slope Borough SD AK ($26,600 Filter & Alert 2026-27) items are on meetings.boardbook.org (stop-listed; not fetched); Hillsborough FL PO and Govly pages not fetched"
I9b-F058,curl-fetch,https://thegardenisland.com/2023/12/21/hawaii-news/kauai-county-council-approves-phone-hacking-device-for-police,2026-09-30T20:24:46Z,1,cell=I4-T19-C09-G0; cand=I9b-C038; status=200; sha256=f0688fc7b3b5; bytes=117171; The Garden Island Kauai GrayKey donation 2023-12-21
I9b-F059,curl-fetch,https://cpo.soar.com/articles/7404313/Illinois/Rock-Island-approves-13345-purchase-of-GreyKey-investigative-tool-for-police,2026-09-30T20:24:50Z,1,cell=I4-T19-C09-G0; cand=I9b-C039; status=200; sha256=92d8456a8cc5; bytes=160071; CitizenPortal.ai Rock Island GreyKey AI summary
I9b-F060,curl-fetch,https://int.bakersfieldnow.com/news/local/kern-supervisors-approve-purchase-of-iphone-unlocking-tech-for-law-enforcement,2026-09-30T20:24:51Z,0,cell=I4-T19-C09-G0; cand=none; status=200; sha256=00f5be368b2f; bytes=291924; bakersfieldnow Kern article URL served syndication filler; no article text
I9b-F061,curl-fetch,https://www.onslow.k12.nc.us/departments/instructional-technology/cybersecurity-at-ocs/gaggle-safety-management,2026-09-30T20:25:02Z,1,cell=I4-T25-C07-G0; cand=I9b-C041; status=200; sha256=8a7f88ceab19; bytes=212514; Onslow County Schools Gaggle Safety Management page
I9b-F062,curl-fetch,https://www.weldre5j.k12.co.us/district/page/gaggle-safety-management,2026-09-30T20:25:04Z,0,cell=I4-T25-C07-G0; cand=none; status=522; sha256=c8b9f348c863; bytes=16; weldre5j.k12.co.us 522 (origin timeout); not retried
I9b-F063,curl-fetch,https://www.pfisd.net/programs/safety-emergency-mgmt/gaggle,2026-09-30T20:25:24Z,1,cell=I4-T25-C07-G0; cand=I9b-C042; status=200; sha256=42f8fb796b11; bytes=171047; Pflugerville ISD Gaggle page
I9b-F064,curl-fetch,https://www.wboro.org/departments/information-and-instructional-technology/lightspeed-alert,2026-09-30T20:25:26Z,1,cell=I4-T25-C07-G0; cand=I9b-C043; status=200; sha256=23eeafdf3e6d; bytes=140225; Whitesboro CSD Lightspeed Alert page
I9b-F065,curl-fetch,https://dcps.dc.gov/sites/default/files/dc/sites/dcps/page_content/attachments/GAGA-2022-I-0368.pdf,2026-09-30T20:25:29Z,1,cell=I4-T25-C09-G0; cand=I9b-C035; status=200; sha256=0025f3130a74; bytes=587219; DCPS GAGA-2022-I-0368 Lightspeed License IFB (41 pp); merged into C035
I9b-F066,curl-fetch,https://ltcillinois.org/purchasing/lightspeed-systems-2,2026-09-30T20:25:29Z,0,cell=I4-T25-C09-G0; cand=none; status=404; sha256=c9df451949bd; bytes=127562; ltcillinois.org Lightspeed cooperative page 404
I9b-Q043,WebSearch,St. Petersburg Florida city council agenda minutes portal legislative,2026-09-30T20:26:40Z,1,"cell=I5-T00-C07-GL1; new=1; dup=0; item=St. Petersburg FL; outcome=found; agenda channel = Revize CMS-hosted PDFs on stpete.org + cms5.revize.com/revize/stpete (I9b-C044; F067 read); CitizenPortal.ai covers St Pete votes (I9b-C039 channel, dup)"
I9b-Q044,WebSearch,"Virginia Beach city council meeting agenda portal ""City Council"" agenda packet online",2026-09-30T20:26:40Z,1,"cell=I5-T00-C07-GL1; new=1; dup=0; item=Virginia Beach VA; outcome=found; city event pages link City Clerk eDocs (Laserfiche WebLink edocs.vbgov.com, repo CityClerk) and an S3 bucket of council agenda PDFs (I9b-C045; F068 read; I5 had virginiabeach.gov curl error)"
I9b-Q045,WebSearch,Henderson Nevada city council agenda meeting portal online minutes,2026-09-30T20:26:40Z,0,cell=I5-T00-C07-GL1; new=0; dup=0; item=Henderson NV; outcome=not-reached; results were Henderson NE/MN/KY/Hendersonville NC (name collision); KTNV/8NewsNow say council meets online/YouTube (no platform named)
I9b-Q046,WebSearch,"""cityofhenderson.com"" city council agenda Henderson NV Granicus OR Legistar OR PrimeGov OR eSCRIBE OR CivicClerk",2026-09-30T20:26:40Z,1,"cell=I5-T00-C07-GL1; new=1; dup=0; item=Henderson NV; outcome=lead-only; search summary says Henderson posts agendas on its own site and on the Nevada Public Notice website -> notice.nv.gov fetched, TLS failure (F069) -> I9b-C046 LEAD-ONLY; cityofhenderson.com not retried (I5 403); platform vendor not identified"
I9b-F067,curl-fetch,https://stpete.org/government/meetings___agendas/,2026-09-30T20:27:20Z,1,cell=I5-T00-C07-GL1; cand=I9b-C044; status=200; sha256=011f38efb342; bytes=106815; stpete.org Meetings & Agendas page (Revize CMS)
I9b-F068,curl-fetch,https://virginiabeach.gov/connect/events/city-council-meeting-17,2026-09-30T20:27:21Z,1,cell=I5-T00-C07-GL1; cand=I9b-C045; status=200; sha256=ffff6df5c911; bytes=537302; virginiabeach.gov City Council Meeting event page (links edocs.vbgov.com and S3 agenda PDFs)
I9b-F069,curl-fetch,https://notice.nv.gov/,2026-09-30T20:27:22Z,1,cell=I5-T00-C07-GL1; cand=I9b-C046; status=curl35; sha256=n/a; bytes=0; notice.nv.gov TLS failure (curl 35); not retried
I9b-F070,curl-fetch,https://opendata.lincoln.ne.gov/,2026-09-30T20:27:27Z,1,cell=I5-T00-C03-GL1; cand=I9b-C047; status=curl6; sha256=n/a; bytes=0; opendata.lincoln.ne.gov DNS failure (curl 6): host no longer resolves
I9b-Q048,socrata-discovery,https://api.us.socrata.com/api/catalog/v1?domains=stat.stpete.org&limit=100,2026-09-30T20:27:58Z,0,"cell=I5-T00-C03-GL1; new=0; dup=0; status=404; sha256=e977b90ca1c6; item=St. Petersburg FL; {""error"":""Domain not found: stat.stpete.org""} -> stat.stpete.org is not a Socrata domain (I5 had stop-listed it on a false positive); id Q047 was never issued (numbering skip, no query)"
I9b-Q049,arcgis-hub-search,https://hub.arcgis.com/api/search/v1/collections/dataset/items?q=Lincoln%20Nebraska&limit=50,2026-09-30T20:27:59Z,1,"cell=I5-T00-C03-GL1; new=1; dup=1; status=200; sha256=1f9d35e2d258; item=Lincoln NE; outcome=found; 947 matched; 10 of the first 50 from org 'City of Lincoln/Lancaster County, NE Maps & Apps' (orgId wpJGOi6N4Rq5cqFv) -> I9b-C047 (same org as I5-C107 traffic cameras; related); opendata.lincoln.ne.gov no longer resolves (F070 curl 6); LPD traffic-stop layers seen in titles only (person-level; not opened)"
I9b-Q050,arcgis-hub-search,https://hub.arcgis.com/api/search/v1/collections/dataset/items?q=%22City%20of%20St.%20Petersburg%22&limit=50,2026-09-30T20:28:34Z,1,"cell=I5-T00-C03-GL1; new=1; dup=0; status=200; sha256=9e3e05e6cfa7; item=St. Petersburg FL; outcome=found; 56 matched; 28 from org 'City of St. Petersburg, Florida' (orgId 9qPLjNtocjo438CJ) -> I9b-C048; titles are boundaries/zoning (no surveillance layer in the returned items: weak negative)"
I9b-Q051,WebSearch,"Utah law enforcement drone use annual report ""unmanned aircraft"" 63G-18 report legislature agencies",2026-09-30T20:29:33Z,1,cell=I4-T14-C04-GS; new=1; dup=0; item=UT; outcome=lead-only; search summary: Utah Code 63G-18 (Government Use of Unmanned Aerial Vehicles Act) requires each agency that flew a UAV to report annually by March 31 to DPS AND post the report on its own website -> I9b-C049 LEAD-ONLY (statute page F071 is JS-rendered; text not in the bytes); results were 2014-2016 bill versions
I9b-Q052,WebSearch,Texas Government Code 423.008 law enforcement unmanned aircraft biennial report legislature,2026-09-30T20:29:33Z,3,"cell=I4-T14-C04-GS; new=3; dup=0; item=TX; outcome=found; Gov't Code 423.008 biennial per-agency reports posted on agency sites: family I9b-C050 with targets TPWD 2023-2024 (I9b-C051, F072) and SAPD 2019-2020 (I9b-C052, F074); TDCJ OIG 2024 report TLS failure (F073); leads unfetched: TDI SFMO 2025 biennial report, West ... PD 2023-2024 (wstx.us), Sugar Land statute copy"
I9b-Q053,WebSearch,"Maine law enforcement unmanned aerial vehicle annual report legislature ""4501"" drone",2026-09-30T20:29:33Z,1,"cell=I4-T14-C04-GS; new=1; dup=0; item=ME; outcome=found; Maine DPS annual UAV report to the Judiciary Committee under 25 MRSA 4501, held by the Law and Legislative Digital Library (I9b-C053, F075, 2016 edition); later editions not located in this pass"
I9b-Q054,WebSearch,Florida law enforcement drone usage report 934.50 FDLE annual report drones agencies,2026-09-30T20:29:33Z,0,"cell=I4-T14-C04-GS; new=0; dup=0; item=FL; outcome=negative; no FDLE or statewide drone-use report surfaced; results describe 934.50 exceptions only (no reporting duty found); Palm Beach County OIG 'Tips and Trends 2021-0002 Use of Drones' advisory (pbc.gov) is a local oversight lead, unfetched"
I9b-Q055,WebSearch,Montana facial recognition law enforcement annual report 44-15 legislature 2025,2026-09-30T20:29:33Z,1,cell=I4-T11-C04-GS; new=1; dup=0; item=MT; outcome=lead-only; MCA 44-15-111 DOJ/MATIC annual FR report to interim committees; 2025 edition on archive.legmt.gov -> curl TLS failure (F076) and WebFetch 'Socket is closed' (2026-09-30T20:30:4xZ) -> I9b-C054 LEAD-ONLY; search summary (unverified) reports zero MATIC FR requests July 2024-June 2025; a DLI FR report sits beside it
I9b-Q056,WebSearch,"Utah Department of Public Safety facial recognition annual report legislature ""facial recognition"" requests 2025",2026-09-30T20:29:33Z,1,"cell=I4-T11-C04-GS; new=1; dup=0; item=UT; outcome=found(derived); KUTV/KJZZ 2026-06-22 reports DPS-processed statewide FR request counts FY2025 (I9b-C055, F077); DPS annual report origin not located; 2020 SB 218 and 2019 interim PDF are history"
I9b-F071,curl-fetch,https://le.utah.gov/xcode/Title63G/Chapter18/63G-18-S104.html,2026-09-30T20:30:25Z,1,cell=I4-T14-C04-GS; cand=I9b-C049; status=200; sha256=01b4b333850e; bytes=26495; le.utah.gov xcode 63G-18-104 page (200) but statute text is JS-loaded; not in bytes
I9b-F072,curl-fetch,https://tpwd.texas.gov/warden/law-enforcement-faq/tpwd-2023-2024-423-report.pdf,2026-09-30T20:30:27Z,1,cell=I4-T14-C04-GS; cand=I9b-C051; status=200; sha256=e64c6f701c36; bytes=2135320; TPWD 2023-2024 sUAS legislative report (423.008)
I9b-F073,curl-fetch,https://www.tdcj.texas.gov/documents/OIG_2024_LEuse_UAS_Report.pdf,2026-09-30T20:30:33Z,0,cell=I4-T14-C04-GS; cand=none; status=curl35; sha256=n/a; bytes=0; tdcj.texas.gov TLS failure (curl 35); not retried
I9b-F074,curl-fetch,https://www.sa.gov/files/assets/main/sapd/2019-2020texassuassapdflight-report.pdf,2026-09-30T20:30:34Z,1,cell=I4-T14-C04-GS; cand=I9b-C052; status=200; sha256=8d36ba8e124e; bytes=1027880; SAPD 2019-2020 sUAS report (423.008)
I9b-F075,curl-fetch,https://lldc.mainelegislature.org/Open/Rpts/tl685_35_p23_2016.pdf,2026-09-30T20:30:36Z,1,cell=I4-T14-C04-GS; cand=I9b-C053; status=200; sha256=52d2cecef1f5; bytes=321389; Maine DPS 2016 UAV report (LLDC)
I9b-F076,curl-fetch,https://archive.legmt.gov/content/Committees/Interim/2025-2026/LJIC/Sept-10-2025/12.DOJ-LegislativeReport-Facial-Recognition-for-Government-Use-Act-2025.pdf,2026-09-30T20:30:37Z,1,cell=I4-T11-C04-GS; cand=I9b-C054; status=curl35; sha256=n/a; bytes=0; archive.legmt.gov TLS failure (curl 35); one WebFetch attempt also failed (Socket is closed); not retried further
I9b-F077,curl-fetch,https://kjzz.com/news/local/inside-utahs-facial-recognition-system-how-police-use-the-technology,2026-09-30T20:30:43Z,1,cell=I4-T11-C04-GS; cand=I9b-C055; status=200; sha256=586461ca36a3; bytes=243073; KJZZ/KUTV Utah FR article 2026-06-22
I9b-F143,WebFetch,https://archive.legmt.gov/content/Committees/Interim/2025-2026/LJIC/Sept-10-2025/12.DOJ-LegislativeReport-Facial-Recognition-for-Government-Use-Act-2025.pdf,2026-09-30T20:30:55Z,0,cell=I4-T11-C04-GS; cand=I9b-C054; status=error('Socket is closed'); sha256=n/a(webfetch); single retry of F076 through the WebFetch tool after the curl TLS failure; run_at is the date -u reading taken immediately after the call (upper bound; the tool returned no timestamp)
I9b-Q057,WebSearch,"Florida DHSMV ""red light camera"" summary report annual 316.0083 local governments",2026-09-30T20:32:06Z,1,"cell=I4-T09-C04-GS; new=1; dup=0; item=FL; outcome=found; FLHSMV annual Red Light Camera Report series (FY2015-FY2024 PDFs under /pdf/cabinetreports/) under 316.0083(4) -> I9b-C056 (F078: 38 operating jurisdictions FY2023-24, Appendix F list); Miami Beach resolution 2024-33351 (local) unfetched"
I9b-Q058,WebSearch,"PennDOT ""automated work zone speed enforcement"" annual report legislature 2025",2026-09-30T20:32:06Z,1,cell=I4-T09-C04-GS; new=1; dup=0; item=PA; outcome=found; PennDOT/PA Turnpike/PSP Work Zone Speed Safety Camera Program annual report under 75 Pa.C.S. 3369(h)(4) (2024 and 2026 editions on workzonecameras.penndot.gov) -> I9b-C057 (F079); trade press and PSP newsroom excluded as derivative
I9b-Q059,WebSearch,"state attorney general annual ""wiretap report"" intercepts 2025 New Jersey OR Pennsylvania OR ""New York""",2026-09-30T20:32:06Z,0,cell=I4-T18-C04-G0; new=0; dup=1; only uscourts.gov Wiretap Report 2025 pages and table downloads = I4-C085 (dup; not refetched); no state AG/court-administrator wiretap report surfaced for NJ/PA/NY -> weak negative for a state-level channel beyond the federal compilation
I9b-Q060,WebSearch,"""body-worn camera"" grant program recipients list 2025 state police agencies awarded amounts",2026-09-30T20:32:06Z,1,"cell=I4-T23-C10-G0; new=1; dup=0; NJ OAG SFY21 BWC Grant Program guidelines ($57.5M) -> I9b-C058 (F080); Ohio OCJS BWC grant (legislator press releases; I4 found OH programme text only), Mass.gov BWC award releases (mass.gov 403 to I4; not fetched), Everett WA BWC award (lfportal.everettwa.gov stop-listed)"
I9b-Q061,WebSearch,"""ShotSpotter"" contract renewal city council vote 2026",2026-09-30T20:32:06Z,2,"cell=I4-T13-C07-G0; new=2; dup=1; Denver ShotSpotter wind-down 2026 (I9b-C059, F081); Durham NC ShotSpotter ended 2023 (I9b-C060, F082); Detroit 2026 5-4 extension (Fox/Kurrant) = Detroit council channel already known (I4-C079 Teeter reports; I5-C102) dup; Minneapolis extension (KSTP/Fox9/Star Tribune) lead unfetched"
I9b-Q062,WebSearch,"""SoundThinking"" agreement ""square miles"" city police 2025 OR 2026 filetype:pdf",2026-09-30T20:32:06Z,1,"cell=I4-T13-C09-G0; new=1; dup=2; Sacramento City Clerk contract 10-day posting (SoundThinking agreement 2025-01291) -> both URL variants 404 (F083, F084) because postings are removed after the window -> I9b-C061 LEAD-ONLY (ephemeral channel); dup Detroit Teeter report (I4-C079), Fresno ID 24-1023 (I4-C078); Little Rock O-LRPD ShotSpotter PDF (littlerock.gov stop-listed); SoundThinking IR press (vendor, I4 EDGAR family)"
I9b-Q063,WebSearch,"ShotSpotter evaluation ""city auditor"" OR ""inspector general"" report 2025 OR 2026 gunshot detection effectiveness",2026-09-30T20:32:06Z,0,cell=I4-T13-C04-G0; new=0; dup=2; only the 2021 Chicago OIG ShotSpotter report (SRC-017 dup) and the NYC Comptroller audit (SRC-016 dup) via press; no 2025-26 city auditor/IG GSD evaluation surfaced
I9b-Q064,WebSearch,"state law requires police publish ""cell site simulator"" usage and privacy policy website -California",2026-09-30T20:32:06Z,0,"cell=I4-T17-C05-GS; new=0; dup=2; item=non-CA states; outcome=negative; every hit is California Gov. Code 53166 policy material (OC Sheriff Policy 610, Pasadena agenda, Oakland PAC impact statement = ccops_oakland consume_existing, EFF 2016 SB 741 tally = I4-C120 family) -> no other state policy-posting mandate surfaced"
I9b-F078,curl-fetch,https://www.flhsmv.gov/pdf/cabinetreports/redlightcameraanalysis2024.pdf,2026-09-30T20:32:56Z,1,cell=I4-T09-C04-GS; cand=I9b-C056; status=200; sha256=1cc96fc4037e; bytes=2226605; FLHSMV Red Light Camera Report FY2023-2024
I9b-F079,curl-fetch,https://workzonecameras.penndot.gov/wp-content/uploads/2026/05/2026-WZSSC-Annual-Report_04.02.2026.pdf,2026-09-30T20:32:58Z,1,cell=I4-T09-C04-GS; cand=I9b-C057; status=200; sha256=5ab49cfe79f7; bytes=11944844; PennDOT WZSSC 2026 Annual Report (11.9 MB)
I9b-F080,curl-fetch,https://www.nj.gov/oag/grants/BWC_Program-Administration-and-Guidelines.pdf,2026-09-30T20:32:59Z,1,cell=I4-T23-C10-G0; cand=I9b-C058; status=200; sha256=f00dc6b5424c; bytes=343805; NJ OAG SFY21 BWC Grant Program guidelines
I9b-F081,curl-fetch,https://hoodline.com/2026/08/denver-weighs-dumping-shotspotter-as-4-7m-contract-nears-its-end/,2026-09-30T20:33:00Z,1,cell=I4-T13-C07-G0; cand=I9b-C059; status=200; sha256=6cab2c3000a4; bytes=116626; Hoodline Denver ShotSpotter 2026-08-20
I9b-F082,curl-fetch,https://abc11.com/post/durham-shotspotter-cancel-contract-city-council/14199823/,2026-09-30T20:33:02Z,1,cell=I4-T13-C07-G0; cand=I9b-C060; status=200; sha256=5609e0bbc66a; bytes=271880; ABC11 Durham ShotSpotter 2023-12-19
I9b-F083,curl-fetch,https://www.cityofsacramento.gov/content/dam/portal/clerk/contract-10-day-posting/2025-01291%20Agreement%20-%20Gunfire%20Detection%20System%20Two-Thirds%20Vote%20Required.pdf,2026-09-30T20:33:02Z,1,cell=I4-T13-C09-G0; cand=I9b-C061; status=404; sha256=e0c3c8f50744; bytes=7785; Sacramento contract 10-day posting PDF 404 (posting window lapsed)
I9b-F084,curl-fetch,https://www.cityofsacramento.gov/content/dam/portal/clerk/contract-10-day-posting/2025-01291%20Agreement%20-%20Gunfire%20Detection%20System%20(Two-Thirds%20Vote%20Required).pdf,2026-09-30T20:33:30Z,1,cell=I4-T13-C09-G0; cand=I9b-C061; status=404; sha256=e0c3c8f50744; bytes=7785; Sacramento posting URL variant 404
I9b-Q065,WebSearch,Iowa DOT automated traffic enforcement annual report cities speed cameras evaluation 2025,2026-09-30T20:34:23Z,2,"cell=I4-T09-C04-GS; new=2; dup=0; item=IA; outcome=found; HF 2681 (2024) ATE permit regime: Iowa DOT permit rulings reported by The Gazette (I9b-C062, F085; DOT origin not linked from the article) and per-city ATE annual reports, e.g. Muscatine PD 2024 (I9b-C063, F086); leads: InTrans/CTRE Iowa ATE evaluation, NHTSA Iowa FY2025 highway-safety annual report"
I9b-Q066,WebSearch,"Colorado ""automated vehicle identification"" annual report municipalities speed cameras legislature 2025",2026-09-30T20:34:23Z,0,"cell=I4-T09-C04-GS; new=0; dup=0; item=CO; outcome=negative; no state AVIS (CRS 42-4-110.5) annual report surfaced; results are CDOT Colorado Speed Enforcement Program news (state-run corridors 2025-26), a Legislative Council AVIS issue page, municipal ordinances (Green Mountain Falls 2025-05, Eaton photo radar page, Northglenn Verra packet) and journalism -> programme exists, no report channel found"
I9b-Q067,WebSearch,"""ShotSpotter"" council agenda item ""sole source"" SoundThinking approve 2025 minutes",2026-09-30T20:34:23Z,0,"cell=I4-T13-C07-G0; new=0; dup=3; Sacramento 2025-01291 (I9b-C061, lead), Pasadena AR 2 2025-01-27 SoundThinking $661,500 (= I4-C077), Detroit (known); Sparks NV $1.19M renewal (This Is Reno, F087 403 challenge, stop-listed); leads unfetched: Toledo granicusideas renewal item 2025-05, South Bend WebLink (cookie wall per I4), Minneapolis split (KSTP)"
I9b-Q068,WebSearch,"""gunshot detection"" pilot evaluation report city 2024 OR 2025 university independent evaluation findings",2026-09-30T20:34:23Z,1,"cell=I4-T13-C04-G0; new=1; dup=0; Duke Wilson Center for Science and Justice ShotSpotter evaluations (Fayetteville 2025 read F089; Durham 2024 same publisher) -> I9b-C064; Minneapolis 'Landscape of Municipal Analysis on Gunshot Detection Systems' PDF 404 (F088); leads unfetched: NIJ grant report 308357 (Kansas City/Chicago GDT evaluation, ojp.gov), CrimRxiv Columbia SC study, WRAL archive"
I9b-Q069,WebSearch,"""cell site simulator"" annual report legislature number of deployments state police 2025",2026-09-30T20:34:23Z,1,"cell=I4-T17-C05-GS; new=1; dup=1; item=MD; outcome=found; Maryland State Police annual cell-site-simulator deployment report under Chapters 222/223 of 2020 (CY2024; F090) -> I9b-C065; Riverside Sheriff CSS policy = CA 53166 family (I4-C120, dup); DHS field-office deployment reports only as MuckRock requests (I6 corpus); DOJ 2015 CSS policy press release (federal policy, archive)"
I9b-Q070,WebSearch,"""cell site simulator"" OR ""Hailstorm"" OR ""Jaguar"" purchase sheriff approved county board 2024 OR 2025",2026-09-30T20:34:23Z,0,"cell=I4-T17-C09-G0; new=0; dup=3; Pasadena CSS contract/policy (= I4-C110), OC Sheriff policy (CA 53166 family), Atlas kiosk rows for PSP and Henrico County VA Sheriff (registered Atlas, derived; Henrico 2024 purchase = lead for a VA county agenda), LASD Homicide CSS 2023 (lasd.org challenge per I4), Fremont (GovTech)"
I9b-Q071,WebSearch,"city council approves ""drone as first responder"" contract Skydio OR BRINC 2026",2026-09-30T20:34:23Z,2,"cell=I4-T14-C07-G0; new=2; dup=0; Plano TX DFR council approval 2026-07-27 (I9b-C066, F091); Victorville CA BRINC DFR (I9b-C067, F092); leads: League City TX (Motorola/BRINC pilot 2026-07-14), Bloomington MN Skydio pilot (2026-05)"
I9b-Q072,WebSearch,"police ""drone as first responder"" program page flight log transparency dashboard city",2026-09-30T20:34:23Z,0,"cell=I4-T14-C05-G0; new=0; dup=1; all 10 hits are Flock Aerodome community flight dashboards (*.aerodome.com: Blue Springs MO, Midwest City OK, Richmond CA, South Bend IN, Suisun City, Buena Park, Hempstead NY, Fairfield CA, El Segundo, Hawthorne) = T29 -> I3's class; counted in the I4-C300 aggregator (dup); not fetched"
I9b-F085,curl-fetch,https://www.thegazette.com/state-government/majority-of-traffic-cameras-nixed-by-iowa-dot-under-new-law/,2026-09-30T20:35:15Z,1,cell=I4-T09-C04-GS; cand=I9b-C062; status=200; sha256=1f7d57bca3dc; bytes=356577; The Gazette Iowa DOT ATE permit rulings
I9b-F086,curl-fetch,https://www.muscatineiowa.gov/DocumentCenter/View/31202/2024-ATE-Annual-Report---Updated-03-11-25-PDF,2026-09-30T20:35:16Z,1,cell=I4-T09-C04-GS; cand=I9b-C063; status=200; sha256=e9a53918b9f7; bytes=671562; Muscatine PD ATE 2024 Annual Report
I9b-F087,curl-fetch,https://thisisreno.com/2026/02/sparks-city-council-shotspotter-contract/,2026-09-30T20:35:18Z,0,cell=I4-T13-C07-G0; cand=none; status=403; sha256=3871efdf8bbc; challenge-suspected; bytes=5020; thisisreno.com 403 challenge; stop-listed
I9b-F088,curl-fetch,https://www2.minneapolismn.gov/media/content-assets/www2-documents/government/Landscape-of-Municipal-Analysis-on-Gunshot-Detection-Systems.pdf,2026-09-30T20:35:18Z,0,cell=I4-T13-C04-G0; cand=none; status=404; sha256=2e2556cc4d75; bytes=43516; minneapolismn.gov GSD landscape PDF 404
I9b-F089,curl-fetch,https://wcsj.law.duke.edu/wp-content/uploads/2025/09/Fayetteville-Report-For-City-August-25-2025.pdf,2026-09-30T20:35:19Z,1,cell=I4-T13-C04-G0; cand=I9b-C064; status=200; sha256=e99cf037efd1; bytes=3565774; Duke WCSJ Fayetteville ShotSpotter evaluation Aug 2025 (3.5 MB)
I9b-F090,curl-fetch,https://mdsp.prod.maryland.gov/media/290/download,2026-09-30T20:35:24Z,1,cell=I4-T17-C05-GS; cand=I9b-C065; status=200; sha256=a25d3788785d; bytes=105291; Maryland State Police CSS report CY2024 (MSAR 12443)
I9b-F091,curl-fetch,https://www.audacy.com/krld/news/local/plano-is-latest-dfw-community-to-add-drones-to-first-responder-program,2026-09-30T20:35:24Z,1,cell=I4-T14-C07-G0; cand=I9b-C066; status=200; sha256=42ddf61c2f92; bytes=580995; Audacy/KRLD Plano DFR
I9b-F092,curl-fetch,https://dronexl.co/2026/04/27/brinc-drones-victorville-832k/,2026-09-30T20:35:27Z,1,cell=I4-T14-C07-G0; cand=I9b-C067; status=200; sha256=f96d48ef2675; bytes=65234; DroneXL Victorville BRINC DFR
I9b-Q073,WebSearch,site:primegov.com OR site:civicclerk.com Cellebrite OR GrayKey police,2026-09-30T20:36:47Z,0,"cell=I4-T19-C07-G0; new=0; dup=0; negative for PrimeGov/CivicClerk indexing (no platform pages returned); journalism leads only: Spokane County Sheriff GrayKey (Inlander), Minnesota state agency lending GrayKey to police (GovTech; a state loaner channel), 2018 Indiana GrayKey documents (AppleInsider)"
I9b-Q074,WebSearch,mobile device forensic tools police agencies dataset 2025 records analysis Cellebrite GrayKey adoption nationwide report,2026-09-30T20:36:47Z,0,"cell=I4-T19-C14-G0; new=0; dup=2; no post-2020 national MDFT dataset: Upturn 2020 (I4 dup), San Diego GrayKey surveillance impact report on sdpdtech.sandiego.gov (= SRC-003 family, dup); Ocala FL $69,520 GrayKey renewal 2025 (Ocala Gazette lead, unfetched); vendor market press excluded"
I9b-Q075,WebSearch,"DHS privacy impact assessment ""social media"" operational use 2025 ICE OR CBP OR USCIS update",2026-09-30T20:36:47Z,1,"cell=I4-T20-C16-G0; new=1; dup=2; DHS FOIA-released 'DHS Operational Use of Social Media' template compilation (May 2023, dhs.gov) -> I9b-C073 (F099); dup DHS/ICE/PIA-064 and PIA hub (I4-C167/C259); Brennan-hosted SMOUT PDFs = Brennan corpus (I4 snowball); DocumentCloud DPIAC copy (mirror)"
I9b-Q076,WebSearch,Gaggle GoGuardian records investigation districts alerts analysis 2025 news data student monitoring surveillance,2026-09-30T20:36:47Z,1,"cell=I4-T25-C14-G0; new=1; dup=1; AP/Seattle Times 2025 investigation of AI school surveillance (Vancouver WA Gaggle records) -> I9b-C072 (F098; block: minor-data); EFF node (Red Flag Machine family, I4 dup); Hechinger/Michigan Advance/Fortune = syndications or derivative"
I9b-Q077,WebSearch,NCES School Survey on Crime and Safety 2023-24 security cameras percentage of public schools table,2026-09-30T20:36:47Z,0,cell=I4-T25-C16-G0; new=0; dup=1; NCES SSOCS pages and public-use files = I4-C211 (dup); Condition of Education indicator a19 'school-reported safety practices' is a derived summary of SSOCS (not a new origin); vendor blog excluded
I9b-Q078,WebSearch,"state school safety center annual report legislature ""social media monitoring"" OR ""threat assessment"" platform districts 2025",2026-09-30T20:36:47Z,2,"cell=I4-T25-C04-GS; new=2; dup=0; item=AZ; outcome=found(legislation); item=NY; outcome=found(proposed bill); AZ HB 2574 (2024) statewide behavioral threat-assessment platform appropriation (I9b-C068, F093); NY S7037 (2025) 'social media monitoring safety act' (I9b-C069, F094); leads: MN SF 893 (school threat reports to the MN Fusion Center; T27), Ohio School Safety Center analysts scanning social media (KXAN/WCBE), Texas School Safety Center digital threat workshops"
I9b-Q079,WebSearch,"""body-worn camera"" grant awards list recipients 2025 Pennsylvania OR Michigan OR Texas OR ""North Carolina"" agencies",2026-09-30T20:36:47Z,2,"cell=I4-T23-C10-G0; new=2; dup=1; MA Capital Investment Plan line S027 Municipal Body-Worn Camera Grant Program (I9b-C070, F096; mass.gov press host refused I4); NH Department of Safety 'Body-Worn and Dashboard Camera Grant' page 403 (F095) -> I9b-C074 LEAD-ONLY; TX BWC grant FY2026/FY2027 listings on county.org (TAC aggregator; origin = Office of the Governor eGrants) lead; BJA award pages login-gated (NEW-7 per I5); DOJ USAO-NJ 2015 press (dup of federal BWCPIP I4-C250)"
I9b-Q080,WebSearch,"""rapid DNA"" OR ""mobile fingerprint"" contract sheriff police approved purchase 2025 county board",2026-09-30T20:36:47Z,1,"cell=I4-T12-C09-G0; new=1; dup=2; Dona Ana County NM Sheriff rapid DNA federal appropriation (I9b-C071, F097); Miami-Dade 2026 ANDE rapid DNA resolution 261020 (I4-C160 minutes family; lead); FL Local Funding Initiative Requests = I9a-C043 (cross-row); leads: Riverside 2023 03.34001, Contra Costa RapidHIT (CBS), Snohomish Bode certification (Govly)"
I9b-F093,curl-fetch,https://azleg.gov/legtext/56leg/2R/summary/H.HB2574_021424_APPROP.DOCX.htm,2026-09-30T20:37:41Z,1,cell=I4-T25-C04-GS; cand=I9b-C068; status=200; sha256=d86f887585de; bytes=11662; azleg HB2574 House summary (56th Leg 2R)
I9b-F094,curl-fetch,https://legislation.nysenate.gov/pdf/bills/2025/s7037,2026-09-30T20:37:42Z,1,cell=I4-T25-C04-GS; cand=I9b-C069; status=200; sha256=4d9248432c98; bytes=3946; NY Senate S7037 (2025) bill PDF
I9b-F095,curl-fetch,https://dos.nh.gov/body-worn-and-dashboard-camera-grant,2026-09-30T20:37:42Z,1,cell=I4-T23-C10-G0; cand=I9b-C074; status=403; sha256=1e739edd542f; challenge-suspected; bytes=426; dos.nh.gov 403 challenge; stop-listed
I9b-F096,curl-fetch,https://budget.digital.mass.gov/capital/fy25/beneficiary-agency/public-safety/eo-public-safety-and-security/s027,2026-09-30T20:37:43Z,1,cell=I4-T23-C10-G0; cand=I9b-C070; status=200; sha256=ed4630c5582d; bytes=277161; MA Capital Investment Plan FY25 S027
I9b-F097,curl-fetch,https://kfoxtv.com/news/local/doa-ana-county-sheriffs-office-hopes-to-solve-more-crimes-with-dna-technology,2026-09-30T20:37:44Z,1,cell=I4-T12-C09-G0; cand=I9b-C071; status=200; sha256=39f72bc8f134; bytes=296834; KFOX14 Dona Ana rapid DNA 2022-03-11
I9b-F098,curl-fetch,https://ktla.com/news/ap-us-news/ap-schools-use-ai-to-monitor-kids-hoping-to-prevent-violence-our-investigation-found-security-risks/amp/,2026-09-30T20:37:44Z,1,cell=I4-T25-C14-G0; cand=I9b-C072; status=200; sha256=409f118615e5; bytes=75236; KTLA syndication of AP investigation 2025-03-12 (student anecdotes present; not copied; raw kept in scratch only)
I9b-F099,curl-fetch,https://www.dhs.gov/sites/default/files/2023-05/May_DHS-use-of-Social-Media.pdf,2026-09-30T20:37:45Z,1,cell=I4-T20-C16-G0; cand=I9b-C073; status=200; sha256=d92e31430fc0; bytes=17253984; DHS FOIA library 'DHS Operational Use of Social Media' compilation (17 MB PDF)
I9b-Q081,WebSearch,"ICE OR CBP facial recognition contract 2025 ""Mobile Fortify"" OR Clearview federal agency award",2026-09-30T20:39:15Z,1,"cell=I4-T11-C16-G0; new=1; dup=1; Immigration Policy Tracking Project entry on ICE HSI Clearview $9.2M (2025-09-09) with 6 linked documents -> I9b-C075 (F100; tracker channel); CBP Clearview $225k and ICE awards are USAspending-visible (I4-C111 family, dup); 404 Media Spanish piece on Mobile Fortify cites leaked e-mails -> excluded (leak provenance); FedScoop = journalism leads"
I9b-Q082,WebSearch,police social media surveillance records obtained report nonprofit 2025 departments contracts dataset,2026-09-30T20:39:15Z,1,"cell=I4-T20-C14-G0; new=1; dup=1; Brennan Center 'DC Metropolitan Police Department Social Media Monitoring Documents' (FOIA lawsuit with Data for Black Lives) -> I9b-C076 (F101); Brennan Boston PD (1,000+ pages) and LAPD user-guide collections = same Brennan document-release family (noted in C076); Brennan SMM map = I4-C166 (dup)"
I9b-Q083,WebSearch,"""Dataminr"" OR ""Skopenow"" police records released public records request documents 2025",2026-09-30T20:39:15Z,0,"cell=I4-T20-C13-G0; new=0; dup=2; VSP Dataminr releases (= I9b-C009 series) and James Madison University Dataminr records released 2025-05-05 (same Substack series; merged into I9b-C009 notes); MuckRock NY 'Dataminr Contracts' request (I6 corpus); Intercept 2020 BLM monitoring (journalism, historical)"
I9b-Q084,WebSearch,"state ""wiretap"" annual report court administrator OR ""attorney general"" applications orders intercepts pdf 2024",2026-09-30T20:39:15Z,2,"cell=I4-T18-C04-G0; new=2; dup=1; Minnesota State Court Administrator biennial report on interception, pen-register, trap-and-trace, mobile-tracking and electronic-communication-information warrants (Minn. Stat. 626A.17/626.085/626A.42; LRL mandated reports 2023/2024) -> I9b-C077 (F102); Hawaii Judiciary report under HRS 803-47(b) (JC35 2025; JC27 2024) -> I9b-C078 (F103); Colorado CRS 16-15-104 court-administrator duty (statute text via public.law mirror; lead); uscourts Wiretap Report = I4-C085 dup"
I9b-Q085,WebSearch,"""ShotSpotter"" OR ""SoundThinking"" subscription agreement city 2026 approved police ""gunshot detection"" renewal amount",2026-09-30T20:39:15Z,2,"cell=I4-T13-C09-G0; new=2; dup=2; KUNR Sparks NV SoundThinking renewal 2026-02-27 (I9b-C079, F104); SoundThinking press releases naming renewing customers with square miles (I9b-C080, F105; vendor assertion D6); dup Detroit extension, Sacramento posting (I9b-C061); leads: Chicago contract end (ABC7), North Chicago city news, Minneapolis (Fox9)"
I9b-Q086,WebSearch,"""cell-site simulator"" OR ""cell site simulator"" police purchase approved 2025 OR 2026 council",2026-09-30T20:39:15Z,0,"cell=I4-T17-C09-G0; new=0; dup=3; Pasadena CSS purchase/policy (= I4-C110), NYPD CSS impact and use policy 2026-02-04 (= registered ccops_nyc_post family), Fremont/Vallejo (CA 53166 family); South Carolina H.3131/H.3134 (2025-26) CSS purchase-restriction bills via MASC tracker = legislation lead (I6 C11); Techwire/GovTech/InsideTowers journalism"
I9b-Q087,WebSearch,"""Cellebrite"" ""consent agenda"" city council police 2026",2026-09-30T20:39:15Z,1,"cell=I4-T19-C07-G0; new=1; dup=3; Spokane City Council Public Safety & Community Health committee minutes 2026-03-30 (FY26 Cellebrite renewal special budget ordinance) -> I9b-C081 (F106); dup: Oakland OPD Cellebrite $140k 2026 (registered Oakland Legistar tenant / ccops_oakland; KQED, granicusideas), Dearborn Heights MI $15,535 (CitizenPortal AI summary = I9b-C039 channel), San Diego Cellebrite use policy draft (SRC-003 family); Stafford TX consent resolution (Swagit video index; lead)"
I9b-F100,curl-fetch,https://immpolicytracking.org/policies/reported-ice-contracts-with-clearview-ai-for-facial-recognition-technology/,2026-09-30T20:40:05Z,1,cell=I4-T11-C16-G0; cand=I9b-C075; status=200; sha256=6a7596eafe50; bytes=65062; Immigration Policy Tracking Project ICE-Clearview entry
I9b-F101,curl-fetch,https://www.brennancenter.org/our-work/research-reports/dc-metropolitan-police-department-social-media-monitoring-documents,2026-09-30T20:40:06Z,1,cell=I4-T20-C14-G0; cand=I9b-C076; status=200; sha256=243388e3ba5b; bytes=185614; Brennan Center DC MPD SMM documents page
I9b-F102,curl-fetch,https://www.leg.mn.gov/docs/2024/Mandated/241537.pdf,2026-09-30T20:40:08Z,1,cell=I4-T18-C04-G0; cand=I9b-C077; status=200; sha256=d06fd23212dc; bytes=128981; MN State Court Administrator report 2024 (LRL mandated 241537)
I9b-F103,curl-fetch,https://data.capitol.hawaii.gov/sessions//session2025/bills/JC35_.pdf,2026-09-30T20:40:08Z,1,cell=I4-T18-C04-G0; cand=I9b-C078; status=200; sha256=7c6058572371; bytes=268757; Hawaii Judiciary JC35 (2025) HRS 803-47(b) report
I9b-F104,curl-fetch,https://www.kunr.org/local-stories/2026-02-27/sparks-city-council-renews-soundthinking-contract,2026-09-30T20:40:10Z,1,cell=I4-T13-C09-G0; cand=I9b-C079; status=200; sha256=115e56b949cc; bytes=187849; KUNR Sparks SoundThinking renewal 2026-02-27
I9b-F105,curl-fetch,https://www.soundthinking.com/press-releases/soundthinking-highlights-major-multi-year-customer-renewals-in-q2-2026,2026-09-30T20:40:11Z,1,cell=I4-T13-C09-G0; cand=I9b-C080; status=200; sha256=2e3be48f477d; bytes=643380; SoundThinking Q2 2026 renewals press release
I9b-F106,curl-fetch,https://static.spokanecity.org/documents/bcc/committees/public-safety-and-community-health/minutes/2026/03/psch-minutes-2026-03-30.pdf,2026-09-30T20:40:12Z,1,cell=I4-T19-C07-G0; cand=I9b-C081; status=200; sha256=26cd79a231b8; bytes=213412; Spokane PSCH committee minutes 2026-03-30
I9b-Q088,socrata-discovery,https://api.us.socrata.com/api/catalog/v1?q=speed%20camera&only=dataset&limit=100,2026-09-30T20:41:37Z,0,"cell=I4-T09-C03-G0; new=0; dup=11; status=200; sha256=b88bb42f9cf9; resultSetSize 32 for q=""speed camera"" datasets: every US ATE hit is registered or in I4 (Chicago 4i42-qv3h registry; PG County mnkf-cu5c registry; Howard SchZone I4-C064; Montgomery uv5p-zm58 I4-C055, fp9s-vfdj I4-C057; Chicago violations I4-C053/C054; NOLA citations I4-C060 block); PG County FY19 performance-metric tables (ASE camera counts, uybd-vnvj/eyej-pxxa/fkxy-xrtg/rina-acx9) are aggregate siblings of registered PG County layers (noted, not captured); rest are noise (trajectory, surveys)"
I9b-Q089,arcgis-hub-search,https://hub.arcgis.com/api/search/v1/collections/dataset/items?q=%22red%20light%20camera%22&limit=100,2026-09-30T20:41:39Z,3,"cell=I4-T09-C03-G0; new=3; dup=6; status=200; sha256=07c62ea9c94a; 123 matched q=""red light camera""; US agency-origin layers new to SIG: City of Medford OR (I9b-C082), Suffolk County NY TPVA 2015 (I9b-C083), City of Lakeland FL (I9b-C084); Baltimore City egisdata CityView layer = service not found (F107); dup: Baltimore ATVES (camreg_baltimore_atves_md), Tacoma (I4-C061), NOLA/Arlington/Rochester/Chicago/Montgomery/DC (registry or I4); Canadian layers (Toronto, Ottawa, York, Peel, Hamilton, Kingston) are GI1 (I5 cells; not captured); student/personal-account copies skipped (NEW-5 lineage rule)"
I9b-F107,curl-fetch,https://egisdata.baltimorecity.gov/egis/rest/services/CityView/Red_Light_Cameras/MapServer/0/query?where=1%3D1&returnCountOnly=true&f=json,2026-09-30T20:42:18Z,0,cell=I4-T09-C03-G0; cand=none; status=200; sha256=cb8a3fa17e1d; bytes=103; Baltimore egisdata CityView Red_Light_Cameras MapServer: 'Service ... not found' (dead layer; hub item stale)
I9b-F108,curl-fetch,https://services.arcgis.com/ogdeCdziRfIzuoFs/arcgis/rest/services/Red_Light_Speed_Camera/FeatureServer/0/query?where=1%3D1&returnCountOnly=true&f=json,2026-09-30T20:42:18Z,1,cell=I4-T09-C03-G0; cand=I9b-C082; status=200; sha256=a7b59f142202; bytes=11; Medford OR Red_Light_Speed_Camera count=5
I9b-F109,curl-fetch,https://services.arcgis.com/JsDD4qdG5r2a7hR5/arcgis/rest/services/TPVA_Red_Light_Camera_Locations_2015/FeatureServer/0/query?where=1%3D1&returnCountOnly=true&f=json,2026-09-30T20:42:19Z,1,cell=I4-T09-C03-G0; cand=I9b-C083; status=200; sha256=177d7bb8bb4d; bytes=13; Suffolk County TPVA Red Light Camera Locations 2015 count=215
I9b-F110,curl-fetch,https://services1.arcgis.com/mcbQY5xNGGGM1vBX/arcgis/rest/services/Red_Light_Cameras_and_Direction_WFL1/FeatureServer/0/query?where=1%3D1&returnCountOnly=true&f=json,2026-09-30T20:42:20Z,1,cell=I4-T09-C03-G0; cand=I9b-C084; status=200; sha256=7512669ba3d7; bytes=12; Lakeland FL Red Light Cameras and Direction count=11
I9b-Q090,WebSearch,Memphis Police Department policy and procedures manual online PowerDMS OR Lexipol,2026-09-30T20:42:55Z,1,"cell=I5-T00-C05-GL1; new=1; dup=0; item=Memphis TN; outcome=lead-only; MPD Policy and Procedures manual (full, rev. 2023-06-27) on reimagine.memphistn.gov -> F111 403 (stop-listed) -> I9b-C085 LEAD-ONLY; per-chapter PDFs on memphispolice.org (CH1.pdf) unfetched; PowerDMS/Lexipol vendor pages excluded"
I9b-Q091,WebSearch,Indianapolis Metropolitan Police Department general orders public online license plate reader OR camera policy,2026-09-30T20:42:55Z,1,cell=I5-T00-C05-GL1; new=1; dup=0; item=Indianapolis IN; outcome=negative(policy not public); Fox59 (F112) reports IMPD's new Flock/ALPR case-number rule is an internal SOP to be converted into a general order -> I9b-C086 (journalism; out-of-cell->I3 for the Flock facts); Indiana Capital Chronicle/IBJ state-policy stories are leads for I3/I6
I9b-Q092,WebSearch,"Charlotte-Mecklenburg Police Department directives manual public ""license plate"" OR ""real time crime"" OR drone",2026-09-30T20:42:55Z,1,"cell=I5-T00-C05-GL1; new=1; dup=0; item=Charlotte NC; outcome=found; CMPD compiled Interactive Directives PDF on charlottenc.gov (I9b-C087, F113, 16 MB); ACLU 2012 ALPR records (historical), Atlas CMPD rows (registered Atlas), WFAE/GovTech DFR coverage (Charlotte DFR already in I5-C116)"
I9b-Q093,WebSearch,"Jersey City Police Department policies online ""license plate"" OR ""surveillance"" OR ""body worn""",2026-09-30T20:42:55Z,0,"cell=I5-T00-C05-GL1; new=0; dup=0; item=Jersey City NJ; outcome=negative; no JCPD policy manual or technology page surfaced (Atlas rows, NJ AG BWC grant 2021 via Atlas, Igarape CopCast piece, NJ statewide BWC policy) -> weak negative"
I9b-Q094,WebSearch,"Anchorage Police Department policy manual public drone OR ""license plate reader"" OR ""body worn camera"" policy",2026-09-30T20:42:55Z,2,"cell=I5-T00-C05-GL1; new=2; dup=1; item=Anchorage AK; outcome=found; Anchorage Municipal Code ch. 3.102 'Municipal Use of Surveillance Technologies' amended by AO 2023-78 (I9b-C088, F115; out-of-cell->I6-T00-C06-GP) and ADN 2025-09-27 on the $11.8M five-year police technology contract incl. ALPR and a public/private camera network (I9b-C089, F114); APD BWC policy copies on DocumentCloud/Alaska Public (mirrors; not fetched); muni.org Assembly = I5-C130 (dup)"
I9b-F111,curl-fetch,https://reimagine.memphistn.gov/wp-content/uploads/sites/70/2023/08/2023_MPD_POLICY_AND_PROCEDURES_FULL_6-27-2023.pdf,2026-09-30T20:43:26Z,1,cell=I5-T00-C05-GL1; cand=I9b-C085; status=403; sha256=32f2fa940d4b; bytes=146; reimagine.memphistn.gov 403; stop-listed
I9b-F112,curl-fetch,https://fox59.com/news/indycrime/impd-says-officers-can-now-only-use-flock-camera-system-for-specific-cases/amp/,2026-09-30T20:43:29Z,1,cell=I5-T00-C05-GL1; cand=I9b-C086; status=200; sha256=d7d525bbcae0; bytes=49788; Fox59 IMPD Flock usage rule
I9b-F113,curl-fetch,https://www.charlottenc.gov/files/assets/police/documents/directives/cmpddirectives.pdf,2026-09-30T20:43:30Z,1,cell=I5-T00-C05-GL1; cand=I9b-C087; status=200; sha256=b383a2a6a2b6; bytes=16240760; CMPD directives compiled PDF (16 MB)
I9b-F114,curl-fetch,https://www.adn.com/alaska-news/anchorage/2025/09/27/anchorage-police-unveil-plans-to-use-license-plate-readers-array-of-security-cameras,2026-09-30T20:43:31Z,1,cell=I5-T00-C05-GL1; cand=I9b-C089; status=200; sha256=6eda03e760af; bytes=195304; ADN Anchorage police technology upgrade 2025-09-27
I9b-F115,curl-fetch,https://www.muni.org/Departments/Assembly/Documents/AO%202023-78.pdf,2026-09-30T20:43:32Z,1,cell=I5-T00-C05-GL1; cand=I9b-C088; status=200; sha256=256d6a76d8a4; bytes=283684; Anchorage AO 2023-78 (AMC 3.102 surveillance technologies)
I9b-Q095,WebSearch,City of Memphis purchasing contracts search vendor payments open checkbook portal,2026-09-30T20:44:36Z,1,"cell=I5-T00-C09-GL1; new=1; dup=0; item=Memphis TN; outcome=found; quarterly 'Vendor Payments > $100K' tables in the City's financial presentations to Council (Q1 FY2026 read, F116: lists a Flock 'Falcon' coverage line, a camera system, CAD support) -> I9b-C090; memphistn.gov/purchasing page (identity; unfetched); amerigeoss vendor-payment datasets are other cities (noise)"
I9b-Q096,WebSearch,"City of Omaha purchasing bids contracts portal vendor ""open checkbook"" OR ""contract search""",2026-09-30T20:44:36Z,0,"cell=I5-T00-C09-GL1; new=0; dup=0; item=Omaha NE; outcome=negative; only third-party bid aggregators (Starbridge, ConstructConnect, RFPSchoolWatch) surfaced; no official Omaha contract search or checkbook found (weak negative)"
I9b-Q097,WebSearch,Indianapolis Marion County contracts search online purchasing division awarded contracts database,2026-09-30T20:44:36Z,0,"cell=I5-T00-C09-GL1; new=0; dup=0; item=Indianapolis IN; outcome=negative; only the bidding portal identity (indy.gov/purch, per search summary; unfetched) and third-party contract copies (LawInsider = mirrors, excluded); no awarded-contract database surfaced"
I9b-Q098,WebSearch,Memphis SkyCop cameras audit OR report city council number of cameras 2025,2026-09-30T20:44:36Z,1,"cell=I5-T00-C14-GL1; new=1; dup=0; item=Memphis TN; outcome=found; WSMV/Action News 5 2025-10-22 council update on city cameras incl. 'Connect 2 Memphis' private-camera link-up (I9b-C091, F117; hand-off I3 T06/T07); McGraw Center 2021 SkyCop investigation (2,100 cameras, $10M) lead unfetched"
I9b-Q099,WebSearch,city auditor police technology audit report 2025 Tulsa OR Wichita OR Omaha OR Albuquerque surveillance cameras,2026-09-30T20:44:36Z,1,"cell=I5-T00-C04-GL1; new=1; dup=1; item=Tulsa OK; outcome=found(journalism); The Frontier 2025-01-06: TPD withholds locations of 200+ cameras, city pays a private company >$696,000/yr (I9b-C092, F118; hand-off I3); Seattle City Auditor surveillance-technology annual reviews = ccops_seattle/SRC-012 lineage (dup, not a thin city); Chattanooga audit 2307, Albuquerque TASER audit 2014 (leads); no 2025 auditor report for Wichita/Omaha"
I9b-Q100,WebSearch,"NextRequest OR GovQA public records portal police Memphis OR Durham OR Greensboro OR Chesapeake ""license plate""",2026-09-30T20:44:36Z,0,"cell=I5-T00-C13-GL1; new=0; dup=0; negative: no NextRequest/GovQA portal surfaced for Memphis, Durham, Greensboro or Chesapeake (vendor marketing and other agencies only)"
I9b-F116,curl-fetch,https://memphistn.gov/wp-content/uploads/2025/11/Q1-FINANCIAL-PRESENTAION_11.17.25-for-Council.pdf,2026-09-30T20:45:04Z,1,cell=I5-T00-C09-GL1; cand=I9b-C090; status=200; sha256=ad411883c7b4; bytes=17483975; Memphis Q1 FY2026 financial presentation to Council (17.5 MB)
I9b-F117,curl-fetch,https://www.wsmv.com/2025/10/22/150-more-cameras-planned-traffic-safety-monitoring-per-memphis-city-council-update,2026-09-30T20:45:04Z,1,cell=I5-T00-C14-GL1; cand=I9b-C091; status=200; sha256=f70d1192087b; bytes=180022; WSMV Memphis cameras council update 2025-10-22
I9b-F118,curl-fetch,https://www.readfrontier.org/stories/tulsa-police-wont-share-the-locations-of-more-than-200-surveillance-cameras/,2026-09-30T20:45:06Z,1,cell=I5-T00-C04-GL1; cand=I9b-C092; status=200; sha256=50cda3df00f4; bytes=154915; The Frontier Tulsa cameras 2025-01-06
I9b-Q101,WebSearch,"Guam Legislature bill surveillance cameras OR ""license plate"" OR ""facial recognition"" Guam Police Department 2025",2026-09-30T20:45:50Z,1,"cell=I5-T00-C11-GT; new=1; dup=1; item=US-GU; outcome=found; Governor of Guam press release: Bill 132-35 (GPD security cameras) signed into law (I9b-C093, F119); Guam Legislature Bill 73-33 committee report on guamlegislature.com served only a consent-manager wrapper (F120; no content) - guamlegislature.gov = I5-C241 (dup, interstitial); leads: Bill 181-37 GPD body-worn cameras (PostGuam/Marianas Variety 2023), KUAM BWC training 2025"
I9b-Q102,WebSearch,"Guam Police Department cameras contract procurement OR ""General Services Agency"" bid surveillance cameras",2026-09-30T20:45:50Z,1,"cell=I5-T00-C09-GT; new=1; dup=1; item=US-GU; outcome=lead-only; Guam Office of Public Accountability procurement-appeals archive (2014 GVB CCTV award dispute; decision PDF F121 400) -> I9b-C096 LEAD-ONLY; GSA CCTV maintenance bid GSAPAG-002-17 (doa.guam.gov, lead); GPD BWC bid awarded to Motorola via the small, rural and tribal BWC grant (KUAM, lead); CitizenPortal GPD $50M upgrades = I9b-C039 channel (dup)"
I9b-Q103,WebSearch,"CNMI Northern Mariana Islands Department of Public Safety surveillance cameras OR ""license plate"" OR drones legislature bill",2026-09-30T20:45:50Z,0,cell=I5-T00-C11-GT; new=0; dup=0; item=US-MP; outcome=negative; only a CNMI Senate bill (191-38) restricting drone overflights of prisons/courts surfaced (search summary; unfetched) - no CNMI DPS deployment evidence; remaining hits are other states' drone laws -> MP stays near-dark
I9b-Q104,WebSearch,American Samoa Department of Public Safety surveillance cameras OR CCTV OR drones police Pago Pago,2026-09-30T20:45:50Z,0,"cell=I5-T00-C09-GT; new=0; dup=0; item=US-AS; outcome=negative; zero American Samoa-specific results (EFF generic drone posts, Civil Beat Hawaii opinion, Caribbean noise) -> American Samoa remains DARK (consistent with I5)"
I9b-Q105,WebSearch,"Virgin Islands Legislature bill surveillance cameras OR ""license plate"" OR ShotSpotter VIPD 2025",2026-09-30T20:45:50Z,1,"cell=I5-T00-C11-GT; new=1; dup=0; item=US-VI; outcome=found; Legislature of the Virgin Islands press release: committee advanced Bill No. 34-0142 (ALPR data system, VIPD with the VI Bureau of Information Technology) (I9b-C094, F122; hand-off I3); St. Croix Source 2022 'hundreds of electronic eyes' and VI Consortium noise-monitoring devices (leads)"
I9b-Q106,WebSearch,Tohono O'odham Nation surveillance towers CBP integrated fixed towers reservation 2025,2026-09-30T20:45:50Z,1,"cell=I5-T00-C14-GT; new=1; dup=0; item=Tohono O'odham Nation; outcome=found; Tohono O'odham Legislative Branch notice of public hearing on Border Patrol Linear Ground Detection System and Automated Surveillance Tower proposals (2025-11-19; I9b-C095, F123; T28); Legislative Council action 15479 (tolc-nsn.gov) lead; journalism: Route Fifty 2026, Arizona Daily Star, In These Times, Archinect (10 CBP integrated fixed towers by Elbit, per summaries)"
I9b-F119,curl-fetch,https://governor.guam.gov/press_release/bill-for-gpd-security-cameras-now-law/,2026-09-30T20:46:22Z,1,"cell=I5-T00-C11-GT; cand=I9b-C093; status=200; sha256=acf08de84c29; bytes=66723; Governor of Guam press release, Bill 132-35 security cameras law"
I9b-F120,curl-fetch,https://www.guamlegislature.com/Committee_Reports_33rd/Bill%20No.%2073-33%20(COR)%20ComReport.pdf,2026-09-30T20:46:27Z,0,cell=I5-T00-C11-GT; cand=none; status=200; sha256=da3ed8076b31; bytes=28092; guamlegislature.com committee report URL served a consent-manager script wrapper only (no document content)
I9b-F121,curl-fetch,https://gwosa2.opaguam.org/sites/default/files/opa-pa-14-007_decision.pdf,2026-09-30T20:46:29Z,1,cell=I5-T00-C09-GT; cand=I9b-C096; status=400; sha256=n/a; bytes=0; gwosa2.opaguam.org decision PDF 400; not retried
I9b-F122,curl-fetch,https://legvi.org/committee-advances-bill-to-provide-automatic-license-plate-reader-data-system,2026-09-30T20:46:29Z,1,cell=I5-T00-C11-GT; cand=I9b-C094; status=200; sha256=df70b3f0611f; bytes=396298; Legislature of the VI press release Bill 34-0142 ALPR
I9b-F123,curl-fetch,https://tolc-nsn.org/docs/UPDATED_PublicHrgsNotice_LGDS&AutomatedSurveillanceTower_Proposals_111925.pdf,2026-09-30T20:46:36Z,1,cell=I5-T00-C14-GT; cand=I9b-C095; status=200; sha256=e9e223562ec0; bytes=113819; Tohono O'odham Legislative Branch hearing notice 2025-11-19
I9b-Q107,arcgis-hub-search,https://hub.arcgis.com/api/search/v1/collections/dataset/items?q=RIGIS%20camera&limit=50,2026-09-30T20:47:44Z,0,"cell=I5-T00-C03-GD; new=0; dup=0; status=200; sha256=b20bb3f66afe; item=RI; outcome=not-reached; q=""RIGIS camera"" matched 3 unrelated survey forms -> RIGIS identity not established via Hub search (RI stays not-reached for C03-GD; RIDOT names-only layer = I5-C011)"
I9b-Q108,arcgis-hub-search,https://hub.arcgis.com/api/search/v1/collections/dataset/items?q=%22New%20Hampshire%22%20camera&limit=50,2026-09-30T20:47:45Z,1,"cell=I5-T00-C03-GD; new=1; dup=0; status=200; sha256=5057aa302079; item=NH; outcome=found(identity; 0 camera layers); 13 matched, all imagery/district layers; state GIS clearinghouse identity = NH GRANIT on nhgeodata.unh.edu (NH Office of Strategic Initiatives + UNH ESRC) -> I9b-C097; no surveillance layers (weak negative)"
I9b-Q109,arcgis-hub-search,https://hub.arcgis.com/api/search/v1/collections/dataset/items?q=%22CCTV%22%20DOT%20cameras&limit=100,2026-09-30T20:47:47Z,0,cell=I5-T08-C03-G0; new=0; dup=1; status=200; sha256=d8bfab28a091; 4 matched: Iowa DOT Traffic_Cameras_View (= dot_511_ia registered) and ownerless 'CA DOT'/'MN DOT' item copies (lineage unknown; skipped)
I9b-Q110,arcgis-hub-search,https://hub.arcgis.com/api/search/v1/collections/dataset/items?q=%22traffic%20cameras%22%20department%20of%20transportation&limit=100,2026-09-30T20:48:01Z,0,"cell=I5-T08-C03-G0; new=0; dup=9; status=200; sha256=98853607deaf; 56 matched; every agency-origin DOT/city traffic-camera layer returned is already registered (Iowa DOT, MD CHART, DC DDOT, Seattle, Arlington VA, Austin, East Baton Rouge, NOLA, DC ASC) or a mirror (geodata.md.gov MD_TrafficCameras republishes CHART; Oregon-account copy of Caltrans KML); Town of Cary item has no service URL -> T08-C03-G0 closes saturated (K=2)"
I9b-Q111,WebSearch,"Portland Maine police department policy ""license plate"" OR drone OR ""facial recognition"" ordinance public",2026-09-30T20:48:24Z,1,"cell=I5-T00-C05-GL4; new=1; dup=0; item=Portland ME; outcome=found; Portland ME police seek council approval for first drone under a draft use policy (DroneXL 2025-09-11, F124: 'Portland would join at least 22 law enforcement agencies across Maine already operating drones, according to 2024 data from the Maine Criminal Justice Academy') -> I9b-C098; 2020 FR ban ordinance/referendum (WABI, BDN) leads; OPB hit is Portland OR (other place)"
I9b-Q112,WebSearch,"Burlington Vermont police department directive surveillance technology OR ""license plate"" OR drone policy city council",2026-09-30T20:48:24Z,1,cell=I5-T00-C05-GL4; new=1; dup=1; item=Burlington VT; outcome=found(journalism); ABC22/FOX44 on the mayor's council priority to install LPR cameras (F125) -> I9b-C099; Vermont DPS drone report (WCAX 2026-02-23) = I4-C009 (dup); Seven Days privacy-bill coverage (lead); Burlington NC AI traffic-camera hit is another Burlington
I9b-Q113,WebSearch,"CanadaBuys tender notice police ""licence plate recognition"" OR ""facial recognition"" OR ""body-worn cameras"" award 2025",2026-09-30T20:48:24Z,2,"cell=I5-T00-C08-GI1; new=2; dup=0; CanadaBuys tender/award notices incl. RCMP D Division ALPR (Genetec AutoVu; WS5478096948) -> I9b-C100 (F126); PSPC collaborative-procurement 'Service request order: Body-worn camera and digital evidence management system' (Axon; provinces, territories, municipalities) -> I9b-C101 (F127); leads: CBSA FRT algorithm test WS4534554636, ALPR award CW2230880 (Sigma Safety), Alberta Sheriffs BWC AB-2024-09161, Parkland County AB-2025-03011"
I9b-Q114,WebSearch,"NSW eTendering OR ""Buying for Victoria"" OR ""QTenders"" contract award police ""facial recognition"" OR ANPR OR CCTV 2025",2026-09-30T20:48:24Z,0,"cell=I5-T00-C08-GI1; new=0; dup=1; no NSW/Victoria/Queensland state-portal award surfaced; UK Contracts Finder notice (BTP LFR award, Nov 2025) -> F128 403 (host stop-listed; Contracts Finder OCDS = I5-C335 dup); find-tender stop-listed (F049); leads: WA Police Axis video-surveillance standing arrangement (techpartner.news), Victoria Police Motorola ANPR fit-out (Computerworld, older), Surrey PCC ANPR (bidstats aggregator)"
I9b-Q115,WebSearch,"Information and Privacy Commissioner Ontario OR Canada report police ""licence plate recognition"" OR ""facial recognition"" 2025 investigation",2026-09-30T20:48:24Z,0,"cell=I5-T00-C04-GI1; new=0; dup=0; Ontario IPC 'Next-Generation Law Enforcement' page 403 challenge (F129, stop-listed); IPC FRT/mugshot and ALPR guidance (2024; law-firm summaries) leads; Canadian municipal police ALPR programme pages (Guelph, Greater Sudbury, Peel, London, OPP West Region) = GI1 programme pages (leads for an I5 GI1 C05 pass; not captured)"
I9b-Q116,WebSearch,"UK police live facial recognition deployments published list force 2025 report ""live facial recognition"" deployment records",2026-09-30T20:48:24Z,1,"cell=I5-T00-C04-GI1; new=1; dup=1; Home Office 'Live facial recognition in Immigration Enforcement' monthly transparency data on GOV.UK (Nov 2025 Holyhead deployment; CSV) -> I9b-C102 (F131); leads: Met Police 2025 annual LFR report (I5-C308 Met LFR records 403 = dup family), GMP FOI disclosure 'LFR incidents Apr 2024-Mar 2025' PDF (force FOI disclosure log; C13), West Yorkshire FOI deployment details, Hampshire deployment register, Bedfordshire NEC case study (vendor)"
I9b-Q117,WebSearch,"Canada access to information released records RCMP OR police ""facial recognition"" OR ""licence plate"" 2025 documents obtained",2026-09-30T20:48:24Z,0,"cell=I5-T00-C13-GI1; new=0; dup=1; Nova Scotia OIPC review report 25-01 (Halifax RP FR records) TLS failure (F130); Ontario IPC order re Toronto police FR records (ipc.on.ca, host stop-listed at F129); open.canada.ca Question Period notes (proactive disclosure search) = same open.canada.ca family as I5-C338 (dup); Tyee 2020 RCMP-Clearview FOI and Wipond ALPR FOI (historical journalism)"
I9b-Q118,WebSearch,"CNIL OR Garante OR Datatilsynet decision 2025 police ""facial recognition"" OR ""number plate"" OR ""video surveillance"" municipality sanction",2026-09-30T20:48:24Z,1,cell=I5-T00-C04-GI2; new=1; dup=0; CNIL 2024-12-05 formal notices to the Interior Ministry and communes over BriefCam and other video-analytics software (F132) -> I9b-C103; CNIL MED-2024-150 decision page (cnil.fr node) and law-firm summaries (derivative); no 2025 Garante/Datatilsynet municipal decision surfaced
I9b-F124,curl-fetch,https://dronexl.co/2025/09/10/portland-police-seek-approval-deploy-drone/,2026-09-30T20:49:16Z,1,cell=I5-T00-C05-GL4; cand=I9b-C098; status=200; sha256=59dac80c00af; bytes=67189; DroneXL Portland ME drone approval request 2025-09-11
I9b-F125,curl-fetch,https://digital-release.mychamplainvalley.com/news/local-news/when-could-license-plate-readers-come-to-burlington/amp/,2026-09-30T20:49:16Z,1,cell=I5-T00-C05-GL4; cand=I9b-C099; status=200; sha256=5c34a8c3d353; bytes=45947; ABC22/FOX44 Burlington LPR priority
I9b-F126,curl-fetch,https://canadabuys.canada.ca/en/tender-opportunities/tender-notice/ws5478096948-doc5521581403,2026-09-30T20:49:21Z,1,cell=I5-T00-C08-GI1; cand=I9b-C100; status=200; sha256=c4fb5afc1549; bytes=74807; CanadaBuys RCMP ALPR tender WS5478096948
I9b-F127,curl-fetch,https://www.canada.ca/en/public-services-procurement/services/acquisitions/collaborative-procurement-opportunities-governments-other-eligible-organizations/list-commodities/body-worn-camera-digital-evidence-management-system.html,2026-09-30T20:49:22Z,1,cell=I5-T00-C08-GI1; cand=I9b-C101; status=200; sha256=dfdf35f2b239; bytes=28338; PSPC BWC and DEMS service request order page
I9b-F128,curl-fetch,https://www.contractsfinder.service.gov.uk/Notice/c6d3cce5-fca8-459b-bc0f-8c0e8eacf79b,2026-09-30T20:49:26Z,0,cell=I5-T00-C08-GI1; cand=none; status=403; sha256=58bf2215b395; bytes=118; contractsfinder.service.gov.uk notice 403; stop-listed by hand
I9b-F129,curl-fetch,https://www.ipc.on.ca/en/about-us/next-generation-law-enforcement,2026-09-30T20:49:26Z,0,cell=I5-T00-C04-GI1; cand=none; status=403; sha256=6dd501bf095d; challenge-suspected; bytes=5767; ipc.on.ca 403 challenge; stop-listed
I9b-F130,curl-fetch,https://oipc.novascotia.ca/sites/default/files/25-01%202025%2001%2015%20Review%20Report.pdf,2026-09-30T20:49:26Z,0,cell=I5-T00-C04-GI1; cand=none; status=curl35; sha256=n/a; bytes=0; oipc.novascotia.ca TLS failure (curl 35)
I9b-F131,curl-fetch,https://www.gov.uk/government/publications/live-facial-recognition-deployment-in-november-2025,2026-09-30T20:49:32Z,1,cell=I5-T00-C04-GI1; cand=I9b-C102; status=200; sha256=08d5b614d19c; bytes=75291; GOV.UK Home Office LFR deployment Nov 2025 transparency page
I9b-F132,curl-fetch,https://cnil.fr/fr/utilisation-briefcam-logiciels-analyse-video-par-etat-communes-la-cnil-prononce-plusieurs-mises-en-demeure,2026-09-30T20:49:32Z,1,cell=I5-T00-C04-GI2; cand=I9b-C103; status=200; sha256=c65fa0236be3; bytes=103019; CNIL BriefCam formal notices 2024-12-05
I9b-Q119,WebSearch,school board approved Gaggle OR GoGuardian OR Securly contract renewal 2026-2027 amount district minutes,2026-09-30T20:51:07Z,1,"cell=I4-T25-C09-G0; new=1; dup=2; Lawrence USD 497 KS Gaggle annual subscription renewal $53,411.25 (LJWorld 2024-07-08; I9b-C104, F133); dup Waukegan (BoardBook, stop-listed), wrps.org (stop-listed); leads: East Rutherford NJ GoGuardian $13,650 2026-27 (nj21st citizen notes), Stillwater OK Securly, Norristown PA Securly E-Hall Pass, San Mateo-Foster City GoGuardian (civiciq/Govly meeting pages = aggregators; Govly 'public/meetings' pages are AI/derived summaries)"
I9b-Q120,WebSearch,"county commission approves ""Cellebrite"" OR ""GrayKey"" sheriff ""not to exceed"" 2026",2026-09-30T20:51:07Z,1,"cell=I4-T19-C09-G0; new=1; dup=3; Washoe County NV BoCC 2026-06-16 item 6.H.5: FY2025 JAG award via Reno PD for Cellebrite licences for the ICAC team (I9b-C105, F134); dup Ingham (I9b-C013), Riverside (I9b-C022), Putnam (I9b-C014); leads: Riverside 2024-05-21 item 03.43001, Bucks County PA 2021 (WFMZ), Ocala FL renewal"
I9b-Q121,WebSearch,ShotSpotter program evaluation report police department 2026 findings city council presentation data alerts,2026-09-30T20:51:07Z,2,"cell=I4-T13-C04-G0; new=2; dup=2; New Bedford MA ShotSpotter alerts 2021-2026 via public records (New Bedford Light 2026-07-08; I9b-C106, F135); Houston Chronicle analysis of HPD ShotSpotter via ABC13 2023-07-11 (I9b-C107, F136); dup Duke WCSJ Durham/Fayetteville (I9b-C064), Oakland (ccops_oakland); LVMPD assessment PDF is vendor-hosted (D6; not fetched)"
I9b-Q122,WebSearch,state crime lab annual report digital forensics mobile device extractions number Cellebrite 2025,2026-09-30T20:51:07Z,0,"cell=I4-T19-C14-G0; new=0; dup=1; no state crime-lab extraction statistics surfaced; Ohio AG BCI 'getattachment' hits are individual case laboratory reports (person-level -> block; NOT fetched, Part VIII hazard logged); San Diego Cellebrite Inseyets surveillance use policy 2025 (SRC-003 family, dup); Cellebrite earnings/fact sheets (vendor D6)"
I9b-Q123,WebSearch,"Civil Rights Data Collection 2021-22 school security staff ""school resource officers"" data file district level download",2026-09-30T20:51:07Z,0,cell=I4-T25-C16-G0; new=0; dup=1; CRDC 2021-22 public-use file (school security staff FTE) = I4-C212 family (civilrightsdata.ed.gov JS shell; ed.gov refused I4 with 403); a university mirror of the CRDC zip (topofire.dbs.umt.edu) was NOT used (R4: no mirror workaround for a refusing origin); TN DOE CRDC download page and SIS-vendor help pages are derivative
I9b-Q124,WebSearch,"""drone as first responder"" police department policy filetype:pdf 2026 ""unmanned aircraft system"" general order",2026-09-30T20:51:07Z,2,"cell=I4-T14-C05-G0; new=2; dup=1; Bangor ME PD General Order 2-59 Unmanned Aerial Systems (eff. 2025-10-05; I9b-C108, F137) and Little Rock PD General Order 332 sUAS (2025-09-17; PowerDMS public portal; I9b-C109, F138) - both tier-A gap states; PowerDMS public portals = registered powerdms_public_portals (gated) family (dup at channel level); leads: SFPD DGO 10.12 UAS (2026 drafts), Oswego IL (IL Drones as First Responders Act), Elizabeth NJ and Colorado Springs PowerDMS policies, Conroe TX Axon Air DFR"
I9b-Q125,WebSearch,"police ""Babel Street"" OR ""ShadowDragon"" OR ""Cobwebs"" records released FOIA documents contract 2025 investigation",2026-09-30T20:51:07Z,0,"cell=I4-T20-C13-G0; new=0; dup=0; only MuckRock request pages (2017 Babel Street requests to Chicago PD, ISP, MSP, VSP, LAPD, USSS, Boise PD; NYSP Cobwebs contract request) -> records corpus = I6 lane; no new records channel"
I9b-Q126,WebSearch,"Wichita OR Omaha OR Albuquerque police ""surveillance technology"" report city council 2026 cameras inventory",2026-09-30T20:51:07Z,0,"cell=I5-T00-C04-GL1; new=0; dup=0; item=Wichita KS/Omaha NE; outcome=negative; no 2026 council surveillance-technology report for Wichita or Omaha; Albuquerque AP 2023 (10,000 cameras, $50M, ALPR inventory 70-80) = journalism lead (I5 already holds APD SOP I5-C111 and Legistar I5-C122); Sutter Creek CA policy (not a thin city)"
I9b-F133,curl-fetch,https://www2.ljworld.com/news/schools/2024/jul/08/lawrence-school-board-approves-renewal-of-gaggle-software/,2026-09-30T20:52:03Z,1,cell=I4-T25-C09-G0; cand=I9b-C104; status=200; sha256=c81af5d5aabb; bytes=106102; LJWorld Lawrence Gaggle renewal
I9b-F134,curl-fetch,https://washoe-nv.granicusideas.com/meetings/2121-board-of-county-commissioners-on-2026-06-16-10-00-am/agenda_items/6a2aca3444253827f1004e76-6-dot-h-5-recommendation-to-accept-a-fiscal-year-2025,2026-09-30T20:52:04Z,1,cell=I4-T19-C09-G0; cand=I9b-C105; status=200; sha256=b4a9b2126e8e; bytes=19212; Washoe County granicusideas item 6.H.5 JAG Cellebrite
I9b-F135,curl-fetch,https://newbedfordlight.org/only-24-of-new-bedford-shotspotter-alerts-confirmed-as-gunshots/,2026-09-30T20:52:05Z,1,cell=I4-T13-C04-G0; cand=I9b-C106; status=200; sha256=985f53676f33; bytes=362846; New Bedford Light ShotSpotter alerts 2026-07-08
I9b-F136,curl-fetch,https://abc13.com/amp/post/what-is-shotspotter-houston-chronicle-police-data-hpd-response-times-report-by-yilun-cheng/13490331/,2026-09-30T20:52:07Z,1,cell=I4-T13-C04-G0; cand=I9b-C107; status=200; sha256=bdbd19103b23; bytes=39912; ABC13 Houston Chronicle ShotSpotter analysis 2023-07-11
I9b-F137,curl-fetch,https://www.bangormaine.gov/DocumentCenter/View/4872/BPD---Policy--for-Unmanned-Aerial-Systems-PDF,2026-09-30T20:52:07Z,1,cell=I4-T14-C05-G0; cand=I9b-C108; status=200; sha256=f3b35cb75bd8; bytes=241894; Bangor PD General Order 2-59 UAS
I9b-F138,curl-fetch,https://public.powerdms.com/LITTLEROCKPD/documents/2098788,2026-09-30T20:52:08Z,1,cell=I4-T14-C05-G0; cand=I9b-C109; status=200; sha256=eb529aa1b51e; bytes=172675; Little Rock PD General Order 332 sUAS (PowerDMS)
I9b-Q127,WebSearch,Ireland community CCTV schemes list Department of Justice approved locations OR data.gov.ie CCTV dataset,2026-09-30T20:53:14Z,0,"cell=I5-T00-C03-GI1; new=0; dup=0; item=IE; outcome=negative(dataset); no data.gov.ie CCTV dataset; Department of Justice community CCTV scheme counts (36 approved locations, ~350 cameras per search summary) appear only in Oireachtas PQ answers -> oireachtas.ie PQ page served a human-verification page (F139 405, stop-listed); South Dublin council meeting replies and local press (Limerick 2026: six schemes) are leads"
I9b-Q128,WebSearch,Netherlands politie ANPR-camera's aantal locaties lijst 2025 OR Belgium ANPR cameras number police register,2026-09-30T20:53:14Z,1,"cell=I5-T00-C04-GI2; new=1; dup=1; item=NL; outcome=found; Staatscourant publication of the national police 'Cameraplan ANPR Politie' under art. 126jj Sv (Q3-2026 edition, 2026-07-01; F141) with per-camera location name, municipality, lat/lon and reason codes -> I9b-C110; politie.nl cameraplan page 404 (F140; moved); Camera in Beeld = I5-C346 (dup); Belgium: 4,498 ANPR cameras (VRT 2025, Brussels Times/Belga) journalism leads"
I9b-Q129,WebSearch,"New Zealand Police Official Information Act release 2025 Auror OR SaferCities OR ""facial recognition"" OR drones",2026-09-30T20:53:14Z,0,cell=I5-T00-C13-GI1; new=0; dup=2; NZ Police 'Emergent technologies proactive information releases' (= I5-C300) incl. the Auror review and 2025 ANPR audit (= I5-C301); FYI.org.nz similar-request pages (= I5-C339)
I9b-Q130,WebSearch,"ICE social media surveillance contract 2025 award Zignal OR ShadowDragon OR ""Penlink"" OR ""Babel Street"" USAspending",2026-09-30T20:53:14Z,0,"cell=I4-T20-C16-G0; new=0; dup=2; ICE Zignal Labs $5.7M five-year licences via Carahsoft (The Lever/Jacobin 2025) = a USAspending-visible award (I4-C152 SMM keyword family, dup); IPTP Palantir ImmigrationOS entry (= I9b-C075 channel); SocialNet/ShadowDragon, Babel Street Locate X, PenLink mentions are journalism leads"
I9b-Q131,WebSearch,"survey school districts use student activity monitoring software percentage 2025 report CDT OR RAND OR ""EdWeek Research Center""",2026-09-30T20:53:14Z,0,"cell=I4-T25-C14-G0; new=0; dup=1; CDT student-monitoring surveys (cdt.org challenged I4; I4 family dup), New America, FAS policy memos, EdWeek 2022 -> national prevalence estimates only (derivative), no district-keyed dataset"
I9b-Q132,WebSearch,"CBP biometric facial comparison airports list locations 2025 ""Traveler Verification Service"" OR ""Simplified Arrival"" airports seaports",2026-09-30T20:53:14Z,1,"cell=I4-T11-C16-G0; new=1; dup=0; CBP newsroom: biometric facial comparison ('Simplified Arrival') completed at all US international airports (2022-06-02, F142) -> I9b-C111; later CBP local releases (San Ysidro, Kansas City 2025, Guam/CNMI) = per-port deployment announcements (family leads); search summary cites 172 entry and 32 exit airports (unverified)"
I9b-Q133,WebSearch,"police social media monitoring contracts dataset GitHub OR ""open data"" researchers 2024 2025 agencies vendors list",2026-09-30T20:53:14Z,0,"cell=I4-T20-C14-G0; new=0; dup=1; MIT Open Data Initiative on Criminal Justice (FOIA data from 10+ departments; programme page, no dataset located) lead; LittleSis 2016 Geofeedia requests (historical); MuckRock SMM request pages (I6 corpus); find-tender OSINT = I9b-C032 (dup)"
I9b-F139,curl-fetch,https://www.oireachtas.ie/en/debates/question/2022-11-15/460/,2026-09-30T20:53:54Z,0,cell=I5-T00-C03-GI1; cand=none; status=405; sha256=9335e24e7863; bytes=2095; oireachtas.ie human-verification page (HTTP 405); stop-listed by hand
I9b-F140,curl-fetch,https://www.politie.nl/informatie/locaties-cameraplan-anpr-126jj-sv.html,2026-09-30T20:53:54Z,0,cell=I5-T00-C04-GI2; cand=none; status=404; sha256=f79c3ca99aff; bytes=17393; politie.nl cameraplan page 404 (moved)
I9b-F141,curl-fetch,https://zoek.officielebekendmakingen.nl/stcrt-2026-23725.pdf,2026-09-30T20:53:55Z,1,cell=I5-T00-C04-GI2; cand=I9b-C110; status=200; sha256=24b010bfb3aa; bytes=3321025; Staatscourant 2026 nr 23725 Cameraplan ANPR Politie Q3-2026 (3.3 MB PDF)
I9b-F142,curl-fetch,https://cbp.gov/newsroom/national-media-release/cbp-completes-simplified-arrival-expansion-all-us-airports,2026-09-30T20:53:59Z,1,cell=I4-T11-C16-G0; cand=I9b-C111; status=200; sha256=7c831d25f7e5; bytes=112905; CBP national media release 2022-06-02 Simplified Arrival all US airports
