query_id,engine_or_tool,query_or_url,run_at,hits_kept,notes
I5-Q001,arcgis-hub-search,"https://hub.arcgis.com/api/search/v1/collections/dataset/items?q=traffic%20cameras&bbox=-73.44,42.72,-71.46,45.02&limit=50",2026-09-30T18:06:48Z,1,"cell=I5-T08-C03-GD; new=1; dup=0; status=200; sha256=2e6a6f8425b2; item=VT; outcome=found; hub dataset search q=""traffic cameras""+VT bbox (bbox does not filter: 151 matched mostly global extents); VTrans ITS_DeviceList -> I5-C001"
I5-Q002,arcgis-hub-search,"https://hub.arcgis.com/api/search/v1/collections/dataset/items?q=traffic%20cameras&bbox=-72.56,42.69,-70.61,45.31&limit=100",2026-09-30T18:07:48Z,0,"cell=I5-T08-C03-GD; new=0; dup=1; status=200; sha256=514e162f5616; item=NH; outcome=negative; same 151-item national list, only VTrans + MassDOT KML in bbox"
I5-Q003,arcgis-hub-search,"https://hub.arcgis.com/api/search/v1/collections/dataset/items?q=traffic%20cameras&bbox=-71.09,42.97,-66.93,47.46&limit=100",2026-09-30T18:07:50Z,0,cell=I5-T08-C03-GD; new=0; dup=0; status=200; sha256=4adb9fcbb24d; item=ME; outcome=negative; nothing inside ME bbox
I5-Q004,arcgis-hub-search,"https://hub.arcgis.com/api/search/v1/collections/dataset/items?q=traffic%20cameras&bbox=-71.91,41.15,-71.12,42.02&limit=100",2026-09-30T18:07:51Z,0,cell=I5-T08-C03-GD; new=0; dup=0; status=200; sha256=4d73d9b8aca0; item=RI; outcome=negative (layer); nothing inside RI bbox
I5-Q005,arcgis-hub-search,"https://hub.arcgis.com/api/search/v1/collections/dataset/items?q=traffic%20cameras&bbox=-75.79,38.45,-75.05,39.84&limit=100",2026-09-30T18:07:53Z,0,cell=I5-T08-C03-GD; new=0; dup=0; status=200; sha256=270652716152; item=DE; outcome=negative (hub); nothing DE-state in bbox; bbox approach abandoned after Q005
I5-Q006,arcgis-online-search,https://www.arcgis.com/sharing/rest/search?q=(camera%20OR%20cameras%20OR%20cctv)%20AND%20(Michigan%20OR%20MDOT%20OR%20MiDrive)%20AND%20type%3A%22Feature%20Service%22&num=100&f=json,2026-09-30T18:08:13Z,1,cell=I5-T08-C03-GD; new=1; dup=0; status=200; sha256=7c2d2f23322f; item=MI; outcome=found; AGOL sharing search (camera OR cctv) AND (Michigan OR MDOT OR MiDrive) Feature Service; MiDrive Cameras (MDOT_GIS) -> I5-C002
I5-Q007,arcgis-online-search,https://www.arcgis.com/sharing/rest/search?q=(camera%20OR%20cameras%20OR%20cctv%20OR%20webcam)%20AND%20(Mississippi%20OR%20MDOTtraffic%20OR%20Arkansas%20OR%20ARDOT%20OR%20IDriveArkansas)%20AND%20type%3A%22Feature%20Service%22&num=100&f=json,2026-09-30T18:08:34Z,1,"cell=I5-T08-C03-GD; new=1; dup=0; status=200; sha256=f27f843d5532; item=MS,AR; outcome=MS negative / AR third-party only; Garver iDriveCCTV snapshot -> I5-C013"
I5-Q008,arcgis-online-search,https://www.arcgis.com/sharing/rest/search?q=(camera%20OR%20cameras%20OR%20cctv%20OR%20webcam)%20AND%20(Delaware%20OR%20DelDOT%20OR%20%22Rhode%20Island%22%20OR%20RIDOT)%20AND%20type%3A%22Feature%20Service%22&num=100&f=json,2026-09-30T18:08:35Z,0,"cell=I5-T08-C03-GD; new=0; dup=0; status=200; sha256=0cf2b00d30e1; item=DE,RI; outcome=negative (only consultant/academic layers; RI Flock student layer seen, followed in Q034)"
I5-Q009,arcgis-online-search,https://www.arcgis.com/sharing/rest/search?q=(camera%20OR%20cameras%20OR%20cctv%20OR%20webcam)%20AND%20(%22New%20Hampshire%22%20OR%20NHDOT%20OR%20Maine%20OR%20MaineDOT%20OR%20Vermont%20OR%20VTrans)%20AND%20type%3A%22Feature%20Service%22&num=100&f=json,2026-09-30T18:08:52Z,0,"cell=I5-T08-C03-GD; new=0; dup=0; status=200; sha256=de26c8b8f4db; item=NH,ME,VT; outcome=NH/ME negative (""Maine"" matched sewer ""mains""); VT dup of Q001"
I5-Q010,arcgis-online-search,https://www.arcgis.com/sharing/rest/search?q=(camera%20OR%20cameras%20OR%20cctv%20OR%20webcam)%20AND%20(%22West%20Virginia%22%20OR%20WVDOT%20OR%20Wyoming%20OR%20WYDOT)%20AND%20type%3A%22Feature%20Service%22&num=100&f=json,2026-09-30T18:08:53Z,0,"cell=I5-T08-C03-GD; new=0; dup=0; status=200; sha256=9fea847d78fa; item=WV,WY; outcome=negative; only personal-account ""Wyoming Traffic Cameras Cheyenne"" (johnfry10)"
I5-Q011,arcgis-online-search,https://www.arcgis.com/sharing/rest/search?q=(camera%20OR%20cameras%20OR%20cctv%20OR%20webcam)%20AND%20(%22New%20Mexico%22%20OR%20NMDOT%20OR%20NMRoads%20OR%20%22South%20Carolina%22%20OR%20SCDOT)%20AND%20type%3A%22Feature%20Service%22&num=100&f=json,2026-09-30T18:09:02Z,1,"cell=I5-T08-C03-GD; new=1; dup=0; status=200; sha256=eff837cec2c5; item=NM,SC; outcome=NM found (Statewide CCTV View -> I5-C006) / SC negative"
I5-Q012,arcgis-online-search,https://www.arcgis.com/sharing/rest/search?q=(camera%20OR%20cameras%20OR%20cctv)%20AND%20(TxDOT%20OR%20%22Texas%20Department%20of%20Transportation%22)&num=100&f=json,2026-09-30T18:09:04Z,0,cell=I5-T08-C03-GD; new=0; dup=2; status=200; sha256=361481bb4105; item=TX; outcome=only the known dkarctur layers + TxDOT TPP licence text lead; followed in Q021
I5-Q013,WebSearch,TxDOT open data portal CCTV camera locations feature service,2026-09-30T18:09:22Z,0,cell=I5-T08-C03-GD; new=0; dup=0; item=TX; outcome=negative (leads only: txdot.gov live-cameras page; not fetched); run_at from date -u immediately before the batch
I5-Q014,WebSearch,DelDOT traffic cameras JSON feed open data Delaware,2026-09-30T18:09:22Z,2,"cell=I5-T08-C03-GD; new=3; dup=0; item=DE; outcome=found; FirstMap production camera layer I5-C003, red-light layer I5-C005, firstmaptest TMC feed I5-C004; run_at from date -u immediately before the batch"
I5-Q015,WebSearch,MDOTtraffic Mississippi traffic cameras map ArcGIS REST services,2026-09-30T18:10:25Z,0,cell=I5-T08-C03-GD; new=0; dup=0; item=MS; outcome=negative (no MS REST endpoint surfaced); run_at from date -u immediately before the batch
I5-Q016,WebSearch,IDriveArkansas ARDOT traffic cameras ArcGIS feature service open data,2026-09-30T18:10:25Z,2,cell=I5-T08-C03-GD; new=1; dup=0; item=AR; outcome=negative (key-free layer); camera terms page I5-C012; gis.arkansas.gov Transportation service has no cameras (F017); run_at from date -u immediately before the batch
I5-Q017,WebSearch,SCDOT traffic cameras ArcGIS open data layer South Carolina 511,2026-09-30T18:10:25Z,1,"cell=I5-T08-C03-GD; new=0; dup=0; item=SC; outcome=negative (511sc.org tools page lists apps only, F015); run_at from date -u immediately before the batch"
I5-Q018,WebSearch,"WYDOT webcams ""rest/services"" ArcGIS road cameras Wyoming",2026-09-30T18:11:15Z,0,"cell=I5-T08-C03-GD; new=0; dup=0; item=WY; outcome=negative (Web AppBuilder travel map; config.json 404 F032; lead: WYDOT news cites 226 web cameras, not fetched); run_at from date -u immediately before the batch"
I5-Q019,WebSearch,"""West Virginia"" DOT traffic cameras ""rest/services"" OR ""open data"" WVDOT cameras layer",2026-09-30T18:11:15Z,2,cell=I5-T08-C03-GD; new=2; dup=0; item=WV; outcome=found; gis.transportation.wv.gov Assets CCTV layers I5-C009/C010; data-wvdot hub lead; run_at from date -u immediately before the batch
I5-Q020,WebSearch,"NHDOT OR MaineDOT OR RIDOT traffic cameras GIS layer ""FeatureServer"" OR ""MapServer""",2026-09-30T18:11:15Z,0,"cell=I5-T08-C03-GD; new=0; dup=0; item=NH,ME,RI; outcome=negative (results were DE/MD layers only); run_at from date -u immediately before the batch"
I5-Q021,arcgis-online-search,https://www.arcgis.com/sharing/rest/search?q=(cctv%20OR%20camera%20OR%20cameras%20OR%20ITS)%20AND%20orgid%3AKTcxiTD9dsQw4r7Z&num=100&f=json,2026-09-30T18:12:40Z,1,cell=I5-T08-C03-GD; new=1; dup=0; status=200; sha256=2f2b1d9af8b9; item=TX; outcome=found; q=(cctv OR camera OR ITS) AND orgid:KTcxiTD9dsQw4r7Z (TxDOT org) -> Existing_ITS_Device_Service_view I5-C008 + TxDOT org licence text
I5-Q022,arcgis-online-search,https://www.arcgis.com/sharing/rest/search?q=(cctv%20OR%20%22traffic%20cameras%22%20OR%20%22traffic%20camera%22)%20AND%20(Ohio%20OR%20OHGO%20OR%20Wisconsin%20OR%20WisDOT%20OR%20Indiana%20OR%20INDOT%20OR%20Oklahoma%20OR%20OkieTraffic)%20AND%20type%3A%22Feature%20Service%22&num=100&f=json,2026-09-30T18:13:25Z,0,"cell=I5-T08-C03-GD; new=0; dup=0; status=200; sha256=25678e4c926f; item=OH,WI,IN,OK (tier-C light pass); outcome=negative (3 irrelevant hits)"
I5-Q023,arcgis-online-search,https://www.arcgis.com/sharing/rest/search?q=(camera%20OR%20cameras%20OR%20cctv)%20AND%20(INDOT%20OR%20ODOT%20OR%20WisDOT%20OR%20OHGO%20OR%20CTDOT%20OR%20NDOT%20OR%20NJDOT%20OR%20Alaska%20OR%20Nebraska%20OR%20Oklahoma)%20AND%20type%3A%22Feature%20Service%22&num=100&f=json,2026-09-30T18:13:38Z,2,"cell=I5-T08-C03-GD; new=2; dup=0; status=200; sha256=dcbf64372bc0; item=AK,CT,NV,NJ,NE,OK,IN,OH,WI (tier-C light pass); outcome=CT speed-camera layer I5-C015, NE plow cams I5-C016; AK only MatSu Borough 511 republish; OH only Marysville city republish; others negative"
I5-Q024,arcgis-online-search,https://www.arcgis.com/sharing/rest/search?q=(%22traffic%20cameras%22%20OR%20cctv%20OR%20%22camera%20locations%22)%20AND%20(DOT%20OR%20%22Department%20of%20Transportation%22%20OR%20511)%20AND%20type%3A%22Feature%20Service%22&num=100&sortField=numviews&sortOrder=desc&f=json,2026-09-30T18:14:17Z,3,"cell=I5-T08-C03-G0; new=3; dup=4; status=200; sha256=7f5ee73c1aa2; national sweep; NCDOT org I5-C017, ITD CCTV I5-C018, Caltrans CCTV I5-C019 (lead); dup: MassDOT (camreg_massdot_ma), ADOT (camreg_azdot_az), KYTC/GDOT/IDOT registry rows"
I5-Q025,socrata-discovery,"https://api.us.socrata.com/api/catalog/v1?domains=data.vermont.gov,data.delaware.gov,data.michigan.gov,data.ri.gov,data.wv.gov,data.maine.gov,data.nh.gov,data.ms.gov,data.arkansas.gov,data.wyo.gov,data.hawaii.gov,data.nd.gov,data.mt.gov,data.nm.gov,opendata.dc.gov&q=camera&only=dataset,map,chart,filter,file,href&limit=100",2026-09-30T18:16:08Z,0,"cell=I5-T00-C03-GD; new=0; dup=0; status=404; sha256=40303917a311; excluded:error; 404 ""Domain not found: data.ms.gov"" - multi-domain query aborted on the first unknown domain"
I5-Q026,arcgis-online-search,https://www.arcgis.com/sharing/rest/search?q=type%3A%22Hub%20Site%20Application%22%20AND%20%28title%3AVermont%20OR%20title%3A%22New%20Hampshire%22%20OR%20title%3ADelaware%20OR%20title%3AMississippi%20OR%20title%3A%22Rhode%20Island%22%20OR%20title%3A%22West%20Virginia%22%20OR%20title%3AMaine%20OR%20title%3AWyoming%20OR%20title%3AArkansas%20OR%20title%3AMichigan%20OR%20title%3AHawaii%20OR%20title%3A%22North%20Dakota%22%20OR%20title%3AMontana%20OR%20title%3A%22New%20Mexico%22%29%20AND%20%28title%3A%22open%20data%22%20OR%20title%3AGIS%20OR%20title%3Ageospatial%20OR%20title%3Ahub%20OR%20title%3Adata%29&num=100&f=json,2026-09-30T18:16:42Z,8,"cell=I5-T00-C03-GD; new=0; dup=0; status=200; sha256=5632eec73894; state Hub sites by title (tier A/B); identified MS, ND, AR, ME(DOT), MT(DOT), WY(WyGISC), NM(GCC), WV(IIJA) hubs; MS/ND/AR/ME verified by site-scoped queries (candidates counted there)"
I5-Q027,socrata-discovery,"https://api.us.socrata.com/api/catalog/v1?domains=data.vermont.gov,data.delaware.gov,data.michigan.gov&q=camera%20OR%20surveillance%20OR%20%22license%20plate%22%20OR%20%22red%20light%22%20OR%20speed%20camera&limit=100",2026-09-30T18:16:53Z,0,"cell=I5-T00-C03-GD; new=0; dup=0; status=200; sha256=ee90d92e9578; item=VT,DE,MI; OR-form query returned 0 (Socrata q treats terms conjunctively)"
I5-Q028,socrata-discovery,"https://api.us.socrata.com/api/catalog/v1?domains=data.vermont.gov,data.delaware.gov,data.michigan.gov&q=camera&limit=100",2026-09-30T18:16:59Z,3,"cell=I5-T00-C03-GD; new=3; dup=0; status=200; sha256=9ff82f088b81; item=VT,DE,MI; domains accepted; q=camera resultSetSize 0 -> portal identity rows I5-C025..C027; outcome=negative (datasets)"
I5-Q029,arcgis-hub-search,https://mainedot-maine.hub.arcgis.com/api/search/v1/collections/dataset/items?q=camera&limit=50,2026-09-30T18:17:12Z,1,cell=I5-T08-C03-GD; new=1; dup=0; status=200; sha256=b2852cfe0d97; item=ME; MaineDOT hub site-scoped q=camera matched 0; outcome=negative (DOT camera layer); portal row I5-C024
I5-Q030,arcgis-online-search,https://www.arcgis.com/sharing/rest/search?q=%28title%3ACCTV%20OR%20title%3A%22traffic%20cameras%22%20OR%20title%3A%22traffic%20camera%22%20OR%20title%3Awebcams%29%20AND%20type%3A%22Feature%20Service%22%20AND%20%28tags%3AITS%20OR%20tags%3A511%20OR%20tags%3ATMC%20OR%20tags%3ADOT%20OR%20tags%3Atransportation%29&num=100&sortField=numviews&sortOrder=desc&f=json,2026-09-30T18:17:24Z,1,"cell=I5-T08-C03-G0; new=1; dup=6; status=200; sha256=b41a198d2639; national sweep (title CCTV/traffic cameras + ITS/511/DOT tags); new: MRMPO CCTV I5-C007; dup: KYTC, IA, MD, DC, LA, GA, MA, AZ registry rows; State_of_Idaho Webcams lead"
I5-Q031,arcgis-hub-search,https://opendata.gis.ms.gov/api/search/v1/collections/dataset/items?q=camera&limit=50,2026-09-30T18:18:00Z,1,cell=I5-T00-C03-GD; new=1; dup=0; status=200; sha256=32eae20724dc; item=MS; opendata.gis.ms.gov site-scoped q=camera matched 0; outcome=negative (datasets); portal row I5-C020
I5-Q032,arcgis-hub-search,https://gishubdata-ndgov.hub.arcgis.com/api/search/v1/collections/dataset/items?q=camera&limit=50,2026-09-30T18:18:02Z,1,cell=I5-T00-C03-GD; new=1; dup=0; status=200; sha256=bc572f6e8a3d; item=ND; NDGISHub q=camera 84 matches all aerial imagery; outcome=negative (datasets); portal row I5-C021
I5-Q033,ckan:opendata.hawaii.gov,https://opendata.hawaii.gov/api/3/action/package_search?q=camera&rows=50,2026-09-30T18:18:15Z,1,cell=I5-T00-C03-GD; new=1; dup=0; status=200; sha256=c642cb3cba8a; item=HI; package_search q=camera count 0 (success=true); outcome=negative (datasets); portal row I5-C023
I5-Q034,arcgis-online-search,https://www.arcgis.com/sharing/rest/search?q=%28%22license%20plate%22%20OR%20ALPR%20OR%20LPR%20OR%20Flock%20OR%20%22surveillance%20camera%22%20OR%20%22real%20time%20crime%22%20OR%20ShotSpotter%20OR%20%22security%20camera%22%20OR%20%22red%20light%20camera%22%29%20AND%20%28Vermont%20OR%20%22New%20Hampshire%22%20OR%20Maine%20OR%20%22Rhode%20Island%22%20OR%20Delaware%20OR%20Mississippi%20OR%20%22West%20Virginia%22%20OR%20Wyoming%20OR%20Arkansas%20OR%20Michigan%29&num=100&f=json,2026-09-30T18:18:24Z,1,"cell=I5-CRES-CRES-GD; new=1; dup=0; status=200; sha256=d5b60e96bc39; residual multi-class bundle (""license plate""|ALPR|LPR|Flock|""surveillance camera""|""real time crime""|ShotSpotter|""security camera""|""red light camera"") x tier-A states; only yield RI Flock student layer (token) I5-C032; stop (P3 residual)"
I5-Q035,arcgis-online-search,https://www.arcgis.com/sharing/rest/search?q=%28type%3A%22Hub%20Site%20Application%22%20OR%20type%3A%22Site%20Application%22%29%20AND%20%28title%3ABurlington%20OR%20title%3AManchester%20OR%20title%3AConcord%20OR%20title%3AWilmington%20OR%20title%3ADover%20OR%20title%3AJackson%20OR%20title%3AProvidence%20OR%20title%3ACharleston%20OR%20title%3APortland%20OR%20title%3AAugusta%20OR%20title%3ACheyenne%20OR%20title%3ACasper%20OR%20title%3A%22Little%20Rock%22%20OR%20title%3A%22Grand%20Rapids%22%20OR%20title%3ALansing%20OR%20title%3A%22Hawaii%20County%22%20OR%20title%3AFargo%20OR%20title%3ABismarck%20OR%20title%3ABillings%20OR%20title%3AHelena%20OR%20title%3A%22Santa%20Fe%22%20OR%20title%3A%22Las%20Cruces%22%29&num=100&f=json,2026-09-30T18:19:08Z,6,"cell=I5-T00-C03-GL4; new=6; dup=0; status=200; sha256=4e0f4c451170; GL4 Hub sites by locality title; identified Providence, Grand Rapids PD, Santa Fe, Bismarck, Cheyenne/Laramie, Billings (+ Helena, Lansing MI, Wilmington DE 2016 site, Las Cruces COVID hub not verified); negatives: Manchester NH, Concord NH, Dover, Jackson MS, Charleston WV, Portland ME, Augusta ME, Casper, Little Rock, Fargo, Hilo/Hawaii County"
I5-Q036,arcgis-online-search,https://www.arcgis.com/sharing/rest/search?q=%28camera%20OR%20cameras%20OR%20cctv%20OR%20%22license%20plate%22%20OR%20ALPR%20OR%20LPR%20OR%20Flock%20OR%20surveillance%20OR%20ShotSpotter%20OR%20%22real%20time%20crime%22%29%20AND%20%28%22Grand%20Rapids%22%20OR%20Providence%20OR%20Burlington%20OR%20Cheyenne%20OR%20%22Santa%20Fe%22%20OR%20Bismarck%20OR%20Billings%20OR%20%22Little%20Rock%22%20OR%20Fargo%20OR%20%22Las%20Cruces%22%20OR%20Wilmington%20OR%20Manchester%20OR%20Lansing%20OR%20Helena%20OR%20Casper%20OR%20Hilo%29%20AND%20type%3A%22Feature%20Service%22&num=100&f=json,2026-09-30T18:19:29Z,1,cell=I5-CRES-CRES-GL4; new=1; dup=0; status=200; sha256=f1424fa75d80; residual multi-class probe x GL4 localities; mostly noise; yield Santa Fe park cameras I5-C040; stop (budget)
I5-Q037,legistar-api:hawaiicounty,https://webapi.legistar.com/v1/hawaiicounty/bodies,2026-09-30T18:21:23Z,0,"cell=I5-T00-C07-GL4; new=0; dup=0; status=500; sha256=78df0379936c; item=Hawaii County (Hilo); outcome=negative (500 ""LegistarConnectionString ... not set up"" = no Legistar client)"
I5-Q038,legistar-api:littlerock,https://webapi.legistar.com/v1/littlerock/bodies,2026-09-30T18:21:24Z,0,cell=I5-T00-C07-GL4; new=0; dup=0; status=500; sha256=1e706c125d5a; item=Little Rock AR; outcome=negative (no Legistar client)
I5-Q039,arcgis-hub-search,https://grpd-grandrapids.hub.arcgis.com/api/search/v1/collections/all/items?q=policy&limit=50,2026-09-30T18:22:13Z,0,cell=I5-T00-C05-GL4; new=0; dup=0; status=200; sha256=f910475d210c; item=Grand Rapids MI; GRPD hub collections/all q=policy matched 0; outcome=negative
I5-Q040,arcgis-hub-search,https://providence-gis-hub-pvdgis.hub.arcgis.com/api/search/v1/collections/dataset/items?q=camera&limit=50,2026-09-30T18:22:14Z,0,cell=I5-T00-C03-GL4; new=0; dup=0; status=200; sha256=45fecdbbf55f; item=Providence RI; Providence GIS Hub q=camera matched 0; outcome=negative (datasets)
I5-Q041,arcgis-hub-search,https://arkansas-gis-agio.hub.arcgis.com/api/search/v1/collections/dataset/items?q=camera&limit=50,2026-09-30T18:22:16Z,1,cell=I5-T00-C03-GD; new=1; dup=0; status=200; sha256=e1cdd409d6d2; item=AR; Arkansas GIS Hub q=camera 9 matches all orthoimagery; outcome=negative (datasets); portal row I5-C022
I5-Q042,arcgis-online-search,https://www.arcgis.com/sharing/rest/search?q=%28title%3AITS%20OR%20title%3A%22intelligent%20transportation%22%20OR%20title%3A%22ITS%20devices%22%20OR%20title%3A%22device%20inventory%22%29%20AND%20%28CCTV%20OR%20camera%20OR%20cameras%29%20AND%20type%3A%22Feature%20Service%22&num=100&sortField=numviews&sortOrder=desc&f=json,2026-09-30T18:22:31Z,1,"cell=I5-T08-C03-G0; new=1; dup=3; status=200; sha256=94f4e4567629; national sweep (title ITS/device inventory + CCTV); new: NDOT ITS_ATM I5-C014; ARDOT ITS_Cameras_Public item (dead/secured, folded into I5-C012); INDOT ITS assets (no camera layer, F061); dup: TxDOT, VTrans, ITD"
I5-Q043,iqm2-probe:providenceri,https://providenceri.iqm2.com/Citizens/Default.aspx,2026-09-30T18:23:29Z,0,cell=I5-T00-C07-GL4; new=0; dup=0; status=cur; sha256=; item=Providence RI (agenda platform probe providenceri.iqm2.com); outcome=not-reached (connection failure)
I5-Q044,arcgis-hub-search,https://hub.arcgis.com/api/search/v1/collections/site/items?q=Winston-Salem&limit=20,2026-09-30T18:40:50Z,1,"cell=I5-T00-C03-GL1; new=1; dup=0; status=200; sha256=a4df4712048a; orchestrator top-up using an unused Part-A id; item=Winston-Salem; outcome=found (MapForsyth Hub, I5-C402)"
I5-Q045,arcgis-hub-search,https://hub.arcgis.com/api/search/v1/collections/site/items?q=Newark%20New%20Jersey&limit=20,2026-09-30T18:40:52Z,1,"cell=I5-T00-C03-GL1; new=1; dup=0; status=200; sha256=766be56c862f; orchestrator top-up using an unused Part-A id; item=Newark; outcome=found (NewGIN Open Data, I5-C401)"
I5-Q046,arcgis-hub-search,"https://hub.arcgis.com/api/search/v1/collections/dataset/items?q=camera&bbox=-76.45,36.55,-75.9,36.95&limit=100",2026-09-30T18:08:22Z,0,"cell=I5-T00-C03-GL1; new=0; dup=0; item=Hampton Roads (Norfolk/Chesapeake/VB); outcome=negative; Hub v1 dataset search q=camera+bbox - 2168 matched, dominated by global-extent items; method abandoned; status=200; sha256=ec5558ba5074"
I5-Q047,arcgis-hub-search,https://www.arcgis.com/sharing/rest/search?q=type%3A%22Hub%20Site%20Application%22%20AND%20(title%3A%22open%20data%22%20OR%20title%3Aopendata%20OR%20title%3A%22data%20portal%22%20OR%20title%3A%22open%20gis%22)%20AND%20(Charlotte%20OR%20Durham%20OR%20Omaha%20OR%20Lincoln%20OR%20Anchorage%20OR%20Memphis%20OR%20Indianapolis%20OR%20Indy%20OR%20Frisco%20OR%20Tulsa%20OR%20Wichita%20OR%20Norfolk%20OR%20Greensboro%20OR%20Chesapeake%20OR%20%22Virginia%20Beach%22%20OR%20Boise%20OR%20Henderson%20OR%20%22Cape%20Coral%22)&num=100&f=json,2026-09-30T18:08:48Z,15,"cell=I5-T00-C03-GL1; new=14; dup=0; item=18 GL1 cities (Hub sites); outcome=found; ArcGIS Online sharing search type:""Hub Site Application"" -> Charlotte,Tulsa,Boise,VB,Durham,Indy,Wichita,Chesapeake,Memphis,Norfolk; not found: Omaha,Lincoln NE,Frisco,Greensboro,Henderson,Cape Coral,Anchorage; status=200; sha256=33b291625d83"
I5-Q048,arcgis-hub-search,https://www.arcgis.com/sharing/rest/search?q=type%3A%22Hub+Site+Application%22+AND+%28title%3Adata+OR+title%3AGIS+OR+title%3Aopen%29+AND+%28%22Jersey+City%22+OR+%22North+Las+Vegas%22+OR+Anchorage+OR+Henderson+OR+%22Cape+Coral%22+OR+Omaha+OR+Lincoln+OR+%22St.+Petersburg%22+OR+%22St+Pete%22+OR+Hialeah+OR+Irvine+OR+Newark+OR+Plano+OR+Tampa+OR+Honolulu+OR+Anaheim+OR+Madison+OR+%22Winston-Salem%22+OR+Nashville+OR+Cleveland+OR+%22Saint+Paul%22+OR+%22St.+Paul%22+OR+Detroit+OR+Albuquerque+OR+%22Las+Vegas%22+OR+Houston+OR+Frisco+OR+Greensboro+OR+%22Oklahoma+City%22+OR+OKC+OR+Gilbert+OR+Chandler+OR+%22Fort+Wayne%22+OR+Lubbock+OR+Irving+OR+Arlington%29&num=100&f=json,2026-09-30T18:09:05Z,22,"cell=I5-T00-C03-GL1; new=21; dup=0; item=remaining GL1 + GL2 (Hub sites); outcome=found; LV,Cleveland,St Paul,Gilbert,Anaheim,Detroit,Houston x2,Chandler,Nashville,Honolulu,Irvine,Arlington TX,OKC; not found: Jersey City,NLV,Henderson,Cape Coral,Omaha,Lincoln,St Pete,Hialeah,Newark,Plano,Tampa,Madison,W-S,ABQ,Frisco,Greensboro,Fort Wayne,Lubbock,Irving; status=200; sha256=7051bee8454a"
I5-Q049,socrata-discovery,"https://api.us.socrata.com/api/catalog/v1?domains=data.norfolk.gov,data.honolulu.gov,stat.stpete.org,data.memphistn.gov,data.muni.org,dashboard.plano.gov,data.ci.newark.nj.us,data.nashville.gov,data.detroitmi.gov,data.lasvegasnevada.gov,data.cityofmadison.com,data.cityoftulsa.org,data.okc.gov,data.cityofboise.org,data.jerseycitynj.gov,data.tampagov.net,data.houstontx.gov,data.albuquerque.gov,data.omaha.gov,data.greensboro-nc.gov,data.charlottenc.gov,data.durhamnc.gov,data.wichita.gov,data.virginiabeach.gov,information.stpaul.gov,data.clevelandohio.gov,data.indy.gov&q=camera&limit=100",2026-09-30T18:09:27Z,0,"cell=I5-T00-C03-GL1; new=0; dup=0; item=Socrata multi-domain camera search; outcome=negative; 404 ""Domain not found: data.omaha.gov"" (not a Socrata domain); status=404; sha256=9af31ac255d8"
I5-Q050,socrata-discovery,"https://api.us.socrata.com/api/catalog/v1?domains=data.norfolk.gov,data.honolulu.gov,stat.stpete.org,data.memphistn.gov,data.muni.org,dashboard.plano.gov,data.ci.newark.nj.us,data.nashville.gov,data.detroitmi.gov,data.lasvegasnevada.gov,data.cityofmadison.com,data.cityoftulsa.org,data.okc.gov,data.cityofboise.org,data.jerseycitynj.gov,data.tampagov.net,data.houstontx.gov,data.albuquerque.gov&q=camera&limit=100",2026-09-30T18:09:40Z,0,"cell=I5-T00-C03-GL1; new=0; dup=0; item=Socrata multi-domain; outcome=negative; 404 ""Domain not found: data.jerseycitynj.gov"" (Opendatasoft instead, F098); status=404; sha256=7dc767633594"
I5-Q051,socrata-discovery,"https://api.us.socrata.com/api/catalog/v1?domains=data.norfolk.gov,data.honolulu.gov,stat.stpete.org,data.memphistn.gov,data.muni.org,data.lasvegasnevada.gov,dashboard.plano.gov,data.nashville.gov&q=camera&limit=100",2026-09-30T18:09:54Z,0,"cell=I5-T00-C03-GL1; new=0; dup=0; item=Socrata multi-domain; outcome=negative; 404 ""Domain not found: data.nashville.gov""; status=404; sha256=cf0a8830eea4"
I5-Q052,socrata-discovery,"https://api.us.socrata.com/api/catalog/v1?domains=data.norfolk.gov,data.honolulu.gov,stat.stpete.org,data.memphistn.gov,data.muni.org,data.lasvegasnevada.gov,dashboard.plano.gov&q=camera&limit=100",2026-09-30T18:10:00Z,0,"cell=I5-T00-C03-GL1; new=0; dup=0; item=Socrata multi-domain; outcome=negative; 404 ""Domain not found: data.memphistn.gov""; status=404; sha256=39953af79171"
I5-Q053,socrata-discovery,"https://api.us.socrata.com/api/catalog/v1?domains=data.norfolk.gov,data.honolulu.gov,stat.stpete.org&q=camera&limit=100",2026-09-30T18:10:10Z,0,"cell=I5-T00-C03-GL1; new=0; dup=0; item=Socrata multi-domain; outcome=negative; 404 ""Domain not found: stat.stpete.org""; multi-domain method abandoned (each unknown domain aborts the whole query); status=404; sha256=e977b90ca1c6"
I5-Q054,arcgis-hub-search,https://www.arcgis.com/sharing/rest/search?q=%28title%3Acamera+OR+title%3Acameras+OR+title%3A%22license+plate%22+OR+title%3ALPR+OR+title%3AALPR+OR+title%3AShotSpotter+OR+title%3A%22red+light%22+OR+title%3A%22Green+Light%22+OR+title%3Asurveillance+OR+title%3A%22real+time+crime%22+OR+title%3ACCTV%29+AND+%28%22Jersey+City%22+OR+%22North+Las+Vegas%22+OR+%22Cape+Coral%22+OR+Durham+OR+Omaha+OR+Lincoln+OR+Anchorage+OR+Charlotte+OR+Memphis+OR+Indianapolis+OR+Frisco+OR+Tulsa+OR+Wichita+OR+Norfolk+OR+Greensboro+OR+Chesapeake+OR+%22Virginia+Beach%22+OR+Boise+OR+Henderson+OR+%22St.+Petersburg%22+OR+Hialeah+OR+Irvine+OR+Newark+OR+Plano+OR+Tampa+OR+Honolulu+OR+Anaheim+OR+Madison+OR+%22Winston-Salem%22+OR+Nashville+OR+Cleveland+OR+%22Saint+Paul%22+OR+Detroit+OR+Albuquerque+OR+%22Las+Vegas%22+OR+Houston+OR+%22Oklahoma+City%22%29+AND+%28type%3A%22Feature+Service%22+OR+type%3A%22Map+Service%22%29&num=100&f=json&sortField=modified&sortOrder=desc,2026-09-30T18:10:25Z,12,"cell=I5-T00-C03-GL1; new=9; dup=1; item=all 36 GL1 + OKC (title bundle camera|license plate|LPR|ALPR|ShotSpotter|red light|Green Light|surveillance|real time crime|CCTV AND city names); outcome=found; Detroit x3, Clark Co LV, Lincoln, Omaha, Boise, Henderson RTC; dup=Hampton Roads Flock layer (org of camreg_duganmeyer); excluded:sewer-pipe CCTV (Greensboro/Durham), Survey123 resident surveys (Jersey City parking), academic Newark 2016 viewsheds (publisher unidentifiable); status=200; sha256=adbbec2767f2"
I5-Q055,WebSearch,City of North Las Vegas open data portal GIS datasets,2026-09-30T18:13:37Z,0,cell=I5-T00-C03-GL1; new=0; dup=0; item=North Las Vegas; outcome=negative (results only CLV/Henderson; lead only)
I5-Q056,WebSearch,City of Omaha open data portal DOGIS datasets download,2026-09-30T18:13:37Z,1,cell=I5-T00-C03-GL1; new=1; dup=0; item=Omaha; lead data-dogis.opendata.arcgis.com (to verify by fetch)
I5-Q057,WebSearch,City of Henderson Nevada open data portal,2026-09-30T18:13:37Z,1,cell=I5-T00-C03-GL1; new=1; dup=0; item=Henderson; lead opendata.cityofhenderson.com Socrata + cityofhenderson.com/our-city/open-data (verify by fetch)
I5-Q058,arcgis-hub-search,https://www.arcgis.com/sharing/rest/search?q=%28camera+OR+cameras+OR+%22license+plate%22+OR+LPR+OR+ALPR+OR+ShotSpotter+OR+%22red+light%22+OR+%22green+light%22+OR+surveillance+OR+%22real+time+crime%22+OR+CCTV+OR+drone+OR+%22gunshot%22%29+AND+%28group%3A8cb298299eb94f6ab59d299ec26079e9+OR+group%3A27d0817bbe834765ad49000f49aa57b4+OR+group%3Aabb166cf677b4509819a119e85751f2f+OR+group%3A3942f3cb95fa4b9bbd80a9bdbe42cee3+OR+group%3A7d25cef53a9542438a3701afe64c9a85+OR+group%3A661447b0b2804c7abb864f991c1c2cc8+OR+group%3A752f9446f4b3477a9e23dd8ad4a7a0a0+OR+group%3A010ad7cc81ad4e78a44c9e9081ad4b7e+OR+group%3A0bc2f978499a474ab2f80a75fcc42af2+OR+group%3A13005e391be7421f8aa8a65d84e6ad22+OR+group%3Ad1881648950a4b25a3c2bcc71020621a+OR+group%3A68766b7a02944e359d57a2617c969ccd+OR+group%3A6dfff98aa5314c84bc10567e86a90d88+OR+group%3Afb15619f71d047a2b152fcaa57c1e837+OR+group%3A87bda5981f1e45649f6b069daa518558+OR+group%3A5acc1454360a4210958e2064a1d91956+OR+group%3A9e4f144789914d799e88be49c121eab8+OR+group%3A2345a736daea45dfa92b27c9cc25b626+OR+group%3Acc23ab05183f4786a805485943c9b8d6+OR+group%3A8c9c6d0ef3434041b84116fdff861259+OR+group%3A0920ec4e93fd439e92b66f3050ceb06b+OR+group%3A5e97d025a0fc40e5b2007510f21523be+OR+group%3Aa785e08a8f374696ae60aa6baf7d4c24+OR+group%3A3efd94fd9c074006973460c2f1783274+OR+orgid%3AnaGsY5NZWVbd6bwD+OR+orgid%3ApDAi2YK0L0QxVJHj+OR+orgid%3AMZl3VrkZJOk1VhY4+OR+orgid%3AA7KFW0gHh8qBaXk3+OR+orgid%3AIbNXlmt2RVVRCZ6M+OR+orgid%3Alx96Ahunbwmk5g5p+OR+orgid%3A9Nl857LBlQVyzq54+OR+orgid%3AwpJGOi6N4Rq5cqFv+OR+orgid%3AWHM6qC35aMtyAAlN%29+-type%3A%22Web+Mapping+Application%22+-type%3A%22Hub+Page%22&num=100&f=json,2026-09-30T18:16:22Z,8,"cell=I5-T00-C03-GL1; new=6; dup=2; item=city Hub content groups + 9 city orgs (surveillance term bundle); outcome=found; Cleveland UAS dashboard, Henderson CAPTURE, Omaha drone/cameras, Lincoln cameras, Charlotte SAR form (block, not a row), Greensboro LPR parking hint (block); dup=Omaha/Lincoln layers from Q054. WebSearch session cap hit at 2026-09-30T18:16:59Z (4 searches not performed, no ids assigned); status=200; sha256=9327f460d22c"
I5-Q059,legistar-api:charlottenc,"https://webapi.legistar.com/v1/charlottenc/matters?%24filter=substringof('camera',MatterTitle)%20or%20substringof('license%20plate',MatterTitle)%20or%20substringof('surveillance',MatterTitle)%20or%20substringof('ShotSpotter',MatterTitle)%20or%20substringof('drone',MatterTitle)%20or%20substringof('Flock',MatterTitle)%20or%20substringof('real%20time%20crime',MatterTitle)&%24top=200&%24orderby=MatterIntroDate%20desc",2026-09-30T18:17:34Z,1,cell=I5-T00-C07-GL1; new=1; dup=0; item=Charlotte; outcome=found; 19 matters; tenant charlottenc = Charlotte NC (registry row mislabelled charlotte_ia); status=200; sha256=411d75feff73
I5-Q060,legistar-api:cityofjerseycity,"https://webapi.legistar.com/v1/cityofjerseycity/matters?%24filter=substringof('camera',MatterTitle)%20or%20substringof('license%20plate',MatterTitle)%20or%20substringof('surveillance',MatterTitle)%20or%20substringof('ShotSpotter',MatterTitle)%20or%20substringof('drone',MatterTitle)%20or%20substringof('Flock',MatterTitle)%20or%20substringof('real%20time%20crime',MatterTitle)&%24top=200&%24orderby=MatterIntroDate%20desc",2026-09-30T18:17:37Z,0,cell=I5-T00-C07-GL1; new=0; dup=0; item=Jersey City; outcome=negative; Legistar client cityofjerseycity not provisioned (500 envelope); status=500; sha256=9e92db83c6e4
I5-Q061,legistar-api:newark,"https://webapi.legistar.com/v1/newark/matters?%24filter=substringof('camera',MatterTitle)%20or%20substringof('license%20plate',MatterTitle)%20or%20substringof('surveillance',MatterTitle)%20or%20substringof('ShotSpotter',MatterTitle)%20or%20substringof('drone',MatterTitle)%20or%20substringof('Flock',MatterTitle)%20or%20substringof('real%20time%20crime',MatterTitle)&%24top=200&%24orderby=MatterIntroDate%20desc",2026-09-30T18:17:39Z,1,cell=I5-T00-C07-GL1; new=1; dup=0; item=Newark; outcome=found; tenant newark = Newark NJ; 200 matters (cap); status=200; sha256=4531d327e16b
I5-Q062,legistar-api:stpete,"https://webapi.legistar.com/v1/stpete/matters?%24filter=substringof('camera',MatterTitle)%20or%20substringof('license%20plate',MatterTitle)%20or%20substringof('surveillance',MatterTitle)%20or%20substringof('ShotSpotter',MatterTitle)%20or%20substringof('drone',MatterTitle)%20or%20substringof('Flock',MatterTitle)%20or%20substringof('real%20time%20crime',MatterTitle)&%24top=200&%24orderby=MatterIntroDate%20desc",2026-09-30T18:17:57Z,0,cell=I5-T00-C07-GL1; new=0; dup=0; item=St. Petersburg; outcome=negative; Legistar client stpete not provisioned; status=500; sha256=c85760df366d
I5-Q063,legistar-api:nashville,"https://webapi.legistar.com/v1/nashville/matters?%24filter=(substringof('camera',MatterTitle)%20or%20substringof('license%20plate',MatterTitle)%20or%20substringof('LPR',MatterTitle)%20or%20substringof('surveillance',MatterTitle)%20or%20substringof('ShotSpotter',MatterTitle)%20or%20substringof('drone',MatterTitle)%20or%20substringof('facial%20recognition',MatterTitle)%20or%20substringof('Flock',MatterTitle)%20or%20substringof('Fusus',MatterTitle)%20or%20substringof('real%20time%20crime',MatterTitle))%20and%20MatterIntroDate%20ge%20datetime'2022-01-01'&%24top=200&%24orderby=MatterIntroDate%20desc",2026-09-30T18:21:39Z,2,cell=I5-T00-C07-GL1; new=2; dup=0; item=Nashville (known tenant); outcome=found; 58 matters since 2022; LPR pilot resolution RS2023-2342 -> ALPR council reports; status=200; sha256=f26d9761c56b
I5-Q064,legistar-api:detroit,"https://webapi.legistar.com/v1/detroit/matters?%24filter=(substringof('camera',MatterTitle)%20or%20substringof('license%20plate',MatterTitle)%20or%20substringof('LPR',MatterTitle)%20or%20substringof('surveillance',MatterTitle)%20or%20substringof('ShotSpotter',MatterTitle)%20or%20substringof('drone',MatterTitle)%20or%20substringof('facial%20recognition',MatterTitle)%20or%20substringof('Flock',MatterTitle)%20or%20substringof('Fusus',MatterTitle)%20or%20substringof('real%20time%20crime',MatterTitle))%20and%20MatterIntroDate%20ge%20datetime'2022-01-01'&%24top=200&%24orderby=MatterIntroDate%20desc",2026-09-30T18:21:42Z,0,cell=I5-T00-C07-GL1; new=0; dup=0; item=Detroit (known legistar tenant); outcome=negative; 0 matters since 2022 - legistar tenant appears stale (eScribe detroitmi current); status=200; sha256=4f53cda18c2b
I5-Q065,legistar-api:cityofcleveland,"https://webapi.legistar.com/v1/cityofcleveland/matters?%24filter=(substringof('camera',MatterTitle)%20or%20substringof('license%20plate',MatterTitle)%20or%20substringof('LPR',MatterTitle)%20or%20substringof('surveillance',MatterTitle)%20or%20substringof('ShotSpotter',MatterTitle)%20or%20substringof('drone',MatterTitle)%20or%20substringof('facial%20recognition',MatterTitle)%20or%20substringof('Flock',MatterTitle)%20or%20substringof('Fusus',MatterTitle)%20or%20substringof('real%20time%20crime',MatterTitle))%20and%20MatterIntroDate%20ge%20datetime'2022-01-01'&%24top=200&%24orderby=MatterIntroDate%20desc",2026-09-30T18:21:43Z,1,"cell=I5-T00-C07-GL1; new=1; dup=0; item=Cleveland (known tenant); outcome=found; 13 matters (Flock, ShotSpotter, Ring repeal); status=200; sha256=bbed1c5f4044"
I5-Q066,legistar-api:cabq,"https://webapi.legistar.com/v1/cabq/matters?%24filter=(substringof('camera',MatterTitle)%20or%20substringof('license%20plate',MatterTitle)%20or%20substringof('LPR',MatterTitle)%20or%20substringof('surveillance',MatterTitle)%20or%20substringof('ShotSpotter',MatterTitle)%20or%20substringof('drone',MatterTitle)%20or%20substringof('facial%20recognition',MatterTitle)%20or%20substringof('Flock',MatterTitle)%20or%20substringof('Fusus',MatterTitle)%20or%20substringof('real%20time%20crime',MatterTitle))%20and%20MatterIntroDate%20ge%20datetime'2022-01-01'&%24top=200&%24orderby=MatterIntroDate%20desc",2026-09-30T18:21:46Z,1,cell=I5-T00-C07-GL1; new=1; dup=0; item=Albuquerque (known tenant cabq); outcome=found; 3 matters (LPR purge R-23-159); status=200; sha256=865b1a5002a9
I5-Q067,arcgis-hub-search,https://hub.arcgis.com/api/search/v1/collections/all/items?q=camera%20OR%20cameras%20OR%20%22license%20plate%22%20OR%20drone%20OR%20ShotSpotter%20OR%20surveillance%20OR%20%22real%20time%20crime%22&filter=orgid%3D'2mOVdIcRtNH2JsSF'&limit=100,2026-09-30T18:22:56Z,0,"cell=I5-T00-C03-GL2; new=0; dup=0; item=Oklahoma City; outcome=negative; Hub v1 all-items with OR terms + filter=orgid - 0 matched (syntax unsupported, see Q068); status=200; sha256=0b715e4636ac"
I5-Q068,arcgis-hub-search,https://hub.arcgis.com/api/search/v1/collections/all/items?q=police&filter=orgid%20IN%20('2mOVdIcRtNH2JsSF')&limit=100,2026-09-30T18:23:04Z,0,cell=I5-T00-C03-GL2; new=0; dup=0; item=Oklahoma City; outcome=negative; Hub v1 filter orgid IN(...) q=police - 0 matched => filter param not honoured; method abandoned; status=200; sha256=7f816bcfe3c7
I5-Q069,arcgis-hub-search,https://data.okc.gov/api/search/v1/collections/all/items?q=camera&limit=50,2026-09-30T18:23:12Z,0,cell=I5-T00-C03-GL2; new=0; dup=0; item=Oklahoma City; outcome=negative; data.okc.gov site search q=camera -> 0; status=200; sha256=5e3917fb9bf2
I5-Q070,arcgis-hub-search,https://data.okc.gov/api/search/v1/collections/all/items?q=police&limit=50,2026-09-30T18:23:18Z,1,cell=I5-T00-C03-GL2; new=1; dup=0; item=Oklahoma City; outcome=found; control q=police -> 8 items (search works) => camera negative is real; status=200; sha256=336794395f10
I5-Q071,arcgis-hub-search,https://data.okc.gov/api/search/v1/collections/all/items?q=police%20OR%20drone%20OR%20surveillance%20OR%20%22license%20plate%22&limit=50,2026-09-30T18:23:31Z,0,"cell=I5-T00-C03-GL2; new=0; dup=0; item=Oklahoma City; outcome=negative; q=""police OR drone OR surveillance OR license plate"" -> 0 => Hub site search has no OR semantics; status=200; sha256=2e3543604d41"
I5-Q072,legistar-api:winston-salem,"https://webapi.legistar.com/v1/winston-salem/matters?%24filter=(substringof('camera',MatterTitle)%20or%20substringof('license%20plate',MatterTitle)%20or%20substringof('LPR',MatterTitle)%20or%20substringof('surveillance',MatterTitle)%20or%20substringof('ShotSpotter',MatterTitle)%20or%20substringof('drone',MatterTitle)%20or%20substringof('facial%20recognition',MatterTitle)%20or%20substringof('Flock',MatterTitle)%20or%20substringof('Fusus',MatterTitle)%20or%20substringof('real%20time%20crime',MatterTitle))%20and%20MatterIntroDate%20ge%20datetime'2022-01-01'&%24top=200&%24orderby=MatterIntroDate%20desc",2026-09-30T18:24:50Z,1,cell=I5-T00-C07-GL1; new=1; dup=0; item=Winston-Salem (known tenant); outcome=found; 10 matters; status=200; sha256=72c688eb81b9
I5-Q073,legistar-api:stpaul,"https://webapi.legistar.com/v1/stpaul/matters?%24filter=(substringof('camera',MatterTitle)%20or%20substringof('license%20plate',MatterTitle)%20or%20substringof('LPR',MatterTitle)%20or%20substringof('surveillance',MatterTitle)%20or%20substringof('ShotSpotter',MatterTitle)%20or%20substringof('drone',MatterTitle)%20or%20substringof('facial%20recognition',MatterTitle)%20or%20substringof('Flock',MatterTitle)%20or%20substringof('Fusus',MatterTitle)%20or%20substringof('real%20time%20crime',MatterTitle))%20and%20MatterIntroDate%20ge%20datetime'2022-01-01'&%24top=200&%24orderby=MatterIntroDate%20desc",2026-09-30T18:24:52Z,1,cell=I5-T00-C07-GL1; new=1; dup=0; item=St. Paul (known tenant); outcome=found; 5 matters; status=200; sha256=db21a64cc2f4
I5-Q074,legistar-api:madison,"https://webapi.legistar.com/v1/madison/matters?%24filter=(substringof('camera',MatterTitle)%20or%20substringof('license%20plate',MatterTitle)%20or%20substringof('LPR',MatterTitle)%20or%20substringof('surveillance',MatterTitle)%20or%20substringof('ShotSpotter',MatterTitle)%20or%20substringof('drone',MatterTitle)%20or%20substringof('facial%20recognition',MatterTitle)%20or%20substringof('Flock',MatterTitle)%20or%20substringof('Fusus',MatterTitle)%20or%20substringof('real%20time%20crime',MatterTitle))%20and%20MatterIntroDate%20ge%20datetime'2022-01-01'&%24top=200&%24orderby=MatterIntroDate%20desc",2026-09-30T18:24:55Z,1,cell=I5-T00-C07-GL1; new=1; dup=0; item=Madison (known tenant); outcome=found; 37 matters; status=200; sha256=d9ca2c0a81bd
I5-Q075,legistar-api:gilbert,"https://webapi.legistar.com/v1/gilbert/matters?%24filter=(substringof('camera',MatterTitle)%20or%20substringof('license%20plate',MatterTitle)%20or%20substringof('LPR',MatterTitle)%20or%20substringof('surveillance',MatterTitle)%20or%20substringof('ShotSpotter',MatterTitle)%20or%20substringof('drone',MatterTitle)%20or%20substringof('facial%20recognition',MatterTitle)%20or%20substringof('Flock',MatterTitle)%20or%20substringof('Fusus',MatterTitle)%20or%20substringof('real%20time%20crime',MatterTitle))%20and%20MatterIntroDate%20ge%20datetime'2022-01-01'&%24top=200&%24orderby=MatterIntroDate%20desc",2026-09-30T18:24:59Z,0,cell=I5-T00-C07-GL2; new=0; dup=0; item=Gilbert; outcome=negative; Legistar client gilbert not provisioned; status=500; sha256=bf7bf568b684
I5-Q076,legistar-api:chandler,"https://webapi.legistar.com/v1/chandler/matters?%24filter=(substringof('camera',MatterTitle)%20or%20substringof('license%20plate',MatterTitle)%20or%20substringof('LPR',MatterTitle)%20or%20substringof('surveillance',MatterTitle)%20or%20substringof('ShotSpotter',MatterTitle)%20or%20substringof('drone',MatterTitle)%20or%20substringof('facial%20recognition',MatterTitle)%20or%20substringof('Flock',MatterTitle)%20or%20substringof('Fusus',MatterTitle)%20or%20substringof('real%20time%20crime',MatterTitle))%20and%20MatterIntroDate%20ge%20datetime'2022-01-01'&%24top=200&%24orderby=MatterIntroDate%20desc",2026-09-30T18:25:00Z,0,cell=I5-T00-C07-GL2; new=0; dup=0; item=Chandler; outcome=negative; Legistar client chandler not provisioned; status=500; sha256=e2d1b1d86a56
I5-Q077,arcgis-hub-search,https://memphis-open-data-hub-memegis.hub.arcgis.com/api/search/v1/collections/all/items?q=camera&limit=50,2026-09-30T18:25:20Z,0,cell=I5-T00-C03-GL1; new=0; dup=0; item=Memphis; outcome=negative; Hub site q=camera -> 0; status=200; sha256=35b6a35277c5
I5-Q078,arcgis-hub-search,https://data-indygis.opendata.arcgis.com/api/search/v1/collections/all/items?q=camera&limit=50,2026-09-30T18:25:21Z,0,cell=I5-T00-C03-GL1; new=0; dup=0; item=Indianapolis; outcome=negative; Hub site q=camera -> 0; status=200; sha256=0b25908a6e1a
I5-Q079,arcgis-hub-search,https://gis2-cityoftulsa.opendata.arcgis.com/api/search/v1/collections/all/items?q=camera&limit=50,2026-09-30T18:25:22Z,0,cell=I5-T00-C03-GL1; new=0; dup=0; item=Tulsa; outcome=negative; Hub site q=camera -> 0; status=200; sha256=99fc0c3a6848
I5-Q080,arcgis-hub-search,https://norfolk-open-gis-data-3-orf.hub.arcgis.com/api/search/v1/collections/all/items?q=camera&limit=50,2026-09-30T18:25:24Z,0,cell=I5-T00-C03-GL1; new=0; dup=0; item=Norfolk; outcome=negative; Hub site q=camera -> 0; status=200; sha256=b4b9a050416d
I5-Q081,arcgis-hub-search,https://datanashvillegov-nashville.hub.arcgis.com/api/search/v1/collections/all/items?q=camera&limit=50,2026-09-30T18:25:25Z,0,cell=I5-T00-C03-GL1; new=0; dup=0; item=Nashville; outcome=negative; Hub site q=camera -> 0; status=200; sha256=726b6f26914b
I5-Q082,arcgis-hub-search,https://houston-mycity.opendata.arcgis.com/api/search/v1/collections/all/items?q=camera&limit=50,2026-09-30T18:25:27Z,0,cell=I5-T00-C03-GL1; new=0; dup=0; item=Houston; outcome=negative; Hub site q=camera -> 0; status=200; sha256=3e7b9a89260d
I5-Q083,arcgis-hub-search,https://opendataportal-lasvegas.opendata.arcgis.com/api/search/v1/collections/all/items?q=camera&limit=50,2026-09-30T18:25:28Z,0,cell=I5-T00-C03-GL1; new=0; dup=0; item=Las Vegas; outcome=negative; Hub site q=camera -> 0; status=200; sha256=80f50e5b1025
I5-Q084,arcgis-hub-search,https://data.virginiabeach.gov/api/search/v1/collections/all/items?q=camera&limit=50,2026-09-30T18:25:29Z,0,cell=I5-T00-C03-GL1; new=0; dup=0; item=Virginia Beach; outcome=negative; Hub site q=camera -> 0; status=200; sha256=ecd7fcb9a748
I5-Q085,arcgis-hub-search,https://data-cityofwichita.hub.arcgis.com/api/search/v1/collections/all/items?q=camera&limit=50,2026-09-30T18:25:31Z,0,cell=I5-T00-C03-GL1; new=0; dup=0; item=Wichita; outcome=negative; Hub site q=camera -> 1 non-surveillance (traffic counts); status=200; sha256=360c5b70b432
I5-Q086,arcgis-hub-search,https://data-tog.opendata.arcgis.com/api/search/v1/collections/all/items?q=camera&limit=50,2026-09-30T18:25:32Z,0,cell=I5-T00-C03-GL2; new=0; dup=0; item=Gilbert; outcome=negative; Hub site q=camera -> 0; status=200; sha256=2bb773189735
I5-Q087,opendatasoft:data.jerseycitynj.gov,"https://data.jerseycitynj.gov/api/explore/v2.1/catalog/datasets?where=%22camera%22%20OR%20%22surveillance%22%20OR%20%22license%20plate%22%20OR%20%22shotspotter%22%20OR%20%22drone%22%20OR%20%22real%20time%20crime%22&limit=50&select=dataset_id,metas.default.title,metas.default.modified,metas.default.license,metas.default.publisher",2026-09-30T18:25:45Z,0,cell=I5-CRES-CRES-GL1; new=0; dup=0; item=Jersey City; outcome=negative; ODS query malformed (select field) - 400; retried as Q089; status=400; sha256=224f415c2f1c
I5-Q088,ckan:data.houstontx.gov,https://data.houstontx.gov/api/3/action/package_search?q=camera%20OR%20surveillance%20OR%20%22license%20plate%22%20OR%20shotspotter%20OR%20drone&rows=50,2026-09-30T18:25:46Z,0,cell=I5-T00-C03-GL1; new=0; dup=0; item=Houston; outcome=negative; CKAN package_search bundle -> count 0; status=200; sha256=10df7008c23c
I5-Q089,opendatasoft:data.jerseycitynj.gov,https://data.jerseycitynj.gov/api/explore/v2.1/catalog/datasets?where=%22camera%22%20OR%20%22surveillance%22%20OR%20%22license%20plate%22%20OR%20%22shotspotter%22%20OR%20%22drone%22%20OR%20%22real%20time%20crime%22&limit=50,2026-09-30T18:26:01Z,0,"cell=I5-CRES-CRES-GL1; new=0; dup=0; item=Jersey City; outcome=negative; ODS catalog bundle (camera|surveillance|license plate|shotspotter|drone|real time crime) -> total_count 0 (residual probe, no yield -> stop); status=200; sha256=b40a5ce42459"
I5-Q090,legistar-api:lubbock,"https://webapi.legistar.com/v1/lubbock/matters?%24filter=(substringof('camera',MatterTitle)%20or%20substringof('license%20plate',MatterTitle)%20or%20substringof('LPR',MatterTitle)%20or%20substringof('surveillance',MatterTitle)%20or%20substringof('ShotSpotter',MatterTitle)%20or%20substringof('drone',MatterTitle)%20or%20substringof('facial%20recognition',MatterTitle)%20or%20substringof('Flock',MatterTitle)%20or%20substringof('Fusus',MatterTitle)%20or%20substringof('real%20time%20crime',MatterTitle))%20and%20MatterIntroDate%20ge%20datetime'2022-01-01'&%24top=200&%24orderby=MatterIntroDate%20desc",2026-09-30T18:26:02Z,0,"cell=I5-CRES-CRES-GL2; new=0; dup=0; item=Lubbock; outcome=negative; Legistar client lubbock not provisioned (residual GL2 probe, no yield -> stop); status=500; sha256=f4b1b0cd6091"
I5-Q091,WebSearch,Maricopa County Board of Supervisors meeting agendas portal legistar OR granicus OR novusagenda OR civicclerk,2026-09-30T18:09:34Z,1,cell=I5-T00-C07-GL3; new=1; dup=0; item=Maricopa County AZ; outcome=found (I5-C202 via F160)
I5-Q092,WebSearch,Orange County California Board of Supervisors agenda portal board.ocgov.com agenda items online,2026-09-30T18:09:34Z,1,cell=I5-T00-C07-GL3; new=1; dup=0; item=Orange County CA; outcome=found (I5-C203 via F161)
I5-Q093,WebSearch,Dallas County Commissioners Court agenda portal court orders online Tarrant County Commissioners Court agenda,2026-09-30T18:09:34Z,2,cell=I5-T00-C07-GL3; new=2; dup=0; item=Dallas County TX; outcome=found (I5-C205 via F162); item=Tarrant County TX; outcome=found (I5-C206 via F165)
I5-Q094,WebSearch,"Miami-Dade Board of County Commissioners agenda legislative search matters ""govaction""",2026-09-30T18:10:22Z,1,cell=I5-T00-C07-GL3; new=1; dup=0; item=Miami-Dade County FL; outcome=found (I5-C204 via F163)
I5-Q095,WebSearch,Riverside County Board of Supervisors agenda online rivcocob.org agenda system; Tarrant County Commissioners Court agenda online portal,2026-09-30T18:10:22Z,1,"cell=I5-T00-C07-GL3; new=1; dup=1; item=Riverside County CA; outcome=found-blocked (I5-C209 LEAD-ONLY, F164 403); Tarrant dup of Q093"
I5-Q096,WebSearch,Wayne County Commission Michigan meeting agendas online portal; Bexar County Commissioners Court agenda portal,2026-09-30T18:10:22Z,2,cell=I5-T00-C07-GL3; new=2; dup=0; item=Wayne County MI; outcome=found (I5-C208 via F167); item=Bexar County TX; outcome=found (I5-C207 via F166)
I5-Q097,arcgis-online-search,https://www.arcgis.com/sharing/rest/search?num=100&f=json&q=%28type%3A%22Hub%20Site%20Application%22%20OR%20type%3A%22Site%20Application%22%29%20AND%20%28title%3A%22Harris%20County%22%20OR%20title%3A%22Maricopa%20County%22%20OR%20title%3A%22Miami-Dade%22%20OR%20title%3A%22Dallas%20County%22%20OR%20title%3A%22Riverside%20County%22%20OR%20title%3A%22Clark%20County%22%20OR%20title%3A%22Tarrant%20County%22%20OR%20title%3A%22San%20Bernardino%20County%22%20OR%20title%3A%22Bexar%20County%22%20OR%20title%3A%22Santa%20Clara%20County%22%20OR%20title%3A%22Wayne%20County%22%20OR%20title%3A%22OC%20Public%20Works%22%20OR%20title%3A%22County%20of%20Orange%22%29,2026-09-30T18:12:50Z,8,"cell=I5-T00-C03-GL3; new=8; dup=0; AGOL sharing search for Hub/Site Applications titled with 12 top-county names (60 hits). item=Harris County TX; outcome=found (C210); item=Dallas County TX; outcome=found (C211); item=Riverside County CA; outcome=found (C212); item=Clark County NV; outcome=found (C213); item=Tarrant County TX; outcome=found (C214); item=San Bernardino County CA; outcome=found (C215); item=Bexar County TX; outcome=found (C216); item=Maricopa County AZ; outcome=found (C217, Assessor site, restrictive licence); item=Orange County CA; outcome=negative (only OCPW civic-center hub); item=Miami-Dade County FL; outcome=negative (only small MDC programme hubs; main portal not in results); item=Wayne County MI; outcome=negative (Wayne hubs are NC/IA/IL/OH); item=Santa Clara County CA; outcome=negative-in-AGOL (Public Health hub only; Socrata see Q100); status=200; sha256=4735dc7baf4c"
I5-Q098,arcgis-online-search,https://www.arcgis.com/sharing/rest/search?num=100&f=json&q=%28type%3A%22Feature%20Service%22%20OR%20type%3A%22Map%20Service%22%29%20AND%20%28title%3Acamera%20OR%20title%3Acameras%20OR%20title%3A%22license%20plate%22%20OR%20title%3ALPR%20OR%20title%3AALPR%20OR%20title%3Asurveillance%20OR%20title%3A%22real%20time%20crime%22%20OR%20title%3Adrone%20OR%20title%3AShotSpotter%20OR%20title%3A%22sheriff%22%29%20AND%20%28%22Harris%20County%22%20OR%20%22Maricopa%20County%22%20OR%20%22Miami-Dade%22%20OR%20%22Dallas%20County%22%20OR%20%22Riverside%20County%22%20OR%20%22Clark%20County%22%20OR%20%22Tarrant%20County%22%20OR%20%22San%20Bernardino%20County%22%20OR%20%22Bexar%20County%22%20OR%20%22Santa%20Clara%20County%22%20OR%20%22Wayne%20County%22%20OR%20%22Orange%20County%22%29,2026-09-30T18:13:09Z,2,"cell=I5-T00-C03-GL3; new=2; dup=0; AGOL title-term bundle (camera|license plate|LPR|ALPR|surveillance|real time crime|drone|ShotSpotter|sheriff) AND 12 county names, Feature/Map services: 27 hits, mostly disease 'surveillance' noise. Surveillance-relevant county layers for the 12 top counties: negative. Kept out-of-cell: C219 (ACCPD Flock, →I3), C220 (Corona CA cameras, →I3). excluded: FCD flood cameras (Maricopa FCD; not police surveillance); sheriff boundary/substation layers (not surveillance tech); status=200; sha256=31cd8c56c6ca"
I5-Q099,socrata-discovery,"https://api.us.socrata.com/api/catalog/v1?domains=data.sccgov.org,opendata.miamidade.gov,datacatalog.cookcountyil.gov,data.kingcounty.gov,data.montgomerycountymd.gov,data.princegeorgescountymd.gov,data.sandiegocounty.gov,data.acgov.org,data.countyofriverside.us,data.waynecounty.com&q=camera&limit=100",2026-09-30T18:13:26Z,0,cell=I5-T00-C03-GL3; new=0; dup=0; Socrata discovery multi-domain -> 404 'Domain not found: opendata.miamidade.gov' (one unknown domain voids the whole query). item=Miami-Dade County FL; outcome=negative (opendata.miamidade.gov is not a Socrata domain); status=404; sha256=d3435c258d36
I5-Q100,socrata-discovery,https://api.us.socrata.com/api/catalog/v1?domains=data.sccgov.org&q=surveillance&limit=50,2026-09-30T18:13:38Z,1,cell=I5-T00-C03-GL3; new=1; dup=0; Socrata domains=data.sccgov.org q=surveillance -> resultSetSize 0. item=Santa Clara County CA; outcome=found (portal identity C218; 0 surveillance datasets); status=200; sha256=74a26c2678d3
I5-Q101,WebSearch,Maricopa County Sheriff's Office policy manual online policies; Harris County Sheriff's Office general orders policy manual public,2026-09-30T18:14:09Z,1,cell=I5-T00-C05-GL3; new=1; dup=0; item=Maricopa County AZ; outcome=found (I5-C221 via F169); item=Harris County TX; outcome=negative (no online HCSO manual in results; MuckRock PIA requests only — leads not fetched)
I5-Q102,WebSearch,Harris County Purchasing Agent solicitations bid portal; Maricopa County Office of Procurement Services solicitations portal,2026-09-30T18:14:09Z,2,cell=I5-T00-C09-GL3; new=2; dup=0; item=Harris County TX; outcome=found (I5-C222 via F170); item=Maricopa County AZ; outcome=found (I5-C223 via F171)
I5-Q103,WebSearch,"county ""Commissioners Court"" OR ""Board of Supervisors"" approves sheriff ""license plate"" OR drone OR ""facial recognition"" OR ShotSpotter OR ""real time crime center"" contract 2025 Harris OR Bexar OR Tarrant OR Riverside OR ""San Bernardino""",2026-09-30T18:14:09Z,1,"cell=I5-CRES-CRES-GL3; new=1; dup=0; residual bundle probe yielded (I5-C224 via F172); further leads NOT fetched (budget): San Bernardino BoS Flock MSA 2025-06-18, San José Spotlight Santa Clara County LPR expansion, KALW Alameda County surveillance-camera contract 2026-04-22, media.rivcocob.org 2021 proceeds PDF"
I5-Q104,socrata-discovery,https://api.us.socrata.com/api/catalog/v1?domains=data.pr.gov&q=policia&limit=50,2026-09-30T18:17:12Z,0,cell=I5-T00-C03-GT; new=0; dup=0; Socrata domains=data.pr.gov -> 404 'Domain not found: data.pr.gov'. item=US-PR; outcome=negative (not Socrata); supports C240; status=404; sha256=416ea3e84e00
I5-Q105,arcgis-online-search,https://www.arcgis.com/sharing/rest/search?num=100&f=json&q=%28type%3A%22Feature%20Service%22%20OR%20type%3A%22Map%20Service%22%29%20AND%20%28title%3Acamara%20OR%20title%3Acamaras%20OR%20title%3Acamera%20OR%20title%3Acameras%20OR%20title%3A%22license%20plate%22%20OR%20title%3Atablillas%20OR%20title%3Asurveillance%20OR%20title%3Avigilancia%20OR%20title%3AShotSpotter%20OR%20title%3Apolicia%20OR%20title%3Apolice%20OR%20title%3Adrone%29%20AND%20%28%22Puerto%20Rico%22%20OR%20Guam%20OR%20%22Virgin%20Islands%22%20OR%20%22American%20Samoa%22%20OR%20%22Northern%20Mariana%22%20OR%20Saipan%29,2026-09-30T18:17:14Z,0,"cell=I5-T00-C03-GT; new=0; dup=0; AGOL title-term bundle (camara|camera|license plate|tablillas|surveillance|vigilancia|ShotSpotter|policia|police|drone) AND (Puerto Rico|Guam|Virgin Islands|American Samoa|Northern Mariana|Saipan): 283 hits, no territorial surveillance-technology layer. item=US-PR; outcome=negative (only 'Servicio Incidencia Criminal Policia PR' at crimemapping.policia.pr.gov — excluded:not-surveillance-class (crime incidence map), noted as PR Police GIS lead); item=US-VI; outcome=negative (FEMA Police_Stations_USVI only); item=US-GU; outcome=negative; item=US-AS; outcome=negative; item=US-MP; outcome=negative; status=200; sha256=08ad3ca126da"
I5-Q106,arcgis-online-search,https://www.arcgis.com/sharing/rest/search?num=100&f=json&q=%28type%3A%22Feature%20Service%22%20OR%20type%3A%22Map%20Service%22%20OR%20type%3A%22Web%20Map%22%29%20AND%20%28title%3Acamera%20OR%20title%3Acameras%20OR%20title%3A%22license%20plate%22%20OR%20title%3ALPR%20OR%20title%3AALPR%20OR%20title%3AFlock%20OR%20title%3Asurveillance%20OR%20title%3Adrone%20OR%20title%3A%22real%20time%20crime%22%29%20AND%20%28tribal%20OR%20tribe%20OR%20%22tribal%20police%22%20OR%20%22Indian%20Community%22%20OR%20pueblo%20OR%20rancheria%20OR%20%22band%20of%22%29,2026-09-30T18:17:15Z,0,"cell=I5-CRES-CRES-GT; new=0; dup=0; residual bundle probe (AGOL): camera|license plate|LPR|ALPR|Flock|surveillance|drone|real time crime AND tribal|tribe|Indian Community|pueblo|rancheria|band of: 22 hits; no tribal police surveillance layer. excluded:not-surveillance-class — Muckleshoot tribal-campus drone orthoimagery, Coeur d'Alene Tribe drone flight-request layer, MHA Nation drone flight checklist (mapping/natural-resource context, inference), UMN MN tribal/rural pedestrian research cameras, Kalispel 'LPR' = floodplain. Residual did not yield -> no P3 continuation; status=200; sha256=9e92942e5f47"
I5-Q107,site-search:periodismoinvestigativo.com,https://periodismoinvestigativo.com/?s=ShotSpotter,2026-09-30T18:18:42Z,1,cell=I5-T00-C14-GT; new=1; dup=0; CPI site search ?s=ShotSpotter -> 403 Cloudflare challenge; host stop-listed; recorded as LEAD-ONLY C242. item=US-PR journalism; outcome=blocked; status=403; sha256=ab66ce8ca60f
I5-Q108,site-search:guamlegislature.gov,https://guamlegislature.gov/?s=surveillance,2026-09-30T18:18:44Z,1,"cell=I5-T00-C11-GT; new=1; dup=0; Guam Legislature site search ?s=surveillance -> 200 'One moment, please...' JS interstitial (treated as challenge, not retried); LEAD-ONLY C241. item=US-GU legislation; outcome=blocked; status=200; sha256=17b6c352cc88"
I5-Q109,site-search:sutra.oslpr.org,https://sutra.oslpr.org/medidas?frase_titulo=c%C3%A1maras%20de%20seguridad,2026-09-30T18:19:22Z,2,"cell=I5-T00-C11-GT; new=2; dup=0; SUTRA frase_titulo='cámaras de seguridad' -> 4 records: kept RC0740 (C230), RCS0198 (C231); excluded:not-surveillance-infrastructure RC0566 (hidden cameras in short-term rentals, voyeurism), RCC0317 (maritime safety buoys); status=200; sha256=4902d6ecda5d"
I5-Q110,site-search:sutra.oslpr.org,https://sutra.oslpr.org/medidas?frase_titulo=tablillas,2026-09-30T18:19:51Z,2,"cell=I5-T00-C11-GT; new=2; dup=0; SUTRA frase_titulo='tablillas' -> 5 records: kept RC0787 (C228), RS0604 (C229); excluded:vehicle-registration-not-surveillance PC0410 (fine incentives), PC0468 (two plates per vehicle), PC1035 (military vanity plates); status=200; sha256=d53e7bcc76eb"
I5-Q111,site-search:sutra.oslpr.org,https://sutra.oslpr.org/medidas?frase_titulo=reconocimiento%20facial,2026-09-30T18:19:53Z,0,"cell=I5-T00-C11-GT; new=0; dup=2; SUTRA frase_titulo='reconocimiento facial' -> 2 records (RC0787, RS0604; dup of Q110); status=200; sha256=68e3329a7691"
I5-Q112,site-search:sutra.oslpr.org,https://sutra.oslpr.org/medidas?frase_titulo=vigilancia,2026-09-30T18:20:16Z,2,"cell=I5-T00-C11-GT; new=2; dup=0; SUTRA frase_titulo='vigilancia' -> 22 records, first page (5) read only (capped): kept PC0560 (C232), PC0489 (C233); excluded:not-surveillance-infrastructure PC0015 (domestic-violence law technical amendments), PC0096 (title truncated, unrelated), PC0236 (suicide-prevention epidemiological 'vigilancia'); 17 records not reached; status=200; sha256=d89623c2f595"
I5-Q113,WebSearch,Metropolitan Police live facial recognition deployment record 2025 published list of deployments,2026-09-30T18:07:59Z,1,cell=I5-T00-C04-GI1; new=1; dup=0; cands=I5-C308; outcome=lead; Met LFR deployment records + Met FOI disclosure lead; origin met.police.uk 403 challenge (F191) -> LEAD-ONLY row
I5-Q114,WebSearch,Information and Privacy Commissioner of Ontario OR BC OIPC investigation report police licence plate recognition OR facial recognition 2024 2025,2026-09-30T18:07:59Z,0,"cell=I5-T00-C04-GI1; new=0; dup=0; cands=none; outcome=negative; only pre-2022 OIPC BC/AB items (ICBC FRT 2011, ALPR 2012, Clearview 2021); no 2024-25 provincial IPC LPR/FRT report surfaced; not fetched (budget)"
I5-Q115,WebSearch,NZ Police emergent technology stocktake ANPR Auror SaferCities Privacy Commissioner inquiry,2026-09-30T18:07:59Z,4,"cell=I5-T00-C04-GI1; new=4; dup=0; cands=I5-C300,I5-C301,I5-C302,I5-C339; outcome=found; NZ Police emergent-technology releases + ANPR platform audits; IPCA 2020 summary and DocumentCloud copies (mirrors, not used)"
I5-Q116,WebSearch,National ANPR Service number of cameras reads per day statistics Home Office NPCC 2025,2026-09-30T18:07:59Z,1,"cell=I5-T00-C04-GI1; new=1; dup=0; cands=I5-C309; outcome=lead; UK NAS volume leads (gov 2024: 18,000 cameras / 80M reads per day; 2025 notice ~100M reads/day) — find-tender 403 (F194); counts NOT verified"
I5-Q117,WebSearch,OAIC determination facial recognition Bunnings Kmart 2024 2025 Commissioner initiated investigation,2026-09-30T18:08:41Z,1,cell=I5-T00-C04-GI1; new=1; dup=0; cands=I5-C305; outcome=found; OAIC Kmart (Aug 2025) and Bunnings (Nov 2024) determinations; law-firm commentary excluded:secondary
I5-Q118,WebSearch,Scottish Biometrics Commissioner assurance review Police Scotland retrospective facial recognition report 2025,2026-09-30T18:08:41Z,1,cell=I5-T00-C04-GI1; new=1; dup=0; cands=I5-C303; outcome=found; Scottish Biometrics Commissioner joint assurance review; SPA/newsletter/minutes leads not fetched
I5-Q119,WebSearch,"Office of the Privacy Commissioner of Canada investigation RCMP facial recognition OR ""licence plate"" report of findings 2025",2026-09-30T18:08:41Z,1,cell=I5-T00-C04-GI1; new=1; dup=0; cands=I5-C304; outcome=found; OPC 2021 RCMP/Clearview special report (baseline); news coverage excluded:secondary
I5-Q120,WebSearch,An Garda Síochána facial recognition technology bill 2025 Data Protection Commission Garda CCTV ANPR report,2026-09-30T18:09:41Z,1,cell=I5-T00-C04-GI1; new=1; dup=0; cands=I5-C306; outcome=found; Oireachtas L&RS briefing paper; IHREC/gov.ie press leads not fetched
I5-Q121,WebSearch,South Wales Police OR Essex Police live facial recognition deployments table date location watchlist size alerts published,2026-09-30T18:09:41Z,0,cell=I5-T00-C04-GI1; new=0; dup=0; cands=none; outcome=negative; no published per-deployment LFR table surfaced for SWP/Essex (vendor case studies + news only; excluded:marketing/secondary); cell C04-GI1 now 9 queries = 1 over q_max 8 (protocol deviation noted in notes.md)
I5-Q122,ckan:open.canada.ca,https://open.canada.ca/data/api/3/action/package_search?q=%22surveillance%20camera%22%20OR%20CCTV%20OR%20%22licence%20plate%22&rows=25,2026-09-30T18:10:08Z,0,cell=I5-T00-C03-GI1; new=0; dup=0; cands=none; status=200; sha256=a6e8f45254b0; outcome=negative(syntax-caveat); open.canada.ca package_search count=0 for quoted-OR bundle; not re-run (budget)
I5-Q123,ckan:data.gov.uk,https://data.gov.uk/api/action/package_search?q=CCTV&rows=25,2026-09-30T18:10:08Z,14,"cell=I5-T00-C03-GI1; new=14; dup=4; cands=I5-C310,I5-C311,I5-C312,I5-C313,I5-C314,I5-C315,I5-C316,I5-C317,I5-C318,I5-C319,I5-C320,I5-C321,I5-C322,I5-C323; status=200; sha256=4b9a3844f910; outcome=found; count=56; dups: Plymouth same-as camreg_plymouth_gb, York same-as camreg_york_gb, Lambeth related camreg_lambeth_gb, Durham (Data Mill North) related camreg_durham_gb"
I5-Q124,ckan:data.gov.au,https://data.gov.au/data/api/3/action/package_search?q=CCTV&rows=25,2026-09-30T18:10:08Z,9,"cell=I5-T00-C03-GI1; new=9; dup=1; cands=I5-C324,I5-C325,I5-C326,I5-C327,I5-C328,I5-C329,I5-C330,I5-C331,I5-C332; status=200; sha256=5f255b7f9c58; outcome=found; count=164 (noisy); MBRC same-as camreg_mbrc_au"
I5-Q125,ckan:catalogue.data.govt.nz,https://catalogue.data.govt.nz/api/3/action/package_search?q=CCTV&rows=25,2026-09-30T18:10:08Z,0,cell=I5-T00-C03-GI1; new=0; dup=0; cands=none; status=200; sha256=2563475e6c6e; outcome=blocked; catalogue.data.govt.nz Incapsula challenge -> host stop-listed; NZ national open-data channel not reached
I5-Q126,ckan:data.gov.ie,https://data.gov.ie/api/3/action/package_search?q=CCTV&rows=25,2026-09-30T18:10:08Z,1,cell=I5-T00-C03-GI1; new=1; dup=0; cands=I5-C333; status=200; sha256=fa92edf4c874; outcome=found; count=2 (1 relevant)
I5-Q127,open-canada-search:contracts,https://search.open.canada.ca/contracts/?search_text=%22licence+plate%22+OR+%22facial+recognition%22+OR+surveillance,2026-09-30T18:11:18Z,1,"cell=I5-T00-C08-GI1; new=1; dup=0; cands=I5-C334; status=200; sha256=9574c5699aba; outcome=found; 292 hits; noisy (French ""surveillance"")"
I5-Q128,alaveteli-search:whatdotheyknow.com,https://www.whatdotheyknow.com/search/%22ANPR%20cameras%22%20police/requests,2026-09-30T18:11:41Z,1,cell=I5-T00-C13-GI1; new=1; dup=0; cands=I5-C340; status=403; sha256=9b58d079c941; outcome=blocked; whatdotheyknow.com 403 challenge -> stop-listed; LEAD-ONLY row
I5-Q129,open-canada-search:ati,https://search.open.canada.ca/ati/?search_text=%22facial+recognition%22+OR+%22licence+plate%22,2026-09-30T18:11:41Z,1,cell=I5-T00-C13-GI1; new=1; dup=0; cands=I5-C338; status=200; sha256=8a11727c0281; outcome=found; 44 ATI summaries; JSON export link on page
I5-Q130,WebSearch,Big Brother Watch live facial recognition tracker police deployments map 2026,2026-09-30T18:12:01Z,0,cell=I5-T00-C14-GI1; new=0; dup=0; cands=none; outcome=negative; no Big Brother Watch LFR deployment tracker/dataset surfaced (press releases only); not fetched
I5-Q131,WebSearch,"council cabinet report ANPR cameras OR ""public space CCTV"" upgrade moderngov mgIssueHistoryHome OR ieListDocuments 2025",2026-09-30T18:12:01Z,1,"cell=I5-T00-C07-GI1; new=1; dup=0; cands=I5-C342; outcome=blocked; ModernGov tenants surfaced (Merton, Chichester, Hart, Reigate & Banstead, Wyre, South Kesteven, Melton); two fetched -> 403/challenge; LEAD-ONLY row"
I5-Q132,WebSearch,crowdsourced map ANPR cameras United Kingdom OR Australia OpenStreetMap surveillance cameras project,2026-09-30T18:12:01Z,1,cell=I5-T00-C15-GI1; new=1; dup=0; cands=I5-C343; outcome=found; OzWatch (AU); UK Loomio ANPR-mapping thread = lead only (excluded:discussion forum)
I5-Q133,WebSearch,"""Surveillance Camera Code of Practice"" self-assessment completed published council CCTV annual report 2025",2026-09-30T18:12:01Z,1,cell=I5-CRES-CRES-GI1; new=1; dup=0; cands=I5-C344; outcome=found; council CCTV annual reports / SC Code self-assessment family (Sevenoaks verified; others leads)
I5-Q134,WebSearch,Camera in Beeld politie aantal geregistreerde camera's 2025 registratie particuliere camera,2026-09-30T18:12:59Z,1,"cell=I5-T00-C04-GI2; new=1; dup=0; cands=I5-C346; outcome=found; Camera in Beeld programme (counts via NOS/NH Nieuws news = leads, not fetched)"
I5-Q135,WebSearch,"data protection authority fine municipality facial recognition OR ""video surveillance"" AI project decision 2024 2025 Garante Trento OR AEPD OR CNIL OR IMY",2026-09-30T18:12:59Z,1,cell=I5-T00-C04-GI2; new=1; dup=0; cands=I5-C347; outcome=found; Garante Trento decision; statewatch.org page returned a JS challenge (F209) -> manually stop-listed; decision fetched at Garante docweb
I5-Q136,dataeuropa-hub-search:data.europa.eu,https://data.europa.eu/api/hub/search/search?q=cctv%20OR%20videosorveglianza%20OR%20videovigilancia%20OR%20vid%C3%A9oprotection%20OR%20cameratoezicht%20OR%20Video%C3%BCberwachung%20OR%20videoovervaagning&filter=dataset&limit=50,2026-09-30T18:13:49Z,13,"cell=I5-T00-C03-GI2; new=13; dup=21; cands=I5-C348,I5-C349,I5-C350,I5-C351,I5-C352,I5-C353,I5-C354,I5-C355,I5-C356,I5-C357,I5-C358,I5-C359,I5-C360; status=200; sha256=bb6886715953; outcome=found; count=148 multilingual; dup counts data.gov.uk/data.gov.ie records already seen in Q123/Q126; Bulgaria register skipped (personal-name publisher field)"
I5-Q137,fragdenstaat-api,https://fragdenstaat.de/api/v1/request/search/?q=Kennzeichenerfassung%20OR%20Gesichtserkennung%20OR%20Video%C3%BCberwachung&limit=30,2026-09-30T18:13:49Z,1,cell=I5-T00-C13-GI2; new=1; dup=0; cands=I5-C362; status=200; sha256=486c095d3d8c; outcome=negative(syntax-caveat); FragDenStaat search total_count=0 for OR bundle; re-run single-term as Q146
I5-Q138,WebSearch,"contrataciondelestado.es licitación videovigilancia ""lectura de matrículas"" policía local ayuntamiento 2025",2026-09-30T18:14:32Z,1,"cell=I5-T00-C08-GI2; new=1; dup=0; cands=I5-C361; outcome=found; Spanish municipal LPR/CCTV tenders (Dénia, Zaragoza, Mont-roig, Illescas via Gobierto) — PLACE origin not fetched"
I5-Q139,WebSearch,"AlgorithmWatch OR EDRi OR ""Reclaim Your Face"" database map of biometric mass surveillance deployments Europe dataset",2026-09-30T18:14:32Z,0,cell=I5-T00-C14-GI2; new=0; dup=0; cands=none; outcome=negative; no EU-level biometric-deployment dataset/map from EDRi/AlgorithmWatch/Reclaim Your Face (campaign pages only)
I5-Q140,site-search:algoritmes.overheid.nl,https://algoritmes.overheid.nl/nl/algoritme?SearchText=camera,2026-09-30T18:13:49Z,1,"cell=I5-CRES-CRES-GI2; new=1; dup=0; cands=I5-C363; status=200; sha256=ef8526d98f65; outcome=found(channel-identity); Algoritmeregister reachable (1,573 records) but SearchText param not honoured"
I5-Q141,WebSearch,Information Regulator South Africa Vumacam licence plate recognition assessment OR enforcement notice,2026-09-30T18:14:32Z,0,"cell=I5-T00-C04-GI3; new=0; dup=0; cands=none; outcome=negative; no Information Regulator (ZA) Vumacam decision/assessment surfaced; journalism only (Daily Maverick 2021: >2,000 ALPR cameras — lead, unverified)"
I5-Q142,socrata-soql:datos.gov.co,https://www.datos.gov.co/resource/p6dx-8zbt.json?$select=count(*)&$q=videovigilancia,2026-09-30T18:13:49Z,1,"cell=I5-T00-C08-GI3; new=1; dup=0; cands=I5-C364; status=200; sha256=054a3cb5902b; outcome=found; SECOP II count(*)=1196 for videovigilancia (count-only query, no rows)"
I5-Q143,WebSearch,"O Panóptico CESeC monitor reconhecimento facial Brasil projetos dados OR ""Project Panoptic"" Internet Freedom Foundation tracker",2026-09-30T18:14:32Z,1,cell=I5-T00-C14-GI3; new=1; dup=0; cands=I5-C365; outcome=found; O Panóptico (BR); IFF Panoptic not in results (captured from I2 crosswalk L401)
I5-Q144,WebSearch,Buenos Aires Sistema de Reconocimiento Facial de Prófugos fallo inconstitucional Cámara 2025 auditoría,2026-09-30T18:14:32Z,1,cell=I5-CRES-CRES-GI3; new=1; dup=0; cands=I5-C367; outcome=found; Buenos Aires SRFP judgment via FPF blog -> CELS-hosted PDF
I5-Q145,parliament-wqa-api,https://questions-statements-api.parliament.uk/api/writtenquestions/questions?searchTerm=ANPR%20cameras&take=20&expandMember=false,2026-09-30T18:15:57Z,1,cell=I5-CRES-CRES-GI1; new=1; dup=0; cands=I5-C345; status=200; sha256=b3467ebc4496; outcome=found(channel-identity); totalResults=1048 (fuzzy)
I5-Q146,fragdenstaat-api,https://fragdenstaat.de/api/v1/request/search/?q=Kennzeichenerfassung,2026-09-30T18:15:57Z,0,cell=I5-T00-C13-GI2; new=0; dup=0; cands=none; status=200; sha256=84b044b4d093; outcome=found; total_count=3028 fuzzy; relevant KESY/Köln plate-capture requests present
I5-Q147,arcgis-hub-search,https://hub.arcgis.com/api/search/v1/collections/site/items?q=Frisco%20Texas&limit=20,2026-09-30T18:40:42Z,0,cell=I5-T00-C03-GL1; new=0; dup=0; status=200; sha256=5ed03e034a83; orchestrator top-up (Part B not-reached item); item=Frisco; outcome=negative (1 match = Town of Little Elm; weak negative: hub site search only)
I5-Q148,arcgis-hub-search,https://hub.arcgis.com/api/search/v1/collections/site/items?q=Hialeah&limit=20,2026-09-30T18:40:49Z,0,cell=I5-T00-C03-GL1; new=0; dup=0; status=200; sha256=d6fbfa2a2349; orchestrator top-up; item=Hialeah; outcome=negative (0 hub sites; weak negative)
I5-Q149,socrata-discovery,https://api.us.socrata.com/api/catalog/v1/domains?limit=2000,2026-09-30T18:03:18Z,0,"cell=I5-T00-C03-GL1; new=0; dup=0; status=404; sha256=51d0a9e3bd9f; inventory-first attempt at the Socrata domain inventory: endpoint answers {""error"":""not found""}"
I5-Q150,socrata-discovery,https://api.us.socrata.com/api/catalog/v1/domains,2026-09-30T18:03:23Z,0,cell=I5-T00-C03-GL1; new=0; dup=0; status=404; sha256=51d0a9e3bd9f; same endpoint without params: 404 -> per-domain catalog queries used instead
I5-F001,curl-fetch,https://services1.arcgis.com/NXmBVyW5TaiCXqFs/arcgis/rest/services/ITS_DeviceList/FeatureServer/0?f=json,2026-09-30T18:07:07Z,,"cell=I5-T08-C03-GD; cand=none; status=200; sha256=abf924a54186; ITS_DeviceList layer 0 = 400 ""layer not found"" (body in 200)"
I5-F002,curl-fetch,https://services1.arcgis.com/NXmBVyW5TaiCXqFs/arcgis/rest/services/ITS_DeviceList/FeatureServer?f=json,2026-09-30T18:07:15Z,,cell=I5-T08-C03-GD; cand=I5-C001; status=200; sha256=11ebefbfebc5; VTrans service root (layer id 1)
I5-F003,curl-fetch,https://services1.arcgis.com/NXmBVyW5TaiCXqFs/arcgis/rest/services/ITS_DeviceList/FeatureServer/1?f=json,2026-09-30T18:07:23Z,,cell=I5-T08-C03-GD; cand=I5-C001; status=200; sha256=8f57c0746e61; VTrans layer fields
I5-F004,curl-fetch,https://services1.arcgis.com/NXmBVyW5TaiCXqFs/arcgis/rest/services/ITS_DeviceList/FeatureServer/1/query?where=1%3D1&groupByFieldsForStatistics=device_type&outStatistics=%5B%7B%22statisticType%22%3A%22count%22%2C%22onStatisticField%22%3A%22OBJECTID%22%2C%22outStatisticFieldName%22%3A%22n%22%7D%5D&f=json,2026-09-30T18:07:30Z,,cell=I5-T08-C03-GD; cand=I5-C001; status=200; sha256=3fb6a985f495; VTrans groupBy device_type counts
I5-F005,curl-fetch,https://services2.arcgis.com/67lKNkQ2TO1I3lhR/arcgis/rest/services/MiDrive%20Cameras/FeatureServer/0?f=json,2026-09-30T18:08:21Z,,cell=I5-T08-C03-GD; cand=I5-C002; status=200; sha256=3623b83f46a8; MiDrive layer metadata
I5-F006,curl-fetch,https://services2.arcgis.com/67lKNkQ2TO1I3lhR/arcgis/rest/services/MiDrive%20Cameras/FeatureServer/0/query?where=1%3D1&returnCountOnly=true&f=json,2026-09-30T18:08:23Z,,cell=I5-T08-C03-GD; cand=I5-C002; status=200; sha256=31c40ae44ae6; MiDrive count 681
I5-F007,curl-fetch,https://enterprise.firstmap.delaware.gov/arcgis/rest/services/Transportation/DE_TMC_Traffic_Feeds/FeatureServer/1?f=json,2026-09-30T18:09:37Z,,cell=I5-T08-C03-GD; cand=I5-C004; status=200; sha256=ae2a49b6e6c5; FirstMap production DE_TMC_Traffic_Feeds = service not found
I5-F008,curl-fetch,https://enterprise.firstmaptest.delaware.gov/arcgis/rest/services/Transportation/DE_TMC_Traffic_Feeds/FeatureServer/1?f=json,2026-09-30T18:09:48Z,,cell=I5-T08-C03-GD; cand=I5-C004; status=200; sha256=674744b19b0b; firstmaptest DelDOT Traffic Cameras metadata
I5-F009,curl-fetch,https://enterprise.firstmaptest.delaware.gov/arcgis/rest/services/Transportation/DE_TMC_Traffic_Feeds/FeatureServer/1/query?where=1%3D1&returnCountOnly=true&returnExtentOnly=true&f=json,2026-09-30T18:09:49Z,,cell=I5-T08-C03-GD; cand=I5-C004; status=200; sha256=ef74e8372aa6; firstmaptest count 360
I5-F010,curl-fetch,https://enterprise.firstmap.delaware.gov/arcgis/rest/services/Transportation/DE_Boundary_and_Point/MapServer/26?f=json,2026-09-30T18:09:57Z,,cell=I5-T08-C03-GD; cand=I5-C003; status=200; sha256=65f2b11f2c65; FirstMap Traffic Devices - CAMERA metadata
I5-F011,curl-fetch,https://enterprise.firstmap.delaware.gov/arcgis/rest/services/Transportation/DE_Boundary_and_Point/MapServer/26/query?where=1%3D1&returnCountOnly=true&f=json,2026-09-30T18:09:59Z,,cell=I5-T08-C03-GD; cand=I5-C003; status=200; sha256=6469c5eb1d9a; FirstMap camera count 445
I5-F012,curl-fetch,https://enterprise.firstmap.delaware.gov/arcgis/rest/services/Transportation/DE_Boundary_and_Point/MapServer?f=json,2026-09-30T18:10:06Z,,"cell=I5-T08-C03-GD; cand=I5-C003,I5-C005; status=200; sha256=848ec9163d5d; FirstMap DE_Boundary_and_Point layer list"
I5-F013,curl-fetch,https://www.arcgis.com/sharing/rest/content/items/93796c0eadc6427b8236f5aaf0d1431c?f=json,2026-09-30T18:10:17Z,,cell=I5-T08-C03-GD; cand=I5-C006; status=200; sha256=4c4ee380e1ef; NM item metadata
I5-F014,curl-fetch,https://services9.arcgis.com/g5DRQBSrdz0HuCxB/arcgis/rest/services/Statewide_CCTV_View/FeatureServer/0/query?where=1%3D1&returnCountOnly=true&returnExtentOnly=true&f=json,2026-09-30T18:10:19Z,,cell=I5-T08-C03-GD; cand=I5-C006; status=200; sha256=3016b53691fd; NM count 186
I5-F015,curl-fetch,https://www.511sc.org/static/tools.html,2026-09-30T18:10:40Z,,cell=I5-T08-C03-GD; cand=none; status=200; sha256=9971f68a6901; SC 511 tools page (apps only)
I5-F016,curl-fetch,https://site.idrivearkansas.com/index.php/policies/camera-terms-of-use/,2026-09-30T18:10:49Z,,cell=I5-T08-C03-GD; cand=I5-C012; status=200; sha256=3914dc61f756; IDrive Arkansas camera terms
I5-F017,curl-fetch,https://gis.arkansas.gov/arcgis/rest/services/FEATURESERVICES/Transportation/FeatureServer?f=json,2026-09-30T18:10:51Z,,cell=I5-T08-C03-GD; cand=I5-C022; status=200; sha256=c25c8f2d9f4d; gis.arkansas.gov Transportation service (no cameras)
I5-F018,curl-fetch,https://services6.arcgis.com/eNPJk90aMrXNOKF8/arcgis/rest/services/iDriveCCTV_20260707_v2/FeatureServer?f=json,2026-09-30T18:11:02Z,,cell=I5-T08-C03-GD; cand=I5-C013; status=200; sha256=2eff68ada940; Garver iDriveCCTV service root
I5-F019,curl-fetch,https://gis.transportation.wv.gov/arcgis/rest/services?f=json,2026-09-30T18:11:30Z,,cell=I5-T08-C03-GD; cand=I5-C009; status=200; sha256=3b0b1e02bcf3; WVDOT services directory
I5-F020,curl-fetch,https://gis.transportation.wv.gov/arcgis/rest/services/Assets?f=json,2026-09-30T18:11:36Z,,cell=I5-T08-C03-GD; cand=none; status=200; sha256=678e77b45973; WVDOT Assets folder
I5-F021,curl-fetch,https://gis.transportation.wv.gov/arcgis/rest/services/Transportation/MapServer?f=json,2026-09-30T18:11:38Z,,cell=I5-T08-C03-GD; cand=none; status=200; sha256=dea5c67822b7; WVDOT Transportation layers (no cameras)
I5-F022,curl-fetch,https://gis.transportation.wv.gov/arcgis/rest/services/Assets/Assets/MapServer?f=json,2026-09-30T18:11:43Z,,"cell=I5-T08-C03-GD; cand=I5-C009,I5-C010; status=200; sha256=31296eaf4e3e; WVDOT Assets layer list (CCTV 20-23)"
I5-F023,curl-fetch,https://gis.transportation.wv.gov/arcgis/rest/services/Assets/Assets/MapServer/22?f=json,2026-09-30T18:11:52Z,,cell=I5-T08-C03-GD; cand=I5-C009; status=200; sha256=8bba84d0d492; CCTV_WVDOH fields
I5-F024,curl-fetch,https://gis.transportation.wv.gov/arcgis/rest/services/Assets/Assets/MapServer/22/query?where=1%3D1&returnCountOnly=true&returnExtentOnly=true&outSR=4326&f=json,2026-09-30T18:11:54Z,,cell=I5-T08-C03-GD; cand=I5-C009; status=200; sha256=16b8d98008d3; CCTV_WVDOH count 73
I5-F025,curl-fetch,https://gis.transportation.wv.gov/arcgis/rest/services/Assets/Assets/MapServer/23/query?where=1%3D1&returnCountOnly=true&returnExtentOnly=true&outSR=4326&f=json,2026-09-30T18:11:55Z,,"cell=I5-T08-C03-GD; cand=I5-C010; status=200; sha256=27b7ff0aa956; CCTV_WVPA count 15, broken extent"
I5-F026,curl-fetch,https://www.dot.ri.gov/travel/cameras_metro.php,2026-09-30T18:12:10Z,,cell=I5-T08-C03-GD; cand=I5-C011; status=200; sha256=3bc6f8576fb7; RIDOT metro camera page (heuristic challenge flag -> dot.ri.gov stop-listed)
I5-F027,curl-fetch,https://services.arcgis.com/KTcxiTD9dsQw4r7Z/arcgis/rest/services/Existing_ITS_Device_Service_view/FeatureServer?f=json,2026-09-30T18:12:48Z,,cell=I5-T08-C03-GD; cand=I5-C008; status=200; sha256=8e0b09e9067c; TxDOT ITS service root
I5-F028,curl-fetch,https://services.arcgis.com/KTcxiTD9dsQw4r7Z/arcgis/rest/services/Existing_ITS_Device_Service_view/FeatureServer/0?f=json,2026-09-30T18:12:54Z,,cell=I5-T08-C03-GD; cand=I5-C008; status=200; sha256=856a50652b4b; TxDOT ITS layer fields
I5-F029,curl-fetch,https://services.arcgis.com/KTcxiTD9dsQw4r7Z/arcgis/rest/services/Existing_ITS_Device_Service_view/FeatureServer/0/query?where=1%3D1&groupByFieldsForStatistics=Type&outStatistics=%5B%7B%22statisticType%22%3A%22count%22%2C%22onStatisticField%22%3A%22OBJECTID%22%2C%22outStatisticFieldName%22%3A%22n%22%7D%5D&f=json,2026-09-30T18:13:01Z,,cell=I5-T08-C03-GD; cand=I5-C008; status=200; sha256=408edeb461ab; TxDOT groupBy Type counts
I5-F030,curl-fetch,https://services1.arcgis.com/FCaUeJ5SOVtImake/arcgis/rest/services/Approximate_Speed_Safety_Camera_Locations_Public/FeatureServer/0/query?where=1%3D1&returnCountOnly=true&returnExtentOnly=true&outSR=4326&f=json,2026-09-30T18:13:55Z,,cell=I5-T08-C03-GD; cand=I5-C015; status=200; sha256=1b49c83f2494; CT speed-camera count 89
I5-F031,curl-fetch,https://services.arcgis.com/8lRhdTsQyJpO52F1/arcgis/rest/services/AVL_Plow_Cam_Images_Nebraska_View/FeatureServer/0/query?where=1%3D1&returnCountOnly=true&returnExtentOnly=true&outSR=4326&f=json,2026-09-30T18:13:56Z,,cell=I5-T08-C03-GD; cand=I5-C016; status=200; sha256=c1b35267f218; NE plow-cam count 19
I5-F032,curl-fetch,https://map.wyoroad.info/wtimap/config.json,2026-09-30T18:14:06Z,,cell=I5-T08-C03-GD; cand=none; status=404; sha256=80c3fe2ae106; WYDOT map config.json 404
I5-F033,curl-fetch,https://caltrans-gis.dot.ca.gov/arcgis/rest/services/CHhighway/CCTV/FeatureServer/0/query?where=1%3D1&returnCountOnly=true&returnExtentOnly=true&outSR=4326&f=json,2026-09-30T18:14:36Z,,cell=I5-T08-C03-G0; cand=I5-C019; status=conn-fail; sha256=none; Caltrans CCTV host connection failure
I5-F034,curl-fetch,https://gisp.itd.idaho.gov/server/rest/services/GDWarehouse/IntelligentTransportationSystems/FeatureServer/0/query?where=1%3D1&returnCountOnly=true&returnExtentOnly=true&outSR=4326&f=json,2026-09-30T18:14:43Z,,cell=I5-T08-C03-G0; cand=I5-C018; status=200; sha256=250d060bb7da; ITD CCTV count 82
I5-F035,curl-fetch,https://services.arcgis.com/NuWFvHYDMVmmxMeM/arcgis/rest/services?f=json,2026-09-30T18:14:46Z,,cell=I5-T08-C03-G0; cand=I5-C017; status=200; sha256=24668e557d4e; NCDOT org services directory
I5-F036,curl-fetch,https://services.arcgis.com/NuWFvHYDMVmmxMeM/arcgis/rest/services/NCDOT_Cameras/FeatureServer/0/query?where=1%3D1&returnCountOnly=true&returnExtentOnly=true&outSR=4326&f=json,2026-09-30T18:14:56Z,,cell=I5-T08-C03-G0; cand=I5-C017; status=200; sha256=6f6ae5cc7e89; NCDOT_Cameras count 1157
I5-F037,curl-fetch,https://gis.massdot.state.ma.us/arcgis/rest/services/Assets/CCTV/FeatureServer/0/query?where=1%3D1&returnCountOnly=true&returnExtentOnly=true&outSR=4326&f=json,2026-09-30T18:17:40Z,,cell=I5-T08-C03-G0; cand=none; status=200; sha256=2db3fd220f31; MassDOT CCTV count 845 (dup camreg_massdot_ma)
I5-F038,curl-fetch,https://services1.arcgis.com/XAiBIVuto7zeZj1B/arcgis/rest/services/Existing_CCTV/FeatureServer/0/query?where=1%3D1&returnCountOnly=true&returnExtentOnly=true&outSR=4326&f=json,2026-09-30T18:17:41Z,,cell=I5-T08-C03-G0; cand=none; status=200; sha256=2ceeadbdd798; ADOT Existing_CCTV count 526 (dup camreg_azdot_az)
I5-F039,curl-fetch,https://services1.arcgis.com/i3mLmgyL55IkFf81/arcgis/rest/services/CCTV/FeatureServer/0/query?where=1%3D1&returnCountOnly=true&returnExtentOnly=true&outSR=4326&f=json,2026-09-30T18:17:44Z,,cell=I5-T08-C03-GD; cand=I5-C007; status=200; sha256=895cd778c1ea; MRMPO CCTV count 404
I5-F040,curl-fetch,https://services7.arcgis.com/p0Gk2nDbPs7KEqSZ/arcgis/rest/services/ParkCameras_1/FeatureServer/0?f=json,2026-09-30T18:19:51Z,,cell=I5-CRES-CRES-GL4; cand=I5-C040; status=200; sha256=1803d9480584; Santa Fe park cameras layer metadata
I5-F041,curl-fetch,https://gisdata.dot.ca.gov/arcgis/rest/services/CHhighway/CCTV/FeatureServer/0/query?where=1%3D1&returnCountOnly=true&returnExtentOnly=true&outSR=4326&f=json,2026-09-30T18:19:53Z,,cell=I5-T08-C03-G0; cand=I5-C019; status=conn-fail; sha256=none; Caltrans alternate host gisdata.dot.ca.gov connection failure
I5-F042,curl-fetch,https://services7.arcgis.com/p0Gk2nDbPs7KEqSZ/arcgis/rest/services/ParkCameras_1/FeatureServer/0/query?where=1%3D1&returnCountOnly=true&returnExtentOnly=true&outSR=4326&f=json,2026-09-30T18:20:06Z,,cell=I5-CRES-CRES-GL4; cand=I5-C040; status=200; sha256=72d76f82ff79; Santa Fe park cameras count 12
I5-F043,curl-fetch,https://sos.nh.gov/media/z52grdhb/121c-gc-agenda-06012022.pdf,2026-09-30T18:20:20Z,,cell=I5-CRES-CRES-GD; cand=I5-C029; status=503; sha256=839488ebc084; NH G&C agenda 503
I5-F044,curl-fetch,https://www.michigan.gov/dtmb/-/media/Project/Websites/dtmb/Procurement/Contracts/002/7700122.pdf,2026-09-30T18:20:25Z,,cell=I5-CRES-CRES-GD; cand=I5-C030; status=403; sha256=8f549cc7ce67; michigan.gov 403 Access Denied -> stop-listed
I5-F045,curl-fetch,https://riag.ri.gov/press-releases/state-federal-and-law-enforcement-leaders-announce-16-million-grants-police,2026-09-30T18:20:31Z,,cell=I5-CRES-CRES-GD; cand=I5-C031; status=403; sha256=5f9d4156254f; riag.ri.gov 403 challenge -> stop-listed
I5-F046,curl-fetch,https://dsp.delaware.gov/wp-content/uploads/sites/118/2023/06/Annual-Report-2022.pdf,2026-09-30T18:20:36Z,,cell=I5-CRES-CRES-GD; cand=I5-C028; status=200; sha256=93f81860ff66; DSP 2022 annual report PDF
I5-F047,curl-fetch,https://webapi.legistar.com/v1/concordnh/bodies,2026-09-30T18:21:10Z,,cell=I5-T00-C07-GL4; cand=I5-C041; status=200; sha256=98a79e65b886; concordnh Legistar bodies
I5-F048,curl-fetch,https://concordnh.legistar.com/Calendar.aspx,2026-09-30T18:21:16Z,,"cell=I5-T00-C07-GL4; cand=I5-C041; status=200; sha256=5c15069ffc8a; concordnh portal (Concord, NH 03301)"
I5-F049,curl-fetch,https://fargond.gov/city-government/departments/city-commission/agendas-minutes,2026-09-30T18:21:30Z,,cell=I5-T00-C07-GL4; cand=I5-C042; status=200; sha256=6a0d8d2fbe8f; Fargo commission agendas landing
I5-F050,curl-fetch,https://www.burlingtonvt.gov/DocumentCenter/View/9379/DD141---Body-Worn-Camera-Systems-PDF,2026-09-30T18:21:38Z,,cell=I5-T00-C05-GL4; cand=none; status=404; sha256=d273b177f6a2; Burlington DD141 Atlas link 404
I5-F051,curl-fetch,https://ppd.providenceri.gov/wp-content/uploads/2024/06/2023-Providence-Police-Annual-Report-FINAL-5-24.pdf,2026-09-30T18:21:46Z,,cell=I5-T00-C05-GL4; cand=I5-C033; status=200; sha256=5c7f631a7126; Providence PD 2023 annual report PDF
I5-F052,curl-fetch,https://grpd-grandrapids.hub.arcgis.com,2026-09-30T18:21:55Z,,cell=I5-T00-C03-GL4; cand=I5-C035; status=200; sha256=ab9f1c9c65d3; GRPD hub landing
I5-F053,curl-fetch,https://providence-gis-hub-pvdgis.hub.arcgis.com,2026-09-30T18:21:57Z,,cell=I5-T00-C03-GL4; cand=I5-C034; status=200; sha256=7b3900d1b200; Providence GIS Hub landing
I5-F054,curl-fetch,https://www.santafedata.org,2026-09-30T18:21:58Z,,cell=I5-T00-C03-GL4; cand=I5-C036; status=200; sha256=b1a2e500ec12; Santa Fe Data Platform landing
I5-F055,curl-fetch,https://public-bismarck.opendata.arcgis.com,2026-09-30T18:22:00Z,,cell=I5-T00-C03-GL4; cand=I5-C037; status=200; sha256=499b7bd5dce9; Bismarck open data landing
I5-F056,curl-fetch,https://hub.clcgisc.com,2026-09-30T18:22:02Z,,cell=I5-T00-C03-GL4; cand=I5-C038; status=200; sha256=d9f0a82576b7; CLCGISC hub landing
I5-F057,curl-fetch,https://billings-public-safety-billings.hub.arcgis.com,2026-09-30T18:22:03Z,,cell=I5-T00-C03-GL4; cand=I5-C039; status=200; sha256=5930a148a8df; Billings Public Safety hub landing
I5-F058,curl-fetch,https://gis.ardot.gov/hosting/rest/services/Maintenance_ITS/ITS_Cameras_Public/MapServer/0?f=json,2026-09-30T18:22:48Z,,cell=I5-T08-C03-GD; cand=I5-C012; status=200; sha256=b316b63c6219; ARDOT ITS_Cameras_Public layer = service not found
I5-F059,curl-fetch,https://gis.ardot.gov/hosting/rest/services/Maintenance_ITS/ITS_Cameras_Public/MapServer/0/query?where=1%3D1&returnCountOnly=true&returnExtentOnly=true&outSR=4326&f=json,2026-09-30T18:22:49Z,,cell=I5-T08-C03-GD; cand=none; status=200; sha256=b316b63c6219; ARDOT count query = service not found
I5-F060,curl-fetch,https://gis.ardot.gov/hosting/rest/services/Maintenance_ITS?f=json,2026-09-30T18:22:55Z,,cell=I5-T08-C03-GD; cand=I5-C012; status=200; sha256=ca1489e43448; ARDOT Maintenance_ITS folder = 499 token required
I5-F061,curl-fetch,https://services.arcgis.com/m0skr7SJ35eSV0W6/arcgis/rest/services/ITS_ASSETS_ro/FeatureServer?f=json,2026-09-30T18:23:03Z,,cell=I5-T08-C03-GD; cand=none; status=200; sha256=33e851cea555; INDOT ITS assets layers (no camera layer)
I5-F062,curl-fetch,https://services1.arcgis.com/9Y4hSlLf13E9S0Eo/arcgis/rest/services/ITS_ATM/FeatureServer?f=json,2026-09-30T18:23:05Z,,cell=I5-T08-C03-GD; cand=I5-C014; status=200; sha256=6fbf3121301f; NDOT ITS_ATM layers
I5-F063,curl-fetch,https://services1.arcgis.com/9Y4hSlLf13E9S0Eo/arcgis/rest/services/ITS_ATM/FeatureServer/3?f=json,2026-09-30T18:23:13Z,,cell=I5-T08-C03-GD; cand=I5-C014; status=200; sha256=54702a8b3e61; NDOT Existing Devices fields
I5-F064,curl-fetch,https://services1.arcgis.com/9Y4hSlLf13E9S0Eo/arcgis/rest/services/ITS_ATM/FeatureServer/3/query?where=1%3D1&groupByFieldsForStatistics=Device_Typ&outStatistics=%5B%7B%22statisticType%22%3A%22count%22%2C%22onStatisticField%22%3A%22OBJECTID%22%2C%22outStatisticFieldName%22%3A%22n%22%7D%5D&f=json,2026-09-30T18:23:19Z,,cell=I5-T08-C03-GD; cand=I5-C014; status=200; sha256=c3764312cde2; NDOT groupBy Device_Typ
I5-F065,curl-fetch,https://services4.arcgis.com/2s7f6roC5RgpcJkx/arcgis/rest/services/Flock_Project_Data_Explorer_WFL1/FeatureServer?f=json,2026-09-30T18:24:57Z,,cell=I5-CRES-CRES-GD; cand=I5-C032; status=200; sha256=1c19a39105df; RI Flock layer 499 token required
I5-F066,curl-fetch,https://transportation.wv.gov/highways/mcst/Documents/2024%20MatCon/Presentations/construction%20conference%202024%20traffic%20devices.pdf,2026-09-30T18:25:05Z,,cell=I5-T08-C03-GD; cand=none; status=404; sha256=d9bcdc54a1fe; WVDOT 2024 presentation PDF 404
I5-F067,curl-fetch,https://enterprise.firstmap.delaware.gov/arcgis/rest/services/Transportation/DE_Boundary_and_Point/MapServer/28/query?where=1%3D1&returnCountOnly=true&f=json,2026-09-30T18:25:07Z,,cell=I5-T08-C03-GD; cand=I5-C005; status=200; sha256=9319d2debaf0; DE red-light layer count 60
I5-F068,curl-fetch,https://www.mapforsyth.org/,2026-09-30T18:41:02Z,1,cell=I5-T00-C03-GL1; cand=I5-C402; status=200; sha256=7596d0acc839; MapForsyth Hub landing (orchestrator; unused Part-A id)
I5-F076,curl-fetch,https://www.arcgis.com/sharing/rest/content/items/b827c82731294708b500f7c10b3240b1?f=json,2026-09-30T18:11:04Z,2,"cell=I5-T00-C03-GL1; cand=I5-C101,I5-C161; status=200; sha256=434f7c1cb6b6;"
I5-F077,curl-fetch,https://services2.arcgis.com/qvkbeam7Wirps6zC/arcgis/rest/services/project_greenlight/FeatureServer/0?f=json,2026-09-30T18:11:06Z,1,cell=I5-T00-C03-GL1; cand=I5-C101; status=200; sha256=d8c115a6918b;
I5-F078,curl-fetch,https://services2.arcgis.com/qvkbeam7Wirps6zC/arcgis/rest/services/project_greenlight/FeatureServer/0/query?where=1%3D1&returnCountOnly=true&f=json,2026-09-30T18:11:07Z,1,cell=I5-T00-C03-GL1; cand=I5-C101; status=200; sha256=374780525909;
I5-F079,curl-fetch,https://www.arcgis.com/sharing/rest/content/items/0f58d75bf50a48b8ab97c0c8964e8344?f=json,2026-09-30T18:11:09Z,1,cell=I5-T00-C03-GL1; cand=I5-C102; status=200; sha256=b02e8092de6e;
I5-F080,curl-fetch,https://services2.arcgis.com/qvkbeam7Wirps6zC/arcgis/rest/services/ShotSpotter_911_Calls/FeatureServer/0?f=json,2026-09-30T18:11:10Z,1,cell=I5-T00-C03-GL1; cand=I5-C102; status=200; sha256=f635be18d80d;
I5-F081,curl-fetch,https://services2.arcgis.com/qvkbeam7Wirps6zC/arcgis/rest/services/ShotSpotter_911_Calls/FeatureServer/0/query?where=1%3D1&returnCountOnly=true&f=json,2026-09-30T18:11:26Z,1,cell=I5-T00-C03-GL1; cand=I5-C102; status=200; sha256=b5bf2a6d6bcd;
I5-F082,curl-fetch,https://www.arcgis.com/sharing/rest/content/items/3b1432d58eec4f55aa02e9d755ee5ebd?f=json,2026-09-30T18:11:28Z,1,cell=I5-T00-C03-GL1; cand=I5-C103; status=200; sha256=51c740d07096;
I5-F083,curl-fetch,https://www.arcgis.com/sharing/rest/content/items/bb0c7050399749fca5c9d8303d6cefd5?f=json,2026-09-30T18:11:29Z,1,cell=I5-T00-C03-GL1; cand=I5-C108; status=200; sha256=7fbc4b9fbee3;
I5-F084,curl-fetch,https://www.arcgis.com/sharing/rest/content/items/d59b7eb12d614bb1a0c3a8a0b205d531?f=json,2026-09-30T18:11:30Z,1,cell=I5-T00-C03-GL1; cand=I5-C107; status=200; sha256=fc1fa45a9f38;
I5-F085,curl-fetch,https://www.arcgis.com/sharing/rest/content/items/eae5f49698654542a0390746bc2e76e1?f=json,2026-09-30T18:11:32Z,1,cell=I5-T00-C03-GL1; cand=I5-C106; status=200; sha256=3ad8e9b0d77c;
I5-F086,curl-fetch,https://www.arcgis.com/sharing/rest/content/items/2ebffea0853841c5bec9c79aa3c1e594?f=json,2026-09-30T18:11:33Z,1,cell=I5-T00-C03-GL1; cand=I5-C104; status=200; sha256=3a5496e5ee35;
I5-F087,curl-fetch,https://www.arcgis.com/sharing/rest/content/items/97b673cfe61643589d82e812df763832?f=json,2026-09-30T18:11:34Z,0,cell=I5-T00-C03-GL1; cand=none; status=200; sha256=926f6550fca8;
I5-F088,curl-fetch,https://www.arcgis.com/sharing/rest/content/items/fe175e4f9db94dd7adf2c78f4ee65188?f=json,2026-09-30T18:11:35Z,0,cell=I5-T00-C03-GL1; cand=none; status=200; sha256=187b3a113ea6;
I5-F089,curl-fetch,https://services2.arcgis.com/MLoS3Qx4BXmDoTIY/arcgis/rest/services/Shotspotter_and_Metrocams_WFL1/FeatureServer?f=json,2026-09-30T18:11:53Z,1,cell=I5-T00-C03-GL1; cand=I5-C104; status=200; sha256=aa3ef83e0c3c;
I5-F090,curl-fetch,https://services6.arcgis.com/NiLPE6S5bwjCDk9X/arcgis/rest/services/LPRShotSpotter_WFL1/FeatureServer?f=json,2026-09-30T18:11:55Z,0,cell=I5-T00-C03-GL1; cand=none; status=200; sha256=949777b295f2;
I5-F091,curl-fetch,https://services.arcgis.com/pDAi2YK0L0QxVJHj/arcgis/rest/services/Parks_Cameras/FeatureServer/0/query?where=1%3D1&returnCountOnly=true&f=json,2026-09-30T18:11:57Z,1,cell=I5-T00-C03-GL1; cand=I5-C106; status=200; sha256=950072743b2e;
I5-F092,curl-fetch,http://ags3.lincoln.ne.gov/arcgis/rest/services/Traffic/Traffic_PublicMonitoringCameras/MapServer/0/query?where=1%3D1&returnCountOnly=true&f=json,2026-09-30T18:11:58Z,1,cell=I5-T00-C03-GL1; cand=I5-C107; status=cur; sha256=none; curl error (no HTTP status) - ags3.lincoln.ne.gov unreachable
I5-F093,curl-fetch,https://services1.arcgis.com/WHM6qC35aMtyAAlN/arcgis/rest/services/service_33d66be71f8e48989b1721990149f170/FeatureServer/0/query?where=1%3D1&returnCountOnly=true&f=json,2026-09-30T18:12:30Z,1,"cell=I5-T00-C03-GL1; cand=I5-C108; status=200; sha256=e9d590fe5e0e; returnCountOnly refused (400 ""This operation is not supported."")"
I5-F094,curl-fetch,https://services2.arcgis.com/MLoS3Qx4BXmDoTIY/arcgis/rest/services/Shotspotter_and_Metrocams_WFL1/FeatureServer/0?f=json,2026-09-30T18:12:41Z,1,cell=I5-T00-C03-GL1; cand=I5-C104; status=200; sha256=2736459befcc;
I5-F095,curl-fetch,https://services2.arcgis.com/MLoS3Qx4BXmDoTIY/arcgis/rest/services/Shotspotter_and_Metrocams_WFL1/FeatureServer/1/query?where=1%3D1&returnCountOnly=true&returnExtentOnly=true&f=json,2026-09-30T18:12:43Z,1,cell=I5-T00-C03-GL1; cand=I5-C104; status=200; sha256=2a9f366317ca;
I5-F096,curl-fetch,https://services2.arcgis.com/MLoS3Qx4BXmDoTIY/arcgis/rest/services/Shotspotter_and_Metrocams_WFL1/FeatureServer/0/query?where=1%3D1&returnCountOnly=true&f=json,2026-09-30T18:12:59Z,1,cell=I5-T00-C03-GL1; cand=I5-C104; status=200; sha256=19659dee1004;
I5-F097,curl-fetch,https://www.arcgis.com/sharing/rest/portals/MLoS3Qx4BXmDoTIY?f=json,2026-09-30T18:13:01Z,1,cell=I5-T00-C03-GL1; cand=I5-C104; status=200; sha256=c46a347ce6a0; ArcGIS portals API: org MLoS3Qx4BXmDoTIY = Clark County GIS Management Office
I5-F098,curl-fetch,https://data.jerseycitynj.gov/api/explore/v2.1/catalog/datasets?limit=1,2026-09-30T18:14:14Z,1,cell=I5-T00-C03-GL1; cand=I5-C136; status=200; sha256=d8aae0abaf20;
I5-F099,curl-fetch,https://opendata.cityofhenderson.com/api/views/metadata/v1?limit=1,2026-09-30T18:14:15Z,1,cell=I5-T00-C03-GL1; cand=I5-C147; status=200; sha256=83cb72ec5953;
I5-F100,curl-fetch,https://data-dogis.opendata.arcgis.com/,2026-09-30T18:14:17Z,1,cell=I5-T00-C03-GL1; cand=I5-C150; status=200; sha256=44903f085efe;
I5-F101,curl-fetch,https://opendata.lincoln.ne.gov/,2026-09-30T18:14:19Z,0,cell=I5-T00-C03-GL1; cand=none; status=cur; sha256=none; curl error - opendata.lincoln.ne.gov unreachable; Lincoln portal not verified
I5-F102,curl-fetch,https://www.cabq.gov/abq-data,2026-09-30T18:14:50Z,1,cell=I5-T00-C03-GL1; cand=I5-C162; status=200; sha256=d6148676b1bd;
I5-F103,curl-fetch,https://data.muni.org/,2026-09-30T18:14:52Z,1,cell=I5-T00-C03-GL1; cand=I5-C151; status=200; sha256=bff381b2362d;
I5-F104,curl-fetch,https://capecoral-capegis.opendata.arcgis.com/,2026-09-30T18:15:15Z,1,cell=I5-T00-C03-GL1; cand=I5-C149; status=200; sha256=091ddd469871;
I5-F105,curl-fetch,https://data.greensboro-nc.gov/,2026-09-30T18:15:16Z,1,cell=I5-T00-C03-GL1; cand=I5-C143; status=200; sha256=bc4983753f2b;
I5-F106,curl-fetch,https://city-tampa.opendata.arcgis.com/,2026-09-30T18:15:17Z,1,cell=I5-T00-C03-GL1; cand=I5-C154; status=200; sha256=59fb22405291;
I5-F107,curl-fetch,https://data-cityofmadison.opendata.arcgis.com/,2026-09-30T18:15:19Z,1,cell=I5-T00-C03-GL1; cand=I5-C157; status=200; sha256=fb42a91e4c42;
I5-F108,curl-fetch,https://stat.stpete.org/,2026-09-30T18:15:20Z,0,cell=I5-T00-C03-GL1; cand=none; status=200; sha256=dc2cd43e28d9; stat.stpete.org -> stpete.org St. Pete Stat page; challenge-marker (captcha string) -> host stop-listed; not retried
I5-F109,curl-fetch,https://dashboard.plano.gov/,2026-09-30T18:15:22Z,1,cell=I5-T00-C03-GL1; cand=I5-C153; status=200; sha256=e334faf53258; dashboard.plano.gov Socrata/Tyler portal served 200 but challenge-marker (reCAPTCHA) -> stop-listed
I5-F110,curl-fetch,https://www.arcgis.com/sharing/rest/content/items/b95e43bfbf2b432693f67b31c21daffc?f=json,2026-09-30T18:16:38Z,1,cell=I5-T00-C03-GL1; cand=I5-C105; status=200; sha256=38fd9a7e59b7;
I5-F111,curl-fetch,https://www.arcgis.com/sharing/rest/content/items/21813cb9866848f1ad61c80bf72d3e74?f=json,2026-09-30T18:16:39Z,1,cell=I5-T00-C03-GL1; cand=I5-C109; status=200; sha256=dd874979867c;
I5-F112,curl-fetch,https://www.arcgis.com/sharing/rest/content/items/21813cb9866848f1ad61c80bf72d3e74/data?f=json,2026-09-30T18:16:41Z,1,cell=I5-T00-C03-GL1; cand=I5-C109; status=200; sha256=4447639b9d0a;
I5-F113,curl-fetch,https://cityofjerseycity.civicweb.net/Portal/,2026-09-30T18:18:22Z,1,cell=I5-T00-C07-GL1; cand=I5-C124; status=200; sha256=bfb892d07e46;
I5-F114,curl-fetch,https://tampagov.hylandcloud.com/221agendaonline/,2026-09-30T18:18:24Z,1,cell=I5-T00-C07-GL1; cand=I5-C128; status=404; sha256=dc1d54dab6ec; guessed OnBase path 404
I5-F115,curl-fetch,https://www.durhamnc.gov/AgendaCenter,2026-09-30T18:18:25Z,1,cell=I5-T00-C07-GL1; cand=I5-C125; status=200; sha256=b37622721434;
I5-F116,curl-fetch,https://www.hialeahfl.gov/AgendaCenter,2026-09-30T18:18:27Z,1,cell=I5-T00-C07-GL1; cand=I5-C126; status=200; sha256=3c784ad158d5;
I5-F117,curl-fetch,https://www.cityofnorthlasvegas.com/,2026-09-30T18:18:29Z,0,cell=I5-T00-C07-GL1; cand=none; status=403; sha256=7d1994e9b863; Akamai 403 Access Denied -> cityofnorthlasvegas.com stop-listed; NLV PrimeGov tenant resolution not possible by fetch
I5-F118,curl-fetch,https://www.friscotexas.gov/,2026-09-30T18:18:31Z,0,cell=I5-T00-C07-GL1; cand=none; status=200; sha256=8596302c45c9;
I5-F119,curl-fetch,https://www.friscotexas.gov/712/Agendas-Meetings-Ordinances,2026-09-30T18:18:57Z,1,cell=I5-T00-C07-GL1; cand=I5-C127; status=200; sha256=b9ef586a60aa;
I5-F120,curl-fetch,https://cityclerk.cityofomaha.org/,2026-09-30T18:18:58Z,1,cell=I5-T00-C07-GL1; cand=I5-C129; status=200; sha256=acedb2d72229;
I5-F121,curl-fetch,https://www.muni.org/Departments/Assembly/Pages/default.aspx,2026-09-30T18:19:00Z,1,cell=I5-T00-C07-GL1; cand=I5-C130; status=200; sha256=aaf3438d491b;
I5-F122,curl-fetch,https://www.virginiabeach.gov/,2026-09-30T18:19:02Z,0,cell=I5-T00-C07-GL1; cand=none; status=cur; sha256=none; curl error - www.virginiabeach.gov unreachable
I5-F123,curl-fetch,https://www.cityofhenderson.com/,2026-09-30T18:19:08Z,0,cell=I5-T00-C07-GL1; cand=none; status=403; sha256=3e4ca631bf31; Akamai 403 -> cityofhenderson.com stop-listed
I5-F124,curl-fetch,https://www.tampa.gov/,2026-09-30T18:19:09Z,1,cell=I5-T00-C07-GL1; cand=I5-C128; status=200; sha256=e6a953506488;
I5-F125,curl-fetch,https://police.cityofomaha.org/images/crime-statistics-reports/Omaha_Police_Department_ALPR_Report_6-1-23_-_6-1-24.pdf,2026-09-30T18:20:21Z,1,cell=I5-T00-C04-GL1; cand=I5-C114; status=403; sha256=c16510c20239; Akamai 403 -> police.cityofomaha.org stop-listed
I5-F126,curl-fetch,https://www.cabq.gov/police/standard-operating-procedures,2026-09-30T18:20:22Z,1,cell=I5-T00-C05-GL1; cand=I5-C111; status=200; sha256=2739c13e58e9;
I5-F127,curl-fetch,https://www.honolulupd.org/policy/,2026-09-30T18:20:24Z,1,cell=I5-T00-C05-GL1; cand=I5-C112; status=200; sha256=88677c4b3f28;
I5-F128,curl-fetch,https://www.durhamnc.gov/4827/ShotSpotter-Durham,2026-09-30T18:20:26Z,0,cell=I5-T00-C04-GL1; cand=none; status=404; sha256=b187207fe2af; durhamnc.gov/4827/ShotSpotter-Durham 404 (page removed)
I5-F129,curl-fetch,https://documents.cabq.gov/police/standard-operating-procedures/1-22-automated-license-plate-reader.pdf,2026-09-30T18:20:59Z,1,cell=I5-T00-C05-GL1; cand=I5-C111; status=200; sha256=2f4607ebadb0;
I5-F130,curl-fetch,https://www.honolulupd.org/policy/policy-automated-license-plate-reader/,2026-09-30T18:21:01Z,1,cell=I5-T00-C05-GL1; cand=I5-C112; status=200; sha256=cd99cdb8c563;
I5-F131,curl-fetch,https://www.cityofws.org/DocumentCenter/View/30154/WebDoc---Real-Time-Intelligence-Center-Enterprise-Solution---RFP2449?bidId=,2026-09-30T18:21:02Z,1,cell=I5-T00-C09-GL1; cand=I5-C135; status=200; sha256=efc21987d483;
I5-F132,curl-fetch,https://www.anaheim.net/DocumentCenter/View/29459/APD-Policy-Manual,2026-09-30T18:21:04Z,1,cell=I5-T00-C05-GL1; cand=I5-C113; status=200; sha256=8eb6b3091836;
I5-F133,curl-fetch,http://police.stpete.org/docs/annual-report-department-2022.pdf,2026-09-30T18:21:06Z,0,cell=I5-T00-C04-GL1; cand=none; status=404; sha256=dc1d54dab6ec; police.stpete.org annual report 2022 404
I5-F134,curl-fetch,https://www.memphistn.gov/,2026-09-30T18:21:07Z,1,cell=I5-T00-C07-GL1; cand=I5-C131; status=200; sha256=a164f99b524b; Memphis homepage: council agenda on memphistn.gov; no vendor platform link
I5-F135,curl-fetch,https://data.okc.gov/,2026-09-30T18:22:19Z,1,cell=I5-T00-C03-GL2; cand=I5-C165; status=200; sha256=bddba79a050b;
I5-F136,curl-fetch,https://oklahomacityok.api.civicclerk.com/v1/Events?$top=1,2026-09-30T18:22:21Z,0,cell=I5-T00-C07-GL2; cand=none; status=404; sha256=e3b0c44298fc; CivicClerk API oklahomacityok /v1/Events 404 (0 bytes) - verified=false stands
I5-F137,curl-fetch,https://oklahomacityok.portal.civicclerk.com/,2026-09-30T18:22:22Z,0,cell=I5-T00-C07-GL2; cand=none; status=200; sha256=43007141fa28; CivicClerk public portal SPA shell serves (1289 bytes)
I5-F138,curl-fetch,https://webapi.legistar.com/v1/nashville/matters/16430/attachments,2026-09-30T18:24:12Z,1,cell=I5-T00-C04-GL1; cand=I5-C100; status=200; sha256=ebfdc6a9cfa4;
I5-F139,curl-fetch,https://webapi.legistar.com/v1/charlottenc/matters/28406/attachments,2026-09-30T18:24:14Z,1,cell=I5-T00-C05-GL1; cand=I5-C116; status=200; sha256=aa214beda4a7; Charlotte DFR matter attachments: budget ordinance only
I5-F140,curl-fetch,https://www.bidnetdirect.com/florida/participating-buyers,2026-09-30T18:24:15Z,1,cell=I5-T00-C09-GL1; cand=I5-C132; status=200; sha256=2c92d0421e4b;
I5-F141,curl-fetch,https://www.bidnetdirect.com/north-carolina/participating-buyers,2026-09-30T18:24:17Z,1,cell=I5-T00-C09-GL1; cand=I5-C133; status=200; sha256=dce23c9ec45e;
I5-F142,curl-fetch,https://nashville.legistar1.com/nashville/attachments/ab57b29a-4a9f-410b-be35-6bf11ca53609.PDF,2026-09-30T18:24:37Z,1,cell=I5-T00-C04-GL1; cand=I5-C100; status=200; sha256=761c7a0f9535;
I5-F143,curl-fetch,https://webapi.legistar.com/v1/winston-salem/matters/21088/attachments,2026-09-30T18:26:28Z,1,cell=I5-T00-C04-GL1; cand=I5-C119; status=200; sha256=5e94b4c0a287; W-S matter 21088 attachments list (2)
I5-F144,curl-fetch,https://webapi.legistar.com/v1/stpaul/matters/52266/attachments,2026-09-30T18:26:29Z,1,cell=I5-T00-C04-GL1; cand=I5-C120; status=200; sha256=8432491e6cf0; St Paul matter 52266 attachments list (1)
I5-F145,curl-fetch,https://www.bidnetdirect.com/virginia/participating-buyers,2026-09-30T18:26:31Z,0,cell=I5-T00-C09-GL1; cand=none; status=200; sha256=d10b287d88a5; BidNet VA participating buyers: no Norfolk/Chesapeake/VB storefront (negative)
I5-F146,curl-fetch,https://www.bidnetdirect.com/new-jersey/participating-buyers,2026-09-30T18:26:32Z,1,cell=I5-T00-C09-GL1; cand=I5-C134; status=200; sha256=b0ca706f311b;
I5-F147,curl-fetch,https://www.bidnetdirect.com/texas/participating-buyers,2026-09-30T18:26:35Z,0,cell=I5-T00-C09-GL1; cand=none; status=200; sha256=1e418ee73f0d; BidNet TX participating buyers: no Houston/Plano/Frisco storefront (negative)
I5-F148,curl-fetch,https://www.houstontx.gov/police/general_orders/index.htm,2026-09-30T18:26:36Z,1,cell=I5-T00-C05-GL1; cand=I5-C110; status=200; sha256=bfeb409f2469;
I5-F149,curl-fetch,https://detroitmi.gov/government/boards/board-police-commissioners,2026-09-30T18:26:38Z,1,cell=I5-T00-C04-GL1; cand=I5-C115; status=200; sha256=4f52a641e18d;
I5-F150,curl-fetch,https://winston-salem.legistar1.com/winston-salem/attachments/fe4a417d-d76f-43c9-a16f-76e236d06723.pdf,2026-09-30T18:26:53Z,1,cell=I5-T00-C04-GL1; cand=I5-C119; status=404; sha256=dc1d54dab6ec; Legistar attachment URL from API 404
I5-F151,curl-fetch,https://legistar1.granicus.com/StPaul/attachments/13cc683c-f12e-4940-a328-0974c8963a19.pdf,2026-09-30T18:26:54Z,1,cell=I5-T00-C04-GL1; cand=I5-C120; status=404; sha256=dc1d54dab6ec; Legistar attachment URL from API 404
I5-F152,curl-fetch,https://services2.arcgis.com/qvkbeam7Wirps6zC/arcgis/rest/services/Detroit_Street_View_CCTV_Cameras/FeatureServer/0/query?where=1%3D1&returnCountOnly=true&f=json,2026-09-30T18:27:10Z,1,cell=I5-T00-C03-GL1; cand=I5-C103; status=200; sha256=ddd1657670f7;
I5-F153,curl-fetch,https://services1.arcgis.com/wpJGOi6N4Rq5cqFv/arcgis/rest/services/Traffic_Cameras/FeatureServer/0/query?where=1%3D1&returnCountOnly=true&f=json,2026-09-30T18:27:12Z,1,cell=I5-T00-C03-GL1; cand=I5-C107; status=200; sha256=6834b3d0a252;
I5-F156,curl-fetch,https://webapi.legistar.com/v1/maricopa/bodies,2026-09-30T18:09:03Z,1,cell=I5-T00-C07-GL3; cand=I5-C202; status=200; sha256=b96363f6726b; Legistar /bodies 'maricopa' = City of Maricopa (City Council…); registry label correct; county not on this slug
I5-F157,curl-fetch,https://webapi.legistar.com/v1/clark/bodies,2026-09-30T18:09:05Z,1,cell=I5-T00-C07-GL3; cand=I5-C200; status=200; sha256=2d482e5b209d; Legistar /bodies 'clark' = Clark County (NV) Board of Commissioners
I5-F158,curl-fetch,https://webapi.legistar.com/v1/santaclara/bodies,2026-09-30T18:09:06Z,0,"cell=I5-T00-C07-GL3; cand=none; status=200; sha256=23ad0399a0c5; Legistar /bodies 'santaclara' = City of Santa Clara (City Council, Stadium Authority). item=Santa Clara County CA agenda; outcome=negative"
I5-F159,curl-fetch,https://webapi.legistar.com/v1/sanbernardino/bodies,2026-09-30T18:09:08Z,1,cell=I5-T00-C07-GL3; cand=I5-C201; status=200; sha256=c4273ea4bf45; Legistar /bodies 'sanbernardino' = County Board of Supervisors (registry says City)
I5-F160,curl-fetch,https://www.maricopa.gov/324/Board-of-Supervisors-Meeting-Information,2026-09-30T18:09:52Z,1,cell=I5-T00-C07-GL3; cand=I5-C202; status=200; sha256=b83c039e626d; Clerk page embeds mccobagenda.databankcloud.com/AgendaOnline
I5-F161,curl-fetch,https://board.oc.gov/meetings-agendas,2026-09-30T18:09:53Z,1,cell=I5-T00-C07-GL3; cand=I5-C203; status=200; sha256=6e5e223b10de; links ocagendaext.oc.gov agenda docs; orangecounty.nextrequest.com records portal
I5-F162,curl-fetch,https://www.dallascounty.org/government/comcrt/meeting-schedule.php,2026-09-30T18:09:55Z,1,cell=I5-T00-C07-GL3; cand=I5-C205; status=200; sha256=f74234f30738; 'Court Agenda' -> dallascounty.civicweb.net/portal/
I5-F163,curl-fetch,https://www.miamidade.gov/govaction/online-services.asp,2026-09-30T18:10:44Z,1,cell=I5-T00-C07-GL3; cand=I5-C204; status=200; sha256=d0a7279ac92b; govaction online services (agendas/minutes since 1996)
I5-F164,curl-fetch,https://rivcocob.org/2026-agendasproceedings,2026-09-30T18:10:46Z,1,cell=I5-T00-C07-GL3; cand=I5-C209; status=403; sha256=13a36b9afeef; 403 Cloudflare challenge; host rivcocob.org stop-listed
I5-F165,curl-fetch,https://www.tarrantcountytx.gov/en/commissioners-court/commissioners-court-agenda-videos.html,2026-09-30T18:10:47Z,1,cell=I5-T00-C07-GL3; cand=I5-C206; status=200; sha256=f42d8625e462; 200 genuine page but fetch.sh challenge regex hit -> host tarrantcountytx.gov stop-listed (suspected false positive; not retried)
I5-F166,curl-fetch,https://www.bexar.org/AgendaCenter,2026-09-30T18:10:50Z,1,cell=I5-T00-C07-GL3; cand=I5-C207; status=200; sha256=409383de4092; CivicPlus AgendaCenter
I5-F167,curl-fetch,https://www.waynecountymi.gov/Government/Elected-Officials/Commission,2026-09-30T18:10:52Z,1,cell=I5-T00-C07-GL3; cand=I5-C208; status=200; sha256=2c41861ed38c; Granicus OpenCities commission page; committee meeting pages
I5-F168,curl-fetch,https://sccgov.iqm2.com/Citizens/Default.aspx,2026-09-30T18:10:54Z,0,cell=I5-T00-C07-GL3; cand=none; status=cur; sha256=; curl error (host sccgov.iqm2.com does not resolve); status recorded as 'cur'. item=Santa Clara County CA agenda (IQM2 guess); outcome=negative
I5-F169,curl-fetch,https://www.mcso.org/Policy/policies,2026-09-30T18:14:37Z,1,cell=I5-T00-C05-GL3; cand=I5-C221; status=200; sha256=e33e856e7feb; MCSO policies page (4 series)
I5-F170,curl-fetch,https://purchasing.harriscountytx.gov/Pages/Online-Solicitation-Opportunities.aspx,2026-09-30T18:14:39Z,1,cell=I5-T00-C09-GL3; cand=I5-C222; status=200; sha256=638318ec8d34; purchasing page -> harriscountytx.bonfirehub.com
I5-F171,curl-fetch,https://www.bidnetdirect.com/arizona/maricopacounty,2026-09-30T18:14:41Z,1,cell=I5-T00-C09-GL3; cand=I5-C223; status=200; sha256=a6060e642514; BidNet Direct storefront (tabs public; details need login)
I5-F172,curl-fetch,https://communityimpact.com/spring-klein/government/harris-county-renews-contract-for-law-enforcement-license-plate-cameras-despite-resident-pushback/,2026-09-30T18:14:43Z,1,cell=I5-CRES-CRES-GL3; cand=I5-C224; status=200; sha256=55875279209f; Community Impact 2026-05-28; links harriscountytx.legistar.com matter 8036071
I5-F173,curl-fetch,https://www.bia.gov/service/tribal-leaders-directory,2026-09-30T18:15:15Z,1,cell=I5-T00-C16-GT; cand=I5-C225; status=200; sha256=161c7eeda0c6; BIA TLD landing: '575 Federally Recognized Tribes as of 1/30/2026'; CSV/Excel via BIA hub item
I5-F174,curl-fetch,https://www.arcgis.com/sharing/rest/content/items/3c6ae1b6fa9f414cbd36758905b196c3?f=json,2026-09-30T18:15:26Z,1,"cell=I5-T00-C16-GT; cand=I5-C225; status=200; sha256=8c42a0aa3754; AGOL item metadata (licenseInfo, weekly update)"
I5-F175,curl-fetch,https://services1.arcgis.com/UxqqIfhng71wUT9x/arcgis/rest/services/TribalLeadership_Directory/FeatureServer/0?f=json,2026-09-30T18:15:35Z,1,cell=I5-T00-C16-GT; cand=I5-C225; status=200; sha256=d1d526f53720; layer schema (43 fields incl. leader name/phone/email — not pulled)
I5-F176,curl-fetch,https://services1.arcgis.com/UxqqIfhng71wUT9x/arcgis/rest/services/TribalLeadership_Directory/FeatureServer/0/query?where=1%3D1&outFields=tribefullname&returnDistinctValues=true&returnCountOnly=true&f=json,2026-09-30T18:15:43Z,1,cell=I5-T00-C16-GT; cand=I5-C225; status=200; sha256=babd5e63f8b6; distinct tribefullname count = 601
I5-F177,curl-fetch,https://services1.arcgis.com/UxqqIfhng71wUT9x/arcgis/rest/services/TribalLeadership_Directory/FeatureServer/0/query?where=tribalcomponent%20IS%20NULL%20OR%20tribalcomponent%3D%27%27&outFields=tribefullname&returnDistinctValues=true&returnCountOnly=true&f=json,2026-09-30T18:15:51Z,1,cell=I5-T00-C16-GT; cand=I5-C225; status=200; sha256=7886222597aa; filter tribalcomponent IS NULL OR '' -> count 0 (field always populated; wasted probe)
I5-F178,curl-fetch,https://consultacontratos.ocpr.gov.pr/,2026-09-30T18:15:59Z,1,cell=I5-T00-C09-GT; cand=I5-C226; status=200; sha256=c38b7cef9796; OCPR Registro de Contratos landing; FY bulk downloads listed
I5-F179,curl-fetch,https://dpp.vi.gov/contracts/shotspotter-inc/,2026-09-30T18:17:28Z,1,cell=I5-T00-C09-GT; cand=I5-C236; status=403; sha256=5c4ca0887877; 403 Cloudflare (kinsta.cloud); host dpp.vi.gov stop-listed
I5-F180,curl-fetch,https://bja.ojp.gov/funding/awards/15pbja-23-gg-02497-gunp,2026-09-30T18:17:29Z,1,cell=I5-T00-C16-GT; cand=I5-C238; status=200; sha256=fd1edd3bfee5; 200 -> redirect to bja.ojp.gov/user/login (login-gated)
I5-F181,curl-fetch,https://bja.ojp.gov/funding/awards/15pbja-22-gg-02649-jagx,2026-09-30T18:17:31Z,1,cell=I5-T00-C16-GT; cand=I5-C238; status=200; sha256=871fa5d78ee2; 200 -> redirect to bja.ojp.gov/user/login (login-gated)
I5-F182,curl-fetch,https://ictnews.org/news/wisconsin-tribes-invest-in-surveillance-technology/,2026-09-30T18:17:33Z,1,cell=I5-T00-C14-GT; cand=I5-C234; status=200; sha256=89c5f9a712c4; ICT/Wisconsin Examiner 2025-07-07
I5-F183,curl-fetch,https://lco-nsn.gov/statement-from-lcopd-re-flock-safety-cameras/,2026-09-30T18:17:36Z,1,cell=I5-T00-C14-GT; cand=I5-C239; status=403; sha256=5bfc8b1dbbd7; 403 Wordfence block; host stop-listed (403); not retried
I5-F184,curl-fetch,"https://services1.arcgis.com/UxqqIfhng71wUT9x/arcgis/rest/services/TribalLeadership_Directory/FeatureServer/0/query?where=1%3D1&outFields=tribefullname,tribalcomponent,biaregion,state&returnDistinctValues=true&returnGeometry=false&orderByFields=tribefullname&resultRecordCount=2000&f=json",2026-09-30T18:18:29Z,1,cell=I5-T00-C16-GT; cand=I5-C225; status=200; sha256=6264550ebd6f; distinct tribefullname/tribalcomponent/biaregion/state: 601 rows = 577 Tribe + 24 Affiliate (no person fields read)
I5-F185,curl-fetch,https://www.bia.gov/bia/ojs,2026-09-30T18:19:03Z,0,"cell=I5-T00-C16-GT; cand=none; status=200; sha256=76e71acd094e; BIA OJS landing (authority, programs); no tribal law-enforcement agency list. item=BIA OJS agency list; outcome=negative (page level)"
I5-F186,curl-fetch,https://sutra.oslpr.org/,2026-09-30T18:19:05Z,1,cell=I5-T00-C11-GT; cand=I5-C227; status=200; sha256=61f290e36d24; SUTRA landing; GET search params observed
I5-F187,curl-fetch,https://datos.pr.gov/,2026-09-30T18:19:06Z,1,cell=I5-T00-C03-GT; cand=I5-C240; status=200; sha256=b1409d62be36; datos.pr.gov -> prits.pr.gov maintenance page
I5-F188,curl-fetch,https://www.virginislandsdailynews.com/for_the_record/police-probes-stt-killing-says-death-last-month-on-st-croix-ruled-a-homicide/article_fdfda430-c85a-4725-a737-b4eabf6dedb9.html,2026-09-30T18:20:11Z,1,cell=I5-T00-C14-GT; cand=I5-C235; status=200; sha256=0483ef1976bd; VI Daily News 2025-12-10; 200 genuine page but challenge regex hit -> host stop-listed (suspected false positive)
I5-F189,curl-fetch,https://www.justice.gov/tribal/grants,2026-09-30T18:20:12Z,1,cell=I5-T00-C16-GT; cand=I5-C237; status=200; sha256=03911068487f; DOJ CTAS page; awards list at /tribal/awards (not fetched)
I5-F190,curl-fetch,https://www.bia.gov/bia/ojs/districts,2026-09-30T18:20:15Z,0,cell=I5-T00-C16-GT; cand=none; status=200; sha256=ac21766b5bc6; BIA OJS districts page: Districts I–IX; no agency-level list. item=BIA OJS agency list; outcome=negative (page level)
I5-F191,curl-fetch,https://www.met.police.uk/advice/advice-and-information/fr/facial-recognition/,2026-09-30T18:08:16Z,1,cell=I5-T00-C04-GI1; cand=I5-C308; status=403; sha256=4486956642d3; Met LFR page; 403 challenge -> met.police.uk stop-listed
I5-F192,curl-fetch,https://www.police.govt.nz/about-us/publication/emergent-technologies-proactive-information-releases,2026-09-30T18:08:16Z,3,"cell=I5-T00-C04-GI1; cand=I5-C300,I5-C301,I5-C302; status=200; sha256=2f3f21987d81; NZ Police emergent-tech releases page"
I5-F193,curl-fetch,https://www.police.govt.nz/sites/default/files/publications/police-use-anpr-platforms-audit-report-dec-2024.pdf,2026-09-30T18:08:20Z,1,cell=I5-T00-C04-GI1; cand=I5-C301; status=200; sha256=7807a554c724; NZ ANPR platforms audit Dec 2024 PDF
I5-F194,curl-fetch,https://www.find-tender.service.gov.uk/Notice/061205-2025,2026-09-30T18:08:16Z,1,cell=I5-T00-C04-GI1; cand=I5-C309; status=403; sha256=58bf2215b395; Find a Tender NAS notice; 403 -> stop-listed
I5-F195,curl-fetch,https://www.oaic.gov.au/privacy/privacy-assessments-and-decisions/privacy-decisions/privacy-determinations,2026-09-30T18:08:57Z,0,cell=I5-T00-C04-GI1; cand=none; status=cur; sha256=none; OAIC determinations index; curl error (no HTTP status; not a block)
I5-F196,curl-fetch,https://biometricscommissioner.scot/media/4talu0vq/joint-assurance-review-retrospective-facial-search.pdf,2026-09-30T18:08:57Z,1,cell=I5-T00-C04-GI1; cand=I5-C303; status=200; sha256=7c453b8011ab; SBC joint assurance review PDF
I5-F197,curl-fetch,https://www.priv.gc.ca/en/opc-actions-and-decisions/ar_index/202021/sr_rcmp/,2026-09-30T18:08:57Z,1,cell=I5-T00-C04-GI1; cand=I5-C304; status=200; sha256=0979a08853c7; OPC special report 2021
I5-F198,curl-fetch,https://data.oireachtas.ie/ie/oireachtas/libraryResearch/2025/2025-08-18_briefing-paper-garda-siochana-recording-devices-amendment-bill_en.pdf,2026-09-30T18:10:08Z,1,cell=I5-T00-C04-GI1; cand=I5-C306; status=200; sha256=cd0ee9811a18; Oireachtas L&RS briefing PDF
I5-F199,curl-fetch,https://www.contractsfinder.service.gov.uk/Published/Notices/OCDS/Search?publishedFrom=2026-09-01&publishedTo=2026-09-02&size=1,2026-09-30T18:11:18Z,1,cell=I5-T00-C08-GI1; cand=I5-C335; status=200; sha256=0ac2f0211ec2; Contracts Finder OCDS search (1-day window; package licence OGL)
I5-F200,curl-fetch,https://api.tenders.gov.au/ocds/findByDates/contractPublished/2026-09-01T00:00:00Z/2026-09-01T06:00:00Z,2026-09-30T18:11:18Z,1,cell=I5-T00-C08-GI1; cand=I5-C336; status=200; sha256=5a41fba0a357; AusTender OCDS findByDates (6-hour window; CC BY 3.0 AU)
I5-F201,curl-fetch,https://www.gets.govt.nz/ExternalIndex.htm,2026-09-30T18:11:18Z,1,cell=I5-T00-C08-GI1; cand=I5-C337; status=200; sha256=0acf53b1d9a2; GETS landing page
I5-F202,curl-fetch,https://fyi.org.nz/request/21191,2026-09-30T18:11:41Z,1,cell=I5-T00-C13-GI1; cand=I5-C339; status=200; sha256=fd17a8339b59; FYI.org.nz request 21191 (sample thread)
I5-F203,curl-fetch,https://www.righttoknow.org.au/,2026-09-30T18:11:41Z,1,cell=I5-T00-C13-GI1; cand=I5-C341; status=403; sha256=eefc6163a450; Right to Know homepage; 403 challenge -> stop-listed
I5-F204,curl-fetch,https://democracy.merton.gov.uk/mgIssueHistoryHome.aspx?IId=23846,2026-09-30T18:12:19Z,1,cell=I5-T00-C07-GI1; cand=I5-C342; status=403; sha256=58c8b8993046; Merton ModernGov issue; 403 -> stop-listed
I5-F205,curl-fetch,https://ozwatch.lovable.app/about,2026-09-30T18:12:19Z,1,cell=I5-T00-C15-GI1; cand=I5-C343; status=200; sha256=03e2bd76078b; OzWatch about page
I5-F206,curl-fetch,https://www.sevenoaks.gov.uk/download/downloads/id/4543/cctv_annual_report_june_2026.pdf,2026-09-30T18:12:19Z,1,cell=I5-CRES-CRES-GI1; cand=I5-C344; status=200; sha256=10c3d229428a; Sevenoaks CCTV annual report June 2026 PDF
I5-F207,curl-fetch,https://chichester.moderngov.co.uk/mgAi.aspx?ID=14988,2026-09-30T18:12:28Z,1,cell=I5-T00-C07-GI1; cand=I5-C342; status=403; sha256=0d8cdb953438; Chichester ModernGov item; challenge -> stop-listed
I5-F208,curl-fetch,https://www.politie.nl/onderwerpen/camera-in-beeld.html,2026-09-30T18:13:15Z,1,cell=I5-T00-C04-GI2; cand=I5-C346; status=200; sha256=1645c971b6f5; politie.nl Camera in Beeld FAQ
I5-F209,curl-fetch,https://statewatch.org/news/2024/february/italy-trento-council-fined-for-illegal-ai-video-and-audio-surveillance-projects/,2026-09-30T18:13:15Z,0,"cell=I5-T00-C04-GI2; cand=none; status=200; sha256=38f909e5e89c; Statewatch Trento article; HTTP 200 but JS challenge page (""One moment, please..."") — not auto-detected; statewatch.org appended to blocked_hosts.txt manually"
I5-F210,curl-fetch,https://opanoptico.com.br/,2026-09-30T18:15:11Z,1,cell=I5-T00-C14-GI3; cand=I5-C365; status=200; sha256=da35012a170b; O Panóptico homepage
I5-F211,curl-fetch,https://panoptic.in/,2026-09-30T18:15:11Z,1,cell=I5-T00-C14-GI3; cand=I5-C366; status=200; sha256=0bde342e1bfe; IFF Panoptic tracker homepage
I5-F212,curl-fetch,https://fpf.org/blog/judge-declares-buenos-aires-fugitive-facial-recognition-system-unconstitutional/,2026-09-30T18:15:11Z,1,cell=I5-CRES-CRES-GI3; cand=I5-C367; status=200; sha256=c4bdb656e054; FPF blog (secondary; used only to locate judgment PDF)
I5-F213,curl-fetch,https://contratos.gobierto.es/licitaciones/3934150,2026-09-30T18:15:11Z,1,cell=I5-T00-C08-GI2; cand=I5-C361; status=200; sha256=8863260ea19f; Gobierto tender page
I5-F214,curl-fetch,https://www.datos.gov.co/api/views/p6dx-8zbt.json,2026-09-30T18:15:11Z,1,cell=I5-T00-C08-GI3; cand=I5-C364; status=200; sha256=0b2712be8d05; SECOP II Socrata view metadata (/api/views)
I5-F215,curl-fetch,https://geofiles.be.ch/geoportal/pub/stac/de/VIDEO/collection.json,2026-09-30T18:15:11Z,0,cell=I5-T00-C03-GI2; cand=none; status=cur; sha256=none; Kantonspolizei Bern STAC collection; curl error
I5-F216,curl-fetch,https://www.garanteprivacy.it/home/docweb/-/docweb-display/docweb/9977020,2026-09-30T18:15:11Z,1,cell=I5-T00-C04-GI2; cand=I5-C347; status=200; sha256=23c50d1c4686; Garante docweb 9977020
I5-F217,curl-fetch,https://www.data.qld.gov.au/api/3/action/package_show?id=djag-cctv-devices,2026-09-30T18:15:11Z,1,cell=I5-T00-C03-GI1; cand=I5-C332; status=200; sha256=f8541bf0bb4e; data.qld.gov.au package_show djag-cctv-devices
I5-F218,curl-fetch,https://www.cels.org.ar/web/wp-content/uploads/2022/09/reconocimientofacialsentencia070922.pdf,2026-09-30T18:15:57Z,1,cell=I5-CRES-CRES-GI3; cand=I5-C367; status=200; sha256=5cce5e266952; Buenos Aires SRFP judgment PDF (CELS-hosted)
I5-F219,curl-fetch,https://www.police.govt.nz/sites/default/files/publications/ir-01-22-37568-number-anpr-cameras.pdf,2026-09-30T18:15:57Z,1,cell=I5-T00-C04-GI1; cand=I5-C302; status=200; sha256=1ff50f223331; NZ OIA number of ANPR cameras PDF
I5-F220,curl-fetch,https://www.etenders.gov.ie/,2026-09-30T18:15:57Z,0,cell=I5-T00-C08-GI1; cand=none; status=cur; sha256=none; Irish eTenders landing; curl error (not reached)
I5-F221,curl-fetch,https://ico.org.uk/action-weve-taken/enforcement/,2026-09-30T18:15:57Z,1,cell=I5-T00-C04-GI1; cand=I5-C307; status=200; sha256=ee9bb7f6d98c; ICO enforcement register page
I5-F222,curl-fetch,https://www.oaic.gov.au/news/media-centre/privacy-commissioner-publishes-updated-guidance-on-facial-recognition-in-retail-spaces,2026-09-30T18:15:57Z,1,cell=I5-T00-C04-GI1; cand=I5-C305; status=200; sha256=33306f8261bd; OAIC FRT retail guidance release
I5-F223,curl-fetch,https://www.police.govt.nz/about-site-and-nz-police-app/copyright,2026-09-30T18:17:06Z,1,cell=I5-T00-C04-GI1; cand=I5-C300; status=200; sha256=fecda1a41d03; NZ Police copyright page (terms)
I5-F224,curl-fetch,https://www.oaic.gov.au/about-the-OAIC/copyright,2026-09-30T18:17:06Z,1,cell=I5-T00-C04-GI1; cand=I5-C305; status=200; sha256=476dd337ba02; OAIC copyright page (terms)
I5-F225,curl-fetch,https://ico.org.uk/global/copyright-and-re-use-of-materials/,2026-09-30T18:17:06Z,1,cell=I5-T00-C04-GI1; cand=I5-C307; status=200; sha256=80c02f5a98cf; ICO copyright page (terms)
I5-F226,curl-fetch,https://www.agi.dij.be.ch/de/start/geoportal/geodaten/detail.html?type=geoproduct&code=VIDEO,2026-09-30T18:17:06Z,0,cell=I5-T00-C03-GI2; cand=none; status=cur; sha256=none; Bern AGI geoproduct page; curl error
I5-F227,curl-fetch,https://podatki.gov.si/api/3/action/package_show?id=videonadzor-na-javnih-povrsinah-na-obmocju-obcine-kocevje,2026-09-30T18:17:06Z,1,cell=I5-T00-C03-GI2; cand=I5-C360; status=200; sha256=98cdfc53ae7e; podatki.gov.si package_show Kočevje
I5-F246,curl-fetch,https://www.dot.ri.gov/travel/cameras.js,2026-09-30T18:39:36Z,1,"cell=I5-T08-C03-GD; cand=I5-C011; status=200; sha256=f0a3c42e5abc; RIDOT cameras.js after orchestrator un-stop-listed dot.ri.gov (I5-F026 was HTTP 200 genuine content; the fetch.sh trigger was a reCAPTCHA script reference = tooling false positive, not a challenge page); file is a video-popup helper; streams via ../includes/getStreamUrl.php; no coordinates -> RI geometry negative confirmed"
I5-F247,curl-fetch,https://www.mdottraffic.com/,2026-09-30T18:39:48Z,1,cell=I5-T08-C03-GD; cand=I5-C400; status=200; sha256=87b0463af8d2; MDOTtraffic landing page; item=MS
I5-F248,curl-fetch,https://www.mdottraffic.com/?showMain=true,2026-09-30T18:39:59Z,1,cell=I5-T08-C03-GD; cand=I5-C400; status=200; sha256=144bba7317ce; MDOTtraffic map page; camera list loaded via PageMethods.LoadCameraData (POST-only; not called)
I5-F249,curl-fetch,https://mdot.ms.gov/documents/Administration/TermsOfUse.pdf,2026-09-30T18:40:13Z,1,cell=I5-T08-C03-GD; cand=I5-C400; status=200; sha256=832486402d42; MDOT Terms of Use PDF (terms captured verbatim)
I5-F250,curl-fetch,https://data-newgin.opendata.arcgis.com/,2026-09-30T18:41:00Z,1,cell=I5-T00-C03-GL1; cand=I5-C401; status=200; sha256=a578c03cf11e; NewGIN Open Data landing (City of Newark NJ)
I5-L001,local:connectors/src/connectors/data/agenda_tenants.toml,GL1 city -> known agenda tenant map (36 GL1 + OKC; exact + loose slug grep),2026-09-30T18:00:26Z,0,cell=I5-T00-C07-GL1; file=connectors/src/connectors/data/agenda_tenants.toml; sha256=f59ccb2b8fe1; 12 GL1 cities have a known tenant; 3 unresolved tenants (cityofnorthlasvegas; friscotexas; newark); output L001_gl1_agenda_tenants.txt; run_at = output-file birth time (stat)
I5-L002,local:docs/build/logs/next-phase/I1/atlas.csv,Atlas citation-domain frequency for the I5 partition (tier A/B states; GL1 cities; territories; documentcloud/muckrock excluded; archive links resolved),2026-09-30T18:00:49Z,0,cell=I5-CRES-CRES-GD; file=docs/build/logs/next-phase/I1/atlas.csv; sha256=dcbf8bc13d14; 54 partition groups; output L002_atlas_i5_partition_domains.txt; run_at = output-file birth time (stat)
I5-L003,local:connectors/src/connectors/data/dot_511_targets.toml,state DOT/511 verified targets + enumerated non-targets (inventory-first for T08),2026-09-30T18:07:10Z,0,cell=I5-T08-C03-GD; file=connectors/src/connectors/data/dot_511_targets.toml; sha256=171a3d741fcf; 13 dot_511_* sources; newengland511 (ME/NH/VT) keyed; wv511 robots-unretrievable; wyoroad 404; nmroads 404; nothing recorded for MS DE RI AR MI SC; file read earlier in session; run_at = date -u at hashing (no earlier stamp taken)
I5-L004,local:docs/build/logs/next-phase/I1/sub-est2024.csv,top-100 county-level entities (SUMLEV 050) minus consolidated/coterminous + loose agenda-tenant match,2026-09-30T18:05:24Z,0,cell=I5-T00-C07-GL3; file=docs/build/logs/next-phase/I1/sub-est2024.csv; sha256=af9cd4835c93; 87 counties; output L004_gl3_counties_tenants.txt (tenant match loose - verify); run_at = output-file birth time (stat)
I5-L101,local:../I1/atlas.csv,python resolve of L002 top gov/publisher domains for tier-A/B states to Atlas Link1-3/Other Links URLs,2026-09-30T18:32:22Z,,"cell=I5-CRES-CRES-GD; new=0; dup=0; resolved: michigan.gov 405 links->5 URLs (SNAP AUP x401, MIOC, DTMB contract 7700122, statewide grant list); sos.nh.gov 29->1 G&C agenda; riag.ri.gov 26->1 press release; aclu-ms.org 91->62 per-agency BWC policies; wgme 92->3; flourish 83->1; dsp.delaware.gov 3; ppd.providenceri.gov; fargond.gov; burlingtonvt.gov DD141; powerdms BarreCityPD; nmpolicechiefs.org policies; hsu.vermont.gov VIC; nh.gov NHIAC; doj.mt.gov; cdn.muckrock FR xlsx (ND); run_at = logging time from date -u (op executed earlier in the row, before the fetches that cite it)"
I5-L102,local:connectors/src/connectors/data/agenda_tenants.toml,grep GL4 locality names,2026-09-30T18:32:22Z,,"cell=I5-T00-C07-GL4; new=0; dup=0; known tenants: burlingtonvt, manchesternh, jacksonms, portlandme, charlestonwv, lansingmi, santafenm (civicclerk); concordnh (legistar, row labelled concord_ca); grandrapidscity (primegov, unresolved); granicus census cheyenne/wilmington robots_disallow_all, cityofcasper no_bounded_api; none for Dover, Providence, Augusta ME, Little Rock, Hawaii County, Fargo, Bismarck, Billings, Helena MT, Las Cruces; run_at = logging time from date -u (op executed earlier in the row, before the fetches that cite it)"
I5-L103,local:connectors/src/connectors/data/dot_511_targets.toml,inventory read of verified targets + enumerated non-targets,2026-09-30T18:32:22Z,,"cell=I5-T08-C03-GD; new=0; dup=0; 14 verified targets; enumerated keyed/SPA/robots rows incl. newengland511, wv511, wyoroad, nmroads, ncdot/padot/njta runneals rows; run_at = logging time from date -u (op executed earlier in the row, before the fetches that cite it)"
I5-L104,local:docs/build/planning/2026-09-30-next-phase/research/I1-source-coverage.md,state table rows for gap states (lines 243-308),2026-09-30T18:32:22Z,,"cell=I5-T08-C03-GD; new=0; dup=0; tier A/B gap list and weakest-state list confirmed; run_at = logging time from date -u (op executed earlier in the row, before the fetches that cite it)"
I5-L105,local:dedupe.sh,registry dedupe for all candidate hosts/ids,2026-09-30T18:32:22Z,,"cell=I5-T08-C03-G0; new=0; dup=0; same-as: camreg_massdot_ma, camreg_azdot_az (not re-listed); related: dot_511_tx, dot_511_ia, ncdot_runneals_mirror, concord_ca, caltrans_cctv; all others new; run_at = logging time from date -u (op executed earlier in the row, before the fetches that cite it)"
I5-L201,local:L001_gl1_agenda_tenants.txt,docs/build/logs/next-phase/I5/L001_gl1_agenda_tenants.txt,2026-09-30T18:14:01Z,12,cell=I5-T00-C07-GL1; local read; 12 known agenda tenants for the 36 GL1 cities + OKC unverified
I5-L202,local:agenda_tenants.toml,connectors/src/connectors/data/agenda_tenants.toml [[platform_census]] + [tenants.*] (python tomllib pass),2026-09-30T18:14:01Z,22,cell=I5-T00-C07-GL1; local read; platform_census hosts matching GL1/GL2 city slugs (granicus/novusagenda/iqm2/legistar not_provisioned)
I5-L203,local:procurement_portal_tenants.toml,connectors/src/connectors/data/procurement_portal_tenants.toml,2026-09-30T18:14:01Z,1,"cell=I5-T00-C09-GL2; local read; OKC bidnet tenant cityofoklahomacityandtrusts verified; opengov census waf_challenged (procurement.opengov.com incl. /portal/detroit,/portal/oklahoma-city)"
I5-L204,local:source-candidates.csv,docs/build/planning/2026-09-25-six-streams/data/source-candidates.csv,2026-09-30T18:14:01Z,3,"cell=I5-T00-C03-GL2; local read; SRC-001 (OKC Flock packet), SRC-002 (Tulsa Flock policies), SRC-006 (OMES) for dedupe"
I5-L205,local:../I1/atlas.csv,docs/build/logs/next-phase/I1/atlas.csv (GL1 cities + OKC; non-news Link1-3 URLs),2026-09-30T18:19:48Z,0,"cell=I5-T00-C05-GL1; local read; Atlas citation URLs used as leads to origin policy manuals / oversight reports / camera-registry pages (leads only, not corroboration)"
I5-L206,local:agenda_tenants.toml,connectors/src/connectors/data/agenda_tenants.toml (grep GL2 cities: gilbert/chandler/fort wayne/lubbock/irving/arlington),2026-09-30T18:22:10Z,1,"cell=I5-T00-C07-GL2; local read; Fort Wayne civicclerk tenant fortwaynein verified=true; lubbockcounty legistar row jurisdiction truncated ""County, TX""; arlingtontx granicus census (robots_disallow_all); no Gilbert/Chandler/Irving/Lubbock-city tenant"
I5-L207,local:procurement_portal_tenants.toml,connectors/src/connectors/data/procurement_portal_tenants.toml (grep 36 GL1 city names),2026-09-30T18:23:43Z,0,cell=I5-T00-C09-GL1; local read; no GL1 city tenant (only Tulsa County bidnet; opengov /portal/detroit waf_challenged census)
I5-L301,local:connectors/src/connectors/data/agenda_tenants.toml,"re-match of L004 top-100 counties against all [tenants.*] (slug+jurisdiction, state-aware)",2026-09-30T18:27:32Z,0,"cell=I5-T00-C07-GL3; new=0; dup=0; local read; run_at = date -u at logging time (read performed earlier this session, time not captured). Found tenants L004 missed: harriscountytx (legistar, jurisdiction 'County, TX'), hennepinmn, princegeorgescountymd, cobergennj, dekalbcountyga; unresolved 'clark' and 'santaclara' legistar rows -> probed F157/F158"
I5-L302,local:docs/build/logs/next-phase/I1/atlas.csv,rows with State in PR/GU/VI/AS/MP or Type of Juris = Tribal,2026-09-30T18:27:32Z,0,"cell=I5-T00-C14-GT; new=0; dup=0; local read; run_at = date -u at logging time (read performed earlier this session). 15135 Atlas rows; territories PR 13, VI 3, GU 2, AS 0, MP 0; Type of Juris=Tribal 140 rows / 111 agencies / 26 states (BWC 95, ALPR 19, drones 15, FRT 8, RTCC 1, GSD 1, investigative 1). Leads used: dpp.vi.gov, bja.ojp.gov awards, ictnews.org, lco-nsn.gov, virginislandsdailynews.com"
I5-L303,local:connectors/src/connectors/data/procurement_portal_tenants.toml;sources.toml,dedupe.sh + grep for county procurement/agenda hosts,2026-09-30T18:27:32Z,0,cell=I5-T00-C09-GL3; new=0; dup=0; local read; run_at = date -u at logging time (read performed earlier this session). bexar_county_tx (bidnet) exists; no Harris/Maricopa tenants; bonfire source exists (sources.toml:2595); civicplus source (sources.toml:1155); all agenda/portal hosts found this row dedupe -> new
I5-L401,local:docs/build/planning/2026-09-30-next-phase/design/I2-source-search-protocol.md:264-277,docs/build/planning/2026-09-30-next-phase/design/I2-source-search-protocol.md:264-277,2026-09-30T18:07:55Z,6,"cell=I5-T00-C04-GI1; new=6; dup=0; I2 international crosswalk (read before first date stamp); cands=I5-C307,I5-C335,I5-C336,I5-C337,I5-C341,I5-C366"
I5-L402,local:docs/build/planning/2026-09-30-next-phase/research/I1-source-coverage.md:441-470,docs/build/planning/2026-09-30-next-phase/research/I1-source-coverage.md:441-470,2026-09-30T18:07:55Z,0,cell=I5-T00-C04-GI1; new=0; dup=0; I1 §5 international coverage table; cands=none
I5-L403,local:docs/build/planning/2026-09-30-next-phase/data/search_matrix.csv,docs/build/planning/2026-09-30-next-phase/data/search_matrix.csv,2026-09-30T18:07:55Z,0,cell=I5-T00-C04-GI1; new=0; dup=0; GI1/GI2/GI3/GIW cell seeds; cands=none
I5-L404,local:connectors/src/connectors/data/sources.toml,connectors/src/connectors/data/sources.toml,2026-09-30T18:07:55Z,0,"cell=I5-T00-C03-GI1; new=0; dup=0; grep of non-US source rows (camreg_*_gb/au/nz/ie/ca, decp_fr, ted_eu, madada, technopolice, dk/at/nl gated rows) for dedupe; cands=none"
