source_id,status_live,licence_spdx,raw_status,attribution_required_text,share_alike,current_attribution_ok,raw_bytes_estimate,derived_rows,part_viii_flags,log_exposure_ok,evidence,note
osm_surveillance_tagging,permitted-not-ingested,ODbL-1.0,raw-ok,© OpenStreetMap contributors — ODbL 1.0 notice + licence link; derived DBs share-alike,y,na,stored 0 B (no run rows),0,none-known,na (no run records),"sources.toml [sources.osm_surveillance_tagging] (custody REFERENCE, redistributable=True); rights/osm_surveillance_tagging.md; attribution: nothing published",custody REFERENCE: serving raw needs a recorded posture change (SIG-ONTO-007)
osm_copyright,permitted-not-ingested,ODbL-1.0,raw-ok,© OpenStreetMap contributors — ODbL 1.0 notice + licence link; derived DBs share-alike,y,na,stored 0 B (no run rows),0,none-known,na (no run records),"sources.toml [sources.osm_copyright] (custody REFERENCE, redistributable=True); rights/osm_copyright.md; attribution: nothing published",custody REFERENCE: serving raw needs a recorded posture change (SIG-ONTO-007)
osmf_licence_guidelines,permitted-not-ingested,ODbL-1.0,raw-ok,© OpenStreetMap Foundation — ODbL 1.0 notice + licence link; derived DBs share-alike,y,na,stored 0 B (no run rows),0,none-known,na (no run records),"sources.toml [sources.osmf_licence_guidelines] (custody REFERENCE, redistributable=True); rights/osmf_licence_guidelines.md; attribution: nothing published",custody REFERENCE: serving raw needs a recorded posture change (SIG-ONTO-007)
osm_taginfo,permitted-not-ingested,ODbL-1.0,raw-ok,© OpenStreetMap contributors — ODbL 1.0 notice + licence link; derived DBs share-alike,y,na,stored 0 B (no run rows),0,none-known,na (no run records),"sources.toml [sources.osm_taginfo] (custody REFERENCE, redistributable=True); rights/osm_taginfo.md; attribution: nothing published",custody REFERENCE: serving raw needs a recorded posture change (SIG-ONTO-007)
osm_overpass,ingested-live,ODbL-1.0,raw-ok,© OpenStreetMap contributors — ODbL 1.0 notice + licence link; derived DBs share-alike,y,partial,"stored 322,457 B (1/2 digests retained)",claims ≈5214 max/run (API only; not in bulk files),OSM-user/uid-in-raw-bytes('out meta'; SIG-INGEST-045e),y-scrubbed (S-1…S-9),"sources.toml [sources.osm_overpass] (custody REFERENCE, redistributable=True); rights/osm_overpass.md; ops/runs 2 rows; OCFL listing; attribution: unverified",custody REFERENCE: serving raw needs a recorded posture change (SIG-ONTO-007) | stored raw capture retains data the ingest step discards (J4 NEW-4)
osm_replication,permitted-not-ingested,ODbL-1.0,raw-ok,© OpenStreetMap contributors — ODbL 1.0 notice + licence link; derived DBs share-alike,y,na,stored 0 B (no run rows),0,OSM-user/uid-in-raw-bytes(SIG-INGEST-045e),na (no run records),"sources.toml [sources.osm_replication] (custody REFERENCE, redistributable=True); rights/osm_replication.md; attribution: nothing published",custody REFERENCE: serving raw needs a recorded posture change (SIG-ONTO-007)
osm_element_history,ingested-live,ODbL-1.0,raw-ok,© OpenStreetMap contributors — ODbL 1.0 notice + licence link; derived DBs share-alike,y,partial,stored 0 B (no run rows),0,OSM-user/uid-in-raw-bytes(SIG-INGEST-045e),na (no run records),"sources.toml [sources.osm_element_history] (custody REFERENCE, redistributable=True); rights/osm_element_history.md; attribution: unverified",custody REFERENCE: serving raw needs a recorded posture change (SIG-ONTO-007)
osm_automated_edits_coc,permitted-not-ingested,ODbL-1.0,raw-ok,© OpenStreetMap contributors — ODbL 1.0 notice + licence link; derived DBs share-alike,y,na,stored 0 B (no run rows),0,none-known,na (no run records),"sources.toml [sources.osm_automated_edits_coc] (custody REFERENCE, redistributable=True); rights/osm_automated_edits_coc.md; attribution: nothing published",custody REFERENCE: serving raw needs a recorded posture change (SIG-ONTO-007)
deflock,gated,UNDETERMINED,unknown,unknown (no reviewed rights),unknown,partial,stored 0 B (no run rows),seed claims served by the live API + web/evidence.json (J4 NEW-6),none-known,na (no run records),"sources.toml [sources.deflock] (custody REFERENCE, redistributable=-); rights/deflock.md; API /v1/search obligations 2026-09-30T17:3xZ; attribution: live API obligation text present, terms_url empty","no reviewed rights block (UNDETERMINED; export gate fails closed) | gated registry row, yet ops/src/ops/seed.py claims are served live under CC-BY-4.0 (J4 NEW-6)"
deflock_repo,permitted-not-ingested,MIT,raw-ok,FoggedLens / DeFlock — MIT copyright + permission notice with any copy,n,na,stored 0 B (no run rows),0,none-known,na (no run records),"sources.toml [sources.deflock_repo] (custody REFERENCE, redistributable=True); rights/deflock_repo.md; attribution: nothing published",custody REFERENCE: serving raw needs a recorded posture change (SIG-ONTO-007)
deflock_app_repo,permitted-not-ingested,AGPL-3.0,raw-ok,FoggedLens / DeFlock — AGPL-3.0 notice; code never linked into SIG,n,na,stored 0 B (no run rows),0,none-known,na (no run records),"sources.toml [sources.deflock_app_repo] (custody REFERENCE, redistributable=True); rights/deflock_app_repo.md; attribution: nothing published",custody REFERENCE: serving raw needs a recorded posture change (SIG-ONTO-007)
flockhopper3_deflock_data,refused,UNDETERMINED,restricted,unknown (no reviewed rights),unknown,na,stored 0 B (no run rows),0,none-known,na (no run records),"sources.toml [sources.flockhopper3_deflock_data] (custody LINK, redistributable=-); attribution: nothing published",registry records a do-not-ingest decision
surveillance_under_surveillance,gated,UNDETERMINED,unknown,unknown (no reviewed rights),unknown,na,stored 0 B (no run rows),0,none-known,na (no run records),"sources.toml [sources.surveillance_under_surveillance] (custody REFERENCE, redistributable=-); attribution: nothing published",no reviewed rights block (UNDETERMINED; export gate fails closed)
panopticity,gated,UNDETERMINED,link-only,unknown (no reviewed rights),unknown,na,stored 0 B (no run rows),0,none-known,na (no run records),"sources.toml [sources.panopticity] (custody LINK, redistributable=-); attribution: nothing published",no reviewed rights block (UNDETERMINED; export gate fails closed)
drivers_against_flock,gated,UNDETERMINED,link-only,unknown (no reviewed rights),unknown,na,stored 0 B (no run rows),0,none-known,na (no run records),"sources.toml [sources.drivers_against_flock] (custody LINK, redistributable=-); attribution: nothing published",no reviewed rights block (UNDETERMINED; export gate fails closed)
flock_transparency_portals,refused,UNDETERMINED,restricted,unknown (no reviewed rights),unknown,na,stored 0 B (no run rows),0,none-known,na (no run records),"sources.toml [sources.flock_transparency_portals] (custody LINK, redistributable=-); attribution: nothing published",registry records a do-not-ingest decision
flock_api_terms,gated,UNDETERMINED,unknown,unknown (no reviewed rights),unknown,na,stored 0 B (no run rows),0,none-known,na (no run records),"sources.toml [sources.flock_api_terms] (custody REFERENCE, redistributable=-); attribution: nothing published",no reviewed rights block (UNDETERMINED; export gate fails closed)
eyes_on_flock,ingested-live,CC-BY-SA-4.0,restricted,Eyes on Flock (CC BY-SA 4.0) — licensed CC BY-SA 4.0; indicate changes; adaptations under CC BY-SA 4.0,y,n,"stored 16,498,233 B (1/2 digests retained)",claims ≈11976 max/run (API only; not in bulk files),free-text-search-reasons(500 keys; case-no/plate-like tokens),counts-only (S-1…S-9; no URLs/free text),"sources.toml [sources.eyes_on_flock] (custody MIRROR, redistributable=True); rights/eyes_on_flock.md; API /v1/search obligations 2026-09-30T17:3xZ; ops/runs 4 rows; OCFL listing; attribution: live API obligation: attribution required, text empty",Part VIII override (P8-1); licence alone would give raw-ok | stored raw capture retains data the ingest step discards (J4 NEW-4) | attribution defect new in J4 NEW-3
eyes_on_flock_description,gated,UNDETERMINED,link-only,unknown (no reviewed rights),unknown,na,stored 0 B (no run rows),0,none-known,na (no run records),"sources.toml [sources.eyes_on_flock_description] (custody LINK, redistributable=-); attribution: nothing published",no reviewed rights block (UNDETERMINED; export gate fails closed)
axon_community_connect,gated,UNDETERMINED,unknown,unknown (no reviewed rights),unknown,na,stored 0 B (no run rows),0,none-known,na (no run records),"sources.toml [sources.axon_community_connect] (custody REFERENCE, redistributable=-); attribution: nothing published",no reviewed rights block (UNDETERMINED; export gate fails closed)
footnote4a,gated,UNDETERMINED,link-only,unknown (no reviewed rights),unknown,na,stored 0 B (no run rows),0,none-known,na (no run records),"sources.toml [sources.footnote4a] (custody LINK, redistributable=-); attribution: nothing published",no reviewed rights block (UNDETERMINED; export gate fails closed)
ca_sharing_visualization,gated,UNDETERMINED,link-only,unknown (no reviewed rights),unknown,na,stored 0 B (no run rows),0,none-known,na (no run records),"sources.toml [sources.ca_sharing_visualization] (custody LINK, redistributable=-); attribution: nothing published",no reviewed rights block (UNDETERMINED; export gate fails closed)
have_i_been_flocked,gated,UNDETERMINED,unknown,unknown (no reviewed rights),unknown,na,stored 0 B (no run rows),0,none-known,na (no run records),"sources.toml [sources.have_i_been_flocked] (custody REFERENCE, redistributable=-); attribution: nothing published",no reviewed rights block (UNDETERMINED; export gate fails closed)
hibf_methodology,gated,UNDETERMINED,unknown,unknown (no reviewed rights),unknown,na,stored 0 B (no run rows),0,none-known,na (no run records),"sources.toml [sources.hibf_methodology] (custody REFERENCE, redistributable=-); attribution: nothing published",no reviewed rights block (UNDETERMINED; export gate fails closed)
hibf_audit_log_guide,gated,UNDETERMINED,unknown,unknown (no reviewed rights),unknown,na,stored 0 B (no run rows),0,audit-schema-reference,na (no run records),"sources.toml [sources.hibf_audit_log_guide] (custody REFERENCE, redistributable=-); attribution: nothing published",no reviewed rights block (UNDETERMINED; export gate fails closed)
agency_audit_export,permitted-not-ingested,CC0-1.0,restricted,none required by licence (courtesy credit: Agency Flock audit export (public record)),n,na,stored 0 B (no run rows),0,audit-log-plate/operator-level,na (no run records),"sources.toml [sources.agency_audit_export] (custody MIRROR, redistributable=True); rights/agency_audit_export.md; attribution: nothing published",Part VIII override (P8-1); licence alone would give derived-only
alpr_watch,gated,UNDETERMINED,unknown,unknown (no reviewed rights),unknown,na,stored 0 B (no run rows),0,none-known,na (no run records),"sources.toml [sources.alpr_watch] (custody REFERENCE, redistributable=-); attribution: nothing published",no reviewed rights block (UNDETERMINED; export gate fails closed)
alpr_watch_foia_method,gated,UNDETERMINED,unknown,unknown (no reviewed rights),unknown,na,stored 0 B (no run rows),0,none-known,na (no run records),"sources.toml [sources.alpr_watch_foia_method] (custody REFERENCE, redistributable=-); attribution: nothing published",no reviewed rights block (UNDETERMINED; export gate fails closed)
alpr_watch_code,gated,UNDETERMINED,unknown,unknown (no reviewed rights),unknown,na,stored 0 B (no run rows),0,none-known,na (no run records),"sources.toml [sources.alpr_watch_code] (custody REFERENCE, redistributable=-); attribution: nothing published",no reviewed rights block (UNDETERMINED; export gate fails closed)
alpr_watch_dashboard,gated,UNDETERMINED,unknown,unknown (no reviewed rights),unknown,na,stored 0 B (no run rows),0,none-known,na (no run records),"sources.toml [sources.alpr_watch_dashboard] (custody REFERENCE, redistributable=-); attribution: nothing published",no reviewed rights block (UNDETERMINED; export gate fails closed)
flock_ajith_fyi,refused,UNDETERMINED,restricted,unknown (no reviewed rights),unknown,na,stored 0 B (no run rows),0,none-known,na (no run records),"sources.toml [sources.flock_ajith_fyi] (custody LINK, redistributable=-); attribution: nothing published",registry records a do-not-ingest decision
monahan_grounding_the_flock,gated,UNDETERMINED,link-only,unknown (no reviewed rights),unknown,na,stored 0 B (no run rows),0,none-known,na (no run records),"sources.toml [sources.monahan_grounding_the_flock] (custody LINK, redistributable=-); attribution: nothing published",no reviewed rights block (UNDETERMINED; export gate fails closed)
eff_atlas_of_surveillance,ingested-live,CC-BY-4.0,raw-ok,"Electronic Frontier Foundation, Atlas of Surveillance (CC BY 4.0) — licensed CC BY 4.0 (https://creativecommons.org/licenses/by/4.0/); indicate changes",n,n,stored 0 B (no run rows),"claims ≈15,187 (API only; I1)",free-text-Summary(screen SIG-PUB-014a); third-party caveat SC-09,na (no run records),"sources.toml [sources.eff_atlas_of_surveillance] (custody MIRROR, redistributable=True); rights/eff_atlas_of_surveillance.md; API /v1/search obligations 2026-09-30T17:3xZ; attribution: live API obligation attributes 'DeFlock community map'",
atlas_methodology,gated,UNDETERMINED,unknown,unknown (no reviewed rights),unknown,na,stored 0 B (no run rows),0,none-known,na (no run records),"sources.toml [sources.atlas_methodology] (custody REFERENCE, redistributable=-); attribution: nothing published",no reviewed rights block (UNDETERMINED; export gate fails closed)
atlas_about,gated,UNDETERMINED,unknown,unknown (no reviewed rights),unknown,na,stored 0 B (no run rows),0,none-known,na (no run records),"sources.toml [sources.atlas_about] (custody REFERENCE, redistributable=-); attribution: nothing published",no reviewed rights block (UNDETERMINED; export gate fails closed)
atlas_data_library,gated,UNDETERMINED,link-only,unknown (no reviewed rights),unknown,na,stored 0 B (no run rows),0,none-known,na (no run records),"sources.toml [sources.atlas_data_library] (custody LINK, redistributable=-); attribution: nothing published",no reviewed rights block (UNDETERMINED; export gate fails closed)
eff_copyright,gated,UNDETERMINED,unknown,unknown (no reviewed rights),unknown,na,stored 0 B (no run rows),0,none-known,na (no run records),"sources.toml [sources.eff_copyright] (custody REFERENCE, redistributable=-); attribution: nothing published",no reviewed rights block (UNDETERMINED; export gate fails closed)
eff_street_level_surveillance,gated,UNDETERMINED,unknown,unknown (no reviewed rights),unknown,na,stored 0 B (no run rows),0,none-known,na (no run records),"sources.toml [sources.eff_street_level_surveillance] (custody REFERENCE, redistributable=-); attribution: nothing published",no reviewed rights block (UNDETERMINED; export gate fails closed)
eff_data_driven,ingested-live,CC-BY-4.0,derived-only,EFF & MuckRock — Data Driven (2018) — licensed CC BY 4.0 (https://creativecommons.org/licenses/by/4.0/); indicate changes,n,n,"stored 44,608 B (1/1 digests retained)",sharing_edges 630 [sig_graph]; claims ≈1863 max/run,aggregate-only by packet; raw release carries per-agency sharing lists,y-scrubbed (S-1…S-9),"sources.toml [sources.eff_data_driven] (custody MIRROR, redistributable=True); rights/eff_data_driven.md; ops/runs 1 rows; OCFL listing; attribution: sharing_edges rows attributed '© The SIG project — CC-BY-4.0' (EFF not credited)",packet: redistribute at aggregate granularity only (§23.9) | attribution defect new in J4 NEW-3
alpr_accountability_atlas,gated,UNDETERMINED,unknown,unknown (no reviewed rights),unknown,na,stored 0 B (no run rows),0,none-known,na (no run records),"sources.toml [sources.alpr_accountability_atlas] (custody REFERENCE, redistributable=-); attribution: nothing published",no reviewed rights block (UNDETERMINED; export gate fails closed)
alpr_abuse_library,gated,UNDETERMINED,unknown,unknown (no reviewed rights),unknown,na,stored 0 B (no run rows),0,none-known,na (no run records),"sources.toml [sources.alpr_abuse_library] (custody REFERENCE, redistributable=-); attribution: nothing published",no reviewed rights block (UNDETERMINED; export gate fails closed)
aclu_flock_toolkit,gated,UNDETERMINED,unknown,unknown (no reviewed rights),unknown,na,stored 0 B (no run rows),0,none-known,na (no run records),"sources.toml [sources.aclu_flock_toolkit] (custody REFERENCE, redistributable=-); attribution: nothing published",no reviewed rights block (UNDETERMINED; export gate fails closed)
aclu_cell_site_simulators,gated,UNDETERMINED,unknown,unknown (no reviewed rights),unknown,na,stored 0 B (no run rows),0,none-known,na (no run records),"sources.toml [sources.aclu_cell_site_simulators] (custody REFERENCE, redistributable=-); attribution: nothing published",no reviewed rights block (UNDETERMINED; export gate fails closed)
wired_shotspotter_leak,refused,UNDETERMINED,restricted,unknown (no reviewed rights),unknown,na,stored 0 B (no run rows),0,none-known,na (no run records),"sources.toml [sources.wired_shotspotter_leak] (custody LINK, redistributable=-); attribution: nothing published",registry records a do-not-ingest decision
guardian_flock_cameras,gated,UNDETERMINED,link-only,unknown (no reviewed rights),unknown,na,stored 0 B (no run rows),0,none-known,na (no run records),"sources.toml [sources.guardian_flock_cameras] (custody LINK, redistributable=-); attribution: nothing published",no reviewed rights block (UNDETERMINED; export gate fails closed)
courtlistener_recap,gated,UNDETERMINED,unknown,unknown (no reviewed rights),unknown,na,stored 0 B (no run rows),0,none-known,na (no run records),"sources.toml [sources.courtlistener_recap] (custody REFERENCE, redistributable=-); rights/courtlistener_recap.md; attribution: nothing published",no reviewed rights block (UNDETERMINED; export gate fails closed)
gao_surveillance_reports,ingested-live,CC0-1.0,raw-ok,"none required by licence (courtesy credit: U.S. Government Accountability Office (public domain, 17 U.S.C. §105))",n,y,"stored 151,466 B (1/1 digests retained)",claims ≈10 max/run (API only; not in bulk files),none-known,y-scrubbed (S-1…S-9),"sources.toml [sources.gao_surveillance_reports] (custody MIRROR, redistributable=True); ops/runs 2 rows; OCFL listing; attribution: licence requires none (API text unverified)",US federal work (17 U.S.C. §105)
dhs_oig_reports,ingested-live,CC0-1.0,raw-ok,"none required by licence (courtesy credit: U.S. Department of Homeland Security, Office of Inspector General (public domain, 17 U.S.C. §105))",n,y,"stored 3,113,707 B (1/1 digests retained)",claims ≈7 max/run (API only; not in bulk files),none-known,y-scrubbed (S-1…S-9),"sources.toml [sources.dhs_oig_reports] (custody MIRROR, redistributable=True); ops/runs 2 rows; OCFL listing; attribution: licence requires none (API text unverified)",US federal work (17 U.S.C. §105)
dhs_fusion_center_assessments,ingested-live,CC0-1.0,raw-ok,"none required by licence (courtesy credit: U.S. Department of Homeland Security — National Network of Fusion Centers assessment (public domain, 17 U.S.C. §105))",n,y,"stored 1,191,818 B (1/1 digests retained)",claims ≈8 max/run (API only; not in bulk files),none-known,y-scrubbed (S-1…S-9),"sources.toml [sources.dhs_fusion_center_assessments] (custody MIRROR, redistributable=True); ops/runs 2 rows; OCFL listing; attribution: licence requires none (API text unverified)",US federal work (17 U.S.C. §105)
fema_hsgp_allocations,ingested-live,CC0-1.0,raw-ok,"none required by licence (courtesy credit: U.S. Federal Emergency Management Agency — Homeland Security Grant Program allocations (public domain, 17 U.S.C. §105))",n,y,"stored 123,232 B (2/2 digests retained)",claims ≈4060 max/run (API only; not in bulk files),none-known,y-scrubbed (S-1…S-9),"sources.toml [sources.fema_hsgp_allocations] (custody MIRROR, redistributable=True); ops/runs 3 rows; OCFL listing; attribution: licence requires none (API text unverified)",US federal work (17 U.S.C. §105)
uk_surveillance_camera_commissioner,ingested-live,LicenseRef-OperatorAccepted-DBRight,derived-only,"no licence notice; SIG's own per-row promise (SIG-EXPORT-006): UK Biometrics & Surveillance Camera Commissioner (Crown copyright, Open Government Licence v3.0; derived facts + citations only)",n,n,"stored 752,642 B (2/2 digests retained)",claims ≈8 max/run (API only; not in bulk files),none-known,y-scrubbed (S-1…S-9),"sources.toml [sources.uk_surveillance_camera_commissioner] (custody DERIVE, redistributable=True); ops/runs 2 rows; OCFL listing; attribution: inference: these SPDX groups publish empty attribution (J1 NEW-3)",DERIVE/derived-facts basis: upstream bytes never re-hosted by the recorded decision
muckrock,ingested-live,LicenseRef-MuckRock-API-ToS,restricted,per MuckRock ToS: MuckRock Foundation,n,partial,stored 0 B (no run rows),claims ≈6 (API only; I1),released-records-PII; request slugs may name persons,na (no run records),"sources.toml [sources.muckrock] (custody REFERENCE, redistributable=False); rights/muckrock.md; attribution: unverified",registry redistributable=false
documentcloud,gated,UNDETERMINED,restricted,unknown (no reviewed rights),unknown,na,stored 0 B (no run rows),0,released-records-PII,na (no run records),"sources.toml [sources.documentcloud] (custody REFERENCE, redistributable=-); rights/documentcloud.md; attribution: nothing published",Part VIII override (P8-2); licence alone would give derived-only
usaspending,ingested-live,CC0-1.0,raw-ok,none required by licence (courtesy credit: USAspending.gov (U.S. Department of the Treasury)),n,y,stored 0 B (0/33 digests retained; runs before 2026-09-25),claims ≈38837 max/run (API only; not in bulk files),recipient-may-be-natural-person(inference),y-scrubbed (S-1…S-9),"sources.toml [sources.usaspending] (custody REFERENCE, redistributable=True); rights/usaspending.md; ops/runs 2 rows; OCFL listing; attribution: licence requires none (API text unverified)",US federal work (17 U.S.C. §105) | custody REFERENCE: serving raw needs a recorded posture change (SIG-ONTO-007)
sam_gov,ingested-live,CC0-1.0,raw-ok,none required by licence (courtesy credit: SAM.gov (U.S. General Services Administration — federal public domain)),n,y,"stored 62,598 B (10/14 digests retained)",claims ≈330 max/run (API only; not in bulk files),contracting-officer-contacts(name/email/phone; inference from API schema),y-scrubbed (S-1…S-9),"sources.toml [sources.sam_gov] (custody REFERENCE, redistributable=True); rights/sam_gov.md; ops/runs 4 rows; OCFL listing; attribution: licence requires none (API text unverified)",US federal work (17 U.S.C. §105) | custody REFERENCE: serving raw needs a recorded posture change (SIG-ONTO-007)
govspend,gated,UNDETERMINED,link-only,unknown (no reviewed rights),unknown,na,stored 0 B (no run rows),0,none-known,na (no run records),"sources.toml [sources.govspend] (custody LINK, redistributable=-); attribution: nothing published",no reviewed rights block (UNDETERMINED; export gate fails closed)
sourcewell,gated,UNDETERMINED,unknown,unknown (no reviewed rights),unknown,na,stored 0 B (no run rows),0,none-known,na (no run records),"sources.toml [sources.sourcewell] (custody REFERENCE, redistributable=-); attribution: nothing published",no reviewed rights block (UNDETERMINED; export gate fails closed)
omnia_partners,gated,UNDETERMINED,link-only,unknown (no reviewed rights),unknown,na,stored 0 B (no run rows),0,none-known,na (no run records),"sources.toml [sources.omnia_partners] (custody LINK, redistributable=-); attribution: nothing published",no reviewed rights block (UNDETERMINED; export gate fails closed)
naspo_valuepoint,gated,UNDETERMINED,link-only,unknown (no reviewed rights),unknown,na,stored 0 B (no run rows),0,none-known,na (no run records),"sources.toml [sources.naspo_valuepoint] (custody LINK, redistributable=-); attribution: nothing published",no reviewed rights block (UNDETERMINED; export gate fails closed)
buyboard,gated,UNDETERMINED,link-only,unknown (no reviewed rights),unknown,na,stored 0 B (no run rows),0,none-known,na (no run records),"sources.toml [sources.buyboard] (custody LINK, redistributable=-); attribution: nothing published",no reviewed rights block (UNDETERMINED; export gate fails closed)
tips_usa,gated,UNDETERMINED,link-only,unknown (no reviewed rights),unknown,na,stored 0 B (no run rows),0,none-known,na (no run records),"sources.toml [sources.tips_usa] (custody LINK, redistributable=-); attribution: nothing published",no reviewed rights block (UNDETERMINED; export gate fails closed)
hgacbuy,gated,UNDETERMINED,link-only,unknown (no reviewed rights),unknown,na,stored 0 B (no run rows),0,none-known,na (no run records),"sources.toml [sources.hgacbuy] (custody LINK, redistributable=-); attribution: nothing published",no reviewed rights block (UNDETERMINED; export gate fails closed)
equalis_group,gated,UNDETERMINED,link-only,unknown (no reviewed rights),unknown,na,stored 0 B (no run rows),0,none-known,na (no run records),"sources.toml [sources.equalis_group] (custody LINK, redistributable=-); attribution: nothing published",no reviewed rights block (UNDETERMINED; export gate fails closed)
gsa,gated,UNDETERMINED,link-only,unknown (no reviewed rights),unknown,na,stored 0 B (no run rows),0,none-known,na (no run records),"sources.toml [sources.gsa] (custody LINK, redistributable=-); attribution: nothing published",no reviewed rights block (UNDETERMINED; export gate fails closed)
legistar,ingested-live,CC0-1.0,derived-only,none required by licence (courtesy credit: Municipal legislative records via Legistar InSite (public record)),n,y,stored 0 B (0/1259 digests retained; runs before 2026-09-25),claims ≈36257 max/run (API only; not in bulk files),matter/event-titles-may-name-private-persons,y-scrubbed; document URLs only for gate-passed documents (S-6),"sources.toml [sources.legistar] (custody REFERENCE, redistributable=True); rights/legistar.md; API /v1/search obligations 2026-09-30T17:3xZ; ops/runs 4 rows; OCFL listing; attribution: live API obligation carries own text + terms URL","registry CC0-1.0 is a SIG-recorded label (GL-GATE-06 municipal public-record label), not an upstream dedication (J4 NEW-7)"
primegov,ingested-live,CC0-1.0,derived-only,none required by licence (courtesy credit: Municipal meeting records via PrimeGov PublicPortal (public record)),n,y,stored 0 B (0/134 digests retained; runs before 2026-09-25),claims ≈231885 max/run (API only; not in bulk files),meeting-titles/attachments-may-name-private-persons,y-scrubbed; robots_disregarded (220 events) disclosure = operator decision (Q-J4-4),"sources.toml [sources.primegov] (custody REFERENCE, redistributable=True); rights/primegov.md; ops/runs 5 rows; OCFL listing; attribution: licence requires none (API text unverified)","registry CC0-1.0 is a SIG-recorded label (GL-GATE-06 municipal public-record label), not an upstream dedication (J4 NEW-7)"
civicclerk,ingested-live,CC0-1.0,derived-only,none required by licence (courtesy credit: Municipal meeting records via CivicClerk (public record)),n,y,stored 0 B (0/1018 digests retained; runs before 2026-09-25),claims ≈5311 max/run (API only; not in bulk files),meeting-titles/attachments-may-name-private-persons,y-scrubbed; document URLs only for gate-passed documents (S-6),"sources.toml [sources.civicclerk] (custody REFERENCE, redistributable=True); rights/civicclerk.md; ops/runs 5 rows; OCFL listing; attribution: licence requires none (API text unverified)","registry CC0-1.0 is a SIG-recorded label (GL-GATE-06 municipal public-record label), not an upstream dedication (J4 NEW-7)"
civicplus,gated,UNDETERMINED,link-only,unknown (no reviewed rights),unknown,na,stored 0 B (no run rows),0,none-known,na (no run records),"sources.toml [sources.civicplus] (custody LINK, redistributable=-); attribution: nothing published",no reviewed rights block (UNDETERMINED; export gate fails closed)
novusagenda,gated,UNDETERMINED,link-only,unknown (no reviewed rights),unknown,na,stored 0 B (no run rows),0,none-known,na (no run records),"sources.toml [sources.novusagenda] (custody LINK, redistributable=-); attribution: nothing published",no reviewed rights block (UNDETERMINED; export gate fails closed)
boarddocs,gated,UNDETERMINED,link-only,unknown (no reviewed rights),unknown,na,stored 0 B (no run rows),0,none-known,na (no run records),"sources.toml [sources.boarddocs] (custody LINK, redistributable=-); attribution: nothing published",no reviewed rights block (UNDETERMINED; export gate fails closed)
granicus,gated,UNDETERMINED,link-only,unknown (no reviewed rights),unknown,na,stored 0 B (no run rows),0,none-known,na (no run records),"sources.toml [sources.granicus] (custody LINK, redistributable=-); attribution: nothing published",no reviewed rights block (UNDETERMINED; export gate fails closed)
iqm2,gated,UNDETERMINED,link-only,unknown (no reviewed rights),unknown,na,stored 0 B (no run rows),0,none-known,na (no run records),"sources.toml [sources.iqm2] (custody LINK, redistributable=-); attribution: nothing published",no reviewed rights block (UNDETERMINED; export gate fails closed)
escribe,ingested-live,CC0-1.0,derived-only,none required by licence (courtesy credit: Municipal meeting records via eScribe (public record)),n,y,stored 0 B (0/2665 digests retained; runs before 2026-09-25),claims ≈16204 max/run (API only; not in bulk files),meeting-titles/attachments-may-name-private-persons,y-scrubbed; robots_disregarded (12 events) disclosure = operator decision (Q-J4-4),"sources.toml [sources.escribe] (custody REFERENCE, redistributable=True); rights/escribe.md; ops/runs 10 rows; OCFL listing; attribution: licence requires none (API text unverified)","registry CC0-1.0 is a SIG-recorded label (GL-GATE-06 municipal public-record label), not an upstream dedication (J4 NEW-7)"
nextrequest,gated,UNDETERMINED,unknown,unknown (no reviewed rights),unknown,na,stored 0 B (no run rows),0,none-known,na (no run records),"sources.toml [sources.nextrequest] (custody REFERENCE, redistributable=-); attribution: nothing published",no reviewed rights block (UNDETERMINED; export gate fails closed)
govqa,gated,UNDETERMINED,link-only,unknown (no reviewed rights),unknown,na,stored 0 B (no run rows),0,none-known,na (no run records),"sources.toml [sources.govqa] (custody LINK, redistributable=-); attribution: nothing published",no reviewed rights block (UNDETERMINED; export gate fails closed)
justfoia,gated,UNDETERMINED,link-only,unknown (no reviewed rights),unknown,na,stored 0 B (no run rows),0,none-known,na (no run records),"sources.toml [sources.justfoia] (custody LINK, redistributable=-); attribution: nothing published",no reviewed rights block (UNDETERMINED; export gate fails closed)
foiaxpress,gated,UNDETERMINED,link-only,unknown (no reviewed rights),unknown,na,stored 0 B (no run rows),0,none-known,na (no run records),"sources.toml [sources.foiaxpress] (custody LINK, redistributable=-); attribution: nothing published",no reviewed rights block (UNDETERMINED; export gate fails closed)
openstates,ingested-live,CC0-1.0,raw-ok,none required by licence (courtesy credit: OpenStates / Plural (public-domain dedication; attribution appreciated)),n,y,"stored 2,466,865 B (160/252 digests retained)",claims ≈4591 max/run (API only; not in bulk files),none-known,y-scrubbed (S-1…S-9),"sources.toml [sources.openstates] (custody REFERENCE, redistributable=True); rights/openstates.md; ops/runs 8 rows; OCFL listing; attribution: licence requires none (API text unverified)",custody REFERENCE: serving raw needs a recorded posture change (SIG-ONTO-007)
fbi_cde_agency_registry,ingested-live,CC0-1.0,raw-ok,"none required by licence (courtesy credit: FBI Crime Data Explorer (FBI/CJIS, via data.gov))",n,y,stored 0 B (no run rows),"claims ≈5,111 (API only; I1)",none-known,na (no run records),"sources.toml [sources.fbi_cde_agency_registry] (custody REFERENCE, redistributable=True); rights/fbi_cde_agency_registry.md; attribution: licence requires none (API text unverified)",US federal work (17 U.S.C. §105) | custody REFERENCE: serving raw needs a recorded posture change (SIG-ONTO-007)
congress_gov,ingested-live,CC0-1.0,raw-ok,"none required by licence (courtesy credit: Congress.gov / Library of Congress (US federal public domain, 17 U.S.C. §105))",n,y,"stored 13,391,438 B (78/230 digests retained)",claims ≈20008 max/run (API only; not in bulk files),none-known,y-scrubbed (S-1…S-9),"sources.toml [sources.congress_gov] (custody REFERENCE, redistributable=True); rights/congress_gov.md; ops/runs 4 rows; OCFL listing; attribution: licence requires none (API text unverified)",US federal work (17 U.S.C. §105) | custody REFERENCE: serving raw needs a recorded posture change (SIG-ONTO-007)
leaic_crosswalk,gated,UNDETERMINED,unknown,unknown (no reviewed rights),unknown,na,stored 0 B (no run rows),0,none-known,na (no run records),"sources.toml [sources.leaic_crosswalk] (custody MIRROR, redistributable=-); attribution: nothing published",no reviewed rights block (UNDETERMINED; export gate fails closed)
census_gazetteer_tiger,gated,UNDETERMINED,unknown,unknown (no reviewed rights),unknown,na,stored 0 B (no run rows),0,none-known,na (no run records),"sources.toml [sources.census_gazetteer_tiger] (custody MIRROR, redistributable=-); attribution: nothing published",no reviewed rights block (UNDETERMINED; export gate fails closed)
census_geocoder,gated,UNDETERMINED,unknown,unknown (no reviewed rights),unknown,na,stored 0 B (no run rows),0,none-known,na (no run records),"sources.toml [sources.census_geocoder] (custody REFERENCE, redistributable=-); attribution: nothing published",no reviewed rights block (UNDETERMINED; export gate fails closed)
gleif,permitted-not-ingested,CC0-1.0,raw-ok,none required by licence (courtesy credit: GLEIF),n,na,stored 0 B (no run rows),0,none-known,na (no run records),"sources.toml [sources.gleif] (custody MIRROR, redistributable=True); rights/gleif.md; attribution: nothing published",
nces_ipeds_ntd_cms,gated,UNDETERMINED,unknown,unknown (no reviewed rights),unknown,na,stored 0 B (no run rows),0,none-known,na (no run records),"sources.toml [sources.nces_ipeds_ntd_cms] (custody MIRROR, redistributable=-); attribution: nothing published",no reviewed rights block (UNDETERMINED; export gate fails closed)
wikidata_sparql,permitted-not-ingested,CC0-1.0,raw-ok,none required by licence (courtesy credit: Wikidata contributors),n,na,stored 0 B (no run rows),0,none-known,na (no run records),"sources.toml [sources.wikidata_sparql] (custody REFERENCE, redistributable=True); rights/wikidata_sparql.md; attribution: nothing published",custody REFERENCE: serving raw needs a recorded posture change (SIG-ONTO-007)
internet_archive_wayback,gated,UNDETERMINED,unknown,unknown (no reviewed rights),unknown,na,stored 0 B (no run rows),0,none-known,na (no run records),"sources.toml [sources.internet_archive_wayback] (custody REFERENCE, redistributable=-); attribution: nothing published",no reviewed rights block (UNDETERMINED; export gate fails closed)
dhs_fusion_centers,gated,UNDETERMINED,unknown,unknown (no reviewed rights),unknown,na,stored 0 B (no run rows),0,none-known,na (no run records),"sources.toml [sources.dhs_fusion_centers] (custody REFERENCE, redistributable=-); attribution: nothing published",no reviewed rights block (UNDETERMINED; export gate fails closed)
faa_drone_waivers,gated,UNDETERMINED,unknown,unknown (no reviewed rights),unknown,na,stored 0 B (no run rows),0,none-known,na (no run records),"sources.toml [sources.faa_drone_waivers] (custody REFERENCE, redistributable=-); attribution: nothing published",no reviewed rights block (UNDETERMINED; export gate fails closed)
flock_finder,permitted-not-ingested,MIT,raw-ok,simeononsecurity — MIT copyright + permission notice with any copy,n,na,stored 0 B (no run rows),0,none-known,na (no run records),"sources.toml [sources.flock_finder] (custody REFERENCE, redistributable=True); rights/flock_finder.md; attribution: nothing published",custody REFERENCE: serving raw needs a recorded posture change (SIG-ONTO-007)
flock_you,gated,UNDETERMINED,unknown,unknown (no reviewed rights),unknown,na,stored 0 B (no run rows),0,none-known,na (no run records),"sources.toml [sources.flock_you] (custody REFERENCE, redistributable=-); attribution: nothing published",no reviewed rights block (UNDETERMINED; export gate fails closed)
wigle,gated,UNDETERMINED,link-only,unknown (no reviewed rights),unknown,na,stored 0 B (no run rows),0,none-known,na (no run records),"sources.toml [sources.wigle] (custody LINK, redistributable=-); attribution: nothing published",no reviewed rights block (UNDETERMINED; export gate fails closed)
flockreporter,gated,UNDETERMINED,link-only,unknown (no reviewed rights),unknown,na,stored 0 B (no run rows),0,none-known,na (no run records),"sources.toml [sources.flockreporter] (custody LINK, redistributable=-); attribution: nothing published",no reviewed rights block (UNDETERMINED; export gate fails closed)
eyes_off_cedar_rapids,gated,UNDETERMINED,link-only,unknown (no reviewed rights),unknown,na,stored 0 B (no run rows),0,none-known,na (no run records),"sources.toml [sources.eyes_off_cedar_rapids] (custody LINK, redistributable=-); attribution: nothing published",no reviewed rights block (UNDETERMINED; export gate fails closed)
r_flocksurveillance,gated,UNDETERMINED,link-only,unknown (no reviewed rights),unknown,na,stored 0 B (no run rows),0,none-known,na (no run records),"sources.toml [sources.r_flocksurveillance] (custody LINK, redistributable=-); attribution: nothing published",no reviewed rights block (UNDETERMINED; export gate fails closed)
sm_alpr,gated,AGPL-3.0,restricted,none-below — AGPL-3.0 notice; code never linked into SIG,n,na,stored 0 B (no run rows),0,portal-audit-archiver,na (no run records),"sources.toml [sources.sm_alpr] (custody REFERENCE, redistributable=True); attribution: nothing published",Part VIII override (P8-1); licence alone would give raw-ok
eyes_off_eugene,gated,CC0-1.0,restricted,none required by licence (courtesy credit: eyes-off),n,na,stored 0 B (no run rows),0,audit-log-archive,na (no run records),"sources.toml [sources.eyes_off_eugene] (custody REFERENCE, redistributable=True); attribution: nothing published",Part VIII override (P8-1); licence alone would give raw-ok
panopti_ca,gated,MIT,raw-ok,resistanceisliberty — MIT copyright + permission notice with any copy,n,na,stored 0 B (no run rows),0,none-known,na (no run records),"sources.toml [sources.panopti_ca] (custody REFERENCE, redistributable=True); attribution: nothing published","custody REFERENCE: serving raw needs a recorded posture change (SIG-ONTO-007) | gated: licence evidence only, not permitted"
private_eyes,gated,MIT,raw-ok,McClatchy Southeast — MIT copyright + permission notice with any copy,n,na,stored 0 B (no run rows),0,none-known,na (no run records),"sources.toml [sources.private_eyes] (custody REFERENCE, redistributable=True); attribution: nothing published","custody REFERENCE: serving raw needs a recorded posture change (SIG-ONTO-007) | gated: licence evidence only, not permitted"
ringmast4r_flock,gated,UNDETERMINED,link-only,unknown (no reviewed rights),unknown,na,stored 0 B (no run rows),0,none-known,na (no run records),"sources.toml [sources.ringmast4r_flock] (custody LINK, redistributable=-); attribution: nothing published",no reviewed rights block (UNDETERMINED; export gate fails closed)
ccops_ordinance_disclosures,gated,UNDETERMINED,unknown,unknown (no reviewed rights),unknown,na,stored 0 B (no run rows),0,none-known,na (no run records),"sources.toml [sources.ccops_ordinance_disclosures] (custody MIRROR, redistributable=-); attribution: nothing published",no reviewed rights block (UNDETERMINED; export gate fails closed)
ccops_seattle,ingested-live,LicenseRef-DerivedFacts-Citations,derived-only,citation of upstream per fact: City of Seattle — SMC 14.18 mandated disclosures,n,y,stored 0 B (no run rows),claims ≈5 (API only; I1),report-PDFs-may-name-staff/complainants,na (no run records),"sources.toml [sources.ccops_seattle] (custody REFERENCE, redistributable=True); rights/ccops_seattle.md; API /v1/search obligations 2026-09-30T17:3xZ; attribution: live API obligation carries own text + terms URL",DERIVE/derived-facts basis: upstream bytes never re-hosted by the recorded decision
ccops_nyc_post,ingested-live,LicenseRef-DerivedFacts-Citations,derived-only,citation of upstream per fact: NYPD — POST Act impact & use policies (mandated disclosures),n,partial,stored 0 B (no run rows),claims ≈94 (API only; I1),report-PDFs-may-name-staff/complainants,na (no run records),"sources.toml [sources.ccops_nyc_post] (custody REFERENCE, redistributable=True); rights/ccops_nyc_post.md; attribution: inference: citations exist per claim; not verified per source",DERIVE/derived-facts basis: upstream bytes never re-hosted by the recorded decision
ccops_sf,permitted-not-ingested,LicenseRef-DerivedFacts-Citations,derived-only,citation of upstream per fact: City & County of San Francisco — Chapter 19B mandated inventory,n,na,stored 0 B (0/0 digests retained; runs before 2026-09-25),0,report-PDFs-may-name-staff/complainants,y-scrubbed (S-1…S-9),"sources.toml [sources.ccops_sf] (custody REFERENCE, redistributable=True); rights/ccops_sf.md; ops/runs 1 rows; OCFL listing; attribution: nothing published",DERIVE/derived-facts basis: upstream bytes never re-hosted by the recorded decision
state_alpr_statute_inventory,ingested-live,LicenseRef-DerivedFacts-Citations,derived-only,citation of upstream per fact: National Conference of State Legislatures — Automated License Plate Readers inventory (derived facts + citations only),n,partial,stored 0 B (no run rows),claims ≈108 (API only; I1),none-known,na (no run records),"sources.toml [sources.state_alpr_statute_inventory] (custody DERIVE, redistributable=True); rights/state_alpr_statute_inventory.md; attribution: inference: citations exist per claim; not verified per source",DERIVE/derived-facts basis: upstream bytes never re-hosted by the recorded decision
future_statutory_disclosure_2027,gated,UNDETERMINED,unknown,unknown (no reviewed rights),unknown,na,stored 0 B (no run rows),0,none-known,na (no run records),"sources.toml [sources.future_statutory_disclosure_2027] (custody MIRROR, redistributable=-); attribution: nothing published",no reviewed rights block (UNDETERMINED; export gate fails closed)
technopolice,gated,UNDETERMINED,unknown,unknown (no reviewed rights),unknown,na,stored 0 B (no run rows),0,none-known,na (no run records),"sources.toml [sources.technopolice] (custody REFERENCE, redistributable=-); attribution: nothing published",no reviewed rights block (UNDETERMINED; export gate fails closed)
technopolice_forum,gated,UNDETERMINED,link-only,unknown (no reviewed rights),unknown,na,stored 0 B (no run rows),0,none-known,na (no run records),"sources.toml [sources.technopolice_forum] (custody LINK, redistributable=-); attribution: nothing published",no reviewed rights block (UNDETERMINED; export gate fails closed)
technocarte_update,gated,UNDETERMINED,link-only,unknown (no reviewed rights),unknown,na,stored 0 B (no run rows),0,none-known,na (no run records),"sources.toml [sources.technocarte_update] (custody LINK, redistributable=-); attribution: nothing published",no reviewed rights block (UNDETERMINED; export gate fails closed)
la_quadrature_du_net,gated,UNDETERMINED,link-only,unknown (no reviewed rights),unknown,na,stored 0 B (no run rows),0,none-known,na (no run records),"sources.toml [sources.la_quadrature_du_net] (custody LINK, redistributable=-); attribution: nothing published",no reviewed rights block (UNDETERMINED; export gate fails closed)
sous_surveillance_osm_import,permitted-not-ingested,ODbL-1.0,raw-ok,© OpenStreetMap contributors — ODbL 1.0 notice + licence link; derived DBs share-alike,y,na,stored 0 B (no run rows),0,OSM-user/uid-in-raw-bytes,na (no run records),"sources.toml [sources.sous_surveillance_osm_import] (custody REFERENCE, redistributable=True); rights/sous_surveillance_osm_import.md; attribution: nothing published",custody REFERENCE: serving raw needs a recorded posture change (SIG-ONTO-007)
ted_eu,ingested-live,CC-BY-4.0,raw-ok,Publications Office of the European Union — TED (Tenders Electronic Daily); procurement notices freely reusable under Commission Decision 2011/833/EU — licensed CC BY 4.0 (https://creativecommons.org/licenses/by/4.0/); indicate changes,n,n,stored 0 B (0/33 digests retained; runs before 2026-09-25),claims ≈69546 max/run (API only; not in bulk files),contact-points-in-notices(inference),y-scrubbed; document URLs only for gate-passed documents (S-6),"sources.toml [sources.ted_eu] (custody REFERENCE, redistributable=True); rights/ted_eu.md; ops/runs 3 rows; OCFL listing; attribution: inference: per-SPDX rights dedupe gives CC-BY-4.0 the 'DeFlock community map' text (J1 NEW-2)",custody REFERENCE: serving raw needs a recorded posture change (SIG-ONTO-007)
decp_fr,ingested-live,LicenceOuverte-2.0,raw-ok,DECP — données essentielles de la commande publique (data.gouv.fr) — source (producer) + date of last update (Licence Ouverte 2.0 paternité),n,partial,"stored 1,466,752 B (2/3 digests retained)",claims ≈9495 max/run (API only; not in bulk files),titulaire-may-be-sole-trader(GDPR; SIG-PUB-017),y-scrubbed (S-1…S-9),"sources.toml [sources.decp_fr] (custody REFERENCE, redistributable=True); rights/decp_fr.md; ops/runs 2 rows; OCFL listing; attribution: inference: sink-created rights rows carry no terms URL or last-update date",custody REFERENCE: serving raw needs a recorded posture change (SIG-ONTO-007)
raa_prefectures,ingested-live,ODbL-1.0,derived-only,Recueils des actes administratifs des préfectures (data.gouv.fr) — ODbL 1.0 notice + licence link; derived DBs share-alike,y,n,stored 0 B (0/9 digests retained; runs before 2026-09-25),claims ≈75 max/run (API only; not in bulk files),arrete-PDFs-name-applicants(inference),y-scrubbed (S-1…S-9),"sources.toml [sources.raa_prefectures] (custody REFERENCE, redistributable=True); rights/raa_prefectures.md; API /v1/search obligations 2026-09-30T17:3xZ; ops/runs 3 rows; OCFL listing; attribution: live API obligation attributes OpenStreetMap",ODbL covers the data.gouv index only; the arrêté PDFs are not covered (packet PROPOSED_DISPOSITIONS) | attribution defect new in J4 NEW-3
madada,ingested-live,LicenseRef-DerivedFacts-Citations,derived-only,citation of upstream per fact: Ma Dada (madada.fr) — CADA public-records platform,n,partial,stored 0 B (no run rows),claims ≈52 (API only; I1),user-authored-request-text,na (no run records),"sources.toml [sources.madada] (custody DERIVE, redistributable=True); rights/madada.md; attribution: inference: citations exist per claim; not verified per source",DERIVE/derived-facts basis: upstream bytes never re-hosted by the recorded decision | notes say redistributable=false; rights block says true
declarationcamera_be,permitted-not-ingested,LicenseRef-DerivedFacts-Citations,restricted,citation of upstream per fact: declarationcamera.be — Belgian national camera register (police/DPA),n,na,stored 0 B (no run rows),0,private-registrants(C3); register not public,na (no run records),"sources.toml [sources.declarationcamera_be] (custody DERIVE, redistributable=True); rights/declarationcamera_be.md; attribution: nothing published",Part VIII override (P8-4); licence alone would give derived-only
carnegie_ai_gsi,ingested-live,LicenseRef-DerivedFacts-Citations,derived-only,citation of upstream per fact: Carnegie Endowment for International Peace — AI Global Surveillance Index,n,partial,stored 0 B (no run rows),claims ≈660 (API only; I1),none-known,na (no run records),"sources.toml [sources.carnegie_ai_gsi] (custody DERIVE, redistributable=True); rights/carnegie_ai_gsi.md; attribution: inference: citations exist per claim; not verified per source",DERIVE/derived-facts basis: upstream bytes never re-hosted by the recorded decision
facial_recognition_world_map,ingested-live,LicenseRef-DerivedFacts-Citations,derived-only,citation of upstream per fact: Surfshark — Facial Recognition World Map,n,partial,stored 0 B (no run rows),claims ≈202 (API only; I1),none-known,na (no run records),"sources.toml [sources.facial_recognition_world_map] (custody DERIVE, redistributable=True); rights/facial_recognition_world_map.md; attribution: inference: citations exist per claim; not verified per source",DERIVE/derived-facts basis: upstream bytes never re-hosted by the recorded decision
aspi_mapping_chinas_tech_giants,permitted-not-ingested,LicenseRef-DerivedFacts-Citations,derived-only,citation of upstream per fact: Australian Strategic Policy Institute — Mapping China's Tech Giants,n,na,stored 0 B (no run rows),0,none-known,na (no run records),"sources.toml [sources.aspi_mapping_chinas_tech_giants] (custody DERIVE, redistributable=True); rights/aspi_mapping_chinas_tech_giants.md; attribution: nothing published",DERIVE/derived-facts basis: upstream bytes never re-hosted by the recorded decision
okc_procurement,permitted-not-ingested,CC0-1.0,derived-only,none required by licence (courtesy credit: City of Oklahoma City (public record)),n,na,stored 0 B (0/0 digests retained; runs before 2026-09-25),0,contract-signatories/contacts,y-scrubbed (S-1…S-9),"sources.toml [sources.okc_procurement] (custody REFERENCE, redistributable=True); rights/okc_procurement.md; ops/runs 1 rows; OCFL listing; attribution: nothing published","registry CC0-1.0 is a SIG-recorded label (municipal public-record label (RIGHTS.1)), not an upstream dedication (J4 NEW-7)"
okc_council,permitted-not-ingested,CC0-1.0,derived-only,none required by licence (courtesy credit: Oklahoma City Council (public record)),n,na,stored 0 B (no run rows),0,meeting-records-may-name-private-persons,na (no run records),"sources.toml [sources.okc_council] (custody REFERENCE, redistributable=True); rights/okc_council.md; attribution: nothing published","registry CC0-1.0 is a SIG-recorded label (municipal public-record label (RIGHTS.1)), not an upstream dedication (J4 NEW-7)"
okcpd_policy,ingested-live,CC0-1.0,derived-only,none required by licence (courtesy credit: Oklahoma City Police Department (public record)),n,y,stored 0 B (0/1 digests retained; runs before 2026-09-25),sharing_edges 2 [sig_graph]; claims ≈3 max/run,policy-docs-may-name-officers,y-scrubbed (S-1…S-9),"sources.toml [sources.okcpd_policy] (custody REFERENCE, redistributable=True); rights/okcpd_policy.md; API /v1/search obligations 2026-09-30T17:3xZ; ops/runs 2 rows; OCFL listing; attribution: live API obligation carries own text + terms URL","registry CC0-1.0 is a SIG-recorded label (agency public-record label (RIGHTS.1)), not an upstream dedication (J4 NEW-7)"
ok_statute,ingested-live,CC0-1.0,raw-ok,none required by licence (courtesy credit: State of Oklahoma statutes (OSCN; public domain)),n,y,stored 0 B (0/1 digests retained; runs before 2026-09-25),claims ≈3 max/run (API only; not in bulk files),none-known,y-scrubbed; robots_disregarded (2 events) disclosure = operator decision (Q-J4-4),"sources.toml [sources.ok_statute] (custody REFERENCE, redistributable=True); rights/ok_statute.md; API /v1/search obligations 2026-09-30T17:3xZ; ops/runs 3 rows; OCFL listing; attribution: live API obligation carries own text + terms URL",custody REFERENCE: serving raw needs a recorded posture change (SIG-ONTO-007)
journalrecord,gated,UNDETERMINED,link-only,unknown (no reviewed rights),unknown,na,stored 0 B (no run rows),0,none-known,na (no run records),"sources.toml [sources.journalrecord] (custody LINK, redistributable=-); rights/journalrecord.md; attribution: nothing published",no reviewed rights block (UNDETERMINED; export gate fails closed)
oklahoman,gated,UNDETERMINED,link-only,unknown (no reviewed rights),unknown,na,stored 0 B (no run rows),0,none-known,na (no run records),"sources.toml [sources.oklahoman] (custody LINK, redistributable=-); rights/oklahoman.md; attribution: nothing published",no reviewed rights block (UNDETERMINED; export gate fails closed)
pathways_rtcc_federation,ingested-live,LicenseRef-DerivedFacts-Citations,derived-only,citation of upstream per fact: SIG derived-facts records over cited municipal disclosures (per-fixture URLs),n,partial,stored 0 B (no run rows),claims ≈4 (API only; I1),none-known,na (no run records),"sources.toml [sources.pathways_rtcc_federation] (custody DERIVE, redistributable=True); rights/pathways_rtcc_federation.md; attribution: inference: citations exist per claim; not verified per source",DERIVE/derived-facts basis: upstream bytes never re-hosted by the recorded decision
pathways_fr_css_forensics,permitted-not-ingested,LicenseRef-DerivedFacts-Citations,derived-only,citation of upstream per fact: SIG derived-facts records over cited procurement/policy/court documents (per-fixture URLs),n,na,stored 0 B (no run rows),0,none-known,na (no run records),"sources.toml [sources.pathways_fr_css_forensics] (custody DERIVE, redistributable=True); rights/pathways_fr_css_forensics.md; attribution: nothing published",DERIVE/derived-facts basis: upstream bytes never re-hosted by the recorded decision
pathways_acoustic_drone_location,ingested-live,LicenseRef-DerivedFacts-Citations,derived-only,citation of upstream per fact: SIG derived-facts records over cited procurement/policy/deployment documents (per-fixture URLs),n,partial,stored 0 B (no run rows),claims ≈3 (API only; I1),none-known,na (no run records),"sources.toml [sources.pathways_acoustic_drone_location] (custody DERIVE, redistributable=True); rights/pathways_acoustic_drone_location.md; attribution: inference: citations exist per claim; not verified per source",DERIVE/derived-facts basis: upstream bytes never re-hosted by the recorded decision
ccops_oakland,ingested-live,LicenseRef-PublicRecord-FactualCompilation,derived-only,no licence notice; SIG's own per-row promise (SIG-EXPORT-006): City of Oakland — Privacy Advisory Commission (surveillance-ordinance disclosures; derived facts + citations only),n,n,"stored 14,856,416 B (10/10 digests retained)",claims ≈46 max/run (API only; not in bulk files),report-PDFs-may-name-staff/complainants,y-scrubbed (S-1…S-9),"sources.toml [sources.ccops_oakland] (custody REFERENCE, redistributable=True); rights/ccops_oakland.md; ops/runs 2 rows; OCFL listing; attribution: inference: these SPDX groups publish empty attribution (J1 NEW-3)","GL-GATE-07 US factual-compilation basis covers facts, not the bytes; state/municipal copyright varies (counsel)"
ccops_berkeley,gated,UNDETERMINED,unknown,unknown (no reviewed rights),unknown,na,stored 0 B (no run rows),0,none-known,na (no run records),"sources.toml [sources.ccops_berkeley] (custody REFERENCE, redistributable=-); rights/ccops_berkeley.md; attribution: nothing published",no reviewed rights block (UNDETERMINED; export gate fails closed)
ccops_davis,gated,UNDETERMINED,unknown,unknown (no reviewed rights),unknown,na,stored 0 B (no run rows),0,none-known,na (no run records),"sources.toml [sources.ccops_davis] (custody REFERENCE, redistributable=-); rights/ccops_davis.md; attribution: nothing published",no reviewed rights block (UNDETERMINED; export gate fails closed)
ccops_cambridge,ingested-live,LicenseRef-PublicRecord-FactualCompilation,derived-only,"no licence notice; SIG's own per-row promise (SIG-EXPORT-006): City of Cambridge, MA — surveillance-ordinance disclosures (derived facts + citations only)",n,n,"stored 2,788,653 B (3/3 digests retained)",claims ≈42 max/run (API only; not in bulk files),report-PDFs-may-name-staff/complainants,y-scrubbed (S-1…S-9),"sources.toml [sources.ccops_cambridge] (custody REFERENCE, redistributable=True); rights/ccops_cambridge.md; ops/runs 2 rows; OCFL listing; attribution: inference: these SPDX groups publish empty attribution (J1 NEW-3)","GL-GATE-07 US factual-compilation basis covers facts, not the bytes; state/municipal copyright varies (counsel)"
ccops_boston,gated,UNDETERMINED,unknown,unknown (no reviewed rights),unknown,na,stored 0 B (no run rows),0,none-known,na (no run records),"sources.toml [sources.ccops_boston] (custody REFERENCE, redistributable=-); rights/ccops_boston.md; attribution: nothing published",no reviewed rights block (UNDETERMINED; export gate fails closed)
ccops_baltimore,gated,UNDETERMINED,unknown,unknown (no reviewed rights),unknown,na,stored 0 B (no run rows),0,none-known,na (no run records),"sources.toml [sources.ccops_baltimore] (custody REFERENCE, redistributable=-); rights/ccops_baltimore.md; attribution: nothing published",no reviewed rights block (UNDETERMINED; export gate fails closed)
ccops_nashville,gated,UNDETERMINED,unknown,unknown (no reviewed rights),unknown,na,stored 0 B (no run rows),0,none-known,na (no run records),"sources.toml [sources.ccops_nashville] (custody REFERENCE, redistributable=-); rights/ccops_nashville.md; attribution: nothing published",no reviewed rights block (UNDETERMINED; export gate fails closed)
ccops_grand_rapids,gated,UNDETERMINED,unknown,unknown (no reviewed rights),unknown,na,stored 0 B (no run rows),0,none-known,na (no run records),"sources.toml [sources.ccops_grand_rapids] (custody REFERENCE, redistributable=-); rights/ccops_grand_rapids.md; attribution: nothing published",no reviewed rights block (UNDETERMINED; export gate fails closed)
ccops_somerville,ingested-live,LicenseRef-PublicRecord-FactualCompilation,derived-only,"no licence notice; SIG's own per-row promise (SIG-EXPORT-006): City of Somerville, MA — surveillance-ordinance disclosures (derived facts + citations only)",n,n,"stored 1,468,563 B (8/8 digests retained)",claims ≈72 max/run (API only; not in bulk files),report-PDFs-may-name-staff/complainants,y-scrubbed (S-1…S-9),"sources.toml [sources.ccops_somerville] (custody REFERENCE, redistributable=True); rights/ccops_somerville.md; ops/runs 3 rows; OCFL listing; attribution: inference: these SPDX groups publish empty attribution (J1 NEW-3)","GL-GATE-07 US factual-compilation basis covers facts, not the bytes; state/municipal copyright varies (counsel)"
denmark_politi_cctv,gated,UNDETERMINED,unknown,unknown (no reviewed rights),unknown,na,stored 0 B (no run rows),0,none-known,na (no run records),"sources.toml [sources.denmark_politi_cctv] (custody REFERENCE, redistributable=-); rights/denmark_politi_cctv.md; attribution: nothing published",no reviewed rights block (UNDETERMINED; export gate fails closed)
amsterdam_camerakaart,gated,UNDETERMINED,unknown,unknown (no reviewed rights),unknown,na,stored 0 B (no run rows),0,none-known,na (no run records),"sources.toml [sources.amsterdam_camerakaart] (custody REFERENCE, redistributable=-); rights/amsterdam_camerakaart.md; attribution: nothing published",no reviewed rights block (UNDETERMINED; export gate fails closed)
austria_vidreg,gated,UNDETERMINED,unknown,unknown (no reviewed rights),unknown,na,stored 0 B (no run rows),0,none-known,na (no run records),"sources.toml [sources.austria_vidreg] (custody REFERENCE, redistributable=-); rights/austria_vidreg.md; attribution: nothing published",no reviewed rights block (UNDETERMINED; export gate fails closed)
rotterdam_cameraregister,gated,UNDETERMINED,unknown,unknown (no reviewed rights),unknown,na,stored 0 B (no run rows),0,none-known,na (no run records),"sources.toml [sources.rotterdam_cameraregister] (custody REFERENCE, redistributable=-); rights/rotterdam_cameraregister.md; attribution: nothing published",no reviewed rights block (UNDETERMINED; export gate fails closed)
bidnet_direct,gated,UNDETERMINED,link-only,unknown (no reviewed rights),unknown,na,stored 0 B (no run rows),0,none-known,na (no run records),"sources.toml [sources.bidnet_direct] (custody LINK, redistributable=-); rights/bidnet_direct.md; attribution: nothing published",no reviewed rights block (UNDETERMINED; export gate fails closed)
periscope_s2g,gated,UNDETERMINED,link-only,unknown (no reviewed rights),unknown,na,stored 0 B (no run rows),0,none-known,na (no run records),"sources.toml [sources.periscope_s2g] (custody LINK, redistributable=-); rights/periscope_s2g.md; attribution: nothing published",no reviewed rights block (UNDETERMINED; export gate fails closed)
publicpurchase,gated,UNDETERMINED,link-only,unknown (no reviewed rights),unknown,na,stored 0 B (no run rows),0,none-known,na (no run records),"sources.toml [sources.publicpurchase] (custody LINK, redistributable=-); rights/publicpurchase.md; attribution: nothing published",no reviewed rights block (UNDETERMINED; export gate fails closed)
demandstar,gated,UNDETERMINED,link-only,unknown (no reviewed rights),unknown,na,stored 0 B (no run rows),0,none-known,na (no run records),"sources.toml [sources.demandstar] (custody LINK, redistributable=-); rights/demandstar.md; attribution: nothing published",no reviewed rights block (UNDETERMINED; export gate fails closed)
planetbids,gated,UNDETERMINED,link-only,unknown (no reviewed rights),unknown,na,stored 0 B (no run rows),0,none-known,na (no run records),"sources.toml [sources.planetbids] (custody LINK, redistributable=-); rights/planetbids.md; attribution: nothing published",no reviewed rights block (UNDETERMINED; export gate fails closed)
powerdms_public_portals,gated,UNDETERMINED,link-only,unknown (no reviewed rights),unknown,na,stored 0 B (no run rows),0,none-known,na (no run records),"sources.toml [sources.powerdms_public_portals] (custody LINK, redistributable=-); rights/powerdms_public_portals.md; attribution: nothing published",no reviewed rights block (UNDETERMINED; export gate fails closed)
swagit,gated,UNDETERMINED,link-only,unknown (no reviewed rights),unknown,na,stored 0 B (no run rows),0,none-known,na (no run records),"sources.toml [sources.swagit] (custody LINK, redistributable=-); rights/swagit.md; attribution: nothing published",no reviewed rights block (UNDETERMINED; export gate fails closed)
opengov_procurement,gated,UNDETERMINED,link-only,unknown (no reviewed rights),unknown,na,stored 0 B (no run rows),0,none-known,na (no run records),"sources.toml [sources.opengov_procurement] (custody LINK, redistributable=-); rights/opengov_procurement.md; attribution: nothing published",no reviewed rights block (UNDETERMINED; export gate fails closed)
bonfire,gated,UNDETERMINED,link-only,unknown (no reviewed rights),unknown,na,stored 0 B (no run rows),0,none-known,na (no run records),"sources.toml [sources.bonfire] (custody LINK, redistributable=-); rights/bonfire.md; attribution: nothing published",no reviewed rights block (UNDETERMINED; export gate fails closed)
procportal_austin_tx,ingested-live,CC0-1.0,raw-ok,"none required by licence (courtesy credit: City of Austin, Texas — data.austintexas.gov)",n,y,"stored 417,386 B (1/2 digests retained)",claims ≈5673 max/run (API only; not in bulk files),vendor-contact-fields(inference),y-scrubbed; document URLs only for gate-passed documents (S-6),"sources.toml [sources.procportal_austin_tx] (custody MIRROR, redistributable=True); rights/procportal_austin_tx.md; ops/runs 2 rows; OCFL listing; attribution: licence requires none (API text unverified)",
procportal_sf_ca,ingested-live,CC0-1.0,raw-ok,none required by licence (courtesy credit: City and County of San Francisco — data.sf.gov),n,y,"stored 350,869 B (1/2 digests retained)",claims ≈5128 max/run (API only; not in bulk files),vendor-contact-fields(inference),y-scrubbed; document URLs only for gate-passed documents (S-6),"sources.toml [sources.procportal_sf_ca] (custody MIRROR, redistributable=True); rights/procportal_sf_ca.md; ops/runs 2 rows; OCFL listing; attribution: licence requires none (API text unverified)",
procportal_kcmo_mo,ingested-live,CC0-1.0,raw-ok,none required by licence (courtesy credit: City of Kansas City General Services - Procurement — data.kcmo.org),n,y,"stored 107,183 B (1/2 digests retained)",claims ≈5170 max/run (API only; not in bulk files),vendor-contact-fields(inference),y-scrubbed; document URLs only for gate-passed documents (S-6),"sources.toml [sources.procportal_kcmo_mo] (custody MIRROR, redistributable=True); rights/procportal_kcmo_mo.md; ops/runs 2 rows; OCFL listing; attribution: licence requires none (API text unverified)",
procportal_nyc_ny,ingested-live,CC0-1.0,raw-ok,none required by licence (courtesy credit: Department of Citywide Administrative Services (DCAS) — data.cityofnewyork.us),n,y,"stored 1,188,849 B (1/3 digests retained)",claims ≈4976 max/run (API only; not in bulk files),vendor-contact-fields(inference),y-scrubbed; document URLs only for gate-passed documents (S-6),"sources.toml [sources.procportal_nyc_ny] (custody MIRROR, redistributable=True); rights/procportal_nyc_ny.md; ops/runs 3 rows; OCFL listing; attribution: licence requires none (API text unverified)",
procportal_chicago_il,gated,UNDETERMINED,link-only,unknown (no reviewed rights),unknown,na,stored 0 B (no run rows),0,none-known,na (no run records),"sources.toml [sources.procportal_chicago_il] (custody LINK, redistributable=-); rights/procportal_chicago_il.md; attribution: nothing published",no reviewed rights block (UNDETERMINED; export gate fails closed)
la_city_clerk_cfms,gated,UNDETERMINED,link-only,unknown (no reviewed rights),unknown,na,stored 0 B (no run rows),0,none-known,na (no run records),"sources.toml [sources.la_city_clerk_cfms] (custody LINK, redistributable=-); attribution: nothing published",no reviewed rights block (UNDETERMINED; export gate fails closed)
dot_511_ky,ingested-live,CC0-1.0,derived-only,none required by licence (courtesy credit: Kentucky Transportation Cabinet (KYTC) traffic camera registry),n,partial,"stored 0 B (0/3 digests retained; runs before 2026-09-25); est 115–538 KB per snapshot (rows×150–700 B, inference)",sites 519 [portal]; sites 249 [public_record],raw JSON links live camera imagery (never proxy/capture images),y-scrubbed (S-1…S-9),"sources.toml [sources.dot_511_ky] (custody MIRROR, redistributable=True); rights/dot_511_ky.md; rights/annex/p2616/dot_511_ky.md; catalog_sweep_2026-09-18_reviewed.json licence_verbatim; public sites.csv (release sig-2026-09-27-ce480ab1, I1 copy); ops/runs 3 rows; OCFL listing; attribution: rows attribution='' (partial-flag;y)","registry CC0-1.0 is a SIG-recorded label (no-warranty disclaimer read as CC0), not an upstream dedication (J4 NEW-7) | published in the CC-BY-SA-4.0 'portal' compartment described as Eyes on Flock-derived (J4 NEW-2)"
dot_511_il,ingested-live,CC-BY-SA-2.0,raw-ok,Illinois Department of Transportation — Illinois Gateway traffic cameras — licensed CC BY-SA 2.0 Generic; adaptations under the same licence,y,n,"stored 0 B (0/6 digests retained; runs before 2026-09-25); est 0.5–2.1 MB per snapshot (rows×150–700 B, inference)",sites 3000 [dot511_ccbysa2],raw JSON links live camera imagery (never proxy/capture images),y-scrubbed (S-1…S-9),"sources.toml [sources.dot_511_il] (custody MIRROR, redistributable=True); rights/dot_511_il.md; public sites.csv (release sig-2026-09-27-ce480ab1, I1 copy); ops/runs 3 rows; OCFL listing; attribution: rows attribution='' (n-empty)",
dot_511_ut,ingested-live,CC0-1.0,derived-only,none required by licence (courtesy credit: Utah Department of Transportation Live View camera registry),n,partial,"stored 612,518 B (3/3 digests retained); est 0.2–1.0 MB per snapshot (rows×150–700 B, inference)",sites 32 [portal]; sites 1437 [public_record],raw JSON links live camera imagery (never proxy/capture images),y-scrubbed (S-1…S-9),"sources.toml [sources.dot_511_ut] (custody MIRROR, redistributable=True); rights/dot_511_ut.md; rights/annex/p2616/dot_511_ut.md; catalog_sweep_2026-09-18_reviewed.json licence_verbatim; public sites.csv (release sig-2026-09-27-ce480ab1, I1 copy); ops/runs 5 rows; OCFL listing; attribution: rows attribution='' (partial-flag;y)","registry CC0-1.0 is a SIG-recorded label (no-warranty disclaimer read as CC0 (catalog target records PublicRecord)), not an upstream dedication (J4 NEW-7) | published in the CC-BY-SA-4.0 'portal' compartment described as Eyes on Flock-derived (J4 NEW-2)"
dot_511_or,ingested-live,CC0-1.0,derived-only,none required by licence (courtesy credit: Oregon Department of Transportation / Oregon OEM — TripCheck cameras),n,y,"stored 567,026 B (2/5 digests retained); est 0.4–1.7 MB per snapshot (rows×150–700 B, inference)",sites 2367 [portal],raw JSON links live camera imagery (never proxy/capture images),y-scrubbed (S-1…S-9),"sources.toml [sources.dot_511_or] (custody MIRROR, redistributable=True); rights/dot_511_or.md; public sites.csv (release sig-2026-09-27-ce480ab1, I1 copy); ops/runs 4 rows; OCFL listing; attribution: rows attribution='' (y)","registry CC0-1.0 is a SIG-recorded label (licenseInfo 'Public' read as CC0), not an upstream dedication (J4 NEW-7) | published in the CC-BY-SA-4.0 'portal' compartment described as Eyes on Flock-derived (J4 NEW-2)"
dot_511_la,ingested-live,LicenseRef-PublicRecord-FactualCompilation,derived-only,no licence notice; SIG's own per-row promise (SIG-EXPORT-006): camera registry — GL-GATE-07 basis,n,n,"stored 0 B (0/1 digests retained; runs before 2026-09-25); est 65–304 KB per snapshot (rows×150–700 B, inference)",sites 435 [public_record],raw JSON links live camera imagery (never proxy/capture images),y-scrubbed (S-1…S-9),"sources.toml [sources.dot_511_la] (custody MIRROR, redistributable=True); rights/annex/p2616/dot_511_la.md; public sites.csv (release sig-2026-09-27-ce480ab1, I1 copy); ops/runs 2 rows; OCFL listing; attribution: rows attribution='' (n-empty)","GL-GATE-07 US factual-compilation basis covers facts, not the bytes; state/municipal copyright varies (counsel)"
dot_511_ia,ingested-live,CC-BY-4.0,raw-ok,Iowa Department of Transportation traffic camera registry — licensed CC BY 4.0 (https://creativecommons.org/licenses/by/4.0/); indicate changes,n,n,"stored 740,181 B (2/4 digests retained); est 0.3–1.2 MB per snapshot (rows×150–700 B, inference)",sites 1708 [sig_graph],raw JSON links live camera imagery (never proxy/capture images),y-scrubbed (S-1…S-9),"sources.toml [sources.dot_511_ia] (custody MIRROR, redistributable=True); rights/dot_511_ia.md; public sites.csv (release sig-2026-09-27-ce480ab1, I1 copy); ops/runs 3 rows; OCFL listing; attribution: rows attribution='DeFlock community map' (n-mis)",
dot_511_wa,ingested-live,CC0-1.0,derived-only,none required by licence (courtesy credit: Washington State Department of Transportation travel cameras),n,y,"stored 509,581 B (3/6 digests retained); est 0.5–2.6 MB per snapshot (rows×150–700 B, inference)",sites 3661 [portal],raw JSON links live camera imagery (never proxy/capture images),y-scrubbed (S-1…S-9),"sources.toml [sources.dot_511_wa] (custody MIRROR, redistributable=True); rights/dot_511_wa.md; public sites.csv (release sig-2026-09-27-ce480ab1, I1 copy); ops/runs 3 rows; OCFL listing; attribution: rows attribution='' (y)","registry CC0-1.0 is a SIG-recorded label (conditional low-volume grant read as CC0), not an upstream dedication (J4 NEW-7) | published in the CC-BY-SA-4.0 'portal' compartment described as Eyes on Flock-derived (J4 NEW-2)"
dot_511_dc,ingested-live,CC0-1.0,raw-ok,none required by licence (courtesy credit: District of Columbia (OCTO/DC GIS / DDOT) traffic camera registry),n,y,"stored 2,116 B (1/2 digests retained); est 70–329 KB per snapshot (rows×150–700 B, inference)",sites 470 [portal],raw JSON links live camera imagery (never proxy/capture images),y-scrubbed (S-1…S-9),"sources.toml [sources.dot_511_dc] (custody MIRROR, redistributable=True); rights/dot_511_dc.md; public sites.csv (release sig-2026-09-27-ce480ab1, I1 copy); ops/runs 3 rows; OCFL listing; attribution: rows attribution='' (y)",published in the CC-BY-SA-4.0 'portal' compartment described as Eyes on Flock-derived (J4 NEW-2)
dot_511_ga,ingested-live,LicenseRef-PublicRecord-FactualCompilation,derived-only,no licence notice; SIG's own per-row promise (SIG-EXPORT-006): camera registry — GL-GATE-07 basis,n,n,"stored 0 B (0/8 digests retained; runs before 2026-09-25); est 1.1–4.9 MB per snapshot (rows×150–700 B, inference)",sites 7046 [public_record],raw JSON links live camera imagery (never proxy/capture images),y-scrubbed (S-1…S-9),"sources.toml [sources.dot_511_ga] (custody MIRROR, redistributable=True); rights/annex/p2616/dot_511_ga.md; catalog_sweep_2026-09-18_reviewed.json licence_verbatim; public sites.csv (release sig-2026-09-27-ce480ab1, I1 copy); ops/runs 2 rows; OCFL listing; attribution: rows attribution='' (n-empty)","GL-GATE-07 US factual-compilation basis covers facts, not the bytes; state/municipal copyright varies (counsel)"
dot_511_al,ingested-live,LicenseRef-PublicRecord-FactualCompilation,derived-only,no licence notice; SIG's own per-row promise (SIG-EXPORT-006): camera registry — GL-GATE-07 basis,n,n,"stored 0 B (0/1 digests retained; runs before 2026-09-25); est 83–389 KB per snapshot (rows×150–700 B, inference)",sites 556 [public_record],raw JSON links live camera imagery (never proxy/capture images),y-scrubbed (S-1…S-9),"sources.toml [sources.dot_511_al] (custody MIRROR, redistributable=True); rights/annex/p2616/dot_511_al.md; public sites.csv (release sig-2026-09-27-ce480ab1, I1 copy); ops/runs 2 rows; OCFL listing; attribution: rows attribution='' (n-empty)","GL-GATE-07 US factual-compilation basis covers facts, not the bytes; state/municipal copyright varies (counsel)"
dot_511_mo,ingested-live,CC0-1.0,derived-only,none required by licence (courtesy credit: Missouri Department of Transportation traffic camera registry),n,y,"stored 276,509 B (1/1 digests retained); est 0.3–1.2 MB per snapshot (rows×150–700 B, inference)",sites 1742 [portal],raw JSON links live camera imagery (never proxy/capture images),y-scrubbed (S-1…S-9),"sources.toml [sources.dot_511_mo] (custody MIRROR, redistributable=True); rights/dot_511_mo.md; public sites.csv (release sig-2026-09-27-ce480ab1, I1 copy); ops/runs 3 rows; OCFL listing; attribution: rows attribution='' (y)","registry CC0-1.0 is a SIG-recorded label (conditional ToS grant read as CC0), not an upstream dedication (J4 NEW-7) | published in the CC-BY-SA-4.0 'portal' compartment described as Eyes on Flock-derived (J4 NEW-2)"
dot_511_tx,gated,UNDETERMINED,restricted,unknown (no reviewed rights),unknown,na,stored 0 B (no run rows),0,raw JSON links live camera imagery (never proxy/capture images),na (no run records),"sources.toml [sources.dot_511_tx] (custody MIRROR, redistributable=False); attribution: nothing published",registry redistributable=false
dot_511_md,ingested-live,LicenseRef-PublicRecord-FactualCompilation,derived-only,no licence notice; SIG's own per-row promise (SIG-EXPORT-006): camera registry — GL-GATE-07 basis,n,n,"stored 0 B (0/1 digests retained; runs before 2026-09-25); est 83–386 KB per snapshot (rows×150–700 B, inference)",sites 552 [public_record],raw JSON links live camera imagery (never proxy/capture images),y-scrubbed (S-1…S-9),"sources.toml [sources.dot_511_md] (custody MIRROR, redistributable=True); rights/annex/p2616/dot_511_md.md; public sites.csv (release sig-2026-09-27-ce480ab1, I1 copy); ops/runs 2 rows; OCFL listing; attribution: rows attribution='' (n-empty)","GL-GATE-07 US factual-compilation basis covers facts, not the bytes; state/municipal copyright varies (counsel)"
camreg_austin_tx,ingested-live,CC0-1.0,raw-ok,none required by licence (courtesy credit: City of Austin traffic camera registry (datahub.austintexas.gov)),n,y,"stored 697,477 B (1/2 digests retained); est 151–704 KB per snapshot (rows×150–700 B, inference)",sites 1005 [portal],arcgis/socrata outFields=* may carry editor/contact fields (dot_511.py:132),y-scrubbed (S-1…S-9),"sources.toml [sources.camreg_austin_tx] (custody MIRROR, redistributable=True); rights/camreg_austin_tx.md; catalog_sweep_2026-09-18_reviewed.json licence_verbatim; public sites.csv (release sig-2026-09-27-ce480ab1, I1 copy); ops/runs 2 rows; OCFL listing; attribution: rows attribution='City of Austin traffic camera registry (datahub.au' (y)",published in the CC-BY-SA-4.0 'portal' compartment described as Eyes on Flock-derived (J4 NEW-2)
camreg_nola_la,ingested-live,CC0-1.0,raw-ok,none required by licence (courtesy credit: City of New Orleans traffic camera registry (data.nola.gov)),n,y,"stored 55,667 B (1/1 digests retained); est 14–63 KB per snapshot (rows×150–700 B, inference)",sites 90 [portal],arcgis/socrata outFields=* may carry editor/contact fields (dot_511.py:132) — created_user/last_edited_user observed,y-scrubbed (S-1…S-9),"sources.toml [sources.camreg_nola_la] (custody MIRROR, redistributable=True); rights/camreg_nola_la.md; catalog_sweep_2026-09-18_reviewed.json licence_verbatim; public sites.csv (release sig-2026-09-27-ce480ab1, I1 copy); ops/runs 3 rows; OCFL listing; attribution: rows attribution='City of New Orleans traffic camera registry (data.' (y)",published in the CC-BY-SA-4.0 'portal' compartment described as Eyes on Flock-derived (J4 NEW-2)
camreg_batonrouge_la,ingested-live,CC0-1.0,raw-ok,none required by licence (courtesy credit: City of Baton Rouge traffic camera registry (data.brla.gov)),n,y,"stored 19,733 B (1/1 digests retained); est 18–83 KB per snapshot (rows×150–700 B, inference)",sites 118 [portal],arcgis/socrata outFields=* may carry editor/contact fields (dot_511.py:132),y-scrubbed (S-1…S-9),"sources.toml [sources.camreg_batonrouge_la] (custody MIRROR, redistributable=True); rights/camreg_batonrouge_la.md; catalog_sweep_2026-09-18_reviewed.json licence_verbatim; public sites.csv (release sig-2026-09-27-ce480ab1, I1 copy); ops/runs 2 rows; OCFL listing; attribution: rows attribution='City of Baton Rouge traffic camera registry (data.' (y)",published in the CC-BY-SA-4.0 'portal' compartment described as Eyes on Flock-derived (J4 NEW-2)
camreg_winnipeg_mb,ingested-live,OGL-Canada-2.0,raw-ok,Contains information licensed under the Open Government Licence – Canada (Contains information licensed under the Open Government Licence - Canada (City of Winnipeg traffic signal camera inventory)),n,y,"stored 48,663 B (1/1 digests retained); est 24–112 KB per snapshot (rows×150–700 B, inference)",sites 160 [ogc_canada2],arcgis/socrata outFields=* may carry editor/contact fields (dot_511.py:132),y-scrubbed (S-1…S-9),"sources.toml [sources.camreg_winnipeg_mb] (custody MIRROR, redistributable=True); rights/camreg_winnipeg_mb.md; catalog_sweep_2026-09-18_reviewed.json licence_verbatim; public sites.csv (release sig-2026-09-27-ce480ab1, I1 copy); ops/runs 2 rows; OCFL listing; attribution: rows attribution='Contains information licensed under the Open Gover' (y)",
camreg_act_au,ingested-live,CC-BY-4.0,raw-ok,ACT Government traffic safety camera registries (data.act.gov.au) — licensed CC BY 4.0 (https://creativecommons.org/licenses/by/4.0/); indicate changes,n,y,"stored 420,268 B (2/3 digests retained); est 199–930 KB per snapshot (rows×150–700 B, inference)",sites 1328 [sig_graph],arcgis/socrata outFields=* may carry editor/contact fields (dot_511.py:132),y-scrubbed (S-1…S-9),"sources.toml [sources.camreg_act_au] (custody MIRROR, redistributable=True); rights/camreg_act_au.md; catalog_sweep_2026-09-18_reviewed.json licence_verbatim; public sites.csv (release sig-2026-09-27-ce480ab1, I1 copy); ops/runs 2 rows; OCFL listing; attribution: rows attribution='ACT Government traffic safety camera registries (d' (y)",
camreg_siouxfalls_sd,ingested-live,CC-BY-4.0,raw-ok,City of Sioux Falls traffic surveillance camera registry — licensed CC BY 4.0 (https://creativecommons.org/licenses/by/4.0/); indicate changes,n,y,"stored 9,065 B (1/2 digests retained); est 35–164 KB per snapshot (rows×150–700 B, inference)",sites 234 [sig_graph],arcgis/socrata outFields=* may carry editor/contact fields (dot_511.py:132),y-scrubbed (S-1…S-9),"sources.toml [sources.camreg_siouxfalls_sd] (custody MIRROR, redistributable=True); rights/camreg_siouxfalls_sd.md; catalog_sweep_2026-09-18_reviewed.json licence_verbatim; public sites.csv (release sig-2026-09-27-ce480ab1, I1 copy); ops/runs 2 rows; OCFL listing; attribution: rows attribution='City of Sioux Falls traffic surveillance camera re' (y)",
camreg_baltimore_md,ingested-live,CC-BY-3.0,raw-ok,Baltimore City CitiWatch camera registry — licensed CC BY 3.0 Unported; indicate changes,n,y,"stored 253,486 B (1/1 digests retained); est 129–603 KB per snapshot (rows×150–700 B, inference)",sites 861 [ccby3],arcgis/socrata outFields=* may carry editor/contact fields (dot_511.py:132),y-scrubbed (S-1…S-9),"sources.toml [sources.camreg_baltimore_md] (custody MIRROR, redistributable=True); rights/camreg_baltimore_md.md; public sites.csv (release sig-2026-09-27-ce480ab1, I1 copy); ops/runs 2 rows; OCFL listing; attribution: rows attribution='Baltimore City CitiWatch camera registry' (y)",
camreg_ottawa_on,ingested-live,LicenseRef-Ottawa-ODL-2.0,raw-ok,Contains information licensed under the Open Government Licence – City of Ottawa (Contains information licensed under the Open Government Licence – City of Ottawa),n,y,"stored 52,054 B (2/2 digests retained); est 22–102 KB per snapshot (rows×150–700 B, inference)",sites 146 [ottawa_odl2],arcgis/socrata outFields=* may carry editor/contact fields (dot_511.py:132),y-scrubbed (S-1…S-9),"sources.toml [sources.camreg_ottawa_on] (custody MIRROR, redistributable=True); rights/camreg_ottawa_on.md; catalog_sweep_2026-09-18_reviewed.json licence_verbatim; public sites.csv (release sig-2026-09-27-ce480ab1, I1 copy); ops/runs 2 rows; OCFL listing; attribution: rows attribution='Contains information licensed under the Open Gover' (y)",
camreg_sheffield_gb,ingested-live,OGL-3.0,raw-ok,Contains public sector information licensed under the Open Government Licence v3.0 (Sheffield City Council CCTV and traffic camera registry (Open Government Licence v3.0)),n,y,"stored 35,882 B (1/1 digests retained); est 22–102 KB per snapshot (rows×150–700 B, inference)",sites 146 [ogl_uk3],arcgis/socrata outFields=* may carry editor/contact fields (dot_511.py:132),y-scrubbed (S-1…S-9),"sources.toml [sources.camreg_sheffield_gb] (custody MIRROR, redistributable=True); rights/camreg_sheffield_gb.md; catalog_sweep_2026-09-18_reviewed.json licence_verbatim; public sites.csv (release sig-2026-09-27-ce480ab1, I1 copy); ops/runs 2 rows; OCFL listing; attribution: rows attribution='Sheffield City Council CCTV and traffic camera reg' (y)",
camreg_chicago_il,ingested-live,LicenseRef-PublicRecord-FactualCompilation,derived-only,no licence notice; SIG's own per-row promise (SIG-EXPORT-006): camera registry — GL-GATE-07 basis,n,n,"stored 0 B (0/2 digests retained; runs before 2026-09-25); est 76–356 KB per snapshot (rows×150–700 B, inference)",sites 509 [public_record],none-known,y-scrubbed (S-1…S-9),"sources.toml [sources.camreg_chicago_il] (custody MIRROR, redistributable=True); rights/annex/p2616/camreg_chicago_il.md; catalog_sweep_2026-09-18_reviewed.json licence_verbatim; public sites.csv (release sig-2026-09-27-ce480ab1, I1 copy); ops/runs 2 rows; OCFL listing; attribution: rows attribution='' (n-empty)","GL-GATE-07 US factual-compilation basis covers facts, not the bytes; state/municipal copyright varies (counsel)"
camreg_calgary_ab,ingested-live,LicenseRef-OperatorAccepted-DBRight,derived-only,no licence notice; SIG's own per-row promise (SIG-EXPORT-006): camera registry — GL-GATE-07 basis,n,n,"stored 0 B (0/2 digests retained; runs before 2026-09-25); est 41–192 KB per snapshot (rows×150–700 B, inference)",sites 274 [operator_accepted],none-known,y-scrubbed (S-1…S-9),"sources.toml [sources.camreg_calgary_ab] (custody MIRROR, redistributable=True); rights/annex/p2616/camreg_calgary_ab.md; catalog_sweep_2026-09-18_reviewed.json licence_verbatim; public sites.csv (release sig-2026-09-27-ce480ab1, I1 copy); ops/runs 1 rows; OCFL listing; attribution: rows attribution='' (n-empty)",operator-accepted DB-right risk (GL-GATE-07); a verbatim copy is the whole-database reutilisation the sui generis right targets
camreg_edmonton_ab,gated,UNDETERMINED,restricted,unknown (no reviewed rights),unknown,na,stored 0 B (no run rows),0,none-known,na (no run records),"sources.toml [sources.camreg_edmonton_ab] (custody MIRROR, redistributable=False); catalog_sweep_2026-09-18_reviewed.json licence_verbatim; attribution: nothing published",registry redistributable=false
camreg_honolulu_hi,ingested-live,LicenseRef-PublicRecord-FactualCompilation,derived-only,no licence notice; SIG's own per-row promise (SIG-EXPORT-006): camera registry — GL-GATE-07 basis,n,n,"stored 0 B (0/1 digests retained; runs before 2026-09-25); est 38–176 KB per snapshot (rows×150–700 B, inference)",sites 252 [public_record],none-known,y-scrubbed (S-1…S-9),"sources.toml [sources.camreg_honolulu_hi] (custody MIRROR, redistributable=True); rights/annex/p2616/camreg_honolulu_hi.md; catalog_sweep_2026-09-18_reviewed.json licence_verbatim; public sites.csv (release sig-2026-09-27-ce480ab1, I1 copy); ops/runs 1 rows; OCFL listing; attribution: rows attribution='' (n-empty)","GL-GATE-07 US factual-compilation basis covers facts, not the bytes; state/municipal copyright varies (counsel)"
camreg_md_opendata,ingested-live,LicenseRef-PublicRecord-FactualCompilation,derived-only,no licence notice; SIG's own per-row promise (SIG-EXPORT-006): camera registry — GL-GATE-07 basis,n,n,"stored 0 B (0/2 digests retained; runs before 2026-09-25); est 135–631 KB per snapshot (rows×150–700 B, inference)",sites 902 [public_record],none-known,y-scrubbed (S-1…S-9),"sources.toml [sources.camreg_md_opendata] (custody MIRROR, redistributable=True); rights/annex/p2616/camreg_md_opendata.md; catalog_sweep_2026-09-18_reviewed.json licence_verbatim; public sites.csv (release sig-2026-09-27-ce480ab1, I1 copy); ops/runs 1 rows; OCFL listing; attribution: rows attribution='' (n-empty)","GL-GATE-07 US factual-compilation basis covers facts, not the bytes; state/municipal copyright varies (counsel)"
camreg_york_on,ingested-live,LicenseRef-OperatorAccepted-DBRight,derived-only,no licence notice; SIG's own per-row promise (SIG-EXPORT-006): camera registry — GL-GATE-07 basis,n,n,"stored 0 B (0/2 digests retained; runs before 2026-09-25); est 67–314 KB per snapshot (rows×150–700 B, inference)",sites 449 [operator_accepted],none-known,y-scrubbed (S-1…S-9),"sources.toml [sources.camreg_york_on] (custody MIRROR, redistributable=True); rights/annex/p2616/camreg_york_on.md; catalog_sweep_2026-09-18_reviewed.json licence_verbatim; public sites.csv (release sig-2026-09-27-ce480ab1, I1 copy); ops/runs 3 rows; OCFL listing; attribution: rows attribution='' (n-empty)",operator-accepted DB-right risk (GL-GATE-07); a verbatim copy is the whole-database reutilisation the sui generis right targets
camreg_arlington_va,ingested-live,LicenseRef-PublicRecord-FactualCompilation,derived-only,no licence notice; SIG's own per-row promise (SIG-EXPORT-006): camera registry — GL-GATE-07 basis,n,n,"stored 0 B (0/6 digests retained; runs before 2026-09-25); est 57–268 KB per snapshot (rows×150–700 B, inference)",sites 383 [public_record],none-known,y-scrubbed (S-1…S-9),"sources.toml [sources.camreg_arlington_va] (custody MIRROR, redistributable=True); rights/annex/p2616/camreg_arlington_va.md; catalog_sweep_2026-09-18_reviewed.json licence_verbatim; public sites.csv (release sig-2026-09-27-ce480ab1, I1 copy); ops/runs 3 rows; OCFL listing; attribution: rows attribution='' (n-empty)","GL-GATE-07 US factual-compilation basis covers facts, not the bytes; state/municipal copyright varies (counsel)"
camreg_seattle_wa,ingested-live,LicenseRef-PublicRecord-FactualCompilation,derived-only,no licence notice; SIG's own per-row promise (SIG-EXPORT-006): camera registry — GL-GATE-07 basis,n,n,"stored 0 B (0/2 digests retained; runs before 2026-09-25); est 116–543 KB per snapshot (rows×150–700 B, inference)",sites 776 [public_record],none-known,y-scrubbed (S-1…S-9),"sources.toml [sources.camreg_seattle_wa] (custody MIRROR, redistributable=True); rights/annex/p2616/camreg_seattle_wa.md; catalog_sweep_2026-09-18_reviewed.json licence_verbatim; public sites.csv (release sig-2026-09-27-ce480ab1, I1 copy); ops/runs 1 rows; OCFL listing; attribution: rows attribution='' (n-empty)","GL-GATE-07 US factual-compilation basis covers facts, not the bytes; state/municipal copyright varies (counsel)"
camreg_bellevue_wa,gated,UNDETERMINED,restricted,unknown (no reviewed rights),unknown,na,stored 0 B (no run rows),0,none-known,na (no run records),"sources.toml [sources.camreg_bellevue_wa] (custody MIRROR, redistributable=False); attribution: nothing published",registry redistributable=false
camreg_lexington_ky,ingested-live,LicenseRef-PublicRecord-FactualCompilation,derived-only,no licence notice; SIG's own per-row promise (SIG-EXPORT-006): camera registry — GL-GATE-07 basis,n,n,"stored 0 B (0/1 digests retained; runs before 2026-09-25); est 16–76 KB per snapshot (rows×150–700 B, inference)",sites 108 [public_record],none-known,y-scrubbed (S-1…S-9),"sources.toml [sources.camreg_lexington_ky] (custody MIRROR, redistributable=True); rights/annex/p2616/camreg_lexington_ky.md; catalog_sweep_2026-09-18_reviewed.json licence_verbatim; public sites.csv (release sig-2026-09-27-ce480ab1, I1 copy); ops/runs 1 rows; OCFL listing; attribution: rows attribution='' (n-empty)","GL-GATE-07 US factual-compilation basis covers facts, not the bytes; state/municipal copyright varies (counsel)"
camreg_nzta_nz,ingested-live,LicenseRef-OperatorAccepted-DBRight,derived-only,no licence notice; SIG's own per-row promise (SIG-EXPORT-006): camera registry — GL-GATE-07 basis,n,n,"stored 0 B (0/3 digests retained; runs before 2026-09-25); est 117–548 KB per snapshot (rows×150–700 B, inference)",sites 783 [operator_accepted],none-known,y-scrubbed (S-1…S-9),"sources.toml [sources.camreg_nzta_nz] (custody MIRROR, redistributable=True); rights/annex/p2616/camreg_nzta_nz.md; catalog_sweep_2026-09-18_reviewed.json licence_verbatim; public sites.csv (release sig-2026-09-27-ce480ab1, I1 copy); ops/runs 1 rows; OCFL listing; attribution: rows attribution='' (n-empty)",operator-accepted DB-right risk (GL-GATE-07); a verbatim copy is the whole-database reutilisation the sui generis right targets
camreg_qldc_au,gated,UNDETERMINED,restricted,unknown (no reviewed rights),unknown,na,stored 0 B (no run rows),0,none-known,na (no run records),"sources.toml [sources.camreg_qldc_au] (custody MIRROR, redistributable=False); attribution: nothing published",registry redistributable=false
camreg_donegal_ie,ingested-live,LicenseRef-OperatorAccepted-DBRight,derived-only,no licence notice; SIG's own per-row promise (SIG-EXPORT-006): camera registry — GL-GATE-07 basis,n,n,"stored 0 B (0/1 digests retained; runs before 2026-09-25); est 18–86 KB per snapshot (rows×150–700 B, inference)",sites 123 [operator_accepted],none-known,y-scrubbed (S-1…S-9),"sources.toml [sources.camreg_donegal_ie] (custody MIRROR, redistributable=True); rights/annex/p2616/camreg_donegal_ie.md; catalog_sweep_2026-09-18_reviewed.json licence_verbatim; public sites.csv (release sig-2026-09-27-ce480ab1, I1 copy); ops/runs 2 rows; OCFL listing; attribution: rows attribution='' (n-empty)",operator-accepted DB-right risk (GL-GATE-07); a verbatim copy is the whole-database reutilisation the sui generis right targets
camreg_hk_hk,gated,UNDETERMINED,restricted,unknown (no reviewed rights),unknown,na,stored 0 B (no run rows),0,none-known,na (no run records),"sources.toml [sources.camreg_hk_hk] (custody MIRROR, redistributable=False); attribution: nothing published",registry redistributable=false
camreg_washington_dc,ingested-live,CC-BY-4.0,raw-ok,District of Columbia CCTV street camera registry (DCGIS open data) — licensed CC BY 4.0 (https://creativecommons.org/licenses/by/4.0/); indicate changes,n,n,"stored 856,785 B (2/4 digests retained); est 141–658 KB per snapshot (rows×150–700 B, inference)",sites 940 [sig_graph],arcgis/socrata outFields=* may carry editor/contact fields (dot_511.py:132),y-scrubbed (S-1…S-9),"sources.toml [sources.camreg_washington_dc] (custody MIRROR, redistributable=True); rights/camreg_washington_dc.md; catalog_sweep_2026-09-18_reviewed.json licence_verbatim; public sites.csv (release sig-2026-09-27-ce480ab1, I1 copy); ops/runs 2 rows; OCFL listing; attribution: rows attribution='DeFlock community map' (n-mis)",
camreg_nottingham_gb,ingested-live,OGL-3.0,raw-ok,Contains public sector information licensed under the Open Government Licence v3.0 (Nottingham City Council. Contains OS data © Crown copyright [and database right] [year].),n,n,"stored 311,456 B (1/2 digests retained); est 84–393 KB per snapshot (rows×150–700 B, inference)",sites 562 [ogl_uk3],arcgis/socrata outFields=* may carry editor/contact fields (dot_511.py:132),y-scrubbed (S-1…S-9),"sources.toml [sources.camreg_nottingham_gb] (custody MIRROR, redistributable=True); rights/camreg_nottingham_gb.md; catalog_sweep_2026-09-18_reviewed.json licence_verbatim; public sites.csv (release sig-2026-09-27-ce480ab1, I1 copy); ops/runs 2 rows; OCFL listing; attribution: rows attribution='' (n-empty)",
camreg_york_gb,ingested-live,OGL-3.0,raw-ok,Contains public sector information licensed under the Open Government Licence v3.0 (© Crown copyright and database rights 2017 Ordnance Survey 100020818 (City of York Council CCTV)),n,n,"stored 35,821 B (1/1 digests retained); est 33–155 KB per snapshot (rows×150–700 B, inference)",sites 222 [ogl_uk3],arcgis/socrata outFields=* may carry editor/contact fields (dot_511.py:132),y-scrubbed (S-1…S-9),"sources.toml [sources.camreg_york_gb] (custody MIRROR, redistributable=True); rights/camreg_york_gb.md; catalog_sweep_2026-09-18_reviewed.json licence_verbatim; public sites.csv (release sig-2026-09-27-ce480ab1, I1 copy); ops/runs 3 rows; OCFL listing; attribution: rows attribution='' (n-empty)",
camreg_glasgow_gb,ingested-live,OGL-3.0,raw-ok,Contains public sector information licensed under the Open Government Licence v3.0 (Glasgow City Council — contains Ordnance Survey data © Crown copyright and database right 2022 (OGL v3.0)),n,n,"stored 279,279 B (1/1 digests retained); est 66–309 KB per snapshot (rows×150–700 B, inference)",sites 441 [ogl_uk3],arcgis/socrata outFields=* may carry editor/contact fields (dot_511.py:132),y-scrubbed (S-1…S-9),"sources.toml [sources.camreg_glasgow_gb] (custody MIRROR, redistributable=True); rights/camreg_glasgow_gb.md; catalog_sweep_2026-09-18_reviewed.json licence_verbatim; public sites.csv (release sig-2026-09-27-ce480ab1, I1 copy); ops/runs 2 rows; OCFL listing; attribution: rows attribution='' (n-empty)",
camreg_northayrshire_gb,ingested-live,OGL-3.0,raw-ok,"Contains public sector information licensed under the Open Government Licence v3.0 (Copyright North Ayrshire Council, contains Ordnance Survey data © Crown copyright and database right (2018))",n,n,"stored 31,973 B (1/1 digests retained); est 16–76 KB per snapshot (rows×150–700 B, inference)",sites 108 [ogl_uk3],arcgis/socrata outFields=* may carry editor/contact fields (dot_511.py:132),y-scrubbed (S-1…S-9),"sources.toml [sources.camreg_northayrshire_gb] (custody MIRROR, redistributable=True); rights/camreg_northayrshire_gb.md; catalog_sweep_2026-09-18_reviewed.json licence_verbatim; public sites.csv (release sig-2026-09-27-ce480ab1, I1 copy); ops/runs 2 rows; OCFL listing; attribution: rows attribution='' (n-empty)",
camreg_lambeth_gb,ingested-live,OGL-3.0,raw-ok,Contains public sector information licensed under the Open Government Licence v3.0 (London Borough of Lambeth parking CCTV camera registry (OGL v3.0)),n,n,"stored 8,771 B (1/1 digests retained); est 5–24 KB per snapshot (rows×150–700 B, inference)",sites 35 [ogl_uk3],arcgis/socrata outFields=* may carry editor/contact fields (dot_511.py:132),y-scrubbed (S-1…S-9),"sources.toml [sources.camreg_lambeth_gb] (custody MIRROR, redistributable=True); rights/camreg_lambeth_gb.md; catalog_sweep_2026-09-18_reviewed.json licence_verbatim; public sites.csv (release sig-2026-09-27-ce480ab1, I1 copy); ops/runs 2 rows; OCFL listing; attribution: rows attribution='' (n-empty)",
camreg_peel_on,ingested-live,LicenseRef-Peel-ODL-1.0,raw-ok,"Contains information licensed under the Open Data Licence for The Regional Municipality of Peel (Version 1.0) — Open Data Licence, Regional Municipality of Peel v1.0 notice",n,n,"stored 13,125 B (1/1 digests retained); est 6–26 KB per snapshot (rows×150–700 B, inference)",sites 37 [peel_odl1],arcgis/socrata outFields=* may carry editor/contact fields (dot_511.py:132),y-scrubbed (S-1…S-9),"sources.toml [sources.camreg_peel_on] (custody MIRROR, redistributable=True); rights/camreg_peel_on.md; catalog_sweep_2026-09-18_reviewed.json licence_verbatim; public sites.csv (release sig-2026-09-27-ce480ab1, I1 copy); ops/runs 2 rows; OCFL listing; attribution: rows attribution='' (n-empty)",upstream item declares 'CC BY' but registry records LicenseRef-Peel-ODL-1.0
camreg_stalbert_ab,ingested-live,LicenseRef-OperatorAccepted-DBRight,derived-only,no licence notice; SIG's own per-row promise (SIG-EXPORT-006): camera registry — GL-GATE-07 basis,n,n,"stored 0 B (0/1 digests retained; runs before 2026-09-25); est 12–56 KB per snapshot (rows×150–700 B, inference)",sites 80 [stalbert_odl1],none-known,y-scrubbed (S-1…S-9),"sources.toml [sources.camreg_stalbert_ab] (custody MIRROR, redistributable=True); rights/annex/p2616/camreg_stalbert_ab.md; catalog_sweep_2026-09-18_reviewed.json licence_verbatim; public sites.csv (release sig-2026-09-27-ce480ab1, I1 copy); ops/runs 1 rows; OCFL listing; attribution: rows attribution='' (n-empty)",operator-accepted DB-right risk (GL-GATE-07); a verbatim copy is the whole-database reutilisation the sui generis right targets | registry SPDX DBRight but exported in stalbert_odl1 (St Albert ODL) compartment
camreg_rochester_ny,ingested-live,ODbL-1.0,raw-ok,City of Rochester NY Police Department camera registry (ODbL-1.0) — ODbL 1.0 notice + licence link; derived DBs share-alike,y,n,"stored 44,229 B (1/1 digests retained); est 27–124 KB per snapshot (rows×150–700 B, inference)",sites 177 [osm_physical],arcgis/socrata outFields=* may carry editor/contact fields (dot_511.py:132),y-scrubbed (S-1…S-9),"sources.toml [sources.camreg_rochester_ny] (custody MIRROR, redistributable=True); rights/camreg_rochester_ny.md; catalog_sweep_2026-09-18_reviewed.json licence_verbatim; public sites.csv (release sig-2026-09-27-ce480ab1, I1 copy); ops/runs 2 rows; OCFL listing; attribution: rows attribution='© OpenStreetMap contributors, ODbL 1.0 (share-alik' (n-mis)",attribution defect new in J4 NEW-3
camreg_goldcoast_au,ingested-live,CC-BY-4.0,raw-ok,City of Gold Coast Safety Camera Network registry (CC-BY-4.0) — licensed CC BY 4.0 (https://creativecommons.org/licenses/by/4.0/); indicate changes,n,n,"stored 243,944 B (1/2 digests retained); est 94–437 KB per snapshot (rows×150–700 B, inference)",sites 624 [sig_graph],arcgis/socrata outFields=* may carry editor/contact fields (dot_511.py:132),y-scrubbed (S-1…S-9),"sources.toml [sources.camreg_goldcoast_au] (custody MIRROR, redistributable=True); rights/camreg_goldcoast_au.md; catalog_sweep_2026-09-18_reviewed.json licence_verbatim; public sites.csv (release sig-2026-09-27-ce480ab1, I1 copy); ops/runs 2 rows; OCFL listing; attribution: rows attribution='DeFlock community map' (n-mis)",
camreg_puertogaitan_co,ingested-live,CC-BY-SA-4.0,raw-ok,"Alcaldía de Puerto Gaitán, Meta — mapa de cámaras CCTV del municipio (datos.gov.co) — licensed CC BY-SA 4.0; indicate changes; adaptations under CC BY-SA 4.0",y,n,"stored 12,568 B (1/1 digests retained); est 8–35 KB per snapshot (rows×150–700 B, inference)",sites 50 [portal],arcgis/socrata outFields=* may carry editor/contact fields (dot_511.py:132),y-scrubbed (S-1…S-9),"sources.toml [sources.camreg_puertogaitan_co] (custody MIRROR, redistributable=True); rights/camreg_puertogaitan_co.md; catalog_sweep_2026-09-18_reviewed.json licence_verbatim; public sites.csv (release sig-2026-09-27-ce480ab1, I1 copy); ops/runs 3 rows; OCFL listing; attribution: rows attribution='' (n-empty)",
camreg_achd_id,ingested-live,LicenseRef-PublicRecord-FactualCompilation,derived-only,"no licence notice; SIG's own per-row promise (SIG-EXPORT-006): Ada County Highway District, Idaho camera registry",n,n,"stored 0 B (0/2 digests retained; runs before 2026-09-25); est 35–162 KB per snapshot (rows×150–700 B, inference)",sites 232 [public_record],none-known,y-scrubbed (S-1…S-9),"sources.toml [sources.camreg_achd_id] (custody MIRROR, redistributable=True); rights/annex/p2616/camreg_achd_id.md; catalog_sweep_2026-09-18_reviewed.json licence_verbatim; public sites.csv (release sig-2026-09-27-ce480ab1, I1 copy); ops/runs 2 rows; OCFL listing; attribution: rows attribution='' (n-empty)","GL-GATE-07 US factual-compilation basis covers facts, not the bytes; state/municipal copyright varies (counsel)"
camreg_aikner,ingested-live,LicenseRef-OperatorAccepted-DBRight,derived-only,no licence notice; SIG's own per-row promise (SIG-EXPORT-006): ArcGIS community-published traffic-camera registry camera registry,n,n,"stored 0 B (0/1 digests retained; runs before 2026-09-25); est 10–47 KB per snapshot (rows×150–700 B, inference)",sites 67 [operator_accepted],none-known,y-scrubbed (S-1…S-9),"sources.toml [sources.camreg_aikner] (custody MIRROR, redistributable=True); rights/annex/p2616/camreg_aikner.md; catalog_sweep_2026-09-18_reviewed.json licence_verbatim; public sites.csv (release sig-2026-09-27-ce480ab1, I1 copy); ops/runs 2 rows; OCFL listing; attribution: rows attribution='' (n-empty)",operator-accepted DB-right risk (GL-GATE-07); a verbatim copy is the whole-database reutilisation the sui generis right targets
camreg_amber_kh,ingested-live,LicenseRef-OperatorAccepted-DBRight,derived-only,no licence notice; SIG's own per-row promise (SIG-EXPORT-006): ArcGIS community-published traffic-camera registry camera registry,n,n,"stored 0 B (0/1 digests retained; runs before 2026-09-25); est 11–50 KB per snapshot (rows×150–700 B, inference)",sites 72 [operator_accepted],none-known,y-scrubbed (S-1…S-9),"sources.toml [sources.camreg_amber_kh] (custody MIRROR, redistributable=True); rights/annex/p2616/camreg_amber_kh.md; catalog_sweep_2026-09-18_reviewed.json licence_verbatim; public sites.csv (release sig-2026-09-27-ce480ab1, I1 copy); ops/runs 2 rows; OCFL listing; attribution: rows attribution='' (n-empty)",operator-accepted DB-right risk (GL-GATE-07); a verbatim copy is the whole-database reutilisation the sui generis right targets
camreg_apram_pt,ingested-live,LicenseRef-OperatorAccepted-DBRight,derived-only,"no licence notice; SIG's own per-row promise (SIG-EXPORT-006): APRAM — Agência Regional para o Ambiente, Portugal camera registry",n,n,"stored 0 B (0/1 digests retained; runs before 2026-09-25); est 0–1 KB per snapshot (rows×150–700 B, inference)",sites 1 [operator_accepted],none-known,y-scrubbed (S-1…S-9),"sources.toml [sources.camreg_apram_pt] (custody MIRROR, redistributable=True); rights/annex/p2616/camreg_apram_pt.md; catalog_sweep_2026-09-18_reviewed.json licence_verbatim; public sites.csv (release sig-2026-09-27-ce480ab1, I1 copy); ops/runs 2 rows; OCFL listing; attribution: rows attribution='' (n-empty)",operator-accepted DB-right risk (GL-GATE-07); a verbatim copy is the whole-database reutilisation the sui generis right targets
camreg_arc_1975641302,ingested-live,LicenseRef-OperatorAccepted-DBRight,derived-only,no licence notice; SIG's own per-row promise (SIG-EXPORT-006): ArcGIS community-published CCTV registry camera registry,n,n,"stored 0 B (0/1 digests retained; runs before 2026-09-25); est 9–41 KB per snapshot (rows×150–700 B, inference)",sites 59 [operator_accepted],none-known,y-scrubbed (S-1…S-9),"sources.toml [sources.camreg_arc_1975641302] (custody MIRROR, redistributable=True); rights/annex/p2616/camreg_arc_1975641302.md; catalog_sweep_2026-09-18_reviewed.json licence_verbatim; public sites.csv (release sig-2026-09-27-ce480ab1, I1 copy); ops/runs 2 rows; OCFL listing; attribution: rows attribution='' (n-empty)",operator-accepted DB-right risk (GL-GATE-07); a verbatim copy is the whole-database reutilisation the sui generis right targets
camreg_avctransport,ingested-live,LicenseRef-OperatorAccepted-DBRight,derived-only,no licence notice; SIG's own per-row promise (SIG-EXPORT-006): ArcGIS community-published camera registry camera registry,n,n,"stored 0 B (0/1 digests retained; runs before 2026-09-25); est 1–6 KB per snapshot (rows×150–700 B, inference)",sites 9 [operator_accepted],none-known,y-scrubbed (S-1…S-9),"sources.toml [sources.camreg_avctransport] (custody MIRROR, redistributable=True); rights/annex/p2616/camreg_avctransport.md; catalog_sweep_2026-09-18_reviewed.json licence_verbatim; public sites.csv (release sig-2026-09-27-ce480ab1, I1 copy); ops/runs 2 rows; OCFL listing; attribution: rows attribution='' (n-empty)",operator-accepted DB-right risk (GL-GATE-07); a verbatim copy is the whole-database reutilisation the sui generis right targets
camreg_azdot_az,ingested-live,LicenseRef-PublicRecord-FactualCompilation,derived-only,no licence notice; SIG's own per-row promise (SIG-EXPORT-006): Arizona Department of Transportation (ADOT publisher account) camera registry,n,n,"stored 0 B (0/1 digests retained; runs before 2026-09-25); est 79–368 KB per snapshot (rows×150–700 B, inference)",sites 526 [public_record],none-known,y-scrubbed (S-1…S-9),"sources.toml [sources.camreg_azdot_az] (custody MIRROR, redistributable=True); rights/annex/p2616/camreg_azdot_az.md; catalog_sweep_2026-09-18_reviewed.json licence_verbatim; public sites.csv (release sig-2026-09-27-ce480ab1, I1 copy); ops/runs 2 rows; OCFL listing; attribution: rows attribution='' (n-empty)","GL-GATE-07 US factual-compilation basis covers facts, not the bytes; state/municipal copyright varies (counsel)"
camreg_baltimore_atves_md,ingested-live,LicenseRef-PublicRecord-FactualCompilation,derived-only,no licence notice; SIG's own per-row promise (SIG-EXPORT-006): City of Baltimore (baltimore_city ArcGIS org) camera registry,n,n,"stored 0 B (0/4 digests retained; runs before 2026-09-25); est 50–235 KB per snapshot (rows×150–700 B, inference)",sites 336 [public_record],none-known,y-scrubbed (S-1…S-9),"sources.toml [sources.camreg_baltimore_atves_md] (custody MIRROR, redistributable=True); rights/annex/p2616/camreg_baltimore_atves_md.md; catalog_sweep_2026-09-18_reviewed.json licence_verbatim; public sites.csv (release sig-2026-09-27-ce480ab1, I1 copy); ops/runs 1 rows; OCFL listing; attribution: rows attribution='' (n-empty)","GL-GATE-07 US factual-compilation basis covers facts, not the bytes; state/municipal copyright varies (counsel)"
camreg_bangla_bd,ingested-live,LicenseRef-OperatorAccepted-DBRight,derived-only,no licence notice; SIG's own per-row promise (SIG-EXPORT-006): Bangladesh community-published camera registry camera registry,n,n,"stored 0 B (0/1 digests retained; runs before 2026-09-25); est 67–313 KB per snapshot (rows×150–700 B, inference)",sites 447 [operator_accepted],none-known,y-scrubbed (S-1…S-9),"sources.toml [sources.camreg_bangla_bd] (custody MIRROR, redistributable=True); rights/annex/p2616/camreg_bangla_bd.md; catalog_sweep_2026-09-18_reviewed.json licence_verbatim; public sites.csv (release sig-2026-09-27-ce480ab1, I1 copy); ops/runs 1 rows; OCFL listing; attribution: rows attribution='' (n-empty)",operator-accepted DB-right risk (GL-GATE-07); a verbatim copy is the whole-database reutilisation the sui generis right targets
camreg_bargabos,ingested-live,LicenseRef-OperatorAccepted-DBRight,derived-only,no licence notice; SIG's own per-row promise (SIG-EXPORT-006): ArcGIS community-published CCTV registry camera registry,n,n,"stored 0 B (0/1 digests retained; runs before 2026-09-25); est 1–6 KB per snapshot (rows×150–700 B, inference)",sites 9 [operator_accepted],none-known,y-scrubbed (S-1…S-9),"sources.toml [sources.camreg_bargabos] (custody MIRROR, redistributable=True); rights/annex/p2616/camreg_bargabos.md; catalog_sweep_2026-09-18_reviewed.json licence_verbatim; public sites.csv (release sig-2026-09-27-ce480ab1, I1 copy); ops/runs 1 rows; OCFL listing; attribution: rows attribution='' (n-empty)",operator-accepted DB-right risk (GL-GATE-07); a verbatim copy is the whole-database reutilisation the sui generis right targets
camreg_bedford_gb,ingested-live,LicenseRef-OperatorAccepted-DBRight,derived-only,no licence notice; SIG's own per-row promise (SIG-EXPORT-006): Bedford Borough Council camera registry,n,n,"stored 0 B (0/1 digests retained; runs before 2026-09-25); est 34–161 KB per snapshot (rows×150–700 B, inference)",sites 230 [operator_accepted],none-known,y-scrubbed (S-1…S-9),"sources.toml [sources.camreg_bedford_gb] (custody MIRROR, redistributable=True); rights/annex/p2616/camreg_bedford_gb.md; catalog_sweep_2026-09-18_reviewed.json licence_verbatim; public sites.csv (release sig-2026-09-27-ce480ab1, I1 copy); ops/runs 1 rows; OCFL listing; attribution: rows attribution='' (n-empty)",operator-accepted DB-right risk (GL-GATE-07); a verbatim copy is the whole-database reutilisation the sui generis right targets
camreg_bettendorf_ia,ingested-live,LicenseRef-PublicRecord-FactualCompilation,derived-only,"no licence notice; SIG's own per-row promise (SIG-EXPORT-006): City of Bettendorf, Iowa camera registry",n,n,"stored 0 B (0/1 digests retained; runs before 2026-09-25); est 22–103 KB per snapshot (rows×150–700 B, inference)",sites 147 [public_record],none-known,y-scrubbed (S-1…S-9),"sources.toml [sources.camreg_bettendorf_ia] (custody MIRROR, redistributable=True); rights/annex/p2616/camreg_bettendorf_ia.md; catalog_sweep_2026-09-18_reviewed.json licence_verbatim; public sites.csv (release sig-2026-09-27-ce480ab1, I1 copy); ops/runs 1 rows; OCFL listing; attribution: rows attribution='' (n-empty)","GL-GATE-07 US factual-compilation basis covers facts, not the bytes; state/municipal copyright varies (counsel)"
camreg_bouhan_jp,ingested-live,LicenseRef-OperatorAccepted-DBRight,derived-only,no licence notice; SIG's own per-row promise (SIG-EXPORT-006): Japanese community-published camera registry camera registry,n,n,"stored 0 B (0/1 digests retained; runs before 2026-09-25); est 9–40 KB per snapshot (rows×150–700 B, inference)",sites 57 [operator_accepted],none-known,y-scrubbed (S-1…S-9),"sources.toml [sources.camreg_bouhan_jp] (custody MIRROR, redistributable=True); rights/annex/p2616/camreg_bouhan_jp.md; catalog_sweep_2026-09-18_reviewed.json licence_verbatim; public sites.csv (release sig-2026-09-27-ce480ab1, I1 copy); ops/runs 1 rows; OCFL listing; attribution: rows attribution='' (n-empty)",operator-accepted DB-right risk (GL-GATE-07); a verbatim copy is the whole-database reutilisation the sui generis right targets
camreg_brea_ca,ingested-live,LicenseRef-PublicRecord-FactualCompilation,derived-only,"no licence notice; SIG's own per-row promise (SIG-EXPORT-006): City of Brea, California camera registry",n,n,"stored 0 B (0/4 digests retained; runs before 2026-09-25); est 48–222 KB per snapshot (rows×150–700 B, inference)",sites 317 [public_record],none-known,y-scrubbed (S-1…S-9),"sources.toml [sources.camreg_brea_ca] (custody MIRROR, redistributable=True); rights/annex/p2616/camreg_brea_ca.md; catalog_sweep_2026-09-18_reviewed.json licence_verbatim; public sites.csv (release sig-2026-09-27-ce480ab1, I1 copy); ops/runs 1 rows; OCFL listing; attribution: rows attribution='' (n-empty)","GL-GATE-07 US factual-compilation basis covers facts, not the bytes; state/municipal copyright varies (counsel)"
camreg_caledon_on,ingested-live,LicenseRef-OperatorAccepted-DBRight,derived-only,"no licence notice; SIG's own per-row promise (SIG-EXPORT-006): Town of Caledon, Ontario camera registry",n,n,"stored 0 B (0/1 digests retained; runs before 2026-09-25); est 6–29 KB per snapshot (rows×150–700 B, inference)",sites 42 [operator_accepted],none-known,y-scrubbed (S-1…S-9),"sources.toml [sources.camreg_caledon_on] (custody MIRROR, redistributable=True); rights/annex/p2616/camreg_caledon_on.md; catalog_sweep_2026-09-18_reviewed.json licence_verbatim; public sites.csv (release sig-2026-09-27-ce480ab1, I1 copy); ops/runs 1 rows; OCFL listing; attribution: rows attribution='' (n-empty)",operator-accepted DB-right risk (GL-GATE-07); a verbatim copy is the whole-database reutilisation the sui generis right targets
camreg_caloes_ca,ingested-live,LicenseRef-PublicRecord-FactualCompilation,restricted,no licence notice; SIG's own per-row promise (SIG-EXPORT-006): California Governor's Office of Emergency Services camera registry,n,n,"stored 0 B (0/5 digests retained; runs before 2026-09-25); est 0.7–3.0 MB per snapshot (rows×150–700 B, inference)",sites 4342 [public_record],none-known,y-scrubbed (S-1…S-9),"sources.toml [sources.camreg_caloes_ca] (custody MIRROR, redistributable=True); rights/annex/p2616/camreg_caloes_ca.md; catalog_sweep_2026-09-18_reviewed.json licence_verbatim; public sites.csv (release sig-2026-09-27-ce480ab1, I1 copy); ops/runs 1 rows; OCFL listing; attribution: rows attribution='' (n-empty)","captured upstream item terms restrict redistribution/use: by-nc, for use by cal oes personnel, may not be used, nd — yet registry redistributable=true and rows are public (J4 NEW-1)"
camreg_camberwell_au,ingested-live,LicenseRef-OperatorAccepted-DBRight,derived-only,no licence notice; SIG's own per-row promise (SIG-EXPORT-006): Camberwell Grammar School GIS org (community-published layer) camera registry,n,n,"stored 0 B (0/2 digests retained; runs before 2026-09-25); est 10–47 KB per snapshot (rows×150–700 B, inference)",sites 67 [operator_accepted],none-known,y-scrubbed (S-1…S-9),"sources.toml [sources.camreg_camberwell_au] (custody MIRROR, redistributable=True); rights/annex/p2616/camreg_camberwell_au.md; catalog_sweep_2026-09-18_reviewed.json licence_verbatim; public sites.csv (release sig-2026-09-27-ce480ab1, I1 copy); ops/runs 1 rows; OCFL listing; attribution: rows attribution='' (n-empty)",operator-accepted DB-right risk (GL-GATE-07); a verbatim copy is the whole-database reutilisation the sui generis right targets
camreg_camilo_schools,ingested-live,LicenseRef-OperatorAccepted-DBRight,derived-only,no licence notice; SIG's own per-row promise (SIG-EXPORT-006): ArcGIS community-published CCTV registry camera registry,n,n,"stored 0 B (0/1 digests retained; runs before 2026-09-25); est 5–22 KB per snapshot (rows×150–700 B, inference)",sites 31 [operator_accepted],none-known,y-scrubbed (S-1…S-9),"sources.toml [sources.camreg_camilo_schools] (custody MIRROR, redistributable=True); rights/annex/p2616/camreg_camilo_schools.md; catalog_sweep_2026-09-18_reviewed.json licence_verbatim; public sites.csv (release sig-2026-09-27-ce480ab1, I1 copy); ops/runs 4 rows; OCFL listing; attribution: rows attribution='' (n-empty)",operator-accepted DB-right risk (GL-GATE-07); a verbatim copy is the whole-database reutilisation the sui generis right targets
camreg_carver_mn,ingested-live,LicenseRef-PublicRecord-FactualCompilation,derived-only,"no licence notice; SIG's own per-row promise (SIG-EXPORT-006): Carver County, Minnesota camera registry",n,n,"stored 0 B (0/2 digests retained; runs before 2026-09-25); est 137–640 KB per snapshot (rows×150–700 B, inference)",sites 915 [public_record],none-known,y-scrubbed (S-1…S-9),"sources.toml [sources.camreg_carver_mn] (custody MIRROR, redistributable=True); rights/annex/p2616/camreg_carver_mn.md; catalog_sweep_2026-09-18_reviewed.json licence_verbatim; public sites.csv (release sig-2026-09-27-ce480ab1, I1 copy); ops/runs 3 rows; OCFL listing; attribution: rows attribution='' (n-empty)","GL-GATE-07 US factual-compilation basis covers facts, not the bytes; state/municipal copyright varies (counsel)"
camreg_cclemire,ingested-live,LicenseRef-OperatorAccepted-DBRight,derived-only,no licence notice; SIG's own per-row promise (SIG-EXPORT-006): ArcGIS community-published camera registry camera registry,n,n,"stored 0 B (0/1 digests retained; runs before 2026-09-25); est 0–1 KB per snapshot (rows×150–700 B, inference)",sites 2 [operator_accepted],none-known,y-scrubbed (S-1…S-9),"sources.toml [sources.camreg_cclemire] (custody MIRROR, redistributable=True); rights/annex/p2616/camreg_cclemire.md; catalog_sweep_2026-09-18_reviewed.json licence_verbatim; public sites.csv (release sig-2026-09-27-ce480ab1, I1 copy); ops/runs 3 rows; OCFL listing; attribution: rows attribution='' (n-empty)",operator-accepted DB-right risk (GL-GATE-07); a verbatim copy is the whole-database reutilisation the sui generis right targets
camreg_chattanooga_tn,ingested-live,LicenseRef-PublicRecord-FactualCompilation,derived-only,no licence notice; SIG's own per-row promise (SIG-EXPORT-006): Chattanooga-area GIS publisher (CHATTGIS) camera registry,n,n,"stored 0 B (0/2 digests retained; runs before 2026-09-25); est 25–116 KB per snapshot (rows×150–700 B, inference)",sites 166 [public_record],none-known,y-scrubbed (S-1…S-9),"sources.toml [sources.camreg_chattanooga_tn] (custody MIRROR, redistributable=True); rights/annex/p2616/camreg_chattanooga_tn.md; catalog_sweep_2026-09-18_reviewed.json licence_verbatim; public sites.csv (release sig-2026-09-27-ce480ab1, I1 copy); ops/runs 3 rows; OCFL listing; attribution: rows attribution='' (n-empty)","GL-GATE-07 US factual-compilation basis covers facts, not the bytes; state/municipal copyright varies (counsel)"
camreg_cheicylia,ingested-live,LicenseRef-OperatorAccepted-DBRight,derived-only,no licence notice; SIG's own per-row promise (SIG-EXPORT-006): ArcGIS community-published CCTV registry camera registry,n,n,"stored 0 B (0/2 digests retained; runs before 2026-09-25); est 14–65 KB per snapshot (rows×150–700 B, inference)",sites 93 [operator_accepted],none-known,y-scrubbed (S-1…S-9),"sources.toml [sources.camreg_cheicylia] (custody MIRROR, redistributable=True); rights/annex/p2616/camreg_cheicylia.md; catalog_sweep_2026-09-18_reviewed.json licence_verbatim; public sites.csv (release sig-2026-09-27-ce480ab1, I1 copy); ops/runs 3 rows; OCFL listing; attribution: rows attribution='' (n-empty)",operator-accepted DB-right risk (GL-GATE-07); a verbatim copy is the whole-database reutilisation the sui generis right targets
camreg_colgis,ingested-live,LicenseRef-OperatorAccepted-DBRight,derived-only,no licence notice; SIG's own per-row promise (SIG-EXPORT-006): ArcGIS community-published traffic-camera registry camera registry,n,n,"stored 0 B (0/1 digests retained; runs before 2026-09-25); est 2–10 KB per snapshot (rows×150–700 B, inference)",sites 15 [operator_accepted],none-known,y-scrubbed (S-1…S-9),"sources.toml [sources.camreg_colgis] (custody MIRROR, redistributable=True); rights/annex/p2616/camreg_colgis.md; catalog_sweep_2026-09-18_reviewed.json licence_verbatim; public sites.csv (release sig-2026-09-27-ce480ab1, I1 copy); ops/runs 2 rows; OCFL listing; attribution: rows attribution='' (n-empty)",operator-accepted DB-right risk (GL-GATE-07); a verbatim copy is the whole-database reutilisation the sui generis right targets
camreg_cotgeo,ingested-live,LicenseRef-OperatorAccepted-DBRight,restricted,no licence notice; SIG's own per-row promise (SIG-EXPORT-006): ArcGIS community-published traffic-camera registry camera registry,n,n,"stored 0 B (0/1 digests retained; runs before 2026-09-25); est 50–235 KB per snapshot (rows×150–700 B, inference)",sites 336 [operator_accepted],none-known,y-scrubbed (S-1…S-9),"sources.toml [sources.camreg_cotgeo] (custody MIRROR, redistributable=True); rights/annex/p2616/camreg_cotgeo.md; catalog_sweep_2026-09-18_reviewed.json licence_verbatim; public sites.csv (release sig-2026-09-27-ce480ab1, I1 copy); ops/runs 2 rows; OCFL listing; attribution: rows attribution='' (n-empty)","captured upstream item terms restrict redistribution/use: must be contacted, re-sold — yet registry redistributable=true and rows are public (J4 NEW-1)"
camreg_cphang,ingested-live,LicenseRef-OperatorAccepted-DBRight,derived-only,no licence notice; SIG's own per-row promise (SIG-EXPORT-006): ArcGIS community-published surveillance-site registry camera registry,n,n,"stored 0 B (0/1 digests retained; runs before 2026-09-25); est 1–4 KB per snapshot (rows×150–700 B, inference)",sites 5 [operator_accepted],none-known,y-scrubbed (S-1…S-9),"sources.toml [sources.camreg_cphang] (custody MIRROR, redistributable=True); rights/annex/p2616/camreg_cphang.md; catalog_sweep_2026-09-18_reviewed.json licence_verbatim; public sites.csv (release sig-2026-09-27-ce480ab1, I1 copy); ops/runs 2 rows; OCFL listing; attribution: rows attribution='' (n-empty)",operator-accepted DB-right risk (GL-GATE-07); a verbatim copy is the whole-database reutilisation the sui generis right targets
camreg_cwarcgis,ingested-live,LicenseRef-OperatorAccepted-DBRight,derived-only,no licence notice; SIG's own per-row promise (SIG-EXPORT-006): ArcGIS community-published camera registry camera registry,n,n,"stored 0 B (0/1 digests retained; runs before 2026-09-25); est 1–5 KB per snapshot (rows×150–700 B, inference)",sites 7 [operator_accepted],none-known,y-scrubbed (S-1…S-9),"sources.toml [sources.camreg_cwarcgis] (custody MIRROR, redistributable=True); rights/annex/p2616/camreg_cwarcgis.md; catalog_sweep_2026-09-18_reviewed.json licence_verbatim; public sites.csv (release sig-2026-09-27-ce480ab1, I1 copy); ops/runs 2 rows; OCFL listing; attribution: rows attribution='' (n-empty)",operator-accepted DB-right risk (GL-GATE-07); a verbatim copy is the whole-database reutilisation the sui generis right targets
camreg_dc_dot_dc,ingested-live,LicenseRef-PublicRecord-FactualCompilation,derived-only,"no licence notice; SIG's own per-row promise (SIG-EXPORT-006): District of Columbia (DDOT camera registries, republished layers) camera registry",n,n,"stored 0 B (0/3 digests retained; runs before 2026-09-25); est 81–377 KB per snapshot (rows×150–700 B, inference)",sites 538 [public_record],none-known,y-scrubbed (S-1…S-9),"sources.toml [sources.camreg_dc_dot_dc] (custody MIRROR, redistributable=True); rights/annex/p2616/camreg_dc_dot_dc.md; catalog_sweep_2026-09-18_reviewed.json licence_verbatim; public sites.csv (release sig-2026-09-27-ce480ab1, I1 copy); ops/runs 2 rows; OCFL listing; attribution: rows attribution='' (n-empty)","GL-GATE-07 US factual-compilation basis covers facts, not the bytes; state/municipal copyright varies (counsel)"
camreg_denver_co,ingested-live,LicenseRef-PublicRecord-FactualCompilation,derived-only,no licence notice; SIG's own per-row promise (SIG-EXPORT-006): City and County of Denver camera registry,n,n,"stored 0 B (0/1 digests retained; runs before 2026-09-25); est 2–10 KB per snapshot (rows×150–700 B, inference)",sites 14 [public_record],none-known,y-scrubbed (S-1…S-9),"sources.toml [sources.camreg_denver_co] (custody MIRROR, redistributable=True); rights/annex/p2616/camreg_denver_co.md; catalog_sweep_2026-09-18_reviewed.json licence_verbatim; public sites.csv (release sig-2026-09-27-ce480ab1, I1 copy); ops/runs 2 rows; OCFL listing; attribution: rows attribution='' (n-empty)","GL-GATE-07 US factual-compilation basis covers facts, not the bytes; state/municipal copyright varies (counsel)"
camreg_dover_gb,ingested-live,LicenseRef-OperatorAccepted-DBRight,derived-only,no licence notice; SIG's own per-row promise (SIG-EXPORT-006): Dover District Council camera registry,n,n,"stored 0 B (0/1 digests retained; runs before 2026-09-25); est 9–43 KB per snapshot (rows×150–700 B, inference)",sites 62 [operator_accepted],none-known,y-scrubbed (S-1…S-9),"sources.toml [sources.camreg_dover_gb] (custody MIRROR, redistributable=True); rights/annex/p2616/camreg_dover_gb.md; catalog_sweep_2026-09-18_reviewed.json licence_verbatim; public sites.csv (release sig-2026-09-27-ce480ab1, I1 copy); ops/runs 2 rows; OCFL listing; attribution: rows attribution='' (n-empty)",operator-accepted DB-right risk (GL-GATE-07); a verbatim copy is the whole-database reutilisation the sui generis right targets
camreg_dubuque_ia,ingested-live,LicenseRef-PublicRecord-FactualCompilation,derived-only,"no licence notice; SIG's own per-row promise (SIG-EXPORT-006): City of Dubuque, Iowa camera registry",n,n,"stored 0 B (0/1 digests retained; runs before 2026-09-25); est 0–2 KB per snapshot (rows×150–700 B, inference)",sites 3 [public_record],none-known,y-scrubbed (S-1…S-9),"sources.toml [sources.camreg_dubuque_ia] (custody MIRROR, redistributable=True); rights/annex/p2616/camreg_dubuque_ia.md; catalog_sweep_2026-09-18_reviewed.json licence_verbatim; public sites.csv (release sig-2026-09-27-ce480ab1, I1 copy); ops/runs 2 rows; OCFL listing; attribution: rows attribution='' (n-empty)","GL-GATE-07 US factual-compilation basis covers facts, not the bytes; state/municipal copyright varies (counsel)"
camreg_duganmeyer,ingested-live,LicenseRef-OperatorAccepted-DBRight,derived-only,no licence notice; SIG's own per-row promise (SIG-EXPORT-006): University-community-published ALPR camera registry camera registry,n,n,"stored 0 B (0/1 digests retained; runs before 2026-09-25); est 8–38 KB per snapshot (rows×150–700 B, inference)",sites 54 [operator_accepted],none-known,y-scrubbed (S-1…S-9),"sources.toml [sources.camreg_duganmeyer] (custody MIRROR, redistributable=True); rights/annex/p2616/camreg_duganmeyer.md; catalog_sweep_2026-09-18_reviewed.json licence_verbatim; public sites.csv (release sig-2026-09-27-ce480ab1, I1 copy); ops/runs 2 rows; OCFL listing; attribution: rows attribution='' (n-empty)",operator-accepted DB-right risk (GL-GATE-07); a verbatim copy is the whole-database reutilisation the sui generis right targets
camreg_durham_gb,ingested-live,LicenseRef-OperatorAccepted-DBRight,derived-only,no licence notice; SIG's own per-row promise (SIG-EXPORT-006): Durham County Council camera registry,n,n,"stored 0 B (0/1 digests retained; runs before 2026-09-25); est 5–23 KB per snapshot (rows×150–700 B, inference)",sites 33 [operator_accepted],none-known,y-scrubbed (S-1…S-9),"sources.toml [sources.camreg_durham_gb] (custody MIRROR, redistributable=True); rights/annex/p2616/camreg_durham_gb.md; catalog_sweep_2026-09-18_reviewed.json licence_verbatim; public sites.csv (release sig-2026-09-27-ce480ab1, I1 copy); ops/runs 2 rows; OCFL listing; attribution: rows attribution='' (n-empty)",operator-accepted DB-right risk (GL-GATE-07); a verbatim copy is the whole-database reutilisation the sui generis right targets
camreg_eastdun_gb,ingested-live,LicenseRef-OperatorAccepted-DBRight,derived-only,no licence notice; SIG's own per-row promise (SIG-EXPORT-006): East Dunbartonshire Council camera registry,n,n,"stored 0 B (0/1 digests retained; runs before 2026-09-25); est 7–32 KB per snapshot (rows×150–700 B, inference)",sites 46 [operator_accepted],none-known,y-scrubbed (S-1…S-9),"sources.toml [sources.camreg_eastdun_gb] (custody MIRROR, redistributable=True); rights/annex/p2616/camreg_eastdun_gb.md; catalog_sweep_2026-09-18_reviewed.json licence_verbatim; public sites.csv (release sig-2026-09-27-ce480ab1, I1 copy); ops/runs 2 rows; OCFL listing; attribution: rows attribution='' (n-empty)",operator-accepted DB-right risk (GL-GATE-07); a verbatim copy is the whole-database reutilisation the sui generis right targets
camreg_ebrgis_la,ingested-live,LicenseRef-PublicRecord-FactualCompilation,derived-only,no licence notice; SIG's own per-row promise (SIG-EXPORT-006): City of Baton Rouge / East Baton Rouge Parish camera registry,n,n,"stored 0 B (0/1 digests retained; runs before 2026-09-25); est 18–83 KB per snapshot (rows×150–700 B, inference)",sites 118 [public_record],none-known,y-scrubbed (S-1…S-9),"sources.toml [sources.camreg_ebrgis_la] (custody MIRROR, redistributable=True); rights/annex/p2616/camreg_ebrgis_la.md; catalog_sweep_2026-09-18_reviewed.json licence_verbatim; public sites.csv (release sig-2026-09-27-ce480ab1, I1 copy); ops/runs 2 rows; OCFL listing; attribution: rows attribution='' (n-empty)","GL-GATE-07 US factual-compilation basis covers facts, not the bytes; state/municipal copyright varies (counsel)"
camreg_esri_dash,ingested-live,LicenseRef-OperatorAccepted-DBRight,derived-only,no licence notice; SIG's own per-row promise (SIG-EXPORT-006): ArcGIS community-published traffic-camera registry camera registry,n,n,"stored 0 B (0/1 digests retained; runs before 2026-09-25); est 66–307 KB per snapshot (rows×150–700 B, inference)",sites 438 [operator_accepted],none-known,y-scrubbed (S-1…S-9),"sources.toml [sources.camreg_esri_dash] (custody MIRROR, redistributable=True); rights/annex/p2616/camreg_esri_dash.md; catalog_sweep_2026-09-18_reviewed.json licence_verbatim; public sites.csv (release sig-2026-09-27-ce480ab1, I1 copy); ops/runs 2 rows; OCFL listing; attribution: rows attribution='' (n-empty)",operator-accepted DB-right risk (GL-GATE-07); a verbatim copy is the whole-database reutilisation the sui generis right targets
camreg_esriukpolice_gb,ingested-live,LicenseRef-OperatorAccepted-DBRight,derived-only,no licence notice; SIG's own per-row promise (SIG-EXPORT-006): Esri UK police demonstration org (community-published layer) camera registry,n,n,"stored 0 B (0/1 digests retained; runs before 2026-09-25); est 2–8 KB per snapshot (rows×150–700 B, inference)",sites 12 [operator_accepted],none-known,y-scrubbed (S-1…S-9),"sources.toml [sources.camreg_esriukpolice_gb] (custody MIRROR, redistributable=True); rights/annex/p2616/camreg_esriukpolice_gb.md; catalog_sweep_2026-09-18_reviewed.json licence_verbatim; public sites.csv (release sig-2026-09-27-ce480ab1, I1 copy); ops/runs 2 rows; OCFL listing; attribution: rows attribution='' (n-empty)",operator-accepted DB-right risk (GL-GATE-07); a verbatim copy is the whole-database reutilisation the sui generis right targets
camreg_essex_gb,ingested-live,LicenseRef-OperatorAccepted-DBRight,derived-only,no licence notice; SIG's own per-row promise (SIG-EXPORT-006): Essex County Council / Essex Safety Camera Partnership camera registry,n,n,"stored 0 B (0/1 digests retained; runs before 2026-09-25); est 20–94 KB per snapshot (rows×150–700 B, inference)",sites 135 [operator_accepted],none-known,y-scrubbed (S-1…S-9),"sources.toml [sources.camreg_essex_gb] (custody MIRROR, redistributable=True); rights/annex/p2616/camreg_essex_gb.md; catalog_sweep_2026-09-18_reviewed.json licence_verbatim; public sites.csv (release sig-2026-09-27-ce480ab1, I1 copy); ops/runs 2 rows; OCFL listing; attribution: rows attribution='' (n-empty)",operator-accepted DB-right risk (GL-GATE-07); a verbatim copy is the whole-database reutilisation the sui generis right targets
camreg_fifia,ingested-live,LicenseRef-OperatorAccepted-DBRight,derived-only,no licence notice; SIG's own per-row promise (SIG-EXPORT-006): ArcGIS community-published CCTV registry camera registry,n,n,"stored 0 B (0/1 digests retained; runs before 2026-09-25); est 3–13 KB per snapshot (rows×150–700 B, inference)",sites 19 [operator_accepted],none-known,y-scrubbed (S-1…S-9),"sources.toml [sources.camreg_fifia] (custody MIRROR, redistributable=True); rights/annex/p2616/camreg_fifia.md; catalog_sweep_2026-09-18_reviewed.json licence_verbatim; public sites.csv (release sig-2026-09-27-ce480ab1, I1 copy); ops/runs 2 rows; OCFL listing; attribution: rows attribution='' (n-empty)",operator-accepted DB-right risk (GL-GATE-07); a verbatim copy is the whole-database reutilisation the sui generis right targets
camreg_firemedic,ingested-live,LicenseRef-OperatorAccepted-DBRight,derived-only,no licence notice; SIG's own per-row promise (SIG-EXPORT-006): ArcGIS community-published traffic-camera registry camera registry,n,n,"stored 0 B (0/1 digests retained; runs before 2026-09-25); est 93–436 KB per snapshot (rows×150–700 B, inference)",sites 623 [operator_accepted],none-known,y-scrubbed (S-1…S-9),"sources.toml [sources.camreg_firemedic] (custody MIRROR, redistributable=True); rights/annex/p2616/camreg_firemedic.md; catalog_sweep_2026-09-18_reviewed.json licence_verbatim; public sites.csv (release sig-2026-09-27-ce480ab1, I1 copy); ops/runs 2 rows; OCFL listing; attribution: rows attribution='' (n-empty)",operator-accepted DB-right risk (GL-GATE-07); a verbatim copy is the whole-database reutilisation the sui generis right targets
camreg_fl511_fl,ingested-live,LicenseRef-PublicRecord-FactualCompilation,derived-only,no licence notice; SIG's own per-row promise (SIG-EXPORT-006): Florida Department of Transportation (republished layers) camera registry,n,n,"stored 0 B (0/14 digests retained; runs before 2026-09-25); est 1.4–6.5 MB per snapshot (rows×150–700 B, inference)",sites 9347 [public_record],none-known,y-scrubbed (S-1…S-9),"sources.toml [sources.camreg_fl511_fl] (custody MIRROR, redistributable=True); rights/annex/p2616/camreg_fl511_fl.md; catalog_sweep_2026-09-18_reviewed.json licence_verbatim; public sites.csv (release sig-2026-09-27-ce480ab1, I1 copy); ops/runs 1 rows; OCFL listing; attribution: rows attribution='' (n-empty)","GL-GATE-07 US factual-compilation basis covers facts, not the bytes; state/municipal copyright varies (counsel)"
camreg_forwardalliance,ingested-live,LicenseRef-OperatorAccepted-DBRight,derived-only,no licence notice; SIG's own per-row promise (SIG-EXPORT-006): ArcGIS community-published CCTV registry camera registry,n,n,"stored 0 B (0/2 digests retained; runs before 2026-09-25); est 0.3–1.3 MB per snapshot (rows×150–700 B, inference)",sites 1829 [operator_accepted],none-known,y-scrubbed (S-1…S-9),"sources.toml [sources.camreg_forwardalliance] (custody MIRROR, redistributable=True); rights/annex/p2616/camreg_forwardalliance.md; catalog_sweep_2026-09-18_reviewed.json licence_verbatim; public sites.csv (release sig-2026-09-27-ce480ab1, I1 copy); ops/runs 1 rows; OCFL listing; attribution: rows attribution='' (n-empty)",operator-accepted DB-right risk (GL-GATE-07); a verbatim copy is the whole-database reutilisation the sui generis right targets
camreg_freese_dm,ingested-live,LicenseRef-OperatorAccepted-DBRight,derived-only,no licence notice; SIG's own per-row promise (SIG-EXPORT-006): ArcGIS community-published ITS camera registry camera registry,n,n,"stored 0 B (0/1 digests retained; runs before 2026-09-25); est 80–374 KB per snapshot (rows×150–700 B, inference)",sites 534 [operator_accepted],none-known,y-scrubbed (S-1…S-9),"sources.toml [sources.camreg_freese_dm] (custody MIRROR, redistributable=True); rights/annex/p2616/camreg_freese_dm.md; catalog_sweep_2026-09-18_reviewed.json licence_verbatim; public sites.csv (release sig-2026-09-27-ce480ab1, I1 copy); ops/runs 1 rows; OCFL listing; attribution: rows attribution='' (n-empty)",operator-accepted DB-right risk (GL-GATE-07); a verbatim copy is the whole-database reutilisation the sui generis right targets
camreg_friendswood_tx,ingested-live,LicenseRef-PublicRecord-FactualCompilation,derived-only,"no licence notice; SIG's own per-row promise (SIG-EXPORT-006): City of Friendswood, Texas camera registry",n,n,"stored 0 B (0/1 digests retained; runs before 2026-09-25); est 4–20 KB per snapshot (rows×150–700 B, inference)",sites 29 [public_record],none-known,y-scrubbed (S-1…S-9),"sources.toml [sources.camreg_friendswood_tx] (custody MIRROR, redistributable=True); rights/annex/p2616/camreg_friendswood_tx.md; catalog_sweep_2026-09-18_reviewed.json licence_verbatim; public sites.csv (release sig-2026-09-27-ce480ab1, I1 copy); ops/runs 1 rows; OCFL listing; attribution: rows attribution='' (n-empty)","GL-GATE-07 US factual-compilation basis covers facts, not the bytes; state/municipal copyright varies (counsel)"
camreg_gainesville_fl,ingested-live,LicenseRef-PublicRecord-FactualCompilation,derived-only,"no licence notice; SIG's own per-row promise (SIG-EXPORT-006): City of Gainesville, Florida camera registry",n,n,"stored 0 B (0/1 digests retained; runs before 2026-09-25); est 18–82 KB per snapshot (rows×150–700 B, inference)",sites 117 [public_record],none-known,y-scrubbed (S-1…S-9),"sources.toml [sources.camreg_gainesville_fl] (custody MIRROR, redistributable=True); rights/annex/p2616/camreg_gainesville_fl.md; catalog_sweep_2026-09-18_reviewed.json licence_verbatim; public sites.csv (release sig-2026-09-27-ce480ab1, I1 copy); ops/runs 1 rows; OCFL listing; attribution: rows attribution='' (n-empty)","GL-GATE-07 US factual-compilation basis covers facts, not the bytes; state/municipal copyright varies (counsel)"
camreg_gedling_gb,ingested-live,LicenseRef-OperatorAccepted-DBRight,derived-only,no licence notice; SIG's own per-row promise (SIG-EXPORT-006): Gedling Borough Council camera registry,n,n,"stored 0 B (0/1 digests retained; runs before 2026-09-25); est 14–64 KB per snapshot (rows×150–700 B, inference)",sites 92 [operator_accepted],none-known,y-scrubbed (S-1…S-9),"sources.toml [sources.camreg_gedling_gb] (custody MIRROR, redistributable=True); rights/annex/p2616/camreg_gedling_gb.md; catalog_sweep_2026-09-18_reviewed.json licence_verbatim; public sites.csv (release sig-2026-09-27-ce480ab1, I1 copy); ops/runs 1 rows; OCFL listing; attribution: rows attribution='' (n-empty)",operator-accepted DB-right risk (GL-GATE-07); a verbatim copy is the whole-database reutilisation the sui generis right targets
camreg_gistel_be,ingested-live,LicenseRef-OperatorAccepted-DBRight,derived-only,no licence notice; SIG's own per-row promise (SIG-EXPORT-006): Gistel municipal camera registry (m.decraemer publisher) camera registry,n,n,"stored 0 B (0/1 digests retained; runs before 2026-09-25); est 3–13 KB per snapshot (rows×150–700 B, inference)",sites 19 [operator_accepted],none-known,y-scrubbed (S-1…S-9),"sources.toml [sources.camreg_gistel_be] (custody MIRROR, redistributable=True); rights/annex/p2616/camreg_gistel_be.md; catalog_sweep_2026-09-18_reviewed.json licence_verbatim; public sites.csv (release sig-2026-09-27-ce480ab1, I1 copy); ops/runs 1 rows; OCFL listing; attribution: rows attribution='' (n-empty)",operator-accepted DB-right risk (GL-GATE-07); a verbatim copy is the whole-database reutilisation the sui generis right targets
camreg_gmh_emc_ga,ingested-live,LicenseRef-PublicRecord-FactualCompilation,derived-only,no licence notice; SIG's own per-row promise (SIG-EXPORT-006): Georgia EMC (GMH_GA_emc publisher) camera registry,n,n,"stored 0 B (0/1 digests retained; runs before 2026-09-25); est 0–2 KB per snapshot (rows×150–700 B, inference)",sites 3 [public_record],none-known,y-scrubbed (S-1…S-9),"sources.toml [sources.camreg_gmh_emc_ga] (custody MIRROR, redistributable=True); rights/annex/p2616/camreg_gmh_emc_ga.md; catalog_sweep_2026-09-18_reviewed.json licence_verbatim; public sites.csv (release sig-2026-09-27-ce480ab1, I1 copy); ops/runs 1 rows; OCFL listing; attribution: rows attribution='' (n-empty)","GL-GATE-07 US factual-compilation basis covers facts, not the bytes; state/municipal copyright varies (counsel)"
camreg_guildford_gb,ingested-live,LicenseRef-OperatorAccepted-DBRight,derived-only,no licence notice; SIG's own per-row promise (SIG-EXPORT-006): Guildford (rgsguildford publisher) camera registry,n,n,"stored 0 B (0/1 digests retained; runs before 2026-09-25); est 22–105 KB per snapshot (rows×150–700 B, inference)",sites 150 [operator_accepted],none-known,y-scrubbed (S-1…S-9),"sources.toml [sources.camreg_guildford_gb] (custody MIRROR, redistributable=True); rights/annex/p2616/camreg_guildford_gb.md; catalog_sweep_2026-09-18_reviewed.json licence_verbatim; public sites.csv (release sig-2026-09-27-ce480ab1, I1 copy); ops/runs 1 rows; OCFL listing; attribution: rows attribution='' (n-empty)",operator-accepted DB-right risk (GL-GATE-07); a verbatim copy is the whole-database reutilisation the sui generis right targets
camreg_gvanmaren,ingested-live,LicenseRef-OperatorAccepted-DBRight,derived-only,no licence notice; SIG's own per-row promise (SIG-EXPORT-006): ArcGIS community-published CCTV asset registry camera registry,n,n,"stored 0 B (0/1 digests retained; runs before 2026-09-25); est 1–6 KB per snapshot (rows×150–700 B, inference)",sites 9 [operator_accepted],none-known,y-scrubbed (S-1…S-9),"sources.toml [sources.camreg_gvanmaren] (custody MIRROR, redistributable=True); rights/annex/p2616/camreg_gvanmaren.md; catalog_sweep_2026-09-18_reviewed.json licence_verbatim; public sites.csv (release sig-2026-09-27-ce480ab1, I1 copy); ops/runs 1 rows; OCFL listing; attribution: rows attribution='' (n-empty)",operator-accepted DB-right risk (GL-GATE-07); a verbatim copy is the whole-database reutilisation the sui generis right targets
camreg_helberg,ingested-live,LicenseRef-OperatorAccepted-DBRight,derived-only,no licence notice; SIG's own per-row promise (SIG-EXPORT-006): ArcGIS community-published camera registry camera registry,n,n,"stored 0 B (0/1 digests retained; runs before 2026-09-25); est 0–1 KB per snapshot (rows×150–700 B, inference)",sites 2 [operator_accepted],none-known,y-scrubbed (S-1…S-9),"sources.toml [sources.camreg_helberg] (custody MIRROR, redistributable=True); rights/annex/p2616/camreg_helberg.md; catalog_sweep_2026-09-18_reviewed.json licence_verbatim; public sites.csv (release sig-2026-09-27-ce480ab1, I1 copy); ops/runs 1 rows; OCFL listing; attribution: rows attribution='' (n-empty)",operator-accepted DB-right risk (GL-GATE-07); a verbatim copy is the whole-database reutilisation the sui generis right targets
camreg_indonesia_id,ingested-live,LicenseRef-OperatorAccepted-DBRight,derived-only,no licence notice; SIG's own per-row promise (SIG-EXPORT-006): Indonesian community/municipal camera registries camera registry,n,n,"stored 0 B (0/9 digests retained; runs before 2026-09-25); est 40–188 KB per snapshot (rows×150–700 B, inference)",sites 268 [operator_accepted],none-known,y-scrubbed (S-1…S-9),"sources.toml [sources.camreg_indonesia_id] (custody MIRROR, redistributable=True); rights/annex/p2616/camreg_indonesia_id.md; catalog_sweep_2026-09-18_reviewed.json licence_verbatim; public sites.csv (release sig-2026-09-27-ce480ab1, I1 copy); ops/runs 1 rows; OCFL listing; attribution: rows attribution='' (n-empty)",operator-accepted DB-right risk (GL-GATE-07); a verbatim copy is the whole-database reutilisation the sui generis right targets
camreg_infocemosa,ingested-live,LicenseRef-OperatorAccepted-DBRight,derived-only,no licence notice; SIG's own per-row promise (SIG-EXPORT-006): ArcGIS community-published CCTV registry camera registry,n,n,"stored 0 B (0/1 digests retained; runs before 2026-09-25); est 49–228 KB per snapshot (rows×150–700 B, inference)",sites 326 [operator_accepted],none-known,y-scrubbed (S-1…S-9),"sources.toml [sources.camreg_infocemosa] (custody MIRROR, redistributable=True); rights/annex/p2616/camreg_infocemosa.md; catalog_sweep_2026-09-18_reviewed.json licence_verbatim; public sites.csv (release sig-2026-09-27-ce480ab1, I1 copy); ops/runs 1 rows; OCFL listing; attribution: rows attribution='' (n-empty)",operator-accepted DB-right risk (GL-GATE-07); a verbatim copy is the whole-database reutilisation the sui generis right targets
camreg_infraestructura,ingested-live,LicenseRef-OperatorAccepted-DBRight,derived-only,no licence notice; SIG's own per-row promise (SIG-EXPORT-006): ArcGIS community-published CCTV registry camera registry,n,n,"stored 0 B (0/1 digests retained; runs before 2026-09-25); est 32–149 KB per snapshot (rows×150–700 B, inference)",sites 213 [operator_accepted],none-known,y-scrubbed (S-1…S-9),"sources.toml [sources.camreg_infraestructura] (custody MIRROR, redistributable=True); rights/annex/p2616/camreg_infraestructura.md; catalog_sweep_2026-09-18_reviewed.json licence_verbatim; public sites.csv (release sig-2026-09-27-ce480ab1, I1 copy); ops/runs 1 rows; OCFL listing; attribution: rows attribution='' (n-empty)",operator-accepted DB-right risk (GL-GATE-07); a verbatim copy is the whole-database reutilisation the sui generis right targets
camreg_ira,ingested-live,LicenseRef-OperatorAccepted-DBRight,derived-only,no licence notice; SIG's own per-row promise (SIG-EXPORT-006): ArcGIS community-published CCTV registry camera registry,n,n,"stored 0 B (0/1 digests retained; runs before 2026-09-25); est 0–2 KB per snapshot (rows×150–700 B, inference)",sites 3 [operator_accepted],none-known,y-scrubbed (S-1…S-9),"sources.toml [sources.camreg_ira] (custody MIRROR, redistributable=True); rights/annex/p2616/camreg_ira.md; catalog_sweep_2026-09-18_reviewed.json licence_verbatim; public sites.csv (release sig-2026-09-27-ce480ab1, I1 copy); ops/runs 2 rows; OCFL listing; attribution: rows attribution='' (n-empty)",operator-accepted DB-right risk (GL-GATE-07); a verbatim copy is the whole-database reutilisation the sui generis right targets
camreg_jcfd3_or,ingested-live,LicenseRef-PublicRecord-FactualCompilation,derived-only,"no licence notice; SIG's own per-row promise (SIG-EXPORT-006): Jackson County Fire District 3, Oregon camera registry",n,n,"stored 0 B (0/1 digests retained; runs before 2026-09-25); est 0–1 KB per snapshot (rows×150–700 B, inference)",sites 1 [public_record],none-known,y-scrubbed (S-1…S-9),"sources.toml [sources.camreg_jcfd3_or] (custody MIRROR, redistributable=True); rights/annex/p2616/camreg_jcfd3_or.md; catalog_sweep_2026-09-18_reviewed.json licence_verbatim; public sites.csv (release sig-2026-09-27-ce480ab1, I1 copy); ops/runs 2 rows; OCFL listing; attribution: rows attribution='' (n-empty)","GL-GATE-07 US factual-compilation basis covers facts, not the bytes; state/municipal copyright varies (counsel)"
camreg_jelenic,ingested-live,LicenseRef-OperatorAccepted-DBRight,derived-only,no licence notice; SIG's own per-row promise (SIG-EXPORT-006): University-community-published camera registry camera registry,n,n,"stored 0 B (0/1 digests retained; runs before 2026-09-25); est 55–256 KB per snapshot (rows×150–700 B, inference)",sites 365 [operator_accepted],none-known,y-scrubbed (S-1…S-9),"sources.toml [sources.camreg_jelenic] (custody MIRROR, redistributable=True); rights/annex/p2616/camreg_jelenic.md; catalog_sweep_2026-09-18_reviewed.json licence_verbatim; public sites.csv (release sig-2026-09-27-ce480ab1, I1 copy); ops/runs 2 rows; OCFL listing; attribution: rows attribution='' (n-empty)",operator-accepted DB-right risk (GL-GATE-07); a verbatim copy is the whole-database reutilisation the sui generis right targets
camreg_jmh_us,ingested-live,LicenseRef-PublicRecord-FactualCompilation,derived-only,no licence notice; SIG's own per-row promise (SIG-EXPORT-006): US municipal police department (jmh_com publisher) camera registry,n,n,"stored 0 B (0/1 digests retained; runs before 2026-09-25); est 4–18 KB per snapshot (rows×150–700 B, inference)",sites 25 [public_record],none-known,y-scrubbed (S-1…S-9),"sources.toml [sources.camreg_jmh_us] (custody MIRROR, redistributable=True); rights/annex/p2616/camreg_jmh_us.md; catalog_sweep_2026-09-18_reviewed.json licence_verbatim; public sites.csv (release sig-2026-09-27-ce480ab1, I1 copy); ops/runs 2 rows; OCFL listing; attribution: rows attribution='' (n-empty)","GL-GATE-07 US factual-compilation basis covers facts, not the bytes; state/municipal copyright varies (counsel)"
camreg_kcmo_mo,ingested-live,LicenseRef-PublicRecord-FactualCompilation,derived-only,"no licence notice; SIG's own per-row promise (SIG-EXPORT-006): Kansas City, Missouri camera registry",n,n,"stored 0 B (0/1 digests retained; runs before 2026-09-25); est 35–165 KB per snapshot (rows×150–700 B, inference)",sites 236 [public_record],none-known,y-scrubbed (S-1…S-9),"sources.toml [sources.camreg_kcmo_mo] (custody MIRROR, redistributable=True); rights/annex/p2616/camreg_kcmo_mo.md; catalog_sweep_2026-09-18_reviewed.json licence_verbatim; public sites.csv (release sig-2026-09-27-ce480ab1, I1 copy); ops/runs 1 rows; OCFL listing; attribution: rows attribution='' (n-empty)","GL-GATE-07 US factual-compilation basis covers facts, not the bytes; state/municipal copyright varies (counsel)"
camreg_keizer_or,ingested-live,LicenseRef-PublicRecord-FactualCompilation,restricted,"no licence notice; SIG's own per-row promise (SIG-EXPORT-006): City of Keizer, Oregon camera registry",n,n,"stored 0 B (0/1 digests retained; runs before 2026-09-25); est 4–18 KB per snapshot (rows×150–700 B, inference)",sites 25 [public_record],none-known,y-scrubbed (S-1…S-9),"sources.toml [sources.camreg_keizer_or] (custody MIRROR, redistributable=True); rights/annex/p2616/camreg_keizer_or.md; catalog_sweep_2026-09-18_reviewed.json licence_verbatim; public sites.csv (release sig-2026-09-27-ce480ab1, I1 copy); ops/runs 1 rows; OCFL listing; attribution: rows attribution='' (n-empty)","captured upstream item terms restrict redistribution/use: prohibit, resale — yet registry redistributable=true and rows are public (J4 NEW-1)"
camreg_keshan,ingested-live,LicenseRef-OperatorAccepted-DBRight,derived-only,no licence notice; SIG's own per-row promise (SIG-EXPORT-006): ArcGIS community-published camera registry camera registry,n,n,"stored 0 B (0/1 digests retained; runs before 2026-09-25); est 22–104 KB per snapshot (rows×150–700 B, inference)",sites 149 [operator_accepted],none-known,y-scrubbed (S-1…S-9),"sources.toml [sources.camreg_keshan] (custody MIRROR, redistributable=True); rights/annex/p2616/camreg_keshan.md; catalog_sweep_2026-09-18_reviewed.json licence_verbatim; public sites.csv (release sig-2026-09-27-ce480ab1, I1 copy); ops/runs 1 rows; OCFL listing; attribution: rows attribution='' (n-empty)",operator-accepted DB-right risk (GL-GATE-07); a verbatim copy is the whole-database reutilisation the sui generis right targets
camreg_kirkland_wa,ingested-live,LicenseRef-PublicRecord-FactualCompilation,derived-only,"no licence notice; SIG's own per-row promise (SIG-EXPORT-006): City of Kirkland, Washington camera registry",n,n,"stored 0 B (0/1 digests retained; runs before 2026-09-25); est 9–40 KB per snapshot (rows×150–700 B, inference)",sites 57 [public_record],none-known,y-scrubbed (S-1…S-9),"sources.toml [sources.camreg_kirkland_wa] (custody MIRROR, redistributable=True); rights/annex/p2616/camreg_kirkland_wa.md; catalog_sweep_2026-09-18_reviewed.json licence_verbatim; public sites.csv (release sig-2026-09-27-ce480ab1, I1 copy); ops/runs 1 rows; OCFL listing; attribution: rows attribution='' (n-empty)","GL-GATE-07 US factual-compilation basis covers facts, not the bytes; state/municipal copyright varies (counsel)"
camreg_kosman,ingested-live,LicenseRef-OperatorAccepted-DBRight,derived-only,no licence notice; SIG's own per-row promise (SIG-EXPORT-006): ArcGIS community-published traffic-camera registry camera registry,n,n,"stored 0 B (0/1 digests retained; runs before 2026-09-25); est 1–6 KB per snapshot (rows×150–700 B, inference)",sites 9 [operator_accepted],none-known,y-scrubbed (S-1…S-9),"sources.toml [sources.camreg_kosman] (custody MIRROR, redistributable=True); rights/annex/p2616/camreg_kosman.md; catalog_sweep_2026-09-18_reviewed.json licence_verbatim; public sites.csv (release sig-2026-09-27-ce480ab1, I1 copy); ops/runs 1 rows; OCFL listing; attribution: rows attribution='' (n-empty)",operator-accepted DB-right risk (GL-GATE-07); a verbatim copy is the whole-database reutilisation the sui generis right targets
camreg_kunying,ingested-live,LicenseRef-OperatorAccepted-DBRight,derived-only,no licence notice; SIG's own per-row promise (SIG-EXPORT-006): ArcGIS community-published CCTV registry camera registry,n,n,"stored 0 B (0/1 digests retained; runs before 2026-09-25); est 1–4 KB per snapshot (rows×150–700 B, inference)",sites 5 [operator_accepted],none-known,y-scrubbed (S-1…S-9),"sources.toml [sources.camreg_kunying] (custody MIRROR, redistributable=True); rights/annex/p2616/camreg_kunying.md; catalog_sweep_2026-09-18_reviewed.json licence_verbatim; public sites.csv (release sig-2026-09-27-ce480ab1, I1 copy); ops/runs 1 rows; OCFL listing; attribution: rows attribution='' (n-empty)",operator-accepted DB-right risk (GL-GATE-07); a verbatim copy is the whole-database reutilisation the sui generis right targets
camreg_langan,ingested-live,LicenseRef-OperatorAccepted-DBRight,derived-only,no licence notice; SIG's own per-row promise (SIG-EXPORT-006): ArcGIS community-published camera registry camera registry,n,n,"stored 0 B (0/1 digests retained; runs before 2026-09-25); est 0–1 KB per snapshot (rows×150–700 B, inference)",sites 1 [operator_accepted],none-known,y-scrubbed (S-1…S-9),"sources.toml [sources.camreg_langan] (custody MIRROR, redistributable=True); rights/annex/p2616/camreg_langan.md; catalog_sweep_2026-09-18_reviewed.json licence_verbatim; public sites.csv (release sig-2026-09-27-ce480ab1, I1 copy); ops/runs 1 rows; OCFL listing; attribution: rows attribution='' (n-empty)",operator-accepted DB-right risk (GL-GATE-07); a verbatim copy is the whole-database reutilisation the sui generis right targets
camreg_lawrence_ks,ingested-live,LicenseRef-PublicRecord-FactualCompilation,derived-only,"no licence notice; SIG's own per-row promise (SIG-EXPORT-006): City of Lawrence, Kansas camera registry",n,n,"stored 0 B (0/1 digests retained; runs before 2026-09-25); est 10–48 KB per snapshot (rows×150–700 B, inference)",sites 69 [public_record],none-known,y-scrubbed (S-1…S-9),"sources.toml [sources.camreg_lawrence_ks] (custody MIRROR, redistributable=True); rights/annex/p2616/camreg_lawrence_ks.md; catalog_sweep_2026-09-18_reviewed.json licence_verbatim; public sites.csv (release sig-2026-09-27-ce480ab1, I1 copy); ops/runs 1 rows; OCFL listing; attribution: rows attribution='' (n-empty)","GL-GATE-07 US factual-compilation basis covers facts, not the bytes; state/municipal copyright varies (counsel)"
camreg_lenhardt,ingested-live,LicenseRef-OperatorAccepted-DBRight,derived-only,no licence notice; SIG's own per-row promise (SIG-EXPORT-006): University-community-published camera registry camera registry,n,n,"stored 0 B (0/1 digests retained; runs before 2026-09-25); est 11–52 KB per snapshot (rows×150–700 B, inference)",sites 75 [operator_accepted],none-known,y-scrubbed (S-1…S-9),"sources.toml [sources.camreg_lenhardt] (custody MIRROR, redistributable=True); rights/annex/p2616/camreg_lenhardt.md; catalog_sweep_2026-09-18_reviewed.json licence_verbatim; public sites.csv (release sig-2026-09-27-ce480ab1, I1 copy); ops/runs 1 rows; OCFL listing; attribution: rows attribution='' (n-empty)",operator-accepted DB-right risk (GL-GATE-07); a verbatim copy is the whole-database reutilisation the sui generis right targets
camreg_leon_fl,ingested-live,LicenseRef-PublicRecord-FactualCompilation,derived-only,no licence notice; SIG's own per-row promise (SIG-EXPORT-006): Leon County / City of Tallahassee (cotinter.leoncountyfl.gov) camera registry,n,n,"stored 0 B (0/1 digests retained; runs before 2026-09-25); est 38–175 KB per snapshot (rows×150–700 B, inference)",sites 250 [public_record],none-known,y-scrubbed (S-1…S-9),"sources.toml [sources.camreg_leon_fl] (custody MIRROR, redistributable=True); rights/annex/p2616/camreg_leon_fl.md; catalog_sweep_2026-09-18_reviewed.json licence_verbatim; public sites.csv (release sig-2026-09-27-ce480ab1, I1 copy); ops/runs 1 rows; OCFL listing; attribution: rows attribution='' (n-empty)","GL-GATE-07 US factual-compilation basis covers facts, not the bytes; state/municipal copyright varies (counsel)"
camreg_lisburn_gb,ingested-live,LicenseRef-OperatorAccepted-DBRight,derived-only,no licence notice; SIG's own per-row promise (SIG-EXPORT-006): Lisburn and Castlereagh City Council camera registry,n,n,"stored 0 B (0/1 digests retained; runs before 2026-09-25); est 3–13 KB per snapshot (rows×150–700 B, inference)",sites 18 [operator_accepted],none-known,y-scrubbed (S-1…S-9),"sources.toml [sources.camreg_lisburn_gb] (custody MIRROR, redistributable=True); rights/annex/p2616/camreg_lisburn_gb.md; catalog_sweep_2026-09-18_reviewed.json licence_verbatim; public sites.csv (release sig-2026-09-27-ce480ab1, I1 copy); ops/runs 1 rows; OCFL listing; attribution: rows attribution='' (n-empty)",operator-accepted DB-right risk (GL-GATE-07); a verbatim copy is the whole-database reutilisation the sui generis right targets
camreg_lojic_ky,ingested-live,LicenseRef-PublicRecord-FactualCompilation,derived-only,no licence notice; SIG's own per-row promise (SIG-EXPORT-006): LOJIC — Louisville/Jefferson County Information Consortium camera registry,n,n,"stored 0 B (0/1 digests retained; runs before 2026-09-25); est 34–158 KB per snapshot (rows×150–700 B, inference)",sites 225 [public_record],none-known,y-scrubbed (S-1…S-9),"sources.toml [sources.camreg_lojic_ky] (custody MIRROR, redistributable=True); rights/annex/p2616/camreg_lojic_ky.md; catalog_sweep_2026-09-18_reviewed.json licence_verbatim; public sites.csv (release sig-2026-09-27-ce480ab1, I1 copy); ops/runs 1 rows; OCFL listing; attribution: rows attribution='' (n-empty)","GL-GATE-07 US factual-compilation basis covers facts, not the bytes; state/municipal copyright varies (counsel)"
camreg_lpd_flock,ingested-live,LicenseRef-OperatorAccepted-DBRight,derived-only,no licence notice; SIG's own per-row promise (SIG-EXPORT-006): ArcGIS community-published ALPR camera registry camera registry,n,n,"stored 0 B (0/1 digests retained; runs before 2026-09-25); est 4–21 KB per snapshot (rows×150–700 B, inference)",sites 30 [operator_accepted],none-known,y-scrubbed (S-1…S-9),"sources.toml [sources.camreg_lpd_flock] (custody MIRROR, redistributable=True); rights/annex/p2616/camreg_lpd_flock.md; catalog_sweep_2026-09-18_reviewed.json licence_verbatim; public sites.csv (release sig-2026-09-27-ce480ab1, I1 copy); ops/runs 1 rows; OCFL listing; attribution: rows attribution='' (n-empty)",operator-accepted DB-right risk (GL-GATE-07); a verbatim copy is the whole-database reutilisation the sui generis right targets
camreg_manhattan_ks,ingested-live,LicenseRef-PublicRecord-FactualCompilation,derived-only,"no licence notice; SIG's own per-row promise (SIG-EXPORT-006): City of Manhattan, Kansas camera registry",n,n,"stored 0 B (0/1 digests retained; runs before 2026-09-25); est 4–20 KB per snapshot (rows×150–700 B, inference)",sites 28 [public_record],none-known,y-scrubbed (S-1…S-9),"sources.toml [sources.camreg_manhattan_ks] (custody MIRROR, redistributable=True); rights/annex/p2616/camreg_manhattan_ks.md; catalog_sweep_2026-09-18_reviewed.json licence_verbatim; public sites.csv (release sig-2026-09-27-ce480ab1, I1 copy); ops/runs 1 rows; OCFL listing; attribution: rows attribution='' (n-empty)","GL-GATE-07 US factual-compilation basis covers facts, not the bytes; state/municipal copyright varies (counsel)"
camreg_mark43,ingested-live,LicenseRef-OperatorAccepted-DBRight,derived-only,no licence notice; SIG's own per-row promise (SIG-EXPORT-006): ArcGIS community-published CCTV registry camera registry,n,n,"stored 0 B (0/1 digests retained; runs before 2026-09-25); est 84–393 KB per snapshot (rows×150–700 B, inference)",sites 561 [operator_accepted],none-known,y-scrubbed (S-1…S-9),"sources.toml [sources.camreg_mark43] (custody MIRROR, redistributable=True); rights/annex/p2616/camreg_mark43.md; catalog_sweep_2026-09-18_reviewed.json licence_verbatim; public sites.csv (release sig-2026-09-27-ce480ab1, I1 copy); ops/runs 1 rows; OCFL listing; attribution: rows attribution='' (n-empty)",operator-accepted DB-right risk (GL-GATE-07); a verbatim copy is the whole-database reutilisation the sui generis right targets
camreg_massdot_ma,ingested-live,LicenseRef-PublicRecord-FactualCompilation,derived-only,no licence notice; SIG's own per-row promise (SIG-EXPORT-006): Massachusetts Department of Transportation camera registry,n,n,"stored 0 B (0/1 digests retained; runs before 2026-09-25); est 127–592 KB per snapshot (rows×150–700 B, inference)",sites 845 [public_record],none-known,y-scrubbed (S-1…S-9),"sources.toml [sources.camreg_massdot_ma] (custody MIRROR, redistributable=True); rights/annex/p2616/camreg_massdot_ma.md; catalog_sweep_2026-09-18_reviewed.json licence_verbatim; public sites.csv (release sig-2026-09-27-ce480ab1, I1 copy); ops/runs 1 rows; OCFL listing; attribution: rows attribution='' (n-empty)","GL-GATE-07 US factual-compilation basis covers facts, not the bytes; state/municipal copyright varies (counsel)"
camreg_mbrc_au,ingested-live,LicenseRef-OperatorAccepted-DBRight,derived-only,"no licence notice; SIG's own per-row promise (SIG-EXPORT-006): Moreton Bay Regional Council, Queensland camera registry",n,n,"stored 0 B (0/1 digests retained; runs before 2026-09-25); est 128–598 KB per snapshot (rows×150–700 B, inference)",sites 855 [operator_accepted],none-known,y-scrubbed (S-1…S-9),"sources.toml [sources.camreg_mbrc_au] (custody MIRROR, redistributable=True); rights/annex/p2616/camreg_mbrc_au.md; catalog_sweep_2026-09-18_reviewed.json licence_verbatim; public sites.csv (release sig-2026-09-27-ce480ab1, I1 copy); ops/runs 1 rows; OCFL listing; attribution: rows attribution='' (n-empty)",operator-accepted DB-right risk (GL-GATE-07); a verbatim copy is the whole-database reutilisation the sui generis right targets
camreg_mctx_tx,ingested-live,LicenseRef-PublicRecord-FactualCompilation,derived-only,"no licence notice; SIG's own per-row promise (SIG-EXPORT-006): Montgomery County, Texas camera registry",n,n,"stored 0 B (0/1 digests retained; runs before 2026-09-25); est 21–99 KB per snapshot (rows×150–700 B, inference)",sites 141 [public_record],none-known,y-scrubbed (S-1…S-9),"sources.toml [sources.camreg_mctx_tx] (custody MIRROR, redistributable=True); rights/annex/p2616/camreg_mctx_tx.md; catalog_sweep_2026-09-18_reviewed.json licence_verbatim; public sites.csv (release sig-2026-09-27-ce480ab1, I1 copy); ops/runs 1 rows; OCFL listing; attribution: rows attribution='' (n-empty)","GL-GATE-07 US factual-compilation basis covers facts, not the bytes; state/municipal copyright varies (counsel)"
camreg_mhebert,ingested-live,LicenseRef-OperatorAccepted-DBRight,derived-only,no licence notice; SIG's own per-row promise (SIG-EXPORT-006): ArcGIS community-published camera registry camera registry,n,n,"stored 0 B (0/1 digests retained; runs before 2026-09-25); est 2–11 KB per snapshot (rows×150–700 B, inference)",sites 16 [operator_accepted],none-known,y-scrubbed (S-1…S-9),"sources.toml [sources.camreg_mhebert] (custody MIRROR, redistributable=True); rights/annex/p2616/camreg_mhebert.md; catalog_sweep_2026-09-18_reviewed.json licence_verbatim; public sites.csv (release sig-2026-09-27-ce480ab1, I1 copy); ops/runs 1 rows; OCFL listing; attribution: rows attribution='' (n-empty)",operator-accepted DB-right risk (GL-GATE-07); a verbatim copy is the whole-database reutilisation the sui generis right targets
camreg_mndot_mn,ingested-live,LicenseRef-PublicRecord-FactualCompilation,derived-only,no licence notice; SIG's own per-row promise (SIG-EXPORT-006): Minnesota Department of Transportation (republished layer) camera registry,n,n,"stored 0 B (0/1 digests retained; runs before 2026-09-25); est 12–55 KB per snapshot (rows×150–700 B, inference)",sites 79 [public_record],none-known,y-scrubbed (S-1…S-9),"sources.toml [sources.camreg_mndot_mn] (custody MIRROR, redistributable=True); rights/annex/p2616/camreg_mndot_mn.md; catalog_sweep_2026-09-18_reviewed.json licence_verbatim; public sites.csv (release sig-2026-09-27-ce480ab1, I1 copy); ops/runs 1 rows; OCFL listing; attribution: rows attribution='' (n-empty)","GL-GATE-07 US factual-compilation basis covers facts, not the bytes; state/municipal copyright varies (counsel)"
camreg_monmap_mn,ingested-live,LicenseRef-OperatorAccepted-DBRight,derived-only,no licence notice; SIG's own per-row promise (SIG-EXPORT-006): Mongolian mapping community publisher camera registry,n,n,"stored 0 B (0/1 digests retained; runs before 2026-09-25); est 0–1 KB per snapshot (rows×150–700 B, inference)",sites 1 [operator_accepted],none-known,y-scrubbed (S-1…S-9),"sources.toml [sources.camreg_monmap_mn] (custody MIRROR, redistributable=True); rights/annex/p2616/camreg_monmap_mn.md; catalog_sweep_2026-09-18_reviewed.json licence_verbatim; public sites.csv (release sig-2026-09-27-ce480ab1, I1 copy); ops/runs 2 rows; OCFL listing; attribution: rows attribution='' (n-empty)",operator-accepted DB-right risk (GL-GATE-07); a verbatim copy is the whole-database reutilisation the sui generis right targets
camreg_mueller_de,ingested-live,LicenseRef-OperatorAccepted-DBRight,derived-only,no licence notice; SIG's own per-row promise (SIG-EXPORT-006): German community-published camera registry camera registry,n,n,"stored 0 B (0/1 digests retained; runs before 2026-09-25); est 4–17 KB per snapshot (rows×150–700 B, inference)",sites 24 [operator_accepted],none-known,y-scrubbed (S-1…S-9),"sources.toml [sources.camreg_mueller_de] (custody MIRROR, redistributable=True); rights/annex/p2616/camreg_mueller_de.md; catalog_sweep_2026-09-18_reviewed.json licence_verbatim; public sites.csv (release sig-2026-09-27-ce480ab1, I1 copy); ops/runs 2 rows; OCFL listing; attribution: rows attribution='' (n-empty)",operator-accepted DB-right risk (GL-GATE-07); a verbatim copy is the whole-database reutilisation the sui generis right targets
camreg_nashville_tn,ingested-live,LicenseRef-PublicRecord-FactualCompilation,derived-only,no licence notice; SIG's own per-row promise (SIG-EXPORT-006): Metropolitan Government of Nashville and Davidson County camera registry,n,n,"stored 0 B (0/1 digests retained; runs before 2026-09-25); est 4–17 KB per snapshot (rows×150–700 B, inference)",sites 24 [public_record],none-known,y-scrubbed (S-1…S-9),"sources.toml [sources.camreg_nashville_tn] (custody MIRROR, redistributable=True); rights/annex/p2616/camreg_nashville_tn.md; catalog_sweep_2026-09-18_reviewed.json licence_verbatim; public sites.csv (release sig-2026-09-27-ce480ab1, I1 copy); ops/runs 2 rows; OCFL listing; attribution: rows attribution='' (n-empty)","GL-GATE-07 US factual-compilation basis covers facts, not the bytes; state/municipal copyright varies (counsel)"
camreg_nitro,ingested-live,LicenseRef-OperatorAccepted-DBRight,derived-only,no licence notice; SIG's own per-row promise (SIG-EXPORT-006): ArcGIS community-published camera registry camera registry,n,n,"stored 0 B (0/1 digests retained; runs before 2026-09-25); est 1–4 KB per snapshot (rows×150–700 B, inference)",sites 6 [operator_accepted],none-known,y-scrubbed (S-1…S-9),"sources.toml [sources.camreg_nitro] (custody MIRROR, redistributable=True); rights/annex/p2616/camreg_nitro.md; catalog_sweep_2026-09-18_reviewed.json licence_verbatim; public sites.csv (release sig-2026-09-27-ce480ab1, I1 copy); ops/runs 2 rows; OCFL listing; attribution: rows attribution='' (n-empty)",operator-accepted DB-right risk (GL-GATE-07); a verbatim copy is the whole-database reutilisation the sui generis right targets
camreg_nola_safety_la,ingested-live,LicenseRef-PublicRecord-FactualCompilation,derived-only,no licence notice; SIG's own per-row promise (SIG-EXPORT-006): City of New Orleans camera registry,n,n,"stored 0 B (0/1 digests retained; runs before 2026-09-25); est 21–97 KB per snapshot (rows×150–700 B, inference)",sites 139 [public_record],none-known,y-scrubbed (S-1…S-9),"sources.toml [sources.camreg_nola_safety_la] (custody MIRROR, redistributable=True); rights/annex/p2616/camreg_nola_safety_la.md; catalog_sweep_2026-09-18_reviewed.json licence_verbatim; public sites.csv (release sig-2026-09-27-ce480ab1, I1 copy); ops/runs 2 rows; OCFL listing; attribution: rows attribution='' (n-empty)","GL-GATE-07 US factual-compilation basis covers facts, not the bytes; state/municipal copyright varies (counsel)"
camreg_nurnazihah,ingested-live,LicenseRef-OperatorAccepted-DBRight,derived-only,no licence notice; SIG's own per-row promise (SIG-EXPORT-006): ArcGIS community-published CCTV registry camera registry,n,n,"stored 0 B (0/2 digests retained; runs before 2026-09-25); est 102–475 KB per snapshot (rows×150–700 B, inference)",sites 678 [operator_accepted],none-known,y-scrubbed (S-1…S-9),"sources.toml [sources.camreg_nurnazihah] (custody MIRROR, redistributable=True); rights/annex/p2616/camreg_nurnazihah.md; catalog_sweep_2026-09-18_reviewed.json licence_verbatim; public sites.csv (release sig-2026-09-27-ce480ab1, I1 copy); ops/runs 1 rows; OCFL listing; attribution: rows attribution='' (n-empty)",operator-accepted DB-right risk (GL-GATE-07); a verbatim copy is the whole-database reutilisation the sui generis right targets
camreg_nyc_jgrayson_ny,ingested-live,LicenseRef-PublicRecord-FactualCompilation,derived-only,no licence notice; SIG's own per-row promise (SIG-EXPORT-006): New York City Department of Transportation (republished layer) camera registry,n,n,"stored 0 B (0/1 digests retained; runs before 2026-09-25); est 29–135 KB per snapshot (rows×150–700 B, inference)",sites 193 [public_record],none-known,y-scrubbed (S-1…S-9),"sources.toml [sources.camreg_nyc_jgrayson_ny] (custody MIRROR, redistributable=True); rights/annex/p2616/camreg_nyc_jgrayson_ny.md; catalog_sweep_2026-09-18_reviewed.json licence_verbatim; public sites.csv (release sig-2026-09-27-ce480ab1, I1 copy); ops/runs 1 rows; OCFL listing; attribution: rows attribution='' (n-empty)","GL-GATE-07 US factual-compilation basis covers facts, not the bytes; state/municipal copyright varies (counsel)"
camreg_nyc_weltia_ny,ingested-live,LicenseRef-PublicRecord-FactualCompilation,derived-only,no licence notice; SIG's own per-row promise (SIG-EXPORT-006): New York City (republished layer) camera registry,n,n,"stored 0 B (0/1 digests retained; runs before 2026-09-25); est 32–150 KB per snapshot (rows×150–700 B, inference)",sites 215 [public_record],none-known,y-scrubbed (S-1…S-9),"sources.toml [sources.camreg_nyc_weltia_ny] (custody MIRROR, redistributable=True); rights/annex/p2616/camreg_nyc_weltia_ny.md; catalog_sweep_2026-09-18_reviewed.json licence_verbatim; public sites.csv (release sig-2026-09-27-ce480ab1, I1 copy); ops/runs 1 rows; OCFL listing; attribution: rows attribution='' (n-empty)","GL-GATE-07 US factual-compilation basis covers facts, not the bytes; state/municipal copyright varies (counsel)"
camreg_oem_camera,ingested-live,LicenseRef-OperatorAccepted-DBRight,derived-only,no licence notice; SIG's own per-row promise (SIG-EXPORT-006): ArcGIS community-published camera registry camera registry,n,n,"stored 0 B (0/1 digests retained; runs before 2026-09-25); est 1–6 KB per snapshot (rows×150–700 B, inference)",sites 8 [operator_accepted],none-known,y-scrubbed (S-1…S-9),"sources.toml [sources.camreg_oem_camera] (custody MIRROR, redistributable=True); rights/annex/p2616/camreg_oem_camera.md; catalog_sweep_2026-09-18_reviewed.json licence_verbatim; public sites.csv (release sig-2026-09-27-ce480ab1, I1 copy); ops/runs 1 rows; OCFL listing; attribution: rows attribution='' (n-empty)",operator-accepted DB-right risk (GL-GATE-07); a verbatim copy is the whole-database reutilisation the sui generis right targets
camreg_olsson,ingested-live,LicenseRef-OperatorAccepted-DBRight,derived-only,no licence notice; SIG's own per-row promise (SIG-EXPORT-006): ArcGIS community-published CCTV registry camera registry,n,n,"stored 0 B (0/1 digests retained; runs before 2026-09-25); est 101–473 KB per snapshot (rows×150–700 B, inference)",sites 676 [operator_accepted],none-known,y-scrubbed (S-1…S-9),"sources.toml [sources.camreg_olsson] (custody MIRROR, redistributable=True); rights/annex/p2616/camreg_olsson.md; catalog_sweep_2026-09-18_reviewed.json licence_verbatim; public sites.csv (release sig-2026-09-27-ce480ab1, I1 copy); ops/runs 1 rows; OCFL listing; attribution: rows attribution='' (n-empty)",operator-accepted DB-right risk (GL-GATE-07); a verbatim copy is the whole-database reutilisation the sui generis right targets
camreg_oosgis_nl,ingested-live,LicenseRef-OperatorAccepted-DBRight,derived-only,no licence notice; SIG's own per-row promise (SIG-EXPORT-006): Dutch municipal camera registry (oosgis publisher) camera registry,n,n,"stored 0 B (0/1 digests retained; runs before 2026-09-25); est 8–38 KB per snapshot (rows×150–700 B, inference)",sites 54 [operator_accepted],none-known,y-scrubbed (S-1…S-9),"sources.toml [sources.camreg_oosgis_nl] (custody MIRROR, redistributable=True); rights/annex/p2616/camreg_oosgis_nl.md; catalog_sweep_2026-09-18_reviewed.json licence_verbatim; public sites.csv (release sig-2026-09-27-ce480ab1, I1 copy); ops/runs 1 rows; OCFL listing; attribution: rows attribution='' (n-empty)",operator-accepted DB-right risk (GL-GATE-07); a verbatim copy is the whole-database reutilisation the sui generis right targets
camreg_osm_surveillance,ingested-live,ODbL-1.0,raw-ok,OpenStreetMap contributors (republished man_made=surveillance nodes) camera registry — ODbL 1.0 notice + licence link; derived DBs share-alike,y,partial,"stored 6,422,180 B (30/158 digests retained); est ≈34 MB per full sweep (158 slices × ~214 KB, inference)",sites 154528 [osm_physical],republished-OSM-nodes(check mapper fields),y-scrubbed (S-1…S-9),"sources.toml [sources.camreg_osm_surveillance] (custody MIRROR, redistributable=True); rights/annex/p2616/camreg_osm_surveillance.md; catalog_sweep_2026-09-18_reviewed.json licence_verbatim; public sites.csv (release sig-2026-09-27-ce480ab1, I1 copy); ops/runs 7 rows; OCFL listing; attribution: rows attribution='© OpenStreetMap contributors, ODbL 1.0 (share-alik' (partial)",
camreg_palmdesert_ca,ingested-live,LicenseRef-PublicRecord-FactualCompilation,derived-only,"no licence notice; SIG's own per-row promise (SIG-EXPORT-006): City of Palm Desert, California camera registry",n,n,"stored 0 B (0/1 digests retained; runs before 2026-09-25); est 8–35 KB per snapshot (rows×150–700 B, inference)",sites 50 [public_record],none-known,y-scrubbed (S-1…S-9),"sources.toml [sources.camreg_palmdesert_ca] (custody MIRROR, redistributable=True); rights/annex/p2616/camreg_palmdesert_ca.md; catalog_sweep_2026-09-18_reviewed.json licence_verbatim; public sites.csv (release sig-2026-09-27-ce480ab1, I1 copy); ops/runs 1 rows; OCFL listing; attribution: rows attribution='' (n-empty)","GL-GATE-07 US factual-compilation basis covers facts, not the bytes; state/municipal copyright varies (counsel)"
camreg_penndot_pa,ingested-live,LicenseRef-PublicRecord-FactualCompilation,derived-only,no licence notice; SIG's own per-row promise (SIG-EXPORT-006): Pennsylvania Department of Transportation (publisher account) camera registry,n,n,"stored 0 B (0/2 digests retained; runs before 2026-09-25); est 187–874 KB per snapshot (rows×150–700 B, inference)",sites 1249 [public_record],none-known,y-scrubbed (S-1…S-9),"sources.toml [sources.camreg_penndot_pa] (custody MIRROR, redistributable=True); rights/annex/p2616/camreg_penndot_pa.md; catalog_sweep_2026-09-18_reviewed.json licence_verbatim; public sites.csv (release sig-2026-09-27-ce480ab1, I1 copy); ops/runs 1 rows; OCFL listing; attribution: rows attribution='' (n-empty)","GL-GATE-07 US factual-compilation basis covers facts, not the bytes; state/municipal copyright varies (counsel)"
camreg_pgcounty_md,ingested-live,LicenseRef-PublicRecord-FactualCompilation,derived-only,"no licence notice; SIG's own per-row promise (SIG-EXPORT-006): Prince George's County, Maryland (PGPD) camera registry",n,n,"stored 0 B (0/2 digests retained; runs before 2026-09-25); est 15–70 KB per snapshot (rows×150–700 B, inference)",sites 100 [public_record],none-known,y-scrubbed (S-1…S-9),"sources.toml [sources.camreg_pgcounty_md] (custody MIRROR, redistributable=True); rights/annex/p2616/camreg_pgcounty_md.md; catalog_sweep_2026-09-18_reviewed.json licence_verbatim; public sites.csv (release sig-2026-09-27-ce480ab1, I1 copy); ops/runs 1 rows; OCFL listing; attribution: rows attribution='' (n-empty)","GL-GATE-07 US factual-compilation basis covers facts, not the bytes; state/municipal copyright varies (counsel)"
camreg_pipeline_sec,ingested-live,LicenseRef-OperatorAccepted-DBRight,derived-only,no licence notice; SIG's own per-row promise (SIG-EXPORT-006): ArcGIS community-published camera registry camera registry,n,n,"stored 0 B (0/1 digests retained; runs before 2026-09-25); est 0–2 KB per snapshot (rows×150–700 B, inference)",sites 3 [operator_accepted],none-known,y-scrubbed (S-1…S-9),"sources.toml [sources.camreg_pipeline_sec] (custody MIRROR, redistributable=True); rights/annex/p2616/camreg_pipeline_sec.md; catalog_sweep_2026-09-18_reviewed.json licence_verbatim; public sites.csv (release sig-2026-09-27-ce480ab1, I1 copy); ops/runs 1 rows; OCFL listing; attribution: rows attribution='' (n-empty)",operator-accepted DB-right risk (GL-GATE-07); a verbatim copy is the whole-database reutilisation the sui generis right targets
camreg_plymouth_gb,ingested-live,LicenseRef-OperatorAccepted-DBRight,derived-only,no licence notice; SIG's own per-row promise (SIG-EXPORT-006): Plymouth City Council camera registry,n,n,"stored 0 B (0/1 digests retained; runs before 2026-09-25); est 6–30 KB per snapshot (rows×150–700 B, inference)",sites 43 [operator_accepted],none-known,y-scrubbed (S-1…S-9),"sources.toml [sources.camreg_plymouth_gb] (custody MIRROR, redistributable=True); rights/annex/p2616/camreg_plymouth_gb.md; catalog_sweep_2026-09-18_reviewed.json licence_verbatim; public sites.csv (release sig-2026-09-27-ce480ab1, I1 copy); ops/runs 2 rows; OCFL listing; attribution: rows attribution='' (n-empty)",operator-accepted DB-right risk (GL-GATE-07); a verbatim copy is the whole-database reutilisation the sui generis right targets
camreg_polyu_hk,ingested-live,LicenseRef-OperatorAccepted-DBRight,derived-only,no licence notice; SIG's own per-row promise (SIG-EXPORT-006): Hong Kong PolyU/police CCTV layers (community-published) camera registry,n,n,"stored 0 B (0/2 digests retained; runs before 2026-09-25); est 3–15 KB per snapshot (rows×150–700 B, inference)",sites 22 [operator_accepted],none-known,y-scrubbed (S-1…S-9),"sources.toml [sources.camreg_polyu_hk] (custody MIRROR, redistributable=True); rights/annex/p2616/camreg_polyu_hk.md; catalog_sweep_2026-09-18_reviewed.json licence_verbatim; public sites.csv (release sig-2026-09-27-ce480ab1, I1 copy); ops/runs 2 rows; OCFL listing; attribution: rows attribution='' (n-empty)",operator-accepted DB-right risk (GL-GATE-07); a verbatim copy is the whole-database reutilisation the sui generis right targets
camreg_portland_or,ingested-live,LicenseRef-PublicRecord-FactualCompilation,derived-only,"no licence notice; SIG's own per-row promise (SIG-EXPORT-006): City of Portland, Oregon camera registry",n,n,"stored 0 B (0/2 digests retained; runs before 2026-09-25); est 31–144 KB per snapshot (rows×150–700 B, inference)",sites 205 [public_record],none-known,y-scrubbed (S-1…S-9),"sources.toml [sources.camreg_portland_or] (custody MIRROR, redistributable=True); rights/annex/p2616/camreg_portland_or.md; catalog_sweep_2026-09-18_reviewed.json licence_verbatim; public sites.csv (release sig-2026-09-27-ce480ab1, I1 copy); ops/runs 2 rows; OCFL listing; attribution: rows attribution='' (n-empty)","GL-GATE-07 US factual-compilation basis covers facts, not the bytes; state/municipal copyright varies (counsel)"
camreg_raleigh_nc,ingested-live,LicenseRef-PublicRecord-FactualCompilation,derived-only,"no licence notice; SIG's own per-row promise (SIG-EXPORT-006): City of Raleigh, North Carolina camera registry",n,n,"stored 0 B (0/2 digests retained; runs before 2026-09-25); est 6–27 KB per snapshot (rows×150–700 B, inference)",sites 39 [public_record],none-known,y-scrubbed (S-1…S-9),"sources.toml [sources.camreg_raleigh_nc] (custody MIRROR, redistributable=True); rights/annex/p2616/camreg_raleigh_nc.md; catalog_sweep_2026-09-18_reviewed.json licence_verbatim; public sites.csv (release sig-2026-09-27-ce480ab1, I1 copy); ops/runs 2 rows; OCFL listing; attribution: rows attribution='' (n-empty)","GL-GATE-07 US factual-compilation basis covers facts, not the bytes; state/municipal copyright varies (counsel)"
camreg_ramallah_ps,ingested-live,LicenseRef-OperatorAccepted-DBRight,restricted,no licence notice; SIG's own per-row promise (SIG-EXPORT-006): Ramallah municipal camera registry (community-published layer) camera registry,n,n,"stored 0 B (0/1 digests retained; runs before 2026-09-25); est 1–4 KB per snapshot (rows×150–700 B, inference)",sites 6 [operator_accepted],none-known,y-scrubbed (S-1…S-9),"sources.toml [sources.camreg_ramallah_ps] (custody MIRROR, redistributable=True); rights/annex/p2616/camreg_ramallah_ps.md; catalog_sweep_2026-09-18_reviewed.json licence_verbatim; public sites.csv (release sig-2026-09-27-ce480ab1, I1 copy); ops/runs 2 rows; OCFL listing; attribution: rows attribution='' (n-empty)","captured upstream item terms restrict redistribution/use: official municipal use only, prohibit, without prior written permission — yet registry redistributable=true and rows are public (J4 NEW-1)"
camreg_redmond_wa,ingested-live,LicenseRef-PublicRecord-FactualCompilation,derived-only,"no licence notice; SIG's own per-row promise (SIG-EXPORT-006): City of Redmond, Washington camera registry",n,n,"stored 0 B (0/1 digests retained; runs before 2026-09-25); est 14–64 KB per snapshot (rows×150–700 B, inference)",sites 91 [public_record],none-known,y-scrubbed (S-1…S-9),"sources.toml [sources.camreg_redmond_wa] (custody MIRROR, redistributable=True); rights/annex/p2616/camreg_redmond_wa.md; catalog_sweep_2026-09-18_reviewed.json licence_verbatim; public sites.csv (release sig-2026-09-27-ce480ab1, I1 copy); ops/runs 2 rows; OCFL listing; attribution: rows attribution='' (n-empty)","GL-GATE-07 US factual-compilation basis covers facts, not the bytes; state/municipal copyright varies (counsel)"
camreg_riyadh_sa,ingested-live,LicenseRef-OperatorAccepted-DBRight,derived-only,no licence notice; SIG's own per-row promise (SIG-EXPORT-006): Riyadh municipal camera registry (rematalriyadh publisher) camera registry,n,n,"stored 0 B (0/2 digests retained; runs before 2026-09-25); est 169–790 KB per snapshot (rows×150–700 B, inference)",sites 1128 [operator_accepted],none-known,y-scrubbed (S-1…S-9),"sources.toml [sources.camreg_riyadh_sa] (custody MIRROR, redistributable=True); rights/annex/p2616/camreg_riyadh_sa.md; catalog_sweep_2026-09-18_reviewed.json licence_verbatim; public sites.csv (release sig-2026-09-27-ce480ab1, I1 copy); ops/runs 1 rows; OCFL listing; attribution: rows attribution='' (n-empty)",operator-accepted DB-right risk (GL-GATE-07); a verbatim copy is the whole-database reutilisation the sui generis right targets
camreg_rjcoleman,ingested-live,LicenseRef-OperatorAccepted-DBRight,derived-only,no licence notice; SIG's own per-row promise (SIG-EXPORT-006): ArcGIS community-published camera registry camera registry,n,n,"stored 0 B (0/1 digests retained; runs before 2026-09-25); est 4–21 KB per snapshot (rows×150–700 B, inference)",sites 30 [operator_accepted],none-known,y-scrubbed (S-1…S-9),"sources.toml [sources.camreg_rjcoleman] (custody MIRROR, redistributable=True); rights/annex/p2616/camreg_rjcoleman.md; catalog_sweep_2026-09-18_reviewed.json licence_verbatim; public sites.csv (release sig-2026-09-27-ce480ab1, I1 copy); ops/runs 1 rows; OCFL listing; attribution: rows attribution='' (n-empty)",operator-accepted DB-right risk (GL-GATE-07); a verbatim copy is the whole-database reutilisation the sui generis right targets
camreg_ruslan,ingested-live,LicenseRef-OperatorAccepted-DBRight,derived-only,no licence notice; SIG's own per-row promise (SIG-EXPORT-006): University-community-published CCTV registry camera registry,n,n,"stored 0 B (0/1 digests retained; runs before 2026-09-25); est 1–5 KB per snapshot (rows×150–700 B, inference)",sites 7 [operator_accepted],none-known,y-scrubbed (S-1…S-9),"sources.toml [sources.camreg_ruslan] (custody MIRROR, redistributable=True); rights/annex/p2616/camreg_ruslan.md; catalog_sweep_2026-09-18_reviewed.json licence_verbatim; public sites.csv (release sig-2026-09-27-ce480ab1, I1 copy); ops/runs 1 rows; OCFL listing; attribution: rows attribution='' (n-empty)",operator-accepted DB-right risk (GL-GATE-07); a verbatim copy is the whole-database reutilisation the sui generis right targets
camreg_salisbury_nc,ingested-live,LicenseRef-PublicRecord-FactualCompilation,derived-only,"no licence notice; SIG's own per-row promise (SIG-EXPORT-006): City of Salisbury, North Carolina camera registry",n,n,"stored 0 B (0/1 digests retained; runs before 2026-09-25); est 1–4 KB per snapshot (rows×150–700 B, inference)",sites 5 [public_record],none-known,y-scrubbed (S-1…S-9),"sources.toml [sources.camreg_salisbury_nc] (custody MIRROR, redistributable=True); rights/annex/p2616/camreg_salisbury_nc.md; catalog_sweep_2026-09-18_reviewed.json licence_verbatim; public sites.csv (release sig-2026-09-27-ce480ab1, I1 copy); ops/runs 1 rows; OCFL listing; attribution: rows attribution='' (n-empty)","GL-GATE-07 US factual-compilation basis covers facts, not the bytes; state/municipal copyright varies (counsel)"
camreg_sarasota_fl,ingested-live,LicenseRef-PublicRecord-FactualCompilation,derived-only,"no licence notice; SIG's own per-row promise (SIG-EXPORT-006): Sarasota County, Florida camera registry",n,n,"stored 0 B (0/1 digests retained; runs before 2026-09-25); est 38–176 KB per snapshot (rows×150–700 B, inference)",sites 251 [public_record],none-known,y-scrubbed (S-1…S-9),"sources.toml [sources.camreg_sarasota_fl] (custody MIRROR, redistributable=True); rights/annex/p2616/camreg_sarasota_fl.md; catalog_sweep_2026-09-18_reviewed.json licence_verbatim; public sites.csv (release sig-2026-09-27-ce480ab1, I1 copy); ops/runs 1 rows; OCFL listing; attribution: rows attribution='' (n-empty)","GL-GATE-07 US factual-compilation basis covers facts, not the bytes; state/municipal copyright varies (counsel)"
camreg_schellinger,ingested-live,LicenseRef-OperatorAccepted-DBRight,derived-only,no licence notice; SIG's own per-row promise (SIG-EXPORT-006): ArcGIS community-published camera registry camera registry,n,n,"stored 0 B (0/1 digests retained; runs before 2026-09-25); est 42–197 KB per snapshot (rows×150–700 B, inference)",sites 282 [operator_accepted],none-known,y-scrubbed (S-1…S-9),"sources.toml [sources.camreg_schellinger] (custody MIRROR, redistributable=True); rights/annex/p2616/camreg_schellinger.md; catalog_sweep_2026-09-18_reviewed.json licence_verbatim; public sites.csv (release sig-2026-09-27-ce480ab1, I1 copy); ops/runs 1 rows; OCFL listing; attribution: rows attribution='' (n-empty)",operator-accepted DB-right risk (GL-GATE-07); a verbatim copy is the whole-database reutilisation the sui generis right targets
camreg_sensenet,ingested-live,LicenseRef-OperatorAccepted-DBRight,derived-only,no licence notice; SIG's own per-row promise (SIG-EXPORT-006): ArcGIS community-published camera registry camera registry,n,n,"stored 0 B (0/1 digests retained; runs before 2026-09-25); est 1–4 KB per snapshot (rows×150–700 B, inference)",sites 5 [operator_accepted],none-known,y-scrubbed (S-1…S-9),"sources.toml [sources.camreg_sensenet] (custody MIRROR, redistributable=True); rights/annex/p2616/camreg_sensenet.md; catalog_sweep_2026-09-18_reviewed.json licence_verbatim; public sites.csv (release sig-2026-09-27-ce480ab1, I1 copy); ops/runs 1 rows; OCFL listing; attribution: rows attribution='' (n-empty)",operator-accepted DB-right risk (GL-GATE-07); a verbatim copy is the whole-database reutilisation the sui generis right targets
camreg_sfoss,ingested-live,LicenseRef-OperatorAccepted-DBRight,unknown,no licence notice; SIG's own per-row promise (SIG-EXPORT-006): ArcGIS community-published camera registry camera registry,n,n,"stored 0 B (0/6 digests retained; runs before 2026-09-25); est 24–110 KB per snapshot (rows×150–700 B, inference)",sites 157 [operator_accepted],none-known,y-scrubbed (S-1…S-9),"sources.toml [sources.camreg_sfoss] (custody MIRROR, redistributable=True); rights/annex/p2616/camreg_sfoss.md; catalog_sweep_2026-09-18_reviewed.json licence_verbatim; public sites.csv (release sig-2026-09-27-ce480ab1, I1 copy); ops/runs 1 rows; OCFL listing; attribution: rows attribution='' (n-empty)",upstream item says 'Demo purposes only' — data validity and rights both doubtful
camreg_smart_sky,ingested-live,LicenseRef-OperatorAccepted-DBRight,derived-only,no licence notice; SIG's own per-row promise (SIG-EXPORT-006): ArcGIS community-published camera registry camera registry,n,n,"stored 0 B (0/1 digests retained; runs before 2026-09-25); est 0–1 KB per snapshot (rows×150–700 B, inference)",sites 1 [operator_accepted],none-known,y-scrubbed (S-1…S-9),"sources.toml [sources.camreg_smart_sky] (custody MIRROR, redistributable=True); rights/annex/p2616/camreg_smart_sky.md; catalog_sweep_2026-09-18_reviewed.json licence_verbatim; public sites.csv (release sig-2026-09-27-ce480ab1, I1 copy); ops/runs 1 rows; OCFL listing; attribution: rows attribution='' (n-empty)",operator-accepted DB-right risk (GL-GATE-07); a verbatim copy is the whole-database reutilisation the sui generis right targets
camreg_squan,ingested-live,LicenseRef-OperatorAccepted-DBRight,derived-only,no licence notice; SIG's own per-row promise (SIG-EXPORT-006): ArcGIS community-published camera registry camera registry,n,n,"stored 0 B (0/1 digests retained; runs before 2026-09-25); est 1–4 KB per snapshot (rows×150–700 B, inference)",sites 5 [operator_accepted],none-known,y-scrubbed (S-1…S-9),"sources.toml [sources.camreg_squan] (custody MIRROR, redistributable=True); rights/annex/p2616/camreg_squan.md; catalog_sweep_2026-09-18_reviewed.json licence_verbatim; public sites.csv (release sig-2026-09-27-ce480ab1, I1 copy); ops/runs 1 rows; OCFL listing; attribution: rows attribution='' (n-empty)",operator-accepted DB-right risk (GL-GATE-07); a verbatim copy is the whole-database reutilisation the sui generis right targets
camreg_stanford_us,ingested-live,LicenseRef-PublicRecord-FactualCompilation,derived-only,no licence notice; SIG's own per-row promise (SIG-EXPORT-006): Stanford University research-compiled camera locations camera registry,n,n,"stored 0 B (0/2 digests retained; runs before 2026-09-25); est 88–412 KB per snapshot (rows×150–700 B, inference)",sites 589 [public_record],none-known,y-scrubbed (S-1…S-9),"sources.toml [sources.camreg_stanford_us] (custody MIRROR, redistributable=True); rights/annex/p2616/camreg_stanford_us.md; catalog_sweep_2026-09-18_reviewed.json licence_verbatim; public sites.csv (release sig-2026-09-27-ce480ab1, I1 copy); ops/runs 1 rows; OCFL listing; attribution: rows attribution='' (n-empty)","GL-GATE-07 US factual-compilation basis covers facts, not the bytes; state/municipal copyright varies (counsel)"
camreg_surrey_bc,ingested-live,LicenseRef-OperatorAccepted-DBRight,derived-only,"no licence notice; SIG's own per-row promise (SIG-EXPORT-006): City of Surrey, British Columbia camera registry",n,n,"stored 0 B (0/1 digests retained; runs before 2026-09-25); est 92–428 KB per snapshot (rows×150–700 B, inference)",sites 611 [operator_accepted],none-known,y-scrubbed (S-1…S-9),"sources.toml [sources.camreg_surrey_bc] (custody MIRROR, redistributable=True); rights/annex/p2616/camreg_surrey_bc.md; catalog_sweep_2026-09-18_reviewed.json licence_verbatim; public sites.csv (release sig-2026-09-27-ce480ab1, I1 copy); ops/runs 1 rows; OCFL listing; attribution: rows attribution='' (n-empty)",operator-accepted DB-right risk (GL-GATE-07); a verbatim copy is the whole-database reutilisation the sui generis right targets
camreg_sweeney,ingested-live,LicenseRef-OperatorAccepted-DBRight,derived-only,no licence notice; SIG's own per-row promise (SIG-EXPORT-006): ArcGIS community-published CCTV registry camera registry,n,n,"stored 0 B (0/1 digests retained; runs before 2026-09-25); est 10–45 KB per snapshot (rows×150–700 B, inference)",sites 64 [operator_accepted],none-known,y-scrubbed (S-1…S-9),"sources.toml [sources.camreg_sweeney] (custody MIRROR, redistributable=True); rights/annex/p2616/camreg_sweeney.md; catalog_sweep_2026-09-18_reviewed.json licence_verbatim; public sites.csv (release sig-2026-09-27-ce480ab1, I1 copy); ops/runs 1 rows; OCFL listing; attribution: rows attribution='' (n-empty)",operator-accepted DB-right risk (GL-GATE-07); a verbatim copy is the whole-database reutilisation the sui generis right targets
camreg_tblose,ingested-live,LicenseRef-OperatorAccepted-DBRight,derived-only,no licence notice; SIG's own per-row promise (SIG-EXPORT-006): ArcGIS community-published camera registry camera registry,n,n,"stored 0 B (0/1 digests retained; runs before 2026-09-25); est 6–28 KB per snapshot (rows×150–700 B, inference)",sites 40 [operator_accepted],none-known,y-scrubbed (S-1…S-9),"sources.toml [sources.camreg_tblose] (custody MIRROR, redistributable=True); rights/annex/p2616/camreg_tblose.md; catalog_sweep_2026-09-18_reviewed.json licence_verbatim; public sites.csv (release sig-2026-09-27-ce480ab1, I1 copy); ops/runs 1 rows; OCFL listing; attribution: rows attribution='' (n-empty)",operator-accepted DB-right risk (GL-GATE-07); a verbatim copy is the whole-database reutilisation the sui generis right targets
camreg_thailand_th,ingested-live,LicenseRef-OperatorAccepted-DBRight,derived-only,no licence notice; SIG's own per-row promise (SIG-EXPORT-006): Thai municipal/community camera registries camera registry,n,n,"stored 0 B (0/7 digests retained; runs before 2026-09-25); est 0.3–1.5 MB per snapshot (rows×150–700 B, inference)",sites 2110 [operator_accepted],none-known,y-scrubbed (S-1…S-9),"sources.toml [sources.camreg_thailand_th] (custody MIRROR, redistributable=True); rights/annex/p2616/camreg_thailand_th.md; catalog_sweep_2026-09-18_reviewed.json licence_verbatim; public sites.csv (release sig-2026-09-27-ce480ab1, I1 copy); ops/runs 1 rows; OCFL listing; attribution: rows attribution='' (n-empty)",operator-accepted DB-right risk (GL-GATE-07); a verbatim copy is the whole-database reutilisation the sui generis right targets
camreg_toronto_on,ingested-live,LicenseRef-OperatorAccepted-DBRight,derived-only,no licence notice; SIG's own per-row promise (SIG-EXPORT-006): City of Toronto (republished layer) camera registry,n,n,"stored 0 B (0/1 digests retained; runs before 2026-09-25); est 48–225 KB per snapshot (rows×150–700 B, inference)",sites 322 [operator_accepted],none-known,y-scrubbed (S-1…S-9),"sources.toml [sources.camreg_toronto_on] (custody MIRROR, redistributable=True); rights/annex/p2616/camreg_toronto_on.md; catalog_sweep_2026-09-18_reviewed.json licence_verbatim; public sites.csv (release sig-2026-09-27-ce480ab1, I1 copy); ops/runs 1 rows; OCFL listing; attribution: rows attribution='' (n-empty)",operator-accepted DB-right risk (GL-GATE-07); a verbatim copy is the whole-database reutilisation the sui generis right targets
camreg_townofws,ingested-live,LicenseRef-OperatorAccepted-DBRight,derived-only,no licence notice; SIG's own per-row promise (SIG-EXPORT-006): ArcGIS community-published enforcement-camera registry camera registry,n,n,"stored 0 B (0/1 digests retained; runs before 2026-09-25); est 2–8 KB per snapshot (rows×150–700 B, inference)",sites 12 [operator_accepted],none-known,y-scrubbed (S-1…S-9),"sources.toml [sources.camreg_townofws] (custody MIRROR, redistributable=True); rights/annex/p2616/camreg_townofws.md; catalog_sweep_2026-09-18_reviewed.json licence_verbatim; public sites.csv (release sig-2026-09-27-ce480ab1, I1 copy); ops/runs 1 rows; OCFL listing; attribution: rows attribution='' (n-empty)",operator-accepted DB-right risk (GL-GATE-07); a verbatim copy is the whole-database reutilisation the sui generis right targets
camreg_trafficops_ca,ingested-live,LicenseRef-PublicRecord-FactualCompilation,derived-only,no licence notice; SIG's own per-row promise (SIG-EXPORT-006): California traffic-operations publisher (Postmile schema) camera registry,n,n,"stored 0 B (0/2 digests retained; runs before 2026-09-25); est 0.2–1.0 MB per snapshot (rows×150–700 B, inference)",sites 1430 [public_record],none-known,y-scrubbed (S-1…S-9),"sources.toml [sources.camreg_trafficops_ca] (custody MIRROR, redistributable=True); rights/annex/p2616/camreg_trafficops_ca.md; catalog_sweep_2026-09-18_reviewed.json licence_verbatim; public sites.csv (release sig-2026-09-27-ce480ab1, I1 copy); ops/runs 1 rows; OCFL listing; attribution: rows attribution='' (n-empty)","GL-GATE-07 US factual-compilation basis covers facts, not the bytes; state/municipal copyright varies (counsel)"
camreg_trpa_us,ingested-live,LicenseRef-PublicRecord-FactualCompilation,restricted,no licence notice; SIG's own per-row promise (SIG-EXPORT-006): Tahoe Regional Planning Agency (bi-state compact) camera registry,n,n,"stored 0 B (0/1 digests retained; runs before 2026-09-25); est 2–10 KB per snapshot (rows×150–700 B, inference)",sites 15 [public_record],none-known,y-scrubbed (S-1…S-9),"sources.toml [sources.camreg_trpa_us] (custody MIRROR, redistributable=True); rights/annex/p2616/camreg_trpa_us.md; catalog_sweep_2026-09-18_reviewed.json licence_verbatim; public sites.csv (release sig-2026-09-27-ce480ab1, I1 copy); ops/runs 1 rows; OCFL listing; attribution: rows attribution='' (n-empty)",captured upstream item terms restrict redistribution/use: by-nc — yet registry redistributable=true and rows are public (J4 NEW-1)
camreg_tulane_la,ingested-live,LicenseRef-PublicRecord-FactualCompilation,derived-only,no licence notice; SIG's own per-row promise (SIG-EXPORT-006): Tulane University (republished municipal layer) camera registry,n,n,"stored 0 B (0/1 digests retained; runs before 2026-09-25); est 25–117 KB per snapshot (rows×150–700 B, inference)",sites 167 [public_record],none-known,y-scrubbed (S-1…S-9),"sources.toml [sources.camreg_tulane_la] (custody MIRROR, redistributable=True); rights/annex/p2616/camreg_tulane_la.md; catalog_sweep_2026-09-18_reviewed.json licence_verbatim; public sites.csv (release sig-2026-09-27-ce480ab1, I1 copy); ops/runs 1 rows; OCFL listing; attribution: rows attribution='' (n-empty)","GL-GATE-07 US factual-compilation basis covers facts, not the bytes; state/municipal copyright varies (counsel)"
camreg_txdot_rep_tx,ingested-live,LicenseRef-PublicRecord-FactualCompilation,derived-only,no licence notice; SIG's own per-row promise (SIG-EXPORT-006): Texas Department of Transportation (republished layer) camera registry,n,n,"stored 0 B (0/3 digests retained; runs before 2026-09-25); est 0.4–2.0 MB per snapshot (rows×150–700 B, inference)",sites 2821 [public_record],none-known,y-scrubbed (S-1…S-9),"sources.toml [sources.camreg_txdot_rep_tx] (custody MIRROR, redistributable=True); rights/annex/p2616/camreg_txdot_rep_tx.md; catalog_sweep_2026-09-18_reviewed.json licence_verbatim; public sites.csv (release sig-2026-09-27-ce480ab1, I1 copy); ops/runs 2 rows; OCFL listing; attribution: rows attribution='' (n-empty)","GL-GATE-07 US factual-compilation basis covers facts, not the bytes; state/municipal copyright varies (counsel)"
camreg_uchicago,ingested-live,LicenseRef-OperatorAccepted-DBRight,derived-only,no licence notice; SIG's own per-row promise (SIG-EXPORT-006): University-community-published camera registry camera registry,n,n,"stored 0 B (0/1 digests retained; runs before 2026-09-25); est 120–559 KB per snapshot (rows×150–700 B, inference)",sites 798 [operator_accepted],none-known,y-scrubbed (S-1…S-9),"sources.toml [sources.camreg_uchicago] (custody MIRROR, redistributable=True); rights/annex/p2616/camreg_uchicago.md; catalog_sweep_2026-09-18_reviewed.json licence_verbatim; public sites.csv (release sig-2026-09-27-ce480ab1, I1 copy); ops/runs 1 rows; OCFL listing; attribution: rows attribution='' (n-empty)",operator-accepted DB-right risk (GL-GATE-07); a verbatim copy is the whole-database reutilisation the sui generis right targets
camreg_ucsd,ingested-live,LicenseRef-OperatorAccepted-DBRight,derived-only,no licence notice; SIG's own per-row promise (SIG-EXPORT-006): University-community-published traffic-camera registry camera registry,n,n,"stored 0 B (0/2 digests retained; runs before 2026-09-25); est 0.4–1.8 MB per snapshot (rows×150–700 B, inference)",sites 2610 [operator_accepted],none-known,y-scrubbed (S-1…S-9),"sources.toml [sources.camreg_ucsd] (custody MIRROR, redistributable=True); rights/annex/p2616/camreg_ucsd.md; catalog_sweep_2026-09-18_reviewed.json licence_verbatim; public sites.csv (release sig-2026-09-27-ce480ab1, I1 copy); ops/runs 1 rows; OCFL listing; attribution: rows attribution='' (n-empty)",operator-accepted DB-right risk (GL-GATE-07); a verbatim copy is the whole-database reutilisation the sui generis right targets
camreg_ukm_my,ingested-live,LicenseRef-OperatorAccepted-DBRight,restricted,no licence notice; SIG's own per-row promise (SIG-EXPORT-006): Universiti Kebangsaan Malaysia (community-published layer) camera registry,n,n,"stored 0 B (0/1 digests retained; runs before 2026-09-25); est 58–270 KB per snapshot (rows×150–700 B, inference)",sites 386 [operator_accepted],none-known,y-scrubbed (S-1…S-9),"sources.toml [sources.camreg_ukm_my] (custody MIRROR, redistributable=True); rights/annex/p2616/camreg_ukm_my.md; catalog_sweep_2026-09-18_reviewed.json licence_verbatim; public sites.csv (release sig-2026-09-27-ce480ab1, I1 copy); ops/runs 1 rows; OCFL listing; attribution: rows attribution='' (n-empty)",captured upstream item terms restrict redistribution/use: sahaja — yet registry redistributable=true and rows are public (J4 NEW-1)
camreg_umbc_md,ingested-live,LicenseRef-PublicRecord-FactualCompilation,derived-only,"no licence notice; SIG's own per-row promise (SIG-EXPORT-006): University of Maryland, Baltimore County (republished state layer) camera registry",n,n,"stored 0 B (0/1 digests retained; runs before 2026-09-25); est 0–1 KB per snapshot (rows×150–700 B, inference)",sites 1 [public_record],none-known,y-scrubbed (S-1…S-9),"sources.toml [sources.camreg_umbc_md] (custody MIRROR, redistributable=True); rights/annex/p2616/camreg_umbc_md.md; catalog_sweep_2026-09-18_reviewed.json licence_verbatim; public sites.csv (release sig-2026-09-27-ce480ab1, I1 copy); ops/runs 1 rows; OCFL listing; attribution: rows attribution='' (n-empty)","GL-GATE-07 US factual-compilation basis covers facts, not the bytes; state/municipal copyright varies (counsel)"
camreg_univmb_mb,ingested-live,LicenseRef-OperatorAccepted-DBRight,derived-only,no licence notice; SIG's own per-row promise (SIG-EXPORT-006): University of Manitoba (republished municipal layers) camera registry,n,n,"stored 0 B (0/2 digests retained; runs before 2026-09-25); est 95–444 KB per snapshot (rows×150–700 B, inference)",sites 635 [operator_accepted],none-known,y-scrubbed (S-1…S-9),"sources.toml [sources.camreg_univmb_mb] (custody MIRROR, redistributable=True); rights/annex/p2616/camreg_univmb_mb.md; catalog_sweep_2026-09-18_reviewed.json licence_verbatim; public sites.csv (release sig-2026-09-27-ce480ab1, I1 copy); ops/runs 1 rows; OCFL listing; attribution: rows attribution='' (n-empty)",operator-accepted DB-right risk (GL-GATE-07); a verbatim copy is the whole-database reutilisation the sui generis right targets
camreg_uofmd_md,ingested-live,LicenseRef-PublicRecord-FactualCompilation,derived-only,no licence notice; SIG's own per-row promise (SIG-EXPORT-006): University of Maryland (republished layer) camera registry,n,n,"stored 0 B (0/1 digests retained; runs before 2026-09-25); est 0–1 KB per snapshot (rows×150–700 B, inference)",sites 1 [public_record],none-known,y-scrubbed (S-1…S-9),"sources.toml [sources.camreg_uofmd_md] (custody MIRROR, redistributable=True); rights/annex/p2616/camreg_uofmd_md.md; catalog_sweep_2026-09-18_reviewed.json licence_verbatim; public sites.csv (release sig-2026-09-27-ce480ab1, I1 copy); ops/runs 1 rows; OCFL listing; attribution: rows attribution='' (n-empty)","GL-GATE-07 US factual-compilation basis covers facts, not the bytes; state/municipal copyright varies (counsel)"
camreg_vancouver_bc,ingested-live,LicenseRef-OperatorAccepted-DBRight,derived-only,"no licence notice; SIG's own per-row promise (SIG-EXPORT-006): City of Vancouver, British Columbia camera registry",n,n,"stored 0 B (0/1 digests retained; runs before 2026-09-25); est 33–153 KB per snapshot (rows×150–700 B, inference)",sites 218 [operator_accepted],none-known,y-scrubbed (S-1…S-9),"sources.toml [sources.camreg_vancouver_bc] (custody MIRROR, redistributable=True); rights/annex/p2616/camreg_vancouver_bc.md; catalog_sweep_2026-09-18_reviewed.json licence_verbatim; public sites.csv (release sig-2026-09-27-ce480ab1, I1 copy); ops/runs 1 rows; OCFL listing; attribution: rows attribution='' (n-empty)",operator-accepted DB-right risk (GL-GATE-07); a verbatim copy is the whole-database reutilisation the sui generis right targets | upstream item declares 'CC BY' but registry records LicenseRef-OperatorAccepted-DBRight
camreg_vidya,ingested-live,LicenseRef-OperatorAccepted-DBRight,derived-only,no licence notice; SIG's own per-row promise (SIG-EXPORT-006): ArcGIS community-published CCTV registry camera registry,n,n,"stored 0 B (0/1 digests retained; runs before 2026-09-25); est 0–1 KB per snapshot (rows×150–700 B, inference)",sites 2 [operator_accepted],none-known,y-scrubbed (S-1…S-9),"sources.toml [sources.camreg_vidya] (custody MIRROR, redistributable=True); rights/annex/p2616/camreg_vidya.md; catalog_sweep_2026-09-18_reviewed.json licence_verbatim; public sites.csv (release sig-2026-09-27-ce480ab1, I1 copy); ops/runs 1 rows; OCFL listing; attribution: rows attribution='' (n-empty)",operator-accepted DB-right risk (GL-GATE-07); a verbatim copy is the whole-database reutilisation the sui generis right targets
camreg_webappfme,ingested-live,LicenseRef-OperatorAccepted-DBRight,derived-only,no licence notice; SIG's own per-row promise (SIG-EXPORT-006): ArcGIS community-published traffic-camera registry camera registry,n,n,"stored 0 B (0/1 digests retained; runs before 2026-09-25); est 2–10 KB per snapshot (rows×150–700 B, inference)",sites 14 [operator_accepted],none-known,y-scrubbed (S-1…S-9),"sources.toml [sources.camreg_webappfme] (custody MIRROR, redistributable=True); rights/annex/p2616/camreg_webappfme.md; catalog_sweep_2026-09-18_reviewed.json licence_verbatim; public sites.csv (release sig-2026-09-27-ce480ab1, I1 copy); ops/runs 1 rows; OCFL listing; attribution: rows attribution='' (n-empty)",operator-accepted DB-right risk (GL-GATE-07); a verbatim copy is the whole-database reutilisation the sui generis right targets
camreg_wellington_nz,ingested-live,LicenseRef-OperatorAccepted-DBRight,derived-only,no licence notice; SIG's own per-row promise (SIG-EXPORT-006): Wellington City Council camera registry,n,n,"stored 0 B (0/2 digests retained; runs before 2026-09-25); est 42–194 KB per snapshot (rows×150–700 B, inference)",sites 277 [operator_accepted],none-known,y-scrubbed (S-1…S-9),"sources.toml [sources.camreg_wellington_nz] (custody MIRROR, redistributable=True); rights/annex/p2616/camreg_wellington_nz.md; catalog_sweep_2026-09-18_reviewed.json licence_verbatim; public sites.csv (release sig-2026-09-27-ce480ab1, I1 copy); ops/runs 1 rows; OCFL listing; attribution: rows attribution='' (n-empty)",operator-accepted DB-right risk (GL-GATE-07); a verbatim copy is the whole-database reutilisation the sui generis right targets
camreg_whatley,ingested-live,LicenseRef-OperatorAccepted-DBRight,derived-only,no licence notice; SIG's own per-row promise (SIG-EXPORT-006): ArcGIS community-published camera registry camera registry,n,n,"stored 0 B (0/1 digests retained; runs before 2026-09-25); est 5–22 KB per snapshot (rows×150–700 B, inference)",sites 32 [operator_accepted],none-known,y-scrubbed (S-1…S-9),"sources.toml [sources.camreg_whatley] (custody MIRROR, redistributable=True); rights/annex/p2616/camreg_whatley.md; catalog_sweep_2026-09-18_reviewed.json licence_verbatim; public sites.csv (release sig-2026-09-27-ce480ab1, I1 copy); ops/runs 3 rows; OCFL listing; attribution: rows attribution='' (n-empty)",operator-accepted DB-right risk (GL-GATE-07); a verbatim copy is the whole-database reutilisation the sui generis right targets
camreg_wim_camera,ingested-live,LicenseRef-OperatorAccepted-DBRight,derived-only,no licence notice; SIG's own per-row promise (SIG-EXPORT-006): ArcGIS community-published camera registry camera registry,n,n,"stored 0 B (0/1 digests retained; runs before 2026-09-25); est 3–15 KB per snapshot (rows×150–700 B, inference)",sites 22 [operator_accepted],none-known,y-scrubbed (S-1…S-9),"sources.toml [sources.camreg_wim_camera] (custody MIRROR, redistributable=True); rights/annex/p2616/camreg_wim_camera.md; catalog_sweep_2026-09-18_reviewed.json licence_verbatim; public sites.csv (release sig-2026-09-27-ce480ab1, I1 copy); ops/runs 3 rows; OCFL listing; attribution: rows attribution='' (n-empty)",operator-accepted DB-right risk (GL-GATE-07); a verbatim copy is the whole-database reutilisation the sui generis right targets
camreg_yazid,ingested-live,LicenseRef-OperatorAccepted-DBRight,derived-only,no licence notice; SIG's own per-row promise (SIG-EXPORT-006): ArcGIS community-published CCTV registry camera registry,n,n,"stored 0 B (0/1 digests retained; runs before 2026-09-25); est 11–53 KB per snapshot (rows×150–700 B, inference)",sites 76 [operator_accepted],none-known,y-scrubbed (S-1…S-9),"sources.toml [sources.camreg_yazid] (custody MIRROR, redistributable=True); rights/annex/p2616/camreg_yazid.md; catalog_sweep_2026-09-18_reviewed.json licence_verbatim; public sites.csv (release sig-2026-09-27-ce480ab1, I1 copy); ops/runs 3 rows; OCFL listing; attribution: rows attribution='' (n-empty)",operator-accepted DB-right risk (GL-GATE-07); a verbatim copy is the whole-database reutilisation the sui generis right targets
camreg_yline,ingested-live,LicenseRef-OperatorAccepted-DBRight,derived-only,no licence notice; SIG's own per-row promise (SIG-EXPORT-006): ArcGIS community-published CCTV registry camera registry,n,n,"stored 0 B (0/1 digests retained; runs before 2026-09-25); est 1–4 KB per snapshot (rows×150–700 B, inference)",sites 5 [operator_accepted],none-known,y-scrubbed (S-1…S-9),"sources.toml [sources.camreg_yline] (custody MIRROR, redistributable=True); rights/annex/p2616/camreg_yline.md; catalog_sweep_2026-09-18_reviewed.json licence_verbatim; public sites.csv (release sig-2026-09-27-ce480ab1, I1 copy); ops/runs 3 rows; OCFL listing; attribution: rows attribution='' (n-empty)",operator-accepted DB-right risk (GL-GATE-07); a verbatim copy is the whole-database reutilisation the sui generis right targets
camreg_yorku,ingested-live,LicenseRef-OperatorAccepted-DBRight,derived-only,no licence notice; SIG's own per-row promise (SIG-EXPORT-006): York University community-published camera layer camera registry,n,n,"stored 0 B (0/1 digests retained; runs before 2026-09-25); est 26–120 KB per snapshot (rows×150–700 B, inference)",sites 171 [operator_accepted],none-known,y-scrubbed (S-1…S-9),"sources.toml [sources.camreg_yorku] (custody MIRROR, redistributable=True); rights/annex/p2616/camreg_yorku.md; catalog_sweep_2026-09-18_reviewed.json licence_verbatim; public sites.csv (release sig-2026-09-27-ce480ab1, I1 copy); ops/runs 2 rows; OCFL listing; attribution: rows attribution='' (n-empty)",operator-accepted DB-right risk (GL-GATE-07); a verbatim copy is the whole-database reutilisation the sui generis right targets
camreg_zyinger,ingested-live,LicenseRef-OperatorAccepted-DBRight,derived-only,no licence notice; SIG's own per-row promise (SIG-EXPORT-006): ArcGIS community-published camera registry camera registry,n,n,"stored 0 B (0/1 digests retained; runs before 2026-09-25); est 2–8 KB per snapshot (rows×150–700 B, inference)",sites 12 [operator_accepted],none-known,y-scrubbed (S-1…S-9),"sources.toml [sources.camreg_zyinger] (custody MIRROR, redistributable=True); rights/annex/p2616/camreg_zyinger.md; catalog_sweep_2026-09-18_reviewed.json licence_verbatim; public sites.csv (release sig-2026-09-27-ce480ab1, I1 copy); ops/runs 2 rows; OCFL listing; attribution: rows attribution='' (n-empty)",operator-accepted DB-right risk (GL-GATE-07); a verbatim copy is the whole-database reutilisation the sui generis right targets
dossier_okc,gated,UNDETERMINED,unknown,unknown (no reviewed rights),unknown,na,stored 0 B (no run rows),0,none-known,na (no run records),"sources.toml [sources.dossier_okc] (custody REFERENCE, redistributable=-); attribution: nothing published",no reviewed rights block (UNDETERMINED; export gate fails closed)
dossier_tulsa,gated,UNDETERMINED,unknown,unknown (no reviewed rights),unknown,na,stored 0 B (no run rows),0,none-known,na (no run records),"sources.toml [sources.dossier_tulsa] (custody REFERENCE, redistributable=-); attribution: nothing published",no reviewed rights block (UNDETERMINED; export gate fails closed)
dossier_san_diego,gated,UNDETERMINED,unknown,unknown (no reviewed rights),unknown,na,stored 0 B (no run rows),0,none-known,na (no run records),"sources.toml [sources.dossier_san_diego] (custody REFERENCE, redistributable=-); attribution: nothing published",no reviewed rights block (UNDETERMINED; export gate fails closed)
bacy,unregistered-seed,UNDETERMINED,unknown,unknown (no reviewed rights),unknown,n,stored 0 B (no run rows),seed claims served by the live API + web/evidence.json (J4 NEW-6),person-named source id (a police official's surname) — rename to an institutional id (P8-9),na (no run records),API /v1/search obligations 2026-09-30T17:3xZ; attribution: live API obligation attributes 'DeFlock community map',hand-seeded fixture source (ops/src/ops/seed.py) served live without a registry row or rights review | J4 NEW-6
okc-contract-c241032,unregistered-seed,UNDETERMINED,unknown,unknown (no reviewed rights),unknown,n,stored 0 B (no run rows),seed claims served by the live API + web/evidence.json (J4 NEW-6),none-known,na (no run records),API /v1/search obligations 2026-09-30T17:3xZ; attribution: live API obligation attributes 'DeFlock community map',hand-seeded fixture source (ops/src/ops/seed.py) served live without a registry row or rights review | J4 NEW-6
osm,unregistered-seed,UNDETERMINED,unknown,unknown (no reviewed rights),unknown,partial,stored 0 B (no run rows),seed claims served by the live API + web/evidence.json (J4 NEW-6),none-known,na (no run records),"API /v1/search obligations 2026-09-30T17:3xZ; attribution: live API obligation text present, terms_url empty",hand-seeded fixture source (ops/src/ops/seed.py) served live without a registry row or rights review | J4 NEW-6
