cell_id,row,split_if_needed,kind,tech_classes,covers,ontology_concepts,channel,geo_group,geo_scope,gap_refs,E,B,Y,weight,priority,q_min,k_stop,q_max,seed_query_templates,seed_query_examples,snowball_sources,connector_reuse_hint,part_viii_watch,notes
I3-T01-C03-G0,I3,I3a,sweep,T01,T01,alpr-fixed; alpr-trailer; alpr-covert; alpr-checkpoint; alpr-unspecified; vehicle-fingerprint-reid; vehicle-fingerprint-unspecified,C03 OPEN-DATA,G0,"US national sweep (unanchored, or systematically iterated over all states/places as partition keys)",I1#1,1.0,1.0,1.0,1.0,P1,4,3,15,"ArcGIS Hub search q={flock|""license plate""|LPR|ALPR} (+ type:Feature Service) | Socrata Discovery q={kw} | catalog.data.gov package_search q={kw} | Opendatasoft explore where=search(""{kw}"")","hub.arcgis.com/api/search/v1/collections/dataset/items?q=flock (1,266 matched 2026-09-30) | api.us.socrata.com/api/catalog/v1?q=license%20plate%20reader | q=""LPR camera locations""","ArcGIS item owner orgs; Atlas partition I3 (ALPR / Camera Registry / RTCC rows outside I5 places and records-corpora domains; 4,677 links)",dot_511:arcgis_query; dot_511:socrata_rows; new:ckan_package_search; new:opendatasoft_explore,"BLOCK plate-read datasets (e.g. Oakland per-read ALPR sets on data.oaklandca.gov): inspect column schema (/api/views/<id>.json) only, never rows; toll/DMV sets are false positives",Triage owner: agency org vs personal account (personal = presumed mirror/derived of DeFlock/OSM until shown otherwise - NEW-5); dedupe vs camera_registry_targets.toml item ids and camreg_*_flock rows
I3-T06-C05-G0,I3,I3b,sweep,T06,T06,private-camera-registry; private-camera-integration; private-camera-per-incident-request; private-camera-integration-unspecified,C05 POLICY-PROGRAM,G0,"US national sweep (unanchored, or systematically iterated over all states/places as partition keys)",I1#2,1.0,0.929,1.0,0.979,P1,4,3,15,"""camera registry"" program police site:.gov | ""{place}"" ""private camera"" registration program | ""Project Green Light"" OR SafeCam program","""camera registry"" police site:.gov | ""security camera registration"" ""police department"" | ""Project Green Light"" partners list","Atlas partition I3 (ALPR / Camera Registry / RTCC rows outside I5 places and records-corpora domains; 4,677 links)",dossier_documents:html_text,private-registrant-location (C3),"Calibration (search-summary, A-C02): Campbell CA, Kalamazoo, Greenville County SC, Columbus GA, Lexington KY, Tucker GA pages surfaced"
I3-T01-C05-GS,I3,I3a,enumerate,T01,T01;T02;T03;T04 | mapped: T01;T02;T03;T04,alpr-fixed; alpr-trailer; alpr-covert; alpr-checkpoint; alpr-unspecified; vehicle-fingerprint-reid; vehicle-fingerprint-unspecified,C05 POLICY-PROGRAM,GS,US state sweep (51 jurisdictions) in state-level legal/reporting/funding/contract channels,I1#1,1.0,1.0,0.8,0.92,P1,4,"n/a (enumeration: per-item outcome, negatives recorded)",25,"per state with a posting mandate: ""usage and privacy policy"" ""{statute}"" site:.gov | ""Policy 4xx"" ""Automated License Plate Readers"" {state}","""1798.90.51"" ""usage and privacy policy"" (CA SB 34) | ""Automated License Plate Readers"" policy site:.gov filetype:pdf","CA SB 34 postings (SJPD, San Bruno, Livermore, Montclair, Barstow, BART annex, UCSD PPM 460-7 seen in calibration)",dossier_documents:pdf_text|html_text; okcpd_policy pattern,"Lexipol-authored text: facts only, link (rights)","Covers T01-T04 policies; CA first (largest mandate), then states whose statutes require written policies"
I3-T01-C07-G0,I3,I3a,sweep,T01,T01,alpr-fixed; alpr-trailer; alpr-covert; alpr-checkpoint; alpr-unspecified; vehicle-fingerprint-reid; vehicle-fingerprint-unspecified,C07 AGENDA,G0,"US national sweep (unanchored, or systematically iterated over all states/places as partition keys)",I1#1,1.0,1.0,0.8,0.92,P1,4,3,15,"site:{legistar.com|primegov.com|civicclerk.com|boarddocs.com|granicus.com|civicplus.com} ""{vendor}"" {ALPR kw} | ""{vendor}"" ""agenda item"" ""license plate"" | ""{vendor}"" ""city council"" approve cameras {year}","site:legistar.com ""Flock Safety"" | site:boarddocs.com ""Flock"" ""license plate"" | ""Vigilant Solutions"" ""agenda item"" renewal | ""Axon"" ""ALPR"" council approve","Atlas partition I3 (ALPR / Camera Registry / RTCC rows outside I5 places and records-corpora domains; 4,677 links)",procurement:legistar|primegov|civicclerk|escribe (existing tenants); new:boarddocs|granicus|civicplus (gated rows),minutes name members of the public (incidental private names -> redact),Customer evidence for Flock/Motorola/Axon/Genetec/Rekor/ELSAG; prefer the agenda-item origin over attachment copies
I3-T01-C09-G0,I3,I3a,sweep,T01,T01,alpr-fixed; alpr-trailer; alpr-covert; alpr-checkpoint; alpr-unspecified; vehicle-fingerprint-reid; vehicle-fingerprint-unspecified,C09 PROC-LOCAL,G0,"US national sweep (unanchored, or systematically iterated over all states/places as partition keys)",I1#1,1.0,1.0,0.8,0.92,P1,4,3,15,"""{vendor}"" agreement OR contract filetype:pdf site:.gov | ""sole source"" ""{vendor}"" | ""{vendor}"" ""vendor payments"" OR checkbook | ""{vendor}"" ""purchase order"" {ALPR kw}","""Flock Group"" agreement filetype:pdf site:.gov | ""sole source justification"" ""Flock Safety"" | ""Vigilant Solutions"" ""purchase order"" | ""Genetec"" ""AutoVu"" contract city","Atlas partition I3 (ALPR / Camera Registry / RTCC rows outside I5 places and records-corpora domains; 4,677 links); S2 contract back-chaining (cooperative master id -> local order)",procurement:procportal_*|opengov|bonfire; dossier_documents:pdf_text,signature blocks name staff (institutional; no home addresses); vendor exhibits carry separate rights,Executed vs template (SIG-ACQ-003); record contract ids for I6 cooperative back-chaining
I3-T05-C07-G0,I3,I3b,sweep,T05,T05,rtcc-platform; rtcc-unspecified; camera-federation-hub; federation-hub-unspecified; cad-rms-integration; cad-rms-unspecified,C07 AGENDA,G0,"US national sweep (unanchored, or systematically iterated over all states/places as partition keys)",I1#2,1.0,0.929,0.8,0.899,P1,4,3,15,"site:{agenda platforms} ""{vendor}"" ""real time crime"" | ""RTCC"" agenda contract approve {year} | ""{product}"" council","site:legistar.com ""Fusus"" | ""real-time crime center"" ""agenda item"" contract | site:primegov.com ""Citigraf"" | ""FlockOS"" council","Atlas partition I3 (ALPR / Camera Registry / RTCC rows outside I5 places and records-corpora domains; 4,677 links)",procurement agenda tenants,low,
I3-T05-C09-G0,I3,I3b,sweep,T05,T05,rtcc-platform; rtcc-unspecified; camera-federation-hub; federation-hub-unspecified; cad-rms-integration; cad-rms-unspecified,C09 PROC-LOCAL,G0,"US national sweep (unanchored, or systematically iterated over all states/places as partition keys)",I1#2,1.0,0.929,0.8,0.899,P1,4,3,15,"""{vendor}"" RTCC agreement filetype:pdf site:.gov | ""real time crime center"" ""sole source"" | ""{product}"" subscription order","""Fusus"" agreement filetype:pdf site:.gov | ""FususONE"" order form | ""CommandCentral Aware"" agreement | ""Peregrine"" police contract","Atlas partition I3 (ALPR / Camera Registry / RTCC rows outside I5 places and records-corpora domains; 4,677 links)",procurement; dossier_documents:pdf_text,low,
I3-T06-C01-G0,I3,I3b,sweep,T06,T06,private-camera-registry; private-camera-integration; private-camera-per-incident-request; private-camera-integration-unspecified,C01 VEND-PORTAL,G0,"US national sweep (unanchored, or systematically iterated over all states/places as partition keys)",I1#2,1.0,0.929,0.8,0.899,P1,4,3,15,"""Connect {place}"" camera registry fusus | ""register your camera"" police | ""Community Requests"" Neighbors agency | ""{vendor}"" community camera map","""Connect"" ""camera registry"" Fusus sheriff | ""register your security camera"" police department | Ring ""Community Requests"" Axon agencies | ""CommandCentral Community"" camera registry","Axon Community Connect (registry row gated, 321 communities); Ring/Neighbors reporting",new:vendor_listing; dossier_documents:html_text,registries hold private registrant locations (C3: no location; program-level facts only); never capture registrant lists,Two modes: registry vs integration (FususCORE) - record which
I3-T01-C04-GS,I3,I3a,enumerate,T01,"T01;T02;T03;T04 (state ALPR mandated reports, audits, state repositories) | mapped: T01;T02;T03;T04",alpr-fixed; alpr-trailer; alpr-covert; alpr-checkpoint; alpr-unspecified; vehicle-fingerprint-reid; vehicle-fingerprint-unspecified,C04 STAT-REPORT,GS,US state sweep (51 jurisdictions) in state-level legal/reporting/funding/contract channels,I1#4,1.0,0.786,0.8,0.856,P1,4,"n/a (enumeration: per-item outcome, negatives recorded)",25,"inventory-first: NAMSDL ""ALPR Summary of State Laws"" (2025-09) + NCSL seed (2022-02-03) -> per state: ""{state}"" ""license plate reader"" (audit OR ""annual report"") legislature | site:{state legislative library} ""license plate""","lrl.mn.gov mandated ""Automated License Plate Reader"" audit | Virginia State Police ALPR annual report (Code 2.2-5517(J)) | California State Auditor 2019-118 | Maryland ALPR report MCAC",state_alpr_statute_seed.toml (16 states); SRC-011; Atlas lrl.mn.gov links (225),dossier_documents:pdf_text; state_statute_seed,audit reports may name auditors/officers (institutional) - no per-search rows,"Covers T01-T04 statutory reporting. SIG-INGEST-025a: a duty to report is a records LEAD, not a feed"
I3-T01-C11-GS,I3,I3a,enumerate,T01,T01;T02;T03;T04 | mapped: T01;T02;T03;T04,alpr-fixed; alpr-trailer; alpr-covert; alpr-checkpoint; alpr-unspecified; vehicle-fingerprint-reid; vehicle-fingerprint-unspecified,C11 LEG,GS,US state sweep (51 jurisdictions) in state-level legal/reporting/funding/contract channels,I1#4,1.0,0.786,0.8,0.856,P1,4,"n/a (enumeration: per-item outcome, negatives recorded)",25,"inventory-first (NAMSDL 2025, NCSL 2022 seed, OpenStates matches) -> per state: ""{state}"" ""license plate reader"" statute {2022..2026} enacted","""Automatic License Plate Recognition Systems Summary of State Laws"" legislativeanalysis.org | Virginia HB 2724 2025 ALPR | Illinois ALPR sharing law 2023",NAMSDL; NCSL; OpenStates (ingested),state_statute_seed; accountability:openstates,low,Verify session + text (SIG-INGEST-025c); SIG-INGEST-050 future-dated duties get registered now
I3-T01-C01-G0,I3,I3a,sweep,T01,T01,alpr-fixed; alpr-trailer; alpr-covert; alpr-checkpoint; alpr-unspecified; vehicle-fingerprint-reid; vehicle-fingerprint-unspecified,C01 VEND-PORTAL,G0,"US national sweep (unanchored, or systematically iterated over all states/places as partition keys)",I1#1,1.0,1.0,0.6,0.84,P1,4,3,15,"site:transparency.flocksafety.com {agency|place} (harvest result URLs only) | ""transparency.flocksafety.com"" site:.gov | ""{vendor} transparency portal"" {place} | ""{vendor}"" customer map OR ""agencies using""","site:transparency.flocksafety.com police | ""Flock Safety Transparency Portal"" site:.gov | ""transparency.flocksafety.com"" ""police department""","Eyes on Flock local capture (1,528 portals, sha256 eccb336a...); Atlas links to transparency.flocksafety.com (507); Atlas partition I3 (ALPR / Camera Registry / RTCC rows outside I5 places and records-corpora domains; 4,677 links)",flock_portal (EoF mirror only); agency pages -> dossier_documents:html_text,"Portal pages carry public search audits (case number, search reason, offense type, anonymized user id): never fetch or copy audit tables; slug/URL metadata only","Origin flock_transparency_portals is REFUSED (403 + ToS): one plain GET per session to record status, no archives, no challenge-solving. Candidate = the agency page that links its portal, or the slug as a family member (lineage derived-from EoF when from the mirror)"
I3-T03-C01-G0,I3,I3a,sweep,T03,T03,"alpr family + predicates configured_sharing_partner(_set), national_lookup_enabled; capabilities search.plate.{partner,state,region,national}, disclose.results.{to_partner,to_federal}",C01 VEND-PORTAL,G0,"US national sweep (unanchored, or systematically iterated over all states/places as partition keys)",I1#1,1.0,1.0,0.6,0.84,P1,4,3,15,"""{vendor}"" ""National Lookup"" OR ""networks shared"" | ""LEARN"" ""sharing"" agency list | Eyes-on-Flock sharing fields (local)","Eyes on Flock capture: portal sharing lists (local op) | ""Flock"" ""National Lookup"" agency | ""LEARN"" ""shared with"" agencies list",Eyes on Flock (local); EFF Data Driven (2016-17),flock_portal (sharing edges 0 of 130 resolved),sharing lists are institutional; audit tables are not,Goal: currency of the sharing graph (I1#1/#10)
I3-T06-C07-G0,I3,I3b,sweep,T06,T06,private-camera-registry; private-camera-integration; private-camera-per-incident-request; private-camera-integration-unspecified,C07 AGENDA,G0,"US national sweep (unanchored, or systematically iterated over all states/places as partition keys)",I1#2,1.0,0.929,0.6,0.819,P1,4,3,15,"""{vendor}"" camera integration agenda | ""camera registry"" ordinance OR program council | ""Ring"" ""Neighbors"" police partnership council","site:legistar.com ""camera registry"" | ""Fusus"" ""camera integration"" council | ""Neighbors"" police partnership agreement council","Atlas partition I3 (ALPR / Camera Registry / RTCC rows outside I5 places and records-corpora domains; 4,677 links)",procurement agenda tenants,C3 registrant data,
I3-T01-C15-G0,I3,I3a,sweep,T01,T01,alpr-fixed; alpr-trailer; alpr-covert; alpr-checkpoint; alpr-unspecified; vehicle-fingerprint-reid; vehicle-fingerprint-unspecified,C15 CROWD,G0,"US national sweep (unanchored, or systematically iterated over all states/places as partition keys)",I1#1,1.0,1.0,0.5,0.8,P1,4,3,15,"DeFlock export OR API | OpenStreetMap ""surveillance:type=ALPR"" export | {kw} crowdsourced map",deflock.org data export | taginfo surveillance:type ALPR | flock-finder dataset,DeFlock/OSM; ALPR Watch; flock_finder; ringmast4r,osm (overpass/replication); flock_portal,RF/BLE-derived candidates (wigle) = rf-derived-candidate flag (SIG-PUB-011..014),Goal: the ORIGIN channel for the national ALPR layer (NEW-5) - OSM/DeFlock origin vs ArcGIS republishes
I3-T03-C13-G0,I3,I3a,sweep,T03,T03,"alpr family + predicates configured_sharing_partner(_set), national_lookup_enabled; capabilities search.plate.{partner,state,region,national}, disclose.results.{to_partner,to_federal}",C13 RECORDS,G0,"US national sweep (unanchored, or systematically iterated over all states/places as partition keys)",I1#10,1.0,0.357,0.8,0.727,P1,4,3,15,"MuckRock ""{kw}"" ""sharing report"" OR ""audit"" | DocumentCloud ""LEARN"" ""data sharing report"" | ""{vendor}"" ""organization audit"" released records","MuckRock ""Vigilant"" ""data sharing report"" | DocumentCloud q=""Flock"" ""audit log"" | ""ALPR"" ""sharing"" MOU released records",MuckRock/DocumentCloud (ALPR queries only - I6 owns the rest); EFF Data Driven,records:muckrock|documentcloud; data_driven,"BLOCK raw per-search rows (operator ids, officer names, reasons; SIG-STORE-025, SIG-PUB-003a-c): aggregate-lane candidates only",Operator row text: released audit logs are I3
I3-T01-C14-G0,I3,I3a,sweep,T01,T01,alpr-fixed; alpr-trailer; alpr-covert; alpr-checkpoint; alpr-unspecified; vehicle-fingerprint-reid; vehicle-fingerprint-unspecified,C14 CIVIL-DATA,G0,"US national sweep (unanchored, or systematically iterated over all states/places as partition keys)",I1#1(adjacent),1.0,0.5,0.6,0.69,P2,2,2,8,"site:{haveibeenflocked.com|alpr.watch|eyesonflock.com|deflock.me} data OR dataset | ""{vendor}"" records obtained dataset | ""license plate reader"" dataset github","Have I Been Flocked methodology dataset | ALPR Watch FOIA dataset | 404 Media Flock lookups records | ""Grounding the Flock""",HIBF; ALPR Watch; footnote4a; Drivers Against Flock; Eyes Off groups; 404 Media (ALPR/ICE-lookup reporting); ACLU Flock toolkit; Monahan,atlas-like curated ingest; data_driven; records,audit-log derived datasets carry search reasons / operator ids: flag or block,Most are registered gated rows - capture only new channels or new releases (registry_match related:)
I3-T29-C07-G0,I3,I3b,sweep,T29,T29,Flock Safety product lines in I4 classes: gunshot-detection-fixed + acoustic-sensing-general (Raven); drone-as-first-responder (Aerodome); third-party-investigative-platform (Nova),C07 AGENDA,G0,"US national sweep (unanchored, or systematically iterated over all states/places as partition keys)",I1#8,1.0,0.5,0.6,0.69,P2,2,2,8,"site:{agenda platforms} ""Flock"" {Raven|Aerodome|""drone as first responder""}","site:legistar.com ""Raven"" Flock gunshot | ""Aerodome"" council drone first responder","Atlas partition I3 (ALPR / Camera Registry / RTCC rows outside I5 places and records-corpora domains; 4,677 links)",procurement agenda tenants,low,
I3-T29-C09-G0,I3,I3b,sweep,T29,T29,Flock Safety product lines in I4 classes: gunshot-detection-fixed + acoustic-sensing-general (Raven); drone-as-first-responder (Aerodome); third-party-investigative-platform (Nova),C09 PROC-LOCAL,G0,"US national sweep (unanchored, or systematically iterated over all states/places as partition keys)",I1#8,1.0,0.5,0.6,0.69,P2,2,2,8,"""Flock"" {Raven|Aerodome|Nova} agreement OR quote filetype:pdf","""Flock Raven"" quote filetype:pdf | ""Aerodome"" agreement city","Atlas partition I3 (ALPR / Camera Registry / RTCC rows outside I5 places and records-corpora domains; 4,677 links)",procurement; dossier_documents:pdf_text,low,
I3-T04-C02-G0,I3,I3a,sweep,T04,T04,plate-data-commercial-purchase; plate-data-commercial-unspecified; alpr-fixed (private operator); capability search.plate.commercial,C02 VEND-DISC,G0,"US national sweep (unanchored, or systematically iterated over all states/places as partition keys)",I1#1(adjacent),1.0,0.5,0.5,0.65,P2,2,2,8,"""{vendor}"" HOA OR business OR retailer ""license plate"" police sharing | ""Flock"" ""for business"" customers | ""DRN"" ""commercial LPR"" police","""Flock Safety"" homeowners association police access | ""Flock"" retailer cameras police | ""Digital Recognition Network"" police",,dossier_documents:html_text,private-operator locations (HOA/business) = private-registrant-location (C3),Private operators shared into police networks = the public-private core
I3-T04-C09-G0,I3,I3a,sweep,T04,T04,plate-data-commercial-purchase; plate-data-commercial-unspecified; alpr-fixed (private operator); capability search.plate.commercial,C09 PROC-LOCAL,G0,"US national sweep (unanchored, or systematically iterated over all states/places as partition keys)",I1#1(adjacent),1.0,0.5,0.5,0.65,P2,2,2,8,"""{vendor}"" ""commercial"" ""license plate"" subscription contract | ""toll"" ""license plate"" data police access agreement","""VehicleManager"" subscription police | ""DRN"" data access agreement sheriff | toll authority ALPR data sharing law enforcement",,procurement; dossier_documents,plate-level data offers: metadata only,
I3-T02-C07-G0,I3,I3a,sweep,T02,T02,alpr-mobile,C07 AGENDA,G0,"US national sweep (unanchored, or systematically iterated over all states/places as partition keys)",I1#10,1.0,0.357,0.6,0.647,P2,2,2,8,"""{vendor} {product}"" ""license plate"" council | ""mobile ALPR"" OR ""in-car LPR"" agenda | ""parking enforcement"" LPR contract","""Axon Fleet 3"" ""ALPR"" council | ""mobile license plate reader"" agenda item police | ""Genetec AutoVu"" parking enforcement agenda","Atlas partition I3 (ALPR / Camera Registry / RTCC rows outside I5 places and records-corpora domains; 4,677 links)",procurement agenda tenants,low,
I3-T02-C09-G0,I3,I3a,sweep,T02,T02,alpr-mobile,C09 PROC-LOCAL,G0,"US national sweep (unanchored, or systematically iterated over all states/places as partition keys)",I1#10,1.0,0.357,0.6,0.647,P2,2,2,8,"""{vendor}"" ""mobile"" ""license plate"" quote OR agreement filetype:pdf | ""Fleet 3"" ALPR purchase","""Axon Fleet"" ALPR quote filetype:pdf | ""ELSAG"" ""MPH-900"" purchase | ""Vigilant"" ""mobile LPR"" contract","Atlas partition I3 (ALPR / Camera Registry / RTCC rows outside I5 places and records-corpora domains; 4,677 links)",procurement; dossier_documents:pdf_text,low,
I3-T05-C02-G0,I3,I3b,sweep,T05,T05,rtcc-platform; rtcc-unspecified; camera-federation-hub; federation-hub-unspecified; cad-rms-integration; cad-rms-unspecified,C02 VEND-DISC,G0,"US national sweep (unanchored, or systematically iterated over all states/places as partition keys)",I1#2(adjacent),1.0,0.464,0.5,0.639,P2,2,2,8,"""{vendor}"" ""real time crime center"" launch {agency} | EDGAR FTS ""Fusus"" | ""{vendor}"" customers RTCC","""Fusus"" ""real-time crime center"" press release | Axon 10-K ""Fusus"" | ""Genetec Citigraf"" city | ""CommandCentral Aware"" police",,new:sec_edgar_fts; dossier_documents,low,
I3-T07-C03-G0,I3,I3b,sweep,T07,T07,camera-fixed-cctv; camera-ptz; fixed-camera-unspecified; camera-trailer-video; camera-trailer-unspecified,C03 OPEN-DATA,G0,"US national sweep (unanchored, or systematically iterated over all states/places as partition keys)",I1#5,0.6,0.714,0.6,0.634,P2,2,2,8,"ArcGIS Hub q={""police camera""|CCTV|""public safety camera""|""camera trailer""} | Socrata q={kw}","hub search q=""police cameras"" | hub q=""CCTV"" type:Feature Service | Socrata q=""surveillance cameras""",Surveillance Under Surveillance (CCTV),dot_511:arcgis_query|socrata_rows,residential-intersecting points -> C3 demotion (SIG-PUB-005),98 CCTV registries already live: prioritize states/cities with none (I1 §3-4)
I3-T03-C16-G0,I3,I3a,sweep,T03,T03,"alpr family + predicates configured_sharing_partner(_set), national_lookup_enabled; capabilities search.plate.{partner,state,region,national}, disclose.results.{to_partner,to_federal}",C16 FED-REG,G0,"US national sweep (unanchored, or systematically iterated over all states/places as partition keys)",I1#10(adjacent),1.0,0.179,0.6,0.594,P2,2,2,8,"site:dhs.gov privacy impact assessment ""license plate"" | AI use case inventory ""license plate"" | ICE OR CBP ""license plate reader"" contract","dhs.gov PIA ""license plate reader"" 2025 | ""AI use case inventory"" ""license plate"" DOJ | ICE ""commercial license plate"" contract","SRC-023 (DHS PIA, queue)",accountability-style document; new:ai_inventory,low,Local->federal ALPR access stays I3 (T28 BORD excludes ALPR)
I3-T01-C02-G0,I3,I3a,sweep,T01,T01,alpr-fixed; alpr-trailer; alpr-covert; alpr-checkpoint; alpr-unspecified; vehicle-fingerprint-reid; vehicle-fingerprint-unspecified,C02 VEND-DISC,G0,"US national sweep (unanchored, or systematically iterated over all states/places as partition keys)",I1#1(adjacent),1.0,0.5,0.3,0.57,P2,2,2,8,"""{vendor}"" press release ""police department"" {ALPR kw} | EDGAR full-text ""{vendor}"" ""license plate"" | ""{vendor}"" case study {agency}","EDGAR FTS ""license plate recognition"" forms 10-K (Rekor, Motorola Solutions) | ""Genetec AutoVu"" ""police department"" selects | ""ELSAG"" ""license plate reader"" city council","vendor newsrooms (Motorola Solutions, Genetec, Rekor, Leonardo, Neology, Verkada)",new:sec_edgar_fts; dossier_documents:html_text,low,Flock is private (no SEC filings); press claims are vendor assertions (genre D6) - capture as leads to origin records
I3-T29-C02-G0,I3,I3b,sweep,T29,T29,Flock Safety product lines in I4 classes: gunshot-detection-fixed + acoustic-sensing-general (Raven); drone-as-first-responder (Aerodome); third-party-investigative-platform (Nova),C02 VEND-DISC,G0,"US national sweep (unanchored, or systematically iterated over all states/places as partition keys)",I1#8(adjacent),1.0,0.25,0.3,0.495,P3,1,1,3,"""Flock"" {Raven|Aerodome|Nova} customers OR launch {agency}","""Flock Aerodome"" police drone program | ""Flock Raven"" gunshot city | ""Flock Nova"" police",,dossier_documents:html_text,Nova = person-search product: DATA-class Part VIII risk,Vendor carve-out: all Flock products are I3
I3-T01-C12-G0,I3,I3a,sweep,T01,T01,alpr-fixed; alpr-trailer; alpr-covert; alpr-checkpoint; alpr-unspecified; vehicle-fingerprint-reid; vehicle-fingerprint-unspecified,C12 COURT,G0,"US national sweep (unanchored, or systematically iterated over all states/places as partition keys)",-,1.0,0.0,0.3,0.42,P3,1,1,3,"""{vendor}"" OR ""license plate reader"" ""Fourth Amendment"" opinion | CourtListener q=""{kw}""","""Flock"" ""license plate"" ""Fourth Amendment"" Norfolk | CourtListener q=""automated license plate reader"" type=o",,accountability:courtlistener_recap (gated),"party names: opinions only, metadata-level",
I3-TRES-C01-G0,I3,I3b,residual,TRES,T02;T04;T05;T07;T29,see covers,C01 VEND-PORTAL,G0,"US national sweep (unanchored, or systematically iterated over all states/places as partition keys)",-,1.0,0.0,0.3,0.42,P3,1,1,3,class-bundle probe for I3 classes without a dedicated C01 cell,(choose the class with the highest I1 gap),,,per channel table,
I3-TRES-C02-G0,I3,I3b,residual,TRES,T02;T03;T06;T07,see covers,C02 VEND-DISC,G0,"US national sweep (unanchored, or systematically iterated over all states/places as partition keys)",-,1.0,0.0,0.3,0.42,P3,1,1,3,class-bundle probe for I3 classes without a dedicated C02 cell,(choose the class with the highest I1 gap),,,per channel table,
I3-TRES-C03-G0,I3,I3b,residual,TRES,T02;T03;T04;T05;T06;T29,see covers,C03 OPEN-DATA,G0,"US national sweep (unanchored, or systematically iterated over all states/places as partition keys)",-,1.0,0.0,0.3,0.42,P3,1,1,3,class-bundle probe for I3 classes without a dedicated C03 cell,(choose the class with the highest I1 gap),,,per channel table,
I3-TRES-C04-G0,I3,I3b,residual,TRES,T01;T02;T03;T04;T05;T06;T07;T29,see covers,C04 STAT-REPORT,G0,"US national sweep (unanchored, or systematically iterated over all states/places as partition keys)",-,1.0,0.0,0.3,0.42,P3,1,1,3,class-bundle probe for I3 classes without a dedicated C04 cell,(choose the class with the highest I1 gap),,,per channel table,
I3-TRES-C04-GS,I3,I3b,residual,TRES,T05;T06;T07;T29,see covers,C04 STAT-REPORT,GS,US state sweep (51 jurisdictions) in state-level legal/reporting/funding/contract channels,-,1.0,0.0,0.3,0.42,P3,1,1,3,state-sweep probe for I3 classes/channels not covered by I3-T01-C04-GS,"(T05-T07 state reporting, e.g. RTCC or camera-registry statutes)",,,,
I3-TRES-C05-G0,I3,I3b,residual,TRES,T01;T02;T03;T04;T05;T07;T29,see covers,C05 POLICY-PROGRAM,G0,"US national sweep (unanchored, or systematically iterated over all states/places as partition keys)",-,1.0,0.0,0.3,0.42,P3,1,1,3,class-bundle probe for I3 classes without a dedicated C05 cell,(choose the class with the highest I1 gap),,,per channel table,
I3-TRES-C05-GS,I3,I3b,residual,TRES,T05;T06;T07;T29,see covers,C05 POLICY-PROGRAM,GS,US state sweep (51 jurisdictions) in state-level legal/reporting/funding/contract channels,-,1.0,0.0,0.3,0.42,P3,1,1,3,state-sweep probe for I3 classes/channels not covered by I3-T01-C05-GS,"(T05-T07 state reporting, e.g. RTCC or camera-registry statutes)",,,,
I3-TRES-C07-G0,I3,I3b,residual,TRES,T03;T04;T07,see covers,C07 AGENDA,G0,"US national sweep (unanchored, or systematically iterated over all states/places as partition keys)",-,1.0,0.0,0.3,0.42,P3,1,1,3,class-bundle probe for I3 classes without a dedicated C07 cell,(choose the class with the highest I1 gap),,,per channel table,
I3-TRES-C09-G0,I3,I3b,residual,TRES,T03;T06,see covers,C09 PROC-LOCAL,G0,"US national sweep (unanchored, or systematically iterated over all states/places as partition keys)",-,1.0,0.0,0.3,0.42,P3,1,1,3,class-bundle probe for I3 classes without a dedicated C09 cell,(choose the class with the highest I1 gap),,,per channel table,
I3-TRES-C15-G0,I3,I3b,residual,TRES,T02;T03;T04;T05;T06;T07;T29,see covers,C15 CROWD,G0,"US national sweep (unanchored, or systematically iterated over all states/places as partition keys)",-,1.0,0.0,0.3,0.42,P3,1,1,3,class-bundle probe for I3 classes without a dedicated C15 cell,(choose the class with the highest I1 gap),,,per channel table,
I3-TRES-C16-G0,I3,I3b,residual,TRES,T01;T02;T04;T05;T06;T07;T29,see covers,C16 FED-REG,G0,"US national sweep (unanchored, or systematically iterated over all states/places as partition keys)",-,1.0,0.0,0.3,0.42,P3,1,1,3,class-bundle probe for I3 classes without a dedicated C16 cell,(choose the class with the highest I1 gap),,,per channel table,
I3-T07-C09-G0,I3,I3b,sweep,T07,T07,camera-fixed-cctv; camera-ptz; fixed-camera-unspecified; camera-trailer-video; camera-trailer-unspecified,C09 PROC-LOCAL,G0,"US national sweep (unanchored, or systematically iterated over all states/places as partition keys)",-,0.6,0.0,0.4,0.34,P3,1,1,3,"""{vendor}"" camera trailer police contract | ""mobile surveillance unit"" purchase police","""LiveView Technologies"" police agreement | ""mobile surveillance trailer"" purchase police department",,procurement,low,
I4-T25-C07-G0,I4,I4b,sweep,T25,T25,school-surveillance-suite; school-surveillance-unspecified,C07 AGENDA,G0,"US national sweep (unanchored, or systematically iterated over all states/places as partition keys)",I1#7,0.8,0.571,1.0,0.811,P1,4,3,15,"site:{boarddocs.com|simbli.eboardsolutions.com|go.boarddocs.com|diligent} ""{vendor}"" | ""school board"" approve ""{vendor}""","site:boarddocs.com ""Gaggle"" | site:boarddocs.com ""GoGuardian"" | ""Evolv"" school board approve | ""Navigate360"" board agenda",CDT; The 74; EFF Red Flag Machine,new:boarddocs (gated row),minor-data (student alerts): BLOCK,Zero-channel class (I1#7); school boards are distinct from city tenants
I4-T19-C09-G0,I4,I4b,sweep,T19,T19,extraction-logical; extraction-physical; cloud-account-extraction; exploit-service; mobile-forensics-unspecified,C09 PROC-LOCAL,G0,"US national sweep (unanchored, or systematically iterated over all states/places as partition keys)",I1#7,0.8,0.571,0.8,0.731,P1,4,3,15,"""{vendor}"" quote OR ""purchase order"" OR ""sole source"" site:.gov","""Cellebrite"" ""sole source"" site:.gov | ""GrayKey"" quote filetype:pdf | ""Magnet AXIOM"" purchase police","Atlas partition I4 (other technologies outside I5 places and records-corpora domains; 13,938 links)",procurement,low,Zero-channel class (I1#7)
I4-T20-C09-G0,I4,I4b,sweep,T20,T20,social-media-monitoring; osint-platform; osint-monitoring-unspecified,C09 PROC-LOCAL,G0,"US national sweep (unanchored, or systematically iterated over all states/places as partition keys)",I1#7,0.8,0.571,0.8,0.731,P1,4,3,15,"""{vendor}"" agreement OR subscription site:.gov","""Skopenow"" police subscription | ""Babel X"" agreement | ""Media Sonar"" police contract | ""Navigate360"" ""Social Sentinel""","Atlas partition I4 (other technologies outside I5 places and records-corpora domains; 13,938 links)",procurement,low,Zero-channel class (I1#7)
I4-T25-C09-G0,I4,I4b,sweep,T25,T25,school-surveillance-suite; school-surveillance-unspecified,C09 PROC-LOCAL,G0,"US national sweep (unanchored, or systematically iterated over all states/places as partition keys)",I1#7,0.8,0.571,0.8,0.731,P1,4,3,15,"""{vendor}"" ""school district"" purchase OR quote OR contract","""GoGuardian"" ""school district"" quote | ""Gaggle"" contract district | ""Securly"" purchase order district",civiciq.com public-contract pages (aggregator; terms check),procurement,minors,
I4-T14-C16-G0,I4,I4a,sweep,T14,T14,uas-general; drone-as-first-responder; uas-unspecified,C16 FED-REG,G0,"US national sweep (unanchored, or systematically iterated over all states/places as partition keys)",I1#8,0.6,0.5,1.0,0.73,P1,4,3,15,"faa.gov Part 107 waivers issued {agency|""public safety""} | DFR BVLOS waiver list | COA public agency list","faa.gov/uas/commercial_operators/part_107_waivers/waivers_issued | FAA ""drone as first responder"" waiver list | FAA public COA list",SRC-025 (queue; screening_required),new:faa_waivers,waivers carry remote-pilot personal fields: screening required (SRC-025),"Calibration (search summary, unverified): >1,000 agencies with DFR waivers by Feb 2026"
I4-T19-C07-G0,I4,I4b,sweep,T19,T19,extraction-logical; extraction-physical; cloud-account-extraction; exploit-service; mobile-forensics-unspecified,C07 AGENDA,G0,"US national sweep (unanchored, or systematically iterated over all states/places as partition keys)",I1#7,0.8,0.571,0.6,0.651,P2,2,2,8,"site:{agenda platforms} ""{vendor}""","site:legistar.com ""Cellebrite"" | ""GrayKey"" council purchase | ""Magnet"" forensics agenda","Atlas partition I4 (other technologies outside I5 places and records-corpora domains; 13,938 links)",procurement agenda tenants,low,
I4-T13-C07-G0,I4,I4a,sweep,T13,T13,gunshot-detection-fixed; gunshot-detection-unspecified; acoustic-sensing-general; acoustic-sensing-unspecified,C07 AGENDA,G0,"US national sweep (unanchored, or systematically iterated over all states/places as partition keys)",I1#8,0.6,0.5,0.8,0.65,P2,2,2,8,"site:{agenda platforms} ""{vendor}"" | ""gunshot detection"" contract renewal council","site:legistar.com ""ShotSpotter"" | site:primegov.com ""SoundThinking"" | ""gunshot detection"" agenda renewal","Atlas partition I4 (other technologies outside I5 places and records-corpora domains; 13,938 links)",procurement agenda tenants,low,Flock Raven excluded (I3 T29)
I4-T13-C09-G0,I4,I4a,sweep,T13,T13,gunshot-detection-fixed; gunshot-detection-unspecified; acoustic-sensing-general; acoustic-sensing-unspecified,C09 PROC-LOCAL,G0,"US national sweep (unanchored, or systematically iterated over all states/places as partition keys)",I1#8,0.6,0.5,0.8,0.65,P2,2,2,8,"""{vendor}"" agreement filetype:pdf site:.gov | ""gunshot detection"" ""sole source""","""ShotSpotter"" agreement filetype:pdf site:.gov | ""SoundThinking"" ""sole source"" city (record any cooperative master id met, e.g. 030425-SND, in notes; cooperative queries are I6)","Atlas partition I4 (other technologies outside I5 places and records-corpora domains; 13,938 links)",procurement,low,
I4-T14-C04-GS,I4,I4a,enumerate,T14,T14,uas-general; drone-as-first-responder; uas-unspecified,C04 STAT-REPORT,GS,US state sweep (51 jurisdictions) in state-level legal/reporting/funding/contract channels,I1#8,0.6,0.5,0.8,0.65,P2,2,"n/a (enumeration: per-item outcome, negatives recorded)",15,"per state with drone-reporting laws: ""{state}"" ""unmanned aircraft"" OR drone ""annual report"" law enforcement",Minnesota drone report 626.19 lrl.mn.gov | Illinois drone use report (725 ILCS 167) | Vermont drone report legislature,Bard CSD,dossier_documents:pdf_text,flight logs with addresses: flag,
I4-T09-C03-G0,I4,I4a,sweep,T09,T09,NO CONCEPT (NEW-8) - provisional fixed-camera-unspecified + proposed traffic-enforcement family,C03 OPEN-DATA,G0,"US national sweep (unanchored, or systematically iterated over all states/places as partition keys)",I1#7(adjacent),0.8,0.286,0.8,0.646,P2,2,2,8,"ArcGIS Hub/Socrata q={""red light camera""|""speed camera""|""automated enforcement""|""school zone camera""}","Socrata q=""red light camera"" | hub q=""speed camera locations"" | Socrata q=""automated speed enforcement""",baltimore_atves_md (live) as template,dot_511:arcgis_query|socrata_rows,violation-level datasets carry plates: BLOCK rows,Ontology gap (NEW-8): tag T09 + proposed concept
I4-T19-C14-G0,I4,I4b,sweep,T19,T19,extraction-logical; extraction-physical; cloud-account-extraction; exploit-service; mobile-forensics-unspecified,C14 CIVIL-DATA,G0,"US national sweep (unanchored, or systematically iterated over all states/places as partition keys)",I1#7(adjacent),0.8,0.286,0.8,0.646,P2,2,2,8,"Upturn ""Mass Extraction"" data | ""{kw}"" dataset agencies",Upturn Mass Extraction dataset | Citizen Lab spyware government customers,Upturn; Citizen Lab,curated ingest,low,
I4-T20-C07-G0,I4,I4b,sweep,T20,T20,social-media-monitoring; osint-platform; osint-monitoring-unspecified,C07 AGENDA,G0,"US national sweep (unanchored, or systematically iterated over all states/places as partition keys)",I1#7,0.8,0.571,0.5,0.611,P2,2,2,8,"site:{agenda platforms} ""{vendor}"" | ""social media monitoring"" contract council","site:legistar.com ""Babel Street"" | ""Dataminr"" council | ""ShadowDragon"" agenda","Atlas partition I4 (other technologies outside I5 places and records-corpora domains; 13,938 links)",procurement agenda tenants,low,
I4-T14-C07-G0,I4,I4a,sweep,T14,T14,uas-general; drone-as-first-responder; uas-unspecified,C07 AGENDA,G0,"US national sweep (unanchored, or systematically iterated over all states/places as partition keys)",I1#8(adjacent),0.6,0.25,0.8,0.575,P2,2,2,8,"site:{agenda platforms} ""{vendor}"" OR ""drone as first responder""","site:legistar.com ""drone as first responder"" | site:primegov.com ""Skydio"" | ""Brinc"" council approve","Atlas partition I4 (other technologies outside I5 places and records-corpora domains; 13,938 links)",procurement agenda tenants,low,
I4-T11-C04-GS,I4,I4a,enumerate,T11,T11,face-verification-1to1; face-identification-1ton; face-retrospective; face-live; face-clustering; face-recognition-unspecified,C04 STAT-REPORT,GS,US state sweep (51 jurisdictions) in state-level legal/reporting/funding/contract channels,I1#8,0.6,0.5,0.6,0.57,P2,2,"n/a (enumeration: per-item outcome, negatives recorded)",15,"per state with an FR accountability/reporting law: ""{state}"" ""facial recognition"" ""accountability report"" OR ""annual report""","Washington ""facial recognition"" accountability report (RCW 43.386) | Colorado SB22-113 accountability report | Virginia facial recognition annual report | Maryland facial recognition 2024 report",Georgetown CPT Perpetual Line-Up; EFF Who Has Your Face,dossier_documents:pdf_text,reports may list officers trained (institutional),
I4-T11-C05-G0,I4,I4a,sweep,T11,T11,face-verification-1to1; face-identification-1ton; face-retrospective; face-live; face-clustering; face-recognition-unspecified,C05 POLICY-PROGRAM,G0,"US national sweep (unanchored, or systematically iterated over all states/places as partition keys)",I1#8,0.6,0.5,0.6,0.57,P2,2,2,8,"""facial recognition"" policy police site:.gov filetype:pdf | ""{vendor}"" use policy police","""facial recognition"" ""use policy"" police site:.gov | ""Clearview"" policy ""police department""","Atlas partition I4 (other technologies outside I5 places and records-corpora domains; 13,938 links)",dossier_documents,low,
I4-T11-C09-G0,I4,I4a,sweep,T11,T11,face-verification-1to1; face-identification-1ton; face-retrospective; face-live; face-clustering; face-recognition-unspecified,C09 PROC-LOCAL,G0,"US national sweep (unanchored, or systematically iterated over all states/places as partition keys)",I1#8,0.6,0.5,0.6,0.57,P2,2,2,8,"""{vendor}"" agreement OR subscription filetype:pdf site:.gov","""Clearview AI"" subscription agreement police | ""DataWorks Plus"" ""FACE Plus"" contract | ""Rank One"" police contract","Atlas partition I4 (other technologies outside I5 places and records-corpora domains; 13,938 links)",procurement,low,
I4-T11-C16-G0,I4,I4a,sweep,T11,T11,face-verification-1to1; face-identification-1ton; face-retrospective; face-live; face-clustering; face-recognition-unspecified,C16 FED-REG,G0,"US national sweep (unanchored, or systematically iterated over all states/places as partition keys)",I1#8,0.6,0.5,0.6,0.57,P2,2,2,8,"AI use case inventory ""facial recognition"" {agency} | site:dhs.gov PIA ""facial recognition"" | GAO ""facial recognition"" (ingested - skip)","DOJ AI use case inventory ""facial recognition"" | DHS PIA face recognition ""commercial""",,new:ai_inventory,low,
I4-T13-C04-G0,I4,I4a,sweep,T13,T13,gunshot-detection-fixed; gunshot-detection-unspecified; acoustic-sensing-general; acoustic-sensing-unspecified,C04 STAT-REPORT,G0,"US national sweep (unanchored, or systematically iterated over all states/places as partition keys)",I1#8,0.6,0.5,0.6,0.57,P2,2,2,8,"""inspector general"" OR auditor ""{vendor}"" evaluation | ""gunshot detection"" audit report city","Chicago OIG ShotSpotter (SRC-017) | ""ShotSpotter"" audit report city auditor",MacArthur Justice Center ShotSpotter data,dossier_documents:pdf_text,incident-level alert data: flag,
I4-T17-C05-GS,I4,I4a,enumerate,T17,T17,cell-site-simulator-general; cell-site-simulator-unspecified,C05 POLICY-PROGRAM,GS,US state sweep (51 jurisdictions) in state-level legal/reporting/funding/contract channels,I1#8,0.6,0.5,0.6,0.57,P2,2,"n/a (enumeration: per-item outcome, negatives recorded)",15,"per state with CSS policy mandates: ""cellular communications interception"" policy site:.gov","""53166"" ""cellular communications interception technology"" policy (CA) | ""cell-site simulator"" policy police",ACLU CSS map (gated row aclu_cell_site_simulators),dossier_documents,low,
I4-T20-C14-G0,I4,I4b,sweep,T20,T20,social-media-monitoring; osint-platform; osint-monitoring-unspecified,C14 CIVIL-DATA,G0,"US national sweep (unanchored, or systematically iterated over all states/places as partition keys)",I1#7(adjacent),0.8,0.286,0.6,0.566,P2,2,2,8,"Brennan Center social media monitoring documents | ""{kw}"" dataset police","Brennan Center ""Social Media Monitoring"" documents | ""social media surveillance"" police dataset",Brennan Center,curated ingest,flag,
I4-T20-C16-G0,I4,I4b,sweep,T20,T20,social-media-monitoring; osint-platform; osint-monitoring-unspecified,C16 FED-REG,G0,"US national sweep (unanchored, or systematically iterated over all states/places as partition keys)",I1#7(adjacent),0.8,0.286,0.6,0.566,P2,2,2,8,"site:dhs.gov PIA ""social media"" | ICE contract ""{vendor}""","DHS PIA social media operational use | ICE ""ShadowDragon"" OR ""Penlink"" contract",,,low,
I4-T25-C14-G0,I4,I4b,sweep,T25,T25,school-surveillance-suite; school-surveillance-unspecified,C14 CIVIL-DATA,G0,"US national sweep (unanchored, or systematically iterated over all states/places as partition keys)",I1#7(adjacent),0.8,0.286,0.6,0.566,P2,2,2,8,"""student monitoring"" records dataset districts","EFF ""Red Flag Machine"" GoGuardian | CDT student activity monitoring survey | AP Gaggle records 2025",CDT; EFF; AP; The 74,curated,minors: BLOCK person data,
I4-T25-C16-G0,I4,I4b,sweep,T25,T25,school-surveillance-suite; school-surveillance-unspecified,C16 FED-REG,G0,"US national sweep (unanchored, or systematically iterated over all states/places as partition keys)",I1#7(adjacent),0.8,0.286,0.6,0.566,P2,2,2,8,NCES SSOCS OR CRDC security cameras OR monitoring,NCES School Survey on Crime and Safety security measures | CRDC school security staff,,new:nces_tables,aggregate,school-level public-use availability to verify
I4-T14-C05-G0,I4,I4a,sweep,T14,T14,uas-general; drone-as-first-responder; uas-unspecified,C05 POLICY-PROGRAM,G0,"US national sweep (unanchored, or systematically iterated over all states/places as partition keys)",I1#8,0.6,0.5,0.5,0.53,P2,2,2,8,"""drone"" OR ""unmanned aircraft"" policy police site:.gov filetype:pdf | ""drone as first responder"" program page","""drone as first responder"" program police site:.gov | ""UAS"" policy ""police department"" filetype:pdf","Atlas partition I4 (other technologies outside I5 places and records-corpora domains; 13,938 links)",dossier_documents,low,
I4-T17-C09-G0,I4,I4a,sweep,T17,T17,cell-site-simulator-general; cell-site-simulator-unspecified,C09 PROC-LOCAL,G0,"US national sweep (unanchored, or systematically iterated over all states/places as partition keys)",I1#8,0.6,0.5,0.5,0.53,P2,2,2,8,"""{vendor}"" OR ""cell site simulator"" purchase OR ""sole source""","""L3Harris"" ""sole source"" police | ""cell-site simulator"" purchase sheriff","Atlas partition I4 (other technologies outside I5 places and records-corpora domains; 13,938 links)",procurement,low,
I4-T17-C13-G0,I4,I4a,sweep,T17,T17,cell-site-simulator-general; cell-site-simulator-unspecified,C13 RECORDS,G0,"US national sweep (unanchored, or systematically iterated over all states/places as partition keys)",I1#8,0.6,0.5,0.5,0.53,P2,2,2,8,"MuckRock OR DocumentCloud ""cell site simulator"" OR StingRay OR Hailstorm","MuckRock ""Stingray"" records | DocumentCloud ""Hailstorm"" police",ACLU CSS map,records,case files: flag,
I4-T09-C04-GS,I4,I4a,enumerate,T09,T09,NO CONCEPT (NEW-8) - provisional fixed-camera-unspecified + proposed traffic-enforcement family,C04 STAT-REPORT,GS,US state sweep (51 jurisdictions) in state-level legal/reporting/funding/contract channels,I1#7(adjacent),0.8,0.286,0.5,0.526,P2,2,"n/a (enumeration: per-item outcome, negatives recorded)",15,"per state authorizing ATE: ""{state}"" ""speed camera"" OR ""red light camera"" program annual report","""school zone speed camera program"" annual report | ""automated traffic enforcement"" report legislature",,dossier_documents:pdf_text,low,
I4-T19-C13-G0,I4,I4b,sweep,T19,T19,extraction-logical; extraction-physical; cloud-account-extraction; exploit-service; mobile-forensics-unspecified,C13 RECORDS,G0,"US national sweep (unanchored, or systematically iterated over all states/places as partition keys)",I1#7(adjacent),0.8,0.286,0.5,0.526,P2,2,2,8,"MuckRock OR DocumentCloud ""{vendor}""","MuckRock ""Cellebrite"" | DocumentCloud ""GrayKey""",,records,extraction logs: BLOCK,
I4-T19-C16-G0,I4,I4b,sweep,T19,T19,extraction-logical; extraction-physical; cloud-account-extraction; exploit-service; mobile-forensics-unspecified,C16 FED-REG,G0,"US national sweep (unanchored, or systematically iterated over all states/places as partition keys)",I1#7(adjacent),0.8,0.286,0.5,0.526,P2,2,2,8,"ICE OR DHS ""{vendor}"" contract | AI use case inventory forensics","ICE ""Paragon"" contract | DHS ""Cellebrite"" contract",,usaspending keywords gap (I1#13),low,
I4-T20-C13-G0,I4,I4b,sweep,T20,T20,social-media-monitoring; osint-platform; osint-monitoring-unspecified,C13 RECORDS,G0,"US national sweep (unanchored, or systematically iterated over all states/places as partition keys)",I1#7(adjacent),0.8,0.286,0.5,0.526,P2,2,2,8,"MuckRock OR DocumentCloud ""social media monitoring"" OR ""{vendor}""","MuckRock ""Geofeedia"" | DocumentCloud ""Voyager Labs""",,records,monitored persons' names: BLOCK,
I4-T25-C04-GS,I4,I4b,enumerate,T25,T25,school-surveillance-suite; school-surveillance-unspecified,C04 STAT-REPORT,GS,US state sweep (51 jurisdictions) in state-level legal/reporting/funding/contract channels,I1#7(adjacent),0.8,0.286,0.5,0.526,P2,2,"n/a (enumeration: per-item outcome, negatives recorded)",15,"per state: school safety commission report monitoring OR ""threat assessment"" platform","Florida school safety portal report | ""school safety"" commission report ""social media monitoring""",,dossier_documents,minor-data: BLOCK,
I4-T18-C04-G0,I4,I4a,sweep,T18,T18,wiretap-content; metadata-interception; tower-dump; lawful-intercept-unspecified; wifi-bluetooth-sensor; wifi-bluetooth-tracking-unspecified,C04 STAT-REPORT,G0,"US national sweep (unanchored, or systematically iterated over all states/places as partition keys)",-,0.4,0.0,1.0,0.52,P2,2,2,8,"uscourts.gov ""wiretap report"" {year} | state wiretap report","uscourts.gov Wiretap Report 2024 tables | state ""wiretap report"" annual",US Courts statistics,new:uscourts_tables,aggregate by jurisdiction (safe),18 USC 2519: structured annual statutory report
I4-T23-C10-G0,I4,I4b,sweep,T23,T23,bwc-recorded; bwc-livestream; body-worn-camera-unspecified; in-car-video-recorded; in-car-video-unspecified,C10 GRANT,G0,"US national sweep (unanchored, or systematically iterated over all states/places as partition keys)",-,0.6,0.0,0.8,0.5,P2,2,2,8,"BJA ""Body-Worn Camera Policy and Implementation"" awards {year} | state BWC grant program recipients",bja.ojp.gov BWCPIP award list | Ohio body camera grant recipients (governor.ohio.gov) | Illinois ILETSB body camera grant,"Atlas links governor.ohio.gov (342), ptb.illinois.gov (261), njoag.gov (357)",new:ojp_awards,low,BWC grants carved out of I6 grants cells
I4-T11-C07-G0,I4,I4a,sweep,T11,T11,face-verification-1to1; face-identification-1ton; face-retrospective; face-live; face-clustering; face-recognition-unspecified,C07 AGENDA,G0,"US national sweep (unanchored, or systematically iterated over all states/places as partition keys)",I1#8(adjacent),0.6,0.25,0.6,0.495,P3,1,1,3,"site:{agenda platforms} ""{vendor}"" | ""facial recognition"" contract council approve","site:legistar.com ""Clearview"" | ""facial recognition"" agenda item sheriff","Atlas partition I4 (other technologies outside I5 places and records-corpora domains; 13,938 links)",procurement agenda tenants,low,
I4-T11-C14-G0,I4,I4a,sweep,T11,T11,face-verification-1to1; face-identification-1ton; face-retrospective; face-live; face-clustering; face-recognition-unspecified,C14 CIVIL-DATA,G0,"US national sweep (unanchored, or systematically iterated over all states/places as partition keys)",I1#8(adjacent),0.6,0.25,0.6,0.495,P3,1,1,3,"""{kw}"" dataset agencies {NGO|outlet}","Perpetual Line-Up agency data | BuzzFeed Clearview AI agencies table | EFF ""Who Has Your Face""",Georgetown CPT; BuzzFeed; EFF WHYF; Fight for the Future map,atlas-like; coarse_international,person-level search logs: BLOCK,
I4-T13-C02-G0,I4,I4a,sweep,T13,T13,gunshot-detection-fixed; gunshot-detection-unspecified; acoustic-sensing-general; acoustic-sensing-unspecified,C02 VEND-DISC,G0,"US national sweep (unanchored, or systematically iterated over all states/places as partition keys)",I1#8(adjacent),0.6,0.25,0.6,0.495,P3,1,1,3,"EDGAR FTS ""ShotSpotter"" OR ""SoundThinking"" customers | ""{vendor}"" ""go-live"" city","SoundThinking 10-K ""cities"" | ""ShotSpotter"" contract renewal press",,new:sec_edgar_fts,low,Sensor locations are secret by design: evidence is contracts/coverage areas
I4-T14-C09-G0,I4,I4a,sweep,T14,T14,uas-general; drone-as-first-responder; uas-unspecified,C09 PROC-LOCAL,G0,"US national sweep (unanchored, or systematically iterated over all states/places as partition keys)",I1#8(adjacent),0.6,0.25,0.6,0.495,P3,1,1,3,"""{vendor}"" agreement OR quote filetype:pdf site:.gov","""Skydio"" quote filetype:pdf site:.gov | ""Brinc"" agreement police","Atlas partition I4 (other technologies outside I5 places and records-corpora domains; 13,938 links)",procurement,low,
I4-T21-C09-G0,I4,I4b,sweep,T21,T21,adtech-location-purchase; location-data-subscription; geofence-warrant-data; location-data-unspecified; person-records-broker; utility-records; records-broker-unspecified,C09 PROC-LOCAL,G0,"US national sweep (unanchored, or systematically iterated over all states/places as partition keys)",I1#13,0.6,0.143,0.6,0.463,P3,1,1,3,"""{vendor}"" subscription OR agreement site:.gov","""Fog Reveal"" agreement police | ""Thomson Reuters CLEAR"" subscription police | ""Accurint"" law enforcement contract","Atlas partition I4 (other technologies outside I5 places and records-corpora domains; 13,938 links)",procurement,person-records brokers: never ingest outputs,
I4-T21-C16-G0,I4,I4b,sweep,T21,T21,adtech-location-purchase; location-data-subscription; geofence-warrant-data; location-data-unspecified; person-records-broker; utility-records; records-broker-unspecified,C16 FED-REG,G0,"US national sweep (unanchored, or systematically iterated over all states/places as partition keys)",I1#13,0.6,0.143,0.6,0.463,P3,1,1,3,"ICE OR CBP ""{vendor}"" contract | DHS PIA ""commercial telemetry""","CBP ""Venntel"" contract | ICE ""LexisNexis"" contract | DHS PIA commercial location data",,usaspending keyword gap,low,
I4-T13-C14-G0,I4,I4a,sweep,T13,T13,gunshot-detection-fixed; gunshot-detection-unspecified; acoustic-sensing-general; acoustic-sensing-unspecified,C14 CIVIL-DATA,G0,"US national sweep (unanchored, or systematically iterated over all states/places as partition keys)",I1#8(adjacent),0.6,0.25,0.5,0.455,P3,1,1,3,"""ShotSpotter"" data OR dataset alerts city {NGO|outlet}","MacArthur Justice Center ShotSpotter | ""ShotSpotter"" alerts dataset",MacArthur Justice Center,curated ingest,alert locations near homes: flag,
I4-T14-C14-G0,I4,I4a,sweep,T14,T14,uas-general; drone-as-first-responder; uas-unspecified,C14 CIVIL-DATA,G0,"US national sweep (unanchored, or systematically iterated over all states/places as partition keys)",I1#8(adjacent),0.6,0.25,0.5,0.455,P3,1,1,3,"""public safety drones"" dataset agencies","Bard CSD Public Safety Drones 3rd ed. (2020) | ""Drones at Home""",Bard CSD (807 Atlas links),curated ingest,low,historical; lineage derived-from FAA + media
I4-T17-C16-G0,I4,I4a,sweep,T17,T17,cell-site-simulator-general; cell-site-simulator-unspecified,C16 FED-REG,G0,"US national sweep (unanchored, or systematically iterated over all states/places as partition keys)",I1#8,0.6,0.5,0.3,0.45,P3,1,1,3,"DOJ OR DHS ""cell-site simulator"" policy OR report","DHS ""cell-site simulator"" policy report",,,low,
I4-T19-C02-G0,I4,I4b,sweep,T19,T19,extraction-logical; extraction-physical; cloud-account-extraction; exploit-service; mobile-forensics-unspecified,C02 VEND-DISC,G0,"US national sweep (unanchored, or systematically iterated over all states/places as partition keys)",I1#7(adjacent),0.8,0.286,0.3,0.446,P3,1,1,3,"EDGAR ""Cellebrite"" customers 20-F | ""{vendor}"" customers police","Cellebrite 20-F ""customers"" | ""GrayKey"" police purchase press",,new:sec_edgar_fts,low,
I4-T25-C02-G0,I4,I4b,sweep,T25,T25,school-surveillance-suite; school-surveillance-unspecified,C02 VEND-DISC,G0,"US national sweep (unanchored, or systematically iterated over all states/places as partition keys)",I1#7(adjacent),0.8,0.286,0.3,0.446,P3,1,1,3,"""{vendor}"" districts list OR case study","""Gaggle"" ""school district"" case study | Evolv 10-K schools",,new:sec_edgar_fts,minors,
I4-T28-C16-G0,I4,I4b,sweep,T28,T28,cross-family as used by federal border/immigration agencies: alpr-checkpoint; plate-data-commercial-purchase; location-data-subscription; face-identification-1ton; persistent-aerial-surveillance,C16 FED-REG,G0,"US national sweep (unanchored, or systematically iterated over all states/places as partition keys)",-,0.4,0.0,0.8,0.44,P3,1,1,3,"ice.gov 287(g) agreements list | CBP OR ICE surveillance contract PIA | ""autonomous surveillance tower""","ice.gov ""287(g)"" participating agencies | CBP autonomous surveillance towers | ICE contract ""ShadowDragon"" OR ""Penlink""",,new:ice_287g_list,low,Local-ALPR->federal is I3 T03
I4-T21-C14-G0,I4,I4b,sweep,T21,T21,adtech-location-purchase; location-data-subscription; geofence-warrant-data; location-data-unspecified; person-records-broker; utility-records; records-broker-unspecified,C14 CIVIL-DATA,G0,"US national sweep (unanchored, or systematically iterated over all states/places as partition keys)",I1#13(adjacent),0.6,0.071,0.5,0.401,P3,1,1,3,"""{vendor}"" records obtained dataset","EFF/AP ""Fog Data Science"" records | ""Venntel"" police records",Just Futures Law; EFF,curated,flag,
I4-T10-C07-G0,I4,I4a,sweep,T10,T10,video-analytics-object; video-analytics-loitering; video-analytics-unspecified,C07 AGENDA,G0,"US national sweep (unanchored, or systematically iterated over all states/places as partition keys)",-,0.6,0.0,0.5,0.38,P3,1,1,3,"site:{agenda platforms} ""{vendor}"" | ""video analytics"" police contract council","site:legistar.com ""BriefCam"" | ""Avigilon"" ""video analytics"" council","Atlas partition I4 (other technologies outside I5 places and records-corpora domains; 13,938 links)",procurement agenda tenants,low,
I4-T10-C09-G0,I4,I4a,sweep,T10,T10,video-analytics-object; video-analytics-loitering; video-analytics-unspecified,C09 PROC-LOCAL,G0,"US national sweep (unanchored, or systematically iterated over all states/places as partition keys)",-,0.6,0.0,0.5,0.38,P3,1,1,3,"""{vendor}"" agreement OR quote filetype:pdf site:.gov","""BriefCam"" quote filetype:pdf site:.gov | ""ZeroEyes"" agreement police OR school","Atlas partition I4 (other technologies outside I5 places and records-corpora domains; 13,938 links)",procurement,low,
I4-T27-C04-GS,I4,I4b,enumerate,T27,T27,NO TECHNOLOGY CONCEPT - organisation role (fusion centre / HIDTA / RISS),C04 STAT-REPORT,GS,US state sweep (51 jurisdictions) in state-level legal/reporting/funding/contract channels,-,0.6,0.0,0.5,0.38,P3,1,"n/a (enumeration: per-item outcome, negatives recorded)",6,"per state: ""{state}"" fusion center annual report OR privacy policy OR audit","""fusion center"" annual report state police | ""fusion center"" privacy policy site:.gov",DHS fusion assessments (live),accountability,SARs: BLOCK,
I4-T14-C02-G0,I4,I4a,sweep,T14,T14,uas-general; drone-as-first-responder; uas-unspecified,C02 VEND-DISC,G0,"US national sweep (unanchored, or systematically iterated over all states/places as partition keys)",I1#8(adjacent),0.6,0.25,0.3,0.375,P3,1,1,3,"""{vendor}"" ""drone as first responder"" {agency} | ""{vendor}"" customers police","""Skydio"" ""drone as first responder"" police department | ""Brinc"" DFR program city",,dossier_documents,low,Flock Aerodome excluded (I3 T29)
I4-T21-C02-G0,I4,I4b,sweep,T21,T21,adtech-location-purchase; location-data-subscription; geofence-warrant-data; location-data-unspecified; person-records-broker; utility-records; records-broker-unspecified,C02 VEND-DISC,G0,"US national sweep (unanchored, or systematically iterated over all states/places as partition keys)",I1#13(adjacent),0.6,0.071,0.4,0.361,P3,1,1,3,"company transparency report geofence OR ""law enforcement requests""",Google transparency report geofence warrants by state | Ring law enforcement requests report,,,aggregate only,
I4-T22-C09-G0,I4,I4b,sweep,T22,T22,third-party-investigative-platform; investigative-platform-unspecified; predictive-policing-*; risk-assessment; behavioral-analytics; risk-analytics-unspecified,C09 PROC-LOCAL,G0,"US national sweep (unanchored, or systematically iterated over all states/places as partition keys)",I1#13(adjacent),0.6,0.071,0.4,0.361,P3,1,1,3,"""{vendor}"" police contract","""Palantir"" police contract city | ""Geolitica"" OR ""PredPol"" contract","Atlas partition I4 (other technologies outside I5 places and records-corpora domains; 13,938 links)",procurement,person-level risk scores: BLOCK,
I4-T22-C14-G0,I4,I4b,sweep,T22,T22,third-party-investigative-platform; investigative-platform-unspecified; predictive-policing-*; risk-assessment; behavioral-analytics; risk-analytics-unspecified,C14 CIVIL-DATA,G0,"US national sweep (unanchored, or systematically iterated over all states/places as partition keys)",I1#13(adjacent),0.6,0.071,0.4,0.361,P3,1,1,3,"""predictive policing"" dataset agencies","The Markup PredPol data | ""predictive policing"" agencies list",The Markup,curated,flag,
I4-T28-C14-G0,I4,I4b,sweep,T28,T28,cross-family as used by federal border/immigration agencies: alpr-checkpoint; plate-data-commercial-purchase; location-data-subscription; face-identification-1ton; persistent-aerial-surveillance,C14 CIVIL-DATA,G0,"US national sweep (unanchored, or systematically iterated over all states/places as partition keys)",-,0.4,0.0,0.6,0.36,P3,1,1,3,"""No Tech for ICE"" OR ""Just Futures"" contracts dataset","Mijente ""Who's Behind ICE"" | Just Futures Law ICE surveillance contracts",Mijente; Just Futures Law,curated,immigration status: BLOCK,
I4-T23-C05-G0,I4,I4b,sweep,T23,T23,bwc-recorded; bwc-livestream; body-worn-camera-unspecified; in-car-video-recorded; in-car-video-unspecified,C05 POLICY-PROGRAM,G0,"US national sweep (unanchored, or systematically iterated over all states/places as partition keys)",-,0.6,0.0,0.4,0.34,P3,1,1,3,"""body-worn camera"" policy site:.gov filetype:pdf","""body-worn camera"" policy ""police department"" filetype:pdf","Atlas partition I4 (other technologies outside I5 places and records-corpora domains; 13,938 links)",dossier_documents,low,"Atlas already has 5,470 BWC rows"
I4-T26-C07-G0,I4,I4b,sweep,T26,T26,weapon-detection-scanner; weapon-detection-unspecified,C07 AGENDA,G0,"US national sweep (unanchored, or systematically iterated over all states/places as partition keys)",-,0.4,0.0,0.5,0.32,P3,1,1,3,"site:{agenda platforms} ""{vendor}""","""Evolv"" council OR ""board of education"" approve | ""weapons detection"" agenda","Atlas partition I4 (other technologies outside I5 places and records-corpora domains; 13,938 links)",procurement agenda tenants,low,
I4-T26-C09-G0,I4,I4b,sweep,T26,T26,weapon-detection-scanner; weapon-detection-unspecified,C09 PROC-LOCAL,G0,"US national sweep (unanchored, or systematically iterated over all states/places as partition keys)",-,0.4,0.0,0.5,0.32,P3,1,1,3,"""{vendor}"" agreement OR lease site:.gov","""Evolv Express"" agreement filetype:pdf | ""Xtract One"" contract","Atlas partition I4 (other technologies outside I5 places and records-corpora domains; 13,938 links)",procurement,low,
I4-T27-C16-G0,I4,I4b,sweep,T27,T27,NO TECHNOLOGY CONCEPT - organisation role (fusion centre / HIDTA / RISS),C16 FED-REG,G0,"US national sweep (unanchored, or systematically iterated over all states/places as partition keys)",-,0.6,0.0,0.3,0.3,P3,1,1,3,DHS recognized fusion centers list | HIDTA ISC list | RISS centers,dhs.gov fusion center locations and contact information,dhs_fusion_centers (gated row),,low,
I4-TRES-C01-G0,I4,I4b,residual,TRES,T09;T10;T11;T12;T13;T14;T15;T16;T17;T18;T19;T20;T21;T22;T23;T24;T25;T26;T27;T28,see covers,C01 VEND-PORTAL,G0,"US national sweep (unanchored, or systematically iterated over all states/places as partition keys)",-,0.6,0.0,0.3,0.3,P3,1,1,3,class-bundle probe for I4 classes without a dedicated C01 cell,(highest-gap uncovered class first),,,per channel table,
I4-TRES-C02-G0,I4,I4b,residual,TRES,T09;T10;T11;T12;T15;T16;T17;T18;T20;T22;T23;T24;T26;T27;T28,see covers,C02 VEND-DISC,G0,"US national sweep (unanchored, or systematically iterated over all states/places as partition keys)",-,0.6,0.0,0.3,0.3,P3,1,1,3,class-bundle probe for I4 classes without a dedicated C02 cell,(highest-gap uncovered class first),,,per channel table,
I4-TRES-C03-G0,I4,I4b,residual,TRES,T10;T11;T12;T13;T14;T15;T16;T17;T18;T19;T20;T21;T22;T23;T24;T25;T26;T27;T28,see covers,C03 OPEN-DATA,G0,"US national sweep (unanchored, or systematically iterated over all states/places as partition keys)",-,0.6,0.0,0.3,0.3,P3,1,1,3,class-bundle probe for I4 classes without a dedicated C03 cell,(highest-gap uncovered class first),,,per channel table,
I4-TRES-C04-G0,I4,I4b,residual,TRES,T09;T10;T11;T12;T14;T15;T16;T17;T19;T20;T21;T22;T23;T24;T25;T26;T27;T28,see covers,C04 STAT-REPORT,G0,"US national sweep (unanchored, or systematically iterated over all states/places as partition keys)",-,0.6,0.0,0.3,0.3,P3,1,1,3,class-bundle probe for I4 classes without a dedicated C04 cell,(highest-gap uncovered class first),,,per channel table,
I4-TRES-C04-GS,I4,I4b,residual,TRES,T10;T12;T13;T15;T16;T17;T18;T19;T20;T21;T22;T23;T24;T26;T28,see covers,C04 STAT-REPORT,GS,US state sweep (51 jurisdictions) in state-level legal/reporting/funding/contract channels,-,0.6,0.0,0.3,0.3,P3,1,1,3,state-sweep probe for I4 classes without a dedicated C04-GS cell,(e.g. BWC or EM state reporting),,,,
I4-TRES-C05-G0,I4,I4b,residual,TRES,T09;T10;T12;T13;T15;T16;T17;T18;T19;T20;T21;T22;T24;T25;T26;T27;T28,see covers,C05 POLICY-PROGRAM,G0,"US national sweep (unanchored, or systematically iterated over all states/places as partition keys)",-,0.6,0.0,0.3,0.3,P3,1,1,3,class-bundle probe for I4 classes without a dedicated C05 cell,(highest-gap uncovered class first),,,per channel table,
I4-TRES-C05-GS,I4,I4b,residual,TRES,T09;T10;T11;T12;T13;T14;T15;T16;T18;T19;T20;T21;T22;T23;T24;T25;T26;T27;T28,see covers,C05 POLICY-PROGRAM,GS,US state sweep (51 jurisdictions) in state-level legal/reporting/funding/contract channels,-,0.6,0.0,0.3,0.3,P3,1,1,3,state-sweep probe for I4 classes without a dedicated C05-GS cell,(e.g. BWC or EM state reporting),,,,
I4-TRES-C07-G0,I4,I4b,residual,TRES,T09;T12;T15;T17;T18;T21;T22;T23;T24;T27,see covers,C07 AGENDA,G0,"US national sweep (unanchored, or systematically iterated over all states/places as partition keys)",-,0.6,0.0,0.3,0.3,P3,1,1,3,class-bundle probe for I4 classes without a dedicated C07 cell,(highest-gap uncovered class first),,,per channel table,
I4-TRES-C09-G0,I4,I4b,residual,TRES,T09;T15;T16;T18;T23;T27;T28,see covers,C09 PROC-LOCAL,G0,"US national sweep (unanchored, or systematically iterated over all states/places as partition keys)",-,0.6,0.0,0.3,0.3,P3,1,1,3,class-bundle probe for I4 classes without a dedicated C09 cell,(highest-gap uncovered class first),,,per channel table,
I4-TRES-C15-G0,I4,I4b,residual,TRES,T09;T10;T11;T12;T13;T14;T15;T16;T17;T18;T19;T20;T21;T22;T23;T24;T25;T26;T27;T28,see covers,C15 CROWD,G0,"US national sweep (unanchored, or systematically iterated over all states/places as partition keys)",-,0.6,0.0,0.3,0.3,P3,1,1,3,class-bundle probe for I4 classes without a dedicated C15 cell,(highest-gap uncovered class first),,,per channel table,
I4-TRES-C16-G0,I4,I4b,residual,TRES,T09;T10;T12;T13;T16;T18;T22;T23;T24;T26,see covers,C16 FED-REG,G0,"US national sweep (unanchored, or systematically iterated over all states/places as partition keys)",-,0.6,0.0,0.3,0.3,P3,1,1,3,class-bundle probe for I4 classes without a dedicated C16 cell,(highest-gap uncovered class first),,,per channel table,
I4-T12-C09-G0,I4,I4a,sweep,T12,T12,fingerprint-*; iris-*; dna-forensic; rapid-dna; dna-unspecified; tattoo-recognition; gait-recognition; voice-recognition; other-biometric-unspecified,C09 PROC-LOCAL,G0,"US national sweep (unanchored, or systematically iterated over all states/places as partition keys)",-,0.4,0.0,0.4,0.28,P3,1,1,3,"""{vendor}"" OR ""rapid DNA"" OR ""mobile fingerprint"" police contract","""rapid DNA"" booking station agreement sheriff | ""mobile fingerprint"" scanner police purchase","Atlas partition I4 (other technologies outside I5 places and records-corpora domains; 13,938 links)",procurement,biometric templates: BLOCK,
I4-T16-C07-G0,I4,I4a,sweep,T16,T16,ugv; robot-dog; ground-robotics-unspecified,C07 AGENDA,G0,"US national sweep (unanchored, or systematically iterated over all states/places as partition keys)",-,0.4,0.0,0.4,0.28,P3,1,1,3,"site:{agenda platforms} ""{vendor}"" OR ""robot dog""","""robot dog"" police council | ""Knightscope"" city agreement","Atlas partition I4 (other technologies outside I5 places and records-corpora domains; 13,938 links)",procurement agenda tenants,low,
I4-T24-C09-G0,I4,I4b,sweep,T24,T24,electronic-monitoring-ankle; electronic-monitoring-unspecified; jail-communications-monitoring; custodial-monitoring-unspecified,C09 PROC-LOCAL,G0,"US national sweep (unanchored, or systematically iterated over all states/places as partition keys)",-,0.4,0.0,0.4,0.28,P3,1,1,3,"""{vendor}"" county contract electronic monitoring OR ""inmate phone""","""SCRAM"" county agreement | ""Securus"" county contract | ""LEO Technologies"" ""Verus""",,procurement,person monitoring: BLOCK person data,
I4-T28-C07-G0,I4,I4b,sweep,T28,T28,cross-family as used by federal border/immigration agencies: alpr-checkpoint; plate-data-commercial-purchase; location-data-subscription; face-identification-1ton; persistent-aerial-surveillance,C07 AGENDA,G0,"US national sweep (unanchored, or systematically iterated over all states/places as partition keys)",-,0.4,0.0,0.4,0.28,P3,1,1,3,"site:{agenda platforms} ""287(g)"" OR ""Operation Stonegarden""","""287(g)"" agreement sheriff agenda | ""Stonegarden"" grant council","Atlas partition I4 (other technologies outside I5 places and records-corpora domains; 13,938 links)",procurement agenda tenants,low,
I4-T15-C16-G0,I4,I4a,sweep,T15,T15,tethered-aerostat; persistent-aerial-surveillance; aerostat-unspecified,C16 FED-REG,G0,"US national sweep (unanchored, or systematically iterated over all states/places as partition keys)",-,0.4,0.0,0.3,0.24,P3,1,1,3,"CBP aerostat OR ""persistent surveillance"" contract OR COA","""Tethered Aerostat Radar System"" CBP | ""persistent surveillance"" aircraft police contract",,,wide-area imagery of persons: flag,
I5-T08-C03-GD,I5,I5a,enumerate,T08,T08,camera-ptz; camera-fixed-cctv (transportation-agency operator),C03 OPEN-DATA,GD,US state-anchored data channels (51; ordered by I2 state gap weight),I1#5,0.8,0.714,0.8,0.774,P1,4,"n/a (enumeration: per-item outcome, negatives recorded)",25,"per state (tier A->C): ""{state} 511"" cameras API OR feed | ""{state} DOT"" traffic cameras ArcGIS | {state} DOT open data cameras",Vermont 511 cameras | New Hampshire DOT traffic cameras ArcGIS | Mississippi DOT MDOTtraffic cameras | dot_511_tx rights (gated),dot_511_targets.toml; I1 state table,dot_511:arcgis_query|socrata_rows,low,~25 states lack a DOT/511 layer (I1#5)
I5-T00-C03-GL1,I5,I5a,enumerate,T00,T00;T08,see covers,C03 OPEN-DATA,GL1,36 thin top-100 cities (<=3 I1 sources; ordered by I2 city weight),I1#9,0.8,0.429,1.0,0.769,P1,4,"n/a (enumeration: per-item outcome, negatives recorded)",25,"per city: Socrata Discovery domains={portal} q={bundle} | ArcGIS Hub bbox={city} q={bundle} | ""{city}"" open data portal","Charlotte open data cameras | Memphis data portal ""license plate"" | Indianapolis GIS police cameras | hub bbox=Omaha q=camera","Atlas partition I5 (rows in tier-A/B states, GL1 thin cities, territories; 2,708 links)",dot_511; new:ckan|opendatasoft,per channel,"bundle = surveillance|camera|""license plate""|drone|ShotSpotter|""facial recognition"""
I5-T00-C07-GL1,I5,I5a,enumerate,T00,T00;T08,see covers,C07 AGENDA,GL1,36 thin top-100 cities (<=3 I1 sources; ordered by I2 city weight),I1#9,0.8,0.429,1.0,0.769,P1,4,"n/a (enumeration: per-item outcome, negatives recorded)",25,"per city: identify agenda platform (host probe) -> ""{city}"" council agenda {bundle}","Charlotte council agenda platform | ""Jersey City"" council agenda ""license plate"" | Indianapolis City-County Council agenda cameras",agenda_tenants.toml (793 tenants) for dedupe,procurement:legistar|primegov|civicclerk|escribe; new:granicus|civicplus|novusagenda,incidental private names,"Record the platform even when no hit (feeds the municipality->platform directory, SIG-INGEST-026)"
I5-T00-C03-GD,I5,I5a,enumerate,T00,T00,see covers,C03 OPEN-DATA,GD,US state-anchored data channels (51; ordered by I2 state gap weight),I1#5,0.8,0.714,0.6,0.694,P2,2,"n/a (enumeration: per-item outcome, negatives recorded)",15,"per state: ""{state}"" open data portal surveillance OR camera OR ""license plate"" | {state} GIS hub police",data.vermont.gov camera | Rhode Island GIS police cameras | Delaware FirstMap cameras,"Atlas partition I5 (rows in tier-A/B states, GL1 thin cities, territories; 2,708 links)",dot_511; new:ckan|opendatasoft,per channel,
I5-T00-C04-GI1,I5,I5b,sweep,T00,ALL (T00-T29),see covers,C04 STAT-REPORT,GI1,"UK, Canada, Australia, New Zealand, Ireland",I1#11,0.7,0.286,0.8,0.616,P2,2,2,8,{regulator|commissioner} report {class kw} {country} | national camera/ANPR programme documents,UK Biometrics and Surveillance Camera Commissioner annual report | Ontario IPC licence plate recognition | OAIC facial recognition determination | NZ Police emergent technology stocktake,Big Brother Watch; BCCLA; Digital Rights Watch; uk_surveillance_camera_commissioner (live),accountability; dossier_documents,jurisdiction-conditional publication (SIG-PUB-017),UK ANPR locations withheld by policy: counts only
I5-T00-C05-GL1,I5,I5a,enumerate,T00,T00;T08,see covers,C05 POLICY-PROGRAM,GL1,36 thin top-100 cities (<=3 I1 sources; ordered by I2 city weight),I1#9,0.8,0.429,0.6,0.609,P2,2,"n/a (enumeration: per-item outcome, negatives recorded)",15,"per city: ""{city} police"" policy manual OR ""general orders"" | ""{city}"" police technology program page",Charlotte-Mecklenburg police directives | Memphis police policy manual | Durham police general orders,,dossier_documents,low,
I5-T00-C03-GL4,I5,I5a,enumerate,T00,T00;T08,see covers,C03 OPEN-DATA,GL4,"localities in tier-A/B gap states not in GL1-GL3 (largest city, capital, largest county first)",I1#5(adjacent),0.8,0.357,0.6,0.587,P2,2,"n/a (enumeration: per-item outcome, negatives recorded)",15,per gap-state locality: open data / GIS {bundle},Burlington VT open data | Manchester NH GIS | Jackson MS open data | Providence open data cameras,"Atlas partition I5 (rows in tier-A/B states, GL1 thin cities, territories; 2,708 links)",dot_511,per channel,
I5-T00-C07-GL4,I5,I5a,enumerate,T00,T00;T08,see covers,C07 AGENDA,GL4,"localities in tier-A/B gap states not in GL1-GL3 (largest city, capital, largest county first)",I1#5(adjacent),0.8,0.357,0.6,0.587,P2,2,"n/a (enumeration: per-item outcome, negatives recorded)",15,per gap-state locality: council agenda {bundle},"Jackson MS city council agenda cameras | Cheyenne council ""license plate""",agenda_tenants.toml,procurement agenda tenants,incidental names,
I5-T08-C03-G0,I5,I5a,sweep,T08,T08,camera-ptz; camera-fixed-cctv (transportation-agency operator),C03 OPEN-DATA,G0,"US national sweep (unanchored, or systematically iterated over all states/places as partition keys)",I1#5(adjacent),0.8,0.357,0.5,0.547,P2,2,2,8,"ArcGIS Hub q={""traffic cameras""|511|""CCTV traffic""} national | state 511 API directory","hub q=""traffic cameras"" state DOT | ""511"" developer API cameras",dot_511_targets.toml (14),dot_511,low,
I5-T00-C03-GL3,I5,I5a,enumerate,T00,T00;T08,see covers,C03 OPEN-DATA,GL3,top-100 county-level entities by Census V2024 minus those consolidated/coterminous with a top-100 city,I1#9(adjacent),0.8,0.214,0.6,0.544,P2,2,"n/a (enumeration: per-item outcome, negatives recorded)",15,"per county: ""{county}"" GIS open data sheriff OR cameras",Harris County GIS cameras | Maricopa County open data sheriff,"Atlas partition I5 (rows in tier-A/B states, GL1 thin cities, territories; 2,708 links)",dot_511,per channel,I1 did not tabulate counties: record coverage per county
I5-T00-C07-GL3,I5,I5a,enumerate,T00,T00;T08,see covers,C07 AGENDA,GL3,top-100 county-level entities by Census V2024 minus those consolidated/coterminous with a top-100 city,I1#9(adjacent),0.8,0.214,0.6,0.544,P2,2,"n/a (enumeration: per-item outcome, negatives recorded)",15,per county: commissioners court OR board of supervisors agenda {bundle},"Harris County Commissioners Court agenda ""license plate"" | Cook County board agenda cameras",agenda_tenants.toml,procurement agenda tenants,incidental names,
I5-T00-C09-GL1,I5,I5a,enumerate,T00,T00;T08,see covers,C09 PROC-LOCAL,GL1,36 thin top-100 cities (<=3 I1 sources; ordered by I2 city weight),I1#9(adjacent),0.8,0.214,0.6,0.544,P2,2,"n/a (enumeration: per-item outcome, negatives recorded)",15,"per city: ""{city}"" procurement portal OR ""contract search"" OR checkbook | ""{city}"" contract {bundle}",Charlotte contract search | Memphis purchasing bids portal | Omaha checkbook vendor payments,procurement_portal_tenants.toml,procurement:procportal_*|opengov|bonfire,low,
I5-T00-C03-GI1,I5,I5b,sweep,T00,ALL (T00-T29),see covers,C03 OPEN-DATA,GI1,"UK, Canada, Australia, New Zealand, Ireland",I1#11,0.7,0.286,0.6,0.536,P2,2,2,8,data.gov.uk / open.canada.ca / data.gov.au / data.govt.nz package_search q={kw} | ArcGIS Hub q={kw} country filter,"open.canada.ca ""surveillance cameras"" | data.gov.uk CCTV locations | data.gov.au ""CCTV""",,new:ckan_package_search; dot_511:arcgis_query,per channel,
I5-T00-C08-GI1,I5,I5b,sweep,T00,ALL (T00-T29),see covers,C08 PROC-VEHICLE,GI1,"UK, Canada, Australia, New Zealand, Ireland",I1#11,0.7,0.286,0.6,0.536,P2,2,2,8,Contracts Finder / Find a Tender OCDS q={vendor|kw} | CanadaBuys | AusTender OCDS | GETS,"Contracts Finder ""ANPR"" | AusTender ""facial recognition"" | CanadaBuys ""licence plate recognition""",,new:ocds,low,
I5-T00-C13-GI1,I5,I5b,sweep,T00,ALL (T00-T29),see covers,C13 RECORDS,GI1,"UK, Canada, Australia, New Zealand, Ireland",I1#12,0.7,0.214,0.6,0.514,P2,2,2,8,WhatDoTheyKnow {kw} police | Canada ATIP summaries {kw} | FYI.org.nz {kw} | Right to Know AU {kw},"WhatDoTheyKnow ""ANPR cameras"" police force | open.canada.ca ATI summaries ""facial recognition""",,records-like (new:alaveteli),FOI responses may name staff: institutional test,
I5-T00-C05-GL4,I5,I5a,enumerate,T00,T00;T08,see covers,C05 POLICY-PROGRAM,GL4,"localities in tier-A/B gap states not in GL1-GL3 (largest city, capital, largest county first)",I1#5(adjacent),0.8,0.357,0.4,0.507,P2,2,"n/a (enumeration: per-item outcome, negatives recorded)",15,per gap-state locality: police policy / program pages,"Portland ME police policy ""license plate""",,dossier_documents,low,
I5-T00-C04-GI2,I5,I5b,sweep,T00,ALL (T00-T29),see covers,C04 STAT-REPORT,GI2,EU/EEA + Switzerland,I1#11,0.6,0.286,0.6,0.506,P2,2,2,8,national camera register OR DPA decision {kw} {country},Datatilsynet kamera | Austrian Videoüberwachung register | CNIL vidéoprotection contrôle | Dutch AP camera,"Statewatch; EDRi; AlgorithmWatch; Technopolice (FR, gated rows)",france_belgium_records; accountability,GDPR/jurisdiction-conditional,"denmark_politi_cctv, austria_vidreg, amsterdam/rotterdam rows are gated - capture new only"
I5-T00-C04-GL1,I5,I5a,enumerate,T00,T00;T08,see covers,C04 STAT-REPORT,GL1,36 thin top-100 cities (<=3 I1 sources; ordered by I2 city weight),I1#9(adjacent),0.8,0.214,0.5,0.504,P2,2,"n/a (enumeration: per-item outcome, negatives recorded)",15,"per city: ""{city}"" auditor OR ""inspector general"" OR ""police commission"" report {bundle}","Omaha city auditor police report | Indianapolis ""police"" audit technology",,dossier_documents,officer names in oversight: institutional test,
I5-T00-C14-GI1,I5,I5b,sweep,T00,ALL (T00-T29),see covers,C14 CIVIL-DATA,GI1,"UK, Canada, Australia, New Zealand, Ireland",I1#11(adjacent),0.7,0.143,0.6,0.493,P3,1,1,3,{NGO} {kw} map OR dataset {country},Big Brother Watch live facial recognition deployments | BCCLA police surveillance,Big Brother Watch; Liberty; BCCLA; Digital Rights Watch,curated,flag,
I5-T00-C03-GI2,I5,I5b,sweep,T00,ALL (T00-T29),see covers,C03 OPEN-DATA,GI2,EU/EEA + Switzerland,I1#11,0.6,0.286,0.5,0.466,P3,1,1,3,"data.europa.eu q={kw} | national portals (GovData.de, data.overheid.nl, datos.gob.es, dati.gov.it) q={kw}","data.europa.eu ""CCTV"" | data.overheid.nl camera | datos.gob.es ""videovigilancia""",,new:ckan|opendatasoft,per channel,
I5-T00-C05-GL3,I5,I5a,enumerate,T00,T00;T08,see covers,C05 POLICY-PROGRAM,GL3,top-100 county-level entities by Census V2024 minus those consolidated/coterminous with a top-100 city,I1#9(adjacent),0.8,0.214,0.4,0.464,P3,1,"n/a (enumeration: per-item outcome, negatives recorded)",6,"per county: ""{county} sheriff"" policy manual",Orange County Sheriff policy manual camera registry,,dossier_documents,low,
I5-T00-C09-GL3,I5,I5a,enumerate,T00,T00;T08,see covers,C09 PROC-LOCAL,GL3,top-100 county-level entities by Census V2024 minus those consolidated/coterminous with a top-100 city,I1#9(adjacent),0.8,0.214,0.4,0.464,P3,1,"n/a (enumeration: per-item outcome, negatives recorded)",6,"per county: ""{county}"" purchasing contract {bundle}","Riverside County purchasing ""license plate"" (media.rivcocob.org seen)",,procurement,low,
I5-T00-C14-GL1,I5,I5a,sweep,T00,T00;T08,see covers,C14 CIVIL-DATA,GL1,36 thin top-100 cities (<=3 I1 sources; ordered by I2 city weight),I1#9(adjacent),0.8,0.214,0.4,0.464,P3,1,1,3,"""{city}"" investigation {bundle} records obtained","""Memphis"" ""SkyCop"" cameras investigation | ""Charlotte"" police surveillance records",,,flag,
I5-T00-C03-GL2,I5,I5a,enumerate,T00,T00;T08,see covers,C03 OPEN-DATA,GL2,64 other top-100 cities (ordered by I2 city weight),I1#9(adjacent),0.5,0.214,0.6,0.454,P3,1,"n/a (enumeration: per-item outcome, negatives recorded)",6,as GL1,Oklahoma City data portal cameras | Gilbert AZ GIS cameras,"Atlas partition I5 (rows in tier-A/B states, GL1 thin cities, territories; 2,708 links)",dot_511,per channel,
I5-T00-C07-GL2,I5,I5a,enumerate,T00,T00;T08,see covers,C07 AGENDA,GL2,64 other top-100 cities (ordered by I2 city weight),I1#9(adjacent),0.5,0.214,0.6,0.454,P3,1,"n/a (enumeration: per-item outcome, negatives recorded)",6,as GL1,Oklahoma City council agenda platform (okc_council unverified),agenda_tenants.toml,procurement agenda tenants,incidental names,
I5-T00-C14-GI3,I5,I5b,sweep,T00,ALL (T00-T29),see covers,C14 CIVIL-DATA,GI3,priority rest of world (BR MX AR CO CL; IN JP KR SG TW PH TH MY ID; ZA IL AE SA KE NG),I1#11(adjacent),0.5,0.143,0.6,0.433,P3,1,1,3,{NGO} surveillance tracker {country},IFF Project Panoptic (IN) | O Panóptico (BR) | Right2Know (ZA) | R3D (MX),IFF; CESeC; Right2Know; R3D; ADC; SMEX,coarse_international; curated,flag,Vumacam (ZA) = PPN analog
I5-T00-C13-GL1,I5,I5a,sweep,T00,T00;T08,see covers,C13 RECORDS,GL1,36 thin top-100 cities (<=3 I1 sources; ordered by I2 city weight),I1#12(adjacent),0.8,0.107,0.4,0.432,P3,1,1,3,"per city: ""{city}"" public records portal (NextRequest/GovQA) {bundle}","nextrequest ""{city}"" ""license plate"" | GovQA ""{city}"" police records",,new:nextrequest|govqa (gated rows),free-text requests: flag,
I5-T00-C08-GI2,I5,I5b,sweep,T00,ALL (T00-T29),see covers,C08 PROC-VEHICLE,GI2,EU/EEA + Switzerland,I1#11,0.6,0.286,0.4,0.426,P3,1,1,3,national procurement portals (TED ingested - skip) {kw},"PLACE (ES) ""videovigilancia"" | BOAMP ""vidéoprotection""","ted_eu (live), decp_fr (live)",procurement:ted_eu,low,
I5-T00-C14-GI2,I5,I5b,sweep,T00,ALL (T00-T29),see covers,C14 CIVIL-DATA,GI2,EU/EEA + Switzerland,I1#11(adjacent),0.6,0.143,0.5,0.423,P3,1,1,3,{NGO} {kw} map {country},AlgorithmWatch biometric | Technopolice carte,Statewatch; EDRi; AlgorithmWatch,curated,flag,
I5-T00-C09-GT,I5,I5a,sweep,T00,ALL (T00-T29),see covers,C09 PROC-LOCAL,GT,US territories (PR GU VI AS MP) and tribal nations,I1#14,0.8,0.071,0.4,0.421,P3,1,1,3,"""Puerto Rico"" OR Guam OR ""Virgin Islands"" police contract {bundle} | tribal police {bundle} contract","Negociado de la Policía de Puerto Rico contrato cámaras | Guam police cameras contract | tribal police ""license plate reader""","Atlas partition I5 (rows in tier-A/B states, GL1 thin cities, territories; 2,708 links)",procurement,low,
I5-T00-C11-GT,I5,I5a,sweep,T00,ALL (T00-T29),see covers,C11 LEG,GT,US territories (PR GU VI AS MP) and tribal nations,I1#14,0.8,0.071,0.4,0.421,P3,1,1,3,territorial legislature {bundle} bill | tribal code surveillance,Puerto Rico ley lectores de tablillas | Guam legislature cameras bill,,,low,
I5-T00-C16-GT,I5,I5a,sweep,T00,ALL (T00-T29),see covers,C16 FED-REG,GT,US territories (PR GU VI AS MP) and tribal nations,I1#14,0.8,0.071,0.4,0.421,P3,1,1,3,BIA Office of Justice Services tribal law enforcement {bundle} | tribal COPS/TTP grants,BIA OJS tribal police list | DOJ CTAS awards tribal cameras,BIA tribal leaders directory; DOJ CTAS,new:ojp_awards,tribal sovereignty: publication care,
I5-T00-C07-GI1,I5,I5b,sweep,T00,ALL (T00-T29),see covers,C07 AGENDA,GI1,"UK, Canada, Australia, New Zealand, Ireland",I1#11(adjacent),0.7,0.143,0.4,0.413,P3,1,1,3,ModernGov council minutes {kw} | eScribe (CA) {kw},"""mgCommitteeDetails"" CCTV ANPR council | eScribe Canada ""licence plate""",,procurement:escribe; new:moderngov,incidental names,
I5-T00-C03-GT,I5,I5a,sweep,T00,ALL (T00-T29),see covers,C03 OPEN-DATA,GT,US territories (PR GU VI AS MP) and tribal nations,I1#14(adjacent),0.8,0.036,0.4,0.411,P3,1,1,3,territory open data {bundle},datos.pr.gov cámaras,,new:ckan|socrata,low,
I5-T00-C13-GI2,I5,I5b,sweep,T00,ALL (T00-T29),see covers,C13 RECORDS,GI2,EU/EEA + Switzerland,I1#12,0.6,0.214,0.4,0.404,P3,1,1,3,FragDenStaat / AskTheEU / Madada {kw},FragDenStaat Kennzeichenerfassung | AskTheEU facial recognition,madada (live),records-like,flag,
I5-T00-C08-GI3,I5,I5b,sweep,T00,ALL (T00-T29),see covers,C08 PROC-VEHICLE,GI3,priority rest of world (BR MX AR CO CL; IN JP KR SG TW PH TH MY ID; ZA IL AE SA KE NG),I1#11,0.5,0.286,0.4,0.396,P3,1,1,3,{country} procurement portal (OCDS where available) {kw},"Colombia SECOP (Socrata) ""cámaras"" | Chile Mercado Público ""reconocimiento facial"" | Brazil PNCP ""reconhecimento facial""",,new:ocds; dot_511:socrata_rows (SECOP),low,
I5-T00-C04-GL2,I5,I5a,enumerate,T00,T00;T08,see covers,C04 STAT-REPORT,GL2,64 other top-100 cities (ordered by I2 city weight),I1#9(adjacent),0.5,0.214,0.4,0.374,P3,1,"n/a (enumeration: per-item outcome, negatives recorded)",6,as GL1,Columbus city auditor police technology,,dossier_documents,low,
I5-T00-C05-GL2,I5,I5a,enumerate,T00,T00;T08,see covers,C05 POLICY-PROGRAM,GL2,64 other top-100 cities (ordered by I2 city weight),I1#9(adjacent),0.5,0.214,0.4,0.374,P3,1,"n/a (enumeration: per-item outcome, negatives recorded)",6,as GL1,Raleigh police directives,,dossier_documents,low,
I5-T00-C09-GL2,I5,I5a,enumerate,T00,T00;T08,see covers,C09 PROC-LOCAL,GL2,64 other top-100 cities (ordered by I2 city weight),I1#9(adjacent),0.5,0.214,0.4,0.374,P3,1,"n/a (enumeration: per-item outcome, negatives recorded)",6,as GL1,Fort Wayne procurement portal,,procurement,low,
I5-T00-C15-GI1,I5,I5b,sweep,T00,ALL (T00-T29),see covers,C15 CROWD,GI1,"UK, Canada, Australia, New Zealand, Ireland",I1#11(adjacent),0.7,0.143,0.3,0.373,P3,1,1,3,OSM national surveillance maps {country},OSM man_made=surveillance UK extract,,osm,rf/residential,
I5-T00-C14-GT,I5,I5a,sweep,T00,ALL (T00-T29),see covers,C14 CIVIL-DATA,GT,US territories (PR GU VI AS MP) and tribal nations,I1#14(adjacent),0.8,0.036,0.3,0.371,P3,1,1,3,{territory|tribe} police surveillance investigation,"""Puerto Rico"" ""reconocimiento facial"" policía",,,flag,
I5-CRES-CRES-GD,I5,I5a,residual,CRES,T00;T08,see covers,CRES residual (all channels not listed for this group),GD,US state-anchored data channels (51; ordered by I2 state gap weight),-,0.8,0.0,0.3,0.36,P3,1,1,3,state-anchored multi-class probe in unlisted channels,"""{state}"" ""surveillance technology"" state police program",,,,
I5-CRES-CRES-GL1,I5,I5a,residual,CRES,T00;T08,see covers,CRES residual (all channels not listed for this group),GL1,36 thin top-100 cities (<=3 I1 sources; ordered by I2 city weight),-,0.8,0.0,0.3,0.36,P3,1,1,3,thin-city probe in unlisted channels,"""{city}"" Flock OR Fusus OR ShotSpotter (bundle)",,,,
I5-CRES-CRES-GL3,I5,I5a,residual,CRES,T00;T08,see covers,CRES residual (all channels not listed for this group),GL3,top-100 county-level entities by Census V2024 minus those consolidated/coterminous with a top-100 city,-,0.8,0.0,0.3,0.36,P3,1,1,3,county probe in unlisted channels,,,,,
I5-CRES-CRES-GL4,I5,I5a,residual,CRES,T00;T08,see covers,CRES residual (all channels not listed for this group),GL4,"localities in tier-A/B gap states not in GL1-GL3 (largest city, capital, largest county first)",-,0.8,0.0,0.3,0.36,P3,1,1,3,gap-locality probe in unlisted channels,,,,,
I5-CRES-CRES-GT,I5,I5a,residual,CRES,ALL (T00-T29),see covers,CRES residual (all channels not listed for this group),GT,US territories (PR GU VI AS MP) and tribal nations,-,0.8,0.0,0.3,0.36,P3,1,1,3,territory/tribal probe in unlisted channels,,,,,
I5-T00-C04-GI3,I5,I5b,sweep,T00,ALL (T00-T29),see covers,C04 STAT-REPORT,GI3,priority rest of world (BR MX AR CO CL; IN JP KR SG TW PH TH MY ID; ZA IL AE SA KE NG),I1#11,0.5,0.286,0.3,0.356,P3,1,1,3,{country} regulator OR court surveillance {kw},Brazil ANPD reconhecimento facial | South Africa Information Regulator Vumacam,,,jurisdiction-conditional,
I5-CRES-CRES-GI1,I5,I5b,residual,CRES,ALL (T00-T29),see covers,CRES residual (all channels not listed for this group),GI1,"UK, Canada, Australia, New Zealand, Ireland",-,0.7,0.0,0.3,0.33,P3,1,1,3,GI1 probe in unlisted channels,,,,,
I5-CRES-CRES-GI2,I5,I5b,residual,CRES,ALL (T00-T29),see covers,CRES residual (all channels not listed for this group),GI2,EU/EEA + Switzerland,-,0.6,0.0,0.3,0.3,P3,1,1,3,GI2 probe in unlisted channels,,,,,
I5-CRES-CRES-GI3,I5,I5b,residual,CRES,ALL (T00-T29),see covers,CRES residual (all channels not listed for this group),GI3,priority rest of world (BR MX AR CO CL; IN JP KR SG TW PH TH MY ID; ZA IL AE SA KE NG),-,0.5,0.0,0.3,0.27,P3,1,1,3,GI3 probe in unlisted channels,,,,,
I5-CRES-CRES-GL2,I5,I5a,residual,CRES,T00;T08,see covers,CRES residual (all channels not listed for this group),GL2,64 other top-100 cities (ordered by I2 city weight),-,0.5,0.0,0.3,0.27,P3,1,1,3,top-city probe in unlisted channels,,,,,
I5-CRES-CRES-GIW,I5,I5b,container,CRES,ALL (T00-T29),see covers,CRES residual (all channels not listed for this group),GIW,other countries and global-unanchored queries (container),-,0.3,0.0,0.3,0.21,P3,1,n/a,3,container: other countries / global-unanchored queries,"""facial recognition"" deployments worldwide dataset","carnegie_ai_gsi, facial_recognition_world_map (live)",coarse_international,,Country-level stays coarse (SIG-INGEST-042)
I5-CRES-CRES-GL5,I5,I5a,container,CRES,T00;T08,see covers,CRES residual (all channels not listed for this group),GL5,all other US localities (container only),-,0.3,0.0,0.2,0.17,P3,0,n/a,3,container for issued place-anchored multi-class queries on other US localities (rare),,,,,"Follow-up fetches are logged under the originating cell, not here"
I6-T00-C06-GP,I6,I6a,enumerate,T00,ALL (T00-T29),see covers,C06 CCOPS,GP,any CCOPS jurisdiction (place-anchored CCOPS retrieval),I1#4,0.6,0.786,1.0,0.816,P1,4,"n/a (enumeration: per-item outcome, negatives recorded)",25,"per CCOPS jurisdiction: ""{city}"" ""annual surveillance report"" OR ""surveillance impact report"" OR ""use policy""",Berkeley annual surveillance report | Boston annual surveillance report 2024 | Davis surveillance report | Grand Rapids surveillance | Nashville surveillance technology,registry ccops_* rows (12) for dedupe,government_mandated_disclosure,annexes may name officers: institutional test,Place-anchored but I6-owned: C06 is I6's in every geography
I6-T00-C08-G0,I6,I6a,sweep,T00,T00;T01;T02;T03;T04;T05;T06;T07;T09;T10;T11;T12;T13;T14;T15;T16;T17;T18;T19;T20;T21;T22;T23;T24;T25;T26;T27;T28;T29,see covers,C08 PROC-VEHICLE,G0,"US national sweep (unanchored, or systematically iterated over all states/places as partition keys)",I1#6,0.6,0.643,1.0,0.773,P1,4,3,15,"site:{sourcewell-mn.gov|naspovaluepoint.org|gsaelibrary.gsa.gov|hgacbuy.org|omniapartners.com|buyboard.com|tips-usa.com|equalisgroup.org} {vendor|kw} | ""{vendor}"" ""cooperative contract"" | Pavilion OR CivicIQ ""{vendor}""","site:sourcewell-mn.gov ""SoundThinking"" (030425-SND) | ""Flock Group"" ""S.A.V.E."" T21-119-01 (Tempe) | site:hgacbuy.org ""Axon"" | GSA eLibrary ""Motorola Solutions"" video",Pavilion; CivicIQ (aggregators - terms check),new:coop_contract_docs; procurement:sam_gov,low,All vendors (no class holds a dedicated C08 cell). Back-chain: master contract id -> local orders (I3/I4 C09 carry ids)
I6-T00-C06-G0,I6,I6a,sweep,T00,ALL (T00-T29),see covers,C06 CCOPS,G0,"US national sweep (unanchored, or systematically iterated over all states/places as partition keys)",I1#4,0.6,0.786,0.8,0.736,P1,4,3,15,"ACLU CCOPS map list | ""surveillance technology ordinance"" adopted city | ""{city}"" ""surveillance ordinance"" (to enumerate)","aclu.org community control over police surveillance map | ""surveillance technology"" ordinance adopted 2025 city",ACLU affiliates' CCOPS trackers; Oakland Privacy,government_mandated_disclosure,usage counts aggregated; some annexes carry names,Build the jurisdiction list from primary ordinance pages (the national list is an image; calibration: '24 cities' per a 2024 article - unverified)
I6-T00-C11-GS,I6,I6a,enumerate,T00,T00;T05;T06;T07;T09;T10;T11;T12;T13;T14;T15;T16;T17;T18;T19;T20;T21;T22;T23;T24;T25;T26;T27;T28;T29,see covers,C11 LEG,GS,US state sweep (51 jurisdictions) in state-level legal/reporting/funding/contract channels,I1#4,0.6,0.786,0.8,0.736,P1,4,"n/a (enumeration: per-item outcome, negatives recorded)",25,"inventory-first (NAMSDL, NCSL, EPIC, IAPP trackers) -> per state {class kw} statutes (non-ALPR classes)","NAMSDL facial recognition state laws | NCSL drones state law | state ""cell site simulator"" warrant statute | state automated speed enforcement authorization",NAMSDL; NCSL; EPIC; IAPP,accountability:openstates; state_statute_seed pattern,low,Covers FRT/UAS/CSS/ATE/SCH/... statutes (ALPR is I3)
I6-T00-C04-G0,I6,I6b,sweep,T00,T00,see covers,C04 STAT-REPORT,G0,"US national sweep (unanchored, or systematically iterated over all states/places as partition keys)",I1#4,0.6,0.786,0.6,0.656,P2,2,2,8,"""state auditor"" OR ""inspector general"" OR ""legislative audit"" surveillance technology report","""legislative audit"" ""surveillance technology"" police | ""inspector general"" ""surveillance"" review city",,dossier_documents,institutional test,Multi-class oversight only
I6-T00-C04-GS,I6,I6b,enumerate,T00,T00,see covers,C04 STAT-REPORT,GS,US state sweep (51 jurisdictions) in state-level legal/reporting/funding/contract channels,I1#4,0.6,0.786,0.6,0.656,P2,2,"n/a (enumeration: per-item outcome, negatives recorded)",15,per state: mandated-reports library / legislative reference library search mechanism,lrl.mn.gov mandated reports database | Virginia RD reports (rga.lis.virginia.gov) | Washington legislature agency reports,,,,Identifies each state's report-deposit channel (useful to I3/I4 GS cells later)
I6-T00-C13-G0,I6,I6b,sweep,T00,T00;T01;T02;T04;T05;T06;T07;T09;T10;T11;T12;T13;T14;T15;T16;T18;T21;T22;T23;T24;T25;T26;T27;T28;T29,see covers,C13 RECORDS,G0,"US national sweep (unanchored, or systematically iterated over all states/places as partition keys)",I1#12,0.6,0.214,1.0,0.644,P2,2,2,8,"MuckRock search {kw} | DocumentCloud search ""{kw}"" | site:nextrequest.com {kw} | GovQA portals {kw} | federal FOIA reading rooms {kw}","muckrock.com search ""surveillance technology"" | DocumentCloud ""surveillance"" ""contract"" police | site:nextrequest.com ""license plate reader"" contract (ALPR sharing/audit records are I3-T03-C13)","Atlas records-corpora partition (documentcloud.org, muckrock.com incl. archive-wrapped; 4,971 links); MuckRock projects; DocumentCloud",records:muckrock|documentcloud; new:nextrequest|govqa,"released files: free text, names, raw logs: flag/BLOCK",MuckRock returned WAF-403 to the hosted connector (I1): record access mode honestly
I6-T00-C07-G0,I6,I6b,sweep,T00,T00,see covers,C07 AGENDA,G0,"US national sweep (unanchored, or systematically iterated over all states/places as partition keys)",I1#6,0.6,0.643,0.6,0.613,P2,2,2,8,platform tenant-enumeration methods {platform} | {platform} API public,BoardDocs public API | Granicus IQM2 public agendas | CivicPlus AgendaCenter pattern | Municode Meetings,agenda_tenants.toml (793),procurement:*; new:boarddocs|granicus|civicplus|novusagenda|iqm2,incidental names,"Platform-level (municipality->platform directory, SIG-INGEST-026)"
I6-T00-C08-GS,I6,I6a,enumerate,T00,T00;T01;T02;T03;T04;T05;T06;T07;T09;T10;T11;T12;T13;T14;T15;T16;T17;T18;T19;T20;T21;T22;T23;T24;T25;T26;T27;T28;T29,see covers,C08 PROC-VEHICLE,GS,US state sweep (51 jurisdictions) in state-level legal/reporting/funding/contract channels,I1#6,0.6,0.643,0.6,0.613,P2,2,"n/a (enumeration: per-item outcome, negatives recorded)",15,"per state: ""{state}"" statewide contract {vendor|kw} | ""{state}"" transparency checkbook vendor payments","Oklahoma OMES statewide contracts (SRC-006) | Texas SmartBuy / DIR contracts Flock | Georgia Open checkbook ""Flock""",,new:state_contract_register,low,
I6-T00-C09-G0,I6,I6b,sweep,T00,T00,see covers,C09 PROC-LOCAL,G0,"US national sweep (unanchored, or systematically iterated over all states/places as partition keys)",I1#6,0.6,0.643,0.6,0.613,P2,2,2,8,procurement/checkbook platform public search {platform} {kw},"OpenGov procurement public ""surveillance"" | Bonfire public opportunities cameras | ClearGov / OpenGov transparency checkbook",procurement_portal_tenants.toml,procurement:opengov|bonfire|bidnet|planetbids,low,Platform-level
I6-T00-C10-G0,I6,I6a,sweep,T00,T00;T01;T02;T03;T04;T05;T06;T07;T09;T10;T11;T12;T13;T14;T15;T16;T17;T18;T19;T20;T21;T22;T24;T25;T26;T27;T28;T29,see covers,C10 GRANT,G0,"US national sweep (unanchored, or systematically iterated over all states/places as partition keys)",I1#6(adjacent),0.6,0.321,0.8,0.596,P2,2,2,8,OJP award search {kw} | site:cops.usdoj.gov {kw} award | FEMA HSGP/UASI/OPSG investment {kw} | Treasury SLFRF project data {kw},"OJP awards ""license plate reader"" | COPS ""technology"" awards 2024 | Treasury SLFRF ""ShotSpotter"" | FEMA ""Operation Stonegarden"" ""license plate""","SRC-022 (COPS, queue); fema_hsgp_allocations (live); USAspending sub-awards (live)",new:ojp_awards; new:slfrf; usaspending,low,Excludes BWC-specific programs (I4 T23-C10)
I6-T00-C11-G0,I6,I6a,sweep,T00,T00;T01;T02;T03;T04;T05;T06;T07;T09;T10;T11;T12;T13;T14;T15;T16;T17;T18;T19;T20;T21;T22;T23;T24;T25;T26;T27;T28;T29,see covers,C11 LEG,G0,"US national sweep (unanchored, or systematically iterated over all states/places as partition keys)",I1#4,0.6,0.786,0.3,0.536,P2,2,2,8,Federal Register {kw} notice | congress.gov (ingested - skip),"federalregister.gov ""facial recognition"" law enforcement",congress_gov (live),accountability:congress_gov,low,
I6-T00-C10-GS,I6,I6a,enumerate,T00,T00;T01;T02;T03;T04;T05;T06;T07;T09;T10;T11;T12;T13;T14;T15;T16;T17;T18;T19;T20;T21;T22;T23;T24;T25;T26;T27;T28;T29,see covers,C10 GRANT,GS,US state sweep (51 jurisdictions) in state-level legal/reporting/funding/contract channels,I1#6(adjacent),0.6,0.321,0.6,0.516,P2,2,"n/a (enumeration: per-item outcome, negatives recorded)",15,"per state: ""{state}"" homeland security grant subrecipients | state crime-reduction OR ""auto theft"" grant {kw}","California BSCC ""Organized Retail Theft"" grant license plate readers | Virginia auto theft prevention grant LPR | Texas CJD grant cameras",Cardinal News VA auto-theft grants (calibration),new:state_grant_lists,low,
I6-T00-C14-G0,I6,I6b,sweep,T00,T00;T02;T03;T04;T05;T06;T07;T09;T10;T12;T15;T16;T17;T18;T23;T24;T26;T27;T29,see covers,C14 CIVIL-DATA,G0,"US national sweep (unanchored, or systematically iterated over all states/places as partition keys)",-,0.6,0.0,0.8,0.5,P2,2,2,8,{NGO|outlet|repository} surveillance dataset | github {kw} dataset police | dataverse OR zenodo {kw},EFF Street-Level Surveillance | Lucy Parsons Labs data | S.T.O.P. NYPD | Oakland Privacy | Surveillance Watch (surveillancewatch.io) | NYU Policing Project,"EFF SLS; EPIC; LPL; S.T.O.P.; Oakland Privacy; ACLU affiliates; Surveillance Watch; NYU Policing Project; Atlas records-corpora partition (documentcloud.org, muckrock.com incl. archive-wrapped; 4,971 links)",curated_index; atlas; pathways,flag,Multi-class datasets + classes without a dedicated C14 cell
I6-T00-C16-G0,I6,I6b,sweep,T00,T00,see covers,C16 FED-REG,G0,"US national sweep (unanchored, or systematically iterated over all states/places as partition keys)",-,0.6,0.0,0.8,0.5,P2,2,2,8,federal AI use case inventory {kw} | BJS LEMAS technology | DLA LESO 1033 | DHS PIA index | SORN {kw},ai.gov federal AI use case inventory law enforcement | BJS LEMAS 2020 technology | DLA LESO property allotted (SRC-024),SRC-024,new:ai_inventory; new:lemas,microdata: agency-level only,ICPSR downloads need an account = operator action
I6-T00-C12-G0,I6,I6b,sweep,T00,T00;T02;T03;T04;T05;T06;T07;T09;T10;T11;T12;T13;T14;T15;T16;T17;T18;T19;T20;T21;T22;T23;T24;T25;T26;T27;T28;T29,see covers,C12 COURT,G0,"US national sweep (unanchored, or systematically iterated over all states/places as partition keys)",I1#12,0.6,0.214,0.3,0.364,P3,1,1,3,CourtListener search {kw} (opinions) | RECAP {vendor},"CourtListener ""ShotSpotter"" | RECAP ""Clearview AI""",courtlistener_recap (gated),accountability:courtlistener_recap,party names: metadata only,
I6-T00-C12-GS,I6,I6b,enumerate,T00,T00;T01;T02;T03;T04;T05;T06;T07;T09;T10;T11;T12;T13;T14;T15;T16;T17;T18;T19;T20;T21;T22;T23;T24;T25;T26;T27;T28;T29,see covers,C12 COURT,GS,US state sweep (51 jurisdictions) in state-level legal/reporting/funding/contract channels,I1#12,0.6,0.214,0.3,0.364,P3,1,"n/a (enumeration: per-item outcome, negatives recorded)",6,per state: appellate opinions {kw},"""cell site simulator"" state supreme court opinion",,,party names,
I6-T00-C03-G0,I6,I6b,sweep,T00,T00,see covers,C03 OPEN-DATA,G0,"US national sweep (unanchored, or systematically iterated over all states/places as partition keys)",-,0.6,0.0,0.3,0.3,P3,1,1,3,"""surveillance technology"" inventory dataset | catalog.data.gov {bundle}","Socrata q=""surveillance technology"" | catalog.data.gov ""surveillance""",,new:ckan,,
I6-T00-C05-G0,I6,I6b,sweep,T00,T00,see covers,C05 POLICY-PROGRAM,G0,"US national sweep (unanchored, or systematically iterated over all states/places as partition keys)",-,0.6,0.0,0.3,0.3,P3,1,1,3,PowerDMS public portal | Lexipol public policy manual | POST model policy {kw},"""PowerDMS"" public ""policy manual"" police | POST model policy surveillance",powerdms_public_portals (gated),dossier_documents,low,
I6-T00-C05-GS,I6,I6b,enumerate,T00,T00,see covers,C05 POLICY-PROGRAM,GS,US state sweep (51 jurisdictions) in state-level legal/reporting/funding/contract channels,-,0.6,0.0,0.3,0.3,P3,1,"n/a (enumeration: per-item outcome, negatives recorded)",6,per state: statutes requiring agencies to post surveillance policies (multi-class),"state law ""post"" ""policy"" ""surveillance technology"" website",,,,
I6-T00-C01-G0,I6,I6b,residual,T00,T00,see covers,C01 VEND-PORTAL,G0,"US national sweep (unanchored, or systematically iterated over all states/places as partition keys)",-,0.6,0.0,0.2,0.26,P3,1,1,3,multi-vendor customer maps,,,,,
I6-T00-C02-G0,I6,I6b,residual,T00,T00,see covers,C02 VEND-DISC,G0,"US national sweep (unanchored, or systematically iterated over all states/places as partition keys)",-,0.6,0.0,0.2,0.26,P3,1,1,3,EDGAR FTS multi-vendor | industry reports naming agencies,,,new:sec_edgar_fts,,
I6-T00-C15-G0,I6,I6b,residual,T00,T00,see covers,C15 CROWD,G0,"US national sweep (unanchored, or systematically iterated over all states/places as partition keys)",-,0.6,0.0,0.2,0.26,P3,1,1,3,multi-class crowdsourced maps,OSM man_made=surveillance US,,osm,,
