source_id,name,status,technology_classes,geographies,publisher_type,licence,ingestion_permitted,hosted_claims_evidence,cadence,notes
osm_surveillance_tagging,OSM surveillance tagging (Tag:man_made=surveillance),permitted-not-ingested,other,INTL,crowdsourced,ODbL-1.0,true,none found,none,tag vocabulary / statistics substrate | live_disposition=reference | kind=upstream_project; custody=REFERENCE; compact=public_terms_only
osm_copyright,OSM copyright / licence,permitted-not-ingested,other,INTL,crowdsourced,ODbL-1.0,true,none found,none,licence/policy reference | live_disposition=reference | kind=upstream_project; custody=REFERENCE; compact=public_terms_only
osmf_licence_guidelines,OSMF Licence Community Guidelines,permitted-not-ingested,other,INTL,crowdsourced,ODbL-1.0,true,none found,none,licence/policy reference | live_disposition=reference | kind=upstream_project; custody=REFERENCE; compact=public_terms_only
osm_taginfo,OSM taginfo API,permitted-not-ingested,other,INTL,crowdsourced,ODbL-1.0,true,none found,none,tag vocabulary / statistics substrate | live_disposition=reference | kind=upstream_project; custody=REFERENCE; compact=public_terms_only
osm_overpass,OSM Overpass API,ingested-live,fixed ALPR;CCTV registries,US-OK:Oklahoma City (bbox),crowdsourced,ODbL-1.0,true,"GCS ops/runs: 2 run(s), claims_added Σ10,352 (max 5,214), last 2026-09-28T04:12Z; public evidence.json artifacts: 1",weekly (sig-ingest-osm-overpass),"origin OSM, bounded to the OKC metro bbox | connector=osm | kind=upstream_project; custody=REFERENCE; compact=public_terms_only"
osm_replication,OSM replication diffs,permitted-not-ingested,fixed ALPR;CCTV registries,INTL,crowdsourced,ODbL-1.0,true,none found,none,live_disposition=reference | kind=upstream_project; custody=REFERENCE; compact=public_terms_only
osm_element_history,OSM element history,ingested-live,fixed ALPR;CCTV registries,INTL,crowdsourced,ODbL-1.0,true,1 first_observed claim committed (docs/build/runs/P25.3.md:17-20),monthly (sig-ingest-osm-element-history),connector=osm | kind=upstream_project; custody=REFERENCE; compact=public_terms_only
osm_automated_edits_coc,OSM Automated Edits code of conduct,permitted-not-ingested,other,INTL,crowdsourced,ODbL-1.0,true,none found,none,licence/policy reference | live_disposition=reference | kind=upstream_project; custody=REFERENCE; compact=public_terms_only
deflock,DeFlock,gated,fixed ALPR,US; INTL,crowdsourced,UNDETERMINED (no [rights] block),false,public evidence.json artifacts: 1,none,live_disposition=reference | kind=upstream_project; custody=REFERENCE; compact=not_contacted
deflock_repo,DeFlock — canonical repo (FoggedLens/deflock),permitted-not-ingested,fixed ALPR,US; INTL,crowdsourced,MIT,true,none found,none,live_disposition=reference | kind=upstream_project; custody=REFERENCE; compact=public_terms_only
deflock_app_repo,DeFlock — app repo (FoggedLens/deflock-app),permitted-not-ingested,fixed ALPR,US; INTL,crowdsourced,AGPL-3.0,true,none found,none,live_disposition=reference | kind=upstream_project; custody=REFERENCE; compact=public_terms_only
flockhopper3_deflock_data,flockhopper3/deflock-data (NOT DeFlock),refused,fixed ALPR,US; INTL,crowdsourced,UNDETERMINED (no [rights] block),false,none found,none,live_disposition=link_only | refused: not DeFlock's data — do not treat as DeFlock (OL-21-04) | kind=upstream_project; custody=LINK; compact=not_contacted
surveillance_under_surveillance,Surveillance under Surveillance,gated,CCTV registries,INTL,crowdsourced,UNDETERMINED (no [rights] block),false,none found,none,live_disposition=reference | kind=community; custody=REFERENCE; compact=not_contacted
panopticity,PanoptiCity,gated,CCTV registries,FR,crowdsourced,UNDETERMINED (no [rights] block),false,none found,none,live_disposition=link_only | kind=community; custody=LINK; compact=not_contacted
drivers_against_flock,Drivers Against Flock,gated,fixed ALPR,US,ngo,UNDETERMINED (no [rights] block),false,none found,none,live_disposition=link_only | kind=community; custody=LINK; compact=not_contacted
flock_transparency_portals,Flock transparency portals,refused,fixed ALPR;ALPR sharing network,US,vendor-portal,UNDETERMINED (no [rights] block),false,none found,none,origin of the Eyes on Flock mirror | live_disposition=link_only | refused: no lawful automated access (403 on all paths; ToS forbids bulk extraction) | kind=vendor_site; custody=LINK; compact=public_terms_only
flock_api_terms,Flock API & Integration Terms,gated,fixed ALPR,US,vendor-portal,UNDETERMINED (no [rights] block),false,none found,none,terms of service only | live_disposition=reference | kind=vendor_site; custody=REFERENCE; compact=public_terms_only
eyes_on_flock,Eyes on Flock,ingested-live,fixed ALPR;ALPR sharing network,"US (1,528 agency portals in 45 states; none in AK, DC, HI, MT, NH, VT)",ngo,CC-BY-SA-4.0,true,"GCS ops/runs: 4 run(s), claims_added Σ47,738 (max 11,976), last 2026-09-27T05:01Z; public evidence.json artifacts: 1",weekly (sig-ingest-eyes-on-flock),"community aggregator; lineage mirror-of:flock_transparency_portals (vendor-portal) | connector=flock_portal | I1 NEW-6: 1,528 portals vs upstream estimate 6,634 networks; portal entities carry no location (NEW-4) | kind=upstream_project; custody=MIRROR; compact=public_terms_only"
eyes_on_flock_description,Eyes on Flock description (Reddit),gated,ALPR sharing network,US,other,UNDETERMINED (no [rights] block),false,none found,none,reddit post | live_disposition=link_only | kind=news_publisher; custody=LINK; compact=public_terms_only
axon_community_connect,Axon Community Connect,gated,private camera registry;RTCC/camera integration,US (321 communities),vendor-portal,UNDETERMINED (no [rights] block),false,none found,none,Axon/Fusus private-camera federation listing | live_disposition=reference | 321 communities enumerated (R7-F7.15) but never ingested | kind=vendor_site; custody=REFERENCE; compact=public_terms_only
footnote4a,Footnote4a,gated,fixed ALPR;ALPR sharing network,US,ngo,UNDETERMINED (no [rights] block),false,none found,none,live_disposition=link_only | kind=community; custody=LINK; compact=not_contacted
ca_sharing_visualization,CA sharing visualization (Reddit),gated,ALPR sharing network,US,other,UNDETERMINED (no [rights] block),false,none found,none,reddit post | live_disposition=link_only | kind=news_publisher; custody=LINK; compact=public_terms_only
have_i_been_flocked,Have I Been Flocked,gated,fixed ALPR;ALPR sharing network,US,ngo,UNDETERMINED (no [rights] block),false,none found,none,audit-log focus (Part VIII flag) | live_disposition=reference | kind=upstream_project; custody=REFERENCE; compact=not_contacted
hibf_methodology,HIBF methodology hub,gated,fixed ALPR;ALPR sharing network,US,ngo,UNDETERMINED (no [rights] block),false,none found,none,audit-log focus (Part VIII flag) | live_disposition=reference | kind=upstream_project; custody=REFERENCE; compact=not_contacted
hibf_audit_log_guide,HIBF audit-log guide,gated,fixed ALPR;ALPR sharing network,US,ngo,UNDETERMINED (no [rights] block),false,none found,none,audit-log focus (Part VIII flag) | live_disposition=reference | kind=upstream_project; custody=REFERENCE; compact=not_contacted
agency_audit_export,Agency Flock audit export (public record),permitted-not-ingested,fixed ALPR;ALPR sharing network,US,records-release,CC0-1.0,true,none found,none,"records-request audit CSVs, aggregates only | live_disposition=mirror | homepage_url is a placeholder (eleutheria.example); no hosted evidence | kind=records_channel; custody=MIRROR; compact=public_terms_only"
alpr_watch,ALPR Watch,gated,fixed ALPR;ALPR sharing network,US,ngo,UNDETERMINED (no [rights] block),false,none found,none,live_disposition=reference | kind=upstream_project; custody=REFERENCE; compact=not_contacted
alpr_watch_foia_method,ALPR Watch Flock FOIA method,gated,fixed ALPR;ALPR sharing network,US,ngo,UNDETERMINED (no [rights] block),false,none found,none,live_disposition=reference | kind=upstream_project; custody=REFERENCE; compact=not_contacted
alpr_watch_code,ALPR Watch code (GitLab),gated,fixed ALPR;ALPR sharing network,US,ngo,UNDETERMINED (no [rights] block),false,none found,none,live_disposition=reference | kind=upstream_project; custody=REFERENCE; compact=not_contacted
alpr_watch_dashboard,ALPR Watch FOIA dashboard (Superset),gated,fixed ALPR;ALPR sharing network,US,ngo,UNDETERMINED (no [rights] block),false,none found,none,live_disposition=reference | kind=upstream_project; custody=REFERENCE; compact=not_contacted
flock_ajith_fyi,flock.ajith.fyi,refused,ALPR sharing network,US,crowdsourced,UNDETERMINED (no [rights] block),false,none found,none,DO NOT INGEST (raw operator identifiers) | live_disposition=link_only | refused: DO NOT INGEST — publishes raw operator identifiers (SIG-INGEST-048) | kind=community; custody=LINK; compact=not_contacted
monahan_grounding_the_flock,"Monahan, ""Grounding the Flock"" (2026)",gated,fixed ALPR,US,academic,UNDETERMINED (no [rights] block),false,none found,none,live_disposition=link_only | kind=academic; custody=LINK; compact=public_terms_only
eff_atlas_of_surveillance,EFF Atlas of Surveillance,ingested-live,body-worn/evidence platform;fixed ALPR;drones/DFR;data broker;face recognition;private camera registry;gunshot detection;RTCC/camera integration;other;video analytics;cell-site simulator;fusion center,US (50 states + DC + PR/VI/GU),ngo,CC-BY-4.0,true,"public evidence.json artifacts: 1; 15,187 claims committed to the hosted spine 2026-09-15 (docs/build/runs/P25.3.md:15,27); scheduler sig-sched-eff-atlas never attempted (gcloud scheduler list 2026-09-30T16:51Z)",monthly (sig-ingest-eff-atlas),"15,135 rows in the 2026-09-30 upstream CSV | connector=atlas | Vendor/City/State kept as raw context only (I1 NEW-7, NEW-4); loaded once 2026-09-15 | kind=upstream_project; custody=MIRROR; compact=public_terms_only"
atlas_methodology,Atlas methodology,gated,other,US,ngo,UNDETERMINED (no [rights] block),false,none found,none,live_disposition=reference | kind=upstream_project; custody=REFERENCE; compact=public_terms_only
atlas_about,Atlas about / scope boundary,gated,other,US,ngo,UNDETERMINED (no [rights] block),false,none found,none,live_disposition=reference | kind=upstream_project; custody=REFERENCE; compact=public_terms_only
atlas_data_library,Atlas Data Library,gated,other,US,ngo,UNDETERMINED (no [rights] block),false,none found,none,live_disposition=link_only | kind=upstream_project; custody=LINK; compact=public_terms_only
eff_copyright,EFF copyright,gated,other,US,ngo,UNDETERMINED (no [rights] block),false,none found,none,live_disposition=reference | kind=upstream_project; custody=REFERENCE; compact=public_terms_only
eff_street_level_surveillance,EFF Street-Level Surveillance,gated,other,US,ngo,UNDETERMINED (no [rights] block),false,none found,none,live_disposition=reference | kind=upstream_project; custody=REFERENCE; compact=public_terms_only
eff_data_driven,EFF Data Driven (2018 release),ingested-live,fixed ALPR;mobile ALPR;ALPR sharing network,"US (~200 agencies, 2016-2017)",ngo,CC-BY-4.0,true,"GCS ops/runs: 1 run(s), claims_added Σ1,863 (max 1,863), last 2026-09-25T06:46Z; public evidence.json artifacts: 2",monthly (sig-ingest-eff-data-driven),records-derived ALPR aggregates | connector=data_driven | kind=upstream_project; custody=MIRROR; compact=public_terms_only
alpr_accountability_atlas,ALPR Accountability Atlas,gated,fixed ALPR;accountability/oversight,US,ngo,UNDETERMINED (no [rights] block),false,none found,none,live_disposition=reference | kind=upstream_project; custody=REFERENCE; compact=not_contacted
alpr_abuse_library,ALPR Abuse Library,gated,fixed ALPR;accountability/oversight,US,ngo,UNDETERMINED (no [rights] block),false,none found,none,live_disposition=reference | kind=upstream_project; custody=REFERENCE; compact=not_contacted
aclu_flock_toolkit,ACLU Get the Flock Out toolkit,gated,fixed ALPR;legislation/policy,US,ngo,UNDETERMINED (no [rights] block),false,none found,none,live_disposition=reference | kind=upstream_project; custody=REFERENCE; compact=not_contacted
aclu_cell_site_simulators,ACLU cell-site simulators,gated,cell-site simulator,US,ngo,UNDETERMINED (no [rights] block),false,none found,none,agency-possession dataset | live_disposition=reference | kind=upstream_project; custody=REFERENCE; compact=not_contacted
wired_shotspotter_leak,WIRED ShotSpotter sensor leak,refused,gunshot detection,US,journalism,UNDETERMINED (no [rights] block),false,none found,none,leak-provenance veto (SIG-PUB-005) | live_disposition=link_only | refused: leak-provenance veto (SIG-PUB-005) | kind=news_publisher; custody=LINK; compact=public_terms_only
guardian_flock_cameras,"Guardian, Flock cameras (2026-08-20)",gated,fixed ALPR,US,journalism,UNDETERMINED (no [rights] block),false,none found,none,live_disposition=link_only | kind=news_publisher; custody=LINK; compact=public_terms_only
courtlistener_recap,CourtListener / RECAP,gated,accountability/oversight,US,court,UNDETERMINED (no [rights] block),false,none found,none,connector=accountability | kind=court_system; custody=REFERENCE; compact=public_terms_only
gao_surveillance_reports,"U.S. Government Accountability Office — surveillance-technology oversight reports (facial recognition, ALPR, DHS grant programs)",ingested-live,accountability/oversight;face recognition;fixed ALPR,US,statutory-report,CC0-1.0,true,"GCS ops/runs: 2 run(s), claims_added Σ20 (max 10), last 2026-09-26T03:45Z; public evidence.json artifacts: 1",monthly (sig-ingest-gao-surveillance-reports),federal audit reports | connector=accountability | kind=government_portal; custody=MIRROR; compact=public_terms_only
dhs_oig_reports,"DHS Office of Inspector General — oversight reports (fusion centers, grant programs, CBP/ICE surveillance)",ingested-live,accountability/oversight;fusion center,US,statutory-report,CC0-1.0,true,"GCS ops/runs: 2 run(s), claims_added Σ14 (max 7), last 2026-09-26T03:48Z; public evidence.json artifacts: 1",monthly (sig-ingest-dhs-oig-reports),connector=accountability | kind=government_portal; custody=MIRROR; compact=public_terms_only
dhs_fusion_center_assessments,DHS Fusion Center Assessment — National Network of Fusion Centers governance reports,ingested-live,fusion center;accountability/oversight,US,statutory-report,CC0-1.0,true,"GCS ops/runs: 2 run(s), claims_added Σ16 (max 8), last 2026-09-26T03:49Z; public evidence.json artifacts: 1",monthly (sig-ingest-dhs-fusion-center-assessments),connector=accountability | kind=government_portal; custody=MIRROR; compact=public_terms_only
fema_hsgp_allocations,FEMA Homeland Security Grant Program (HSGP/UASI) allocations — federal grant funding to fusion centers and RTCCs,ingested-live,fusion center;RTCC/camera integration;procurement/contracts (multi-class),US,grant,CC0-1.0,true,"GCS ops/runs: 3 run(s), claims_added Σ8,120 (max 4,060), last 2026-09-26T10:22Z; public evidence.json artifacts: 1",monthly (sig-ingest-fema-hsgp-allocations),HSGP/UASI allocations | connector=procurement | kind=government_portal; custody=MIRROR; compact=public_terms_only
uk_surveillance_camera_commissioner,UK Biometrics & Surveillance Camera Commissioner — Surveillance Camera Code of Practice compliance & oversight,ingested-live,CCTV registries;face recognition;accountability/oversight,GB,statutory-report,LicenseRef-OperatorAccepted-DBRight,true,"GCS ops/runs: 2 run(s), claims_added Σ16 (max 8), last 2026-09-26T03:54Z; public evidence.json artifacts: 1",monthly (sig-ingest-uk-surveillance-camera-commissioner),connector=accountability | kind=government_portal; custody=DERIVE; compact=public_terms_only
muckrock,MuckRock,ingested-live,procurement/contracts (multi-class);legislation/policy;accountability/oversight,US,records-release,LicenseRef-MuckRock-API-ToS,true,public evidence.json artifacts: 1; 6 claims landed (request 136412) per docs/build/reports/SOURCE_LIVE_OPS_MATRIX.md §A; WAF-403 since,monthly (sig-ingest-muckrock),multi-technology records corpus | connector=records | kind=records_channel; custody=REFERENCE; compact=public_terms_only
documentcloud,DocumentCloud,gated,procurement/contracts (multi-class);legislation/policy;accountability/oversight,US,records-release,UNDETERMINED (no [rights] block),false,none found,none,multi-technology records corpus | connector=records | kind=records_channel; custody=REFERENCE; compact=public_terms_only
usaspending,USAspending,ingested-live,procurement/contracts (multi-class),US (federal),procurement,CC0-1.0,true,"GCS ops/runs: 2 run(s), claims_added Σ77,674 (max 38,837), last 2026-09-18T13:26Z; public evidence.json artifacts: 2",monthly (sig-ingest-usaspending),keyword-scoped multi-technology | connector=procurement | kind=government_portal; custody=REFERENCE; compact=public_terms_only
sam_gov,SAM.gov,ingested-live,procurement/contracts (multi-class),US (federal),procurement,CC0-1.0,true,"GCS ops/runs: 4 run(s), claims_added Σ650 (max 330), last 2026-09-28T05:03Z; public evidence.json artifacts: 1",weekly (sig-ingest-sam-gov),keyword-scoped multi-technology | connector=procurement | kind=government_portal; custody=REFERENCE; compact=public_terms_only
govspend,GovSpend,gated,procurement/contracts (multi-class),US,procurement,UNDETERMINED (no [rights] block),false,none found,none,commercial aggregator (LINK) | live_disposition=link_only | kind=commercial; custody=LINK; compact=public_terms_only
sourcewell,Sourcewell,gated,procurement/contracts (multi-class),US,procurement,UNDETERMINED (no [rights] block),false,none found,none,cooperative purchasing vehicle | live_disposition=reference | kind=government_portal; custody=REFERENCE; compact=public_terms_only
omnia_partners,OMNIA Partners,gated,procurement/contracts (multi-class),US,procurement,UNDETERMINED (no [rights] block),false,none found,none,cooperative purchasing vehicle | live_disposition=link_only | kind=government_portal; custody=LINK; compact=public_terms_only
naspo_valuepoint,NASPO ValuePoint,gated,procurement/contracts (multi-class),US,procurement,UNDETERMINED (no [rights] block),false,none found,none,cooperative purchasing vehicle | live_disposition=link_only | kind=government_portal; custody=LINK; compact=public_terms_only
buyboard,BuyBoard,gated,procurement/contracts (multi-class),US,procurement,UNDETERMINED (no [rights] block),false,none found,none,cooperative purchasing vehicle | live_disposition=link_only | kind=government_portal; custody=LINK; compact=public_terms_only
tips_usa,TIPS,gated,procurement/contracts (multi-class),US,procurement,UNDETERMINED (no [rights] block),false,none found,none,cooperative purchasing vehicle | live_disposition=link_only | kind=government_portal; custody=LINK; compact=public_terms_only
hgacbuy,HGACBuy,gated,procurement/contracts (multi-class),US,procurement,UNDETERMINED (no [rights] block),false,none found,none,cooperative purchasing vehicle | live_disposition=link_only | kind=government_portal; custody=LINK; compact=public_terms_only
equalis_group,Equalis Group,gated,procurement/contracts (multi-class),US,procurement,UNDETERMINED (no [rights] block),false,none found,none,cooperative purchasing vehicle | live_disposition=link_only | kind=government_portal; custody=LINK; compact=public_terms_only
gsa,GSA,gated,procurement/contracts (multi-class),US,procurement,UNDETERMINED (no [rights] block),false,none found,none,cooperative purchasing vehicle | live_disposition=link_only | kind=government_portal; custody=LINK; compact=public_terms_only
legistar,Legistar InSite API,ingested-live,procurement/contracts (multi-class);legislation/policy,US; CA (escribe),agenda,CC0-1.0,true,"GCS ops/runs: 4 run(s), claims_added Σ142,740 (max 36,257), last 2026-09-20T05:03Z; public evidence.json artifacts: 3",monthly (sig-ingest-legistar),per-tenant agenda indexes | connector=procurement | kind=government_portal; custody=REFERENCE; compact=public_terms_only
primegov,PrimeGov,ingested-live,procurement/contracts (multi-class);legislation/policy,US; CA (escribe),agenda,CC0-1.0,true,"GCS ops/runs: 5 run(s), claims_added Σ462,932 (max 231,885), last 2026-09-21T05:04Z",monthly (sig-ingest-primegov),per-tenant agenda indexes | connector=procurement | kind=government_portal; custody=REFERENCE; compact=public_terms_only
civicclerk,CivicClerk,ingested-live,procurement/contracts (multi-class);legislation/policy,US; CA (escribe),agenda,CC0-1.0,true,"GCS ops/runs: 5 run(s), claims_added Σ19,447 (max 5,311), last 2026-09-22T05:07Z; public evidence.json artifacts: 2",monthly (sig-ingest-civicclerk),per-tenant agenda indexes | connector=procurement | kind=government_portal; custody=REFERENCE; compact=public_terms_only
civicplus,CivicPlus,gated,procurement/contracts (multi-class);legislation/policy,US,agenda,UNDETERMINED (no [rights] block),false,none found,none,live_disposition=link_only | kind=government_portal; custody=LINK; compact=not_contacted
novusagenda,NovusAgenda,gated,procurement/contracts (multi-class);legislation/policy,US,agenda,UNDETERMINED (no [rights] block),false,none found,none,live_disposition=link_only | kind=government_portal; custody=LINK; compact=not_contacted
boarddocs,BoardDocs,gated,procurement/contracts (multi-class);legislation/policy,US,agenda,UNDETERMINED (no [rights] block),false,none found,none,live_disposition=link_only | kind=government_portal; custody=LINK; compact=not_contacted
granicus,Granicus,gated,procurement/contracts (multi-class);legislation/policy,US,agenda,UNDETERMINED (no [rights] block),false,none found,none,live_disposition=link_only | kind=government_portal; custody=LINK; compact=not_contacted
iqm2,IQM2,gated,procurement/contracts (multi-class);legislation/policy,US,agenda,UNDETERMINED (no [rights] block),false,none found,none,live_disposition=link_only | kind=government_portal; custody=LINK; compact=not_contacted
escribe,eScribe,ingested-live,procurement/contracts (multi-class);legislation/policy,US; CA (escribe),agenda,CC0-1.0,true,"GCS ops/runs: 10 run(s), claims_added Σ160,267 (max 16,204), last 2026-09-23T05:02Z; public evidence.json artifacts: 2",monthly (sig-ingest-escribe),per-tenant agenda indexes | connector=procurement | kind=government_portal; custody=REFERENCE; compact=public_terms_only
nextrequest,NextRequest,gated,procurement/contracts (multi-class);legislation/policy;accountability/oversight,US,records-release,UNDETERMINED (no [rights] block),false,none found,none,records portals | live_disposition=reference | kind=records_channel; custody=REFERENCE; compact=public_terms_only
govqa,GovQA,gated,procurement/contracts (multi-class);legislation/policy;accountability/oversight,US,records-release,UNDETERMINED (no [rights] block),false,none found,none,records portals | live_disposition=link_only | kind=records_channel; custody=LINK; compact=not_contacted
justfoia,JustFOIA,gated,procurement/contracts (multi-class);legislation/policy;accountability/oversight,US,records-release,UNDETERMINED (no [rights] block),false,none found,none,records portals | live_disposition=link_only | kind=records_channel; custody=LINK; compact=not_contacted
foiaxpress,FOIAXpress,gated,procurement/contracts (multi-class);legislation/policy;accountability/oversight,US,records-release,UNDETERMINED (no [rights] block),false,none found,none,records portals | live_disposition=link_only | kind=records_channel; custody=LINK; compact=not_contacted
openstates,OpenStates,ingested-live,legislation/policy,US (states),legislation,CC0-1.0,true,"GCS ops/runs: 8 run(s), claims_added Σ13,690 (max 4,591), last 2026-09-29T05:03Z; public evidence.json artifacts: 1",weekly (sig-ingest-openstates),connector=accountability | kind=government_portal; custody=REFERENCE; compact=public_terms_only
fbi_cde_agency_registry,FBI CDE agency registry,ingested-live,other,US,gov-open-data,CC0-1.0,true,"5,111 claims (38 ORI targets) live 2026-09-17 (live_runs/2026-09-17_fbi_cde_agency_registry.json; LEDGER.md:402); quarterly scheduler never attempted",quarterly (sig-ingest-fbi-cde),agency identity substrate (ORI) | connector=agency_registry | kind=government_portal; custody=REFERENCE; compact=public_terms_only
congress_gov,Congress.gov API (Library of Congress),ingested-live,legislation/policy,US (federal),legislation,CC0-1.0,true,"GCS ops/runs: 4 run(s), claims_added Σ79,000 (max 20,008), last 2026-09-29T05:03Z; public evidence.json artifacts: 1",monthly (sig-ingest-congress-gov),connector=accountability | kind=government_portal; custody=REFERENCE; compact=public_terms_only
leaic_crosswalk,LEAIC crosswalk (ICPSR study 35158),gated,other,US,academic,UNDETERMINED (no [rights] block),false,none found,none,identity substrate | live_disposition=mirror | kind=academic; custody=MIRROR; compact=public_terms_only
census_gazetteer_tiger,Census Gazetteer / TIGER,gated,other,US,gov-open-data,UNDETERMINED (no [rights] block),false,none found,none,identity/geography substrate | live_disposition=mirror | kind=government_portal; custody=MIRROR; compact=public_terms_only
census_geocoder,Census Geocoder,gated,other,US,gov-open-data,UNDETERMINED (no [rights] block),false,none found,none,identity/geography substrate | live_disposition=reference | kind=government_portal; custody=REFERENCE; compact=public_terms_only
gleif,GLEIF golden copy,permitted-not-ingested,other,INTL,other,CC0-1.0,true,none found,none,substrate | live_disposition=mirror | kind=government_portal; custody=MIRROR; compact=public_terms_only
nces_ipeds_ntd_cms,NCES / IPEDS / NTD / CMS,gated,other,US,gov-open-data,UNDETERMINED (no [rights] block),false,none found,none,identity/geography substrate | live_disposition=mirror | kind=government_portal; custody=MIRROR; compact=public_terms_only
wikidata_sparql,Wikidata SPARQL,permitted-not-ingested,other,INTL,crowdsourced,CC0-1.0,true,none found,none,QID crosswalk | live_disposition=reference | kind=upstream_project; custody=REFERENCE; compact=public_terms_only
internet_archive_wayback,Internet Archive Wayback,gated,other,INTL,other,UNDETERMINED (no [rights] block),false,none found,none,substrate | live_disposition=reference | kind=upstream_project; custody=REFERENCE; compact=public_terms_only
dhs_fusion_centers,DHS fusion centers,gated,fusion center,US (80 centers),gov-open-data,UNDETERMINED (no [rights] block),false,none found,none,live_disposition=reference | kind=government_portal; custody=REFERENCE; compact=public_terms_only
faa_drone_waivers,FAA drone waivers,gated,drones/DFR,US,gov-open-data,UNDETERMINED (no [rights] block),false,none found,none,live_disposition=reference | kind=government_portal; custody=REFERENCE; compact=public_terms_only
flock_finder,Flock Finder,permitted-not-ingested,fixed ALPR,US,crowdsourced,MIT,true,none found,none,RF detection leads (R6) | live_disposition=reference | kind=community; custody=REFERENCE; compact=public_terms_only
flock_you,Flock-You,gated,fixed ALPR,US,crowdsourced,UNDETERMINED (no [rights] block),false,none found,none,RF detection leads (R6) | live_disposition=reference | kind=community; custody=REFERENCE; compact=not_contacted
wigle,WiGLE,gated,fixed ALPR,US,crowdsourced,UNDETERMINED (no [rights] block),false,none found,none,RF detection leads (R6) | live_disposition=link_only | kind=commercial; custody=LINK; compact=public_terms_only
flockreporter,FlockReporter,gated,fixed ALPR,US,crowdsourced,UNDETERMINED (no [rights] block),false,none found,none,live_disposition=link_only | kind=community; custody=LINK; compact=no_response
eyes_off_cedar_rapids,Eyes Off Cedar Rapids,gated,fixed ALPR,US-IA:Cedar Rapids,ngo,UNDETERMINED (no [rights] block),false,none found,none,live_disposition=link_only | kind=community; custody=LINK; compact=not_contacted
r_flocksurveillance,r/FlockSurveillance,gated,fixed ALPR,US,crowdsourced,UNDETERMINED (no [rights] block),false,none found,none,live_disposition=link_only | kind=community; custody=LINK; compact=public_terms_only
sm_alpr,none-below/sm-alpr,gated,fixed ALPR;ALPR sharing network,US,crowdsourced,AGPL-3.0,false,none found,none,portal archiver (AGPL) | live_disposition=reference | kind=upstream_project; custody=REFERENCE; compact=not_contacted
eyes_off_eugene,eyes-off/eugene-oregon,gated,fixed ALPR,US-OR:Eugene,crowdsourced,CC0-1.0,false,none found,none,search-audit archive (Part VIII flag) | live_disposition=reference | kind=upstream_project; custody=REFERENCE; compact=not_contacted
panopti_ca,resistanceisliberty/panopti.ca,gated,CCTV registries;fixed ALPR,CA,crowdsourced,MIT,false,none found,none,live_disposition=reference | kind=upstream_project; custody=REFERENCE; compact=not_contacted
private_eyes,mcclatchy-southeast/private_eyes,gated,fixed ALPR,US (southeast),journalism,MIT,false,none found,none,live_disposition=reference | kind=news_publisher; custody=REFERENCE; compact=not_contacted
ringmast4r_flock,Ringmast4r/FLOCK,gated,fixed ALPR,INTL,crowdsourced,UNDETERMINED (no [rights] block),false,none found,none,live_disposition=link_only | kind=community; custody=LINK; compact=not_contacted
ccops_ordinance_disclosures,Municipal surveillance-ordinance (CCOPS) disclosures,gated,legislation/policy;accountability/oversight;fixed ALPR;gunshot detection;CCTV registries;face recognition;drones/DFR,US (~26 jurisdictions),ccops-report,UNDETERMINED (no [rights] block),false,none found,none,class row | live_disposition=mirror | kind=government_mandated_disclosure; custody=MIRROR; compact=public_terms_only
ccops_seattle,"Seattle Surveillance Ordinance disclosures (SMC 14.18 — Master List, SIRs, quarterly determination reports)",ingested-live,legislation/policy;accountability/oversight;fixed ALPR;gunshot detection;CCTV registries;face recognition;drones/DFR,US-WA:Seattle,ccops-report,LicenseRef-DerivedFacts-Citations,true,public evidence.json artifacts: 2; 5 claims live 2026-09-16 (live_runs/2026-09-16_ccops_seattle.json); 4 filings link_rotted,monthly (sig-ingest-ccops-seattle),per-technology disclosures | connector=government_mandated_disclosure | kind=government_mandated_disclosure; custody=REFERENCE; compact=public_terms_only
ccops_nyc_post,NYC POST Act impact & use policies (42 per-technology PDFs),ingested-live,legislation/policy;accountability/oversight;fixed ALPR;gunshot detection;CCTV registries;face recognition;drones/DFR,US-NY:New York,ccops-report,LicenseRef-DerivedFacts-Citations,true,public evidence.json artifacts: 2; 94 rows live 2026-09-16 (live_runs/2026-09-16_ccops_nyc_post.json),monthly (sig-ingest-ccops-nyc-post),per-technology disclosures | connector=government_mandated_disclosure | kind=government_mandated_disclosure; custody=REFERENCE; compact=public_terms_only
ccops_sf,San Francisco Chapter 19B biannual surveillance technology inventory,permitted-not-ingested,legislation/policy;accountability/oversight;fixed ALPR;gunshot detection;CCTV registries;face recognition;drones/DFR,US-CA:San Francisco,ccops-report,LicenseRef-DerivedFacts-Citations,true,"GCS ops/runs: 1 run(s), 0 claims (content_drift); 0 claims — sf.gov 202 interstitial (live_runs/2026-09-19_ccops_sf_p2617.json; GCS content_drift)",monthly (sig-ingest-ccops-sf),per-technology disclosures | connector=government_mandated_disclosure | kind=government_mandated_disclosure; custody=REFERENCE; compact=public_terms_only
state_alpr_statute_inventory,State ALPR statute national inventory,ingested-live,legislation/policy;fixed ALPR,US (16 states),legislation,LicenseRef-DerivedFacts-Citations,false,"public evidence.json artifacts: 1; 108 claims in the hosted spine via one-time seed (SOURCE_LIVE_OPS_MATRIX §A, P25.7); ingestion_permitted=false by design (never re-fetches)",none,NCSL table frozen 2022-02-03 | connector=state_statute_seed | hosted via one-time seed; gate intentionally closed | kind=government_portal; custody=DERIVE; compact=public_terms_only
future_statutory_disclosure_2027,State statutory disclosure — first reports due 2027-04-01,gated,fixed ALPR;legislation/policy,US (one state; first reports 2027-04-01),statutory-report,UNDETERMINED (no [rights] block),false,none found,none,live_disposition=mirror | kind=government_portal; custody=MIRROR; compact=not_contacted
technopolice,Technopolice,gated,CCTV registries;video analytics;face recognition,FR; BE,ngo,UNDETERMINED (no [rights] block),false,none found,none,live_disposition=reference | kind=upstream_project; custody=REFERENCE; compact=not_contacted
technopolice_forum,Technopolice mapping discussion,gated,CCTV registries;video analytics;face recognition,FR; BE,ngo,UNDETERMINED (no [rights] block),false,none found,none,live_disposition=link_only | kind=upstream_project; custody=LINK; compact=not_contacted
technocarte_update,Technocarte update,gated,CCTV registries;video analytics;face recognition,FR; BE,ngo,UNDETERMINED (no [rights] block),false,none found,none,live_disposition=link_only | kind=upstream_project; custody=LINK; compact=not_contacted
la_quadrature_du_net,La Quadrature du Net,gated,CCTV registries;video analytics;face recognition,FR; BE,ngo,UNDETERMINED (no [rights] block),false,none found,none,live_disposition=link_only | kind=news_publisher; custody=LINK; compact=not_contacted
sous_surveillance_osm_import,sous-surveillance.net → OSM import,permitted-not-ingested,CCTV registries,FR,crowdsourced,ODbL-1.0,true,none found,none,live_disposition=reference | kind=upstream_project; custody=REFERENCE; compact=public_terms_only
ted_eu,TED — Tenders Electronic Daily (EU OJ S procurement notices),ingested-live,procurement/contracts (multi-class),EU/EEA (~30 countries),procurement,CC-BY-4.0,true,"GCS ops/runs: 3 run(s), claims_added Σ208,638 (max 69,546), last 2026-09-18T18:24Z; public evidence.json artifacts: 2",monthly (sig-ingest-ted-eu),connector=procurement | kind=government_portal; custody=REFERENCE; compact=public_terms_only
decp_fr,DECP (FR procurement),ingested-live,procurement/contracts (multi-class),FR,procurement,LicenceOuverte-2.0,true,"GCS ops/runs: 2 run(s), claims_added Σ18,990 (max 9,495), last 2026-09-29T04:13Z; public evidence.json artifacts: 3",weekly (sig-ingest-decp-fr),connector=france_belgium_procurement | kind=government_portal; custody=REFERENCE; compact=public_terms_only
raa_prefectures,RAA des préfectures (arrêtés préfectoraux),ingested-live,CCTV registries;legislation/policy,FR,legislation,ODbL-1.0,true,"GCS ops/runs: 3 run(s), claims_added Σ75 (max 75), last 2026-09-30T04:14Z; public evidence.json artifacts: 3",weekly (sig-ingest-raa-prefectures),prefectural video-protection authorizations | connector=france_belgium_records | kind=government_portal; custody=REFERENCE; compact=public_terms_only
madada,Ma Dada (FR CADA public-records platform),ingested-live,procurement/contracts (multi-class);legislation/policy;accountability/oversight,FR,records-release,LicenseRef-DerivedFacts-Citations,true,public evidence.json artifacts: 3; 52 rows live 2026-09-16 (docs/build/reports/live_runs/2026-09-16_madada.json),monthly (sig-ingest-madada),connector=france_belgium_records | kind=records_channel; custody=DERIVE; compact=public_terms_only
declarationcamera_be,declarationcamera.be (BE national camera register),permitted-not-ingested,CCTV registries,BE,statutory-report,LicenseRef-DerivedFacts-Citations,true,0 claims — register behind Belgian eID (live_runs/2026-09-16_declarationcamera_be.json),none,national camera register (eID-gated) | connector=france_belgium_records | kind=government_portal; custody=DERIVE; compact=public_terms_only
carnegie_ai_gsi,AI Global Surveillance Index (Carnegie),ingested-live,face recognition;other,INTL (75 countries),academic,LicenseRef-DerivedFacts-Citations,true,public evidence.json artifacts: 2; 660 claims live 2026-09-16 (live_runs/2026-09-16_carnegie_ai_gsi.json),monthly (sig-ingest-carnegie-ai-gsi),country-level AI-surveillance index | connector=coarse_international | kind=academic; custody=DERIVE; compact=public_terms_only
facial_recognition_world_map,Facial Recognition World Map,ingested-live,face recognition,INTL (~190 countries),other,LicenseRef-DerivedFacts-Citations,true,public evidence.json artifacts: 2; 202 claims live 2026-09-16 (live_runs/2026-09-16_facial_recognition_world_map.json),monthly (sig-ingest-frwm),country-level status | connector=coarse_international | kind=community; custody=DERIVE; compact=public_terms_only
aspi_mapping_chinas_tech_giants,Mapping China's Tech Giants (ASPI),permitted-not-ingested,face recognition;CCTV registries;other,INTL,academic,LicenseRef-DerivedFacts-Citations,true,0 claims — WAF 403 on all egress (live_runs/2026-09-16_aspi…json),monthly (sig-ingest-aspi),connector=coarse_international | kind=academic; custody=DERIVE; compact=public_terms_only
okc_procurement,City of Oklahoma City — procurement / contracts,permitted-not-ingested,procurement/contracts (multi-class);fixed ALPR,US-OK:Oklahoma City,procurement,CC0-1.0,true,"GCS ops/runs: 1 run(s), 0 claims (ok); 0 claims — okc.gov WAF 403 (GCS run 2026-09-19 claims_added 0)",monthly (sig-ingest-okc-procurement),connector=okc_procurement | kind=government_portal; custody=REFERENCE; compact=public_terms_only
okc_council,Oklahoma City Council — agendas & minutes (CivicClerk),permitted-not-ingested,procurement/contracts (multi-class);legislation/policy,US-OK:Oklahoma City,agenda,CC0-1.0,true,none found,none,connector=procurement | kind=government_portal; custody=REFERENCE; compact=public_terms_only
okcpd_policy,Oklahoma City Police Department — policy (Operations Manual),ingested-live,legislation/policy;fixed ALPR,US-OK:Oklahoma City,other,CC0-1.0,true,"GCS ops/runs: 2 run(s), claims_added Σ6 (max 3), last 2026-09-18T05:02Z; public evidence.json artifacts: 1",monthly (sig-ingest-okcpd-policy),agency policy manual | connector=okcpd_policy | kind=government_portal; custody=REFERENCE; compact=public_terms_only
ok_statute,Oklahoma statutes (47 O.S. §7-606.1 et seq.),ingested-live,legislation/policy;fixed ALPR,US-OK,legislation,CC0-1.0,true,"GCS ops/runs: 3 run(s), claims_added Σ6 (max 3), last 2026-09-19T20:18Z; public evidence.json artifacts: 2",monthly (sig-ingest-ok-statute),connector=ok_statute | kind=government_portal; custody=REFERENCE; compact=public_terms_only
journalrecord,The Journal Record (Oklahoma City),gated,fixed ALPR;procurement/contracts (multi-class),US-OK:Oklahoma City,journalism,UNDETERMINED (no [rights] block),false,none found,none,live_disposition=link_only | kind=news_publisher; custody=LINK; compact=public_terms_only
oklahoman,The Oklahoman (oklahoman.com),gated,fixed ALPR;procurement/contracts (multi-class),US-OK:Oklahoma City,journalism,UNDETERMINED (no [rights] block),false,none found,none,live_disposition=link_only | kind=news_publisher; custody=LINK; compact=public_terms_only
pathways_rtcc_federation,Municipal RTCC / private-camera federation disclosures (Stage-5 pathway),ingested-live,RTCC/camera integration;private camera registry;data broker,US,ngo,LicenseRef-DerivedFacts-Citations,true,public evidence.json artifacts: 1; 4 claims live 2026-09-16 (live_runs/2026-09-16_pathways_rtcc_federation.json),monthly (sig-ingest-pathways-rtcc),EFF pages | connector=pathways | kind=government_portal; custody=DERIVE; compact=public_terms_only
pathways_fr_css_forensics,FR / cell-site-simulator / mobile-forensics procurement & policy (Stage-5 pathway),permitted-not-ingested,face recognition;cell-site simulator;forensics,US,ngo,LicenseRef-DerivedFacts-Citations,true,run record claim_count 2 but SOURCE_LIVE_OPS_MATRIX §A: 'artifact-only — no claim'; no public evidence artifact,monthly (sig-ingest-pathways-fr-css),EFF pages | connector=pathways | kind=government_portal; custody=DERIVE; compact=public_terms_only
pathways_acoustic_drone_location,Acoustic / drone / commercial-location procurement & policy (Stage-5 pathway),ingested-live,gunshot detection;drones/DFR;data broker,US,ngo,LicenseRef-DerivedFacts-Citations,true,public evidence.json artifacts: 1; 3 claims live 2026-09-16 (live_runs/…_pathways_acoustic_drone_location.json),monthly (sig-ingest-pathways-drones),EFF pages | connector=pathways | kind=government_portal; custody=DERIVE; compact=public_terms_only
ccops_oakland,CCOPS Oakland — Privacy Advisory Commission surveillance disclosures,ingested-live,legislation/policy;accountability/oversight;fixed ALPR;gunshot detection;CCTV registries;face recognition;drones/DFR,US-CA:Oakland,ccops-report,LicenseRef-PublicRecord-FactualCompilation,true,"GCS ops/runs: 2 run(s), claims_added Σ92 (max 46), last 2026-09-26T10:13Z; public evidence.json artifacts: 1",monthly (sig-ingest-ccops-oakland),per-technology disclosures | connector=government_mandated_disclosure | kind=government_mandated_disclosure; custody=REFERENCE; compact=public_terms_only
ccops_berkeley,CCOPS Berkeley — Surveillance Technology Use ordinance disclosures,gated,legislation/policy;accountability/oversight;fixed ALPR;gunshot detection;CCTV registries;face recognition;drones/DFR,US-CA:Berkeley,ccops-report,UNDETERMINED (no [rights] block),false,none found,none,per-technology disclosures | live_disposition=reference | kind=government_mandated_disclosure; custody=REFERENCE; compact=public_terms_only
ccops_davis,CCOPS Davis — surveillance technology ordinance disclosures,gated,legislation/policy;accountability/oversight;fixed ALPR;gunshot detection;CCTV registries;face recognition;drones/DFR,US-CA:Davis,ccops-report,UNDETERMINED (no [rights] block),false,none found,none,per-technology disclosures | live_disposition=reference | kind=government_mandated_disclosure; custody=REFERENCE; compact=public_terms_only
ccops_cambridge,CCOPS Cambridge MA — surveillance oversight ordinance disclosures,ingested-live,legislation/policy;accountability/oversight;fixed ALPR;gunshot detection;CCTV registries;face recognition;drones/DFR,US-MA:Cambridge,ccops-report,LicenseRef-PublicRecord-FactualCompilation,true,"GCS ops/runs: 2 run(s), claims_added Σ84 (max 42), last 2026-09-26T10:17Z; public evidence.json artifacts: 1",monthly (sig-ingest-ccops-cambridge),per-technology disclosures | connector=government_mandated_disclosure | kind=government_mandated_disclosure; custody=REFERENCE; compact=public_terms_only
ccops_boston,CCOPS Boston — surveillance oversight ordinance disclosures,gated,legislation/policy;accountability/oversight;fixed ALPR;gunshot detection;CCTV registries;face recognition;drones/DFR,US-MA:Boston,ccops-report,UNDETERMINED (no [rights] block),false,none found,none,per-technology disclosures | live_disposition=reference | kind=government_mandated_disclosure; custody=REFERENCE; compact=public_terms_only
ccops_baltimore,CCOPS Baltimore — surveillance ordinance disclosures,gated,legislation/policy;accountability/oversight;fixed ALPR;gunshot detection;CCTV registries;face recognition;drones/DFR,US-MD:Baltimore,ccops-report,UNDETERMINED (no [rights] block),false,none found,none,per-technology disclosures | live_disposition=reference | kind=government_mandated_disclosure; custody=REFERENCE; compact=public_terms_only
ccops_nashville,CCOPS Nashville — Metro surveillance ordinance disclosures,gated,legislation/policy;accountability/oversight;fixed ALPR;gunshot detection;CCTV registries;face recognition;drones/DFR,US-TN:Nashville,ccops-report,UNDETERMINED (no [rights] block),false,none found,none,per-technology disclosures | live_disposition=reference | kind=government_mandated_disclosure; custody=REFERENCE; compact=public_terms_only
ccops_grand_rapids,CCOPS Grand Rapids — surveillance ordinance disclosures,gated,legislation/policy;accountability/oversight;fixed ALPR;gunshot detection;CCTV registries;face recognition;drones/DFR,US-MI:Grand Rapids,ccops-report,UNDETERMINED (no [rights] block),false,none found,none,per-technology disclosures | live_disposition=reference | kind=government_mandated_disclosure; custody=REFERENCE; compact=public_terms_only
ccops_somerville,CCOPS Somerville — surveillance oversight disclosures,ingested-live,legislation/policy;accountability/oversight;fixed ALPR;gunshot detection;CCTV registries;face recognition;drones/DFR,US-MA:Somerville,ccops-report,LicenseRef-PublicRecord-FactualCompilation,true,"GCS ops/runs: 3 run(s), claims_added Σ144 (max 72), last 2026-09-26T10:20Z; public evidence.json artifacts: 1",monthly (sig-ingest-ccops-somerville),per-technology disclosures | connector=government_mandated_disclosure | kind=government_mandated_disclosure; custody=REFERENCE; compact=public_terms_only
denmark_politi_cctv,Denmark National Police — official CCTV camera map,gated,CCTV registries,DK,statutory-report,UNDETERMINED (no [rights] block),false,none found,none,national police CCTV register | live_disposition=reference | kind=government_portal; custody=REFERENCE; compact=public_terms_only
amsterdam_camerakaart,Amsterdam cameraregister — municipal camera map open data,gated,CCTV registries,NL:Amsterdam,gov-open-data,UNDETERMINED (no [rights] block),false,none found,none,live_disposition=reference | kind=government_portal; custody=REFERENCE; compact=public_terms_only
austria_vidreg,Austria VidReg — video-surveillance register,gated,CCTV registries,AT,statutory-report,UNDETERMINED (no [rights] block),false,none found,none,live_disposition=reference | kind=government_portal; custody=REFERENCE; compact=public_terms_only
rotterdam_cameraregister,Rotterdam cameraregister — municipal camera disclosures,gated,CCTV registries,NL:Rotterdam,gov-open-data,UNDETERMINED (no [rights] block),false,none found,none,live_disposition=reference | kind=government_portal; custody=REFERENCE; compact=public_terms_only
bidnet_direct,BidNet Direct — public agency bid portal,gated,procurement/contracts (multi-class),US,procurement,UNDETERMINED (no [rights] block),false,none found,none,bid portal platform | connector=procurement | kind=government_portal; custody=LINK; compact=not_contacted
periscope_s2g,Periscope S2G — eBid procurement portals,gated,procurement/contracts (multi-class),US,procurement,UNDETERMINED (no [rights] block),false,none found,none,bid portal platform | live_disposition=link_only | kind=government_portal; custody=LINK; compact=not_contacted
publicpurchase,PublicPurchase — public agency bid portal,gated,procurement/contracts (multi-class),US,procurement,UNDETERMINED (no [rights] block),false,none found,none,bid portal platform | live_disposition=link_only | kind=government_portal; custody=LINK; compact=not_contacted
demandstar,DemandStar — public agency bid portal,gated,procurement/contracts (multi-class),US,procurement,UNDETERMINED (no [rights] block),false,none found,none,bid portal platform | live_disposition=link_only | kind=government_portal; custody=LINK; compact=not_contacted
planetbids,PlanetBids — public agency procurement portals,gated,procurement/contracts (multi-class),US,procurement,UNDETERMINED (no [rights] block),false,none found,none,bid portal platform | live_disposition=link_only | kind=government_portal; custody=LINK; compact=not_contacted
powerdms_public_portals,PowerDMS public policy portals,gated,legislation/policy,US,other,UNDETERMINED (no [rights] block),false,none found,none,agency policy portals | live_disposition=link_only | kind=records_channel; custody=LINK; compact=not_contacted
swagit,Swagit — municipal meeting video/agenda portals,gated,procurement/contracts (multi-class);legislation/policy,US,agenda,UNDETERMINED (no [rights] block),false,none found,none,live_disposition=link_only | kind=government_portal; custody=LINK; compact=not_contacted
opengov_procurement,OpenGov Procurement — public agency solicitation portals,gated,procurement/contracts (multi-class),US,procurement,UNDETERMINED (no [rights] block),false,none found,none,bid portal platform | connector=procurement | kind=government_portal; custody=LINK; compact=not_contacted
bonfire,Bonfire — per-tenant procurement portals (*.bonfirehub.com),gated,procurement/contracts (multi-class),US,procurement,UNDETERMINED (no [rights] block),false,none found,none,bid portal platform | connector=procurement | kind=government_portal; custody=LINK; compact=not_contacted
procportal_austin_tx,City of Austin — Socrata 'Contracts' dataset,ingested-live,procurement/contracts (multi-class),US-TX:Austin,procurement,CC0-1.0,true,"GCS ops/runs: 2 run(s), claims_added Σ10,393 (max 5,673), last 2026-09-30T06:01Z; public evidence.json artifacts: 3",monthly (sig-ingest-procportal-austin-tx),connector=procurement | kind=government_portal; custody=MIRROR; compact=public_terms_only
procportal_sf_ca,City and County of San Francisco — Socrata 'Supplier Contracts' dataset,ingested-live,procurement/contracts (multi-class),US-CA:San Francisco,procurement,CC0-1.0,true,"GCS ops/runs: 2 run(s), claims_added Σ9,542 (max 5,128), last 2026-09-30T08:02Z; public evidence.json artifacts: 3",monthly (sig-ingest-procportal-sf-ca),connector=procurement | kind=government_portal; custody=MIRROR; compact=public_terms_only
procportal_kcmo_mo,"Kansas City, MO — Socrata 'List of KCMO City Contracts' dataset",ingested-live,procurement/contracts (multi-class),US-MO:Kansas City,procurement,CC0-1.0,true,"GCS ops/runs: 2 run(s), claims_added Σ9,687 (max 5,170), last 2026-09-30T10:01Z; public evidence.json artifacts: 3",monthly (sig-ingest-procportal-kcmo-mo),connector=procurement | kind=government_portal; custody=MIRROR; compact=public_terms_only
procportal_nyc_ny,City of New York — Socrata 'City Record Online' dataset,ingested-live,procurement/contracts (multi-class),US-NY:New York,procurement,CC0-1.0,true,"GCS ops/runs: 3 run(s), claims_added Σ14,204 (max 4,976), last 2026-09-30T12:03Z; public evidence.json artifacts: 3",monthly (sig-ingest-procportal-nyc-ny),connector=procurement | kind=government_portal; custody=MIRROR; compact=public_terms_only
procportal_chicago_il,City of Chicago — Socrata 'Contracts' dataset,gated,procurement/contracts (multi-class),US-IL:Chicago,procurement,UNDETERMINED (no [rights] block),false,none found,none,connector=procurement | kind=government_portal; custody=LINK; compact=not_contacted
la_city_clerk_cfms,LA City Clerk Connect (CFMS) — Los Angeles City legislative file management,gated,procurement/contracts (multi-class);legislation/policy,US-CA:Los Angeles,agenda,UNDETERMINED (no [rights] block),false,none found,none,live_disposition=link_only | kind=records_channel; custody=LINK; compact=not_contacted
dot_511_ky,KYTC traffic cameras (ArcGIS registry),ingested-live,traffic/DOT cameras,"US-KY; (pts:US-IN,US-KY)",gov-open-data,CC0-1.0,true,"GCS ops/runs: 3 run(s), claims_added Σ12,904 (max 6,478), last 2026-09-24T04:04Z; public export sites: 768; public evidence.json artifacts: 1",monthly (sig-ingest-dot-511-ky),2 target layer(s); agency: Kentucky Transportation Cabinet | connector=dot_511 | kind=government_portal; custody=MIRROR; compact=public_terms_only
dot_511_il,IDOT Illinois Gateway traffic cameras (ArcGIS registry),ingested-live,traffic/DOT cameras,US-IL; (pts:US-IL),gov-open-data,CC-BY-SA-2.0,true,"GCS ops/runs: 3 run(s), claims_added Σ79,866 (max 27,000), last 2026-09-24T06:02Z; public export sites: 3,000; public evidence.json artifacts: 1",monthly (sig-ingest-dot-511-il),"1 target layer(s); agency: Illinois Department of Transportation | connector=dot_511 | I1 NEW-3: 2,936 of 3,000 published sites without geometry (conflicted) | kind=government_portal; custody=MIRROR; compact=public_terms_only"
dot_511_ut,UDOT Live View cameras (ArcGIS registry),ingested-live,traffic/DOT cameras,"US-UT; (pts:US-NV,US-UT)",gov-open-data,CC0-1.0,true,"GCS ops/runs: 5 run(s), claims_added Σ14,245 (max 11,816), last 2026-09-25T06:44Z; public export sites: 1,469; public evidence.json artifacts: 1",monthly (sig-ingest-dot-511-ut),2 target layer(s); agency: Utah Department of Transportation | connector=dot_511 | kind=government_portal; custody=MIRROR; compact=public_terms_only
dot_511_or,ODOT TripCheck cameras (ArcGIS registry),ingested-live,traffic/DOT cameras,"US-OR; (pts:US-CA,US-ID,US-OR,US-WA); (pts non-US/unassigned:17)",gov-open-data,CC0-1.0,true,"GCS ops/runs: 4 run(s), claims_added Σ36,730 (max 11,880), last 2026-09-25T06:44Z; public export sites: 2,367; public evidence.json artifacts: 1",monthly (sig-ingest-dot-511-or),1 target layer(s); agency: Oregon Department of Transportation (TripCheck) | connector=dot_511 | kind=government_portal; custody=MIRROR; compact=public_terms_only
dot_511_la,LDOTD traffic cameras (ArcGIS registry),ingested-live,traffic/DOT cameras,US-LA; (pts:US-LA),gov-open-data,LicenseRef-PublicRecord-FactualCompilation,true,"GCS ops/runs: 2 run(s), claims_added Σ10,440 (max 5,220), last 2026-09-19T14:57Z; public export sites: 435; public evidence.json artifacts: 1",monthly (sig-ingest-camreg-batch-08),1 target layer(s); agency: Louisiana Department of Transportation and Development | connector=dot_511 | kind=government_portal; custody=MIRROR; compact=public_terms_only
dot_511_ia,Iowa DOT traffic cameras (ArcGIS registry),ingested-live,traffic/DOT cameras,"US-IA; (pts:US-IA,US-IL,US-MO,US-NE,US-SD,US-WI)",gov-open-data,CC-BY-4.0,true,"GCS ops/runs: 3 run(s), claims_added Σ42,582 (max 15,060), last 2026-09-26T04:01Z; public export sites: 1,708; public evidence.json artifacts: 1",monthly (sig-ingest-dot-511-ia),1 target layer(s); agency: Iowa Department of Transportation | connector=dot_511 | kind=government_portal; custody=MIRROR; compact=public_terms_only
dot_511_wa,WSDOT travel information cameras (+ KC/WSDOT layer),ingested-live,traffic/DOT cameras,"US-WA; (pts:US-OR,US-WA); (pts non-US/unassigned:12)",gov-open-data,CC0-1.0,true,"GCS ops/runs: 3 run(s), claims_added Σ57,346 (max 20,252), last 2026-09-26T06:01Z; public export sites: 3,661; public evidence.json artifacts: 1",monthly (sig-ingest-dot-511-wa),2 target layer(s); agency: Washington State Department of Transportation | connector=dot_511 | kind=government_portal; custody=MIRROR; compact=public_terms_only
dot_511_dc,DDOT traffic cameras (DC GIS registry),ingested-live,traffic/DOT cameras,"US-DC; (pts:US-DC,US-MD)",gov-open-data,CC0-1.0,true,"GCS ops/runs: 3 run(s), claims_added Σ4,700 (max 2,350), last 2026-09-27T04:01Z; public export sites: 470; public evidence.json artifacts: 1",monthly (sig-ingest-dot-511-dc),1 target layer(s); agency: District Department of Transportation / DC GIS (OCTO) | connector=dot_511 | kind=government_portal; custody=MIRROR; compact=public_terms_only
dot_511_ga,GDOT 511 cameras (ArcGIS registry),ingested-live,traffic/DOT cameras,"US-GA; (pts:US-AL,US-GA,US-TN); (pts non-US/unassigned:13)",gov-open-data,LicenseRef-PublicRecord-FactualCompilation,true,"GCS ops/runs: 2 run(s), claims_added Σ83,653 (max 83,653), last 2026-09-19T11:20Z; public export sites: 7,046; public evidence.json artifacts: 1",monthly (sig-ingest-camreg-batch-08),2 target layer(s); agency: rbagby_gema | connector=dot_511 | kind=government_portal; custody=MIRROR; compact=public_terms_only
dot_511_al,ALDOT traffic cameras (ArcGIS registry),ingested-live,traffic/DOT cameras,"US-AL; (pts:US-AL,US-FL); (pts non-US/unassigned:6)",gov-open-data,LicenseRef-PublicRecord-FactualCompilation,true,"GCS ops/runs: 2 run(s), claims_added Σ12,168 (max 6,084), last 2026-09-19T11:05Z; public export sites: 556; public evidence.json artifacts: 1",monthly (sig-ingest-camreg-batch-08),1 target layer(s); agency: Alabama Department of Transportation | connector=dot_511 | kind=government_portal; custody=MIRROR; compact=public_terms_only
dot_511_mo,MoDOT traffic cameras (ArcGIS registry),ingested-live,traffic/DOT cameras,"US-MO; (pts:US-IL,US-KS,US-MO)",gov-open-data,CC0-1.0,true,"GCS ops/runs: 3 run(s), claims_added Σ24,388 (max 8,710), last 2026-09-27T06:02Z; public export sites: 1,742; public evidence.json artifacts: 1",monthly (sig-ingest-dot-511-mo),1 target layer(s); agency: Missouri Department of Transportation | connector=dot_511 | kind=government_portal; custody=MIRROR; compact=public_terms_only
dot_511_tx,TxDOT CCTV locations (ArcGIS registry),gated,traffic/DOT cameras,US-TX,gov-open-data,UNDETERMINED,false,none found,none,1 target layer(s); agency: Texas Department of Transportation | connector=dot_511 | live target present; rights UNDETERMINED | kind=government_portal; custody=MIRROR; compact=not_contacted
dot_511_md,MD SHA CHART traffic cameras (ArcGIS registry),ingested-live,traffic/DOT cameras,"US-MD; (pts:US-MD,US-VA); (pts non-US/unassigned:26)",gov-open-data,LicenseRef-PublicRecord-FactualCompilation,true,"GCS ops/runs: 2 run(s), claims_added Σ9,936 (max 4,968), last 2026-09-19T15:07Z; public export sites: 552; public evidence.json artifacts: 1",monthly (sig-ingest-camreg-batch-08),1 target layer(s); agency: Maryland DOT SHA / CHART | connector=dot_511 | kind=government_portal; custody=MIRROR; compact=public_terms_only
camreg_austin_tx,Austin traffic cameras (Socrata open-data registry),ingested-live,traffic/DOT cameras,US-TX; (pts:US-TX),gov-open-data,CC0-1.0,true,"GCS ops/runs: 2 run(s), claims_added Σ23,125 (max 12,071), last 2026-09-28T04:02Z; public export sites: 1,005; public evidence.json artifacts: 2",monthly (sig-ingest-camreg-austin-tx),1 target layer(s); agency: City of Austin Transportation and Public Works | connector=dot_511 | kind=government_portal; custody=MIRROR; compact=public_terms_only
camreg_nola_la,New Orleans traffic cameras (Socrata open-data registry),ingested-live,traffic/DOT cameras,US-LA; (pts:US-LA),gov-open-data,CC0-1.0,true,"GCS ops/runs: 3 run(s), claims_added Σ3,502 (max 1,236), last 2026-09-28T06:03Z; public export sites: 90; public evidence.json artifacts: 2",monthly (sig-ingest-camreg-nola-la),1 target layer(s); agency: City of New Orleans Department of Public Works | connector=dot_511 | kind=government_portal; custody=MIRROR; compact=public_terms_only
camreg_batonrouge_la,Baton Rouge traffic cameras (Socrata open-data registry),ingested-live,traffic/DOT cameras,US-LA; (pts:US-LA),gov-open-data,CC0-1.0,true,"GCS ops/runs: 2 run(s), claims_added Σ1,888 (max 944), last 2026-09-28T08:02Z; public export sites: 118; public evidence.json artifacts: 2",monthly (sig-ingest-camreg-batonrouge-la),1 target layer(s); agency: City of Baton Rouge / East Baton Rouge Parish | connector=dot_511 | kind=government_portal; custody=MIRROR; compact=public_terms_only
camreg_winnipeg_mb,Winnipeg traffic signal cameras (Socrata open-data registry),ingested-live,traffic/DOT cameras,CA-MB; (pts non-US/unassigned:160),gov-open-data,OGL-Canada-2.0,true,"GCS ops/runs: 2 run(s), claims_added Σ3,059 (max 1,610), last 2026-09-28T10:02Z; public export sites: 160; public evidence.json artifacts: 2",monthly (sig-ingest-camreg-winnipeg-mb),1 target layer(s); agency: City of Winnipeg Public Works | connector=dot_511 | kind=government_portal; custody=MIRROR; compact=public_terms_only
camreg_act_au,ACT traffic safety cameras (Socrata open-data registry),ingested-live,traffic/DOT cameras,AU-ACT; (pts non-US/unassigned:1299),gov-open-data,CC-BY-4.0,true,"GCS ops/runs: 2 run(s), claims_added Σ26,112 (max 13,743), last 2026-09-29T04:01Z; public export sites: 1,328; public evidence.json artifacts: 2",monthly (sig-ingest-camreg-act-au),2 target layer(s); agency: ACT Government Justice and Community Safety | connector=dot_511 | kind=government_portal; custody=MIRROR; compact=public_terms_only
camreg_siouxfalls_sd,Sioux Falls traffic surveillance cameras (ArcGIS registry),ingested-live,traffic/DOT cameras;CCTV registries,US-SD; (pts:US-SD),gov-open-data,CC-BY-4.0,true,"GCS ops/runs: 2 run(s), claims_added Σ2,001 (max 1,872), last 2026-09-29T06:04Z; public export sites: 234; public evidence.json artifacts: 2",monthly (sig-ingest-camreg-siouxfalls-sd),1 target layer(s); agency: City of Sioux Falls / Sioux Falls Traffic Management | connector=dot_511 | kind=government_portal; custody=MIRROR; compact=public_terms_only
camreg_baltimore_md,Baltimore CitiWatch cameras (ArcGIS registry),ingested-live,CCTV registries,US-MD; (pts:US-MD),gov-open-data,CC-BY-3.0,true,"GCS ops/runs: 2 run(s), claims_added Σ14,637 (max 7,749), last 2026-09-29T08:03Z; public export sites: 861; public evidence.json artifacts: 2",monthly (sig-ingest-camreg-baltimore-md),1 target layer(s); agency: Baltimore City (CitiWatch) | connector=dot_511 | kind=government_portal; custody=MIRROR; compact=public_terms_only
camreg_ottawa_on,Ottawa enforcement cameras (ArcGIS open-data registry),ingested-live,traffic/DOT cameras,CA-ON; (pts non-US/unassigned:146),gov-open-data,LicenseRef-Ottawa-ODL-2.0,true,"GCS ops/runs: 2 run(s), claims_added Σ2,658 (max 1,402), last 2026-09-29T10:01Z; public export sites: 146; public evidence.json artifacts: 2",monthly (sig-ingest-camreg-ottawa-on),2 target layer(s); agency: City of Ottawa | connector=dot_511 | kind=government_portal; custody=MIRROR; compact=public_terms_only
camreg_sheffield_gb,Sheffield CCTV and traffic cameras (ArcGIS registry),ingested-live,traffic/DOT cameras,GB-ENG; (pts non-US/unassigned:97),gov-open-data,OGL-3.0,true,"GCS ops/runs: 2 run(s), claims_added Σ4,028 (max 2,120), last 2026-09-30T04:01Z; public export sites: 146; public evidence.json artifacts: 2",monthly (sig-ingest-camreg-sheffield-gb),1 target layer(s); agency: Sheffield City Council | connector=dot_511 | kind=government_portal; custody=MIRROR; compact=public_terms_only
camreg_chicago_il,Chicago speed + red-light cameras (Socrata open-data registry),ingested-live,traffic/DOT cameras,US-IL; (pts:US-IL); (pts non-US/unassigned:1),gov-open-data,LicenseRef-PublicRecord-FactualCompilation,true,"GCS ops/runs: 2 run(s), claims_added Σ9,162 (max 4,581), last 2026-09-19T09:55Z; public export sites: 509; public evidence.json artifacts: 1",monthly (sig-ingest-camreg-batch-02),2 target layer(s); agency: City of Chicago Department of Transportation | connector=dot_511 | kind=government_portal; custody=MIRROR; compact=public_terms_only
camreg_calgary_ab,Calgary traffic + intersection safety cameras (Socrata registry),ingested-live,traffic/DOT cameras,CA-AB; (pts non-US/unassigned:274),gov-open-data,LicenseRef-OperatorAccepted-DBRight,true,"GCS ops/runs: 1 run(s), claims_added Σ2,466 (max 2,466), last 2026-09-19T08:33Z; public export sites: 274; public evidence.json artifacts: 1",monthly (sig-ingest-camreg-batch-01),2 target layer(s); agency: City of Calgary | connector=dot_511 | kind=government_portal; custody=MIRROR; compact=public_terms_only
camreg_edmonton_ab,Edmonton intersection safety device locations (Socrata registry),gated,traffic/DOT cameras,CA-AB,gov-open-data,UNDETERMINED,false,none found,none,1 target layer(s); agency: City of Edmonton | connector=dot_511 | live target present; rights UNDETERMINED | kind=government_portal; custody=MIRROR; compact=not_contacted
camreg_honolulu_hi,Honolulu traffic camera locations (Socrata registry),ingested-live,traffic/DOT cameras,US-HI; (pts:US-HI),gov-open-data,LicenseRef-PublicRecord-FactualCompilation,true,"GCS ops/runs: 1 run(s), claims_added Σ2,269 (max 2,269), last 2026-09-19T14:58Z; public export sites: 252; public evidence.json artifacts: 1",monthly (sig-ingest-camreg-batch-03),1 target layer(s); agency: City and County of Honolulu | connector=dot_511 | kind=government_portal; custody=MIRROR; compact=public_terms_only
camreg_md_opendata,Maryland traffic cameras (Socrata open-data mirror),ingested-live,traffic/DOT cameras,"US-MD; (pts:US-MD,US-VA); (pts non-US/unassigned:26)",gov-open-data,LicenseRef-PublicRecord-FactualCompilation,true,"GCS ops/runs: 1 run(s), claims_added Σ9,020 (max 9,020), last 2026-09-19T09:33Z; public export sites: 902; public evidence.json artifacts: 1",monthly (sig-ingest-camreg-batch-04),2 target layer(s); agency: Maryland Department of Transportation / CHART | connector=dot_511 | kind=government_portal; custody=MIRROR; compact=public_terms_only
camreg_york_on,York Region traffic + red-light cameras (ArcGIS registry),ingested-live,traffic/DOT cameras,CA-ON; (pts non-US/unassigned:449),gov-open-data,LicenseRef-OperatorAccepted-DBRight,true,"GCS ops/runs: 3 run(s), claims_added Σ11,958 (max 3,986), last 2026-09-19T10:51Z; public export sites: 449; public evidence.json artifacts: 1",monthly (sig-ingest-camreg-batch-08),2 target layer(s); agency: Regional Municipality of York | connector=dot_511 | kind=government_portal; custody=MIRROR; compact=public_terms_only
camreg_arlington_va,Arlington County traffic + photo enforcement cameras (ArcGIS registry),ingested-live,traffic/DOT cameras,"US-VA; (pts:US-DC,US-VA)",gov-open-data,LicenseRef-PublicRecord-FactualCompilation,true,"GCS ops/runs: 3 run(s), claims_added Σ7,016 (max 3,508), last 2026-09-19T15:34Z; public export sites: 383; public evidence.json artifacts: 1",monthly (sig-ingest-camreg-batch-01),3 target layer(s); agency: Arlington County DES | connector=dot_511 | kind=government_portal; custody=MIRROR; compact=public_terms_only
camreg_seattle_wa,Seattle traffic + safety cameras (SDOT ArcGIS registry),ingested-live,traffic/DOT cameras,US-WA; (pts:US-WA),gov-open-data,LicenseRef-PublicRecord-FactualCompilation,true,"GCS ops/runs: 1 run(s), claims_added Σ6,862 (max 6,862), last 2026-09-19T08:15Z; public export sites: 776; public evidence.json artifacts: 1",monthly (sig-ingest-camreg-batch-06),2 target layer(s); agency: Seattle Department of Transportation | connector=dot_511 | kind=government_portal; custody=MIRROR; compact=public_terms_only
camreg_bellevue_wa,Bellevue traffic cameras (ArcGIS registry),gated,traffic/DOT cameras,US-WA,gov-open-data,UNDETERMINED,false,none found,none,1 target layer(s); agency: City of Bellevue Transportation Department | connector=dot_511 | live target present; rights UNDETERMINED | kind=government_portal; custody=MIRROR; compact=not_contacted
camreg_lexington_ky,Lexington traffic camera locations (LFUCG ArcGIS registry),ingested-live,traffic/DOT cameras,US-KY; (pts:US-KY),gov-open-data,LicenseRef-PublicRecord-FactualCompilation,true,"GCS ops/runs: 1 run(s), claims_added Σ972 (max 972), last 2026-09-19T07:48Z; public export sites: 108; public evidence.json artifacts: 1",monthly (sig-ingest-camreg-batch-04),1 target layer(s); agency: Lexington-Fayette Urban County Government (LFUCG) | connector=dot_511 | kind=government_portal; custody=MIRROR; compact=public_terms_only
camreg_nzta_nz,NZTA traffic cameras (ArcGIS public view),ingested-live,traffic/DOT cameras,ISO:NZ; (pts non-US/unassigned:783),gov-open-data,LicenseRef-OperatorAccepted-DBRight,true,"GCS ops/runs: 1 run(s), claims_added Σ9,063 (max 9,063), last 2026-09-19T07:48Z; public export sites: 783; public evidence.json artifacts: 1",monthly (sig-ingest-camreg-batch-05),4 target layer(s); agency: NZ Transport Agency Waka Kotahi | connector=dot_511 | kind=government_portal; custody=MIRROR; compact=public_terms_only
camreg_qldc_au,Queensland CCTV cameras external view (ArcGIS registry),gated,CCTV registries,AU-QLD,gov-open-data,UNDETERMINED,false,none found,none,1 target layer(s); agency: Queensland Government (QLDCGIS external view) | connector=dot_511 | live target present; rights UNDETERMINED | kind=government_portal; custody=MIRROR; compact=not_contacted
camreg_donegal_ie,Donegal traffic cameras (ArcGIS registry),ingested-live,traffic/DOT cameras,IE-DL; (pts non-US/unassigned:123),gov-open-data,LicenseRef-OperatorAccepted-DBRight,true,"GCS ops/runs: 2 run(s), claims_added Σ2,214 (max 1,107), last 2026-09-19T10:36Z; public export sites: 123; public evidence.json artifacts: 1",monthly (sig-ingest-camreg-batch-02),1 target layer(s); agency: Donegal County Council / TII | connector=dot_511 | kind=government_portal; custody=MIRROR; compact=public_terms_only
camreg_hk_hk,Hong Kong CCTV camera locations (ArcGIS registry),gated,traffic/DOT cameras,ISO:HK,gov-open-data,UNDETERMINED,false,none found,none,1 target layer(s); agency: Hong Kong Transport Department | connector=dot_511 | live target present; rights UNDETERMINED | kind=government_portal; custody=MIRROR; compact=not_contacted
camreg_washington_dc,Washington DC CCTV street cameras (DCGIS ArcGIS registry),ingested-live,CCTV registries,"US-DC; (pts:US-DC,US-MD); (pts non-US/unassigned:1)",gov-open-data,CC-BY-4.0,true,"GCS ops/runs: 2 run(s), claims_added Σ21,210 (max 10,610), last 2026-09-28T12:02Z; public export sites: 940; public evidence.json artifacts: 1",monthly (sig-ingest-camreg-washington-dc),1 target layer(s); agency: District of Columbia (DCGIS / OCTO) | connector=dot_511 | kind=government_portal; custody=MIRROR; compact=public_terms_only
camreg_nottingham_gb,Nottingham CCTV cameras (ArcGIS registry),ingested-live,CCTV registries,GB-ENG; (pts non-US/unassigned:562),gov-open-data,OGL-3.0,true,"GCS ops/runs: 2 run(s), claims_added Σ11,626 (max 6,094), last 2026-09-28T14:03Z; public export sites: 562; public evidence.json artifacts: 1",monthly (sig-ingest-camreg-nottingham-gb),1 target layer(s); agency: Nottingham City Council | connector=dot_511 | I1 NEW-2: lat/lon axis swapped in published geometry | kind=government_portal; custody=MIRROR; compact=public_terms_only
camreg_york_gb,City of York CCTV cameras (ArcGIS registry),ingested-live,CCTV registries,GB-ENG; (pts non-US/unassigned:222),gov-open-data,OGL-3.0,true,"GCS ops/runs: 3 run(s), claims_added Σ6,069 (max 2,171), last 2026-09-28T16:02Z; public export sites: 222; public evidence.json artifacts: 1",monthly (sig-ingest-camreg-york-gb),1 target layer(s); agency: City of York Council | connector=dot_511 | kind=government_portal; custody=MIRROR; compact=public_terms_only
camreg_glasgow_gb,Glasgow CCTV cameras (ArcGIS registry),ingested-live,CCTV registries,GB-SCT; (pts non-US/unassigned:441),gov-open-data,OGL-3.0,true,"GCS ops/runs: 2 run(s), claims_added Σ10,143 (max 5,292), last 2026-09-28T18:12Z; public export sites: 441; public evidence.json artifacts: 1",monthly (sig-ingest-camreg-glasgow-gb),1 target layer(s); agency: Glasgow City Council | connector=dot_511 | kind=government_portal; custody=MIRROR; compact=public_terms_only
camreg_northayrshire_gb,North Ayrshire CCTV cameras (ArcGIS registry),ingested-live,CCTV registries,GB-SCT; (pts non-US/unassigned:108),gov-open-data,OGL-3.0,true,"GCS ops/runs: 2 run(s), claims_added Σ2,268 (max 1,188), last 2026-09-28T20:09Z; public export sites: 108; public evidence.json artifacts: 1",monthly (sig-ingest-camreg-northayrshire-gb),1 target layer(s); agency: North Ayrshire Council | connector=dot_511 | kind=government_portal; custody=MIRROR; compact=public_terms_only
camreg_lambeth_gb,Lambeth parking CCTV cameras (ArcGIS registry),ingested-live,CCTV registries,GB-ENG; (pts non-US/unassigned:35),gov-open-data,OGL-3.0,true,"GCS ops/runs: 2 run(s), claims_added Σ665 (max 350), last 2026-09-28T22:02Z; public export sites: 35; public evidence.json artifacts: 1",monthly (sig-ingest-camreg-lambeth-gb),1 target layer(s); agency: London Borough of Lambeth | connector=dot_511 | kind=government_portal; custody=MIRROR; compact=public_terms_only
camreg_peel_on,Peel Region red-light cameras (ArcGIS registry),ingested-live,traffic/DOT cameras,CA-ON; (pts non-US/unassigned:37),gov-open-data,LicenseRef-Peel-ODL-1.0,true,"GCS ops/runs: 2 run(s), claims_added Σ777 (max 407), last 2026-09-29T12:03Z; public export sites: 37; public evidence.json artifacts: 1",monthly (sig-ingest-camreg-peel-on),1 target layer(s); agency: Regional Municipality of Peel | connector=dot_511 | kind=government_portal; custody=MIRROR; compact=public_terms_only
camreg_stalbert_ab,St. Albert photo enforcement camera sites (ArcGIS registry),ingested-live,traffic/DOT cameras,CA-AB; (pts non-US/unassigned:80),gov-open-data,LicenseRef-OperatorAccepted-DBRight,true,"GCS ops/runs: 1 run(s), claims_added Σ720 (max 720), last 2026-09-19T12:01Z; public export sites: 80; public evidence.json artifacts: 1",monthly (sig-ingest-camreg-batch-06),1 target layer(s); agency: City of St. Albert | connector=dot_511 | kind=government_portal; custody=MIRROR; compact=public_terms_only
camreg_rochester_ny,Rochester NY BlueLight cameras (ArcGIS registry),ingested-live,CCTV registries,US-NY; (pts:US-NY),gov-open-data,ODbL-1.0,true,"GCS ops/runs: 2 run(s), claims_added Σ3,363 (max 1,770), last 2026-09-29T14:02Z; public export sites: 177; public evidence.json artifacts: 1",monthly (sig-ingest-camreg-rochester-ny),"1 target layer(s); agency: Rochester Police Department (City of Rochester, NY) | connector=dot_511 | kind=government_portal; custody=MIRROR; compact=public_terms_only"
camreg_goldcoast_au,City of Gold Coast Safety Camera Network (ArcGIS registry),ingested-live,CCTV registries,AU-QLD; (pts non-US/unassigned:624),gov-open-data,CC-BY-4.0,true,"GCS ops/runs: 2 run(s), claims_added Σ10,608 (max 5,616), last 2026-09-29T16:04Z; public export sites: 624; public evidence.json artifacts: 1",monthly (sig-ingest-camreg-goldcoast-au),1 target layer(s); agency: City of Gold Coast (Safety Camera Network) | connector=dot_511 | kind=government_portal; custody=MIRROR; compact=public_terms_only
camreg_puertogaitan_co,Puerto Gaitán municipal CCTV map (datos.gov.co Socrata registry),ingested-live,CCTV registries,CO-MET; (pts non-US/unassigned:50),gov-open-data,CC-BY-SA-4.0,true,"GCS ops/runs: 3 run(s), claims_added Σ1,500 (max 500), last 2026-09-29T18:03Z; public export sites: 50; public evidence.json artifacts: 1",monthly (sig-ingest-camreg-puertogaitan-co),"1 target layer(s); agency: Alcaldía de Puerto Gaitán, Meta | connector=dot_511 | kind=government_portal; custody=MIRROR; compact=public_terms_only"
camreg_achd_id,Ada County Highway District traffic cameras (ArcGIS registry),ingested-live,traffic/DOT cameras,US-ID; (pts:US-ID),gov-open-data,LicenseRef-PublicRecord-FactualCompilation,true,"GCS ops/runs: 2 run(s), claims_added Σ3,712 (max 1,856), last 2026-09-19T07:09Z; public export sites: 232; public evidence.json artifacts: 1",monthly (sig-ingest-camreg-batch-01),"1 target layer(s); agency: Ada County Highway District, Idaho | connector=dot_511 | kind=government_portal; custody=MIRROR; compact=public_terms_only"
camreg_aikner,Traffic cameras (aikner_mrrigis ArcGIS registry),ingested-live,traffic/DOT cameras,(pts:US-NJ),other,LicenseRef-OperatorAccepted-DBRight,true,"GCS ops/runs: 2 run(s), claims_added Σ1,072 (max 536), last 2026-09-19T07:11Z; public export sites: 67; public evidence.json artifacts: 1",monthly (sig-ingest-camreg-batch-01),1 target layer(s); agency: ArcGIS community-published traffic-camera registry | connector=dot_511 | kind=government_portal; custody=MIRROR; compact=public_terms_only
camreg_amber_kh,Traffic monitoring cameras (ArcGIS registry),ingested-live,traffic/DOT cameras,(pts:US-FL),other,LicenseRef-OperatorAccepted-DBRight,true,"GCS ops/runs: 2 run(s), claims_added Σ1,152 (max 576), last 2026-09-19T07:12Z; public export sites: 72; public evidence.json artifacts: 1",monthly (sig-ingest-camreg-batch-01),1 target layer(s); agency: ArcGIS community-published traffic-camera registry | connector=dot_511 | kind=government_portal; custody=MIRROR; compact=public_terms_only
camreg_apram_pt,Madeira CCTV cameras (APRAM ArcGIS registry),ingested-live,CCTV registries,ISO:PT,gov-open-data,LicenseRef-OperatorAccepted-DBRight,true,"GCS ops/runs: 2 run(s), claims_added Σ3,872 (max 1,936), last 2026-09-19T07:14Z; public export sites: 1; public evidence.json artifacts: 1",monthly (sig-ingest-camreg-batch-01),"1 target layer(s); agency: APRAM — Agência Regional para o Ambiente, Portugal | connector=dot_511 | kind=government_portal; custody=MIRROR; compact=public_terms_only"
camreg_arc_1975641302,"CCTV locations registry (ArcGIS, anonymous publisher)",ingested-live,CCTV registries,(pts:US-NJ),other,LicenseRef-OperatorAccepted-DBRight,true,"GCS ops/runs: 2 run(s), claims_added Σ944 (max 472), last 2026-09-19T07:18Z; public export sites: 59; public evidence.json artifacts: 1",monthly (sig-ingest-camreg-batch-01),1 target layer(s); agency: ArcGIS community-published CCTV registry | connector=dot_511 | kind=government_portal; custody=MIRROR; compact=public_terms_only
camreg_avctransport,Surveillance 2026 registry (avctransport ArcGIS layer),ingested-live,traffic/DOT cameras;CCTV registries,(pts:US-AK),other,LicenseRef-OperatorAccepted-DBRight,true,"GCS ops/runs: 2 run(s), claims_added Σ144 (max 72), last 2026-09-19T07:22Z; public export sites: 9; public evidence.json artifacts: 1",monthly (sig-ingest-camreg-batch-01),1 target layer(s); agency: ArcGIS community-published camera registry | connector=dot_511 | kind=government_portal; custody=MIRROR; compact=public_terms_only
camreg_azdot_az,Arizona DOT CCTV cameras (ArcGIS registry),ingested-live,traffic/DOT cameras,US-AZ; (pts:US-AZ); (pts non-US/unassigned:4),gov-open-data,LicenseRef-PublicRecord-FactualCompilation,true,"GCS ops/runs: 2 run(s), claims_added Σ10,520 (max 5,260), last 2026-09-19T07:23Z; public export sites: 526; public evidence.json artifacts: 1",monthly (sig-ingest-camreg-batch-01),1 target layer(s); agency: Arizona Department of Transportation (ADOT publisher account) | connector=dot_511 | kind=government_portal; custody=MIRROR; compact=public_terms_only
camreg_baltimore_atves_md,Baltimore ATVES speed/red-light cameras (ArcGIS registry),ingested-live,traffic/DOT cameras,US-MD; (pts:US-MD),gov-open-data,LicenseRef-PublicRecord-FactualCompilation,true,"GCS ops/runs: 1 run(s), claims_added Σ3,360 (max 3,360), last 2026-09-19T07:35Z; public export sites: 336; public evidence.json artifacts: 1",monthly (sig-ingest-camreg-batch-01),4 target layer(s); agency: City of Baltimore (baltimore_city ArcGIS org) | connector=dot_511 | kind=government_portal; custody=MIRROR; compact=public_terms_only
camreg_bangla_bd,Bangladesh camera locations (ArcGIS registry),ingested-live,CCTV registries,ISO:BD; (pts non-US/unassigned:447),other,LicenseRef-OperatorAccepted-DBRight,true,"GCS ops/runs: 1 run(s), claims_added Σ3,584 (max 3,584), last 2026-09-19T07:51Z; public export sites: 447; public evidence.json artifacts: 1",monthly (sig-ingest-camreg-batch-01),1 target layer(s); agency: Bangladesh community-published camera registry | connector=dot_511 | I1 NEW-2: points in Singapore labelled BD | kind=government_portal; custody=MIRROR; compact=public_terms_only
camreg_bargabos,CCTV camera registry (ArcGIS layer),ingested-live,CCTV registries,(pts:US-MD),other,LicenseRef-OperatorAccepted-DBRight,true,"GCS ops/runs: 1 run(s), claims_added Σ81 (max 81), last 2026-09-19T08:06Z; public export sites: 9; public evidence.json artifacts: 1",monthly (sig-ingest-camreg-batch-01),1 target layer(s); agency: ArcGIS community-published CCTV registry | connector=dot_511 | kind=government_portal; custody=MIRROR; compact=public_terms_only
camreg_bedford_gb,Bedford external CCTV cameras (ArcGIS registry),ingested-live,CCTV registries,GB-ENG; (pts non-US/unassigned:230),gov-open-data,LicenseRef-OperatorAccepted-DBRight,true,"GCS ops/runs: 1 run(s), claims_added Σ1,840 (max 1,840), last 2026-09-19T08:07Z; public export sites: 230; public evidence.json artifacts: 1",monthly (sig-ingest-camreg-batch-01),1 target layer(s); agency: Bedford Borough Council | connector=dot_511 | kind=government_portal; custody=MIRROR; compact=public_terms_only
camreg_bettendorf_ia,Bettendorf traffic control / stop-light cameras (ArcGIS registry),ingested-live,traffic/DOT cameras,US-IA; (pts:US-IA),gov-open-data,LicenseRef-PublicRecord-FactualCompilation,true,"GCS ops/runs: 1 run(s), claims_added Σ1,320 (max 1,320), last 2026-09-19T08:14Z; public export sites: 147; public evidence.json artifacts: 1",monthly (sig-ingest-camreg-batch-01),"1 target layer(s); agency: City of Bettendorf, Iowa | connector=dot_511 | kind=government_portal; custody=MIRROR; compact=public_terms_only"
camreg_bouhan_jp,Japanese bouhan (security) camera locations (ArcGIS registry),ingested-live,CCTV registries,ISO:JP; (pts non-US/unassigned:56),other,LicenseRef-OperatorAccepted-DBRight,true,"GCS ops/runs: 1 run(s), claims_added Σ464 (max 464), last 2026-09-19T08:19Z; public export sites: 57; public evidence.json artifacts: 1",monthly (sig-ingest-camreg-batch-01),1 target layer(s); agency: Japanese community-published camera registry | connector=dot_511 | kind=government_portal; custody=MIRROR; compact=public_terms_only
camreg_brea_ca,Brea PD camera locations and inventory (ArcGIS registry),ingested-live,CCTV registries,US-CA; (pts:US-CA),gov-open-data,LicenseRef-PublicRecord-FactualCompilation,true,"GCS ops/runs: 1 run(s), claims_added Σ2,662 (max 2,662), last 2026-09-19T08:21Z; public export sites: 317; public evidence.json artifacts: 1",monthly (sig-ingest-camreg-batch-01),"4 target layer(s); agency: City of Brea, California | connector=dot_511 | kind=government_portal; custody=MIRROR; compact=public_terms_only"
camreg_caledon_on,Caledon CCTV locations (ArcGIS registry),ingested-live,CCTV registries,CA-ON; (pts non-US/unassigned:42),gov-open-data,LicenseRef-OperatorAccepted-DBRight,true,"GCS ops/runs: 1 run(s), claims_added Σ336 (max 336), last 2026-09-19T08:31Z; public export sites: 42; public evidence.json artifacts: 1",monthly (sig-ingest-camreg-batch-01),"1 target layer(s); agency: Town of Caledon, Ontario | connector=dot_511 | kind=government_portal; custody=MIRROR; compact=public_terms_only"
camreg_caloes_ca,CalOES California webcams (ArcGIS registry),ingested-live,traffic/DOT cameras,"US-CA; (pts:US-AZ,US-CA,US-ID,US-MT,US-NV,US-WA); (pts non-US/unassigned:61)",gov-open-data,LicenseRef-PublicRecord-FactualCompilation,true,"GCS ops/runs: 1 run(s), claims_added Σ43,420 (max 43,420), last 2026-09-19T08:44Z; public export sites: 4,342; public evidence.json artifacts: 1",monthly (sig-ingest-camreg-batch-01),1 target layer(s); agency: California Governor's Office of Emergency Services | connector=dot_511 | kind=government_portal; custody=MIRROR; compact=public_terms_only
camreg_camberwell_au,Camberwell-area CCTV cameras (ArcGIS registry),ingested-live,CCTV registries;school surveillance,AU-VIC; (pts non-US/unassigned:67),academic,LicenseRef-OperatorAccepted-DBRight,true,"GCS ops/runs: 1 run(s), claims_added Σ536 (max 536), last 2026-09-19T11:37Z; public export sites: 67; public evidence.json artifacts: 1",monthly (sig-ingest-camreg-batch-01),2 target layer(s); agency: Camberwell Grammar School GIS org (community-published layer) | connector=dot_511 | kind=government_portal; custody=MIRROR; compact=public_terms_only
camreg_camilo_schools,CCTV locations (GIS-for-schools ArcGIS registry),ingested-live,CCTV registries;school surveillance,(pts non-US/unassigned:31),academic,LicenseRef-OperatorAccepted-DBRight,true,"GCS ops/runs: 4 run(s), claims_added Σ996 (max 249), last 2026-09-19T09:20Z; public export sites: 31; public evidence.json artifacts: 1",monthly (sig-ingest-camreg-batch-02),1 target layer(s); agency: ArcGIS community-published CCTV registry | connector=dot_511 | kind=government_portal; custody=MIRROR; compact=public_terms_only
camreg_carver_mn,Carver County traffic cameras (ArcGIS registry),ingested-live,traffic/DOT cameras,"US-MN; (pts:US-MN,US-ND,US-WI); (pts non-US/unassigned:3)",gov-open-data,LicenseRef-PublicRecord-FactualCompilation,true,"GCS ops/runs: 3 run(s), claims_added Σ16,934 (max 8,467), last 2026-09-19T09:21Z; public export sites: 915; public evidence.json artifacts: 1",monthly (sig-ingest-camreg-batch-02),"1 target layer(s); agency: Carver County, Minnesota | connector=dot_511 | kind=government_portal; custody=MIRROR; compact=public_terms_only"
camreg_cclemire,Public-safety cameras view (ArcGIS registry),ingested-live,CCTV registries,(pts:US-FL),other,LicenseRef-OperatorAccepted-DBRight,true,"GCS ops/runs: 3 run(s), claims_added Σ54 (max 18), last 2026-09-19T09:48Z; public export sites: 2; public evidence.json artifacts: 1",monthly (sig-ingest-camreg-batch-02),1 target layer(s); agency: ArcGIS community-published camera registry | connector=dot_511 | kind=government_portal; custody=MIRROR; compact=public_terms_only
camreg_chattanooga_tn,Chattanooga public-safety cameras (CHATTGIS ArcGIS registry),ingested-live,CCTV registries,US-TN; (pts:US-TN),gov-open-data,LicenseRef-PublicRecord-FactualCompilation,true,"GCS ops/runs: 3 run(s), claims_added Σ4,056 (max 1,352), last 2026-09-19T09:48Z; public export sites: 166; public evidence.json artifacts: 1",monthly (sig-ingest-camreg-batch-02),2 target layer(s); agency: Chattanooga-area GIS publisher (CHATTGIS) | connector=dot_511 | kind=government_portal; custody=MIRROR; compact=public_terms_only
camreg_cheicylia,CCTV camera registry (ArcGIS layer),ingested-live,CCTV registries,(pts non-US/unassigned:93),other,LicenseRef-OperatorAccepted-DBRight,true,"GCS ops/runs: 3 run(s), claims_added Σ5,109 (max 1,703), last 2026-09-19T09:52Z; public export sites: 93; public evidence.json artifacts: 1",monthly (sig-ingest-camreg-batch-02),1 target layer(s); agency: ArcGIS community-published CCTV registry | connector=dot_511 | kind=government_portal; custody=MIRROR; compact=public_terms_only
camreg_colgis,Traffic cameras view (COLGIS ArcGIS registry),ingested-live,traffic/DOT cameras,(pts:US-CO),other,LicenseRef-OperatorAccepted-DBRight,true,"GCS ops/runs: 2 run(s), claims_added Σ270 (max 135), last 2026-09-19T10:10Z; public export sites: 15; public evidence.json artifacts: 1",monthly (sig-ingest-camreg-batch-02),1 target layer(s); agency: ArcGIS community-published traffic-camera registry | connector=dot_511 | kind=government_portal; custody=MIRROR; compact=public_terms_only
camreg_cotgeo,Geospatial traffic camera registry (ArcGIS layer),ingested-live,traffic/DOT cameras,(pts non-US/unassigned:336),other,LicenseRef-OperatorAccepted-DBRight,true,"GCS ops/runs: 2 run(s), claims_added Σ5,376 (max 2,688), last 2026-09-19T10:11Z; public export sites: 336; public evidence.json artifacts: 1",monthly (sig-ingest-camreg-batch-02),1 target layer(s); agency: ArcGIS community-published traffic-camera registry | connector=dot_511 | kind=government_portal; custody=MIRROR; compact=public_terms_only
camreg_cphang,Surveillance sites (ArcGIS registry),ingested-live,CCTV registries,(pts:US-IL),other,LicenseRef-OperatorAccepted-DBRight,true,"GCS ops/runs: 2 run(s), claims_added Σ90 (max 45), last 2026-09-19T10:20Z; public export sites: 5; public evidence.json artifacts: 1",monthly (sig-ingest-camreg-batch-02),1 target layer(s); agency: ArcGIS community-published surveillance-site registry | connector=dot_511 | kind=government_portal; custody=MIRROR; compact=public_terms_only
camreg_cwarcgis,Camera registry (cwarcgis ArcGIS layer),ingested-live,CCTV registries,(pts non-US/unassigned:7),other,LicenseRef-OperatorAccepted-DBRight,true,"GCS ops/runs: 2 run(s), claims_added Σ126 (max 63), last 2026-09-19T10:20Z; public export sites: 7; public evidence.json artifacts: 1",monthly (sig-ingest-camreg-batch-02),1 target layer(s); agency: ArcGIS community-published camera registry | connector=dot_511 | kind=government_portal; custody=MIRROR; compact=public_terms_only
camreg_dc_dot_dc,Washington DC traffic-camera ArcGIS republish layers,ingested-live,traffic/DOT cameras,"US-DC; (pts:US-DC,US-MD)",gov-open-data,LicenseRef-PublicRecord-FactualCompilation,true,"GCS ops/runs: 2 run(s), claims_added Σ9,990 (max 4,995), last 2026-09-19T10:20Z; public export sites: 538; public evidence.json artifacts: 1",monthly (sig-ingest-camreg-batch-02),"3 target layer(s); agency: District of Columbia (DDOT camera registries, republished layers) | connector=dot_511 | kind=government_portal; custody=MIRROR; compact=public_terms_only"
camreg_denver_co,Denver automated license-plate-reader camera locations (ArcGIS registry),ingested-live,fixed ALPR,US-CO; (pts:US-CO),gov-open-data,LicenseRef-PublicRecord-FactualCompilation,true,"GCS ops/runs: 2 run(s), claims_added Σ252 (max 126), last 2026-09-19T10:35Z; public export sites: 14; public evidence.json artifacts: 1",monthly (sig-ingest-camreg-batch-02),1 target layer(s); agency: City and County of Denver | connector=dot_511 | kind=government_portal; custody=MIRROR; compact=public_terms_only
camreg_dover_gb,Dover CCTV cameras (ArcGIS registry),ingested-live,CCTV registries,GB-ENG; (pts non-US/unassigned:62),gov-open-data,LicenseRef-OperatorAccepted-DBRight,true,"GCS ops/runs: 2 run(s), claims_added Σ1,116 (max 558), last 2026-09-19T10:38Z; public export sites: 62; public evidence.json artifacts: 1",monthly (sig-ingest-camreg-batch-02),1 target layer(s); agency: Dover District Council | connector=dot_511 | kind=government_portal; custody=MIRROR; compact=public_terms_only
camreg_dubuque_ia,Dubuque public camera locations (ArcGIS registry),ingested-live,CCTV registries,US-IA; (pts:US-IA),gov-open-data,LicenseRef-PublicRecord-FactualCompilation,true,"GCS ops/runs: 2 run(s), claims_added Σ54 (max 27), last 2026-09-19T10:40Z; public export sites: 3; public evidence.json artifacts: 1",monthly (sig-ingest-camreg-batch-02),"1 target layer(s); agency: City of Dubuque, Iowa | connector=dot_511 | kind=government_portal; custody=MIRROR; compact=public_terms_only"
camreg_duganmeyer,Flock ALPR locations (UA GIS ArcGIS registry),ingested-live,fixed ALPR,(pts:US-AZ),academic,LicenseRef-OperatorAccepted-DBRight,true,"GCS ops/runs: 2 run(s), claims_added Σ864 (max 432), last 2026-09-19T10:40Z; public export sites: 54; public evidence.json artifacts: 1",monthly (sig-ingest-camreg-batch-02),1 target layer(s); agency: University-community-published ALPR camera registry | connector=dot_511 | kind=government_portal; custody=MIRROR; compact=public_terms_only
camreg_durham_gb,Durham County traffic web cameras (ArcGIS registry),ingested-live,traffic/DOT cameras,GB-ENG; (pts non-US/unassigned:33),gov-open-data,LicenseRef-OperatorAccepted-DBRight,true,"GCS ops/runs: 2 run(s), claims_added Σ594 (max 297), last 2026-09-19T10:41Z; public export sites: 33; public evidence.json artifacts: 1",monthly (sig-ingest-camreg-batch-02),1 target layer(s); agency: Durham County Council | connector=dot_511 | kind=government_portal; custody=MIRROR; compact=public_terms_only
camreg_eastdun_gb,East Dunbartonshire CCTV cameras (ArcGIS registry),ingested-live,CCTV registries,GB-SCT; (pts non-US/unassigned:46),gov-open-data,LicenseRef-OperatorAccepted-DBRight,true,"GCS ops/runs: 2 run(s), claims_added Σ826 (max 413), last 2026-09-19T10:42Z; public export sites: 46; public evidence.json artifacts: 1",monthly (sig-ingest-camreg-batch-02),1 target layer(s); agency: East Dunbartonshire Council | connector=dot_511 | kind=government_portal; custody=MIRROR; compact=public_terms_only
camreg_ebrgis_la,East Baton Rouge traffic cameras (EBRGIS ArcGIS registry),ingested-live,traffic/DOT cameras,US-LA; (pts:US-LA),gov-open-data,LicenseRef-PublicRecord-FactualCompilation,true,"GCS ops/runs: 2 run(s), claims_added Σ1,888 (max 944), last 2026-09-19T10:43Z; public export sites: 118; public evidence.json artifacts: 1",monthly (sig-ingest-camreg-batch-02),1 target layer(s); agency: City of Baton Rouge / East Baton Rouge Parish | connector=dot_511 | kind=government_portal; custody=MIRROR; compact=public_terms_only
camreg_esri_dash,Traffic cameras (Esri dashboard-publisher ArcGIS layer),ingested-live,traffic/DOT cameras,"(pts:US-MD,US-VA); (pts non-US/unassigned:13)",other,LicenseRef-OperatorAccepted-DBRight,true,"GCS ops/runs: 2 run(s), claims_added Σ8,756 (max 4,378), last 2026-09-19T10:46Z; public export sites: 438; public evidence.json artifacts: 1",monthly (sig-ingest-camreg-batch-02),1 target layer(s); agency: ArcGIS community-published traffic-camera registry | connector=dot_511 | kind=government_portal; custody=MIRROR; compact=public_terms_only
camreg_esriukpolice_gb,UK police CCTV locations (Esri UK police ArcGIS registry),ingested-live,CCTV registries,ISO:GB; (pts non-US/unassigned:12),other,LicenseRef-OperatorAccepted-DBRight,true,"GCS ops/runs: 2 run(s), claims_added Σ192 (max 96), last 2026-09-19T10:58Z; public export sites: 12; public evidence.json artifacts: 1",monthly (sig-ingest-camreg-batch-02),1 target layer(s); agency: Esri UK police demonstration org (community-published layer) | connector=dot_511 | kind=government_portal; custody=MIRROR; compact=public_terms_only
camreg_essex_gb,Essex safety cameras public view (ArcGIS registry),ingested-live,CCTV registries,GB-ENG; (pts non-US/unassigned:135),gov-open-data,LicenseRef-OperatorAccepted-DBRight,true,"GCS ops/runs: 2 run(s), claims_added Σ2,430 (max 1,215), last 2026-09-19T10:58Z; public export sites: 135; public evidence.json artifacts: 1",monthly (sig-ingest-camreg-batch-02),1 target layer(s); agency: Essex County Council / Essex Safety Camera Partnership | connector=dot_511 | kind=government_portal; custody=MIRROR; compact=public_terms_only
camreg_fifia,CCTV_ camera registry (ArcGIS layer),ingested-live,CCTV registries,(pts non-US/unassigned:19),other,LicenseRef-OperatorAccepted-DBRight,true,"GCS ops/runs: 2 run(s), claims_added Σ342 (max 171), last 2026-09-19T11:01Z; public export sites: 19; public evidence.json artifacts: 1",monthly (sig-ingest-camreg-batch-02),1 target layer(s); agency: ArcGIS community-published CCTV registry | connector=dot_511 | kind=government_portal; custody=MIRROR; compact=public_terms_only
camreg_firemedic,Traffic camera registry (ArcGIS layer),ingested-live,traffic/DOT cameras,(pts:US-AZ),other,LicenseRef-OperatorAccepted-DBRight,true,"GCS ops/runs: 2 run(s), claims_added Σ9,968 (max 4,984), last 2026-09-19T07:09Z; public export sites: 623; public evidence.json artifacts: 1",monthly (sig-ingest-camreg-batch-03),1 target layer(s); agency: ArcGIS community-published traffic-camera registry | connector=dot_511 | kind=government_portal; custody=MIRROR; compact=public_terms_only
camreg_fl511_fl,FL511/FDOT traffic cameras (ArcGIS republish layers),ingested-live,traffic/DOT cameras,US-FL; (pts:US-FL); (pts non-US/unassigned:24),gov-open-data,LicenseRef-PublicRecord-FactualCompilation,true,"GCS ops/runs: 1 run(s), claims_added Σ116,048 (max 116,048), last 2026-09-19T07:20Z; public export sites: 9,347; public evidence.json artifacts: 1",monthly (sig-ingest-camreg-batch-03),"3 target layer(s); agency: Florida Department of Transportation (republished layers) | connector=dot_511 | I1 NEW-3: 1,964 of 9,347 published sites without geometry | kind=government_portal; custody=MIRROR; compact=public_terms_only"
camreg_forwardalliance,CCTV camera registry (forwardalliance ArcGIS layer),ingested-live,CCTV registries,(pts non-US/unassigned:1829),other,LicenseRef-OperatorAccepted-DBRight,true,"GCS ops/runs: 1 run(s), claims_added Σ14,632 (max 14,632), last 2026-09-19T13:52Z; public export sites: 1,829; public evidence.json artifacts: 1",monthly (sig-ingest-camreg-batch-03),1 target layer(s); agency: ArcGIS community-published CCTV registry | connector=dot_511 | kind=government_portal; custody=MIRROR; compact=public_terms_only
camreg_freese_dm,ITS CCTV camera layer (Freese DM ArcGIS registry),ingested-live,traffic/DOT cameras,(pts:US-LA),other,LicenseRef-OperatorAccepted-DBRight,true,"GCS ops/runs: 1 run(s), claims_added Σ6,409 (max 6,409), last 2026-09-19T14:33Z; public export sites: 534; public evidence.json artifacts: 1",monthly (sig-ingest-camreg-batch-03),1 target layer(s); agency: ArcGIS community-published ITS camera registry | connector=dot_511 | kind=government_portal; custody=MIRROR; compact=public_terms_only
camreg_friendswood_tx,Friendswood Flock Safety ALPR camera locations (ArcGIS registry),ingested-live,fixed ALPR,US-TX; (pts:US-TX),gov-open-data,LicenseRef-PublicRecord-FactualCompilation,true,"GCS ops/runs: 1 run(s), claims_added Σ290 (max 290), last 2026-09-19T14:48Z; public export sites: 29; public evidence.json artifacts: 1",monthly (sig-ingest-camreg-batch-03),"1 target layer(s); agency: City of Friendswood, Texas | connector=dot_511 | kind=government_portal; custody=MIRROR; compact=public_terms_only"
camreg_gainesville_fl,Gainesville traffic cameras (ArcGIS registry),ingested-live,traffic/DOT cameras,US-FL; (pts:US-FL),gov-open-data,LicenseRef-PublicRecord-FactualCompilation,true,"GCS ops/runs: 1 run(s), claims_added Σ1,171 (max 1,171), last 2026-09-19T14:48Z; public export sites: 117; public evidence.json artifacts: 1",monthly (sig-ingest-camreg-batch-03),"1 target layer(s); agency: City of Gainesville, Florida | connector=dot_511 | kind=government_portal; custody=MIRROR; compact=public_terms_only"
camreg_gedling_gb,Gedling CCTV locations (ArcGIS registry),ingested-live,CCTV registries,GB-ENG; (pts non-US/unassigned:92),gov-open-data,LicenseRef-OperatorAccepted-DBRight,true,"GCS ops/runs: 1 run(s), claims_added Σ736 (max 736), last 2026-09-19T14:51Z; public export sites: 92; public evidence.json artifacts: 1",monthly (sig-ingest-camreg-batch-03),1 target layer(s); agency: Gedling Borough Council | connector=dot_511 | kind=government_portal; custody=MIRROR; compact=public_terms_only
camreg_gistel_be,Gistel camera locations (ArcGIS registry),ingested-live,CCTV registries,ISO:BE; (pts non-US/unassigned:19),gov-open-data,LicenseRef-OperatorAccepted-DBRight,true,"GCS ops/runs: 1 run(s), claims_added Σ152 (max 152), last 2026-09-19T14:53Z; public export sites: 19; public evidence.json artifacts: 1",monthly (sig-ingest-camreg-batch-03),1 target layer(s); agency: Gistel municipal camera registry (m.decraemer publisher) | connector=dot_511 | kind=government_portal; custody=MIRROR; compact=public_terms_only
camreg_gmh_emc_ga,Georgia EMC CCTV cameras (ArcGIS registry),ingested-live,CCTV registries,US-GA; (pts non-US/unassigned:3),gov-open-data,LicenseRef-PublicRecord-FactualCompilation,true,"GCS ops/runs: 1 run(s), claims_added Σ24 (max 24), last 2026-09-19T14:54Z; public export sites: 3; public evidence.json artifacts: 1",monthly (sig-ingest-camreg-batch-03),1 target layer(s); agency: Georgia EMC (GMH_GA_emc publisher) | connector=dot_511 | I1 NEW-2: points in Mongolia (104.14E 49.04N) labelled GA | kind=government_portal; custody=MIRROR; compact=public_terms_only
camreg_guildford_gb,Guildford CCTV cameras (ArcGIS registry),ingested-live,CCTV registries,GB-ENG; (pts non-US/unassigned:150),gov-open-data,LicenseRef-OperatorAccepted-DBRight,true,"GCS ops/runs: 1 run(s), claims_added Σ1,211 (max 1,211), last 2026-09-19T14:54Z; public export sites: 150; public evidence.json artifacts: 1",monthly (sig-ingest-camreg-batch-03),1 target layer(s); agency: Guildford (rgsguildford publisher) | connector=dot_511 | kind=government_portal; custody=MIRROR; compact=public_terms_only
camreg_gvanmaren,CCTV cameras asset registry (3D-GIS ArcGIS layer),ingested-live,CCTV registries,(pts non-US/unassigned:9),other,LicenseRef-OperatorAccepted-DBRight,true,"GCS ops/runs: 1 run(s), claims_added Σ81 (max 81), last 2026-09-19T14:57Z; public export sites: 9; public evidence.json artifacts: 1",monthly (sig-ingest-camreg-batch-03),1 target layer(s); agency: ArcGIS community-published CCTV asset registry | connector=dot_511 | kind=government_portal; custody=MIRROR; compact=public_terms_only
camreg_helberg,Camera registry (ArcGIS layer),ingested-live,CCTV registries,(pts non-US/unassigned:1),other,LicenseRef-OperatorAccepted-DBRight,true,"GCS ops/runs: 1 run(s), claims_added Σ665 (max 665), last 2026-09-19T14:57Z; public export sites: 2; public evidence.json artifacts: 1",monthly (sig-ingest-camreg-batch-03),1 target layer(s); agency: ArcGIS community-published camera registry | connector=dot_511 | kind=government_portal; custody=MIRROR; compact=public_terms_only
camreg_indonesia_id,Indonesia CCTV camera layers (ArcGIS registry),ingested-live,CCTV registries,ISO:ID; (pts non-US/unassigned:266),gov-open-data,LicenseRef-OperatorAccepted-DBRight,true,"GCS ops/runs: 1 run(s), claims_added Σ2,252 (max 2,252), last 2026-09-19T15:04Z; public export sites: 268; public evidence.json artifacts: 1",monthly (sig-ingest-camreg-batch-03),9 target layer(s); agency: Indonesian community/municipal camera registries | connector=dot_511 | I1 NEW-1: merged into dossier 'ID' with Idaho | kind=government_portal; custody=MIRROR; compact=public_terms_only
camreg_infocemosa,CCTV point registry (Infocemosa ArcGIS layer),ingested-live,CCTV registries,(pts non-US/unassigned:326),other,LicenseRef-OperatorAccepted-DBRight,true,"GCS ops/runs: 1 run(s), claims_added Σ2,934 (max 2,934), last 2026-09-19T15:10Z; public export sites: 326; public evidence.json artifacts: 1",monthly (sig-ingest-camreg-batch-03),1 target layer(s); agency: ArcGIS community-published CCTV registry | connector=dot_511 | kind=government_portal; custody=MIRROR; compact=public_terms_only
camreg_infraestructura,"CCTV proyectado registry (ArcGIS, Spanish schema)",ingested-live,CCTV registries,(pts non-US/unassigned:213),other,LicenseRef-OperatorAccepted-DBRight,true,"GCS ops/runs: 1 run(s), claims_added Σ1,704 (max 1,704), last 2026-09-19T15:18Z; public export sites: 213; public evidence.json artifacts: 1",monthly (sig-ingest-camreg-batch-03),1 target layer(s); agency: ArcGIS community-published CCTV registry | connector=dot_511 | kind=government_portal; custody=MIRROR; compact=public_terms_only
camreg_ira,CCTV camera registry (ArcGIS layer),ingested-live,CCTV registries,(pts non-US/unassigned:3),other,LicenseRef-OperatorAccepted-DBRight,true,"GCS ops/runs: 2 run(s), claims_added Σ54 (max 27), last 2026-09-19T07:09Z; public export sites: 3; public evidence.json artifacts: 1",monthly (sig-ingest-camreg-batch-04),1 target layer(s); agency: ArcGIS community-published CCTV registry | connector=dot_511 | kind=government_portal; custody=MIRROR; compact=public_terms_only
camreg_jcfd3_or,Jackson County OR RoxyAnn camera (ArcGIS registry),ingested-live,CCTV registries,US-OR; (pts:US-OR),gov-open-data,LicenseRef-PublicRecord-FactualCompilation,true,"GCS ops/runs: 2 run(s), claims_added Σ18 (max 9), last 2026-09-19T07:10Z; public export sites: 1; public evidence.json artifacts: 1",monthly (sig-ingest-camreg-batch-04),"1 target layer(s); agency: Jackson County Fire District 3, Oregon | connector=dot_511 | kind=government_portal; custody=MIRROR; compact=public_terms_only"
camreg_jelenic,Camera point registry (UNSW ArcGIS layer),ingested-live,CCTV registries,(pts non-US/unassigned:365),academic,LicenseRef-OperatorAccepted-DBRight,true,"GCS ops/runs: 2 run(s), claims_added Σ6,568 (max 3,284), last 2026-09-19T07:10Z; public export sites: 365; public evidence.json artifacts: 1",monthly (sig-ingest-camreg-batch-04),1 target layer(s); agency: University-community-published camera registry | connector=dot_511 | kind=government_portal; custody=MIRROR; compact=public_terms_only
camreg_jmh_us,MPD Flock camera locations (ArcGIS registry),ingested-live,fixed ALPR,ISO:US; (pts:US-OR),gov-open-data,LicenseRef-PublicRecord-FactualCompilation,true,"GCS ops/runs: 2 run(s), claims_added Σ500 (max 250), last 2026-09-19T07:15Z; public export sites: 25; public evidence.json artifacts: 1",monthly (sig-ingest-camreg-batch-04),1 target layer(s); agency: US municipal police department (jmh_com publisher) | connector=dot_511 | kind=government_portal; custody=MIRROR; compact=public_terms_only
camreg_kcmo_mo,Kansas City traffic camera locations (ArcGIS registry),ingested-live,traffic/DOT cameras,"US-MO; (pts:US-KS,US-MO)",gov-open-data,LicenseRef-PublicRecord-FactualCompilation,true,"GCS ops/runs: 1 run(s), claims_added Σ2,124 (max 2,124), last 2026-09-19T07:16Z; public export sites: 236; public evidence.json artifacts: 1",monthly (sig-ingest-camreg-batch-04),"1 target layer(s); agency: Kansas City, Missouri | connector=dot_511 | kind=government_portal; custody=MIRROR; compact=public_terms_only"
camreg_keizer_or,Keizer traffic and graffiti cameras (ArcGIS registry),ingested-live,traffic/DOT cameras,US-OR; (pts:US-OR),gov-open-data,LicenseRef-PublicRecord-FactualCompilation,true,"GCS ops/runs: 1 run(s), claims_added Σ225 (max 225), last 2026-09-19T07:25Z; public export sites: 25; public evidence.json artifacts: 1",monthly (sig-ingest-camreg-batch-04),"1 target layer(s); agency: City of Keizer, Oregon | connector=dot_511 | kind=government_portal; custody=MIRROR; compact=public_terms_only"
camreg_keshan,Camera registry (KeshanMoodley ArcGIS layer),ingested-live,CCTV registries,(pts non-US/unassigned:149),other,LicenseRef-OperatorAccepted-DBRight,true,"GCS ops/runs: 1 run(s), claims_added Σ1,341 (max 1,341), last 2026-09-19T07:26Z; public export sites: 149; public evidence.json artifacts: 1",monthly (sig-ingest-camreg-batch-04),1 target layer(s); agency: ArcGIS community-published camera registry | connector=dot_511 | kind=government_portal; custody=MIRROR; compact=public_terms_only
camreg_kirkland_wa,Kirkland traffic cameras (ArcGIS registry),ingested-live,traffic/DOT cameras,US-WA; (pts:US-WA),gov-open-data,LicenseRef-PublicRecord-FactualCompilation,true,"GCS ops/runs: 1 run(s), claims_added Σ513 (max 513), last 2026-09-19T07:31Z; public export sites: 57; public evidence.json artifacts: 1",monthly (sig-ingest-camreg-batch-04),"1 target layer(s); agency: City of Kirkland, Washington | connector=dot_511 | kind=government_portal; custody=MIRROR; compact=public_terms_only"
camreg_kosman,Traffic cameras (ArcGIS layer),ingested-live,traffic/DOT cameras,(pts:US-CO),other,LicenseRef-OperatorAccepted-DBRight,true,"GCS ops/runs: 1 run(s), claims_added Σ81 (max 81), last 2026-09-19T07:33Z; public export sites: 9; public evidence.json artifacts: 1",monthly (sig-ingest-camreg-batch-04),1 target layer(s); agency: ArcGIS community-published traffic-camera registry | connector=dot_511 | kind=government_portal; custody=MIRROR; compact=public_terms_only
camreg_kunying,CCTV camera registry (ArcGIS layer),ingested-live,CCTV registries,(pts non-US/unassigned:5),other,LicenseRef-OperatorAccepted-DBRight,true,"GCS ops/runs: 1 run(s), claims_added Σ40 (max 40), last 2026-09-19T07:33Z; public export sites: 5; public evidence.json artifacts: 1",monthly (sig-ingest-camreg-batch-04),1 target layer(s); agency: ArcGIS community-published CCTV registry | connector=dot_511 | kind=government_portal; custody=MIRROR; compact=public_terms_only
camreg_langan,Camera registry (Langan ArcGIS layer),ingested-live,CCTV registries,(pts:US-IN),other,LicenseRef-OperatorAccepted-DBRight,true,"GCS ops/runs: 1 run(s), claims_added Σ8 (max 8), last 2026-09-19T07:34Z; public export sites: 1; public evidence.json artifacts: 1",monthly (sig-ingest-camreg-batch-04),1 target layer(s); agency: ArcGIS community-published camera registry | connector=dot_511 | kind=government_portal; custody=MIRROR; compact=public_terms_only
camreg_lawrence_ks,Lawrence KS traffic cameras (ArcGIS registry),ingested-live,traffic/DOT cameras,US-KS; (pts:US-KS),gov-open-data,LicenseRef-PublicRecord-FactualCompilation,true,"GCS ops/runs: 1 run(s), claims_added Σ654 (max 654), last 2026-09-19T07:34Z; public export sites: 69; public evidence.json artifacts: 1",monthly (sig-ingest-camreg-batch-04),"1 target layer(s); agency: City of Lawrence, Kansas | connector=dot_511 | kind=government_portal; custody=MIRROR; compact=public_terms_only"
camreg_lenhardt,University security cameras public view (ArcGIS registry),ingested-live,CCTV registries,(pts:US-CA),academic,LicenseRef-OperatorAccepted-DBRight,true,"GCS ops/runs: 1 run(s), claims_added Σ600 (max 600), last 2026-09-19T07:36Z; public export sites: 75; public evidence.json artifacts: 1",monthly (sig-ingest-camreg-batch-04),1 target layer(s); agency: University-community-published camera registry | connector=dot_511 | kind=government_portal; custody=MIRROR; compact=public_terms_only
camreg_leon_fl,Leon County traffic cameras (COT ArcGIS registry),ingested-live,traffic/DOT cameras,US-FL; (pts:US-FL),gov-open-data,LicenseRef-PublicRecord-FactualCompilation,true,"GCS ops/runs: 1 run(s), claims_added Σ2,000 (max 2,000), last 2026-09-19T07:39Z; public export sites: 250; public evidence.json artifacts: 1",monthly (sig-ingest-camreg-batch-04),1 target layer(s); agency: Leon County / City of Tallahassee (cotinter.leoncountyfl.gov) | connector=dot_511 | kind=government_portal; custody=MIRROR; compact=public_terms_only
camreg_lisburn_gb,Lisburn & Castlereagh CCTV cameras (ArcGIS registry),ingested-live,CCTV registries,GB-NIR; (pts non-US/unassigned:18),gov-open-data,LicenseRef-OperatorAccepted-DBRight,true,"GCS ops/runs: 1 run(s), claims_added Σ162 (max 162), last 2026-09-19T07:51Z; public export sites: 18; public evidence.json artifacts: 1",monthly (sig-ingest-camreg-batch-04),1 target layer(s); agency: Lisburn and Castlereagh City Council | connector=dot_511 | kind=government_portal; custody=MIRROR; compact=public_terms_only
camreg_lojic_ky,Jefferson County KY traffic web cameras (LOJIC/KYTC ArcGIS registry),ingested-live,traffic/DOT cameras,"US-KY; (pts:US-IN,US-KY)",gov-open-data,LicenseRef-PublicRecord-FactualCompilation,true,"GCS ops/runs: 1 run(s), claims_added Σ2,848 (max 2,848), last 2026-09-19T07:52Z; public export sites: 225; public evidence.json artifacts: 1",monthly (sig-ingest-camreg-batch-04),1 target layer(s); agency: LOJIC — Louisville/Jefferson County Information Consortium | connector=dot_511 | kind=government_portal; custody=MIRROR; compact=public_terms_only
camreg_lpd_flock,Active Flock camera locations (LPDGIS ArcGIS registry),ingested-live,fixed ALPR,(pts:US-TX),other,LicenseRef-OperatorAccepted-DBRight,true,"GCS ops/runs: 1 run(s), claims_added Σ240 (max 240), last 2026-09-19T08:03Z; public export sites: 30; public evidence.json artifacts: 1",monthly (sig-ingest-camreg-batch-04),1 target layer(s); agency: ArcGIS community-published ALPR camera registry | connector=dot_511 | kind=government_portal; custody=MIRROR; compact=public_terms_only
camreg_manhattan_ks,Manhattan KS traffic cameras (ArcGIS registry),ingested-live,traffic/DOT cameras,US-KS; (pts:US-KS),gov-open-data,LicenseRef-PublicRecord-FactualCompilation,true,"GCS ops/runs: 1 run(s), claims_added Σ224 (max 224), last 2026-09-19T08:04Z; public export sites: 28; public evidence.json artifacts: 1",monthly (sig-ingest-camreg-batch-04),"1 target layer(s); agency: City of Manhattan, Kansas | connector=dot_511 | kind=government_portal; custody=MIRROR; compact=public_terms_only"
camreg_mark43,CCTV cameras (mark43 ArcGIS registry),ingested-live,CCTV registries,(pts non-US/unassigned:561),other,LicenseRef-OperatorAccepted-DBRight,true,"GCS ops/runs: 1 run(s), claims_added Σ4,961 (max 4,961), last 2026-09-19T08:05Z; public export sites: 561; public evidence.json artifacts: 1",monthly (sig-ingest-camreg-batch-04),1 target layer(s); agency: ArcGIS community-published CCTV registry | connector=dot_511 | I1 NEW-2: same swapped Nottingham coordinates (likely a duplicate republish) | kind=government_portal; custody=MIRROR; compact=public_terms_only
camreg_massdot_ma,MassDOT CCTV cameras (ArcGIS registry),ingested-live,traffic/DOT cameras,"US-MA; (pts:US-CT,US-MA); (pts non-US/unassigned:1)",gov-open-data,LicenseRef-PublicRecord-FactualCompilation,true,"GCS ops/runs: 1 run(s), claims_added Σ9,395 (max 9,395), last 2026-09-19T08:25Z; public export sites: 845; public evidence.json artifacts: 1",monthly (sig-ingest-camreg-batch-04),1 target layer(s); agency: Massachusetts Department of Transportation | connector=dot_511 | kind=government_portal; custody=MIRROR; compact=public_terms_only
camreg_mbrc_au,Moreton Bay CCTV cameras (ArcGIS registry),ingested-live,CCTV registries,AU-QLD; (pts non-US/unassigned:855),gov-open-data,LicenseRef-OperatorAccepted-DBRight,true,"GCS ops/runs: 1 run(s), claims_added Σ6,840 (max 6,840), last 2026-09-19T09:02Z; public export sites: 855; public evidence.json artifacts: 1",monthly (sig-ingest-camreg-batch-04),"1 target layer(s); agency: Moreton Bay Regional Council, Queensland | connector=dot_511 | kind=government_portal; custody=MIRROR; compact=public_terms_only"
camreg_mctx_tx,Montgomery County TX live cameras (ArcGIS registry),ingested-live,traffic/DOT cameras,US-TX; (pts:US-TX),gov-open-data,LicenseRef-PublicRecord-FactualCompilation,true,"GCS ops/runs: 1 run(s), claims_added Σ1,128 (max 1,128), last 2026-09-19T09:28Z; public export sites: 141; public evidence.json artifacts: 1",monthly (sig-ingest-camreg-batch-04),"1 target layer(s); agency: Montgomery County, Texas | connector=dot_511 | kind=government_portal; custody=MIRROR; compact=public_terms_only"
camreg_mhebert,Public-safety / ALPR cameras view (ArcGIS registry),ingested-live,fixed ALPR,(pts:US-FL),other,LicenseRef-OperatorAccepted-DBRight,true,"GCS ops/runs: 1 run(s), claims_added Σ144 (max 144), last 2026-09-19T10:15Z; public export sites: 16; public evidence.json artifacts: 1",monthly (sig-ingest-camreg-batch-04),1 target layer(s); agency: ArcGIS community-published camera registry | connector=dot_511 | kind=government_portal; custody=MIRROR; compact=public_terms_only
camreg_mndot_mn,MnDOT traffic cameras (ArcGIS republish layer),ingested-live,traffic/DOT cameras,US-MN; (pts:US-MN),gov-open-data,LicenseRef-PublicRecord-FactualCompilation,true,"GCS ops/runs: 1 run(s), claims_added Σ711 (max 711), last 2026-09-19T10:15Z; public export sites: 79; public evidence.json artifacts: 1",monthly (sig-ingest-camreg-batch-04),1 target layer(s); agency: Minnesota Department of Transportation (republished layer) | connector=dot_511 | kind=government_portal; custody=MIRROR; compact=public_terms_only
camreg_monmap_mn,Mongolia camera locations (monmap ArcGIS registry),ingested-live,CCTV registries,ISO:MN,other,LicenseRef-OperatorAccepted-DBRight,true,"GCS ops/runs: 2 run(s), claims_added Σ224 (max 112), last 2026-09-19T07:10Z; public export sites: 1; public evidence.json artifacts: 1",monthly (sig-ingest-camreg-batch-05),"1 target layer(s); agency: Mongolian mapping community publisher | connector=dot_511 | I1 NEW-1: merged into dossier 'MN' with Minnesota (1 site, no geometry) | kind=government_portal; custody=MIRROR; compact=public_terms_only"
camreg_mueller_de,German camera positions (ArcGIS registry),ingested-live,CCTV registries,ISO:DE; (pts non-US/unassigned:24),other,LicenseRef-OperatorAccepted-DBRight,true,"GCS ops/runs: 2 run(s), claims_added Σ432 (max 216), last 2026-09-19T07:10Z; public export sites: 24; public evidence.json artifacts: 1",monthly (sig-ingest-camreg-batch-05),"1 target layer(s); agency: German community-published camera registry | connector=dot_511 | I1 NEW-1: published under dossier 'DE' next to US states (points in Cologne, Germany) | kind=government_portal; custody=MIRROR; compact=public_terms_only"
camreg_nashville_tn,Nashville license-plate-reader camera locations (ArcGIS registry),ingested-live,fixed ALPR,US-TN; (pts:US-TN),gov-open-data,LicenseRef-PublicRecord-FactualCompilation,true,"GCS ops/runs: 2 run(s), claims_added Σ384 (max 192), last 2026-09-19T07:10Z; public export sites: 24; public evidence.json artifacts: 1",monthly (sig-ingest-camreg-batch-05),1 target layer(s); agency: Metropolitan Government of Nashville and Davidson County | connector=dot_511 | kind=government_portal; custody=MIRROR; compact=public_terms_only
camreg_nitro,Camera feeds registry (ArcGIS layer),ingested-live,CCTV registries,(pts:US-PA),other,LicenseRef-OperatorAccepted-DBRight,true,"GCS ops/runs: 2 run(s), claims_added Σ126 (max 63), last 2026-09-19T07:10Z; public export sites: 6; public evidence.json artifacts: 1",monthly (sig-ingest-camreg-batch-05),1 target layer(s); agency: ArcGIS community-published camera registry | connector=dot_511 | kind=government_portal; custody=MIRROR; compact=public_terms_only
camreg_nola_safety_la,New Orleans traffic safety cameras (ArcGIS registry),ingested-live,traffic/DOT cameras,US-LA; (pts:US-LA),gov-open-data,LicenseRef-PublicRecord-FactualCompilation,true,"GCS ops/runs: 2 run(s), claims_added Σ2,224 (max 1,112), last 2026-09-19T07:10Z; public export sites: 139; public evidence.json artifacts: 1",monthly (sig-ingest-camreg-batch-05),1 target layer(s); agency: City of New Orleans | connector=dot_511 | kind=government_portal; custody=MIRROR; compact=public_terms_only
camreg_nurnazihah,CCTV camera registries (NURNAZIHAH ArcGIS layers),ingested-live,CCTV registries,(pts non-US/unassigned:678),other,LicenseRef-OperatorAccepted-DBRight,true,"GCS ops/runs: 1 run(s), claims_added Σ5,430 (max 5,430), last 2026-09-19T07:12Z; public export sites: 678; public evidence.json artifacts: 1",monthly (sig-ingest-camreg-batch-05),2 target layer(s); agency: ArcGIS community-published CCTV registry | connector=dot_511 | kind=government_portal; custody=MIRROR; compact=public_terms_only
camreg_nyc_jgrayson_ny,NYCDOT traffic cameras (ArcGIS republish layer),ingested-live,traffic/DOT cameras,US-NY; (pts:US-NY),gov-open-data,LicenseRef-PublicRecord-FactualCompilation,true,"GCS ops/runs: 1 run(s), claims_added Σ1,737 (max 1,737), last 2026-09-19T07:33Z; public export sites: 193; public evidence.json artifacts: 1",monthly (sig-ingest-camreg-batch-05),1 target layer(s); agency: New York City Department of Transportation (republished layer) | connector=dot_511 | kind=government_portal; custody=MIRROR; compact=public_terms_only
camreg_nyc_weltia_ny,New York City traffic cameras (ArcGIS republish layer),ingested-live,traffic/DOT cameras,US-NY; (pts:US-NY),gov-open-data,LicenseRef-PublicRecord-FactualCompilation,true,"GCS ops/runs: 1 run(s), claims_added Σ1,935 (max 1,935), last 2026-09-19T07:40Z; public export sites: 215; public evidence.json artifacts: 1",monthly (sig-ingest-camreg-batch-05),1 target layer(s); agency: New York City (republished layer) | connector=dot_511 | kind=government_portal; custody=MIRROR; compact=public_terms_only
camreg_oem_camera,Potential camera and gauge locations (OEM ArcGIS registry),ingested-live,CCTV registries,(pts:US-PA),other,LicenseRef-OperatorAccepted-DBRight,true,"GCS ops/runs: 1 run(s), claims_added Σ80 (max 80), last 2026-09-19T08:22Z; public export sites: 8; public evidence.json artifacts: 1",monthly (sig-ingest-camreg-batch-05),1 target layer(s); agency: ArcGIS community-published camera registry | connector=dot_511 | kind=government_portal; custody=MIRROR; compact=public_terms_only
camreg_olsson,CCTV camera registry (olsson ArcGIS layer),ingested-live,CCTV registries,"(pts:US-IL,US-MO)",other,LicenseRef-OperatorAccepted-DBRight,true,"GCS ops/runs: 1 run(s), claims_added Σ6,085 (max 6,085), last 2026-09-19T08:23Z; public export sites: 676; public evidence.json artifacts: 1",monthly (sig-ingest-camreg-batch-05),1 target layer(s); agency: ArcGIS community-published CCTV registry | connector=dot_511 | kind=government_portal; custody=MIRROR; compact=public_terms_only
camreg_oosgis_nl,"Dutch camera registry (OOS GIS, CEVI schema)",ingested-live,CCTV registries,ISO:NL; (pts non-US/unassigned:54),gov-open-data,LicenseRef-OperatorAccepted-DBRight,true,"GCS ops/runs: 1 run(s), claims_added Σ432 (max 432), last 2026-09-19T08:47Z; public export sites: 54; public evidence.json artifacts: 1",monthly (sig-ingest-camreg-batch-05),"1 target layer(s); agency: Dutch municipal camera registry (oosgis publisher) | connector=dot_511 | I1 NEW-2: points in Ostend, Belgium labelled NL | kind=government_portal; custody=MIRROR; compact=public_terms_only"
camreg_osm_surveillance,OSM-derived surveillance-camera layers (DeFlock/OSM exports),ingested-live,fixed ALPR;CCTV registries,"(pts:US-AK,US-AL,US-AR,US-AZ,US-CA,US-CO,US-CT,US-DC,US-DE,US-FL,US-GA,US-HI,US-IA,US-ID,US-IL,US-IN,US-KS,US-KY,US-LA,US-MA,US-MD,US-ME,US-MI,US-MN,US-MO,US-MS,US-MT,US-NC,US-ND,US-NE,US-NH,US-NJ,US-NM,US-NV,US-NY,US-OH,US-OK,US-OR,US-PA,US-PR,US-RI,US-SC,US-SD,US-TN,US-TX,US-UT,US-VA,US-VT,US-WA,US-WI,US-WV,US-WY); (pts non-US/unassigned:8272)",crowdsourced,ODbL-1.0,true,"GCS ops/runs: 7 run(s), claims_added Σ2,276,085 (max 1,369,210), last 2026-09-25T06:40Z; public export sites: 154,528; public evidence.json artifacts: 1",monthly (sig-ingest-camreg-batch-05),"6 target layer(s); agency: OpenStreetMap contributors (republished man_made=surveillance nodes) | connector=dot_511 | I1 NEW-5: 132,689 DeFlock + 19,044 Stanford ALPR republishes of OSM (non-independent mirrors); all jurisdiction 'unresolved'; registry kind government_portal | kind=government_portal; custody=MIRROR; compact=public_terms_only"
camreg_palmdesert_ca,Palm Desert license-plate-recognition camera locations (ArcGIS registry),ingested-live,fixed ALPR,US-CA; (pts:US-CA),gov-open-data,LicenseRef-PublicRecord-FactualCompilation,true,"GCS ops/runs: 1 run(s), claims_added Σ450 (max 450), last 2026-09-20T04:33Z; public export sites: 50; public evidence.json artifacts: 1",monthly (sig-ingest-camreg-batch-05),"1 target layer(s); agency: City of Palm Desert, California | connector=dot_511 | kind=government_portal; custody=MIRROR; compact=public_terms_only"
camreg_penndot_pa,PennDOT CCTV cameras (ArcGIS registry),ingested-live,traffic/DOT cameras,US-PA; (pts:US-PA),gov-open-data,LicenseRef-PublicRecord-FactualCompilation,true,"GCS ops/runs: 1 run(s), claims_added Σ10,237 (max 10,237), last 2026-09-20T04:34Z; public export sites: 1,249; public evidence.json artifacts: 1",monthly (sig-ingest-camreg-batch-05),1 target layer(s); agency: Pennsylvania Department of Transportation (publisher account) | connector=dot_511 | kind=government_portal; custody=MIRROR; compact=public_terms_only
camreg_pgcounty_md,Prince George's County speed/red-light cameras (Socrata registry),ingested-live,traffic/DOT cameras,US-MD; (pts:US-MD),gov-open-data,LicenseRef-PublicRecord-FactualCompilation,true,"GCS ops/runs: 1 run(s), claims_added Σ971 (max 971), last 2026-09-20T04:48Z; public export sites: 100; public evidence.json artifacts: 1",monthly (sig-ingest-camreg-batch-05),"2 target layer(s); agency: Prince George's County, Maryland (PGPD) | connector=dot_511 | kind=government_portal; custody=MIRROR; compact=public_terms_only"
camreg_pipeline_sec,Traffic/security camera registry (ArcGIS layer),ingested-live,traffic/DOT cameras;CCTV registries,(pts non-US/unassigned:3),other,LicenseRef-OperatorAccepted-DBRight,true,"GCS ops/runs: 1 run(s), claims_added Σ24 (max 24), last 2026-09-20T04:49Z; public export sites: 3; public evidence.json artifacts: 1",monthly (sig-ingest-camreg-batch-05),1 target layer(s); agency: ArcGIS community-published camera registry | connector=dot_511 | kind=government_portal; custody=MIRROR; compact=public_terms_only
camreg_plymouth_gb,Plymouth traffic cameras (ArcGIS registry),ingested-live,traffic/DOT cameras,GB-ENG; (pts non-US/unassigned:43),gov-open-data,LicenseRef-OperatorAccepted-DBRight,true,"GCS ops/runs: 2 run(s), claims_added Σ688 (max 344), last 2026-09-19T07:09Z; public export sites: 43; public evidence.json artifacts: 1",monthly (sig-ingest-camreg-batch-06),1 target layer(s); agency: Plymouth City Council | connector=dot_511 | kind=government_portal; custody=MIRROR; compact=public_terms_only
camreg_polyu_hk,Hong Kong CCTV camera layers (esrichina.hk ArcGIS registry),ingested-live,CCTV registries,ISO:HK; (pts non-US/unassigned:22),academic,LicenseRef-OperatorAccepted-DBRight,true,"GCS ops/runs: 2 run(s), claims_added Σ352 (max 176), last 2026-09-19T07:10Z; public export sites: 22; public evidence.json artifacts: 1",monthly (sig-ingest-camreg-batch-06),2 target layer(s); agency: Hong Kong PolyU/police CCTV layers (community-published) | connector=dot_511 | kind=government_portal; custody=MIRROR; compact=public_terms_only
camreg_portland_or,Portland ITS cameras (portlandmaps ArcGIS registry),ingested-live,traffic/DOT cameras,"US-OR; (pts:US-OR,US-WA)",gov-open-data,LicenseRef-PublicRecord-FactualCompilation,true,"GCS ops/runs: 2 run(s), claims_added Σ3,280 (max 1,640), last 2026-09-19T07:10Z; public export sites: 205; public evidence.json artifacts: 1",monthly (sig-ingest-camreg-batch-06),"1 target layer(s); agency: City of Portland, Oregon | connector=dot_511 | kind=government_portal; custody=MIRROR; compact=public_terms_only"
camreg_raleigh_nc,Raleigh traffic cameras (ArcGIS registry),ingested-live,traffic/DOT cameras,US-NC; (pts:US-NC),gov-open-data,LicenseRef-PublicRecord-FactualCompilation,true,"GCS ops/runs: 2 run(s), claims_added Σ624 (max 312), last 2026-09-19T07:12Z; public export sites: 39; public evidence.json artifacts: 1",monthly (sig-ingest-camreg-batch-06),"1 target layer(s); agency: City of Raleigh, North Carolina | connector=dot_511 | kind=government_portal; custody=MIRROR; compact=public_terms_only"
camreg_ramallah_ps,Ramallah surveillance camera network (ArcGIS registry),ingested-live,CCTV registries,ISO:PS; (pts non-US/unassigned:6),other,LicenseRef-OperatorAccepted-DBRight,true,"GCS ops/runs: 2 run(s), claims_added Σ96 (max 48), last 2026-09-19T07:13Z; public export sites: 6; public evidence.json artifacts: 1",monthly (sig-ingest-camreg-batch-06),1 target layer(s); agency: Ramallah municipal camera registry (community-published layer) | connector=dot_511 | kind=government_portal; custody=MIRROR; compact=public_terms_only
camreg_redmond_wa,Redmond traffic cameras (ArcGIS registry),ingested-live,traffic/DOT cameras,US-WA; (pts:US-WA),gov-open-data,LicenseRef-PublicRecord-FactualCompilation,true,"GCS ops/runs: 2 run(s), claims_added Σ1,638 (max 819), last 2026-09-19T07:13Z; public export sites: 91; public evidence.json artifacts: 1",monthly (sig-ingest-camreg-batch-06),"1 target layer(s); agency: City of Redmond, Washington | connector=dot_511 | kind=government_portal; custody=MIRROR; compact=public_terms_only"
camreg_riyadh_sa,Riyadh camera-control registry (ArcGIS registry),ingested-live,CCTV registries,ISO:SA; (pts non-US/unassigned:1128),gov-open-data,LicenseRef-OperatorAccepted-DBRight,true,"GCS ops/runs: 1 run(s), claims_added Σ9,024 (max 9,024), last 2026-09-19T07:16Z; public export sites: 1,128; public evidence.json artifacts: 1",monthly (sig-ingest-camreg-batch-06),1 target layer(s); agency: Riyadh municipal camera registry (rematalriyadh publisher) | connector=dot_511 | kind=government_portal; custody=MIRROR; compact=public_terms_only
camreg_rjcoleman,Cameras registry (ArcGIS layer),ingested-live,CCTV registries,(pts:US-SC),other,LicenseRef-OperatorAccepted-DBRight,true,"GCS ops/runs: 1 run(s), claims_added Σ270 (max 270), last 2026-09-19T07:53Z; public export sites: 30; public evidence.json artifacts: 1",monthly (sig-ingest-camreg-batch-06),1 target layer(s); agency: ArcGIS community-published camera registry | connector=dot_511 | kind=government_portal; custody=MIRROR; compact=public_terms_only
camreg_ruslan,CCTV_S camera registry (UCP/UFR ArcGIS layer),ingested-live,CCTV registries,(pts non-US/unassigned:7),academic,LicenseRef-OperatorAccepted-DBRight,true,"GCS ops/runs: 1 run(s), claims_added Σ63 (max 63), last 2026-09-19T07:54Z; public export sites: 7; public evidence.json artifacts: 1",monthly (sig-ingest-camreg-batch-06),1 target layer(s); agency: University-community-published CCTV registry | connector=dot_511 | kind=government_portal; custody=MIRROR; compact=public_terms_only
camreg_salisbury_nc,Salisbury NC traffic cameras (ArcGIS registry),ingested-live,traffic/DOT cameras,US-NC; (pts:US-NC),gov-open-data,LicenseRef-PublicRecord-FactualCompilation,true,"GCS ops/runs: 1 run(s), claims_added Σ45 (max 45), last 2026-09-19T07:54Z; public export sites: 5; public evidence.json artifacts: 1",monthly (sig-ingest-camreg-batch-06),"1 target layer(s); agency: City of Salisbury, North Carolina | connector=dot_511 | kind=government_portal; custody=MIRROR; compact=public_terms_only"
camreg_sarasota_fl,Sarasota County traffic cameras (Cartegraph ArcGIS registry),ingested-live,traffic/DOT cameras,US-FL; (pts:US-FL),gov-open-data,LicenseRef-PublicRecord-FactualCompilation,true,"GCS ops/runs: 1 run(s), claims_added Σ2,653 (max 2,653), last 2026-09-19T07:54Z; public export sites: 251; public evidence.json artifacts: 1",monthly (sig-ingest-camreg-batch-06),"1 target layer(s); agency: Sarasota County, Florida | connector=dot_511 | kind=government_portal; custody=MIRROR; compact=public_terms_only"
camreg_schellinger,BPD surveillance cameras (ArcGIS registry),ingested-live,CCTV registries,(pts:US-NY),other,LicenseRef-OperatorAccepted-DBRight,true,"GCS ops/runs: 1 run(s), claims_added Σ2,820 (max 2,820), last 2026-09-19T08:04Z; public export sites: 282; public evidence.json artifacts: 1",monthly (sig-ingest-camreg-batch-06),1 target layer(s); agency: ArcGIS community-published camera registry | connector=dot_511 | kind=government_portal; custody=MIRROR; compact=public_terms_only
camreg_sensenet,Camera view registry (SenseNet ArcGIS layer),ingested-live,CCTV registries,(pts non-US/unassigned:5),other,LicenseRef-OperatorAccepted-DBRight,true,"GCS ops/runs: 1 run(s), claims_added Σ40 (max 40), last 2026-09-19T08:42Z; public export sites: 5; public evidence.json artifacts: 1",monthly (sig-ingest-camreg-batch-06),1 target layer(s); agency: ArcGIS community-published camera registry | connector=dot_511 | kind=government_portal; custody=MIRROR; compact=public_terms_only
camreg_sfoss,Cameras registry (sfoss_solutions ArcGIS layer),ingested-live,CCTV registries,(pts non-US/unassigned:110),other,LicenseRef-OperatorAccepted-DBRight,true,"GCS ops/runs: 1 run(s), claims_added Σ62,760 (max 62,760), last 2026-09-19T08:43Z; public export sites: 157; public evidence.json artifacts: 1",monthly (sig-ingest-camreg-batch-06),1 target layer(s); agency: ArcGIS community-published camera registry | connector=dot_511 | kind=government_portal; custody=MIRROR; compact=public_terms_only
camreg_smart_sky,Camera registry (Smart Sky ArcGIS layer),ingested-live,CCTV registries,(pts non-US/unassigned:1),other,LicenseRef-OperatorAccepted-DBRight,true,"GCS ops/runs: 1 run(s), claims_added Σ8 (max 8), last 2026-09-19T12:01Z; public export sites: 1; public evidence.json artifacts: 1",monthly (sig-ingest-camreg-batch-06),1 target layer(s); agency: ArcGIS community-published camera registry | connector=dot_511 | kind=government_portal; custody=MIRROR; compact=public_terms_only
camreg_squan,Stephen camera registry (ArcGIS layer),ingested-live,CCTV registries,(pts non-US/unassigned:5),other,LicenseRef-OperatorAccepted-DBRight,true,"GCS ops/runs: 1 run(s), claims_added Σ45 (max 45), last 2026-09-19T12:01Z; public export sites: 5; public evidence.json artifacts: 1",monthly (sig-ingest-camreg-batch-06),1 target layer(s); agency: ArcGIS community-published camera registry | connector=dot_511 | kind=government_portal; custody=MIRROR; compact=public_terms_only
camreg_stanford_us,US-nationwide surveillance-tower / ALPR-checkpoint research layers (Stanford),ingested-live,fixed ALPR;other,"ISO:US; (pts:US-AZ,US-CA,US-NM,US-TX); (pts non-US/unassigned:35)",academic,LicenseRef-PublicRecord-FactualCompilation,true,"GCS ops/runs: 1 run(s), claims_added Σ4,801 (max 4,801), last 2026-09-19T12:04Z; public export sites: 589; public evidence.json artifacts: 1",monthly (sig-ingest-camreg-batch-06),2 target layer(s); agency: Stanford University research-compiled camera locations | connector=dot_511 | kind=government_portal; custody=MIRROR; compact=public_terms_only
camreg_surrey_bc,Surrey traffic cameras (ArcGIS registry),ingested-live,traffic/DOT cameras,CA-BC; (pts:US-WA); (pts non-US/unassigned:518),gov-open-data,LicenseRef-OperatorAccepted-DBRight,true,"GCS ops/runs: 1 run(s), claims_added Σ6,315 (max 6,315), last 2026-09-19T12:26Z; public export sites: 611; public evidence.json artifacts: 1",monthly (sig-ingest-camreg-batch-06),"1 target layer(s); agency: City of Surrey, British Columbia | connector=dot_511 | kind=government_portal; custody=MIRROR; compact=public_terms_only"
camreg_sweeney,Replacement CCTV system camera locations (ArcGIS registry),ingested-live,CCTV registries,(pts non-US/unassigned:64),other,LicenseRef-OperatorAccepted-DBRight,true,"GCS ops/runs: 1 run(s), claims_added Σ577 (max 577), last 2026-09-19T12:43Z; public export sites: 64; public evidence.json artifacts: 1",monthly (sig-ingest-camreg-batch-06),1 target layer(s); agency: ArcGIS community-published CCTV registry | connector=dot_511 | kind=government_portal; custody=MIRROR; compact=public_terms_only
camreg_tblose,Camera intersections registry (ArcGIS layer),ingested-live,traffic/DOT cameras,(pts:US-PA),other,LicenseRef-OperatorAccepted-DBRight,true,"GCS ops/runs: 1 run(s), claims_added Σ450 (max 450), last 2026-09-19T12:45Z; public export sites: 40; public evidence.json artifacts: 1",monthly (sig-ingest-camreg-batch-06),1 target layer(s); agency: ArcGIS community-published camera registry | connector=dot_511 | kind=government_portal; custody=MIRROR; compact=public_terms_only
camreg_thailand_th,Thailand CCTV camera layers (ArcGIS registry),ingested-live,CCTV registries,ISO:TH; (pts non-US/unassigned:2109),gov-open-data,LicenseRef-OperatorAccepted-DBRight,true,"GCS ops/runs: 1 run(s), claims_added Σ19,086 (max 19,086), last 2026-09-19T07:09Z; public export sites: 2,110; public evidence.json artifacts: 1",monthly (sig-ingest-camreg-batch-07),6 target layer(s); agency: Thai municipal/community camera registries | connector=dot_511 | kind=government_portal; custody=MIRROR; compact=public_terms_only
camreg_toronto_on,Toronto camera locations (ArcGIS republish layer),ingested-live,CCTV registries,CA-ON; (pts non-US/unassigned:322),gov-open-data,LicenseRef-OperatorAccepted-DBRight,true,"GCS ops/runs: 1 run(s), claims_added Σ2,576 (max 2,576), last 2026-09-19T08:19Z; public export sites: 322; public evidence.json artifacts: 1",monthly (sig-ingest-camreg-batch-07),1 target layer(s); agency: City of Toronto (republished layer) | connector=dot_511 | kind=government_portal; custody=MIRROR; compact=public_terms_only
camreg_townofws,ASE camera locations (Town of WS ArcGIS registry),ingested-live,traffic/DOT cameras,(pts non-US/unassigned:12),other,LicenseRef-OperatorAccepted-DBRight,true,"GCS ops/runs: 1 run(s), claims_added Σ132 (max 132), last 2026-09-19T08:29Z; public export sites: 12; public evidence.json artifacts: 1",monthly (sig-ingest-camreg-batch-07),1 target layer(s); agency: ArcGIS community-published enforcement-camera registry | connector=dot_511 | kind=government_portal; custody=MIRROR; compact=public_terms_only
camreg_trafficops_ca,California highway CCTV cameras (TrafficOps.GIS ArcGIS registry),ingested-live,traffic/DOT cameras,"US-CA; (pts:US-CA,US-FL); (pts non-US/unassigned:13)",gov-open-data,LicenseRef-PublicRecord-FactualCompilation,true,"GCS ops/runs: 1 run(s), claims_added Σ13,733 (max 13,733), last 2026-09-19T08:29Z; public export sites: 1,430; public evidence.json artifacts: 1",monthly (sig-ingest-camreg-batch-07),2 target layer(s); agency: California traffic-operations publisher (Postmile schema) | connector=dot_511 | I1 NEW-2: target D5_CCTVLocations = 828 Central-Florida (FDOT D5) cameras labelled CA | kind=government_portal; custody=MIRROR; compact=public_terms_only
camreg_trpa_us,Lake Tahoe SMART traffic cameras (TRPA ArcGIS registry),ingested-live,traffic/DOT cameras,"ISO:US; (pts:US-CA,US-NV)",gov-open-data,LicenseRef-PublicRecord-FactualCompilation,true,"GCS ops/runs: 1 run(s), claims_added Σ135 (max 135), last 2026-09-19T09:17Z; public export sites: 15; public evidence.json artifacts: 1",monthly (sig-ingest-camreg-batch-07),1 target layer(s); agency: Tahoe Regional Planning Agency (bi-state compact) | connector=dot_511 | kind=government_portal; custody=MIRROR; compact=public_terms_only
camreg_tulane_la,New Orleans CCTV cameras (Tulane ArcGIS registry),ingested-live,CCTV registries,US-LA; (pts:US-LA),academic,LicenseRef-PublicRecord-FactualCompilation,true,"GCS ops/runs: 1 run(s), claims_added Σ1,336 (max 1,336), last 2026-09-19T09:18Z; public export sites: 167; public evidence.json artifacts: 1",monthly (sig-ingest-camreg-batch-07),1 target layer(s); agency: Tulane University (republished municipal layer) | connector=dot_511 | kind=government_portal; custody=MIRROR; compact=public_terms_only
camreg_txdot_rep_tx,Texas DOT traffic cameras (ArcGIS republish layer),ingested-live,traffic/DOT cameras,"US-TX; (pts:US-OK,US-TX); (pts non-US/unassigned:7)",gov-open-data,LicenseRef-PublicRecord-FactualCompilation,true,"GCS ops/runs: 2 run(s), claims_added Σ33,900 (max 33,900), last 2026-09-19T15:34Z; public export sites: 2,821; public evidence.json artifacts: 1",monthly (sig-ingest-camreg-batch-07),1 target layer(s); agency: Texas Department of Transportation (republished layer) | connector=dot_511 | kind=government_portal; custody=MIRROR; compact=public_terms_only
camreg_uchicago,Security camera registry (UChicago ArcGIS layer),ingested-live,CCTV registries,(pts:US-IL),academic,LicenseRef-OperatorAccepted-DBRight,true,"GCS ops/runs: 1 run(s), claims_added Σ7,251 (max 7,251), last 2026-09-19T09:34Z; public export sites: 798; public evidence.json artifacts: 1",monthly (sig-ingest-camreg-batch-07),1 target layer(s); agency: University-community-published camera registry | connector=dot_511 | kind=government_portal; custody=MIRROR; compact=public_terms_only
camreg_ucsd,Traffic camera registry (UCSD Online ArcGIS layers),ingested-live,traffic/DOT cameras,(pts:US-PA),academic,LicenseRef-OperatorAccepted-DBRight,true,"GCS ops/runs: 1 run(s), claims_added Σ20,880 (max 20,880), last 2026-09-19T10:09Z; public export sites: 2,610; public evidence.json artifacts: 1",monthly (sig-ingest-camreg-batch-07),2 target layer(s); agency: University-community-published traffic-camera registry | connector=dot_511 | kind=government_portal; custody=MIRROR; compact=public_terms_only
camreg_ukm_my,UKM CCTV management system (ArcGIS registry),ingested-live,CCTV registries,ISO:MY; (pts non-US/unassigned:386),academic,LicenseRef-OperatorAccepted-DBRight,true,"GCS ops/runs: 1 run(s), claims_added Σ3,089 (max 3,089), last 2026-09-19T11:39Z; public export sites: 386; public evidence.json artifacts: 1",monthly (sig-ingest-camreg-batch-07),1 target layer(s); agency: Universiti Kebangsaan Malaysia (community-published layer) | connector=dot_511 | kind=government_portal; custody=MIRROR; compact=public_terms_only
camreg_umbc_md,Maryland camera locations (UMBC ArcGIS registry),ingested-live,CCTV registries,US-MD,academic,LicenseRef-PublicRecord-FactualCompilation,true,"GCS ops/runs: 1 run(s), claims_added Σ96 (max 96), last 2026-09-19T11:50Z; public export sites: 1; public evidence.json artifacts: 1",monthly (sig-ingest-camreg-batch-07),"1 target layer(s); agency: University of Maryland, Baltimore County (republished state layer) | connector=dot_511 | kind=government_portal; custody=MIRROR; compact=public_terms_only"
camreg_univmb_mb,Winnipeg-area surveillance cameras (UnivMB ArcGIS registry),ingested-live,CCTV registries,CA-MB; (pts non-US/unassigned:635),academic,LicenseRef-OperatorAccepted-DBRight,true,"GCS ops/runs: 1 run(s), claims_added Σ5,080 (max 5,080), last 2026-09-19T11:50Z; public export sites: 635; public evidence.json artifacts: 1",monthly (sig-ingest-camreg-batch-07),2 target layer(s); agency: University of Manitoba (republished municipal layers) | connector=dot_511 | kind=government_portal; custody=MIRROR; compact=public_terms_only
camreg_uofmd_md,Maryland CCTV camera layer (UofMD ArcGIS registry),ingested-live,CCTV registries,US-MD; (pts:US-MD),academic,LicenseRef-PublicRecord-FactualCompilation,true,"GCS ops/runs: 1 run(s), claims_added Σ10 (max 10), last 2026-09-19T12:11Z; public export sites: 1; public evidence.json artifacts: 1",monthly (sig-ingest-camreg-batch-07),1 target layer(s); agency: University of Maryland (republished layer) | connector=dot_511 | kind=government_portal; custody=MIRROR; compact=public_terms_only
camreg_vancouver_bc,Vancouver web cameras (ArcGIS registry),ingested-live,CCTV registries,CA-BC; (pts non-US/unassigned:218),gov-open-data,LicenseRef-OperatorAccepted-DBRight,true,"GCS ops/runs: 1 run(s), claims_added Σ1,962 (max 1,962), last 2026-09-19T12:11Z; public export sites: 218; public evidence.json artifacts: 1",monthly (sig-ingest-camreg-batch-07),"1 target layer(s); agency: City of Vancouver, British Columbia | connector=dot_511 | kind=government_portal; custody=MIRROR; compact=public_terms_only"
camreg_vidya,CCTV camera registry (ArcGIS layer),ingested-live,CCTV registries,(pts non-US/unassigned:2),other,LicenseRef-OperatorAccepted-DBRight,true,"GCS ops/runs: 1 run(s), claims_added Σ16 (max 16), last 2026-09-19T12:20Z; public export sites: 2; public evidence.json artifacts: 1",monthly (sig-ingest-camreg-batch-07),1 target layer(s); agency: ArcGIS community-published CCTV registry | connector=dot_511 | kind=government_portal; custody=MIRROR; compact=public_terms_only
camreg_webappfme,Traffic cameras tour points (ArcGIS layer),ingested-live,traffic/DOT cameras,(pts non-US/unassigned:14),other,LicenseRef-OperatorAccepted-DBRight,true,"GCS ops/runs: 1 run(s), claims_added Σ126 (max 126), last 2026-09-19T12:20Z; public export sites: 14; public evidence.json artifacts: 1",monthly (sig-ingest-camreg-batch-07),1 target layer(s); agency: ArcGIS community-published traffic-camera registry | connector=dot_511 | kind=government_portal; custody=MIRROR; compact=public_terms_only
camreg_wellington_nz,Wellington City CCTV cameras (ArcGIS registry),ingested-live,CCTV registries,ISO:NZ; (pts non-US/unassigned:277),gov-open-data,LicenseRef-OperatorAccepted-DBRight,true,"GCS ops/runs: 1 run(s), claims_added Σ2,493 (max 2,493), last 2026-09-19T12:21Z; public export sites: 277; public evidence.json artifacts: 1",monthly (sig-ingest-camreg-batch-07),2 target layer(s); agency: Wellington City Council | connector=dot_511 | kind=government_portal; custody=MIRROR; compact=public_terms_only
camreg_whatley,Camera locations (ArcGIS registry),ingested-live,CCTV registries,(pts:US-GA),other,LicenseRef-OperatorAccepted-DBRight,true,"GCS ops/runs: 3 run(s), claims_added Σ885 (max 295), last 2026-09-19T10:48Z; public export sites: 32; public evidence.json artifacts: 1",monthly (sig-ingest-camreg-batch-08),1 target layer(s); agency: ArcGIS community-published camera registry | connector=dot_511 | kind=government_portal; custody=MIRROR; compact=public_terms_only
camreg_wim_camera,WIM camera locations (ArcGIS registry),ingested-live,traffic/DOT cameras,(pts:US-OH),other,LicenseRef-OperatorAccepted-DBRight,true,"GCS ops/runs: 3 run(s), claims_added Σ816 (max 272), last 2026-09-19T10:49Z; public export sites: 22; public evidence.json artifacts: 1",monthly (sig-ingest-camreg-batch-08),1 target layer(s); agency: ArcGIS community-published camera registry | connector=dot_511 | kind=government_portal; custody=MIRROR; compact=public_terms_only
camreg_yazid,CCTV phase-1 registry (ArcGIS layer),ingested-live,CCTV registries,(pts non-US/unassigned:76),other,LicenseRef-OperatorAccepted-DBRight,true,"GCS ops/runs: 3 run(s), claims_added Σ2,052 (max 684), last 2026-09-19T10:49Z; public export sites: 76; public evidence.json artifacts: 1",monthly (sig-ingest-camreg-batch-08),1 target layer(s); agency: ArcGIS community-published CCTV registry | connector=dot_511 | kind=government_portal; custody=MIRROR; compact=public_terms_only
camreg_yline,CCTV camera registry (ArcGIS layer),ingested-live,CCTV registries,(pts non-US/unassigned:5),other,LicenseRef-OperatorAccepted-DBRight,true,"GCS ops/runs: 3 run(s), claims_added Σ120 (max 40), last 2026-09-19T10:51Z; public export sites: 5; public evidence.json artifacts: 1",monthly (sig-ingest-camreg-batch-08),1 target layer(s); agency: ArcGIS community-published CCTV registry | connector=dot_511 | kind=government_portal; custody=MIRROR; compact=public_terms_only
camreg_yorku,Camera locations (YorkU ArcGIS registry),ingested-live,CCTV registries,(pts non-US/unassigned:171),academic,LicenseRef-OperatorAccepted-DBRight,true,"GCS ops/runs: 2 run(s), claims_added Σ3,078 (max 1,539), last 2026-09-19T11:01Z; public export sites: 171; public evidence.json artifacts: 1",monthly (sig-ingest-camreg-batch-08),1 target layer(s); agency: York University community-published camera layer | connector=dot_511 | kind=government_portal; custody=MIRROR; compact=public_terms_only
camreg_zyinger,CAMERA_3 registry (ArcGIS layer),ingested-live,CCTV registries,(pts:US-CA),other,LicenseRef-OperatorAccepted-DBRight,true,"GCS ops/runs: 2 run(s), claims_added Σ192 (max 96), last 2026-09-19T11:05Z; public export sites: 12; public evidence.json artifacts: 1",monthly (sig-ingest-camreg-batch-08),1 target layer(s); agency: ArcGIS community-published camera registry | connector=dot_511 | kind=government_portal; custody=MIRROR; compact=public_terms_only
dossier_okc,"City of Oklahoma City — ALPR dossier documents (usage page, council memo, amendment)",gated,fixed ALPR;procurement/contracts (multi-class);legislation/policy,US-OK:Oklahoma City,records-release,UNDETERMINED (no [rights] block),false,none found,none,pilot dossier documents | connector=dossier_documents | kind=government_portal; custody=REFERENCE; compact=not_contacted
dossier_tulsa,"Tulsa Police Department — ALPR dossier documents (policies 113C/113E, MOU template)",gated,fixed ALPR;private camera registry;legislation/policy,US-OK:Tulsa,records-release,UNDETERMINED (no [rights] block),false,none found,none,pilot dossier documents | connector=dossier_documents | kind=government_portal; custody=REFERENCE; compact=not_contacted
dossier_san_diego,"City of San Diego — surveillance-technology dossier documents (ASR, Ubicquia agreement, indexes)",gated,fixed ALPR;ALPR sharing network;CCTV registries;legislation/policy,US-CA:San Diego,ccops-report,UNDETERMINED (no [rights] block),false,none found,none,SDPD Annual Surveillance Report etc. | connector=dossier_documents | kind=government_portal; custody=REFERENCE; compact=not_contacted
SRC-001,City of Oklahoma City — P0 dossier: whether OKC’s Flock amendment distinguishes owned vs partner-sourced cameras and what retention/re,candidate,fixed ALPR;legislation/policy;procurement/contracts (multi-class),US-OK:Oklahoma City,agenda,not assessed (queue rows approve nothing),n/a (not in registry),none (acquisition_queue.toml candidate),none,"acq-seed/1 dims {'G': 3, 'R': 3, 'I': 2, 'U': 2, 'T': 2, 'J': 3, 'E': 2, 'A': 2, 'S': 0}; links: okc_procurement:related; okc_council:related; okcpd_policy:related; preflight=not_assessed; lineage=independent_account"
SRC-002,"City of Tulsa / Tulsa Police Department — P0 dossier: Tulsa ALPR vendor (Flock vs Axon), registration-vs-integration terms, retention, and executed-cont",candidate,fixed ALPR;procurement/contracts (multi-class);legislation/policy,US-OK:Tulsa,procurement,not assessed (queue rows approve nothing),n/a (not in registry),none (acquisition_queue.toml candidate),none,"acq-seed/1 dims {'G': 3, 'R': 3, 'I': 3, 'U': 2, 'T': 2, 'J': 3, 'E': 2, 'A': 2, 'S': 0}; links: granicus:related; preflight=not_assessed; lineage=independent_account"
SRC-003,City of San Diego (SDPD) — P0 dossier: SDPD surveillance-tech inventory and subscription/service access (vs local hardware) distinctions,candidate,fixed ALPR;CCTV registries;legislation/policy,US-CA:San Diego,ccops-report,not assessed (queue rows approve nothing),n/a (not in registry),none (acquisition_queue.toml candidate),none,"acq-seed/1 dims {'G': 3, 'R': 2, 'I': 3, 'U': 3, 'T': 3, 'J': 3, 'E': 2, 'A': 2, 'S': 0}; links: -; preflight=not_assessed; lineage=independent_account"
SRC-004,City of San Diego (Purchasing / contracts) — P0 dossier: City of San Diego prime/subcontractor procurement chain and amounts (buyer/prime/sub/product),candidate,procurement/contracts (multi-class),US-CA:San Diego,procurement,not assessed (queue rows approve nothing),n/a (not in registry),none (acquisition_queue.toml candidate),none,"acq-seed/1 dims {'G': 3, 'R': 3, 'I': 3, 'U': 2, 'T': 2, 'J': 3, 'E': 2, 'A': 2, 'S': 0}; links: -; preflight=not_assessed; lineage=independent_account"
SRC-005,City of San Diego Privacy Advisory Board — P0 dossier: San Diego Privacy Advisory Board recommendations targeted at surveillance technology and their ado,candidate,accountability/oversight;legislation/policy,US-CA:San Diego,ccops-report,not assessed (queue rows approve nothing),n/a (not in registry),none (acquisition_queue.toml candidate),none,"acq-seed/1 dims {'G': 3, 'R': 2, 'I': 3, 'U': 1, 'T': 2, 'J': 3, 'E': 2, 'A': 3, 'S': 0}; links: -; preflight=not_assessed; lineage=independent_account"
SRC-006,"Oklahoma Office of Management and Enterprise Services (OMES) — P1: Oklahoma statewide contract channel for surveillance-equipment vendors (contract ids, vendors, procurement",candidate,procurement/contracts (multi-class),US-OK,procurement,not assessed (queue rows approve nothing),n/a (not in registry),none (acquisition_queue.toml candidate),none,"acq-seed/1 dims {'G': 2, 'R': 3, 'I': 3, 'U': 3, 'T': 2, 'J': 2, 'E': 2, 'A': 2, 'S': 0}; links: -; preflight=not_assessed; lineage=independent_account"
SRC-007,Oklahoma District Attorneys Council (DAC — UVED program) — P0 dossier: UVED program administrator and the legal authority chain including the applicable statute version,candidate,fixed ALPR;legislation/policy,US-OK,statutory-report,not assessed (queue rows approve nothing),n/a (not in registry),none (acquisition_queue.toml candidate),none,"acq-seed/1 dims {'G': 3, 'R': 3, 'I': 2, 'U': 2, 'T': 2, 'J': 2, 'E': 2, 'A': 1, 'S': 0}; links: ok_statute:related; preflight=not_assessed; lineage=independent_account"
SRC-008,Oklahoma Attorney General's office (Safe Oklahoma grant) — P1: Safe Oklahoma grant program — eligible surveillance-tech categories and award leads,candidate,procurement/contracts (multi-class),US-OK,grant,not assessed (queue rows approve nothing),n/a (not in registry),none (acquisition_queue.toml candidate),none,"acq-seed/1 dims {'G': 2, 'R': 2, 'I': 3, 'U': 1, 'T': 2, 'J': 2, 'E': 2, 'A': 2, 'S': 0}; links: usaspending:related; preflight=not_assessed; lineage=independent_account"
SRC-009,Oklahoma District Attorneys Council (JAG-LLE) — P1: JAG-LLE federal→state→local funding-chain eligibility and equipment rules (dedup vs USAspending),candidate,procurement/contracts (multi-class),US-OK,grant,not assessed (queue rows approve nothing),n/a (not in registry),none (acquisition_queue.toml candidate),none,"acq-seed/1 dims {'G': 2, 'R': 3, 'I': 2, 'U': 2, 'T': 2, 'J': 2, 'E': 2, 'A': 1, 'S': 0}; links: usaspending:related; preflight=not_assessed; lineage=independent_account"
SRC-010,Sourcewell (Minnesota local government unit / service cooperative) — P1: Sourcewell master cooperative contract → vendor → participation → ordering path for public-safety tech,candidate,procurement/contracts (multi-class),"US (MN cooperative, national reach)",procurement,not assessed (queue rows approve nothing),n/a (not in registry),none (acquisition_queue.toml candidate),none,"acq-seed/1 dims {'G': 2, 'R': 3, 'I': 1, 'U': 3, 'T': 2, 'J': 1, 'E': 2, 'A': 1, 'S': 0}; links: sourcewell:same_source; preflight=not_assessed; lineage=independent_account"
SRC-011,"California State Auditor — P1: California State Auditor ALPR audit — findings, agency survey answers, recommendations",candidate,fixed ALPR;accountability/oversight,US-CA,statutory-report,not assessed (queue rows approve nothing),n/a (not in registry),none (acquisition_queue.toml candidate),none,"acq-seed/1 dims {'G': 2, 'R': 3, 'I': 3, 'U': 3, 'T': 1, 'J': 1, 'E': 1, 'A': 2, 'S': 0}; links: -; preflight=not_assessed; lineage=independent_account"
SRC-012,Seattle Office of Inspector General (OIG) — P1: Seattle OIG annual surveillance usage reviews and agency responses,candidate,accountability/oversight;legislation/policy,US-WA:Seattle,statutory-report,not assessed (queue rows approve nothing),n/a (not in registry),none (acquisition_queue.toml candidate),none,"acq-seed/1 dims {'G': 2, 'R': 3, 'I': 3, 'U': 2, 'T': 2, 'J': 1, 'E': 1, 'A': 2, 'S': 0}; links: ccops_seattle:related; camreg_seattle_wa:related; preflight=not_assessed; lineage=independent_account"
SRC-013,City of San José (Digital Privacy / IT) — P2: San José privacy decisions and algorithm-register entries for surveillance tech,candidate,legislation/policy;accountability/oversight,US-CA:San Jose,gov-open-data,not assessed (queue rows approve nothing),n/a (not in registry),none (acquisition_queue.toml candidate),none,"acq-seed/1 dims {'G': 1, 'R': 2, 'I': 2, 'U': 3, 'T': 2, 'J': 1, 'E': 2, 'A': 2, 'S': 0}; links: legistar:related; preflight=not_assessed; lineage=independent_account"
SRC-014,City of Norman / Norman Police Department — P2: Norman police ALPR policy text and its version/amendment state (incl. third-party manual content),candidate,fixed ALPR;legislation/policy,US-OK:Norman,other,not assessed (queue rows approve nothing),n/a (not in registry),none (acquisition_queue.toml candidate),none,"acq-seed/1 dims {'G': 1, 'R': 2, 'I': 2, 'U': 2, 'T': 1, 'J': 2, 'E': 2, 'A': 2, 'S': 0}; links: powerdms_public_portals:related; preflight=not_assessed; lineage=independent_account"
SRC-015,"NYC Department of Investigation — OIG-NYPD — P2: NYC OIG-NYPD surveillance oversight findings, recommendations and NYPD responses",candidate,accountability/oversight,US-NY:New York,statutory-report,not assessed (queue rows approve nothing),n/a (not in registry),none (acquisition_queue.toml candidate),none,"acq-seed/1 dims {'G': 1, 'R': 3, 'I': 3, 'U': 2, 'T': 2, 'J': 1, 'E': 1, 'A': 2, 'S': 0}; links: ccops_nyc_post:related; procportal_nyc_ny:related; preflight=not_assessed; lineage=independent_account"
SRC-016,NYC Comptroller — P2: NYC Comptroller contract-registration and audit lifecycle actions on surveillance contracts,candidate,procurement/contracts (multi-class);accountability/oversight,US-NY:New York,procurement,not assessed (queue rows approve nothing),n/a (not in registry),none (acquisition_queue.toml candidate),none,"acq-seed/1 dims {'G': 1, 'R': 3, 'I': 3, 'U': 2, 'T': 3, 'J': 1, 'E': 2, 'A': 2, 'S': 0}; links: ccops_nyc_post:related; procportal_nyc_ny:related; preflight=not_assessed; lineage=independent_account"
SRC-017,"Chicago Office of Inspector General — P2: Chicago OIG ShotSpotter evaluation methodology, findings and follow-up",candidate,gunshot detection;accountability/oversight,US-IL:Chicago,statutory-report,not assessed (queue rows approve nothing),n/a (not in registry),none (acquisition_queue.toml candidate),none,"acq-seed/1 dims {'G': 1, 'R': 2, 'I': 3, 'U': 2, 'T': 1, 'J': 1, 'E': 1, 'A': 2, 'S': 0}; links: procportal_chicago_il:related; camreg_chicago_il:related; preflight=not_assessed; lineage=independent_account"
SRC-018,"San Francisco Bay Area Rapid Transit District (BART) — P2: BART surveillance impact reports, policies and board decisions",candidate,accountability/oversight;legislation/policy;CCTV registries,US-CA:SF Bay Area (BART),ccops-report,not assessed (queue rows approve nothing),n/a (not in registry),none (acquisition_queue.toml candidate),none,"acq-seed/1 dims {'G': 1, 'R': 2, 'I': 3, 'U': 2, 'T': 3, 'J': 1, 'E': 2, 'A': 2, 'S': 0}; links: -; preflight=not_assessed; lineage=independent_account"
SRC-019,"City of Berkeley — P2: Berkeley surveillance-ordinance reporting, policy versions and sharing MOUs",candidate,legislation/policy;accountability/oversight,US-CA:Berkeley,ccops-report,not assessed (queue rows approve nothing),n/a (not in registry),none (acquisition_queue.toml candidate),none,"acq-seed/1 dims {'G': 1, 'R': 2, 'I': 1, 'U': 2, 'T': 2, 'J': 1, 'E': 2, 'A': 2, 'S': 0}; links: ccops_berkeley:same_source; preflight=not_assessed; lineage=independent_account"
SRC-020,City of Boston — P2: Boston annual surveillance report and per-technology supplements,candidate,legislation/policy;accountability/oversight,US-MA:Boston,ccops-report,not assessed (queue rows approve nothing),n/a (not in registry),none (acquisition_queue.toml candidate),none,"acq-seed/1 dims {'G': 1, 'R': 2, 'I': 1, 'U': 2, 'T': 2, 'J': 1, 'E': 1, 'A': 2, 'S': 0}; links: ccops_boston:same_source; preflight=not_assessed; lineage=independent_account"
SRC-021,Santa Clara County (privacy/oversight office) — P2: Santa Clara County ordinance-driven surveillance impact assessments and oversight reviews,candidate,accountability/oversight;legislation/policy,US-CA:Santa Clara County,ccops-report,not assessed (queue rows approve nothing),n/a (not in registry),none (acquisition_queue.toml candidate),none,"acq-seed/1 dims {'G': 1, 'R': 2, 'I': 3, 'U': 2, 'T': 2, 'J': 1, 'E': 2, 'A': 2, 'S': 0}; links: -; preflight=not_assessed; lineage=independent_account"
SRC-022,U.S. DOJ Office of Community Oriented Policing Services (COPS) — P2: COPS award documents — recipient/purpose/award-id for surveillance-tech funding (dedup vs USAspending),candidate,procurement/contracts (multi-class),US (federal),grant,not assessed (queue rows approve nothing),n/a (not in registry),none (acquisition_queue.toml candidate),none,"acq-seed/1 dims {'G': 1, 'R': 3, 'I': 2, 'U': 3, 'T': 2, 'J': 1, 'E': 2, 'A': 2, 'S': 0}; links: usaspending:related; preflight=not_assessed; lineage=independent_account"
SRC-023,U.S. Department of Homeland Security — P2: DHS privacy impact assessments for commercial LPR — federal acquisition/access governance context,candidate,fixed ALPR;data broker;accountability/oversight,US (federal),statutory-report,not assessed (queue rows approve nothing),n/a (not in registry),none (acquisition_queue.toml candidate),none,"acq-seed/1 dims {'G': 1, 'R': 2, 'I': 1, 'U': 2, 'T': 1, 'J': 1, 'E': 2, 'A': 2, 'S': 0}; links: dhs_oig_reports:related; dhs_fusion_center_assessments:related; preflight=not_assessed; lineage=independent_account"
SRC-024,U.S. Defense Logistics Agency (LESO / 1033 program) — P2: DLA LESO/1033 equipment holdings vs transfers for surveillance-relevant items,candidate,procurement/contracts (multi-class);drones/DFR,US (federal),gov-open-data,not assessed (queue rows approve nothing),n/a (not in registry),none (acquisition_queue.toml candidate),none,"acq-seed/1 dims {'G': 1, 'R': 2, 'I': 3, 'U': 3, 'T': 2, 'J': 1, 'E': 2, 'A': 2, 'S': 1}; links: -; preflight=screening_required flags=['personal_identifier']; lineage=independent_account"
SRC-025,U.S. Federal Aviation Administration — P2: FAA Part 107 waiver records — organization/authorization/validity for public-safety drone programs,candidate,drones/DFR,US (federal),gov-open-data,not assessed (queue rows approve nothing),n/a (not in registry),none (acquisition_queue.toml candidate),none,"acq-seed/1 dims {'G': 1, 'R': 3, 'I': 1, 'U': 3, 'T': 2, 'J': 1, 'E': 2, 'A': 2, 'S': 1}; links: faa_drone_waivers:same_source; preflight=screening_required flags=['personal_identifier']; lineage=independent_account"
SRC-026,UK Government (GOV.UK — Algorithmic Transparency Recording Standard) — P3: UK ATRS structured records — systems/suppliers/risk for the public-safety subset,candidate,face recognition;video analytics;other,GB,gov-open-data,not assessed (queue rows approve nothing),n/a (not in registry),none (acquisition_queue.toml candidate),none,"acq-seed/1 dims {'G': 0, 'R': 3, 'I': 3, 'U': 3, 'T': 2, 'J': 0, 'E': 2, 'A': 2, 'S': 0}; links: uk_surveillance_camera_commissioner:related; preflight=not_assessed; lineage=independent_account"
SRC-027,City of San Diego (SDPD — ALPR network audit) — P3: San Diego ALPR network-audit existence/period metadata and safe-aggregate feasibility (metadata only — per,candidate,fixed ALPR;ALPR sharing network,US-CA:San Diego,records-release,not assessed (queue rows approve nothing),n/a (not in registry),none (acquisition_queue.toml candidate),none,"acq-seed/1 dims {'G': 0, 'R': 1, 'I': 0, 'U': 1, 'T': 2, 'J': 3, 'E': 3, 'A': 3, 'S': 3}; links: -; preflight=prohibited_until_review flags=['license_plate', 'personal_identifier']; lineage=derived_summary"
