cat_id,class,title,theme,scope,size,est_runs,depends_on,data_prereqs,operator_gate,live_stage,monthly_cost_delta_usd,where_it_must_land,merged_from,source_refs,acceptance_sketch
SEED-00,seed,Planning-ledger truth fixes before GATE-P,R11-MEMORY-TRUTH,Single-writer planning orchestrator appends a dated correction entry for the late-stamped META_PLAN change log and refreshes its CURRENT STATE; removes the credential-shaped SIG_INTAKE_FORM_SECRET literal from committed planning notes by a forward fix so the seed PR's security/python checks are not red.,S,0.5,,,Q-H2-2 (rotate the value if it was ever real); Q-B4-5,none,0,stage-B seed (pre-GATE-P),B4 NEW-1; B4 NEW-2; G2 NEW-11; H2 NEW-1; H2 NEW-11; H2 §3.3 rows 1 and 3; Q-B4-5,"design/B4-verification.md §8-9; design/H2-branch-ci.md §3.3, §9",META_PLAN §11 carries an appended correction naming each late stamp; `make scan-secrets` and test_secret_scan_real_tree_is_clean pass on the planning tree
SEED-01,seed,"C0 seed preflight: operator go for control-ledger edits, A1 delta, <PRE> pinned",R11-MEMORY-TRUTH,"No commit. Record the operator's explicit go for control-ledger edits (P10), run the A1 baseline delta, pin <PRE> (#190 head b051732c or successor) and confirm S1b dispositions exist.",S,0.25,SEED-00,S1b universe dispositions; baseline/baseline.json delta,P10 control-ledger go (B2 §4.1; B3 Q4),none,0,stage-B seed,B3 §5.1 C0; B2 Q3,design/B3-ledger-redesign.md §5.1,delta shows no unexplained mem.* change; go recorded verbatim
SEED-02,seed,"Guard core commit (C0.5): memory_guard.py core, record policies, docs-check/CI wiring, ci_boundary.py",R11-MEMORY-TRUTH,"Stdlib memory_guard.py with G1 record-dates R1/R3/R5/R6 (diff mode), G2 append-only core (append position, living-archived, readouts, jsonl prefix), G4a gate-table/verbatim/date and G4b guard-sentence checks; policies under docs/build/tools/record_policy/; Makefile docs-check-memory/-spec/-matrix; CI docs job also on push to main with a memory-guard step; pytest collects docs/build/tools/test_*.py; ci_boundary.py (G3a) for T6 and the first boundary.",L,2,SEED-01;SEED-03,,Q-B4-1 / Q-14 (fallback: this becomes row 201 and checks run planning-side in seed_verify.py),none,0,stage-B seed,"B4 §6.1 guard core; B4 G1 (R1,R3,R5,R6); B4 G2 core; B4 G3a; B4 G4a; B4 G4b (new readouts); B4 G7 item 1 wiring; B2 §7 (core); B3 V7 (core); B3 V10; F5 PKG-13 item 2 (checkers in docs-check/CI); F3 BL-051; F3 ADR-062 trigger (part); B4 NEW-4; B4 NEW-5; B4 NEW-9; H2 TC-PIN item 6b (docs job on push); A3 F-27 (part); DRAFT-MEM-1/2 (seed half)","design/B4-verification.md §3, §4 G1-G4, §6.1; research/B2-append-only.md §7; design/H2-branch-ci.md §3.5",each rule has a pass/fail fixture drawn from a real commit; seed commits C1-C10 pass; `make docs-check` runs the new targets; CI docs job runs on push
SEED-03,seed,PKG-02 decouple tests from living build memory (in or before the seed PR),R11-MEMORY-TRUTH,"Rewrite the 7 tests in 4 files (covering B4's six real-tree pins, incl. the off-enum IN-PROGRESS pin) to assert invariants, fix check_pilot so it accepts closures with evidence, add the AGENTS.md test convention note. The AST lint itself is R11-MEM-08.",M,1,SEED-01,,none,none,0,stage-B seed,"F5 PKG-02 (ED-07..ED-13, minus lint); F5 NEW-1; F5 NEW-2; B4 G6 pin conversions; B4 NEW-3; H2 §3.3 row 2; F-19 (part); B5 NEW-8 (part)","research/F5-eng-debt.md §3, §4 PKG-02; design/B4-verification.md §4 G6, §6.1",F5 mutation set M1-M7 runs with 0 failures except legitimate validator errors; check_pilot refuses a closure without evidence and accepts one with evidence
SEED-04,seed,"C1 reports/memory-repair: README, date_corrections.csv, append_only_register.csv",R11-MEMORY-TRUTH,Promote B1's correction register (data/date_drift.csv) and B2's violations register into docs/build/reports/memory-repair/ with a README.,S,0.5,SEED-02,data/date_drift.csv; data/append_only_violations.csv,none,none,0,stage-B seed,B3 C1; B1 §5.1 (register promotion); B2 §6,design/B3-ledger-redesign.md §5.1,CSV sha256 equals the planning data file (or a documented added column); layout check green
SEED-05,seed,C2 PHASE LOG INDEX r01-r10 + PHASE LOG - Round 11 section,R11-MEMORY-TRUTH,"Generate phase_log_index_r01-r10.csv (hash-anchored), append the PHASE LOG INDEX section and a new last section PHASE LOG - Round 11 as the only append target.",S,0.5,SEED-04,,none,none,0,stage-B seed,B3 C2; B3 §3.10; B3 NEW-2; B3 NEW-8 (part),"design/B3-ledger-redesign.md §3.10, §5.1",186 CSV rows each matching a LEDGER line @PRE; last ## heading = Round 11; 0 removed lines
SEED-06,seed,C3 GATE DECISIONS restoration of the 53 rows deleted by c2055d96,R11-MEMORY-TRUTH,"Append a dated RESTORED-from-c2055d96^ block quoting the 53 rows verbatim at the end of GATE DECISIONS (sha256 baec891d...), plus the ordering note and a Round 11+ table header.",S,0.5,SEED-05,,"P10 control-ledger go (restore-first order, B3 Q4)",none,0,stage-B seed,B2 §4.1; B2 §6 step 1; B3 C3; B3 §3.8; B2 NEW-1; F-22; E2-18 (restore half); Q-E2-19 (part),research/B2-append-only.md §4.1; design/B3-ledger-redesign.md §5.1,53-line slice hashes to baec891d...; each source line occurs once; 0 removed lines; GL-GATE-06 resolvable
SEED-07,seed,C4 B1 date corrections in LEDGER and BUILD_INDEX,R11-MEMORY-TRUTH,"Append a GATE DECISIONS DATE CORRECTION row, a PHASE LOG ROUND11 correction entry and a BUILD_INDEX Row corrections section covering every date_corrections.csv row for these two files.",S,0.5,SEED-06,,none,none,0,stage-B seed,B3 C4; B1 §5.1 (LEDGER/BUILD_INDEX part); F-21 (records half),"design/B3-ledger-redesign.md §3.9, §5.1; research/B1-date-drift.md §5.1",every register row for LEDGER/BUILD_INDEX referenced by exactly one correction; 0 removed lines
SEED-08,seed,B1 correction records outside LEDGER/BUILD_INDEX + p-17b713 supersession record,R11-MEMORY-TRUTH,"Append-only B1 corrections: DEFERRALS correction section, manifest Plan-extension correction lines, runs/pr/CAPSTONE addenda, ADR date-correction footers (33; see conflict CF-02), CORRECTION.md in the 28 committed fixture-run dirs, operator-confirmed addenda for the signed GATE-G3/ACCEPT-R10 readouts, and the option-C supersession/withdrawal record for candidate p-17b713 (not re-signed).",M,1,SEED-04;OP-18,,Q-12 / Q-B1-3 (option C); Q-B1-2 (true decision times); Q-E2-18,none,0,stage-B seed,B1 §5.1 (non-LEDGER files); B1 §5.2; B1 §5.5 (CORRECTION.md half); B1 §5.8 option C (record half); E2-17; E2-19; E2 Q-E2-20; B1 NEW-2 (record half); G2 ACT-12 (record half),"research/B1-date-drift.md §5, §8; design/E2-governance-options.md E2-17, E2-19",each B1 (b) row for these kinds maps to one appended correction; guard core R3 accepts every correction line; 0 removed lines
SEED-09,seed,"C5 BUILD_INDEX index repairs (rows 190/195, PR fills, 170a, not-landed note)",R11-MEMORY-TRUTH,"Append index repairs: executed markers 190 (GATE-G3) and 195 (GATE-ACCEPT), PR fills for #76-#81 and #89, seq 170a, and a not-landed note.",S,0.5,SEED-07,,none,none,0,stage-B seed,B3 C5; B3 §3.11; B3 NEW-7; F-24 (part),"design/B3-ledger-redesign.md §3.11, §5.1",every manifest chain row indexed or listed unused/deferred; 0 removed lines
SEED-10,seed,C6 living head: archive LEDGER L1-54 byte-for-byte and write the slim head (PAUSED),R11-MEMORY-TRUTH,"Archive the old orient region to reports/memory-repair/LEDGER_head_R01-R10.txt (sha256-linked) and replace it with a <=12 KiB head, values-only CURRENT STATE (projectStatus PAUSED, pauseRequested true) and an interim OPERATING MODE that says the seed is not a resume point.",S,0.5,SEED-09,,none,none,0,stage-B seed,B3 C6; B3 §3.2-3.5; F-23; B3 NEW-6,"design/B3-ledger-redesign.md §3, §5.1","archive sha256 equals sed -n 1,54p @PRE; head <=12 KiB; 19 keys in order; enums valid"
SEED-11,seed,T1 decision and waiver ADRs (from ADR-146) + recorded ADR-trigger evaluations,R11-GOVERNANCE-RECORDS,"Write the GATE-P decision/waiver ADRs: B1 date-correction ADR; E2 set (PUB-008 posture, interim editorial authority, interim legal home, SEC-003 posture, counsel basis with dated fallback, INGEST-037 amendment/rule 7/046c, crawler policy field superseding ADR-088's clause, outreach timing, operator-accepted rights basis, ADR-106 basis, CHART-025); L3 ADR-L3-A/B/C; K0 page types/zero-JS (UXK0-7), K1 basemap superseding ADR-118 §2 (MAP-00), VIZ-00; STORE-045 route if ADR; superseded-status appends (ADR-015, 058 §3, 075, 092, 096 §1); recorded evaluations for the fired revisit triggers (F3 §5.1) and counsel-dormant restatements. | S6: 30 ADRs after GATE-P (23 + WV-04/05/06/07 + ADR-183 express-terms acceptance + ADR-184 terms-conflicted public pages + ADR-185 Part VIII lanes); 4 contexts",L,4,SEED-02,S5 ratified decisions; S1c decision catalog,"GATE-P decisions (Q-E2-*, Q-L3-1/2, D-K0-1, D-K1-1, D-K13-1..5, Q-12, D-G3-1)",none,0,stage-B seed,"T1 (ADRs); B1 §8 draft ADR; E2 §6 new-ADR list (E2-01, E2-03, E2-04, E2-05, E2-06, E2-07, E2-09, E2-10, E2-11, E2-13, E2-20); L3 §8 ADR-L3-A/B/C; K13 §7.2 (UXK0-7, MAP-00, VIZ-00 spec hand-off); K0 zero-JS re-decision; K1 basemap reversal; F3 §5.1 (26 fired, 16 needing evaluation), §5.2 (superseded), §5.4 (NEW-8); F3 NEW-4; B4 G8-1 new-ADR header rule; F2a §5 ONTO-060/INGEST-004/ENG-004 (ADR side); F3 BL-034/BL-035 (adr-waiver); F3 BL-001 P0-06 (adr-waiver ADR-088)",design/E2-governance-options.md §6; design/L3-confidence-program.md §8; research/F3-backlog.md §5; design/K13-ux-synthesis.md §7.2,each ratified decision has one ADR with ## Revisit trigger and the template header; guard core dates pass; adr-index regenerated
SEED-12,seed,T1 spec_src amendments (Round-11 Part/section + amendments) and BUILD.sh,R11-GOVERNANCE-RECORDS,"Amend spec_src and rebuild: a Round-11 section following §55's pattern; B1 §55 date corrections + App G R11-Ax row (render_plan.py marked historical); new requirement text from B4 §5 (DRAFT-MEM/ENG/OPS), G1 §4, G3 §10 (SIG-REL), J3 §11 (SIG-TRANSP-D01..D25 + METRIC-007/EVID-009/UI-035/EXPORT-002), K13's 51 requirements, L3 §7, E2 §6 spec amendments, F2a ONTO-060/INGEST-004/ENG-004/ONTO-055, SIG-ENG-031/039 amendments, and the go-live spec corrections (E2-18).",L,3,SEED-11,S3 plan §6 requirement changes,GATE-P,none,0,stage-B seed,T1 (spec); B1 §5.3; B4 §5 DRAFT-*; G1 §4; G3 §10; J3 §11; K13 §6 (51 reqs); L3 §7; E2 §6 spec_src amendments; E2-18 go-live amendments; E2-19; F2a §5 spec amendments; F3 ADR-145 trigger,research/B1-date-drift.md §5.3; design/B4-verification.md §5; design/K13-ux-synthesis.md §6; data/k13_requirements.csv,"BUILD.sh regenerates the spec; check_spec_src.py green in CI; new ids append-only; App G row added, R10-A6 untouched"
SEED-13,seed,T3 manifest rows 201+ and ticket contracts; rows 184-187 superseded,R11-GOVERNANCE-RECORDS,"decompose-spec mode=extend: Round-11 banner, Plan-extensions line, one contract per catalog R11 row (Run: lines, live_verification, HUMAN/GATE markers, tail rows), requirement->ticket index, sizing review; append the L3 §6.3 dispatch amendment and superseded-by tokens for 184-187, their contract notes and HUMAN-H4/H5 superseded sections; dispose HG-05/P23.1.",L,4,SEED-12,S2 sequencing; this catalog,"GATE-P; Q-13 (if skills deferred, hand-apply SK-17..20 template content)",none,0,stage-B seed,T3; F4 §7.3-7.5; L3 §6.3; B3 §3.12 (nextTicket N1); B3 Q5 (HG-05/P23.1); A3 NEW-3; B6 §5.3 (template fallback); F4 NEW-3,design/L3-confidence-program.md §6.3; design/F4-s3-spine.md §7; design/B3-ledger-redesign.md §3.12,every R11 catalog row has exactly one manifest row/contract; 184-187 carry superseded-by tokens; validator ticket<->row rule holds
SEED-14,seed,"T4 register mapping: DEFERRALS annotations, BACKLOG triage, COVERAGE re-verdicts",R11-GOVERNANCE-RECORDS,"Append-only: F1 status/blocker corrections and leave-on-answer rows, E4 Part C re-assessments, L3 §6.4 annotations, E2 §6 record corrections, new OPEN rows (counsel opinion, SEC-003 owner, 2nd reviewer/board trigger, ADR-124 allow row, MET-ENGINEERED D-rows); BACKLOG closures/superseded/splits and new BL rows from BL-059 (incl. EVAL-004 waiver revisit), RISK duplicate-id renames and RISK-P21-03 route; COVERAGE_MATRIX adopts MET-ENGINEERED/WAIVED + 4 columns and applies the F2a/F2b/L3 verdict deltas; every universe item mapped (S1b).",L,2,SEED-15;SEED-11,S1b dispositions,GATE-P (Q-E2-17 vocabulary; F2b §6 decisions),none,0,stage-B seed,"T4; F1 §4, §5, §7 (NEW-4); E4 §5 Part C; L3 §6.2, §6.4; E2 §6 Records; F2a §3; F2b §1-§3; F3 §3-§4, §7 hygiene 1-4, 6-10; F3 NEW-2/NEW-5/NEW-7; F2b NEW-6; A3 NEW-1/NEW-2; D-SOURCES.12-1/9-2/9-3/7-1 status; D-JURIS.2-1/D-SOURCES.2-2/9-2 wontfix; D-SOURCES.9-3/D-R7.1-AUTH/D-P21.7-1 later-phase; E2-16 re-verdicts (Q-E2-17); E4 R1; E4 R2a; E4 R2b; E4 S1; E4 S2; E4 S3; E4 S4; E4 S5",research/F1-owed-register.md §4-§7; research/F2b-verdicts.md §2; research/F3-backlog.md; design/L3-confidence-program.md §6,"check_backlog, check_coverage_matrix (new grammar) and obligation checks green; every owed item in exactly one home; see CF-03 on lead-token transitions"
SEED-15,seed,"T4 validator changes: verdict grammar + cross-checks, backlog open-home, ADR trigger register",R11-GOVERNANCE-RECORDS,"check_coverage_matrix: MET-ENGINEERED/WAIVED grammar and parameters, cross-checks against obligation heads, routing/evidence liveness, domain rule, expected counts derived from the spec (no pinned 715); check_backlog requires an open home and flags triggers on closed rows; create ADR_TRIGGERS.csv (one row per revisit trigger).",M,1,SEED-02,,GATE-P (vocabulary adoption),none,0,stage-B seed,B4 G7 items 2-4; F2b §2.4 items 1-6; B4 NEW-7; F3 NEW-1; F3 NEW-3 (ADR-TRIGGER-REGISTER home); B4 G8-3 (register file); F5 PKG-13 item 3; F2b NEW-4; DRAFT-ENG-2,"research/F2b-verdicts.md §2.4; design/B4-verification.md §4 G7, G8",fixture matrices fail each forbidden verdict combination; 17 A3 NEW-1 rows fail before re-verdict and pass after T4
SEED-16,seed,C7 RETURN PASS superseding note + RETURN PASS - current + returnPass ids,R11-MEMORY-TRUTH,Append the superseding note and a RETURN PASS - current table regenerated from §(f3) plus S1/T4 dispositions; set returnPass ids.,S,0.5,SEED-10;SEED-14,S1b dispositions,none,none,0,stage-B seed,B3 C7; B3 §3.13; F-25; A3 NEW-2,"design/B3-ledger-redesign.md §3.13, §5.1",key == table tickets; every owed obligation in exactly one home (script)
SEED-17,seed,"C8/T5 Round-11 CURRENT STATE, OPERATING MODE and GATE-M/GATE-P rows",R11-MEMORY-TRUTH,"Fill CURRENT STATE (round 11, nextTicket per V2 rule, chainTip/base per H2, dispatchTarget, harness per Q-16) and the Round-11 OPERATING MODE (B5 OM rules, H2 §7 paste blocks incl. the G3a CI gate and flake rule, G2 activation rules, P16 contact rule, the D-P31.4-1 clock guard, and the B6 §5.3 skill-clause overrides if skills are deferred); append GATE-M and GATE-P rows verbatim.",M,1,SEED-16;SEED-13,B5 rules; Q-15/Q-16 answers,"GATE-P; Q-15; Q-16; Q-B4-4/Q-B6-4 (harness key, see CF-04)",none,0,stage-B seed,"B3 C8; T5; B3 §3.4, §3.6; B5 OM-01..OM-18; H2 §7; G2 §2 AR rules; B6 §5.3; F1 §6 step 0 (clock guard); B4 NEW-10 (harness key)","design/B3-ledger-redesign.md §3.4, §3.6; design/H2-branch-ci.md §7; design/G2-activation.md §2",stale-token scan of the head = 0; every path in the head exists; nextTicket = S2's first dispatchable row; head <=12 KiB
SEED-18,seed,C9 projection regenerate + seed PR opened with five green checks,R11-MEMORY-TRUTH,"Regenerate reports/current (current_projection.py generate), run make docs-check and make check, push r11/seed and open the seed PR on devin/p33-8-agent-docs-refresh; fix any expected new reds (H2 §3.3) forward.",S,0.5,SEED-17;SEED-12;SEED-14;SEED-15;SEED-08;OP-05,,none,none,0,stage-B seed,"B3 C9; T6 (checks half); H2 §2.1, §3.3; F-27 (projection verify)","design/B3-ledger-redesign.md §5.1; design/H2-branch-ci.md §2.1, §3.3",current_projection verify exit 0; CURRENT.md shows round 11; python/docs/composed/security/web green on the seed PR head
SEED-19,seed,"T6 orient dry-run, HANDOFF.md, GATE-B; C10 flips the LEDGER to IN_PROGRESS",R11-MEMORY-TRUTH,"A fresh read-only subagent receives only the resume prompt, orients in <=48 KiB and resolves nextTicket; write HANDOFF.md; after the operator's GATE-B, append the GATE-B row and set projectStatus IN_PROGRESS / pauseRequested false.",S,0.5,SEED-18,,GATE-B (operator approval),none,0,stage-B seed,B3 §5.3; B3 C10; T6,design/B3-ledger-redesign.md §5.3,"dry-run reads <=48 KiB (head <=12 KiB), resolves PAUSED then nextTicket; 5 checks green; GATE-B recorded verbatim"
R11-MEM-01,r11,M1 check-append-only full modes + replay oracle + nightly replay,R11-MEMORY-TRUTH,"Complete G2: row-annotate, frozen-snapshot, frozen-after-execution/close/landing, jsonl prefix, living-archived, sqitch plan and id-registry modes; first-parent merge diffs; replay oracle derived from the B1/B2 registers; nightly read-only replay.",M,1,SEED-02,reports/memory-repair registers (SEED-04),none,none,0,early R11,B3 M1; B4 G2 (full); B3 V7; B2 §7; B2 NEW-1..NEW-9 (guard side); B3 NEW-3; F-22; F-26 (guard side); SK-16 (in-repo counterpart),design/B3-ledger-redesign.md §5.2; design/B4-verification.md §4 G2; research/B2-append-only.md §7,replay flags exactly B2's 42 loss + 4 transition-unjustified rows and each misdated stamp; passes the 405 benign rows and seed commits C1-C10
R11-MEM-02,r11,M2 ledger-contract validator + no-vacuous-pass (G5 + G11),R11-MEMORY-TRUTH,"B3 V1-V6, V8, V9, V11 plus B4 V12 (harness), V13 (manifest rounds), V14 (planning-ledger freshness); bold-aware PHASE LOG parser with pseudo-id allow-list; orient probe in CI; every validator reports items evaluated and exits 3 on a vacuous pass.",M,1,SEED-02,,none,none,0,early R11,"B3 M2; B3 V1-V6, V8, V9, V11; B4 G5 (V12-V14); B4 G11; B3 NEW-1; F-23; F-24; F-27; DRAFT-MEM-6; DRAFT-ENG-3; G1 NEW-3 (validator half); J1 NEW-13 (validator half); SK-15 (in-repo counterpart)","design/B3-ledger-redesign.md §6; design/B4-verification.md §4 G5, G11","fails V1/V2/V3 on LEDGER @PRE, passes on the seeded LEDGER; history replay finds exactly the 4 known pseudo-id cases"
R11-MEM-03,r11,M3 obligation_events repair + correction/transition data,R11-MEMORY-TRUTH,"obligation_events.py never regenerates; --recorded-at defaults to date -u; rejects future dates and recorded_at earlier than the chain's previous event; adds a correction kind; append correction events for the 3 rewrites, e1 transitions for the 8 mutated anchors, and B1's JSONL date corrections (97 events + 4 coverage assessments).",M,1,SEED-02,,none,none,0,early R11,B3 M3; B4 M3; B1 §5.6; B2 §5.1; B2 step 3; B2 NEW-2; B1 NEW-7; F-26; F3 ADR-126 trigger; F1 D-R10-MEMORY-1 (events leg); F1 §6 2c,design/B3-ledger-redesign.md §5.2; research/B1-date-drift.md §5.6; research/B2-append-only.md §5.1,events.jsonl @PRE is a byte prefix of the new file; >=8 transitions; check green; activation-check result recorded as-is
R11-MEM-04,r11,M4 remaining B2 restorations under M1,R11-MEMORY-TRUTH,"Restore by appending: DEFERRALS cell history and the 5 unjustified transitions (via e1 events), readout history blocks (operator-confirmed), > Amended blocks for P25.4/P25.5/P29.3, manifest Plan-extension corrections and P23.1-P23.7 id disambiguation, superseded-record sections for P26.16 and P31.16 run ledgers, P26.16 PHASE LOG corrections.",M,1,R11-MEM-01;R11-MEM-03;OP-18,,P10 control-ledger go; operator confirms readout addenda,none,0,early R11,"B3 M4; B2 §6 steps 2, 4-7; B2 NEW-3..NEW-9; E2-18 (records part)",research/B2-append-only.md §5-§6; design/B3-ledger-redesign.md §5.2,each B2 loss / transition-unjustified row maps to one restored block; guard green; 0 removed lines on protected paths
R11-MEM-05,r11,"M5 return_pass.py generator + projection fixes (landings, verify in CI)",R11-MEMORY-TRUTH,"Generator and check for RETURN PASS - current; projection landings from dispositions (F-28), header text, RETURN PASS in CURRENT.md, current_projection verify in the CI docs job.",M,1,SEED-16,,none,none,0,early R11,B3 M5; B3 V6; B3 V9; F-25; F-28,"design/B3-ledger-redesign.md §5.2, §6",regenerating reproduces the C7 table byte-for-byte; CI runs verify
R11-MEM-06,r11,M6 D-R10-MEMORY-1 disposition (option C) + DEFERRALS transition CI rule,R11-MEMORY-TRUTH,"implements ADR-148 (written by SEED-11; S4c FEA-06) (events repaired and enforced in-repo, projection kept as advisory, closeout journal stays shadow with a trigger); CI rule: a DEFERRALS lead-token change requires a matching transition event.",S,0.5,R11-MEM-01;R11-MEM-03,,operator S5 decision on the D-R10-MEMORY-1 split (B3 Q1),none,0,early R11,B3 M6; B3 §4; B4 M6; G2 ACT-25 (merged-into M6); F1 D-R10-MEMORY-1 (cutover leg),"design/B3-ledger-redesign.md §4, §5.2",ADR landed; a fixture PR flipping a cell without an event fails CI
R11-MEM-07,r11,Readout authorship rules in full (G4b) + gate-record hedge/delegation lint + G4c signed-gate CI verification (A-16),R11-MEMORY-TRUTH,"Permanent guard sentence in every readout and in-repo GATE/HUMAN templates with a signature-block skeleton; agent-drafted blocks carry a hash-confirmation marker; signing only appends; hedge/delegation lint and pre-authorization fields (scope, expiry) for gate records; lands before the first Round-11 gate readout. | S6: A-16 = yes: CI verifies the operator's gate-signature commits against a committed allowed_signers (key: OP-25); absorbs LATER-15",M,1,SEED-02;R11-MEM-04,,none,none,0,early R11,B4 readouts ticket; B4 G4a (hedge/delegation lint); B4 G4b (full); B4 NEW-8; B2 NEW-6; F-29; F-36 (part); E2-17 forward rule; E2-X1 forward rule; DRAFT-MEM-4/5,"design/B4-verification.md §4 G4, §6.3",0 of N readouts lack the guard sentence; a fixture signing commit that rewrites text fails; hedged answer without a yes/no fails
R11-MEM-08,r11,Living-record test lint (G6) + nightly advance backtest,R11-MEMORY-TRUTH,"AST lint in make check that fails tests asserting the current value of a living record (living_records.toml), plus a nightly backtest that advances living records; failing pins are converted or deleted, never relaxed.",S,0.5,SEED-03,,none,none,0,early R11,B4 pins-lint; B4 G6 (lint); F5 PKG-02 (lint part); DRAFT-ENG-1; H1 NEW-6 (#186 relaxed pin); OM-15,design/B4-verification.md §4 G6; research/F5-eng-debt.md PKG-02,lint fails a fixture test pinning nextTicket; passes the converted tests
R11-MEM-09,r11,ADR index generator + superseded status + trigger-register checker (G8),R11-MEMORY-TRUTH,"Patch the ADR index generator to parse the header forms in use (79 em-dash titles) and show owning ticket/status/superseded-by; check that superseded ADRs carry the Status append; checker for ADR_TRIGGERS.csv (state, evidence, open home, last evaluated).",M,1,SEED-15,,none,none,0,early R11,B4 adr-index; B4 G8-1/G8-2/G8-3 checker; B4 NEW-6; F-32; F3 NEW-4; F3 ADR-062 trigger; DRAFT-ENG-4; DRAFT-ENG-6; SK-21 (in-repo counterpart),design/B4-verification.md §4 G8,0 index rows titled '—'; a superseded ADR without the Status append fails; every trigger has one register row
R11-MEM-10,r11,Round-close record checks (G9 + capstone two-sum + tail probe-sweep contract),R11-MEMORY-TRUTH,"Checks for the amended SIG-ENG-031 (matrix = traceability, dated risk-register round section, round<->spec part), the capstone two-sum rule, and the tail probe-sweep contract used by the round tail.",S,0.5,R11-MEM-09;SEED-15,,none,none,0,early R11,B4 rec-tail; B4 G9; B4 G7 item 5; B4 G10 (tail contract); DRAFT-ENG-5; F2b §2.4 capstone rule,"design/B4-verification.md §4 G7, G9, G10",a fixture tail missing the risk-register section or adding MET-ENGINEERED into MET fails
R11-CI-01,r11,TC-PIN: toolchain pin and CI hygiene (must land before 2026-10-19),R11-CI-TOOLCHAIN,"Pin Node 24 LTS (.nvmrc, engines, packageManager, engine-strict) with one recorded lockfile regeneration and a CI lockfile-rewrite check; uv required-version; runs-on ubuntu-24.04 in all jobs and action bumps; workflow-level bash pipefail with a test; cancel-in-progress for PRs only; a real make ci-local mirror with a parity test; G3e engines test.",M,1,,,none,none,0,early R11 (deadline 2026-10-19),H2 TC-PIN; F5 PKG-13 items 1 and 6 (ED-52..ED-57 part); H1 NEW-2; H1 NEW-4; H2 NEW-3; H2 NEW-6; H2 NEW-7; H2 NEW-10; B4 G3e; H1 §3 item 2; F-18 (recurrence prevention),design/H2-branch-ci.md §3.5; research/F5-eng-debt.md PKG-13; design/H1-integration.md §3,CI logs node/npm equal to the pin; lockfile check fails on a drifted lock; `false | tee x` fails a step; 0 cancelled push runs on main after merges
R11-CI-02,r11,"TC-TRUTH: recorded-CI verifier, external delta, flake policy, advisory gate",R11-CI-TOOLCHAIN,"G3b verifier of recorded ci: lines against the GitHub API; G3c external-state delta (main head, ancestry, merges since last boundary); ci_flakes.toml + re-run log; Lighthouse stabilisation (ADR); PY-SUBSTR-1 test fix; npm advisory gate; the security leak check fails when SIG_GCP_PROJECT is unset (unless OP-07 sets it).",M,1,R11-CI-01;SEED-02,,Q-H2-4 (one re-run per head),none,0,early R11,"H2 TC-TRUTH; B4 CI-truth (G3b, G3c); DRAFT-MEM-3 (verification half); H2 NEW-2; H2 NEW-4; H2 NEW-8; H2 NEW-9; H2 NEW-12; F-17; F-18; F-20; F5 PKG-13 (advisory part)","design/H2-branch-ci.md §3.5, §4; design/B4-verification.md §4 G3",a done entry without a verifiable ci: line fails; a planted flake outside the allowlist is red; advisory gate fails at the chosen level
R11-ACT-01,r11,"Ops data protection (QA-1, QA-2, QA-6, QA-7 + bucket versioning + disk cap)",R11-SAFETY-HONESTY,"Enable Cloud SQL deletion protection and retain-backups-on-delete, set the Sunday 09:00 UTC maintenance window, add versioning + 90-day noncurrent lifecycle on sig-restricted and 30-day on sig-web/sig-public, remove allUsers from the sig-web bucket, and cap storage autoresize at the Q-23 value.",S,0.5,,,operator go per action (approved in principle §7.1); Q-23 disk cap,production write,0.3,early R11 (wave 0),G2 ACT-01; G1 QA-1; G1 QA-2; G1 QA-6; G1 QA-7; G1-03; G1-05 (bucket part); G1-06 (bucket origin); G1-14 (window); G1 NEW-4 (part); G1 NEW-5; G2 NEW-9; A1 NEW-3; F-42; F3 ADR-132 trigger (bucket part),"design/G2-activation.md §4 step 0a, §5; research/G1-ops.md §3.1, §5","instances describe shows the flags; / , /tiles (206) and /map/ still serve after QA-7; bucket versioning on; autoresize limit set"
R11-ACT-02,r11,"Alerts that reach a human (QA-3, QA-4, QA-5, QA-8 disable)",R11-SAFETY-HONESTY,E-mail notification channel to the operator's address with a log-based SIG-ALERT alert and a failed-job alert; uptime checks on / and API /health plus TLS-expiry alert; roll sig-probe onto the current cadence.toml (plus absence targets); gh workflow disable reingest.,S,0.5,,,operator go per action; NEW-7 timing (Track-0 exception before 10-01/10-10 or accepted risk),production write,1,early R11 (wave 0),G2 ACT-02; G1 QA-3; G1 QA-4; G1 QA-5; G1 QA-8 (disable half); G1-02 (quick actions); G1 NEW-2; G2 NEW-7; A1 NEW-2 (disable half); F-12 (probe part),"design/G2-activation.md §4 step 0a; research/G1-ops.md §3.5, §5",a synthetic SIG-ALERT reaches the operator's inbox; uptime checks green; the next sig-probe sweep succeeds
R11-ACT-03,r11,"Cost guard: budget alert at the ceiling, billing export, visible spend ledger",R11-SAFETY-HONESTY,"Billing budget at the $300/mo ceiling (50/90/100% e-mail alerts), BigQuery billing export, recorded Q-23 cap, and a monthly cost report under docs/build/reports/ (the visible spend ledger); corrects the README/ops cost claims by pointer.",S,0.5,,,"Q-10 ($300 recorded, U-008); billing-admin role (operator executes if the agent identity lacks it, OP-12)",production write,0.1,early R11 (wave 0),"G2 ACT-03; G1 QA-10; G1-10; G1 NEW-11; F3 ADR-098 trigger; U-008; U-011 spend ledger (D3 §4, no designed owner)",design/G2-activation.md §5; research/G1-ops.md §3.8,budget alert fires on a test threshold; first monthly cost report committed with billing-export numbers
R11-ACT-04,r11,Restore drill at scale + restore-point procedure + monthly logical export,R11-SAFETY-HONESTY,PITR clone into a new instance with append-only count parity at T and recorded RTO/RPO; backup-drill --cloudsql-clone mode; the AR-2 restore-point procedure; relabel the 09-15 dumps as seeds; monthly logical SQL export to sig-backups keeping 3 copies; drill quarterly and after each sqitch deploy.,M,1,R11-ACT-01,,"operator go (creates/deletes a clone instance, ≈$0.15-0.40 per drill)",production write,0.5,early R11 (wave 0),G2 ACT-04; G1 QA-9; G1-04; G1-03 (monthly export); G1 NEW-14; F3 ADR-081 trigger; F-01 (durable half),research/G1-ops.md §3.1; design/G2-activation.md §4 step 0a,drill record with RTO/RPO and exact count parity; clone deleted by name-check; restore-point command documented
R11-ACT-05,r11,One allow-listed publish path (no hand rsync; never deletes release trees),R11-SAFETY-HONESTY,"Committed ops/public_routes.toml; internal routes not built by default; content assertions (curate banner, loopback forms, demo_* slugs); dist/.sig-release.json; one sig-ops publish-web command that syncs once, never deletes r/, releases/<pub>/, entity/, conf/, and owns /releases/index.html; post-sync absence probes on every origin; regression tests.",M,1,,,code review (first live use in R11-ACT-06),none,0,early R11 (wave 0),G2 ACT-05; G1-06 ticket; G1 §3.2; G1 NEW-6; F5 PKG-04 (publish half); C4 NEW-10 + DR-C4-07 (no-delete); F-02 (durable fix); SIG-OPS-003/004,research/G1-ops.md §3.2; design/G2-activation.md §4 step 0b; research/F5-eng-debt.md PKG-04,"sync refuses curate/, an unlisted top-level dir and a demo_ page; a staged tree survives a web redeploy"
R11-ACT-06,r11,Web honesty wave + republish #1 (copy and small code on the 09-27 data),R11-SAFETY-HONESTY,"H-1 /editorial-standards/ says not yet performed and the SIG-UI-042 gate moves into the dossier build; H-3 dispute/footer truth (operator address, single-maintainer response times, no one-click/anonymous); H-4 methodology holdout wording (L3 §5.3) and κ row relabel; H-6 publication-basis label in footer/methodology; /visual-language/ fixture facts removed; demo_* task pages stripped; interim release stamp and interim sources-and-licences page; C6 QW-2/3/4/5/15; republish via R11-ACT-05 together with the K13 W0 copy tickets. | S6: A-0.3 = b: removes /visual-language/ and the handle-bearing pages (N-6); B-8: no response-time promise; WV-05: the dispute text says senders disclose their address; A-20 basis-label / status text and the A-8 disclosure text in copy batch #1",M,1,R11-ACT-05;R11-K13-UXW0-1;R11-K13-UXW0-3;R11-K13-UXW0-4;R11-K13-UXW0-5;R11-K13-UXW0-6,,operator go for the republish (HG-11 semantics) + every public sentence confirmed verbatim (copy batch #1); B-8 = no response-time promise,publish,0,early R11 (wave 0),G2 ACT-06; E2 H-1; E2 H-3; E2 H-4; E2 H-6 (web half); E2-02 (gate move; fixture removal); A-1 (honest text); F-03; E1-02; E3 NEW-1; E2 NEW-1; F-06; E1 NEW-10; C4 NEW-20; C2 NEW-1; C2 NEW-12 (part); G1 NEW-7; RI-04; RI-05; RI-06; C6 QW-2/3/4/5/15; Q-E2-01; Q-E2-04 (interim page),design/G2-activation.md §4 step 0c; design/E2-governance-options.md §0.1,route set equals the allow-list; absence probes 404; grep finds no 'one click'/'human-verified'/'Reviewer A'; axe 0 on changed pages
R11-ACT-07,r11,Attribution defect + publish-time attribution gate + re-export and republish #2,R11-SAFETY-HONESTY,"Rights resolution keyed on (source, spdx, attribution, terms) at the sink; additive rights_decision backfill (never UPDATE); per-row attribution in every compartment, export, API and per-compartment map credit; fix the DeFlock misattribution and SPDX/LicenseRef ids (OGL-UK-3.0); publication-basis label in manifest/LICENCES/datapackage (H-6 artifact half); publish fails on required-but-empty attribution; the re-export also carries R11-SAFE-01/02 and UXW0-2's exporter half. | S6: A-0.2 = b: also removes anonymous read/list on the sig-public 09-27 tree (live-fetched prefixes excluded; tombstone) on its own verbatim go, as the first live leg; A-8: the re-export keeps the express-terms rows",L,2,R11-ACT-04;R11-ACT-05;R11-SAFE-01;R11-SAFE-02;R11-K13-UXW0-2,,"operator go x2 (hosted backfill, republish); E-stream rights texts",production write + publish,0,early R11 (wave 0),"G2 ACT-07; F5 PKG-08 (ED-34, ED-35); E2 H-2; E2-12; E2 H-6 (artifact half); Q-E2-04; J1 NEW-2; J1 NEW-3; E1-12; E1 NEW-4; C2 NEW-16; C3 NEW-9; J4 NEW-2; J4 NEW-3; J4 NEW-7; L2 NEW-14; RI-03; F3 ADR-106 residue; J3 SIG-TRANSP-D15 (gate half)",design/G2-activation.md §4 step 0d; research/F5-eng-debt.md PKG-08; design/E2-governance-options.md E2-12,"0 rows with rights_attribution_required=1 and empty attribution (today 61,603 + 3,272 wrong); the gate refuses a seeded unattributed row"
R11-ACT-08,r11,"API honesty code (S0 RI-02): dossier/coverage scope, terms, grants",R11-SAFETY-HONESTY,"/v1/dossier/{scope} and /v1/coverage/{scope} return 404 or the real jurisdiction scope, never an arbitrary 25-subject sample, and coverage never says complete at 0 evaluated; bytes_available only for public byte-bearing captures; hand-seeded OKC fixture sources excluded from live API output; /terms board/counsel wording; sig_read_public grants cut to the §37 read surface by a new sqitch change with a DB allow-list test. Code lands in wave 0, deploys with R11-ACT-11.",M,1,R11-ACT-09,soft: JUR-02a keys for the real-scope variant,API hotfix option (G2 decision 8; default no),none (deploys via R11-ACT-11),0,early R11 (wave 0),G2 ACT-08 (minus IRI part); F5 PKG-09a (ED-36..ED-38); C3 NEW-1; C3 NEW-10; E2 H-5 (API half); J1 NEW-9; J4 NEW-6; F3 ADR-012 trigger; G2 NEW-6; RI-02,research/F5-eng-debt.md PKG-09a; design/G2-activation.md §4 step 0e,no scope returns unrelated subjects; a DB test allowlists what sig_read_public can SELECT; no fixture source id in API responses
R11-ACT-09,r11,Sqitch lifecycle hygiene + round-trip CI + L44-52 clone rehearsal,R11-R10-ACTIVATION,"tag + rework shared_temporal_contract (verify asserts the 27 named facets); template0 test harness; make test-sqitch-roundtrip in CI (deploy-verify-revert-deploy-verify); @tag copies byte-identical; planned_at <= commit guard and verify lint; standalone planned_at correction comment lines (ids unchanged); sqitch image pinned by digest; ADR; read the hosted head read-only; rehearse L44-52 on a PITR clone (lock time, disk, duration).",L,2,R11-ACT-04;SEED-03,,operator go (clone rehearsal); Q-B1-1 read,read-only + clone,0,early R11,G2 ACT-09; F5 PKG-01 (ED-01..ED-06); D-P32.10a-1; D-P32.16a-1; F1 §6 2b; F5 NEW-3; F5 NEW-4; B1 §5.7 (guard + comment lines); B4 B1-code (sqitch comments); Q-B1-1; Q-B1-4; G2 NEW-3,"research/F5-eng-debt.md §2, PKG-01; design/G2-activation.md §4 step 0f; research/B1-date-drift.md §5.7",whole-plan verify exits 0; revert -y + redeploy exits 0 in CI; a plan line with planned_at > commit fails a test; rehearsal numbers recorded; D-P32.10a-1/16a-1 close DONE
R11-ACT-10,r11,"ADR-124 allow dispositions: owed row, sig-ops disposition verb, flagged-org census",R11-R10-ACTIVATION,Read-only census of the review-flagged organisations; an append-only operator verb to record allow dispositions; the owed DEFERRALS row; supports the operator's D-K2-1 review (about 50 reviews unlock 96.5% of edges).,M,1,R11-ACT-09,,operator allow list (D-K2-1; OP-14),read-only,0,R11,G2 ACT-10; F1 NEW-4; G2 NEW-1; K2 NEW-1; D-K2-1 (tooling),"design/G2-activation.md §4 step 1, §5; design/K2-graph-and-entities.md",census report committed; a disposition recorded through the verb is visible to the API gate
R11-ACT-11,r11,Round-10 schema (sqitch L44-52) + ADR-124 allows + Round-10 API roll,R11-R10-ACTIVATION,Restore point; deploy L44-52 on hosted outside the day 6-13 batch window and after the D-P31.4-1 read-back; record the allows; roll sig-api by digest (carries R11-ACT-08); parity and performance checks.,M,1,R11-ACT-02;R11-ACT-04;R11-ACT-08;R11-ACT-09;R11-ACT-10;R11-OPS-07,,operator go,production write,1,R11,G2 ACT-11; F1 §6 4a; D-P31.1-1 (live leg); D-P31.5-2 (live leg); C3 NEW-1 (deploy); E2 H-5 (deploy),design/G2-activation.md §4 step 1,sqitch status on hosted = L52; API parity checks pass; S0 RI-02 verified live
R11-ACT-12,r11,"Date truth in code: release constants, fixture capture dates, future-date literal test",R11-MEMORY-TRUTH,Constants reference the recorded decision (identity_digest changes intentionally); release_publish_verify reads the candidate manifest; dossier packet and web fixture dates become real authoring dates or capture_kind: stand-in with scenario_as_of; move the 23 test pins; sources.toml 21 date lines corrected; G1 R2/R4 + whole-tree future-date literal test; packet builders assert retrieved_at <= fixture commit and as_of <= build; regenerate superseding fixture-run artifacts.,L,2,SEED-08;SEED-03,,Q-12 / Q-B1-3 (option C),none,0,early R11,"G2 ACT-12; B1 §5.4; B1 §5.5 (pins, regeneration); B1 §5.8 (code half); B4 B1-code (G1 R2/R4, code-literal test, fixture capture markers); F1 §6 2e; B1 NEW-1; B1 NEW-2; B1 NEW-3; B1 NEW-5; E4 §4.3 item 3","research/B1-date-drift.md §5.4-5.5, §5.8; design/B4-verification.md §4 G1",the tree test fails on a planted future literal and passes the allow-listed fields; no hand-typed 2026-10-19 remains in ops/
R11-ACT-13,r11,Execution host for hosted return passes + least-privilege DB logins,R11-R10-ACTIVATION,One-off Cloud Run job pattern with a least-privilege SA and read-only OCFL mount; sig_recovery login for bounded applies; sig_audit SELECT-only login for quality probes (no read-only login exists today).,M,1,R11-OPS-01,,operator go (infra create),production write,0,R11,G2 ACT-13; G2 NEW-10; L3 CP-0 (login); L2 NEW-16; L1 NEW-13 (login part),design/G2-activation.md §5; design/L3-confidence-program.md §2,a one-off job runs with the new SA and cannot write outside its grants; sig_audit cannot write
R11-ACT-14,r11,"D-R10-LIVE-1 live pass (row 183): hosted audit, bounded apply, freeze",R11-R10-ACTIVATION,"Hosted audit -> plan -> reviewed bounded apply -> +0 -> rematerialize -> freeze, with storage ceilings restated in GB and the P32.2 capture binding live.",M,1,R11-ACT-11;R11-ACT-12;R11-ACT-13;R11-ACT-04,restore point,operator go + recorded --authority scope,production write,0,R11,G2 ACT-14; F1 §6 4b; D-R10-LIVE-1; row 183 P32.22 live_verification; L3 CP-8 (binding live part); G2 NEW-9 (GB ceilings),design/G2-activation.md §4 step 2,+0 re-run; frozen snapshot recorded; disk before/after read
R11-ACT-15,r11,D-P32.23a-1 production candidate (row 188) with true dates,R11-R10-ACTIVATION,"Build the candidate over the hosted snapshot with corrected constants, an export-mode web build, a crawl and real-data budgets; p-17b713 stays superseded (no re-sign).",M,1,R11-ACT-14;R11-ACT-12;R11-ACT-16,,operator go (no publication),none (staged only),0.04,R11,G2 ACT-15; F1 §6 4c; D-P32.23a-1; B1 NEW-2; C4 NEW-11/26/31/32 (part),design/G2-activation.md §4 step 3,candidate staged; export-mode build and crawl pass; as-of <= build time
R11-ACT-16,r11,Release-archive correctness + export-mode build repair,R11-R10-ACTIVATION,Link depth in release_pages.py and a link-resolution crawl in validate_release; run_spine_export emits leverage.json (or its absence is honest); honest empty tile state; CI export-mode web build from a from-spine fixture export; island budgets and Lighthouse over it; C4 archive defects.,L,2,,,code review,none,0,R11,G2 ACT-16; F5 PKG-03a (ED-14..ED-17); F5 NEW-5; C4 NEW-1/5/6/7/26/29/31; DR-C4-01; DR-C4-13,research/F5-eng-debt.md PKG-03; design/G2-activation.md §4 step 4,corpus crawl returns 0 unexpected non-200s; export-mode build of a from-spine export passes in CI
R11-ACT-17,r11,"Serving topology: LB path rules, registry mount, P32.13 nginx roll",R11-R10-ACTIVATION,LB path rules for /v1/* and /intake/*; sig-api registry mount and CMD (--release-registry); sig-web roll onto the P32.13 withdrawal-barrier nginx; 410 bodies.,M,1,R11-ACT-05,,"operator go (infra, dark until R11-ACT-24)",production write,0,R11,G2 ACT-17; F5 PKG-04 (serving half); C4 NEW-9; C4 NEW-14; G3 §4.3 (option 3a); G2 NEW-2; D-G3-1 (topology),design/G2-activation.md §4 step 4; design/G3-release-model.md §4,composed e2e answers search and /intake/new through the web origin
R11-ACT-17b,r11,"Withdrawal-barrier bytes: tombstones, alias coverage, entity stubs, /r/<pub>/ landing",R11-R10-ACTIVATION,nginx deny-map tombstone body and coverage of every alias; entity stubs from the deny set; a /r/<pub>/ landing page.,M,1,R11-ACT-17,,none,none,0,R11,"F5 PKG-03b (nginx half, ED-18..ED-20 part); DR-C4-08; DR-C4-09; DR-C4-10; G3 §11 ('PKG-03b keeps alias coverage and the tombstone body')",research/F5-eng-debt.md PKG-03b; design/G3-release-model.md §8,every withdrawn alias returns 410 with the tombstone
R11-ACT-18,r11,"Research-dossier disclosure (acquisition, review, dates, licence, permalink)",R11-R10-ACTIVATION,"Acquisition and review labels, true capture dates, licence and print permalink on research-dossier pages.",M,1,R11-ACT-12,,code review,none,0,R11,G2 ACT-18; C4 NEW-2/3/22/23/32; RI-23,design/G2-activation.md §5,no stand-in rendered as a capture; review status only where recorded
R11-ACT-19,r11,"Release-search states (empty, errors, scope counts, pager)",R11-R10-ACTIVATION,"Empty state, content-negotiated HTML error pages, scope counts that include runtime denies, pager, non-data compartments excluded, completeness not_evaluable at 0 records.",M,1,,,code review,none,0,R11,G2 ACT-19; F5 PKG-03b (search half); C4 NEW-4/12/13/28; SIG-UI-040 (exposure prep),design/G2-activation.md §5; research/F5-eng-debt.md PKG-03b,C4 search defects reproduce as failing tests before and pass after
R11-ACT-20,r11,Intake defects + moderation hardening before any operational flip,R11-R10-ACTIVATION,UUID-safe serialisation with route tests over both stores; gate fails closed unless owner set and staffed; no demo tokens with a DSN; forwarded-client limiter key; reporter-facing outcome; proposal shape validated at proposal time.,M,1,,,code review,none,0,R11,G2 ACT-20; F5 PKG-05 (ED-25..ED-28); C4 NEW-8/15/16/17/18/19/30; DR-C4-11; DR-C4-12,research/F5-eng-debt.md PKG-05; design/G2-activation.md §5,GET /v1/curation/intake/{receipt} returns 200 over PG (Docker test)
R11-ACT-21,r11,"D-R10-SOURCES-1 prep: URL reconciliation, pilot packet fix, Part VIII drafts, registry rows, BidNet terms",R11-R10-ACTIVATION,"Reconcile the 21 dossier target URLs; fix the pilot return pass that names the rejected family; draft Part VIII screens for 5 families; add 3 gated registry rows (OMES, DAC, CA State Auditor); capture bidnetdirect.com terms verbatim.",M,1,,,none (decisions follow in E4 B1-B6),none,0,R11,G2 ACT-21; F1 §6 2d; E4 §4.3 items 1-2; E4 NEW-7; E4 NEW-8; E4 B2 (screen drafts); E4 B6 (rows); E4 R6a (terms capture); D-R10-SOURCES-1 (prep),design/E4-rights-packets.md §4; research/F1-owed-register.md §6,pilot-check catches the wrong family; every target URL reconciled or marked; packets ready for the operator
R11-ACT-22,r11,Dossier live captures D-P32.18/19/20/21-1 (rows 179-182),R11-R10-ACTIVATION,"Four live return passes replacing hand-authored stand-ins, after the per-target HG-03 decisions and Part VIII sign-off.",L,2,R11-ACT-12;R11-ACT-18;R11-ACT-21;R11-ACT-13,,"HG-03 (E4-B1 = a, batch-wide; flips by the operator, OP-26) + E4-B2 = agent clears each family after the Part VIII screen (disclosed) + operator go for each capture run",production write,0,R11,G2 ACT-22; F1 §6 4d; D-P32.18-1; D-P32.19-1; D-P32.20-1; D-P32.21-1; E4 B1; E4 B3; E4 B4; E4 B5; F4 PC-5; RI-23,design/G2-activation.md §4 step 5; design/E4-rights-packets.md §4.4,each pass records honest outcomes (incl. too_large/403); stand-ins no longer served
R11-ACT-23,r11,Intake operation D-P32.16-1 (dark until exposure),R11-R10-ACTIVATION,"Owner, SLAs, retention, secrets, logins, log exclusions and a dark sig-intake service; e-mail handling rule for the operator address.",M,1,R11-ACT-17;R11-ACT-20;R11-OPS-01,,Q-27; Q-29 (answered: operator address),production write,2,R11,G2 ACT-23; D-P32.16-1; E3 R10; A-1 (receiver half); G2 NEW-4; G2 NEW-5,design/G2-activation.md §4 step 6,service deployed dark; logs exclude network identifiers; runbook entry for moderation
R11-ACT-24,r11,D-R10-PUBLISH-1: first model release to production (row 191),R11-R10-ACTIVATION,"Candidate-specific HG-11 readout; publish with the release pipeline (cut -> promote); rolls, LB, probes, live rollback rehearsal; allow-list expansion (archive and release search first; research dossiers only after R11-ACT-22; intake only after R11-ACT-23).",M,1,R11-ACT-15;R11-ACT-16;R11-ACT-17;R11-ACT-17b;R11-ACT-19;R11-REL-10;R11-REL-01;R11-REL-02;R11-REL-03a;R11-REL-03b;R11-REL-08;R11-REL-04a;R11-REL-09;R11-REL-06;R11-REL-05;R11-K13-JUR-03,"soft: R11-ACT-18/R11-ACT-22 (research-dossier routes), R11-ACT-23 (intake)",HG-11 (new signed readout; old GATE-G3 signature does not transfer),publish,0.1,R11,G2 ACT-24; K13 §7.4 ordering (JUR-02b/03 before ACT-24; K4 NEW-6); F1 §6 4e; D-R10-PUBLISH-1; row 191 P32.25 live_verification; G3 'first model release'; E2-17 (new signature); Q-9,design/G2-activation.md §4 step 7; design/G3-release-model.md §11,HG-11 signed verbatim; post-promote checks green; live rollback rehearsal recorded
R11-SAFE-01,r11,Personal-handle source-id rename with append-only aliases (S0 RI-01),R11-SAFETY-HONESTY,"Rename the camreg_* source ids that embed personal ArcGIS handles (about 31 of 58) and the surname id to neutral ids, with an append-only alias map so claims, exports and URLs keep resolving; rides the R11-ACT-07 re-export. | S6: A-0.1 = b: removes the 41 e-mail-shaped owner strings and handle tokens from the registry's non-id text at the repo tip; A-0.4 = a: its correction note discloses the retained git history (unblocks the deposits after the history scan)",M,1,R11-ACT-05,,operator confirms the S0 and the new ids (G2 decision 5),production write + publish,0,early R11 (wave 0),C2 NEW-2; C3 NEW-2; J4 NEW-6 (surname id part); F-097; RI-01; F5 §5 (owner C2/E4); G2 ACT-06 (conditional item),review/REVIEW_SYNTHESIS.md RI-01; research/F5-eng-debt.md §5,"no personal handle in any public id, export or page; old ids resolve through the alias map"
R11-SAFE-02,r11,Express-terms disclosure instead of withdrawal (A-8) + leak-taint withdrawal of 9 Atlas FR rows (F-337),R11-SAFETY-HONESTY,"A-8 'Keep all, accept risk' (2026-10-01T04:07:45Z): the ≈8,088 rows (5,267 NEW-1 + ≈2,821 camreg_txdot_rep_tx, incl. the 3 live NC rows) stay public; each source's rights record, page, list entry and download ATTRIBUTION file show the captured terms verbatim and the operator-accepted basis (ADR-183; text via copy batch #1). Still withdrawn: the 9 leak-derived Atlas FR rows (F-337). demo_* task pages stay stripped (R11-ACT-06, C-12). Rides republish #1 (pages) and the R11-ACT-07 re-export (files).",S,0.5,R11-ACT-05,,A-8 answered (Q-J4-2/D-J3-5 = b; I7-C1 = keep); disclosure texts confirmed verbatim (B-2),publish,0,early R11 (wave 0),"J3 D-J3-5; J4 NEW-1; J3 R-1; D3 §4 wave-0 list (no designed owner) | S6: re-scoped at GATE-P (A-8): the J3 D-J3-5 / I7-C1 withdrawal work in TX-02, TX-10b, DSRC-03 and UX9-4 is replaced by this disclosure",design/J3-transparency-design.md §13; research/J4-redistribution-matrix.md,every express-terms source shows its captured terms + the operator-accepted basis on its page and in its download files; 0 rows of the 9 leak-derived Atlas FR rows in any public artifact
R11-SAFE-03,r11,"Officer-naming gate on the publication path, default deny (PUB-007, H-9)",R11-SAFETY-HONESTY,Route public-employee-name rows through evaluate_officer_naming with a persisted two-reviewer decision; the web gate defaults to withhold unless a concurrence record exists; fix the asserting tests.,M,1,,,none,none,0,R11,F2a group 1 (PUB-007); E2 H-9; E1 NEW-12; E2-01; Q-E2-06 (gate half),research/F2a-verdicts.md §5; design/E2-governance-options.md §0.1,a public-employee name without a concurrence record never reaches a built page (test)
R11-SAFE-04,r11,Redaction pipeline (PUB-015/016),R11-SAFETY-HONESTY,Wire redact(); a review record; irreversible text-layer removal with an extraction test; excerpts come from the derivative.,M,1,,,none,none,0,R11,"F2a group 3 (PUB-015, PUB-016)",research/F2a-verdicts.md §5,extraction test finds no redacted text in the derivative
R11-SAFE-05,r11,Production-truth probes + fixture-sentinel scan (G10),R11-SAFETY-HONESTY,"Each production-truth probe declares its trigger points (PR, candidate, publish, schedule, tail) and writes probe-run records (shared probe-run/1 format); scan candidates, the web build and sampled live API for fixture/placeholder sentinels; readiness/README statements about production cite a probe run <= 24 h old.",M,1,R11-CONF-01;R11-ACT-02,,none,none,0,R11,B4 G10; DRAFT-OPS-1; DRAFT-OPS-2; DRAFT-MEM-7; C3 §5 causes (DR-C3-05/09/12/15 placement); F-10; B5 NEW-5; C4 NEW-11/27/32; F3 NEW-6 (placeholder detection),design/B4-verification.md §4 G10,a planted sig.example IRI or demo_ marker fails the gate; a live-state claim without a probe citation fails
R11-SAFE-06,r11,"Identity base + crawler contact truth (PKG-09b, E2-08)",R11-SAFETY-HONESTY,"One identity-base setting across API IRIs, provenance.ttl and the crawler User-Agent; no sig.example/sig-project.org literals; a published /data-collection/ conduct and opt-out page on surveillancegraph.org; old domain redirected; provenance carries retrieval times, upstream URLs and digests; the UA contact string follows P16/U-014. | S6: B-6 = move UA, no purchase: remove every remaining sig-project.org reference from code and docs (OP-11 dropped)",M,1,R11-ACT-08;OP-11,,Q-E2-03 = b (GATE-P); IRI base = surveillancegraph.org,none (ships with next roll/republish),0,R11 wave 1 (11B; S2 first waves = 11A ∪ 11B; owns S1 F-184 since S4c),"F5 PKG-09b (ED-39, ED-40); E2-08; E2 H-7 (UA/URL half); E1-08; G2 ACT-08 (placeholder-IRI part); F3 NEW-6; F3 BL-046 residue; J1 NEW-8; U-014",research/F5-eng-debt.md PKG-09b; design/E2-governance-options.md E2-08,no placeholder or unregistered-domain literal in shipped code; provenance.ttl capture times equal retrieval times
R11-GOV-01,r11,"Public-repo honesty corrections (governance doc, 'counsel' reviewer entries)",R11-GOVERNANCE-RECORDS,"Correct the governance doc (board exists, not a public launch) and every repo record that says 'counsel' with no document (5 sources.toml rights_reviewed_by rows -> operator-reported), plus PUBLICATION_CHECKLIST wording; agent-drafted, operator-confirmed.",S,0.5,,,wording operator-confirmed,none,0,early R11,E2 H-5 (governance-doc half); E2 H-8 (sources.toml half); E2-03; E2-05; E2-18 (checklist records); U-013; E1 NEW-7,"design/E2-governance-options.md §0.1, §6",grep of the repo finds no claim of a board or counsel document
R11-GOV-02,r11,Public editorial decision log page (interim single-maintainer authority),R11-GOVERNANCE-RECORDS,"A zero-JS decision-log page generated from recorded decisions, under About.",S,0.5,R11-K13-UXK14-2,,Q-E2-07,publish (next Class S release),0,R11,E2-03 (decision log); BL-036 (part); SIG-GOV-015/016 (part),design/E2-governance-options.md E2-03,every published decision entry cites its GATE DECISIONS row
R11-GOV-03,r11,Legal-demand posture + published counts (SIG-SEC-003),R11-GOVERNANCE-RECORDS,Written demand-response posture (canary declined with rationale) and a published legal-demand count section.,S,0.5,,,Q-E2-09,publish (next Class S release),0,R11,E2-10; E1-10; E1 NEW-5; SIG-SEC-003,design/E2-governance-options.md E2-10,posture doc landed; counts page shows 0 with its as-of
R11-GOV-04,r11,Robots/opt-out register + affirmative rights-reservation state + crawler policy text,R11-GOVERNANCE-RECORDS,"Rule-7 opt-out register; an INGEST-046c reservation-refused state distinct from UNDETERMINED with fetch-time detection and gate refusal (re-record the ALPR Abuse Library); crawler_conduct.toml, crawler.py docstring, registry robots_policy field and outreach letter brought in line with the decided robots posture. | S6: A-5 = GL-GATE-08 re-confirmed as is (robots disallows disregarded, disclosed as host + count); the rule-7 opt-out register and 046c reservation refusal are still built",L,2,SEED-11,,Q-E2-11; Q-E2-02,none,0,R11,"F2a group 4 (INGEST-046c); E2-06 (opt-out register, reservation refusal); E2-07; E2 H-7 (policy-text half); E1 NEW-15; SIG-INGEST-046b/046c","design/E2-governance-options.md E2-06, E2-07; research/F2a-verdicts.md §5",a fixture host with an explicit reservation is refused by the gate; opt-out entries stop fetches
R11-GOV-05,r11,"Registry rights-record hygiene (index, packet decision lines, field validation)",R11-GOVERNANCE-RECORDS,Regenerate RIGHTS_REVIEW_INDEX.md; fill the blank Decision line on the 25 flipped packets from recorded answers; validate rights-field consistency across the 342 rows and record the partition/validation decision (ADR-021); fix stale bonfire/procurement comments.,M,1,,,none,none,0,R11,F3 ADR-063 trigger; E4 NEW-6; E4 NEW-10; F3 ADR-021 trigger; B1 NEW-5 (drift check); E4 §5 (stale comments),design/E4-rights-packets.md §7; research/F3-backlog.md §5.1,index lists every packet; 0 flipped packets with a blank Decision; validator green
R11-OPS-01,r11,Least-privilege runtime identities (remove project Editor),R11-RELEASE-OPS,"Per-workload service accounts for the 3 services and 88 jobs (ingest SAs without objects.delete; sig-ingest-rt, sig-release, sig-quality-probe, sig-status-publish), roles/editor removed from the default compute SA, per-consumer secret accessors, sig-alerts invoked with IAM.",L,2,,,operator go (IAM changes),production write,0,R11,G1-01; G1 NEW-1; SEC-006 (F2a group 8 SA part); SIG-SEC-007; F3 ADR-012 (part); G2 ACT-13 prerequisite,"research/G1-ops.md §2, §3.9",no workload holds roles/editor; a job cannot delete a bucket object outside its grant (probe)
R11-OPS-02,r11,Alerting as code + probe targets out of the image + escalation,R11-RELEASE-OPS,"Probe targets read from the release bundle/GCS/env so config changes need no roll; Cloud Monitoring policies as IaC; sig-alerts kept as a repo-owned, IAM-authenticated, digest-pinned record; observability.yml measures production read-only or is retired and never reports success on a no-op; a condition red > 24 h re-notifies daily.",M,1,R11-ACT-02,,operator go (roll),production write,0,R11,G1-02 ticket (a-e); G1-11 (sig-alerts); F5 PKG-13 (observability item); G1 NEW-3; J1 NEW-13; F3 ADR-077 trigger; F-12 (:latest),"research/G1-ops.md §3.3, §3.5",a planted failure alerts within the SLA; observability.yml fails when it measured nothing
R11-OPS-03,r11,Scheduler of record + live-diff + cron lint + fleet hygiene,R11-RELEASE-OPS,"ADR-174 superseding ADR-016's scheduler clause and ADR-076's scheduling path (author of ADR-174; S4c COV-08) (Cloud Scheduler + cadence.toml authoritative; Dagster not the scheduler); read-only sig-ops live-diff run daily; cron OR-semantics lint; [manual_jobs] allow-list; one fleet digest per roll and digest-pinned probe images; Artifact Registry cleanup; remove reingest.yml's schedule; delete the cruft jobs (sig-sink-bench and others) under a go; fix OPERATIONAL_READINESS:90. | S6: G1-TRIM = a: consolidate the scheduler triggers into one hourly dispatcher (−$7/mo); A-5 = GL-GATE-08 as is, so no step pauses the robots-disallowing hosts",L,2,R11-ACT-02,,"operator go (job deletion, AR policy)",production write,-8,R11,"G1-09; G1-17; G1 NEW-9; G1 NEW-10; A1 NEW-2 (repo half); A1 NEW-4; F5 PKG-13 (cron lint ED-58, reingest retirement); I8 ACQ-01 (cron lint); F-39; F-41; F3 ADR-016/076/111(d) triggers; F-12 (cron drift)",research/G1-ops.md §3.3-3.4,live-diff reports 0 drift; the lint rejects '0 5 1 * 1'; no job without a trigger outside [manual_jobs]
R11-OPS-04,r11,Evidence-store hardening + off-instance copies,R11-RELEASE-OPS,"Dedicated evidence bucket with a retention policy (unlocked 365 days; lock only after review), captures moved, ingest SAs without delete; weekly replication of sig-restricted to a dual-region or second-project bucket; cross-project copy of the monthly SQL export; ops/README 'WORM' text made true.",M,1,R11-OPS-01;R11-ACT-04,,operator go; retention period (G1 Q4),production write,0.5,R11,G1-05 ticket; G1-03 (long-term copy); SIG-STORE-048; G1 NEW-4; F3 ADR-006 Object Lock drift,research/G1-ops.md §3.1,an ingest SA delete attempt on a capture fails; replica object count equals source
R11-OPS-05,r11,Ops runbook (docs/ops/RUNBOOK.md) + stale ops doc fixes,R11-RELEASE-OPS,"Nine sections (alert received, restore, republish, window watch, job failed, secret rotation, roll, cost review, decommission) and fixes to ops/gcp/README (e2-micro DECISION, $0 cost table) and GCP_DEPLOYMENT's drill section; R11-REL-08 adds republish/rollback/withdrawal.",M,1,,,none,none,0,R11,G1-15; G1 §3.10; SIG-OPS-010,research/G1-ops.md §3.10,each section names commands verified against the tree; no stale cost or scheduler claim remains
R11-OPS-06,r11,API exposure posture: enforced rate limits + optional Cloud Armor,R11-RELEASE-OPS,Enforce the documented limits (not metadata) with rate-limit headers; optional Cloud Armor rate-limit policy on the LB; ADR for the exposure posture.,M,1,R11-ACT-11,,Q-10 (Cloud Armor ≈ +$5-6/mo),production write,6,R11,F3 BL-031; F3 ADR-090 trigger; G1-10 (denial-of-wallet part),"research/F3-backlog.md §3.4, §5.1; research/G1-ops.md §3.8",responses carry rate-limit headers; a burst beyond the limit gets 429
R11-OPS-07,r11,First-fire wave + 10-10 OSM replay watch and read-backs (D-P31.4-1),R11-RELEASE-OPS,"Read-only watch of the 10-01..10-21 first fires and the 2026-10-10T03:35Z replay, read back only after date -u passes and lastAttemptTime is set; sam_gov and muckrock read-backs; disclose the missing P31.7 re-sighting.",S,0.5,R11-ACT-02,,none,read-only,0,early R11 (calendar-bound),F1 §6 step 1; D-P31.4-1; F-13; G1-08; G1 §3.7; G1 NEW-8; G2 NEW-8; F1 NEW-1; F1 NEW-7; D-P21.3-2 (optional read-back),research/G1-ops.md §3.7; research/F1-owed-register.md §6,D-P31.4-1 closes with a read-back record; failed fires routed to tickets
R11-OPS-08,r11,"Security baseline (scan, SBOM, signing, audited restricted-byte access, audit logs)",R11-RELEASE-OPS,Container scanning; SBOM per release; cosign; SECURITY.md; audited takedown; one audited restricted-byte access function with scheduled purge of expired log rows; GCS Data Access audit logs with a retention sink; Cloud SQL ENCRYPTED_ONLY.,L,2,R11-OPS-01,,operator go (logging/IAM config); log-volume cost check,production write,5,R11,"F2a group 8 (SEC-006 minus SAs, EVID-001); F2a group 9 (SEC-005); G1-13; G1-14 (sslMode); G1 NEW-12; J1 NEW-9 (log-reach half)",research/F2a-verdicts.md §5; research/G1-ops.md §3.9,SBOM and signature per release; a restricted read appears in the audit log
R11-REL-10,r11,Versioning discipline + one version source (REL-10),R11-RELEASE-OPS,"importlib.metadata versions with an equality test, bump script, CHANGELOG CI check, tag procedure and TAG template (tags stay operator-only).",S,0.5,,,tags = operator (OP-08),none,0,early R11,G3 REL-10; G3 NEW-3 (version part); G3 §9,"design/G3-release-model.md §9, §11",no 0.0.0 version anywhere; CHANGELOG check fails a release without an entry
R11-REL-01,r11,Release identity v2 + clock guards (REL-01),R11-RELEASE-OPS,"Descriptor v2, label allocation sig-YYYY-MM-DD.N, content-addressed export id with instants/watermark/commit, belief instant passed by export.sh, §3.3 clock guards; one ADR extending ADR-132 that also carries J3's transparency_root/snapshot_renderer fields.",M,1,R11-ACT-12;R11-REL-10,,D-G3-1; D-G3-2,none,0,R11,G3 REL-01; G3 NEW-1; G3 NEW-2; G3 NEW-3; J3 §3.4 (descriptor fields); J3 TX-13b (descriptor ADR part); F3 ADR-132 trigger,"design/G3-release-model.md §3, §11",two exports on the same day get different ids; a future as-of fails the builder
R11-REL-02,r11,"Provenance stamp, release.json, headers (REL-02)",R11-RELEASE-OPS,"BaseLayout stamp and print footer, release.json, meta/link, JSON-twin release block, API / and /health fields, X-SIG-* headers.",M,1,R11-REL-01;R11-ACT-06,,none,publish (next republish),0,R11,G3 REL-02; F-11; DR-C3-14; G1 F-11 (merged-into),design/G3-release-model.md §6,"every page shows label, as-of, commit and build time"
R11-REL-03a,r11,"Release pipeline, private release bucket, staging origins (REL-03a)",R11-RELEASE-OPS,"sig-ops release state machine with lock and events; private release bucket (IaC) with staged/{r,v,s,releases}; stage with generation preconditions; IAM-only sig-web-staging and sig-api-staging; sig-release job and SA; release trees no longer committed to the public repo.",M,1,R11-ACT-05;R11-ACT-01;R11-ACT-13,,operator go (infra create); D-G3-10,production write,0.5,R11,G3 REL-03a; G3 NEW-5; D-G3-10,"design/G3-release-model.md §4-5, §11",a staged candidate is not publicly reachable; stage refuses a stale generation
R11-REL-03b,r11,"Templated nginx, config generations, metadata-only promotion (REL-03b)",R11-RELEASE-OPS,"envsubst nginx template, promoted-set map, conf/<gen>/, promote, the release tool owns the /releases/ index, per-release entity stubs, revision rolls by digest.",M,1,R11-REL-03a;R11-ACT-17;R11-ACT-17b,,none,none (used by R11-REL-09),0,R11,G3 REL-03b; G3 NEW-4 (reload path),"design/G3-release-model.md §4.2, §5",promotion copies no bytes; a new generation flips latest atomically
R11-REL-08,r11,"Rollback, withdrawal, purge, runbook, legacy floor (REL-08)",R11-RELEASE-OPS,"rollback, clear-latest, withdraw (+ --purge-versions), R2/CDN purge hooks, legacy-floor import, conf-gen regression probe, runbook sections republish/rollback/withdrawal (in the R11-OPS-05 file).",M,1,R11-REL-03b;R11-OPS-05,,none,none (rehearsed in R11-REL-09/11),0,R11,G3 REL-08; G2 R15; C4 NEW-10 (deletion half); G3 NEW-4,design/G3-release-model.md §8,rollback re-applies current withdrawals; withdrawal reaches every alias
R11-REL-04a,r11,"Verification suite A: V1-V5, V11-V13 (REL-04a)",R11-RELEASE-OPS,"sig-ops release verify for integrity, identity/clock, route allow-list/absence, stamp/manifest, link crawl, budgets/a11y, scrub/secret scan, disclosures; staging and public modes; JSON results.",M,1,R11-REL-02;R11-REL-03a;R11-ACT-16;R11-K13-TX-01,,none,none,0,R11,G3 REL-04a; G3 §5.5,design/G3-release-model.md §5.5,each V-check fails a seeded defect
R11-REL-05,r11,API release parity (REL-05),R11-RELEASE-OPS,API reads the config generation/latest; release-backed routes from release files; basis labels; ?release=; headers (label-only mode acceptable for R11-ACT-24).,M,1,R11-ACT-08;R11-ACT-11;R11-ACT-17,,operator go (API roll),production write,0,R11,G3 REL-05; G3 §6.4 (SIG-REL-D10); J3 TX-15 (coordination),design/G3-release-model.md §6.4,every API response names its release or live-spine
R11-REL-04b,r11,Verification suite B + post-promote auto-rollback (REL-04b),R11-RELEASE-OPS,"V6 number truth, V7 API parity, V8 attribution, V9 jurisdiction-coordinate sanity, V10 withdrawal barrier, V14 diff sanity; P1 probes into cadence.toml; automatic rollback on failed post-promote checks; hosts the L3 V15 quality hook.",M,1,R11-REL-04a;R11-REL-05;R11-REL-08;R11-ACT-07;R11-K13-JUR-02b;R11-DATA-01;R11-DATA-04;R11-ACT-02,,D-G3-8 (pre-authorised auto-rollback),none,0,R11,G3 REL-04b; L3 V15 hook; L3 §3.3,design/G3-release-model.md §5.5; design/L3-confidence-program.md §3.3,a seeded post-promote failure rolls back automatically and alerts
R11-REL-09,r11,Dark cutover to the release layout (REL-09),R11-RELEASE-OPS,"Import the legacy floor, roll sig-web onto the templated image pointing at the legacy release, byte-compare every allow-listed route, retire bucket-root serving.",S,0.5,R11-REL-03b;R11-REL-04a;R11-REL-08;R11-ACT-06;R11-ACT-07,,operator go,production write,0,R11,G3 REL-09,"design/G3-release-model.md §8.2, §11",no visible change; every allow-listed route byte-identical
R11-REL-06,r11,"Release classifier, standing go, readout generator (REL-06)",R11-RELEASE-OPS,"classify (Class R vs S, fail-closed), template fingerprint, agent-drafted readout generator, notification e-mail, sign-off-scope ADR.",M,1,R11-REL-04b,soft: J3 TX-14 diff files (the first release is the baseline),D-G3-3 (sign-off scope and standing-go text),none,0,R11,G3 REL-06; G3 §7.3,design/G3-release-model.md §7.3,an anomalous diff classifies S; the readout is labelled agent-drafted
R11-REL-07,r11,Release cadence automation (REL-07),R11-RELEASE-OPS,"Monthly cut job, drift evaluator shared with the status lane, max-age alert, batch-window freezes, weekly sig-materialize.",M,1,R11-REL-03a;R11-REL-06;R11-ACT-13;R11-K13-TX-07,,D-G3-4; operator go (new scheduler job),production write,4,R11,G3 REL-07; G1-07; F-08; G1 NEW-13; F3 ADR-101 trigger,design/G3-release-model.md §7,a release older than 35 days alerts; the monthly cut runs outside days 6-13
R11-REL-11,r11,Second-release acceptance (REL-11),R11-RELEASE-OPS,First Class R promotion under the standing go if eligible; live prior-pointer rollback rehearsal and restore; withdrawal rehearsal on a low-stakes record; measured timings.,S,0.5,R11-REL-07;R11-REL-08;R11-ACT-24,the second cut,standing go (D-G3-3),publish,0,R11,G3 REL-11,design/G3-release-model.md §11,rollback and withdrawal rehearsals recorded with timings
R11-CONF-02,r11,"Honest evaluation posture: inferential tiers review-only, human estimands unavailable",R11-SAFETY-HONESTY,"Ruleset v3-interim (inferential tiers review-only); public report from evaluator.py with human estimands 'unavailable'; gold-set provenance relabelled 'agent'; the §5.3 wording supplied to R11-ACT-06 (H-4); GQ-24 test. | S6: A-20 = a: its ER re-run is on the 11A OM-20 list (S5-3) and may change live-API answers before HG-11, disclosed by the basis label + /status/ notice; lands in 11A (no wait for REL-05)",S,0.5,R11-ACT-06,,Q-L3-1 = a; ER re-run pre-authorised on the 11A OM-20 list (S5-3); Class S republish rides R11-ACT-24,production write + publish,0,early R11 (wave 0),L3 CONF-02; F4 EV2; F2b NEW-3; F4 NEW-1; L1 fix 8 (posture half); E2-14 (wording); SIG-EVAL-001/003/004 (posture),"design/L3-confidence-program.md §2, §9",no 'human-verified' string on any surface (test); inferential tiers never auto-written
R11-CONF-01,r11,"Quality harness, check registry and L2 baseline (27-check suite, ratchet mode)",R11-DATA-CORRECTNESS,"quality_checks.toml and sig.quality-report/1; release-file checks, a nightly spine-probe job on the sig_audit login, probe-run/1 records, the ratchet engine, evaluated counts (G11) and a baseline run reproducing L2's 45 metrics; V15 hook lands with R11-REL-04b.",M,1,R11-ACT-13,,operator go (nightly job),production write,2,R11 (L3 wave 1),L3 CONF-01; L3 CP-0; L1 fix 10 (NEW-13); L1 §6.2 17 invariants; L2 14 recommended checks; L3 §3.1 (27 checks); B4 G11 (quality counts),"design/L3-confidence-program.md §2, §9; research/L1-pipeline-audit.md §6.2","baseline run reproduces L2 values within stated tolerance; failing checks are ratcheted, not hidden"
R11-CONF-03a,r11,Truthful claim identity (volatile fields leave the digest),R11-DATA-CORRECTNESS,"Digest scheme v2 without row position, page URL, capture digest, fetch date and version counters (moved to the binding); supersession mapping, no mass re-mint; replay tests (re-order/re-page/replay -> +0).",M,1,R11-CONF-01,,none,production write (re-ingest on next scheduled runs),0,R11,L3 CONF-03a; L3 CP-1; L1 fix 1 (identity half); L1 NEW-1; L2 NEW-7,"design/L3-confidence-program.md §2, §9",GQ-02/GQ-03 pass; exact claim repeats <= 1%
R11-CONF-08,r11,Real-data regression corpus + perturbation and hard-negative harnesses,R11-DATA-CORRECTNESS,Licence-aware real-data slices with independent oracles and snapshot approvals; M-4 perturbation and M-5 hard-negative harnesses; GQ-26.,M,1,R11-CONF-01,meaningful after R11-CONF-03a,operator go (restricted-bucket write),production write,0.05,R11,L3 CONF-08; L3 §3.5,"design/L3-confidence-program.md §2, §9",PRs touching connectors/resolution/reconcile/exports/db run the slices
R11-CONF-03b,r11,"Truthful subject keys + append-only re-keying of the 5,278 collided subjects",R11-DATA-CORRECTNESS,Pinned key field per target and uniqueness per capture (fail the target run); Legistar tenant and Atlas/EFF state scoping; key-stability monitor; collided subjects re-keyed by new identity decisions; includes the IDOT/FL511 conflict investigation.,M,1,R11-CONF-03a,,operator go (hosted re-key run),production write,0,R11,L3 CONF-03b; L3 CP-2; L1 fix 1 (keys half); L1 NEW-3; L1 NEW-11; L2 NEW-1; F5 PKG-06b (IDOT/FL511 bullet),"design/L3-confidence-program.md §2, §9",GQ-04/GQ-05: 0 subject-key collisions
R11-CONF-04,r11,"Declared lineage, id namespaces and independence",R11-DATA-CORRECTNESS,"Registry lineage (origin / mirror-of / derived-from, with evidence) and id_namespace; camreg_osm_surveillance split into its republishes; §28 independence class = lineage root; derived_from_claim_ids persisted; GQ-11 detector.",M,1,R11-CONF-03b,,none,production write (registry change + rematerialize),0,R11,"L3 CONF-04; L3 CP-4; L1 fix 3; L1 NEW-4; L1 NEW-6; L2 NEW-3; F5 PKG-12 (derived_from bullet, ED-49); SIG-EPIS-029; SIG-RECON-018","design/L3-confidence-program.md §2, §9",GQ-11/GQ-12 pass on the live spine
R11-CONF-05,r11,"Resolver input truth: valid time, directness, tolerance-aware dissent",R11-DATA-CORRECTNESS,Resolver reads valid time and connector directness; tolerance-aware comparison emits dissent and 'contested'; contradiction recall measured.,M,1,R11-CONF-04;R11-DATA-03,,none,production write (rematerialize),0,R11,L3 CONF-05; L3 CP-9; L1 NEW-4 (part 2); L2 NEW-2,"design/L3-confidence-program.md §2, §9",GQ-13: contradiction recall 1.0 on the seeded set
R11-CONF-06,r11,"Roles and time backend: operator vs publisher, dated edges, supersession",R11-DATA-CORRECTNESS,"Operator is an agency or explicit unknown, never the publisher; no 1970 edge placeholder; currency and supersession on edges; one sharing classifier; EFF 2016-17 valid period; upstream change date captured.",M,1,R11-DATA-03,,none,production write (re-ingest EFF/OSM; rematerialize edges),0,R11,L3 CONF-06; L3 CP-7; L1 fix 5 (backend half); L1 NEW-10; L2 NEW-4; L2 NEW-10; K2 NEW-2,"design/L3-confidence-program.md §2, §9","GQ-07/GQ-15: 0 publisher-as-operator, 0 1970 edges"
R11-CONF-07a,r11,Derivation collapse + possible duplicates in the spine (ruleset v3),R11-DATA-CORRECTNESS,C0/C1/C2 copy tiers as derivation links with a GQ-23 census and auto-demotion; GQ-25; P links with basis; count intervals; device-kind soft conflict from technology.,M,1,R11-CONF-04;R11-DATA-02;R11-DATA-01;R11-K13-JUR-02b,,Q-L3-6; operator go (ER run),production write,0,R11,L3 CONF-07a; L1 fix 4 (spine half); F3 ADR-105 trigger (re-measure); D-P30.2b-2 (device-kind half),"design/L3-confidence-program.md §2, §9",derivation census 100%; M-1b lower bound >= 0.98 per namespace
R11-CONF-07b,r11,"Publish the dedup: site_id, copies[], possible_duplicates[], intervals",R11-DATA-CORRECTNESS,"One row per record with nested copies; n_independent_lineages and count intervals per dossier, map and bulk file; rendered by K13 QB-01.",M,1,R11-CONF-07a;R11-K13-DSRC-01;R11-K13-TX-10a,,HG-11 Class S (published numbers change); D-K13-4,publish,0,R11,L3 CONF-07b; L1 fix 4 (publish half); L1 NEW-8; K5 DSRC-04 (export half),"design/L3-confidence-program.md §2, §9",GQ-10; dossier inflation <= 1.02x against lineage roots
R11-CONF-09,r11,Mechanical evaluation report (EVAL-003-shaped; human estimands unavailable),R11-DATA-CORRECTNESS,"M-1 census, M-1b/M-2 samples with exact bounds, M-3, M-4, M-5, M-9; scoped per EVAL-006; release artifact that replaces the P28.1 table on /methodology/.",M,1,R11-CONF-07a;R11-CONF-08,,P16/U-014 contact string for upstream GETs,read-only (upstream GETs),0,R11,L3 CONF-09; L1 fix 8; SIG-EVAL-003; SIG-EVAL-006,"design/L3-confidence-program.md §2, §9","report carries numerator, denominator, method and population per estimand"
R11-CONF-10,r11,Agent review lane (two blind contexts; never gates),R11-DATA-CORRECTNESS,"Seeded weekly sample, two blind contexts, disagreement routing, agent-review/1 storage, GQ-22 measurement; labelled agent review, never human verification.",S,0.5,R11-CONF-01,,Q-L3-4 (same-family only unless approved),none,0,R11,L3 CONF-10; L3 §4.3,"design/L3-confidence-program.md §2, §9",outputs stored as agent-review; no gate reads them
R11-CONF-11,r11,Maintainer check protocol + operator operational decisions (closes D-P30.2b-1 verify leg),R11-DATA-CORRECTNESS,"OPCHECK packet generator, chat-capture format, readout template and publication summary; operator operational-decision path with SIG-IDENT-026 logging; hosted verify leg showing human edges cluster.",S,0,R11-CONF-07a;R11-CONF-10,,"Q-L3-3 (operator time); OP-16, OP-17",production write (hosted verify),0,dropped (S6: B-31 'No maintainer check' — no OPCHECK protocol; D-P30.2b-1 stays OPEN under T-EVAL-IND),L3 CONF-11; F1 D-P30.2b-1 (verify leg); E3 Q-E3-1,"design/L3-confidence-program.md §2, §9",D-P30.2b-1 closes DONE on evidence; checks disclosed as non-independent
R11-CONF-12,r11,Public /quality/ page + per-record basis fields,R11-TRANSPARENCY,/quality/ (zero-JS) from quality.json with failing and ratchet checks shown; status-lane panel; per-record basis fields and wording for K13 surfaces; descriptor quality block. | S6: Q-L3-5 = yes: public incl. failing and ratchet checks; states 'no human check performed' (Q-L3-3 = c),M,1,R11-CONF-01;R11-CONF-09;R11-K13-TX-07;R11-K13-TX-08a;R11-K13-UXK14-1,,Q-L3-5; Class S republish,publish,0,R11,L3 CONF-12; L3 §5; GQ-27,"design/L3-confidence-program.md §2, §9",every check appears with its state; 0 'verified' strings without a marker
R11-CONF-13,r11,Organisation identity by construction (crosswalk intake + cascade materializer),R11-DATA-CORRECTNESS,"13a crosswalk intake (UEI/SAM, ORI, Census GEOID, Wikidata QID) through I8 and HG-03; 13b cascade tiers 0-1 as a production materializer with match records, tier 2 'possibly the same'.",L,2,R11-DATA-03;R11-CONF-04,I8 crosswalk sources,HG-03 per crosswalk source,production write,0,R11,L3 CONF-13; L3 CP-10; L1 fix 9; L1 NEW-12; L2 NEW-9,"design/L3-confidence-program.md §2, §9",GQ-21 report; duplicate-agency rate falls against the L2 baseline
R11-CONF-14,r11,Stream-L acceptance: re-measure L2 on the Round-11 release,R11-DATA-CORRECTNESS,Re-run L2's measurements; before/after table; flip ratchets whose causes landed; DEFERRALS annotations; readout.,S,0.5,R11-CONF-02;R11-CONF-03b;R11-CONF-05;R11-CONF-06;R11-CONF-07b;R11-CONF-09;R11-CONF-11;R11-CONF-12;R11-CONF-13,,none,read-only,0,R11 (tail),L3 CONF-14; L3 §9 success criteria,"design/L3-confidence-program.md §2, §9",L3 §9 success criteria measured and reported
R11-DATA-01,r11,"Geometry defects at ingest: per-target axis order, detectors, correction claims, portal rows",R11-DATA-CORRECTNESS,"Per-target axis_order; axis-swap, null-island and sign detectors at ingest; the 7 identified target rows corrected by new claims; portal files carry one row per entity (row_count honest). Point-in-polygon placement is R11-K13-JUR-02b.",M,1,,,none,production write (correction claims),0,R11,F5 PKG-06b (minus point-in-polygon and IDOT/FL511); ED-29..ED-32 (part); L1 FM-01..FM-03 (part); L2 NEW-12/NEW-13 (part); I1 NEW-2; L3 CP-5 (part),research/F5-eng-debt.md PKG-06,0 swaps and 0 null-island points; portal row_count equals distinct entities or is disclosed
R11-DATA-02,r11,Technology typing of registry records + append-only backfill (PKG-07),R11-DATA-CORRECTNESS,Technology slug per camera-registry target; dot_511 emits it as claim + subtype; export column; dossier/map facets; append-only backfill of technology claims for about 200k subjects.,L,2,R11-DATA-03,,operator go (hosted backfill),production write,0,R11,F5 PKG-07 (ED-33); L3 CP-6; L1 fix 6 (technology half); L1 NEW-7; L2 NEW-6; I1 NEW-9; F3 BL-044 (crosswalk part),research/F5-eng-debt.md PKG-07,Flock/DeFlock layers read ALPR; no record typed traffic_camera unless its target says so
R11-DATA-03,r11,Ontology/vocabulary conformance + closed vocabulary at the sink + entity typing,R11-DATA-CORRECTNESS,Mobility mapping and test; connector-output conformance test vs generated enums; CHECK NOT VALID via a new sqitch change; no reflexive skos:broader; F2a group 13 items; quarantine unregistered predicates/genres and register the six missing predicates; subject entity type per subject scheme by typed identity decisions; remove SuccessionKind.,L,2,R11-ACT-09,,none,production write (typed identity decisions),0,R11,"F5 PKG-11 (ED-45, ED-46); F2a group 13 (ONTO-028/035/051/055/057, STORE-037/044, GEO-002/005); L3 CP-3; L1 fix 2; L1 fix 7; L1 NEW-2; L1 NEW-5; L1 NEW-14; L2 NEW-8; F3 BL-047; K2 §10 (entity typing)",research/F5-eng-debt.md PKG-11; research/F2a-verdicts.md §5 group 13; research/L1-pipeline-audit.md §6.1,every emitted enum value is in the generated schema; SKOS graph acyclic; unregistered predicates quarantined
R11-DATA-04,r11,"Public number derivations (PKG-10): provenance per dossier, unclamped coverage, freshness classes",R11-DATA-CORRECTNESS,Per-dossier 'How we know this' provenance; coverage numerators without the clamp and with filters; freshness not_evaluable and volatility classes covering non-site sources (ADR-104(e) recalibration); map-table suppression.,L,2,R11-K13-JUR-02a,,none,none,0,R11,F5 PKG-10 (ED-41..ED-44); C3 number-trace rows; F3 ADR-104(e) residue; RISK-P1-04,research/F5-eng-debt.md PKG-10; data/number_trace.csv,C3's number-trace rows re-derive exactly
R11-DATA-05,r11,"Lifecycle into the dossier timeline (RECON-039/040, ONTO-064/065)",R11-DATA-CORRECTNESS,Event log decides state; from_event_log from claims; resolve_lifecycle feeds the export/API timeline; free_trial test; two missing soft-constraint detectors.,M,1,,,none,none,0,R11,"F2a group 5; F5 PKG-12 (lifecycle item, ED-47)",research/F2a-verdicts.md §5; research/F5-eng-debt.md PKG-12,timeline section non-empty where events exist
R11-DATA-06,r11,Asset-promotion gate (PUB-012),R11-DATA-CORRECTNESS,promotion_permitted() is the only candidate->PhysicalAsset writer and refuses corroboration-only candidates.,S,0.5,,,none,none,0,R11,F2a group 2 (PUB-012),research/F2a-verdicts.md §5,a corroboration-only candidate is refused (test)
R11-DATA-07,r11,Inference distinguishability: L4 marker on every export and API record (RECON-052),R11-DATA-CORRECTNESS,"An inferred/L4 marker on every export and API record, an epistemic CSS class, and a cross-surface test.",M,1,,,none,none,0,R11,F2a group 14 (RECON-052),research/F2a-verdicts.md §5,every inferred value is marked on every surface (test)
R11-DATA-08,r11,Hosted read-only partner-name audit run (sizes D-P32.3-1),R11-DATA-CORRECTNESS,Run partner-name-audit read-only on hosted to size the legacy sig.org.name key set for the operator's dispositions.,S,0.5,R11-ACT-11,P32.3 schema on hosted,none,read-only,0,R11,F1 D-P32.3-1 (engineering half),research/F1-owed-register.md §6 step 5,N recorded; disposition packet generated for OP-15
R11-DEBT-01,r11,Projection rebuild CI + layer-direction test + whole-graph audits,R11-DEBT,A documented rebuild command per projection and a CI rebuild-and-verify over a seeded spine (drop-all/rebuild equality); per-layer grant test and L4 drop/rebuild; whole-graph TI-6/TI-7 audits over a real spine.,L,2,,,none,none,0,R11,F2a group 6 (STORE-004/005); F2a group 7 (ONTO-001); F3 BL-048,research/F2a-verdicts.md §5; research/F3-backlog.md §3.4,CI rebuild equality passes; audits report 0 violations or ticketed ones
R11-DEBT-02,r11,"Generated-vs-deployed schema conformance (SIG-STORE-045, BL-049)",R11-DEBT,"Either a conformance test between generated DDL and deployed sqitch, or (preferred) the T1 ADR making sqitch DDL authoritative plus a test that the generated DDL is documentation only.",S,0.5,SEED-11,,STORE-045 route (ADR vs test) at GATE-P,none,0,R11,F3 BL-049; SIG-STORE-045; F3 NEW-10; BL-050 LD-D01,"research/F3-backlog.md §3.4, §7",the chosen rule has a passing test
R11-DEBT-03,r11,Ingestion framework hardening + disappearance events + unwired-function scan,R11-DEBT,Replay valid_*/as_of test; declared ingestion_mode and incrementality; a manual-acquisition record and runbook; disappearances persisted as append-only events and research tasks; first a scan for public functions with only test callers.,L,2,,,none,none,0,R11,"F2a group 10 (INGEST-005/006/008/010); F5 PKG-12 (disappearance, scan; ED-48); F2a §6.5; F3 RISK-P4-05/06 homes (INGEST-006/007)",research/F2a-verdicts.md §5; research/F5-eng-debt.md PKG-12,disappeared_observed_at has a writer; replay test green
R11-DEBT-04,r11,Run telemetry per-fetch fields + INGEST-004 binding-version test,R11-DEBT,"Run rows record per-fetch URL, status and bytes (consumed by the transparency run log); INGEST-004 binding-level version test after the spec amendment. /v1/changes stays with K13 TX-14.",M,1,,,none,none,0,R11,"F5 PKG-12 (telemetry, ED-50, ED-51); J1 NEW-6; F2a INGEST-004 (test side)",research/F5-eng-debt.md PKG-12,run rows carry per-fetch fields
R11-SRC-01,r11,"Rights-flip/decline batch for owed rows (D-SOURCES.7-1, 8-1, 9-1, 9-4) + terms capture (IU1–IU5, E4-R4a OGL-Edmonton, E4-R6a bidnet)",R11-SOURCES,"Apply the E4 §2 flip or decline recipe per the operator's lines (dot_511_tx R3, Edmonton/HK/QLDC/Bellevue R4a-d, procportal_chicago R5, bidnet R6a after the terms capture, periscope R6b), with gate/validate/export-check verification and live runs for flips.",M,1,R11-ACT-21,,"HG-03 per GATE-P line (E4-R3 a, R4a OGL-Edmonton, R4b a, R4c b, R4d c, R5 a, R6a a, R6b a; IU1–IU5 a); flips executed by the operator (OP-26)",production write,0,R11,F1 §6 step 3 (one rights-flip batch); E4 R3; E4 R4a; E4 R4b; E4 R4c; E4 R4d; E4 R5; E4 R6a; E4 R6b; E4 NEW-11; D-SOURCES.7-1; D-SOURCES.8-1; D-SOURCES.9-1; D-SOURCES.9-4,design/E4-rights-packets.md §1-§3; research/F1-owed-register.md §6,each flipped source LOADABLE and run --mode live exits 0; each decline stays REFUSED
R11-SRC-02,r11,SAM.gov sweep resumes where it stopped (D-FEDERAL.1-1),R11-SOURCES,"Persist a rotating cursor across runs, set daily_request_budget to the measured quota, apply cron '0 5 * * 1' live, record the hosted +0 count; closes after two weekly fires.",S,0.5,,,operator go (scheduler change),production write,0,R11,F1 §6 2a; D-FEDERAL.1-1; F1 NEW-1,research/F1-owed-register.md §6,two consecutive fires advance the cursor
R11-SRC-03,r11,Keyed US 511 target wiring after key registration (D-SOURCES.7-2),R11-SOURCES,Graduate [[enumerated]] 511 rows to [[targets]] using Secret Manager keys the operator registers.,M,1,OP-13;R11-ACQ-01,,HG-09 (operator registers keys),production write,0.2,R11 (S6: in scope — B-11 I8-Q5 a / B-18 a),F1 D-SOURCES.7-2 (wiring half),research/F1-owed-register.md §6 step 5,keyed targets run live without a key in the repo
R11-SRC-04,r11,Registry completeness (§22.7 roster) + recurring discovery sweep,R11-SOURCES,"Register the 11 missing §22.7 rows (LINK, not permitted); roster test; a recurring discovery sweep report continuing Stream I's method.",M,1,R11-ACQ-01,,none,none,0,R11,"F2a group 12 (INGEST-041, INGEST-048)",research/F2a-verdicts.md §5,roster test green; sweep report committed with its query log
R11-SRC-05,r11,Statute-seeded records leads (INGEST-025a/b/c),R11-SOURCES,Mandate->gap generator; one-time auditor-survey artifact with a no-follow-up CoverageRecord (desk research only); LegalInstrument session/text with a publish gate. The RecordsRequest->task link lives in R11-K13-RQ-04.,M,1,R11-ACQ-06,,none,none,0,R11,F2a group 11 (INGEST-025a/b/c; CONTRIB-019 part),research/F2a-verdicts.md §5,each statute duty produces a gap row or a CoverageRecord
R11-SRC-06,r11,Scheduled parser canary (BL-025 canary part),R11-SOURCES,A scheduled fixture-replay canary per parser family that raises a typed issue on drift.,S,0.5,R11-K13-TX-03,,none,production write (scheduled job),0.1,R11,F3 BL-025 (canary part),research/F3-backlog.md §3.4,a mutated fixture raises the drift issue class
R11-ACQ-01,r11,Acquisition plumbing and verification harness,R11-SOURCES,"Registry-row/target/cadence generator from the plan CSV (R2 ids, dataset-id dedupe, collision checks, no truncated ids); new-round batch generator; scheduled-ops --paused and per-row task_timeout; dot_511 out_fields allowlist and 10/min ArcGIS rate; coverage-delta and wave-verify CLIs. Cron lint is R11-OPS-03.",M,1,SEED-03;R11-OPS-03,,none,none,0,R11,I8 ACQ-01; I8 NEW-3; I8 NEW-4; I8 NEW-5,design/I8-acquisition-design.md §8; data/acquisition_plan.csv,per I8 §7.7 per-source verification: review-status green after the HG-03 line; fixture shadow diff 0; manual first run lands captures and claims; +0 re-run; technology typed; jurisdiction key set
R11-ACQ-02,r11,Registry and tenant label corrections M1-M7,R11-SOURCES,"Legistar label fixes, NCDOT mirror note, FAA homepage.",S,0.5,,,X4 confirmation,none,0,R11,I8 ACQ-02,design/I8-acquisition-design.md §8; data/acquisition_plan.csv,per I8 §7.7 per-source verification: review-status green after the HG-03 line; fixture shadow diff 0; manual first run lands captures and claims; +0 re-run; technology typed; jurisdiction key set
R11-ACQ-03,r11,ATE technology concept in the ontology,R11-SOURCES,"LinkML/SKOS ATE family and subtypes, zone geometry kind, make gen, ADR if vocabulary governance requires.",S,0.5,R11-DATA-03,,none,none,0,R11,I8 ACQ-03; I1 NEW-8; F3 BL-044 (taxonomy part),design/I8-acquisition-design.md §8; data/acquisition_plan.csv,per I8 §7.7 per-source verification: review-status green after the HG-03 line; fixture shadow diff 0; manual first run lands captures and claims; +0 re-run; technology typed; jurisdiction key set
R11-ACQ-04,r11,"Legistar keyword-filtered, paged matter pass + agenda vocabulary",R11-SOURCES,"Replace $top=100 recency pulls with filtered, paged matter queries so historic Flock/ALPR matters are reachable.",M,1,R11-ACQ-01;R11-ACQ-02,,none,none,0,R11,I8 ACQ-04; I8 NEW-2 (Legistar),design/I8-acquisition-design.md §8; data/acquisition_plan.csv,per I8 §7.7 per-source verification: review-status green after the HG-03 line; fixture shadow diff 0; manual first run lands captures and claims; +0 re-run; technology typed; jurisdiction key set
R11-ACQ-05,r11,USAspending/CROL vocabulary and filters,R11-SOURCES,Vendor/keyword filters and paging for USAspending and NYC CROL; portal where support used by ACQ-11.,S,0.5,R11-ACQ-01,,none,none,0,R11,I8 ACQ-05; I8 NEW-2 (CROL/USAspending),design/I8-acquisition-design.md §8; data/acquisition_plan.csv,per I8 §7.7 per-source verification: review-status green after the HG-03 line; fixture shadow diff 0; manual first run lands captures and claims; +0 re-run; technology typed; jurisdiction key set
R11-ACQ-06,r11,State ALPR statute seed 2026 and duty rows,R11-SOURCES,"Refresh the statute seed to 2026 (≈30 states, origin-cited) with duty rows.",S,0.5,R11-ACQ-01,,C9 (default a),none,0,R11,I8 ACQ-06,design/I8-acquisition-design.md §8; data/acquisition_plan.csv,per I8 §7.7 per-source verification: review-status green after the HG-03 line; fixture shadow diff 0; manual first run lands captures and claims; +0 re-run; technology typed; jurisdiction key set
R11-ACQ-07,r11,Wave A activation (widening group),R11-SOURCES,One-digest roll; manual runs of legistar/usaspending/procportal_nyc_ny; load-seed; +0; verify; coverage delta (window 10-19 to 10-23).,S,0.5,R11-ACQ-02;R11-ACQ-04;R11-ACQ-05;R11-ACQ-06;R11-ACT-01;R11-ACT-02;R11-ACT-03;R11-ACT-04;R11-ACT-11,,ING-GO-A (verbatim),production write,0.5,R11,I8 ACQ-07,design/I8-acquisition-design.md §8; data/acquisition_plan.csv,per I8 §7.7 per-source verification: review-status green after the HG-03 line; fixture shadow diff 0; manual first run lands captures and claims; +0 re-run; technology typed; jurisdiction key set
R11-ACQ-08,r11,Official camera layers: DOT and police/city CCTV (10),R11-SOURCES,"dot_511(arcgis_query) targets per I8 §5.1, batch r11-layers-01.",M,1,R11-ACQ-01;R11-DATA-02;R11-DATA-03,,"HG-03 RB-01, RB-02",none,0,R11,I8 ACQ-08,design/I8-acquisition-design.md §8; data/acquisition_plan.csv,per I8 §7.7 per-source verification: review-status green after the HG-03 line; fixture shadow diff 0; manual first run lands captures and claims; +0 re-run; technology typed; jurisdiction key set
R11-ACQ-09,r11,Agency ALPR/Flock layers incl. FDOT inventory and removal status (16),R11-SOURCES,"Agency-origin Flock/ALPR layers per I8 §5.2, batch r11-layers-02.",M,1,R11-ACQ-01;R11-DATA-02;R11-DATA-03,,HG-03 RB-01,none,0,R11,I8 ACQ-09,design/I8-acquisition-design.md §8; data/acquisition_plan.csv,per I8 §7.7 per-source verification: review-status green after the HG-03 line; fixture shadow diff 0; manual first run lands captures and claims; +0 re-run; technology typed; jurisdiction key set
R11-ACQ-10,r11,Automated traffic enforcement layers and aggregate transports (15),R11-SOURCES,ATE layers plus $group/outStatistics aggregation so violation datasets do not add 10^5-10^6 claims.,M,1,R11-ACQ-01;R11-ACQ-03;R11-DATA-02,,"HG-03 RB-01, RB-06",none,0,R11,I8 ACQ-10; I8 NEW-7,design/I8-acquisition-design.md §8; data/acquisition_plan.csv,per I8 §7.7 per-source verification: review-status green after the HG-03 line; fixture shadow diff 0; manual first run lands captures and claims; +0 re-run; technology typed; jurisdiction key set
R11-ACQ-11,r11,Procurement and programme registers (3),R11-SOURCES,Socrata/portal procurement registers with vendor filters and natural-person payees dropped.,S,0.5,R11-ACQ-05;R11-ACQ-10,,"HG-03 RB-01, RB-04, RB-06",none,0,R11,I8 ACQ-11,design/I8-acquisition-design.md §8; data/acquisition_plan.csv,per I8 §7.7 per-source verification: review-status green after the HG-03 line; fixture shadow diff 0; manual first run lands captures and claims; +0 re-run; technology typed; jurisdiction key set
R11-ACQ-12,r11,Statutory disclosures I: ALPR regimes (10) + connector generalization,R11-SOURCES,government_mandated_disclosure(statutory) generalised beyond municipal CCOPS; technology as a typed value.,M,1,R11-ACQ-01;R11-DATA-02,,HG-03 RB-03,none,0,R11,I8 ACQ-12; I8 NEW-8,design/I8-acquisition-design.md §8; data/acquisition_plan.csv,per I8 §7.7 per-source verification: review-status green after the HG-03 line; fixture shadow diff 0; manual first run lands captures and claims; +0 re-run; technology typed; jurisdiction key set
R11-ACQ-13,r11,Statutory disclosures II: UAV/FRT/CSS/interception/ATE/DHS (23),R11-SOURCES,Disclosure reports at institution level only (Part VIII P8-2).,M,1,R11-ACQ-12,,"HG-03 RB-03, RB-04, RB-05, RB-06",none,0,R11,I8 ACQ-13,design/I8-acquisition-design.md §8; data/acquisition_plan.csv,per I8 §7.7 per-source verification: review-status green after the HG-03 line; fixture shadow diff 0; manual first run lands captures and claims; +0 re-run; technology typed; jurisdiction key set
R11-ACQ-14,r11,"CCOPS reports, police policies, district self-disclosures (17)",R11-SOURCES,CCOPS breadth incl. the 6 registered-not-permitted rows and the ADR-080(b) evaluation.,M,1,R11-ACQ-12,,"HG-03 RB-03, RB-07",none,0,R11,I8 ACQ-14; F3 BL-054; F3 ADR-080(b) trigger; F3 RISK R11-SOURCES CCOPS rows,design/I8-acquisition-design.md §8; data/acquisition_plan.csv,per I8 §7.7 per-source verification: review-status green after the HG-03 line; fixture shadow diff 0; manual first run lands captures and claims; +0 re-run; technology typed; jurisdiction key set
R11-ACQ-15,r11,"Grant, council and procurement documents, and bills (14)",R11-SOURCES,"Document families per I8 §5.8, batch r11-documents-01.",S,0.5,R11-ACQ-01,,"HG-03 RB-04, RB-06",none,0,R11,I8 ACQ-15,design/I8-acquisition-design.md §8; data/acquisition_plan.csv,per I8 §7.7 per-source verification: review-status green after the HG-03 line; fixture shadow diff 0; manual first run lands captures and claims; +0 re-run; technology typed; jurisdiction key set
R11-ACQ-16,r11,Wave B activation (Tier 1),R11-SOURCES,Roll; create 7 batch jobs paused; manual run per family; +0; resume; materialize; coverage delta (window 10-26 to 11-05). | S6: + the direct Flock transparency-portal family (R11-ACQ-29),M,1,R11-ACQ-07;R11-ACQ-08;R11-ACQ-09;R11-ACQ-10;R11-ACQ-11;R11-ACQ-12;R11-ACQ-13;R11-ACQ-14;R11-ACQ-15;R11-OPS-01;R11-ACQ-29,,ING-GO-B; HG-11 for the Class S release,production write,2.5,R11,I8 ACQ-16,design/I8-acquisition-design.md §8; data/acquisition_plan.csv,per I8 §7.7 per-source verification: review-status green after the HG-03 line; fixture shadow diff 0; manual first run lands captures and claims; +0 re-run; technology typed; jurisdiction key set
R11-ACQ-17,r11,OSM as a camera-site origin (code),R11-SOURCES,Asset-row geometry and technology reach the sink; physical_asset_rows gets a production caller; camera-site ER pools beyond traffic_camera. | S6: S5-4 = keep non-US acquisition: the national OSM run keeps its non-US objects (CF-06 not confirmed),M,1,R11-DATA-02;R11-DATA-03;R11-CONF-04;R11-ACQ-03,,none,none,0,R11,I8 ACQ-17; I8 NEW-1,design/I8-acquisition-design.md §8; data/acquisition_plan.csv,per I8 §7.7 per-source verification: review-status green after the HG-03 line; fixture shadow diff 0; manual first run lands captures and claims; +0 re-run; technology typed; jurisdiction key set
R11-ACQ-18,r11,Wave C: OSM becomes the origin of the national ALPR layer,R11-SOURCES,"Disk pre-grow to 25 GB, temporary tier bump and revert, first national run, mirror targets retired (default window 11-16 to 11-20). | S6: S5-4 = keep non-US acquisition: the national OSM run keeps its non-US objects (CF-06 not confirmed)",M,1,R11-ACQ-16;R11-ACQ-17;R11-ACT-11,,ING-GO-C; Q-23; tier-bump go; HG-11,production write,2.2,R11,I8 ACQ-18; I8 NEW-6; F3 ADR-107/ADR-114 (prospective triggers); Q-23,design/I8-acquisition-design.md §8; data/acquisition_plan.csv,per I8 §7.7 per-source verification: review-status green after the HG-03 line; fixture shadow diff 0; manual first run lands captures and claims; +0 re-run; technology typed; jurisdiction key set
R11-ACQ-19,r11,Tier-2 reuse wave,R11-SOURCES,Tier-2 rows that reuse Tier-1 families (I8 §6.2).,M,1,R11-ACQ-08;R11-ACQ-12,,"per-row lines (RB-xx, RG, C6)",none,0,R11 (S6: in scope — B-11 I8-Q5 a / B-18 a),I8 ACQ-19,design/I8-acquisition-design.md §8; data/acquisition_plan.csv,per I8 §7.7 per-source verification: review-status green after the HG-03 line; fixture shadow diff 0; manual first run lands captures and claims; +0 re-run; technology typed; jurisdiction key set
R11-ACQ-20,r11,Aggregate lanes (S3/S4/S7),R11-SOURCES,Socrata $group and ArcGIS outStatistics lanes.,M,1,R11-ACQ-10,,S3/S4/S7 'a' + batch lines,none,0,R11 (S6: in scope — B-11 I8-Q5 a / B-18 a),I8 ACQ-20,design/I8-acquisition-design.md §8; data/acquisition_plan.csv,per I8 §7.7 per-source verification: review-status green after the HG-03 line; fixture shadow diff 0; manual first run lands captures and claims; +0 re-run; technology typed; jurisdiction key set
R11-ACQ-21,r11,Federal datasets family,R11-SOURCES,Federal dataset connector family (I8 §6.2).,M,1,R11-ACQ-01,,RB-05 'a',none,0,R11 (S6: in scope — B-11 I8-Q5 a / B-18 a),I8 ACQ-21,design/I8-acquisition-design.md §8; data/acquisition_plan.csv,per I8 §7.7 per-source verification: review-status green after the HG-03 line; fixture shadow diff 0; manual first run lands captures and claims; +0 re-run; technology typed; jurisdiction key set
R11-ACQ-22,r11,Agenda platforms v2,R11-SOURCES,Agenda platform connector v2 (I8 §6.2).,M,1,R11-ACQ-04,,RB-04 'a',none,0,R11 (S6: in scope — B-11 I8-Q5 a / B-18 a),I8 ACQ-22,design/I8-acquisition-design.md §8; data/acquisition_plan.csv,per I8 §7.7 per-source verification: review-status green after the HG-03 line; fixture shadow diff 0; manual first run lands captures and claims; +0 re-run; technology typed; jurisdiction key set
R11-ACQ-23a,r11,International open-data portals and files,R11-SOURCES,"International portal family, part a (see conflict CF-06 with D3's US-only scope).",M,1,R11-ACQ-01,,I7-N1…N21 = a; RB-06 = a (GATE-P); flips by the operator (OP-26) with ING-GO-D,none,0,R11 (S6: back in the round — S5-4 keep non-US; B-34 N1–N21 flip),I8 ACQ-23 (23a),design/I8-acquisition-design.md §8; data/acquisition_plan.csv,per I8 §7.7 per-source verification: review-status green after the HG-03 line; fixture shadow diff 0; manual first run lands captures and claims; +0 re-run; technology typed; jurisdiction key set
R11-ACQ-23b,r11,OGC WFS family,R11-SOURCES,International portals part b: OGC WFS.,M,1,R11-ACQ-01,,I7-N1…N21 = a; RB-06 = a (GATE-P); flips by the operator (OP-26) with ING-GO-D,none,0,R11 (S6: back in the round — S5-4 keep non-US; B-34 N1–N21 flip),I8 ACQ-23 (23b),design/I8-acquisition-design.md §8; data/acquisition_plan.csv,per I8 §7.7 per-source verification: review-status green after the HG-03 line; fixture shadow diff 0; manual first run lands captures and claims; +0 re-run; technology typed; jurisdiction key set
R11-ACQ-24,r11,"Puerto Rico (SUTRA, OCPR)",R11-SOURCES,Puerto Rico legislature and contracts.,S,0.5,R11-ACQ-01,,"RB-08 'a', S7 'a'",none,0,R11 (S6: in scope — B-11 I8-Q5 a / B-18 a),I8 ACQ-24,design/I8-acquisition-design.md §8; data/acquisition_plan.csv,per I8 §7.7 per-source verification: review-status green after the HG-03 line; fixture shadow diff 0; manual first run lands captures and claims; +0 re-run; technology typed; jurisdiction key set
R11-ACQ-25,r11,Document-list pages,R11-SOURCES,Generic document-list page family.,M,1,R11-ACQ-01,,RB-04/07 'a',none,0,R11 (S6: in scope — B-11 I8-Q5 a / B-18 a),I8 ACQ-25,design/I8-acquisition-design.md §8; data/acquisition_plan.csv,per I8 §7.7 per-source verification: review-status green after the HG-03 line; fixture shadow diff 0; manual first run lands captures and claims; +0 re-run; technology typed; jurisdiction key set
R11-ACQ-26,r11,S1 programme-level lane,R11-SOURCES,Programme-level (not device-level) records for agency Flock/PCAM programmes.,M,1,R11-ACQ-09,,S1 'a',none,0,R11 (S6: in scope — B-11 I8-Q5 a / B-18 a),I8 ACQ-26,design/I8-acquisition-design.md §8; data/acquisition_plan.csv,per I8 §7.7 per-source verification: review-status green after the HG-03 line; fixture shadow diff 0; manual first run lands captures and claims; +0 re-run; technology typed; jurisdiction key set
R11-ACQ-27,r11,Wave D activation (conditional Tier 2),R11-SOURCES,"As Wave B for the Tier-2 families that landed (windows 11-23 to 12-04 and 12-14 to 12-18). | S6: also activates Axon Connect (R11-ACQ-31), DocumentCloud (R11-ACQ-32) and Sourcewell/OMNIA (R11-ACQ-33); flips executed by the operator (OP-26)",M,1,R11-ACQ-19;R11-ACQ-20;R11-ACQ-21;R11-ACQ-22;R11-ACQ-23a;R11-ACQ-23b;R11-ACQ-24;R11-ACQ-25;R11-ACQ-26;R11-ACQ-31;R11-ACQ-32;R11-ACQ-33,,ING-GO-D; HG-11,production write,1.5,R11 (S6: in scope — B-11 I8-Q5 a / B-18 a),I8 ACQ-27,design/I8-acquisition-design.md §8; data/acquisition_plan.csv,per I8 §7.7 per-source verification: review-status green after the HG-03 line; fixture shadow diff 0; manual first run lands captures and claims; +0 re-run; technology typed; jurisdiction key set
R11-ACQ-28,r11,Coverage outcome and acquisition closeout,R11-SOURCES,Coverage-delta report per I1 blind spot; ADR-130 queue outcomes; DEFERRALS rows for the 130 later-phase Tier-2 rows and duty leads; Class S readout inputs.,S,0.5,R11-ACQ-18,soft: R11-ACQ-27 if Wave D runs,none,read-only,0,R11,I8 ACQ-28,design/I8-acquisition-design.md §8; data/acquisition_plan.csv,per I8 §7.7 per-source verification: review-status green after the HG-03 line; fixture shadow diff 0; manual first run lands captures and claims; +0 re-run; technology typed; jurisdiction key set
R11-TRANS-01,r11,"Archival deposits: history scan, SWH save-now, Zenodo production package",R11-TRANSPARENCY,Scan the public history for secrets and restricted data; run sig-ops swh-save --now (live-return-pass P21.5); prepare the Zenodo production deposit package for openly licensed compartments after the attribution fix (the manual publish is OP-19).,M,1,R11-ACT-07,,operator ack reversing the 2026-09-16 SWH decline; D-J3-9; HG-07,production write (external archival request),0,R11,F1 D-P21.5-1; E2-21; Q-E2-23; E1 NEW-14; F3 BL-029; F3 ADR-067; F3 ADR-048; SIG-GOV-021/022/023; SIG-EVID-019; J3 'later deposit ticket',research/F1-owed-register.md §2; design/E2-governance-options.md E2-21,SWH visit status full; scan report clean or remediated before submission
R11-TRANS-02,r11,WACZ capture for HTML document sources (BL-026),R11-TRANSPARENCY,"Enable --wacz in the HTML-document jobs, store under the evidence bucket, and surface capture availability honestly.",S,0.5,R11-OPS-04,,operator go (job config),production write,0.2,R11,F3 BL-026; J4 NEW-5 (part),research/F3-backlog.md §3.4,a run of an HTML source produces a WACZ with its digest recorded
LATER-01,later,"T-EVAL-IND segment: reviewer surface, pilot, freeze, confirmatory, decision, republish",LATER,"Seeded by decompose-spec when T-EVAL-IND fires: EV1 reviewer surface + isolated evaluation DB -> HUMAN-H6 pilot -> EV-F freeze -> HUMAN-H8 confirmatory -> EV-D -> EV-R; HUMAN-H7 dossier semantic/hostile-reader review after live dossiers. Trigger: >=2 independent labelers available and contact authorised, frame-affecting set landed, Q-24 aim recorded. | S6: + D-P30.2b-1 (no fold target after B-31)",L,6,R11-CONF-09;R11-ACT-22,"frame-affecting set (CONF-03a/03b/04, DATA-01/02, JUR-02b, Stream-I camera ingests)",T-EVAL-IND (operator: independent reviewers + contact exception to U-011),production write,10,later,"F4 EV1, HUMAN-H6, HUMAN-H7, EV-F, HUMAN-H8, EV-D, EV-R; rows 184-187; D-R10-HUMAN-1; D-R6.1-EVAL; D-P30.2b-2 (tier-3g half); E2-14 reviewer path; E2-02 real two-reader review; E3 NEW-2; SIG-EVAL-001/002/005/007; SIG-UI-042; SIG-DOS-002..005; SIG-IDENT-027/028; Q-24; Q-25; Q-28",design/F4-s3-spine.md §7; design/L3-confidence-program.md §6.5,seeded only on the recorded trigger; no Round-11 row waits on it
LATER-02,later,Usability study on the live site,LATER,Five-session live-site reader study (SIG-UI-001; CONTRIB-003 when contributions open). Trigger: operator authorises recruiting/contact (Q-28 reversed).,M,1,,,Q-28 / U-011 revisited,none,0,later,D-R10-USERS-1; F3 BL-040; F3 BL-001 (P5-06 part); E2-15; Q-E2-16; SIG-UI-001,design/E2-governance-options.md E2-15,—
LATER-03,later,Contribution-back to OSM/MapRoulette,LATER,"Rotate the MapRoulette key, publish the OSM Organised-Editing page with >=2-week notice, set registered=true, then live-return-pass P21.7. Trigger: operator opts into contribution-back and outside contact.",M,1,,,operator opt-in; U-011; HG-08,production write,0,later,"D-P21.7-1; F3 BL-038; F3 BL-039; Track 0.3 (MapRoulette key, accepted risk); G1-12",research/F1-owed-register.md; research/G1-ops.md §3.9,—
LATER-04,later,"Outreach, records-request sending and recruiting",LATER,"Stage-0 ecosystem outreach after the attribution fix, records-request filing as consenting filer, reviewer recruiting. Trigger: U-011 revisited by the operator.",M,1,,,U-011; Q-E2-12; Q-E3-10; Q-28,none,0,later,E2-09; SIG-CONTRIB-012/012a/013; D-R7.2-SEND; F3 RISK-P16-13/15 (operator queue),design/E2-governance-options.md E2-09,—
LATER-05,later,Counsel packet and written opinion,LATER,"Send the E2 §7 counsel packet (L1-L10) and record a dated opinion. Trigger: operator obtains counsel (one-off ≈$0 pro bono or ≈$3.5k-10.5k paid). | S6: WV-07 waived the counsel-review clauses: optional, not owed by the spec",S,0.5,,,operator obtains counsel (U-013: do not block),none,0,later,E2 §7 L1-L10; E2-04/05/06/10/11/13 counsel legs; E3 NEW-4; F3 §5.4 counsel-dormant triggers; Q-26,design/E2-governance-options.md §7,—
LATER-06,later,Authenticated contributor accounts (D-R7.1-AUTH),LATER,Trigger: demonstrated demand beyond the vetted curator set + ratified moderation/safety plan + contributor-exposure threat model.,L,2,,,operator; new ADR,none,0,later,D-R7.1-AUTH,research/F1-owed-register.md,—
LATER-07,later,Know-your-rights content (BL-041),LATER,Trigger: an intake/onboarding surface opens (R11-ACT-23 exposed).,S,0.5,,,Q-27,publish,0,later,F3 BL-041,research/F3-backlog.md §3.4,—
LATER-08,later,Cloud SQL permanent scale-up and HA; disk partition plan,LATER,"Permanent db-custom-2-7680 (≈+$49/mo) and optional HA (≈2x instance) only on named triggers (sustained CPU/latency, disk past ADR-022 threshold).",S,0.5,,,operator cost go (would stay under $300 with today's baseline),production write,49,later,I8 §7.4 (permanent scale); G1-14 (HA); F3 BL-003; ADR-022; RISK-P21-03; F3 NEW-7,design/I8-acquisition-design.md §7.4,—
LATER-09,later,"Acquisition long tail: Tier-2 remainder (130), Tier 3, EDGAR (after the alias), CourtListener bulk, OCDS, paid data",LATER,Per-row triggers in I8 §6.3 and I7; EDGAR needs Q-30; paid data needs Q-21 > $0. | S6: tribal (B-32 S8) and territory (B-33 RB-08) channels and ACQ-23a/b moved into Round 11,L,2,,,Q-30; Q-21; per-row HG-03,production write,0,later,I8 §6.3; I8 'later' rows; D3 §4 later list; I7 NEW-6,design/I8-acquisition-design.md §6.3,—
LATER-10,later,"Non-US keyed traffic APIs (QLDTraffic, NSW) (D-SOURCES.8-2)",LATER,Trigger: non-US expansion decided (D3 keeps non-US unexpanded) and keys registered (HG-09).,M,1,,,HG-09; scope decision,production write,0,moved into R11 (S6) as R11-SRC-07 (B-18 a; S5-4 keep non-US),D-SOURCES.8-2; E4 R4c option b,research/F1-owed-register.md,—
LATER-11,later,OCR/model-assisted parsing (BL-025 OCR part),LATER,Trigger: an admitted source requires OCR.,M,1,,,none,none,0,later,F3 BL-025 (OCR/model part),research/F3-backlog.md §3.4,—
LATER-12,later,"Deferred UX: claim-text/entity-scoped search, ZIP lookup, 3 deferred K12b ideas",LATER,Trigger per K13 §5.2 (demand or search v2 metrics).,M,1,,,none,none,0,later,K3 SRCH-09; K4 JUR-07; K13 §5.2 deferred ideas,"design/K13-ux-synthesis.md §5.2, §7.2",—
LATER-13,later,Closeout journal cutover (closeout-op/1),LATER,"Trigger: parallel dispatch, a multi-worktree build or a second harness writing memory concurrently.",M,1,,,operator,none,0,later,B3 §4 option C (journal leg); D-R10-MEMORY-1 (journal leg); B3 NEW-4; B3 NEW-5; B6 tier D,design/B3-ledger-redesign.md §4,—
LATER-14,later,Whole-LEDGER rotation per round,LATER,Trigger: LEDGER exceeds 1 MiB.,S,0.5,,,none,none,0,later,B3 §3.14; B6 tier D,design/B3-ledger-redesign.md §3.14,—
LATER-15,later,Operator-only signing key for gate signatures (G4c),LATER,Trigger: operator adopts Q-B4-2.,S,0.5,,,Q-B4-2,none,0,moved into R11 (S6): CI verification in R11-MEM-07 + operator key OP-25 (A-16 = yes),B4 G4c; Q-B4-2; B6 tier D,"design/B4-verification.md §2.3, §9",—
LATER-16,later,"Whole-graph canvas (>3,000 labelled nodes)",LATER,"Trigger: D-K13-1 revisit (a single view needs >3,000 labelled nodes).",L,2,,,D-K13-1,none,0,later,D3 §4 later list; K0 revisit trigger 3; D-K13-1,design/K13-ux-synthesis.md §10.1,—
LATER-17,later,OpenGov procurement source (D-SOURCES.9-3),LATER,Trigger: a documented public endpoint with reviewable terms (SIG-INGEST-013 forbids defeating the challenge).,M,1,,,E4 S3,production write,0,later,D-SOURCES.9-3; E4 S3,design/E4-rights-packets.md §5,—
LATER-18,later,Second model family for agent review,LATER,Trigger: operator answers Q-L3-4 yes (metered spend; data sent to another provider).,S,0.5,,,Q-L3-4,none,0,later,L3 Q-L3-4,"design/L3-confidence-program.md §2, §9",—
LATER-19,later,Cost-reduction options,LATER,"Replace the HTTPS LB (-$18), one hourly due-dispatcher instead of 79 triggers (-$7), sig-api min-instances 0 (-$7-10), Cloud SQL 1-year CUD (-$12). Trigger: spend approaches the ceiling or the operator asks. | S6: scheduler consolidation moved into R11-OPS-03 (B-13 a); remaining: Cloud SQL CUD after 3 measured bills (≈ −$12/mo)",M,1,,,operator cost decision,production write,-12,later,G1 §3.8 cheaper options; F3 ADR-098 trigger,research/G1-ops.md §3.8,—
LATER-20,later,Legacy bucket retirement,LATER,Delete the sig-web root 90 days after R11-REL-09; freeze the sig-public root with a README until TX-11 serves downloads.,S,0.5,R11-REL-09,,D-G3-7; operator go,production write,0,later,G3 D-G3-7,design/G3-release-model.md §12,—
LATER-21,later,Move CI runners to Ubuntu 26,LATER,"Trigger: after TC-PIN, before 24.04 end of support.",S,0.5,R11-CI-01,,none,none,0,later,H2 TC-PIN item 4 note,design/H2-branch-ci.md §3.5,—
LATER-22,later,Round-11 announcement and public launch,LATER,Operator posts the announcement when the D3 §5 checklist holds (after R11-K13-CAP-02); agents contact no one.,S,0,R11-K13-CAP-02,,U-009 operator decision,publish,0,later,U-009; D3 §5,design/D3-product-direction.md §5,—
OP-01,operator,"Apply skill changes Tier A (SK-13, 14, 17, 18, 19, 20, 22)",OPERATOR-ACTION,"agent-skills release before Stage B instantiates templates (T3 contracts, T5 head): clock rule, ledger contract, readout/gate templates, contract/DEFERRALS templates, status layers + verdicts, right-sized tail, decompose-spec defaults. Else T3/T5 hand-apply (B6 §5.3). | S6: A-14 = all, staged: T0 (A-14: applied now); Devin CLI reads ~/.claude/skills (verified); Devin Desktop's path is verified at T6",M,0,,,Q-13 / Q-B6-1,none,0,"stage-B seed (after GATE-P, before T3/T5)","B6 SK-13, SK-14, SK-17, SK-18, SK-19, SK-20, SK-22; B6 §6 tests","research/B6-skill-proposals.md §2, §5",skill suite green on macOS bash 3.2 and Linux; version recorded
OP-02,operator,"Apply skill changes Tier B-must (SK-01, 02, 03, 06, 09, 10)",OPERATOR-ACTION,"CI read at every boundary, loop-level CI gate, gate-record hardening (auto pauses at unauthorised gates), no out-of-ticket production changes, worker clock rule, read CI after push. | S6: A-14 = all, staged: before the first Devin Desktop dispatch; Devin CLI reads ~/.claude/skills (verified); Devin Desktop's path is verified at T6",M,0,OP-01,,Q-B6-1; Q-B6-2,none,0,early R11 (before the first R11 dispatch),"B6 SK-01, SK-02, SK-03, SK-06, SK-09, SK-10",research/B6-skill-proposals.md §5.1,skills version recorded in the first run-ledger header
OP-03,operator,"Apply skill changes Tier B-should (SK-04, 05, 07, 08, 11, 12, 15 min)",OPERATOR-ACTION,"Harness identity, repair discipline, orient budget, progress digest, layered status, invariant tests, validator minimum subset. | S6: A-14 = all, staged: early in Round 11 (A-14 'All, staged'); Devin CLI reads ~/.claude/skills (verified); Devin Desktop's path is verified at T6",M,0,OP-02,,Q-B6-4 (harness key),none,0,early R11 (before the first dispatch if possible),"B6 SK-04, SK-05, SK-07, SK-08, SK-11, SK-12, SK-15 (items 1, 2, 10)",research/B6-skill-proposals.md §5.1,—
OP-04,operator,"Apply skill changes Tier C (SK-15 rest, 16, 21, 23, 24, 25)",OPERATOR-ACTION,"Upstream history-mode validator, adr-index parsing, verdict-aware backlog, integration plan reads CI, planning-ledger clock rules. | S6: A-14 = all, staged: early in Round 11 (A-14 'All, staged'); Devin CLI reads ~/.claude/skills (verified); Devin Desktop's path is verified at T6",M,0,OP-03,,Q-13; Q-B6-3; Q-B6-6,none,0,early R11,"B6 SK-15 (rest), SK-16, SK-21, SK-23, SK-24, SK-25",research/B6-skill-proposals.md §5.1,—
OP-05,operator,GitHub settings before the seed push: stack ruleset (S-2) + merge settings (S-3),OPERATOR-ACTION,"Ruleset forbidding force-push and deletion on r11/**; merge commits only, delete_branch_on_merge=false, no auto-merge/update-branch.",S,0,,,Q-H2-5,none,0,stage-B seed (before T6 push),"H2 §5 S-2, S-3; H1 §3.1",design/H2-branch-ci.md §5,settings recorded in GATE DECISIONS with date -u
OP-06,operator,GitHub main ruleset effective with the five required checks (S-1),OPERATOR-ACTION,"Target ~DEFAULT_BRANCH, deletion + non_fast_forward, pull_request with 0 approvals, required checks python/docs/composed/security/web, no bypass.",S,0,OP-08,,Q-B4-3; Q-H2-5,none,0,R11 (after the #141-#190 merge sitting),H2 §5 S-1; H2 NEW-5; B5 NEW-2; B4 G3 (branch protection),design/H2-branch-ci.md §5,—
OP-07,operator,"GitHub variable SIG_GCP_PROJECT (S-4), billing/plan check + usage alert (S-5), optional action restrictions (S-7)",OPERATOR-ACTION,Set the non-secret variable so the leak check runs (or accept R11-CI-02 failing when unset); check Actions billing and add a usage alert to the operator's address; optionally restrict allowed actions.,S,0,,,none,none,0,stage-B seed (before R11 dispatch),"H2 §5 S-4, S-5, S-7; H2 NEW-2; H2 NEW-4",design/H2-branch-ci.md §5,—
OP-08,operator,Bottom-up merge sitting #141-#190 (+ optional v0.1.0 tag),OPERATOR-ACTION,"H1 §4 checklist with a bounded loop (TOP=190), green checkpoints, tree-equality verification, record main's new SHA; optional v0.1.0 per REL-10 instructions; v0.2.0 at the first model-release sitting.",M,0,,,operator (§7.1: operator merges later); D-G3-6,none,0,"R11 (any time, operator's choice; before OP-06)",H1 §2-§4; H1 NEW-1; H1 NEW-3; H1 NEW-5; G3 D-G3-6; A3 NEW-3 (tag),design/H1-integration.md §4,main tree equals #190's tree; no Round-11 PR swept in
OP-09,operator,Move the surveillancegraph.org DNS zone to Cloudflare (Q-31),OPERATOR-ACTION,"Registrar action enabling an R2 custom domain for basemap, tiles and downloads ($0 egress) and free e-mail routing for the contact alias.",S,0,,,Q-31,production write (DNS),0,early R11 (before R11-K13-TX-11/MAP-02 on R2),Q-31; D-K1-2; D-K0-4; D-J3-4,design/K13-ux-synthesis.md §10.2,"site, API and TLS unaffected after cut-over (probe)"
OP-10,operator,Create contact@surveillancegraph.org alias forwarding to the operator,OPERATOR-ACTION,"Project alias for the P16 contact string and, later, the public dispute contact (Q-29 revisit). | S6: C-8 = alias first: every request needing a contact string (EDGAR later, 511/QLD/NSW key sign-ups) waits for it",S,0,OP-09,,U-014; Q-29,none,0,R11,U-014; Q-30; Q-29 (revisit trigger); G2 NEW-5,META_PLAN §7.1,—
OP-11,operator,Defensively register sig-project.org,OPERATOR-ACTION,Register the domain the crawler UA still names so it can redirect to surveillancegraph.org.,S,0,,,Q-E2-03,none,0,"dropped (S6: B-6 'Move UA, don't buy domain' — sig-project.org not purchased; residual squatting risk recorded)",E2-08; Q-E2-03,design/E2-governance-options.md E2-08,—
OP-12,operator,Cost approvals and billing-admin steps,OPERATOR-ACTION,"Record the ceiling and approve items that need a go (Cloud Armor, disk pre-grow, Wave-C tier bump, basemap/downloads host); run billing-admin steps for R11-ACT-03 if the agent lacks the role.",S,0,,,"Q-10 ($300; up to ~$1,000 only with a shown trade-off); Q-23",none,0,early R11,U-008; Q-10; Q-23; G2 decision 2,META_PLAN §7.1,—
OP-13,operator,"Register the free US 511 API keys and the QLDTraffic + NSW Live Traffic keys in Secret Manager (HG-09), after the contact@ alias",OPERATOR-ACTION,Keys only in Secret Manager; unblocks R11-SRC-03. | S6: B-18 = a for US and AU; unblocks R11-SRC-03 and R11-SRC-07,S,0,OP-10,,HG-09,production write (secrets),0,R11 (S6: in scope — B-18 US + AU keys; C-8 alias first),D-SOURCES.7-2 (key half),research/F1-owed-register.md §6,—
OP-14,operator,Organisation publication review via the allow tool (D-K2-1),OPERATOR-ACTION,Review the flagged organisations (≈50 reviews unlock 96.5% of edges) through R11-ACT-10's verb.,S,0,R11-ACT-10,,D-K2-1,none,0,dropped (S6: A-10 'Auto-allow + absence only' — no operator top-50 review),D-K2-1; ADR-124 allow list; K2 NEW-1,design/K13-ux-synthesis.md §10.2,—
OP-15,operator,Partner-name dispositions (D-P32.3-1),OPERATOR-ACTION,Record keep/split/same_as per legacy key after R11-DATA-08 sizes N (1.7-42 h).,M,0,R11-DATA-08,,operator time,none,0,dropped (S6: D-P32.3-1 folds into the A-10 auto-allow ADR + R11-CONF-13; no operator review),D-P32.3-1 (operator half),research/F1-owed-register.md §6 step 5,—
OP-16,operator,Curate 50-100 camera-site seed items in the loopback app (D-P30.2b-1),OPERATOR-ACTION,Operational decisions (not evaluation labels) that R11-CONF-11 verifies on hosted.,S,0,,,Q-E3-1,none,0,"dropped (S6: D-P30.2b-1 has no fold target after B-31; stays OPEN, non-blocking (T-EVAL-IND, LATER-01))",D-P30.2b-1 (operator half),research/F1-owed-register.md §6 step 5,—
OP-17,operator,Maintainer check (OPCHECK) per Class-S release,OPERATOR-ACTION,"≈20-40 min blind-first 20-item check per signed release, disclosed as non-independent.",S,0,R11-CONF-11,,Q-L3-3,none,0,dropped (S6: B-31 'No maintainer check'),L3 §4.4; Q-L3-3,"design/L3-confidence-program.md §2, §9",—
OP-18,operator,"Verbatim confirmations for records (readout addenda, X-1 items, true decision times)",OPERATOR-ACTION,"Confirm the agent-drafted addenda for GATE-G3/ACCEPT-R10 (and ACCEPT-R8), the E2-X1 items (robots, 'counsel', human-review deferral) and the true times of the S3 deferral/GATE-G3 approval.",S,0,,,Q-E2-21; Q-E2-18; Q-B1-2,none,0,"done at GATE-P (C-13 answered 'Superseded', 2026-10-01T05:03:05Z)",E2-X1; E2-17; B1 §5.1 signed readouts; Q-B1-2,"design/E2-governance-options.md E2-X1, E2-17",confirmations recorded verbatim in GATE DECISIONS
OP-19,operator,"Publish the Zenodo production deposit (manual, operator-run)",OPERATOR-ACTION,Upload the R11-TRANS-01 package for openly licensed compartments only.,S,0,R11-TRANS-01,,D-J3-9; HG-07,publish,0,R11,F3 BL-029; D-J3-9; HG-07,design/J3-transparency-design.md §13,—
OP-20,operator,Create and hold the release-signing key (minisign) in Secret Manager,OPERATOR-ACTION,Operator-held key custody for SHA256SUMS signatures used by R11-K13-TX-10b.,S,0,,,D-J3-8; HG-09,production write (secrets),0,R11 (B-20 = a),D-J3-8,"design/J3-transparency-design.md §6.4, §13",public key published; private key never in the repo
OP-21,operator,Held-out search relevance set (≈30 min),OPERATOR-ACTION,Operator writes the held-out query/relevance set used by R11-K13-SRCH-02.,S,0,,,D-K3-7,none,0,"dropped (S6: B-28 'Separate agent, labelled' — R11-K13-SRCH-00 writes the held-out set)",D-K3-7,design/K13-ux-synthesis.md §10.2,—
OP-22,operator,"Operator walkthroughs and sign-offs: journeys, 'beautiful' gallery, copy batches",OPERATOR-ACTION,"Walk the 13 capstone journeys (CAP-01 packet), sign off the gallery (D-K14-9), confirm per-source descriptions/known-issue texts in batches of ~25 (D-J3-12) and each republish's public sentences.",M,0,,,D-K14-9; D-J3-12,none,0,R11 (recurring),D3 §2; D-K14-9; D-J3-12; G2 §6 claim rules,design/K13-ux-synthesis.md §8,—
OP-23,operator,"Store the agent-made git bundle of the planning branch privately, off-disk",OPERATOR-ACTION,B-16 = a + c: the agent creates a git bundle; the operator stores it privately; the branch is pushed at T6 (OD-27 = a) after the scans.,S,0,SEED-00,,Q-H2-6,none,0,stage-B seed (optional),H2 Q-H2-6,design/H2-branch-ci.md §9,—
R11-K13-UXW0-1,r11,"Honest home, dossier and coverage copy",R11-SAFETY-HONESTY,Home: key figures first; the 126 tiles move to /coverage-metrics/ with one label per quantity and a 'what this counts' line (C6 QW-9; K12b NEW-14); capability promises the release does not show render 'being built' (K14 NEW-11); dossier 'How we know this' labelled 'Site-wide' with corrected labels (QW-6); incompleteness banner counts every unknown and empty sections say 'No record in SIG' without asserting an absence kind (QW-7); 'contradictions kept visible' links the 2 recorded contradictions or is withdrawn...,M,1,R11-ACT-05,none (release sig-2026-09-27 unchanged),every public sentence operator-confirmed verbatim (G2 §6),publish (rides R11-ACT-06/07),0,early R11 (wave 0),K13 UXW0-1,design/K13-ux-synthesis.md §7 (W0); data/k13_tickets.csv; design/K13-ux-synthesis.md,"capstone journeys A2, J1 pass (K13 §8); page-type budget T1"
R11-K13-UXW0-2,r11,Watch and evidence empty-state truth + interim artifact list,R11-SAFETY-HONESTY,"Merges K7 WX-07 and K8 EV-01: cause-class empty states on /watch/ and /evidence/ in K14's five-part pattern (no 'research gap', no research-queue CTA); static check failing any surface that reads a raw key with no EXPORT_QUERIES producer; /evidence/ lists the 255 published artifacts by source, synthetic captures labelled 'run record - SIG did not store this document'; exporter adds capture_classification and source_name to evidence.json; {PUB_ARTIFACT_GATE} on evidence_artifacts (K8 NEW-9); fixture capture diff...",M,1,R11-ACT-05,,every public sentence operator-confirmed verbatim (G2 §6),publish (rides R11-ACT-06/07),0,early R11 (wave 0),K13 UXW0-2 (Merges K7 WX-07 and K8 EV-01); J1 NEW-4 (part),design/K13-ux-synthesis.md §7 (W0); data/k13_tickets.csv; design/K13-ux-synthesis.md,"capstone journeys O2, J1, J3 pass (K13 §8); page-type budget T1"
R11-K13-UXW0-3,r11,Research-queue truth fixes,R11-SAFETY-HONESTY,= K11 RQ-00: unique ids and no dead anchors; reachable dispositions from the catalog vocabulary instead of []; 'not yet classified' instead of contributor/unknown placeholders; /task/new/ fixture pages and 'has been generated' copy retired (C6 QW-10; F-113; F-274); page-specific provenance labels (C3 NEW-13).,S,0.5,R11-ACT-05,,every public sentence operator-confirmed verbatim (G2 §6),publish (rides R11-ACT-06/07),0,early R11 (wave 0),K13 UXW0-3 (K11 RQ-00),design/K13-ux-synthesis.md §7 (W0); data/k13_tickets.csv; design/K13-ux-synthesis.md,capstone journeys O4 pass (K13 §8); page-type budget T1
R11-K13-UXW0-4,r11,"Chrome, format and accessibility quick fixes",R11-SAFETY-HONESTY,"C6 QW-11 (branded 404/403/410, favicon, canonical-only sitemap, unique titles and meta descriptions, /terms to the API terms), QW-13 (label-in-name, unique landmark names, wrapped ids, print main); K14 NEW-7 (words joined at inline-element boundaries) and NEW-8 (digit grouping); K12b NEW-11 (remove the no-op 'stale' and 'volatility' sort routes until UX9-2 makes them real).",M,1,R11-ACT-05,,every public sentence operator-confirmed verbatim (G2 §6),publish (rides R11-ACT-06/07),0,early R11 (wave 0),K13 UXW0-4,design/K13-ux-synthesis.md §7 (W0); data/k13_tickets.csv; design/K13-ux-synthesis.md,"capstone journeys A1, A3 pass (K13 §8); page-type budget T1"
R11-K13-UXW0-5,r11,Jurisdiction display names (interim),R11-SAFETY-HONESTY,"C6 QW-8: lookup table from today's bare codes to names on titles, H1s, the dossier index and the search index, codes secondary; the ID and MN mixed buckets state 'combines Idaho (US) and Indonesia' / 'Minnesota and Mongolia' until JUR-05's split pages.",S,0.5,,,every public sentence operator-confirmed verbatim (G2 §6),publish (rides R11-ACT-06/07),0,early R11 (wave 0),K13 UXW0-5,design/K13-ux-synthesis.md §7 (W0); data/k13_tickets.csv; design/K13-ux-synthesis.md,"capstone journeys A1, O1 pass (K13 §8); page-type budget T1"
R11-K13-UXW0-6,r11,"Map, network and search island honesty",R11-SAFETY-HONESTY,"C6 QW-12 (map table says 'records', data-less legend entries dropped, no suppressed counts printed); K1 NEW-20 (map intro copy); the 5,290 dead gap links replaced by per-jurisdiction contested counts linking the dossier (K12b NEW-7); /network/ 'deterministic identity resolution ... exact' copy and the centrality statistic withdrawn (K2 NEW-6; D-K2-2); every island shows a visible notice when it parses a facet it does not apply and dossier links stop passing facets the target ignores (K6 NEW-1; interim for...",S,0.5,,,every public sentence operator-confirmed verbatim (G2 §6),publish (rides R11-ACT-06/07),0,early R11 (wave 0),K13 UXW0-6; D-K2-2 (centrality withdrawn; SIG-IDENT-030 by abstention),design/K13-ux-synthesis.md §7 (W0); data/k13_tickets.csv; design/K13-ux-synthesis.md,"capstone journeys A1, J2 pass (K13 §8); page-type budget T2 (existing islands at current ceilings)"
R11-K13-UXK0-1,r11,"Page-type registry, route discovery, script-policy and no-JS parity specs",R11-UX-CORE,"K0 4.2 and 4.12.1-3: web/src/lib/page-types.ts mapping every route pattern to page type, owner ticket, data-contract id and no-JS equivalent (UXR-02); astro:build:done hook fails any unclassified route; script-policy.spec.ts replaces islands.spec.ts; nojs-parity.spec.ts; every e2e/axe sweep iterates discovered routes (K0 NEW-4); AGENTS.md gotcha 6 and web/AGENTS.md gotcha 1 rewritten (the code half of K0 UXK0-7).",M,1,SEED-11,,D-K0-1,none,0,R11,K13 UXK0-1; K0 UXK0-7 (AGENTS.md rewrites part),design/K13-ux-synthesis.md §7 (W1); data/k13_tickets.csv; design/K0-interactive-architecture.md,per origin-design acceptance; page-type budget CI
R11-K13-UXK0-2,r11,"Page budgets, generated LHCI, real-sized synthetic national fixture",R11-UX-CORE,"sig.page-budgets/1 per page type including the activated dossier map box and standalone figure files; generated lighthouserc.json with a sync test; generalised budget.spec.ts (gzip and brotli, before and after one scripted interaction); deterministic synthetic fixture with >=232k sites, >=5k agencies, >=400k sharing edges and invented names only (K0 R-11).",M,1,R11-K13-UXK0-1,,none,none,0,R11,K13 UXK0-2,design/K13-ux-synthesis.md §7 (W1); data/k13_tickets.csv; design/K0-interactive-architecture.md,per origin-design acceptance; page-type budget CI
R11-K13-UXK0-3,r11,"CSP, HSTS, Permissions-Policy and figure-SVG response policy",R11-UX-CORE,"Astro security.csp hashes; nginx header templates; inline style attributes moved to classes; CSP-violation e2e; Permissions-Policy geolocation=(self) on /map/ only; standalone figure SVGs served with a dedicated policy (default-src 'none'; style-src 'unsafe-inline'; img-src data:; sandbox) plus nosniff, resolving K6 NEW-4; CI grep bans innerHTML, setHTML and dangerouslySetInnerHTML.",M,1,R11-K13-UXK0-1;R11-REL-03b,,none,none,0,R11,K13 UXK0-3,design/K13-ux-synthesis.md §7 (W1); data/k13_tickets.csv; design/K0-interactive-architecture.md,per origin-design acceptance; page-type budget all types
R11-K13-UXK0-4,r11,Enhancement kit behaviour,R11-UX-CORE,"Framework-free custom elements that upgrade server-rendered markup: <sig-table> (sort, text filter, multi-facet chips, column chooser, 'download this view' CSV with per-compartment licence lines), <sig-typeahead> shell (APG combobox over SRCH-05 shards), <sig-cite> (plain, APA, Chicago, legal), <sig-activate> (loads T2 code only after a click, desktop media query); [data-enhancement] hidden in print; reduced-motion hooks. Markup unchanged if a module fails.",M,1,R11-K13-UXK0-1;R11-K13-UXK14-1,,none,none,0,R11,K13 UXK0-4,design/K13-ux-synthesis.md §7 (W1); data/k13_tickets.csv; design/K0-interactive-architecture.md,"capstone journeys O3, J4 pass (K13 §8); page-type budget T1 (<=20 KiB initial; <=40 KiB after action)"
R11-K13-UXK0-5,r11,"sig.workspace-state/2, cite-this-view and facet conformance harness",R11-UX-CORE,"The K13 parameter registry (UXR-09) as a schema with round-trip tests (every v=1 link keeps working); bbox and frame canonicalised to at=; legacy jurisdiction codes normalised with a visible note; 'Cite this view' to /s/<pub>/<surface>/?v=2&... (J3 8.1 interim text until TX-13b); noindex,follow and canonical on parameterised T2 URLs; sitemap generated from the registry (T0/T1 canonical routes only); surface x facet conformance harness (UXR-10) that each T2 ticket must pass. Absorbs K0 UXK0-5.",M,1,R11-K13-UXK0-1;R11-K13-TX-13a,,none,none,0,R11,K13 UXK0-5,design/K13-ux-synthesis.md §7 (W1); data/k13_tickets.csv; design/K0-interactive-architecture.md,"capstone journeys J4, O1 pass (K13 §8); page-type budget T2 shared library"
R11-K13-UXK14-1,r11,Design tokens v2,R11-UX-CORE,"= K14 UXK14-1: tokens.css (8-step type scale, light and dark colour tokens including the reserved raspberry/amber/blue roles, spacing, radius, motion), epistemic.css migration, slate support ramp, dedicated disagreement token, neutral incompleteness banner (K14 NEW-2/3/4/5), stylelint allow-list, design-tokens.test.ts (contrast, monotone lightness, reserved-hue usage), self-hosted Public Sans.",M,1,,,D-K14-3; D-K14-5,none,0,R11,K13 UXK14-1 (K14 UXK14-1),design/K13-ux-synthesis.md §7 (W1); data/k13_tickets.csv; design/K14-visual-and-onboarding.md,per origin-design acceptance; page-type budget T1
R11-K13-UXK14-4,r11,Lexicon and copy system,R11-UX-CORE,"One machine-readable lexicon (web/src/lib/lexicon.json, read by epistemic.ts, Astro, the Python figure kit and the map style) holding the K13 legend decisions C-01..C-04 and L3's 'copy' and 'possible duplicate' states; /glossary/ from spec Appendix E + lexicon + site terms; <Term> with native popover; 'In brief' boxes; 'Spec references' disclosures; compact cite/HWKT/dispute strip (SIG-UI-044 amendment, D-K14-6); chrome copy rewrite. Absorbs K6 VIZ-00's lexicon half and K14 UXK14-8's line and legend conventions.",M,1,R11-K13-UXK14-1,,D-K14-5; D-K14-6; D-K14-8,none,0,R11,K13 UXK14-4,design/K13-ux-synthesis.md §7 (W1); data/k13_tickets.csv; design/K14-visual-and-onboarding.md,"capstone journeys A2, J3 pass (K13 §8); page-type budget T1"
R11-K13-UXK14-2,r11,Layout and chrome,R11-UX-CORE,"= K14 UXK14-2 with the K13 IA: header with six sections plus search (aria-current; mobile <details> menu; a section renders only when its target route exists in the release, UXR-01), footer strip, page-header band, breadcrumbs (country > state > county > place), release-stamp render (data from G3 REL-02), grid and containers, 320 px reflow, H1 <=120 px from the top on mobile (K14 NEW-9).",M,1,R11-K13-UXK14-1;R11-K13-UXK14-4;R11-REL-02,,none,none,0,R11,K13 UXK14-2 (K14 UXK14-2 with the K13 IA),design/K13-ux-synthesis.md §7 (W1); data/k13_tickets.csv; design/K14-visual-and-onboarding.md,capstone journeys A1 pass (K13 §8); page-type budget T1
R11-K13-UXK14-3a,r11,Component kit A (visual layer),R11-UX-CORE,"= K14 UXK14-3a: Figure visual over J3's <Figure> contract (TX-09), stat row, cards (place, organization, source, task, persona, example), table visual for <sig-table>, support chip, the four independent field chips, status chips, directness/access-kind/licence/mirror badges.",M,1,R11-K13-UXK14-1;R11-K13-UXK14-4;R11-K13-UXK0-4;R11-K13-TX-09,,none,none,0,R11,K13 UXK14-3a (K14 UXK14-3a),design/K13-ux-synthesis.md §7 (W1); data/k13_tickets.csv; design/K14-visual-and-onboarding.md,"capstone journeys J1, J3 pass (K13 §8); page-type budget T1"
R11-K13-UXK14-3b,r11,Component kit B (visual layer),R11-UX-CORE,"= K14 UXK14-3b: contested marker, contradiction range, absence chip (four kinds plus 'Help find it'), <ProvenancePanel> shell over TX-08a's data contract, callouts, neutral incompleteness banner, EmptySurface with K14's typed kinds, branded 404/410/500.",M,1,R11-K13-UXK14-3a;R11-K13-TX-08a,,none,none,0,R11,K13 UXK14-3b (K14 UXK14-3b),design/K13-ux-synthesis.md §7 (W1); data/k13_tickets.csv; design/K14-visual-and-onboarding.md,"capstone journeys J3, O4 pass (K13 §8); page-type budget T1"
R11-K13-UXK14-5,r11,Copy lints in CI,R11-UX-CORE,"= K14 UXK14-5 extended with the K13 vocabulary rules: ids/snake_case/UUIDs in prose (DR-C6-28), repeated sentences, visible chrome <=40 words, joined words, digit grouping, bare 'unknown', 'records' vs 'camera sites' (UXR-13), 'Candidate' vs 'Provisional' (UXR-12); report mode until each surface's ticket flips its routes to enforce.",S,0.5,R11-K13-UXK0-1,,none,none,0,R11,K13 UXK14-5 (K14 UXK14-5 extended with the K13 vocabulary rules),design/K13-ux-synthesis.md §7 (W1); data/k13_tickets.csv; design/K14-visual-and-onboarding.md,per origin-design acceptance; page-type budget CI
R11-K13-FIG-01a,r11,Static figure kit - geography,R11-UX-CORE,"One Python package for every build-time map figure (resolves K6 NEW-3): projection and fit, simplification, the static binning rule static-12px@1 (D-K6-4, K1 band table tuned to it), H3 areas vs tier-0 points, tier guards, outlines and child links, locator and index-sprite data, 'not drawn' counts, byte-deterministic output, CSP-safe SVG serializer (no script, no on* attributes, no external references; classes from lexicon.json), standalone-download renderer. Absorbs K1 MAP-05's renderer core, K6 VIZ-00's...",M,1,R11-K13-JUR-01;R11-K13-UXK14-4;R11-K13-UXK0-3,,none,none,0,R11,K13 FIG-01a,design/K13-ux-synthesis.md §7 (W1); data/k13_tickets.csv; design/K13-ux-synthesis.md §3,"capstone journeys A3, O1 pass (K13 §8); page-type budget exporter (feeds T0/T1)"
R11-K13-FIG-01b,r11,"Static figure kit - graphs, charts and legends",R11-UX-CORE,"Deterministic two-column bipartite (dossier) and radial ego (entity) layouts; a BSD-licensed overview-layout wrapper (not the GPL igraph wheel); bar, strip, stacked-bar and timeline charts; legends generated from lexicon.json listing only the symbols present; table twins; wide and narrow variants; print rules (no split figures, greyscale-safe). Absorbs K14 UXK14-8 and the 'K6 chart component' K5 assumed.",M,1,R11-K13-FIG-01a;R11-K13-UXK14-4,,none,none,0,R11,K13 FIG-01b,design/K13-ux-synthesis.md §7 (W1); data/k13_tickets.csv; design/K13-ux-synthesis.md §3,"capstone journeys J1, J2 pass (K13 §8); page-type budget exporter"
R11-K13-GX-01,r11,"Shared labels, slugs and hashes",R11-UX-CORE,"= K2 GX-01, widened to the one identifier module (UXR-17): policy/src/policy/labels.py plus slug and hash primitives (K2 3.3 and K11 3; Crockford base32 of sha256(UUID)); sig.entity-label/1 per compartment; label basis; deterministic disambiguation; Part VIII person-name screen including literal parties; 'Unnamed deployment' retired; API label from the module; the same outputs feed K3 shards, K1 tiles and K7/K8/K11 titles.",M,1,,F5 PKG-11 entity typing (kind parsed from the key meanwhile); D-K2-1 + G2 ACT-10 for organisation labels (typed 'pending publication review' until then); soft: JUR-01 (interim 'place not recorded'),D-K2-1,none,0,R11,"K13 GX-01 (K2 GX-01, widened to the one identifier module (UXR-17)); L1 fix 5 (labels half); K2 label faults",design/K13-ux-synthesis.md §7 (W1); data/k13_tickets.csv; design/K2-graph-and-entities.md,"capstone journeys J2, A1 pass (K13 §8); page-type budget exporter"
R11-K13-GX-03,r11,Entity URL keys and slug history,R11-UX-CORE,"= K2 GX-03: /entity/<type>/<name-slug>--<hash7>/ (hash authoritative and frozen); sig.slug-history/1; 301 rename or merge, 300 split, 410 withdrawal, /id/<type>/<uuid> to the current URL; history rows feed the single redirect generator owned by JUR-05.",S,0.5,R11-K13-GX-01,,none,none,0,R11,K13 GX-03 (K2 GX-03),design/K13-ux-synthesis.md §7 (W1); data/k13_tickets.csv; design/K2-graph-and-entities.md,capstone journeys J4 pass (K13 §8); page-type budget exporter
R11-K13-GX-04,r11,Procurement relevance rule,R11-UX-CORE,= K2 GX-04: relevance from matched_keyword and products/CPV/NAICS; unclassified notices appear only as buyer-page rows 'not classified as surveillance-related' (K2 H-13).,S,0.5,,L2 NEW-11 (0 of 9 sampled contracts concern surveillance); I8 classification of new sources,D-K2-5,none,0,R11,K13 GX-04 (K2 GX-04),design/K13-ux-synthesis.md §7 (W1); data/k13_tickets.csv; design/K2-graph-and-entities.md,capstone journeys J2 pass (K13 §8); page-type budget exporter
R11-K13-GX-02,r11,"/network/ labels, dates and evidence (export side)",R11-UX-CORE,"= K2 GX-02 minus the backend edge fixes now owned by L3 CONF-06: node labels from GX-01; edges carry predicate, observed date and date kind (a 1970 placeholder renders 'undated'), source, currency and claim ids (SIG-EXPORT-D21); degree as a node attribute; historical marking; rides the next republish into today's island with no new JS.",M,1,R11-K13-GX-01;R11-K13-UXW0-6,"L3 CONF-06 (1970 dates, supersession, one classifier); D-K2-1 + G2 ACT-10 for the hub label",D-K2-1,none,0,R11,K13 GX-02 (K2 GX-02 minus the backend edge fixes now owned by L3 CONF-06); L1 fix 5 (export half),design/K13-ux-synthesis.md §7 (W1); data/k13_tickets.csv; design/K2-graph-and-entities.md,capstone journeys J2 pass (K13 §8); page-type budget T2-graph (existing island at current ceiling)
R11-K13-JUR-01,r11,"Jurisdiction registry, boundary pack and lookup@1",R11-UX-CORE,"Jurisdiction registry, boundary pack and lookup@1: the kind=place consumer K4 §7 names; in-dossier search [K13: = K4 JUR-01 (= F5 PKG-06a part 1).]",M,1,R11-REL-01,,D-K4-1; HG-03; D-K4-2; D-K4-4; operator go,production write (hosted capture after HG-03),0,R11,K13 JUR-01 (K4 JUR-01 (= F5 PKG-06a part 1)); F5 PKG-06a (part 1); L3 CP-5 (keys); F-44; I1 NEW-1,design/K13-ux-synthesis.md §7 (W1); data/k13_tickets.csv; design/K4-dossier-index.md,"capstone journeys A1, O1 pass (K13 §8); page-type budget exporter (hosted capture after HG-03: op go)"
R11-K13-JUR-02a,r11,Keep the declared jurisdiction scheme,R11-UX-CORE,Keep the declared jurisdiction scheme: assertion_from_record persists candidate_identifier (as value_json); shaping reads it; legacy claims get declared_scheme_from_config@<sha>; regression: no bucket mixes schemes [K13: = K4 JUR-02a (= F5 PKG-06a part 2).],S,0.5,R11-K13-JUR-01;R11-ACT-09,,none,none,0,R11,"K13 JUR-02a (K4 JUR-02a (= F5 PKG-06a part 2)); F5 PKG-06a (part 2); F3 BL-053 (structured jurisdiction key, ILIKE filters); F3 ADR-079/ADR-122 triggers; K4 NEW-1",design/K13-ux-synthesis.md §7 (W1); data/k13_tickets.csv; design/K4-dossier-index.md,capstone journeys A1 pass (K13 §8); page-type budget exporter
R11-K13-JUR-02b,r11,Placement engine placement@1,R11-UX-CORE,"= K4 JUR-02b: rules R1-R8, per-record placement columns, quality reasons, fixtures (Nottingham swap, CA to FL, ID/Indonesia, MN/Mongolia, sign flips, null island, MO/KS border).",M,1,R11-K13-JUR-01;R11-K13-JUR-02a,F5 PKG-06b detectors (L3 CP-5); L2 NEW-12/NEW-13,none,none,0,R11,K13 JUR-02b (K4 JUR-02b); F5 PKG-06b (point-in-polygon QA at export); L1 fix 6 (geography half); L2 NEW-12; L3 CP-5; K10 NEW-8,design/K13-ux-synthesis.md §7 (W1); data/k13_tickets.csv; design/K4-dossier-index.md,"capstone journeys A1, O1 pass (K13 §8); page-type budget exporter"
R11-K13-MAP-01a,r11,Tile retention and verifier,R11-UX-CORE,"= K1 MAP-01a: per-feature zoom ranges, -r1, cells layer, tier property fix, pure-Python parity, tiles/index.json, sig-exports tiles verify, CI tippecanoe build, 50k fixture. Fixes the missing dots in today's island at the next republish (K1 NEW-1).",M,1,R11-ACT-16;R11-K13-UXK0-2,,none,none,0,R11,K13 MAP-01a (K1 MAP-01a); K1 NEW-1 (tippecanoe point dropping),design/K13-ux-synthesis.md §7 (W1); data/k13_tickets.csv; design/K1-map.md,"capstone journeys A1, O1 pass (K13 §8); page-type budget exporter"
R11-K13-MAP-02,r11,Basemap pipeline and host,R11-UX-CORE,"= K1 MAP-02: basemap.lock.json, sig-ops basemap refresh, light and dark styles built from tokens and lexicon, self-hosted glyphs, context.pmtiles from JUR-01's pack, CORS/Range/cache headers, budget alert and kill switch, CSP connect-src.",M,1,R11-ACT-03;R11-K13-UXK0-3,"Q-31 DNS zone move to Cloudflare (operator action) if R2; soft: JUR-01 (context, optional) | TX-11 if R2",D-K1-1; D-K1-2; D-K1-3; Q-31 (OP-09; only if R2); operator go,production write (basemap host),2,R11,K13 MAP-02 (K1 MAP-02); K1 MAP-02; D-K1-1 (basemap reversal),design/K13-ux-synthesis.md §7 (W1); data/k13_tickets.csv; design/K1-map.md,capstone journeys A1 pass (K13 §8); page-type budget infra (bucket or DNS change: op go)
R11-K13-TX-01,r11,"Transparency scrub, publish secret gate, capture-tier derivation",R11-TRANSPARENCY,"Transparency scrub, publish secret gate, capture-tier derivation: policy.transparency S-1…S-14, fail-closed secret scan in sig-ops publish, tier derived from lane + P8 class (NEW-2) [K13: = J3 TX-01.]",M,1,R11-ACT-08,,none,none,0,R11,K13 TX-01 (J3 TX-01),design/K13-ux-synthesis.md §7 (W1); data/k13_tickets.csv; design/J3-transparency-design.md §12,per origin-design acceptance; page-type budget exporter
R11-K13-TX-02,r11,Registry lanes and source metadata export,R11-TRANSPARENCY,"Registry lanes and source metadata export: [redistribution] fields from the accepted lane table, v_transparency_source, sources.json, counts.json + recompute check [K13: = J3 TX-02 as amended by K9 C-1 (the nested funnel becomes UX9-1's lifecycle partition).]",M,1,R11-K13-TX-01;R11-ACT-06;R11-ACT-07,,D-J3-1; D-J3-5,none,0,R11,K13 TX-02 (J3 TX-02 as amended by K9 C-1 (the nested funnel becomes UX9-1's lifecycle partition)); J1 NEW-7,design/K13-ux-synthesis.md §7 (W1); data/k13_tickets.csv; design/J3-transparency-design.md §12,capstone journeys J1 pass (K13 §8); page-type budget exporter
R11-K13-TX-04,r11,"ingest_run_report table, writer and backfill",R11-TRANSPARENCY,"ingest_run_report table, writer and backfill: sqitch change, scheduled-ingest writes, backfill-run-reports (+0 rerun), PKG-12 per-fetch fields when present [K13: = J3 TX-04 as amended by K10 C-14 (rows for unmatched executions and repo records with link_basis and clock_basis; shape from UX10-2).]",M,1,R11-ACT-09,,operator go,production write (hosted DB change),0,R11,K13 TX-04 (J3 TX-04 as amended by K10 C-14 (rows for unmatched executions and repo records with link_basis and clock_basis; shape from UX10-2)); J1 NEW-6 (part),design/K13-ux-synthesis.md §7 (W1); data/k13_tickets.csv; design/J3-transparency-design.md §12,per origin-design acceptance; page-type budget exporter (hosted DB write: op go)
R11-K13-TX-03,r11,"Run, capture and issue export",R11-TRANSPARENCY,"Run, capture and issue export: v_transparency_run/capture, runs.jsonl, captures.jsonl, auto issue classes, cadence + freshness-state function (shared with ACT-02), last-content-change by digest [K13: = J3 TX-03 as amended by K9 C-4..C-7 and K10 C-13 (the freshness function is UX9-2's).]",M,1,R11-K13-TX-01;R11-K13-TX-04,,none,none,0,R11,K13 TX-03 (J3 TX-03 as amended by K9 C-4),design/K13-ux-synthesis.md §7 (W1); data/k13_tickets.csv; design/J3-transparency-design.md §12,capstone journeys J1 pass (K13 §8); page-type budget exporter
R11-K13-TX-08a,r11,"Statements files, upstream_href and the provenance panel",R11-TRANSPARENCY,"= J3 TX-08a: per-compartment statements (sig.statement/1); upstream_href through S-6; per-claim panel with the four binding states (legacy_synthetic text today); claim anchors; the single <ProvenancePanel> data contract used by record pages, entity relationship rows, graph edge panels, the map selection panel and the claim viewer (UXR-33).",M,1,R11-K13-TX-01,G2 steps 1-2 for actual captures (panel is honest before them); L3 CP-8,none,none,0,R11,K13 TX-08a (J3 TX-08a); J1 NEW-10; L3 CP-8 (panel),design/K13-ux-synthesis.md §7 (W1); data/k13_tickets.csv; design/J3-transparency-design.md §12,"capstone journeys J1, J3 pass (K13 §8); page-type budget T0"
R11-K13-TX-09,r11,Figure to evidence pointers,R11-TRANSPARENCY,"= J3 TX-09: <Figure> contract (data-artifact, data-pointer, definition, href), pointer build check, link targets per figure class, the 126 coverage tiles rendered as Figures (K12b NEW-14), evaluation metrics as release artifacts; one figures[] registry per page (UXR-34).",M,1,R11-K13-TX-08a;R11-DATA-04,,none,none,0,R11,K13 TX-09 (J3 TX-09),design/K13-ux-synthesis.md §7 (W1); data/k13_tickets.csv; design/J3-transparency-design.md §12,capstone journeys J1 pass (K13 §8); page-type budget T1
R11-K13-TX-11,r11,Zero-egress distribution host,R11-TRANSPARENCY,"Zero-egress distribution host: R2 (or chosen host) via push.py, assert_low_egress wired, non-listable origin, size caps/splits, torrent for >100 MB open compartments, WAF rate limit, egress alert + kill-switch runbook, withdrawal purge runbook [K13: = J3 TX-11, shared with the basemap and overlay-tile origin (D-K0-4, D-K1-2).]",M,1,R11-ACT-03;R11-ACT-05,Q-31 DNS zone move (operator action),D-J3-4; Q-31 (OP-09; only if R2); operator go,production write (infra + DNS),1,R11,"K13 TX-11 (J3 TX-11, shared with the basemap and overlay-tile origin (D-K0-4, D-K1-2)); J1 NEW-12; J4 §7; F3 ADR-132 trigger (bulk-data half); D-J3-4",design/K13-ux-synthesis.md §7 (W1); data/k13_tickets.csv; design/J3-transparency-design.md §12,capstone journeys O3 pass (K13 §8); page-type budget infra (op go)
R11-K13-TX-13a,r11,Citation block and release id on every page,R11-TRANSPARENCY,"= J3 TX-13a: cite block with the release id on every page, honest interim wording until /s/<pub>/ exists; all new internal links built with withBase() (UXR-25).",S,0.5,R11-REL-02,,none,none,0,R11,K13 TX-13a (J3 TX-13a); J1 NEW-5 (part),design/K13-ux-synthesis.md §7 (W1); data/k13_tickets.csv; design/J3-transparency-design.md §12,capstone journeys J4 pass (K13 §8); page-type budget T1
R11-K13-UX9-1,r11,"Source universe, lifecycle partition and counts",R11-TRANSPARENCY,"Source universe, lifecycle partition and counts: sig.source-row/1, partition function, anomaly list, recompute check, replace ""178 sources tracked"" / ""Independent sources 218"" copy (C6 wording) [K13: = K9 UX9-1.]",M,1,R11-K13-TX-01;R11-K13-TX-02;R11-ACT-06,,none,none,0,R11,K13 UX9-1 (K9 UX9-1),design/K13-ux-synthesis.md §7 (W1); data/k13_tickets.csv; design/K9-sources-table.md,capstone journeys J1 pass (K13 §8); page-type budget exporter
R11-K13-UX9-2,r11,Freshness semantics v2,R11-TRANSPARENCY,"= K9 UX9-2 (verdict function shared with ACT-02, volatility now, staleness counts, one_time_load, upstream-declared last-modified, records digest, SIG-change slice hash).",M,1,R11-K13-TX-03;R11-K13-TX-04;R11-DATA-04;R11-DEBT-04,L2 NEW-10 (upstream change is not SIG insert time); L2 NEW-17 (inserted > considered); L3 CONF-06 (upstream change-date capture),operator go,production write (connector roll),0,R11,"K13 UX9-2 (K9 UX9-2 (verdict function shared with ACT-02, volatility now, staleness counts, one_time_load, upstream-declared last-modified, records digest, SIG-change slice hash))",design/K13-ux-synthesis.md §7 (W1); data/k13_tickets.csv; design/K9-sources-table.md,"capstone journeys J1, J5 pass (K13 §8); page-type budget exporter (connector roll: op go)"
R11-K13-UX10-1,r11,Registry publish matrix and metadata fields,R11-TRANSPARENCY,"Registry publish matrix and metadata fields: field verdict table as code + CI lint; publisher, publisher_type, one_time_load, description fields; vocabularies for access_method/auth_model; seed publisher from target agency + I1; batch files for operator approval [K13: = K10 UX10-1.]",S,0.5,R11-ACT-06,,D-J3-12,none,0,R11,K13 UX10-1 (K10 UX10-1),design/K13-ux-synthesis.md §7 (W1); data/k13_tickets.csv; design/K10-source-pages.md,capstone journeys J1 pass (K13 §8); page-type budget exporter
R11-K13-UX10-2,r11,Execution-keyed ingestion history,R11-TRANSPARENCY,Execution-keyed ingestion history: execution view; ingest_run_report allows run_id NULL + link_basis + clock_basis; import P31.2 unmatched verdicts and the 90 repo records; code-identity rule; executions.jsonl [K13: = K10 UX10-2.],M,1,R11-K13-TX-03;R11-K13-TX-04;R11-DEBT-04,,operator go,production write (hosted backfill),0,R11,K13 UX10-2 (K10 UX10-2),design/K13-ux-synthesis.md §7 (W1); data/k13_tickets.csv; design/K10-source-pages.md,capstone journeys J1 pass (K13 §8); page-type budget exporter (hosted backfill: op go)
R11-K13-DSRC-01,r11,Dossier contribution export,R11-UX-CORE,"Dossier contribution export: claim_sightings view + query; accumulation per (key, source, predicate, run or month); dossier_sources/.json + runs files; dossier-scope provenance_summary; figures[]; source-side contributions[] from the same rows; invariants as tests [K13: = K5 DSRC-01 (absorbs PKG-10's per-dossier 'How we know this'; figures[] including K6's fig-* ids; source-side contributions[] from the same rows).]",M,1,R11-K13-JUR-02b;R11-K13-TX-01;R11-K13-TX-03;R11-K13-TX-04;R11-K13-TX-08a,K10 NEW-8 point placement (via JUR-02b),none,none,0,R11,K13 DSRC-01 (K5 DSRC-01 (absorbs PKG-10's per-dossier 'How we know this'; figures[] including K6's fig-* ids; source-side contributions[] from the same rows)),design/K13-ux-synthesis.md §7 (W1); data/k13_tickets.csv; design/K5-dossier-sources.md,"capstone journeys J1, A2 pass (K13 §8); page-type budget exporter"
R11-K13-WX-01,r11,Watch producer v1,R11-UX-CORE,"Watch producer v1: EXPORT_QUERIES watch reads (notices, agenda items, contracts, bills, grants); exports/watch.py derivation (§5.2); placement (§5.3); sig/watch/2 + coverage block; gates; a read-only count query for sizing [K13: = K7 WX-01.]",M,1,R11-K13-JUR-02b;R11-K13-TX-01;R11-ACT-07,agenda-tenant registry fixes F-328/F-342/F-343/F-345 (I-stream),none,none,0,R11,K13 WX-01 (K7 WX-01),design/K13-ux-synthesis.md §7 (W1); data/k13_tickets.csv; design/K7-watch.md,capstone journeys O2 pass (K13 §8); page-type budget exporter
R11-K13-RQ-01,r11,Task export v2,R11-UX-CORE,"Task export v2: research_tasks read adds task_id, trigger detail and predicate; join entity_labels; catalog metadata; jurisdiction attribution; handle + title derivation (§3) with handles_history; lane/place shards; queue_meta v2 [K13: = K11 RQ-01 (handles and titles from GX-01's primitives, catalog metadata, jurisdiction, handles_history, lane and place shards).]",M,1,R11-K13-GX-01;R11-K13-JUR-02b;R11-K13-TX-01,,none,none,0,R11,"K13 RQ-01 (K11 RQ-01 (handles and titles from GX-01's primitives, catalog metadata, jurisdiction, handles_history, lane and place shards))",design/K13-ux-synthesis.md §7 (W1); data/k13_tickets.csv; design/K11-research-queue.md,capstone journeys O4 pass (K13 §8); page-type budget exporter
R11-K13-SRCH-01,r11,Search index v2 builder,R11-UX-CORE,"Search index v2 builder: sig.release-search-index/2: compact per-compartment record index (weighted FTS5, marked derived names via K2's rule or an interim rule, K4 place text, registry source names), claim_ref table, catalog index (places from JUR-01 or the NE interim + NE populated places, sources with K9 facet fields, technology vocabulary, K2 entities as present, K8 documents, content pages), search_aliases.toml + loader; determinism, integrity, descriptor search_index_version; real-release size/time report...",M,1,R11-REL-01,soft: GX-01 (interim rule allowed) | JUR-01 (Natural Earth interim allowed),none,none,0,R11,K13 SRCH-01 (K3 SRCH-01),design/K13-ux-synthesis.md §7 (W1); data/k13_tickets.csv; design/K3-search.md,"capstone journeys A1, J2 pass (K13 §8); page-type budget exporter"
R11-K13-SRCH-02,r11,Query engine v2 and benchmark harness,R11-UX-CORE,"Query engine v2 and benchmark harness: the §4.2 pipeline in exports.search_index; tiers; per-group cursors; facets with counts; suggestions; sig.search-results/2; the withdrawal barrier and bounds carried over; the dev + held-out benchmark as a test with a real-sized synthetic fixture (invented names, K0 R-11) plus a release-mode run [K13: = K3 SRCH-02.] | S6: B-28 = b: the held-out set comes from R11-K13-SRCH-00 and stays sealed from this unit",M,1,R11-K13-SRCH-01,S6: the sealed held-out set from R11-K13-SRCH-00 (sha256 only),D-K3-7,none,0,R11,K13 SRCH-02 (K3 SRCH-02),design/K13-ux-synthesis.md §7 (W1); data/k13_tickets.csv; design/K3-search.md,"capstone journeys A1, J2 pass (K13 §8); page-type budget exporter"
R11-K13-JUR-03,r11,Dossiers at every level and the unplaced report,R11-UX-CORE,"= K4 JUR-03 (country, admin-1, county and place dossiers; per-dossier JSON; /dossier/unplaced/; release-tree jurisdiction lists by key before G2 ACT-24; the US-located DBRight list for E4).",M,1,R11-K13-JUR-02b;R11-K13-DSRC-01,,none,none,0,R11,"K13 JUR-03 (K4 JUR-03 (country, admin-1, county and place dossiers; per-dossier JSON; /dossier/unplaced/; release-tree jurisdiction lists by key before G2 ACT-24; the US-located DBRight list for E4))",design/K13-ux-synthesis.md §7 (W2); data/k13_tickets.csv; design/K4-dossier-index.md,"capstone journeys A1, O1 pass (K13 §8); page-type budget T1"
R11-K13-JUR-04,r11,"Grouped dossier index, directories and navigation",R11-UX-CORE,"= K4 JUR-04 with the K13 place-search rule (C-24): the index place form targets /search/?type=place, with an nginx first-letter fallback to /dossier/a-z/<letter>/ while the API is not reachable; locator sprite from FIG-01a.",M,1,R11-K13-JUR-03;R11-K13-UXK14-2;R11-K13-FIG-01a,soft: SRCH-04 (soft),none,none,0,R11,K13 JUR-04 (K4 JUR-04 with the K13 place-search rule (C-24)),design/K13-ux-synthesis.md §7 (W2); data/k13_tickets.csv; design/K4-dossier-index.md,"capstone journeys A1, O1 pass (K13 §8); page-type budget T1"
R11-K13-JUR-05,r11,Migration and the single redirect generator,R11-UX-CORE,"= K4 JUR-05, plus ownership of the one redirects.conf generator for every URL history (dossier slugs, GX-03 entity keys, RQ/WX/EV handles, /data-freshness/**, /network/, /task/<uuid>/, /evidence/<id>/) with static stubs as fallback; split and correction pages; corrections entries (D-K4-8).",S,0.5,R11-K13-JUR-04;R11-REL-03b;R11-REL-09,,none,none,0,R11,"K13 JUR-05 (K4 JUR-05, plus ownership of the one redirects)",design/K13-ux-synthesis.md §7 (W2); data/k13_tickets.csv; design/K4-dossier-index.md,capstone journeys J4 pass (K13 §8); page-type budget T0/T1
R11-K13-MAP-05,r11,No-JS map baseline and site lists,R11-UX-CORE,"= K1 MAP-05 minus the renderer core (now FIG-01a): new /map/ document <=100 KiB, national overview SVG, places table, stateful-URL notice, /dossier/<path>/sites/ lists (the interim site-record link target, UXR-18), link crawl.",M,1,R11-K13-FIG-01a;R11-K13-JUR-03;R11-K13-JUR-04;R11-K13-UXK0-1,,none,none,0,R11,K13 MAP-05 (K1 MAP-05 minus the renderer core (now FIG-01a)),design/K13-ux-synthesis.md §7 (W2); data/k13_tickets.csv; design/K1-map.md,"capstone journeys O3, A1 pass (K13 §8); page-type budget T2-map (no-JS document) + T1 lists"
R11-K13-MAP-03a,r11,Map app shell,R11-UX-CORE,= K1 MAP-03a; Preact (absorbs UXK0-6 for /map/); symbols from the K13 lexicon (C-01..C-03); UI copy says 'records' (UXR-13); selection panel links follow UXR-18 and never link a 404.,M,1,R11-K13-MAP-01a;R11-K13-MAP-02;R11-K13-MAP-05;R11-K13-UXK0-2;R11-K13-UXK0-5;R11-K13-UXK14-1;R11-K13-UXK14-4,F5 PKG-08 (per-compartment attribution strings),none,none,0,R11,K13 MAP-03a (K1 MAP-03a; Preact (absorbs UXK0-6 for /map/); symbols from the K13 lexicon (C-01),design/K13-ux-synthesis.md §7 (W2); data/k13_tickets.csv; design/K1-map.md,"capstone journeys A1, O1 pass (K13 §8); page-type budget T2-map"
R11-K13-MAP-03b,r11,"Map filters, In-view list, keyboard, mobile and print",R11-UX-CORE,"Map filters, In-view list, keyboard, mobile and print: Filters (§4.3) with counts and zoom honesty, In view list/table + live region, keyboard contract, mobile sheet, print view, ""download this view"" [K13: = K1 MAP-03b; a filter that cannot apply at the current zoom greys the cells with a note, without the absence hatch (C-03).]",M,1,R11-K13-MAP-03a;R11-K13-UXK0-4,F5 PKG-07 (technology) and GX-05a (operator/vendor): filters ship disabled with a reason until MAP-01b,none,none,0,R11,"K13 MAP-03b (K1 MAP-03b; a filter that cannot apply at the current zoom greys the cells with a note, without the absence hatch (C-03))",design/K13-ux-synthesis.md §7 (W2); data/k13_tickets.csv; design/K1-map.md,"capstone journeys O3, A1 pass (K13 §8); page-type budget T2-map"
R11-K13-MAP-04,r11,Map place search,R11-UX-CORE,"Map place search: Place search: registry + cities shards via K3's <sig-typeahead>; coordinates parser; jurisdiction= framing vs facet; ""my location"" (if D-K1-7); no-JS /map/place/ form route [K13: = K1 MAP-04 (shards via <sig-typeahead>, coordinates, jurisdiction= filter vs frame= framing, 'my location'); no /map/place/ route (C-24).]",S,0.5,R11-K13-SRCH-05;R11-K13-JUR-01,,D-K1-5; D-K1-7,none,0,R11,"K13 MAP-04 (K1 MAP-04 (shards via <sig-typeahead>, coordinates, jurisdiction= filter vs frame= framing, 'my location'); no /map/place/ route (C-24))",design/K13-ux-synthesis.md §7 (W2); data/k13_tickets.csv; design/K1-map.md,capstone journeys A1 pass (K13 §8); page-type budget T2-map
R11-K13-MAP-06,r11,Release-pinned bbox API,R11-UX-CORE,"Release-pinned bbox API: Bbox API: per-compartment JSON + cross-compartment grouped HTML, R-tree in the per-release SQLite, ≤ 100 rows per page [K13: = K1 MAP-06.]",S,0.5,R11-ACT-17;R11-ACT-05;R11-REL-05,,operator go,production write (API roll),0,R11,K13 MAP-06 (K1 MAP-06),design/K13-ux-synthesis.md §7 (W2); data/k13_tickets.csv; design/K1-map.md,capstone journeys O3 pass (K13 §8); page-type budget API (roll: op go)
R11-K13-SRCH-03,r11,Search API serving v2,R11-UX-CORE,Search API serving v2: GET /v1/releases/{pub or latest}/search (federated) beside the v1 route; streaming verify-and-copy; LRU; latest via conf-gen (REL-05); scope counts with denials (DR-C4-09); rate limiter on the LB client address; no query logging; cache headers; OpenAPI [K13: = K3 SRCH-03.],M,1,R11-K13-SRCH-02;R11-REL-05;R11-ACT-17,,operator go,production write (API roll),0,R11,K13 SRCH-03 (K3 SRCH-03),design/K13-ux-synthesis.md §7 (W2); data/k13_tickets.csv; design/K3-search.md,"capstone journeys A1, J2 pass (K13 §8); page-type budget API (roll: op go)"
R11-K13-SRCH-04,r11,No-JS search results page,R11-UX-CORE,"No-JS search results page: the API HTML representation: site chrome + stamp + dispute + licences (DR-C4-02), typed sections, cards with evidence basis, facet GET links, per-group paging, empty states (§6.4), HTML errors (DR-C4-10), 320 px reflow (DR-C4-14), ""cite this search"" [K13: = K3 SRCH-04; entity links use GX-03 keys; type= is the result type and kind= the entity type (C-07).]",M,1,R11-K13-SRCH-03;R11-REL-02;R11-K13-UXK0-5;R11-K13-UXK14-3a,,none,none,0,R11,K13 SRCH-04 (K3 SRCH-04; entity links use GX-03 keys; type= is the result type and kind= the entity type (C-07)),design/K13-ux-synthesis.md §7 (W2); data/k13_tickets.csv; design/K3-search.md,"capstone journeys A1, J2 pass (K13 §8); page-type budget T2-search (server HTML)"
R11-K13-SRCH-05,r11,"Typeahead shards, header element and /search/ rewrite",R11-UX-CORE,"= K3 SRCH-05; Preact (absorbs UXK0-6 for /search/); the same shards serve the header, the home hero, the map place search, the dossier-index form and the explorer's search-to-node (C-06, UXR-23).",M,1,R11-K13-SRCH-01;R11-K13-SRCH-04;R11-K13-UXK0-1;R11-K13-UXK0-2;R11-K13-UXK0-4;R11-K13-UXK0-5,,none,none,0,R11,"K13 SRCH-05 (K3 SRCH-05; Preact (absorbs UXK0-6 for /search/); the same shards serve the header, the home hero, the map place search, the dossier-index form and the explorer's search-to-node (C-06, UXR-23))",design/K13-ux-synthesis.md §7 (W2); data/k13_tickets.csv; design/K3-search.md,"capstone journeys A1, J2 pass (K13 §8); page-type budget T2-search + T1 header element"
R11-K13-SRCH-06,r11,Scoped search forms on dossiers and source pages,R11-UX-CORE,"Scoped search forms on dossiers and source pages: GET forms ""Search within <place>"" (descendants via jurisdiction_chain) and ""Search this source""; typeahead scope [K13: = K3 SRCH-06.]",S,0.5,R11-K13-SRCH-04;R11-K13-JUR-03;R11-K13-UX10-3a,,none,none,0,R11,K13 SRCH-06 (K3 SRCH-06),design/K13-ux-synthesis.md §7 (W2); data/k13_tickets.csv; design/K3-search.md,capstone journeys O1 pass (K13 §8); page-type budget T1
R11-K13-SRCH-07,r11,Search acceptance and activation,R11-UX-CORE,"Search acceptance and activation: real-release build; benchmark dev ≥ 90% / held-out ≥ 80% / 0 misleading; staging p95 ≤ 300 ms at 1 vCPU (gcsfuse vs local copy measured); budgets and Lighthouse on real data; axe JS on/off; cost check; agent journey walkthroughs (not user research, P4) [K13: = K3 SRCH-07.]",S,0.5,R11-K13-SRCH-01;R11-K13-SRCH-02;R11-K13-SRCH-03;R11-K13-SRCH-04;R11-K13-SRCH-05;R11-K13-SRCH-06;R11-REL-09,,none,publish,0,R11,K13 SRCH-07 (K3 SRCH-07),design/K13-ux-synthesis.md §7 (W2); data/k13_tickets.csv; design/K3-search.md,"capstone journeys A1, J2 pass (K13 §8); page-type budget T2-search"
R11-K13-GX-05a,r11,Entity data contract A,R11-UX-CORE,"Entity data contract A: L — 05a organisations, agencies, portals + relationships + degree-only; 05b notices, contracts, grants, bills, instruments, events + timeline + contradictions + related [K13: = K2 GX-05a.]",M,1,R11-K13-GX-01;R11-K13-GX-03;R11-K13-TX-08a;R11-K13-DSRC-01,D-K2-1 + G2 ACT-10 (organisation allows); F5 PKG-11,D-K2-1,none,0,R11,K13 GX-05a (K2 GX-05a),design/K13-ux-synthesis.md §7 (W2); data/k13_tickets.csv; design/K2-graph-and-entities.md,"capstone journeys J2, O1 pass (K13 §8); page-type budget exporter"
R11-K13-GX-06a,r11,Entity pages A and the Organizations hub,R11-UX-CORE,"Entity pages A and the Organizations hub: L — 06a template, header, claims, relationship tables, typed absence, downloads, cite; 06b static SVG ego, timeline strip, map snippet, print [K13: = K2 GX-06a plus /entity/ hub with per-type counts and A-Z lists carrying the ER disclosure (UXR-20).]",M,1,R11-K13-GX-05a;R11-K13-UXK0-1;R11-K13-UXK0-4;R11-K13-UXK14-3a;R11-K13-UXK14-3b;R11-K13-TX-13a,,none,none,0,R11,K13 GX-06a (K2 GX-06a plus /entity/ hub with per-type counts and A-Z lists carrying the ER disclosure (UXR-20)),design/K13-ux-synthesis.md §7 (W2); data/k13_tickets.csv; design/K2-graph-and-entities.md,"capstone journeys J2, O1 pass (K13 §8); page-type budget T1"
R11-K13-GX-07,r11,Access closures and degree-only facts,R11-UX-CORE,"Access closures and degree-only facts: inference/access_paths.py at build per entity; hop lists, per-hop evidence, live vs historical, ≤ 3 hops; ""shared with N"" sentences [K13: = K2 GX-07.]",M,1,R11-K13-GX-05a,L3 CONF-06 (edge dates),D-K2-2; D-K2-3,none,0,R11,K13 GX-07 (K2 GX-07),design/K13-ux-synthesis.md §7 (W2); data/k13_tickets.csv; design/K2-graph-and-entities.md,capstone journeys J2 pass (K13 §8); page-type budget exporter
R11-K13-DSRC-02,r11,Dossier 'Where this comes from' and the sources explorer,R11-UX-CORE,"Dossier 'Where this comes from' and the sources explorer: ""Where this comes from"" on every dossier; /dossier/<path>/sources/ + JSON twin; sort routes (>25 sources); <details> per source; SVG chart + table; dossier-scope HWKT; ""Site-wide"" label rule + build check [K13: = K5 DSRC-02; over-time chart from FIG-01b.]",M,1,R11-K13-DSRC-01;R11-K13-JUR-04;R11-K13-TX-09;R11-K13-FIG-01b,soft: UX10-3a (interim link /data-freshness/#<id>),none,none,0,R11,K13 DSRC-02 (K5 DSRC-02; over-time chart from FIG-01b),design/K13-ux-synthesis.md §7 (W2); data/k13_tickets.csv; design/K5-dossier-sources.md,"capstone journeys J1, A2 pass (K13 §8); page-type budget T1"
R11-K13-DSRC-03,r11,Per-dossier downloads,R11-UX-CORE,Per-dossier downloads: per-compartment slices at country/admin-1; placement + sighting columns in the national statements; DuckDB/API recipes for county/place; ATTRIBUTION/LICENCE per file; gate wiring [K13: = K5 DSRC-03.],M,1,R11-K13-DSRC-01;R11-K13-TX-08a;R11-K13-TX-10b;R11-K13-TX-11;R11-ACT-07,,D-J3-5; HG-03 (E4; K4 NEW-4); D-K5-1,none,0,R11,K13 DSRC-03 (K5 DSRC-03),design/K13-ux-synthesis.md §7 (W2); data/k13_tickets.csv; design/K5-dossier-sources.md,"capstone journeys O3, J1 pass (K13 §8); page-type budget T1"
R11-K13-VIZ-01a,r11,Dossier map and locator figures (exporter),R11-UX-CORE,"Dossier map and locator figures (exporter): K4 JUR-01/02b/03 (keys, boundary pack, placement, pages); K1 MAP-05 (renderer core: projection + simplify, shared; if MAP-05 has not landed, VIZ-01a builds the core in exports/static_map.py and MAP-05 consumes it, one owner recorded at T3); MAP-01b coverage_by_jurisdiction.json (soft: legend says ""rule pending"") [K13: = K6 VIZ-01a over FIG-01a (sig.dossier-visuals/1 restricted build input; size caps; real-release size report).]",M,1,R11-K13-FIG-01a;R11-K13-JUR-03,MAP-01b coverage table (soft; legend says 'rule pending'),none,none,0,R11,K13 VIZ-01a (K6 VIZ-01a over FIG-01a (sig),design/K13-ux-synthesis.md §7 (W2); data/k13_tickets.csv; design/K6-dossier-visualizations.md,"capstone journeys A2, A3 pass (K13 §8); page-type budget exporter"
R11-K13-VIZ-02,r11,Dossier template v2,R11-UX-CORE,"Owner of the one dossier template (UXR-19; K6 VIZ-02 widened): SIG-UI-010 order; Figure 1 and locator; network-figure slots with typed empty states until VIZ-01b; K5 'Where this comes from'; K7 'Next decisions' block; 'What we don't know' with K11 gap links; neutral 'Other public resources' block (D3 Q4, UXR-06); print (council brief page 1, map leads page 2).",M,1,R11-K13-VIZ-01a;R11-K13-FIG-01b;R11-K13-UXK14-3a;R11-K13-UXK14-3b;R11-K13-UXK14-9;R11-K13-JUR-03;R11-K13-JUR-04;R11-K13-DSRC-02,soft: WX-04a (soft) | RQ-03b (soft),none,none,0,R11,K13 VIZ-02,design/K13-ux-synthesis.md §7 (W2); data/k13_tickets.csv; design/K6-dossier-visualizations.md,"capstone journeys A2, A3, A4, O1 pass (K13 §8); page-type budget T1 (T0 in print)"
R11-K13-VIZ-03,r11,Explore bar and scoped search placement,R11-UX-CORE,"Explore bar and scoped search placement: the three links with sig.workspace-state/2; the scoped GET form; scope= on <sig-typeahead>; the fallback notes while targets ignore facets (NEW-1); the K5 ""Show on the map"" control [K13: = K6 VIZ-03 (the three links carry sig.workspace-state/2; targets that ignore a facet show UXR-10's notice).]",S,0.5,R11-K13-VIZ-02;R11-K13-SRCH-06;R11-K13-UXK0-4;R11-K13-UXK0-5,,none,none,0,R11,K13 VIZ-03 (K6 VIZ-03 (the three links carry sig),design/K13-ux-synthesis.md §7 (W2); data/k13_tickets.csv; design/K6-dossier-visualizations.md,capstone journeys O1 pass (K13 §8); page-type budget T1
R11-K13-WX-05,r11,Evidence recommender repair,R11-UX-CORE,"Evidence recommender repair: §5.7; D/C/retrievability emitted per (artifact, subject); subject scoping; NaN guard [K13: = K7 WX-05.]",S,0.5,R11-K13-WX-01;R11-K13-TX-08a,,none,none,0,R11,K13 WX-05 (K7 WX-05),design/K13-ux-synthesis.md §7 (W2); data/k13_tickets.csv; design/K7-watch.md,capstone journeys A4 pass (K13 §8); page-type budget exporter
R11-K13-WX-04a,r11,"Watch pages, facets, dossier block and item pages",R11-UX-CORE,"Watch pages, facets, dossier block and item pages: L (04a pages and facets, dossier block, item page; 04b feeds, OPML, nginx types, UID/SEQUENCE/STATUS, validation in CI) [K13: = K7 WX-04a; place routes use K4 display paths and vendor routes use GX-03 keys (C-10).]",M,1,R11-K13-WX-01;R11-K13-JUR-04;R11-K13-RQ-01;R11-K13-TX-08a;R11-K13-TX-13a,,none,none,0,R11,K13 WX-04a (K7 WX-04a; place routes use K4 display paths and vendor routes use GX-03 keys (C-10)),design/K13-ux-synthesis.md §7 (W2); data/k13_tickets.csv; design/K7-watch.md,"capstone journeys O2, A2 pass (K13 §8); page-type budget T1"
R11-K13-TX-08b,r11,"Evidence anchors, view original, claim and evidence API fixes",R11-TRANSPARENCY,"Evidence anchors, view original, claim and evidence API fixes: L (08a statements + upstream_href + panel with honest states; 08b evidence-anchor capture history + view original + API /v1/claim//v1/evidence fixes) [K13: = J3 TX-08b.]",M,1,R11-K13-TX-08a;R11-ACT-16,G2 steps 1-2 for actual captures,none,none,0,R11,K13 TX-08b (J3 TX-08b); J1 NEW-4 (part),design/K13-ux-synthesis.md §7 (W2); data/k13_tickets.csv; design/J3-transparency-design.md §12,capstone journeys J1 pass (K13 §8); page-type budget T0/API
R11-K13-EV-02,r11,Evidence hub and artifact pages,R11-UX-CORE,"Evidence hub and artifact pages: §4.1, §4.2, §4.4 skeleton; facet and pagination routes; handles; JSON twins; links from sources, records, watch and tasks [K13: = K8 EV-02; /evidence/<id>/ 301s to /evidence/claim/<id>/ through JUR-05.]",M,1,R11-K13-TX-01;R11-K13-TX-03;R11-K13-TX-08b;R11-K13-UX10-3a;R11-K13-RQ-01,L3 CP-8 byte binding (labels stay honest before),none,none,0,R11,K13 EV-02 (K8 EV-02; /evidence/<id>/ 301s to /evidence/claim/<id>/ through JUR-05),design/K13-ux-synthesis.md §7 (W2); data/k13_tickets.csv; design/K8-evidence.md,"capstone journeys J1, J3 pass (K13 §8); page-type budget T1"
R11-K13-RQ-02,r11,Detector routing and mapping campaigns,R11-UX-CORE,"Detector routing and mapping campaigns: predicate→task table; new retention_unknown/sharing_unknown types in the catalog; predicate_ids column (additive sqitch change); jurisdiction for contradiction/stale candidates; campaign aggregation; supersede per-camera coverage_hole rows by disposition (append-only, never a delete) [K13: = K11 RQ-02.]",M,1,R11-K13-RQ-01;R11-ACT-09,,D-K11-1; operator go,production write (hosted detector re-run),0,R11,K13 RQ-02 (K11 RQ-02),design/K13-ux-synthesis.md §7 (W2); data/k13_tickets.csv; design/K11-research-queue.md,capstone journeys O4 pass (K13 §8); page-type budget exporter (hosted detector re-run: op go)
R11-K13-RQ-03a,r11,"Queue hub, facet routes and cards",R11-UX-CORE,"Queue hub, facet routes and cards: L (03a hub + facet/pagination/sort routes + cards; 03b task detail + campaign pages + redirects + dossier gap links) [K13: = K11 RQ-03a.]",M,1,R11-K13-RQ-01;R11-K13-JUR-04;R11-K13-UXK14-3a,,none,none,0,R11,K13 RQ-03a (K11 RQ-03a),design/K13-ux-synthesis.md §7 (W2); data/k13_tickets.csv; design/K11-research-queue.md,capstone journeys O4 pass (K13 §8); page-type budget T1
R11-K13-RQ-03b,r11,"Task and campaign pages, redirects and dossier gap links",R11-UX-CORE,"Task and campaign pages, redirects and dossier gap links: L (03a hub + facet/pagination/sort routes + cards; 03b task detail + campaign pages + redirects + dossier gap links) [K13: = K11 RQ-03b.]",M,1,R11-K13-RQ-03a;R11-K13-TX-08a;R11-K13-GX-06a;R11-K13-JUR-05,,none,none,0,R11,K13 RQ-03b (K11 RQ-03b),design/K13-ux-synthesis.md §7 (W2); data/k13_tickets.csv; design/K11-research-queue.md,"capstone journeys O4, A4 pass (K13 §8); page-type budget T1"
R11-K13-RQ-04,r11,Records-request drafts on tasks,R11-UX-CORE,"Records-request drafts on tasks: persist records_request_drafts output into the export (DRAFT); render and download; residency notes; bundle per place [K13: = K11 RQ-04 (DRAFT, never sent).]",S,0.5,R11-K13-RQ-01,,D-K11-3,none,0,R11,"K13 RQ-04 (K11 RQ-04 (DRAFT, never sent)); F2a group 11 (RecordsRequest->task link; CONTRIB-019 part)",design/K13-ux-synthesis.md §7 (W2); data/k13_tickets.csv; design/K11-research-queue.md,"capstone journeys A4, O4 pass (K13 §8); page-type budget T1"
R11-K13-UX9-3,r11,Sources table,R11-TRANSPARENCY,"Sources table: 3 views, asc/desc sort routes, facet routes, A–Z, partition header, anomaly box, sources.{csv,json} + schema, /data-freshness/ 301 map, Lighthouse URLs, status-lane row component [K13: = K9 UX9-3 (supersedes J3 TX-05a; /data-freshness/** answer 301 through JUR-05's generator).]",M,1,R11-K13-UX9-1;R11-K13-UX9-2;R11-K13-UXK14-3a;R11-K13-TX-07,,none,none,0,R11,K13 UX9-3 (K9 UX9-3 (supersedes J3 TX-05a; /data-freshness/** answer 301 through JUR-05's generator)); J3 TX-05a (superseded by K13 C-09),design/K13-ux-synthesis.md §7 (W2); data/k13_tickets.csv; design/K9-sources-table.md,"capstone journeys O3, J1 pass (K13 §8); page-type budget T1"
R11-K13-UX9-4,r11,Per-source extracts and version index,R11-TRANSPARENCY,"Per-source extracts and version index: by-source/<id>/{sites,statements}, per-source datapackage.json + ATTRIBUTION.txt, content-addressed push, versions.json, per-source diff filter of TX-14, download column wiring, manifest-only prior releases [K13: = K9 UX9-4.]",M,1,R11-K13-TX-10b;R11-K13-TX-11;R11-K13-TX-14,,D-J3-5; D-K9-2; operator go,production write (mirror writes),0,R11,K13 UX9-4 (K9 UX9-4),design/K13-ux-synthesis.md §7 (W2); data/k13_tickets.csv; design/K9-sources-table.md,capstone journeys O3 pass (K13 §8); page-type budget exporter (mirror writes: op go)
R11-K13-UX10-3a,r11,Source page A,R11-TRANSPARENCY,"Source page A: header, at-a-glance, about, ground truth, targets, licence, rights record + disclosures, conduct, cadence/freshness + SVG strip [K13: = K10 UX10-3a (supersedes J3 TX-05b's first half); ground-truth links (UXR-06); runs strip from FIG-01b.]",M,1,R11-K13-UX10-1;R11-K13-UX9-1;R11-K13-UX9-2;R11-K13-TX-02;R11-K13-FIG-01b,,D-K10-1,none,0,R11,"K13 UX10-3a (K10 UX10-3a (supersedes J3 TX-05b's first half); ground-truth links (UXR-06); runs strip from FIG-01b); J3 TX-05b (part, superseded by K13 C-09)",design/K13-ux-synthesis.md §7 (W2); data/k13_tickets.csv; design/K10-source-pages.md,capstone journeys J1 pass (K13 §8); page-type budget T1
R11-K13-UX10-3b,r11,Source page B,R11-TRANSPARENCY,"Source page B: runs, captures (+ changes list, file actions), versions, dossier contribution (shared artifact with K5), entity browse, issues, JSON twins, page_index entries [K13: = K10 UX10-3b (supersedes J3 TX-05b's second half).]",M,1,R11-K13-UX10-2;R11-K13-UX9-4;R11-K13-TX-06;R11-K13-TX-08b;R11-K13-DSRC-01;R11-K13-GX-06a,F5 PKG-06b (basis located_by_point),none,none,0,R11,"K13 UX10-3b (K10 UX10-3b (supersedes J3 TX-05b's second half)); J3 TX-05b (part, superseded by K13 C-09)",design/K13-ux-synthesis.md §7 (W2); data/k13_tickets.csv; design/K10-source-pages.md,"capstone journeys J1, O3 pass (K13 §8); page-type budget T1"
R11-K13-TX-06,r11,Known issues and issues log,R11-TRANSPARENCY,"Known issues and issues log: known_issues.toml, issues.jsonl, /status/issues/ + per-source section [K13: = J3 TX-06.]",S,0.5,R11-K13-TX-03,,D-J3-12,none,0,R11,K13 TX-06 (J3 TX-06),design/K13-ux-synthesis.md §7 (W2); data/k13_tickets.csv; design/J3-transparency-design.md §12,capstone journeys J1 pass (K13 §8); page-type budget T1 (status lane)
R11-K13-TX-07,r11,Status lane,R11-TRANSPARENCY,"Status lane: sig-status-publish job (6 h), status/ allow-list on the single publish path, heartbeat, archive, drift flag [K13: = J3 TX-07; renders K9's shared row component on /status/sources/.]",M,1,R11-K13-TX-03;R11-ACT-05;R11-ACT-02;R11-ACT-13,,operator go (new scheduler job),production write (new scheduler job),0.2,R11,K13 TX-07 (J3 TX-07; renders K9's shared row component on /status/sources/),design/K13-ux-synthesis.md §7 (W2); data/k13_tickets.csv; design/J3-transparency-design.md §12,per origin-design acceptance; page-type budget T1 (status clock)
R11-K13-TX-10a,r11,Data dictionary and metadata,R11-TRANSPARENCY,"Data dictionary and metadata: L (10a dictionary + column registry + datapackage v2 + DCAT + PROV consumer; 10b /data/, /releases/<pub>/data/, per-source slices, ATTRIBUTION/LICENCE per bundle, SHA256SUMS + minisign, /data/api/) [K13: = J3 TX-10a (DCAT and PROV as linked files, D-J3-7; UXR-32).]",M,1,R11-DATA-03;R11-SAFE-06,,none,none,0,R11,"K13 TX-10a (J3 TX-10a (DCAT and PROV as linked files, D-J3-7; UXR-32)); J1 NEW-11",design/K13-ux-synthesis.md §7 (W2); data/k13_tickets.csv; design/J3-transparency-design.md §12,capstone journeys J1 pass (K13 §8); page-type budget exporter
R11-K13-TX-10b,r11,Downloads center,R11-TRANSPARENCY,"Downloads center: L (10a dictionary + column registry + datapackage v2 + DCAT + PROV consumer; 10b /data/, /releases/<pub>/data/, per-source slices, ATTRIBUTION/LICENCE per bundle, SHA256SUMS + minisign, /data/api/) [K13: = J3 TX-10b plus the per-source statements slice (K9 C-8).]",M,1,R11-K13-TX-11;R11-ACT-03;R11-ACT-07,,D-J3-5; D-J3-8,none,0,R11,K13 TX-10b (J3 TX-10b plus the per-source statements slice (K9 C-8)); J1 NEW-1; J3 SIG-TRANSP-D15 (bundle files),design/K13-ux-synthesis.md §7 (W2); data/k13_tickets.csv; design/J3-transparency-design.md §12,"capstone journeys O3, J1 pass (K13 §8); page-type budget T1/T0"
R11-K13-UXK14-6,r11,"Home, About, How it works and methodology hub",R11-UX-CORE,"= K14 UXK14-6: capability table bound to the release, persona start-here cards, example-question generator with its contract, golden-place card, 'What makes SIG different', Trust and method links (Methodology, How sure is SIG? /quality/, Editorial standards, Corrections, Known issues), 'Other public resources' on About.",M,1,R11-K13-UXK14-2;R11-K13-UXK14-3a;R11-K13-UXK14-4;R11-K13-TX-09;R11-K13-VIZ-02,,D-K14-1,none,0,R11,K13 UXK14-6 (K14 UXK14-6),design/K13-ux-synthesis.md §7 (W2); data/k13_tickets.csv; design/K14-visual-and-onboarding.md,"capstone journeys A1, J1, O1 pass (K13 §8); page-type budget T1"
R11-K13-UXK14-7,r11,Brand,R11-UX-CORE,"Brand: Brand: logo SVG, favicon set, per-type social cards (build-time), meta descriptions [K13: = K14 UXK14-7 (logo, favicon set, per-type social cards, meta descriptions; the logo's dashed edge is brand, never a legend symbol).]",S,0.5,,,D-K14-2,none,0,R11,"K13 UXK14-7 (K14 UXK14-7 (logo, favicon set, per-type social cards, meta descriptions; the logo's dashed edge is brand, never a legend symbol))",design/K13-ux-synthesis.md §7 (W2); data/k13_tickets.csv; design/K14-visual-and-onboarding.md,per origin-design acceptance; page-type budget T1
R11-K13-UXK14-9,r11,Print v2,R11-UX-CORE,"Print v2: Print v2: council-brief page 1, running header and footer (@page boxes or fallback), terms list, QR code, greyscale check [K13: = K14 UXK14-9 (council brief page 1, running footer, terms list, QR code, greyscale check).]",S,0.5,R11-K13-UXK14-3a;R11-REL-02;R11-K13-TX-13a,,none,none,0,R11,"K13 UXK14-9 (K14 UXK14-9 (council brief page 1, running footer, terms list, QR code, greyscale check))",design/K13-ux-synthesis.md §7 (W2); data/k13_tickets.csv; design/K14-visual-and-onboarding.md,capstone journeys A3 pass (K13 §8); page-type budget T0
R11-K13-UXK14-10,r11,"Visual regression, dark and reduced-motion projects, operator gallery",R11-UX-CORE,"Visual regression, dark and reduced-motion projects, operator gallery: Test harness: visual regression (template × theme × viewport), dark and reduced-motion projects, the gallery generator for operator review (written under docs/build/logs/, never published) [K13: = K14 UXK14-10.]",M,1,R11-K13-UXK0-2;R11-K13-UXK14-1,,none,none,0,R11,K13 UXK14-10 (K14 UXK14-10),design/K13-ux-synthesis.md §7 (W2); data/k13_tickets.csv; design/K14-visual-and-onboarding.md,per origin-design acceptance; page-type budget CI
R11-K13-UXK14-11,r11,Onboarding content,R11-UX-CORE,"Onboarding content: Onboarding content: per-page reading keys, empty-state copy for every EmptySurface, the annotated ""how to read a dossier"" page [K13: = K14 UXK14-11 (per-page reading keys, empty-state copy for every EmptySurface, annotated how-to-read-a-dossier page).]",S,0.5,R11-K13-UXK14-3b;R11-K13-UXK14-4;R11-K13-VIZ-02,,none,none,0,R11,"K13 UXK14-11 (K14 UXK14-11 (per-page reading keys, empty-state copy for every EmptySurface, annotated how-to-read-a-dossier page))",design/K13-ux-synthesis.md §7 (W2); data/k13_tickets.csv; design/K14-visual-and-onboarding.md,"capstone journeys A2, O4 pass (K13 §8); page-type budget T1"
R11-K13-ACC-PLACES,r11,"Places, sources, queue, watch and evidence acceptance",R11-UX-CORE,"Merges K4 JUR-06, K5 DSRC-06, the K9/K10 acceptance tests, K7 KJ7-1..3 and KJ7-5..6, K8 and K11 journeys: crawl (bare ids, 0 x 404, every historical URL resolves), parity (dossier vs source, HTML = JSON twin = API), number truth, budgets, axe in both JS states, agent walkthroughs recorded as agent-verified; Class S republish readout.",M,1,R11-K13-JUR-05;R11-K13-DSRC-02;R11-K13-DSRC-03;R11-K13-UX9-3;R11-K13-UX10-3b;R11-K13-RQ-03b;R11-K13-RQ-04;R11-K13-WX-04a;R11-K13-EV-02;R11-K13-VIZ-02;R11-K13-UXK14-6;R11-REL-09,,none,publish,0,R11,"K13 ACC-PLACES (Merges K4 JUR-06, K5 DSRC-06, the K9/K10 acceptance tests, K7 KJ7-1)",design/K13-ux-synthesis.md §7 (W2); data/k13_tickets.csv; design/K13-ux-synthesis.md §8,"capstone journeys A1, A2, A3, A4, O1, O3, O4, J1 pass (K13 §8); page-type budget all types"
R11-K13-MAP-01b,r11,"Tile properties v2, map dictionary and coverage table",R11-UX-EXPLORE,"= K1 MAP-01b; the status property uses n_independent_lineages once L3 CONF-07b ships, and until then counts registry sources under the legend 'republications not yet collapsed' (UXR-14).",M,1,R11-K13-JUR-02b;R11-K13-GX-01;R11-K13-GX-05a;R11-REL-03b,F5 PKG-07; F5 PKG-08; L3 CONF-04 and CONF-07b; coverage rule D-K1-4,D-K1-4,none,0,R11,"K13 MAP-01b (K1 MAP-01b; the status property uses n_independent_lineages once L3 CONF-07b ships, and until then counts registry sources under the legend 'republications not yet collapsed' (UXR-14))",design/K13-ux-synthesis.md §7 (W3); data/k13_tickets.csv; design/K1-map.md,capstone journeys O1 pass (K13 §8); page-type budget exporter
R11-K13-MAP-07,r11,Map acceptance and republish,R11-UX-EXPLORE,Map acceptance and republish: Acceptance + republish: J1–J10 on the real-sized fixture; tiles verify + LHCI on the release candidate; Class S promote; live checks §9.5; 7-day cost read [K13: = K1 MAP-07.],S,0.5,R11-K13-MAP-01b;R11-K13-MAP-03a;R11-K13-MAP-03b;R11-K13-MAP-04;R11-K13-MAP-05;R11-K13-MAP-06;R11-REL-09;R11-ACT-03,,none,publish,0,R11,K13 MAP-07 (K1 MAP-07),design/K13-ux-synthesis.md §7 (W3); data/k13_tickets.csv; design/K1-map.md,"capstone journeys A1, O1, O3 pass (K13 §8); page-type budget T2-map"
R11-K13-GX-05b,r11,Entity data contract B,R11-UX-EXPLORE,"Entity data contract B: L — 05a organisations, agencies, portals + relationships + degree-only; 05b notices, contracts, grants, bills, instruments, events + timeline + contradictions + related [K13: = K2 GX-05b.]",M,1,R11-K13-GX-05a;R11-K13-GX-04;R11-K13-JUR-02b,,none,none,0,R11,K13 GX-05b (K2 GX-05b),design/K13-ux-synthesis.md §7 (W3); data/k13_tickets.csv; design/K2-graph-and-entities.md,"capstone journeys J2, J3 pass (K13 §8); page-type budget exporter"
R11-K13-GX-06b,r11,Entity pages B,R11-UX-EXPLORE,"Entity pages B: L — 06a template, header, claims, relationship tables, typed absence, downloads, cite; 06b static SVG ego, timeline strip, map snippet, print [K13: = K2 GX-06b; ego SVG from FIG-01b; map snippet from FIG-01a through VIZ-01a's component.]",M,1,R11-K13-GX-06a;R11-K13-GX-05b;R11-K13-FIG-01b;R11-K13-VIZ-01a,,none,none,0,R11,K13 GX-06b (K2 GX-06b; ego SVG from FIG-01b; map snippet from FIG-01a through VIZ-01a's component),design/K13-ux-synthesis.md §7 (W3); data/k13_tickets.csv; design/K2-graph-and-entities.md,"capstone journeys J2, J3 pass (K13 §8); page-type budget T1"
R11-K13-GX-08a,r11,Overview builder A and /graphs/**,R11-UX-EXPLORE,"Overview builder A and /graphs/**: L — 08a O0 types, O1 supply, O3 funding, O4 operators + /graphs/ static pages; 08b O2 access (Data Driven now, Flock matrix after I8), O5 governance, O7 adoption, components index [K13: = K2 GX-08a; per-place overview pages at /graphs/<overview>/<country>/<subdivision>/ (C-10).]",M,1,R11-K13-GX-04;R11-K13-GX-05a;R11-K13-FIG-01b;R11-K13-JUR-02b,"L3 CONF-06 (publisher recorded as operator, for O4); I8 agency placement",none,none,0,R11,K13 GX-08a (K2 GX-08a; per-place overview pages at /graphs/<overview>/<country>/<subdivision>/ (C-10)),design/K13-ux-synthesis.md §7 (W3); data/k13_tickets.csv; design/K2-graph-and-entities.md,capstone journeys J2 pass (K13 §8); page-type budget exporter + T1
R11-K13-GX-08b,r11,Overview builder B,R11-UX-EXPLORE,"Overview builder B: L — 08a O0 types, O1 supply, O3 funding, O4 operators + /graphs/ static pages; 08b O2 access (Data Driven now, Flock matrix after I8), O5 governance, O7 adoption, components index [K13: = K2 GX-08b.]",M,1,R11-K13-GX-08a;R11-K13-GX-07,I8 Flock share lists + D-K2-4 (O2 at scale); L3 CONF-13 (organisation identity),D-K2-4,none,0,R11,K13 GX-08b (K2 GX-08b),design/K13-ux-synthesis.md §7 (W3); data/k13_tickets.csv; design/K2-graph-and-entities.md,capstone journeys J2 pass (K13 §8); page-type budget exporter + T1
R11-K13-GX-09a,r11,Graph explorer A,R11-UX-EXPLORE,= K2 GX-09a; Preact + sigma in the reserved box; /network/ 301 to /explore/?v=2&overview=access; removes @astrojs/react from public bundles and adds the bundle-content gate (the last of UXK0-6).,M,1,R11-K13-GX-08a;R11-K13-UXK0-2;R11-K13-UXK0-5;R11-K13-SRCH-05,,none,none,0,R11,K13 GX-09a (K2 GX-09a; Preact + sigma in the reserved box; /network/ 301 to /explore/?v=2&overview=access; removes @astrojs/react from public bundles and adds the bundle-content gate (the last of UXK0-6)),design/K13-ux-synthesis.md §7 (W3); data/k13_tickets.csv; design/K2-graph-and-entities.md,capstone journeys J2 pass (K13 §8); page-type budget T2-graph
R11-K13-GX-09b,r11,Graph explorer B,R11-UX-EXPLORE,"Graph explorer B: L — 09a Preact + sigma island in a reserved SSR box, overview loading, node and edge panels → provenance, URL state, cite view, /network/ 301; 09b expansion, filters, search-to-node, path finder, keyboard list [K13: = K2 GX-09b; path, currency and dated parameters per UXR-09.]",M,1,R11-K13-GX-09a;R11-K13-GX-07,,none,none,0,R11,"K13 GX-09b (K2 GX-09b; path, currency and dated parameters per UXR-09)",design/K13-ux-synthesis.md §7 (W3); data/k13_tickets.csv; design/K2-graph-and-entities.md,capstone journeys J2 pass (K13 §8); page-type budget T2-graph
R11-K13-VIZ-01b,r11,Dossier network figures,R11-UX-EXPLORE,"Dossier network figures: anchors via K4 placement, counterparties, the grouping rule, H-rules and relevance filter, table rows, empty-state reasons; fig- breakdowns to K5 [K13: = K6 VIZ-01b.]",S,0.5,R11-K13-GX-01;R11-K13-GX-04;R11-K13-GX-05a;R11-K13-GX-07;R11-K13-GX-08a;R11-K13-FIG-01b,I8 agency placement through lookup@1; L3 CONF-06,none,none,0,R11,K13 VIZ-01b (K6 VIZ-01b),design/K13-ux-synthesis.md §7 (W3); data/k13_tickets.csv; design/K6-dossier-visualizations.md,"capstone journeys J2, O1 pass (K13 §8); page-type budget exporter"
R11-K13-VIZ-04,r11,In-place map activation on dossiers,R11-UX-EXPLORE,"In-place map activation on dossiers: <sig-activate> wiring; K1 app embedded mode (framing, cooperativeGestures, list below, filters row, no URL writes, open-full/cite, close/focus, failure notice); desktop-only matching; budgets and axe in the activated state; print keeps the SVG [K13: = K6 VIZ-04 (K1 app in embedded mode, click-only, desktop-only, no history writes).]",M,1,R11-K13-MAP-03a;R11-K13-MAP-03b;R11-K13-MAP-02;R11-K13-VIZ-02;R11-K13-UXK0-3;R11-K13-UXK0-4,,none,none,0,R11,"K13 VIZ-04 (K6 VIZ-04 (K1 app in embedded mode, click-only, desktop-only, no history writes))",design/K13-ux-synthesis.md §7 (W3); data/k13_tickets.csv; design/K6-dossier-visualizations.md,capstone journeys O1 pass (K13 §8); page-type budget T1 + activated T2-map box
R11-K13-WX-02,r11,Dated decision predicates,R11-UX-EXPLORE,"Dated decision predicates: ontology: meeting_date (agenda), auto_renews, notice_window_days, renewal_term_months (Contract) + make gen; agenda normaliser emits meeting_date as a claim; parser layer extracts renewal clauses from captured contracts (P07.1) [K13: = K7 WX-02.]",M,1,R11-K13-WX-01;SEED-11,,operator go,production write (hosted re-ingest),0,R11,K13 WX-02 (K7 WX-02),design/K13-ux-synthesis.md §7 (W3); data/k13_tickets.csv; design/K7-watch.md,capstone journeys O2 pass (K13 §8); page-type budget exporter (hosted re-ingest: op go)
R11-K13-WX-06,r11,contract_expiring detector and renewal tasks,R11-UX-EXPLORE,contract_expiring detector and renewal tasks: run catalog #10 in detect.py over WX-01 contracts; task ↔ item links [K13: = K7 WX-06 (absorbs K11 RQ-06).],S,0.5,R11-K13-WX-01;R11-K13-RQ-01,,operator go,production write (hosted detector run),0,R11,K13 WX-06 (K7 WX-06 (absorbs K11 RQ-06)),design/K13-ux-synthesis.md §7 (W3); data/k13_tickets.csv; design/K7-watch.md,"capstone journeys O2, O4 pass (K13 §8); page-type budget exporter (hosted detector run: op go)"
R11-K13-WX-03,r11,Watch lane and cadence,R11-UX-EXPLORE,Watch lane and cadence: daily/twice-weekly schedules for watched tenants and sam_gov; sig-watch-publish step in the status lane; watch/ allow-list; heartbeat [K13: = K7 WX-03.],M,1,R11-K13-TX-07;R11-ACT-05,,D-K7-2; operator go,production write (lane job),0.1,R11,K13 WX-03 (K7 WX-03),design/K13-ux-synthesis.md §7 (W3); data/k13_tickets.csv; design/K7-watch.md,capstone journeys O2 pass (K13 §8); page-type budget infra (scheduler: op go)
R11-K13-WX-04b,r11,Watch feeds v2,R11-UX-EXPLORE,"Watch feeds v2: L (04a pages and facets, dossier block, item page; 04b feeds, OPML, nginx types, UID/SEQUENCE/STATUS, validation in CI) [K13: = K7 WX-04b.]",M,1,R11-K13-WX-04a;R11-K13-WX-03;R11-REL-03b,,none,none,0,R11,K13 WX-04b (K7 WX-04b),design/K13-ux-synthesis.md §7 (W3); data/k13_tickets.csv; design/K7-watch.md,capstone journeys O2 pass (K13 §8); page-type budget T0 (feeds)
R11-K13-EV-03,r11,Claim viewer v2 and real capture diff,R11-UX-EXPLORE,"Claim viewer v2 and real capture diff: lane-aware ClaimView (pane union), assertClaimView by lane, generation for document-genre actual_capture claims with a cap, diff from real captures; spec amendments to SIG-UI-028/029 [K13: = K8 EV-03.]",M,1,R11-K13-TX-08a;R11-K13-TX-12;R11-ACT-11;R11-ACT-14,L3 CP-8 byte binding,D-K8-1; D-K8-2,none,0,R11,K13 EV-03 (K8 EV-03),design/K13-ux-synthesis.md §7 (W3); data/k13_tickets.csv; design/K8-evidence.md,"capstone journeys J1, J3 pass (K13 §8); page-type budget T1"
R11-K13-TX-12,r11,Raw archive (raw-ok lane),R11-TRANSPARENCY,"Raw archive (raw-ok lane): P8 screens (P8-5/6/8 re-serialisation as new captures), raw/index.json, view-original wiring, withdrawal delete/purge/tombstone rehearsal [K13: = J3 TX-12.]",M,1,R11-K13-TX-01;R11-K13-TX-08b;R11-K13-TX-11,,D-J3-1; operator go (hosted append-only write); HG-11 (exposure),production write + publish,0.1,R11,K13 TX-12 (J3 TX-12); J4 NEW-4; D-J3-1,design/K13-ux-synthesis.md §7 (W3); data/k13_tickets.csv; design/J3-transparency-design.md §12,capstone journeys J1 pass (K13 §8); page-type budget infra/T0
R11-K13-CX-01,r11,Disagreements browser,R11-UX-EXPLORE,"New (K12b I-11, NEW-17): /disagreements/ hub and /disagreements/place/<path>/ lists keeping three typed kinds apart: recorded contradictions (both sides, sources, dates), within-source coordinate conflicts (labelled identity defects until CONF-03b re-keys them) and declared-vs-located disagreements; counts from the release; links to entity and dossier sections (UXR-21).",M,1,R11-K13-TX-08a;R11-K13-GX-06a;R11-K13-JUR-03;R11-K13-UXK14-3b,L3 CONF-05 (contradiction recall); L3 CONF-03b (re-keyed collided subjects),none,none,0,R11,K13 CX-01,design/K13-ux-synthesis.md §7 (W3); data/k13_tickets.csv; design/K13-ux-synthesis.md,capstone journeys J3 pass (K13 §8); page-type budget T1
R11-K13-QB-01,r11,"Quality basis, copies and possible duplicates on UX surfaces",R11-UX-EXPLORE,"New (reconciles L3 5.2 with K1/K2/K5; absorbs K5 DSRC-04's rendering half, its export half being L3 CONF-07b): per-record basis block in <ProvenancePanel>, the map selection panel, entity and record pages and K5's agree/disagree view; count intervals ('N records - between a and b listed cameras'); lexicon states 'copy' and 'possible duplicate'.",M,1,R11-K13-TX-08a;R11-K13-MAP-03a;R11-K13-GX-06a;R11-K13-DSRC-02;R11-K13-UXK14-4,L3 CONF-07b; L3 CONF-12,none,none,0,R11,K13 QB-01; K5 DSRC-04 (rendering half),design/K13-ux-synthesis.md §7 (W3); data/k13_tickets.csv; design/K13-ux-synthesis.md,"capstone journeys A2, J1, J3 pass (K13 §8); page-type budget T1/T2 panels"
R11-K13-TX-13b,r11,"Site snapshots, edge selectors and the withBase refactor",R11-TRANSPARENCY,"Site snapshots, edge selectors and the withBase refactor: L (13a citation block + release id everywhere + honest interim wording; 13b /s/<pub>/ build/staging/withdrawal index + selectors.conf + implements ADR-161/162 (no ADR of its own; S4c FEA-06)) [K13: = J3 TX-13b.]",M,1,R11-ACT-15;R11-ACT-24;R11-REL-01;R11-REL-03b,,HG-11; D-J3-6; HG-11 (via R11-ACT-24),publish,0,R11,K13 TX-13b (J3 TX-13b); J1 NEW-5; G3 NEW-6 (withBase refactor); D-J3-6,design/K13-ux-synthesis.md §7 (W3); data/k13_tickets.csv; design/J3-transparency-design.md §12,capstone journeys J4 pass (K13 §8); page-type budget T1/T2 under /s/<pub>/
R11-K13-TX-14,r11,"Changelog, record-id diffs and /v1/changes",R11-TRANSPARENCY,"Changelog, record-id diffs and /v1/changes: TX-13b; the second activated release (first is the baseline); TX-02/03 [K13: = J3 TX-14.]",M,1,R11-K13-TX-13b,L3 CONF-03a (else claim re-mint noise is disclosed),none,none,0,R11,K13 TX-14 (J3 TX-14),design/K13-ux-synthesis.md §7 (W3); data/k13_tickets.csv; design/J3-transparency-design.md §12,capstone journeys J5 pass (K13 §8); page-type budget T1/API
R11-K13-CHG-01,r11,Changes page and change feeds,R11-UX-EXPLORE,"New (D3 J5; K12b I-08, NEW-19): /changes/ (latest vs previous release; 'SIG learned' separated from 'the world changed'; world vs belief time) and Atom feeds per place and per source from TX-14's diffs; per-entity feeds deferred until page counts are measured.",S,0.5,R11-K13-TX-14;R11-K13-JUR-03;R11-K13-UX9-1,L3 CONF-03a,none,none,0,R11,K13 CHG-01,design/K13-ux-synthesis.md §7 (W3); data/k13_tickets.csv; design/K13-ux-synthesis.md,capstone journeys J5 pass (K13 §8); page-type budget T1 + T0 feeds
R11-K13-UX10-4,r11,Source changelog,R11-TRANSPARENCY,"Source changelog: event generator from rights_decision, completions, release diffs, issues, corrections; baseline wording [K13: = K10 UX10-4.]",S,0.5,R11-K13-TX-14;R11-K13-UX9-1,,none,none,0,R11,K13 UX10-4 (K10 UX10-4),design/K13-ux-synthesis.md §7 (W3); data/k13_tickets.csv; design/K10-source-pages.md,capstone journeys J5 pass (K13 §8); page-type budget T1
R11-K13-TX-15,r11,API parity,R11-TRANSPARENCY,API parity: /v1/export real catalog; /v1/releases…/sources… from registry files; parity test [K13: = J3 TX-15.],S,0.5,R11-K13-TX-10b;R11-ACT-17;R11-ACT-11,,operator go,production write (API roll),0,R11,K13 TX-15 (J3 TX-15),design/K13-ux-synthesis.md §7 (W3); data/k13_tickets.csv; design/J3-transparency-design.md §12,capstone journeys J1 pass (K13 §8); page-type budget API (roll: op go)
R11-K13-SRCH-08,r11,Search result export,R11-UX-EXPLORE,"Search result export: CSV/JSON download of a result set (≤ 10,000 rows), per licence group with licence files (J3 TX download conventions) [K13: = K3 SRCH-08.]",S,0.5,R11-K13-SRCH-07;R11-K13-TX-10b,,none,none,0,R11,K13 SRCH-08 (K3 SRCH-08),design/K13-ux-synthesis.md §7 (W3); data/k13_tickets.csv; design/K3-search.md,"capstone journeys J1, O3 pass (K13 §8); page-type budget T2-search"
R11-K13-ACC-EXPLORE,r11,"Entity, graph and dossier-figure acceptance",R11-UX-EXPLORE,"Merges K2 GX-10 and K6 VIZ-05: K2 J-1..J-6, K6 VJ-1..VJ-6, the SIG-UI-D20 crawl, SIG-UI-DV01..DV12, parity (static figure = K5 figures = summed map cells), budgets including the activated box, axe in interaction states, print PDFs; Class S readout.",M,1,R11-K13-GX-06b;R11-K13-GX-09b;R11-K13-VIZ-01b;R11-K13-VIZ-04;R11-K13-QB-01;R11-REL-09,,none,publish,0,R11,K13 ACC-EXPLORE (Merges K2 GX-10 and K6 VIZ-05),design/K13-ux-synthesis.md §7 (W3); data/k13_tickets.csv; design/K13-ux-synthesis.md §8,"capstone journeys J2, J3, A3, O1 pass (K13 §8); page-type budget all types"
R11-K13-TX-16,r11,Transparency acceptance and HG-11 readout,R11-TRANSPARENCY,"Transparency acceptance and HG-11 readout: live crawl, budgets, scrub audit (secret scan over all published transparency files), re-run of the journalist / researcher / skeptic journeys (agent walkthrough, not user research, P4/P5) [K13: = J3 TX-16.]",S,0.5,R11-K13-TX-12;R11-K13-TX-13b;R11-K13-TX-15;R11-K13-UX10-3b;R11-K13-EV-03,,HG-11,publish,0,R11,K13 TX-16 (J3 TX-16),design/K13-ux-synthesis.md §7 (W3); data/k13_tickets.csv; design/J3-transparency-design.md §12,"capstone journeys J1, J4 pass (K13 §8); page-type budget all types"
R11-K13-ENH-01,r11,T1 table and filter enhancements rollout,R11-UX-CORE,"Merges K9 UX9-3e, K5 DSRC-05 (sort and filter; chart brushing deferred), K4 JUR-04's enhanced index filter and the K7/K8/K11 'enhanced island' ideas as T1 kit uses, never new islands (C-19, C-20): <sig-table> on /sources/**, dossier sources explorers, /dossier/, /watch/, /evidence/ and /research-queue/, with a place <sig-typeahead> over <=200 KiB shards; URL state; budgets.",M,1,R11-K13-UXK0-4;R11-K13-UX9-3;R11-K13-DSRC-02;R11-K13-JUR-04;R11-K13-WX-04a;R11-K13-EV-02;R11-K13-RQ-03a,,none,none,0,R11,"K13 ENH-01 (Merges K9 UX9-3e, K5 DSRC-05 (sort and filter)",design/K13-ux-synthesis.md §7 (W4); data/k13_tickets.csv; design/K13-ux-synthesis.md,"capstone journeys O3, J1, O4 pass (K13 §8); page-type budget T1 (<=20 KiB initial; <=40 KiB after action; <=200 KiB data)"
R11-K13-RQ-05,r11,Contribution path wiring,R11-UX-CORE,"Contribution path wiring: ""How to act"" per role; intake prefill by GET once the receiver operates; the interim channel per D-K11-4 [K13: = K11 RQ-05.]",S,0.5,R11-K13-RQ-03b,soft: G2 ACT-23 (intake) or the operator-named channel,D-K11-4,none,0,R11,K13 RQ-05 (K11 RQ-05),design/K13-ux-synthesis.md §7 (W4); data/k13_tickets.csv; design/K11-research-queue.md,capstone journeys O4 pass (K13 §8); page-type budget T1
R11-K13-CAP-01,r11,Round-11 UX capstone,R11-UX-CORE,"D3's 13 journeys x {390, 1440 px} x {JS on, JS off where the journey allows} on the promoted release, recorded agent-verified (never 'user-tested'), plus an operator walkthrough packet; the per-ask U-003.1..11 checks of K13 5.1; budgets and axe on the real release; cost read against $300/month (UXR-31).",M,1,R11-K13-UXW0-1;R11-K13-UXW0-2;R11-K13-UXW0-3;R11-K13-UXW0-4;R11-K13-UXW0-5;R11-K13-UXW0-6;R11-K13-UXK0-1;R11-K13-UXK0-2;R11-K13-UXK0-3;R11-K13-UXK0-4;R11-K13-UXK0-5;R11-K13-UXK14-1;R11-K13-UXK14-4;R11-K13-UXK14-2;R11-K13-UXK14-3a;R11-K13-UXK14-3b;R11-K13-UXK14-5;R11-K13-FIG-01a;R11-K13-FIG-01b;R11-K13-GX-01;R11-K13-GX-03;R11-K13-GX-04;R11-K13-GX-02;R11-K13-JUR-01;R11-K13-JUR-02a;R11-K13-JUR-02b;R11-K13-MAP-01a;R11-K13-MAP-02;R11-K13-TX-01;R11-K13-TX-02;R11-K13-TX-04;R11-K13-TX-03;R11-K13-TX-08a;R11-K13-TX-09;R11-K13-TX-11;R11-K13-TX-13a;R11-K13-UX9-1;R11-K13-UX9-2;R11-K13-UX10-1;R11-K13-UX10-2;R11-K13-DSRC-01;R11-K13-WX-01;R11-K13-RQ-01;R11-K13-SRCH-01;R11-K13-SRCH-02;R11-K13-JUR-03;R11-K13-JUR-04;R11-K13-JUR-05;R11-K13-MAP-05;R11-K13-MAP-03a;R11-K13-MAP-03b;R11-K13-MAP-04;R11-K13-MAP-06;R11-K13-SRCH-03;R11-K13-SRCH-04;R11-K13-SRCH-05;R11-K13-SRCH-06;R11-K13-SRCH-07;R11-K13-GX-05a;R11-K13-GX-06a;R11-K13-GX-07;R11-K13-DSRC-02;R11-K13-DSRC-03;R11-K13-VIZ-01a;R11-K13-VIZ-02;R11-K13-VIZ-03;R11-K13-WX-05;R11-K13-WX-04a;R11-K13-TX-08b;R11-K13-EV-02;R11-K13-RQ-02;R11-K13-RQ-03a;R11-K13-RQ-03b;R11-K13-RQ-04;R11-K13-UX9-3;R11-K13-UX9-4;R11-K13-UX10-3a;R11-K13-UX10-3b;R11-K13-TX-06;R11-K13-TX-07;R11-K13-TX-10a;R11-K13-TX-10b;R11-K13-UXK14-6;R11-K13-UXK14-7;R11-K13-UXK14-9;R11-K13-UXK14-10;R11-K13-UXK14-11;R11-K13-ACC-PLACES;R11-K13-MAP-01b;R11-K13-MAP-07;R11-K13-GX-05b;R11-K13-GX-06b;R11-K13-GX-08a;R11-K13-GX-08b;R11-K13-GX-09a;R11-K13-GX-09b;R11-K13-VIZ-01b;R11-K13-VIZ-04;R11-K13-WX-02;R11-K13-WX-06;R11-K13-WX-03;R11-K13-WX-04b;R11-K13-EV-03;R11-K13-TX-12;R11-K13-CX-01;R11-K13-QB-01;R11-K13-TX-13b;R11-K13-TX-14;R11-K13-CHG-01;R11-K13-UX10-4;R11-K13-TX-15;R11-K13-SRCH-08;R11-K13-ACC-EXPLORE;R11-K13-TX-16;R11-ACT-24,L3 CONF-14 readout (for the correctness criteria),none,publish,0,R11 (tail),K13 CAP-01,design/K13-ux-synthesis.md §7 (W4); data/k13_tickets.csv; design/K13-ux-synthesis.md §8,"capstone journeys A1, A2, A3, A4, J1, J2, J3, J4, J5, O1, O2, O3, O4 pass (K13 §8); page-type budget all types"
R11-K13-CAP-02,r11,Announce-readiness review,R11-UX-CORE,= K14 UXK14-12 + D3 5 + K14 7: checklist results recorded; operator gallery (every template x light/dark x 390/1440) for the 'beautiful' sign-off (D-K14-9); no agent sign-off (P4).,S,0.5,R11-K13-CAP-01;R11-K13-UXK14-10,,U-009,none,0,R11 (tail),K13 CAP-02 (K14 UXK14-12 + D3 5 + K14 7); D3 §5 announce checklist; K14 UXK14-12,design/K13-ux-synthesis.md §7 (W4); data/k13_tickets.csv; design/K13-ux-synthesis.md §8,per origin-design acceptance; page-type budget all types
R11-ACQ-29,r11,Flock transparency-portal connector (direct fetch; A-17 D3-Q3 b),R11-SOURCES,"Fetch the agency transparency portals hosted by Flock under ADR-184's envelope (public, unauthenticated pages only; no logins, API keys or access-control circumvention; rate-limited; robots per GL-GATE-08; terms text captured verbatim; exposure disclosed; Part VIII screen on every byte). Emit portal facts (retention, camera counts, aggregate search counts — S3 lane, never search reasons, case numbers, operator/user ids or plates) and shared-with lists for R11-ACQ-30. New registry row lands ingestion_permitted=false; activation in Wave B.",M,1,R11-ACQ-01;R11-DATA-02;R11-DATA-03;R11-GOV-04;R11-SAFE-03;R11-SAFE-04,,D3-Q3 = b (GATE-P); HG-03 flip by the operator with ING-GO-B (OP-26),none (activation in R11-ACQ-16),0.5,R11 (S6 new; 11B Wave B),GATE-P A-17 (D3-Q3 b) + A-22 (b); D2-10,"feedback/RATIFICATION_LOG.md rounds 6, 8; design/D3-product-direction.md; research/I3-alpr-networks.md","portal facts for every reachable Flock transparency portal, each with its captured terms and fetch record; 0 Part VIII bytes stored"
R11-ACQ-30,r11,Flock share lists -> organisation-level configured_access claims (D-K2-4 yes),R11-SOURCES,"Turn the 474,184 share-list edges (Eyes on Flock mirror) plus the direct portals' lists into organisation-level configured_access claims after the §43.2a/Part VIII screen (no operator ids, search reasons or audit rows); append-only hosted write; feeds the state × state Flock-sharing overview (R11-K13-GX-08b, A-11).",M,1,R11-ACQ-29;R11-CONF-04;R11-SAFE-03;R11-K13-GX-05a,,D-K2-4 = yes; OD-24 = b (GATE-P); hosted write on the GATE-G5 OM-20 list or an in-ticket go,production write (append-only claims),0,R11 (S6 new; 11C),"GATE-P A-22 (OD-24 b, D-K2-4 yes); K2 D-K2-4",feedback/RATIFICATION_LOG.md round 8; design/K2-graph-and-entities.md,share-list claims exist at organisation level only; 0 person-level or audit-row fields; overview O2 shows Flock-scale access
R11-ACQ-31,r11,Axon Fusus 'Connect <Place>' connector (B-35 IT7 full fetch; SIG-PUB-002-safe),R11-SOURCES,"Fetch the agency-hosted Connect pages in full under ADR-184's envelope; redact private registrants (resident/business names, home addresses, contact data, cameras at private residences) in memory before any byte is persisted — store only a redacted re-serialisation (J4 P8-5) — and emit programme-level facts and counts (S1 lane).",M,1,R11-ACQ-01;R11-SAFE-04;R11-SAFE-03,,I7-IT7 = a (GATE-P); HG-03 flip by the operator with ING-GO-D (OP-26),none (activation in R11-ACQ-27),0.3,"R11 (S6 new; 11C code, Wave D activation)",GATE-P B-35 (IT7 a) + A-17,feedback/RATIFICATION_LOG.md round 16; research/I7-candidates.md,programme-level Axon Connect facts for every reachable agency page; 0 registrant bytes in any tier (schema + storage test)
R11-ACQ-32,r11,DocumentCloud / MuckRock connector (E4-R2a flip; public documents only),R11-SOURCES,Fetch public DocumentCloud documents relevant to surveillance under ADR-184's envelope; Part VIII screen on every byte (S6/S7 free text and incidental names); every claim links the uploader's page.,M,1,R11-ACQ-01;R11-SAFE-04;R11-ACQ-14,,E4-R2a = b; I7-C2 = fetch (GATE-P); HG-03 flip by the operator with ING-GO-D (OP-26),none (activation in R11-ACQ-27),0.5,"R11 (S6 new; 11C code, Wave D activation)",GATE-P B-39 (C2) + B-41 (R2a b),feedback/RATIFICATION_LOG.md rounds 17-18; design/E4-rights-packets.md,documents fetched only from public pages; uploader link on every claim; Part VIII screen report 0 unscreened bytes
R11-ACQ-33,r11,Sourcewell + OMNIA Partners contract-page connector (B-39 C3),R11-SOURCES,Fetch public Sourcewell and OMNIA contract pages under ADR-184's envelope; contract facts and documents; terms captured verbatim.,M,1,R11-ACQ-01;R11-ACQ-11;R11-SAFE-04,,I7-C3 = fetch (GATE-P); HG-03 flips by the operator with ING-GO-D (OP-26),none (activation in R11-ACQ-27),0.2,"R11 (S6 new; 11C code, Wave D activation)",GATE-P B-39 (C3),feedback/RATIFICATION_LOG.md round 17; research/I7-candidates.md,contract facts with captured terms and fetch records for both portals
R11-K13-SRCH-00,r11,Held-out search relevance set written by a separate agent context (B-28 b),R11-UX-CORE,"A separate agent context writes the ≥ 40-query held-out set, labelled 'agent-authored held-out set; not independent', before and never visible to the contexts that tune search; stored outside the worktree (restricted bucket) with only its sha256 committed; read only by the search acceptance (R11-K13-SRCH-07).",S,0.5,,the first model release (R11-ACT-24) to judge relevance against,D-K3-7 = b (GATE-P); restricted-bucket write on the GATE-G5 OM-20 list or an in-ticket go,production write (restricted-bucket object),0,R11 (S6 new; 11C),GATE-P B-28 (D-K3-7 b); replaces OP-21,feedback/RATIFICATION_LOG.md round 14; design/K3-search.md,set sealed before SRCH-01/02 start; sha256 matches at SRCH-07; label present wherever the metric appears
R11-SRC-07,r11,Keyed AU traffic-camera APIs: QLDTraffic + NSW Live Traffic (D-SOURCES.8-2 a),R11-SOURCES,"Wire the QLDTraffic and NSW Live Traffic APIs after the operator registers the keys (Secret Manager, HG-09); QLDTraffic replaces camreg_qldc_au (E4-R4c b).",M,1,OP-13;R11-ACQ-01,,D-SOURCES.8-2 = a; E4-R4c = b (GATE-P); HG-09 keys by the operator,production write,0.2,R11 (S6 new; 11D),LATER-10 (moved in at S6); D-SOURCES.8-2; E4 R4c option b,research/F1-owed-register.md; design/E4-rights-packets.md,per I8 §7.7 per-source verification for both APIs; keys never in files
R11-GOV-06,r11,"Single-operator true-deletion path (WV-06): design first, mechanism keeps the audit record",R11-GOVERNANCE-RECORDS,"Design note + ADR-181 compensating controls, then a mechanism that deletes material SIG must not hold (evidence bytes or rows) on the operator's in-ticket go only, never on an OM-20 list, never run by an agent without that go; every use logged publicly with its reason and a tombstone (category + date, never content). The insert-only spine rule is unchanged for every other path.",M,1,R11-OPS-04;R11-REL-08;R11-GOV-02,,WV-06 waived (GATE-P); each deletion = operator in-ticket go,none (mechanism only),0,R11 (S6 new; 11D),GATE-P A-23 WV-06,feedback/RATIFICATION_LOG.md round 9; docs/2_canonical_design_spec.md SIG-GOV-008,a fixture deletion leaves a tombstone and a decision-log entry; no agent path can invoke it without the go
R11-K13-MAP-08,r11,'My location' map-pan control (D-K1-7 approved) after a SIG-GOV-017 analysis,R11-UX-EXPLORE,"Write a SIG-GOV-017 analysis first; build only a map-pan control (browser-only geolocation after a click, never sent to SIG; no 'cameras near you' list, count, alert or proximity notice). If the analysis finds it cannot comply, pause and return the question (waive GOV-017 for it, or drop it) to the operator.",S,0.5,R11-K13-MAP-03b,,D-K1-7 = yes (GATE-P); GOV-017 not waived,none,0,R11 (S6 new; 11D),GATE-P B-44 (D-K1-7),feedback/RATIFICATION_LOG.md round 18; design/K1-map.md,GOV-017 analysis committed; no location leaves the browser (network test); no proximity output
R11-REVIEW-01,r11,"Post-round deep review by Claude Code (Opus 5.5, xhigh), modelled on the Stage-P review",R11-ACCEPTANCE,"After the final release and the tail's DOC row, a different harness (Claude Code) reviews the round read-only — code, build memory, CI and live state — and writes a findings register (S0–S3) and a next-round planning input. Not a chain row; no in-round second harness.",L,8,,,A-15 (GATE-P); read-only,read-only,0,post-round (after P38.4),GATE-P A-15 follow-up (round 7),feedback/RATIFICATION_LOG.md round 7; META_PLAN.md (this Stage-P review as the model),"findings register with evidence classes; every S0/S1 finding cites file:line, commit, PR or probe"
OP-25,operator,Operator-only gate-signing key + allowed_signers (A-16),OPERATOR-ACTION,Passphrase- or hardware-backed SSH signing key never loaded into an agent-reachable ssh-agent; public key committed to allowed_signers; R11-MEM-07 verifies in CI.,S,0,,,Q-B4-2 = a,none,0,stage-B (by GATE-B if possible; before GATE-G4 at the latest),GATE-P A-16; LATER-15,feedback/RATIFICATION_LOG.md round 6; design/B4-verification.md,—
OP-26,operator,"HG-03 flips of the GATE-P-decided rows, executed by the operator per wave",OPERATOR-ACTION,"Agents prepare each wave's flip list from the GATE-P lines (A-7, A-18, B-33, B-34, B-35, B-39, B-41); the operator's verbatim line flips ingestion_permitted; never pre-authorised.",S,0,,,HG-03,production write (registry flip),0,"R11 (per wave: A-18 in 11B; GATE-G4, GATE-G5, GATE-G6 lists)",GATE-P (rights lines),"feedback/RATIFICATION_LOG.md rounds 3-4, 7, 16-18",—
