id,level,spec_section,class,verdict,evidence,owning_tickets,tests,adrs,risk_rows,routing,note,required_domain,achieved_domain,owed_legs,accepted_scope
SIG-API-001,MUST,37.1 Principles,covered+tested,MET,tests/api/test_api_shape.py:4;api/src/api/store.py:6;tests/api/test_store_pg.py:127,P14.1,tests/api/test_api_shape.py:4;tests/api/test_store_pg.py:127,ADR-017;ADR-047;ADR-059,—,—,Closed P19.4 (closed_by=P19.4): PgReadStore serves create_app(store) over PG (api/store_pg.py); all 12 /v1 families+/id 200 over PG,,,,
SIG-API-002,MUST,37.1 Principles,covered+tested,MET,tests/api/test_api_envelope_contract.py:4;api/src/api/models.py:9;tests/api/test_store_pg.py:158,P14.1,tests/api/test_api_envelope_contract.py:4;tests/api/test_store_pg.py:158,ADR-047;ADR-059,RISK-P14-01,—,"Closed P19.4 (closed_by=P19.4): resolution envelope served over PgReadStore, contradiction kept visible (api/store_pg.py)",,,,
SIG-API-003,MUST,37.1 Principles,covered+tested,MET,tests/api/test_api_coverage_license.py:4;api/src/api/models.py:12,P14.1,tests/api/test_api_coverage_license.py:4,ADR-047,—,—,,,,,
SIG-API-004,MUST,37.1 Principles,covered+untested,MET,exports/src/exports/compartments.py:206,P14.1;P14.2,—,ADR-047,RISK-P14-06,—,implemented; no id-linked automated test (RISK-P19-04),,,,
SIG-API-005,MUST,37.2 As-of semantics,covered+tested,MET,tests/api/test_api_as_of.py:4;api/src/api/models.py:11,P14.1,tests/api/test_api_as_of.py:4,ADR-047,RISK-P14-02,—,,,,,
SIG-API-006,MUST,37.2 As-of semantics,covered+tested,MET,tests/api/test_api_as_of.py:8;api/src/api/store.py:12,P14.1,tests/api/test_api_as_of.py:8,ADR-047,RISK-P14-03,—,,,,,
SIG-API-007,MUST,37.3 Shape,covered+tested,MET,tests/api/test_api_shape.py:46;api/src/api/routes.py:4,P14.1,tests/api/test_api_shape.py:46,ADR-047,—,—,,,,,
SIG-API-008,MUST,37.3 Shape,covered+tested,MET,tests/api/test_api_dereference.py:4;api/src/api/dereference.py:4,P14.1,tests/api/test_api_dereference.py:4,ADR-047,—,—,,,,,
SIG-API-009,MUST,37.3 Shape,covered+tested,MET,tests/api/test_api_changes.py:4;reconcile/src/reconcile/snapshot_diff.py:9,P14.1,tests/api/test_api_changes.py:4,ADR-047,—,—,,,,,
SIG-API-010,SHOULD,37.3 Shape,covered+untested,MET,ADR-047,P14.1,—,ADR-047,RISK-P14-10,—,"design recorded in ADR (ADR-047); implemented, not id-stamped in code",,,,
SIG-API-011,MUST,37.4 Access tiers and anti-misuse,covered+tested,MET,tests/api/conftest.py:52;api/src/api/tiers.py:4,P14.1,tests/api/conftest.py:52,ADR-047,RISK-P14-05;RISK-P14-09,—,,,,,
SIG-API-012,MUST,37.4 Access tiers and anti-misuse,covered+tested,MET,tests/api/test_api_prohibitions.py:4;api/src/api/terms.py:9,P14.1,tests/api/test_api_prohibitions.py:4,ADR-047,RISK-P14-04,—,,,,,
SIG-API-013,MUST,37.4 Access tiers and anti-misuse,covered+tested,MET,tests/api/test_api_terms.py:4;api/src/api/terms.py:4,P14.1,tests/api/test_api_terms.py:4,ADR-047,—,—,,,,,
SIG-CHART-001,MUST,1.3 What SIG is not building,process/governance,MET-DIFFERENTLY,docs/2_canonical_design_spec.md:230,—,—,—,—,P34.48,"charter/process/epistemic/publication-safety principle satisfied by design + policy package (P00.2/P00.3) + honest-rendering rules; not cited by id · R11 T4 (SEED-14b, 2026-10-01): routing accepted → P34.48 — one of the 61 unsampled prefix-default MET-DIFFERENTLY rows (no ADR or risk row names it); P34.48 re-verdicts it row by row (plan §6.6; FEA-01). Verdict unchanged here.",,,,
SIG-CHART-002,MUST,1.3 What SIG is not building,process/governance,MET-DIFFERENTLY,docs/2_canonical_design_spec.md:237,—,—,—,—,P34.48,"charter/process/epistemic/publication-safety principle satisfied by design + policy package (P00.2/P00.3) + honest-rendering rules; not cited by id · R11 T4 (SEED-14b, 2026-10-01): routing accepted → P34.48 — one of the 61 unsampled prefix-default MET-DIFFERENTLY rows (no ADR or risk row names it); P34.48 re-verdicts it row by row (plan §6.6; FEA-01). Verdict unchanged here.",,,,
SIG-CHART-003,MUST,1.4 The core intellectual shift,process/governance,MET-DIFFERENTLY,docs/2_canonical_design_spec.md:245,—,—,—,—,P34.48,"charter/process/epistemic/publication-safety principle satisfied by design + policy package (P00.2/P00.3) + honest-rendering rules; not cited by id · R11 T4 (SEED-14b, 2026-10-01): routing accepted → P34.48 — one of the 61 unsampled prefix-default MET-DIFFERENTLY rows (no ADR or risk row names it); P34.48 re-verdicts it row by row (plan §6.6; FEA-01). Verdict unchanged here.",,,,
SIG-CHART-004,MUST,1.4 The core intellectual shift,process/governance,MET-DIFFERENTLY,docs/2_canonical_design_spec.md:262,—,—,—,—,P34.48,"charter/process/epistemic/publication-safety principle satisfied by design + policy package (P00.2/P00.3) + honest-rendering rules; not cited by id · R11 T4 (SEED-14b, 2026-10-01): routing accepted → P34.48 — one of the 61 unsampled prefix-default MET-DIFFERENTLY rows (no ADR or risk row names it); P34.48 re-verdicts it row by row (plan §6.6; FEA-01). Verdict unchanged here.",,,,
SIG-CHART-005,MUST,1.4 The core intellectual shift,process/governance,MET-DIFFERENTLY,docs/2_canonical_design_spec.md:271,—,—,—,—,P34.48,"charter/process/epistemic/publication-safety principle satisfied by design + policy package (P00.2/P00.3) + honest-rendering rules; not cited by id · R11 T4 (SEED-14b, 2026-10-01): routing accepted → P34.48 — one of the 61 unsampled prefix-default MET-DIFFERENTLY rows (no ADR or risk row names it); P34.48 re-verdicts it row by row (plan §6.6; FEA-01). Verdict unchanged here.",,,,
SIG-CHART-006,MUST,2.1 The thirteen questions,process/governance,MET-DIFFERENTLY,docs/2_canonical_design_spec.md:284,—,—,—,—,P34.48,"charter/process/epistemic/publication-safety principle satisfied by design + policy package (P00.2/P00.3) + honest-rendering rules; not cited by id · R11 T4 (SEED-14b, 2026-10-01): routing accepted → P34.48 — one of the 61 unsampled prefix-default MET-DIFFERENTLY rows (no ADR or risk row names it); P34.48 re-verdicts it row by row (plan §6.6; FEA-01). Verdict unchanged here.",,,,
SIG-CHART-007,MUST,2.1 The thirteen questions,process/governance,MET-DIFFERENTLY,docs/2_canonical_design_spec.md:304,—,—,—,—,P34.48,"charter/process/epistemic/publication-safety principle satisfied by design + policy package (P00.2/P00.3) + honest-rendering rules; not cited by id · R11 T4 (SEED-14b, 2026-10-01): routing accepted → P34.48 — one of the 61 unsampled prefix-default MET-DIFFERENTLY rows (no ADR or risk row names it); P34.48 re-verdicts it row by row (plan §6.6; FEA-01). Verdict unchanged here.",,,,
SIG-CHART-008,MUST,2.2 The four canonical user journeys,covered+untested,MET,web/src/lib/recommender.ts:10,—,—,—,—,—,implemented; no id-linked automated test (RISK-P19-04),,,,
SIG-CHART-009,MUST,2.3 Acceptance queries,covered+tested,MET,tests/acceptance/queries/test_j1_journalists_traversal.py:4,P06.1,tests/acceptance/queries/test_j1_journalists_traversal.py:4,—,RISK-P6-07,—,,,,,
SIG-CHART-010,MUST,2.3 Acceptance queries,covered+tested,MET,tests/acceptance/queries/test_j1_journalists_traversal.py:54,—,tests/acceptance/queries/test_j1_journalists_traversal.py:54,—,—,—,,,,,
SIG-CHART-011,MUST,3.1 The defining standard,process/governance,MET-DIFFERENTLY,docs/2_canonical_design_spec.md:392,—,—,—,—,P34.48,"charter/process/epistemic/publication-safety principle satisfied by design + policy package (P00.2/P00.3) + honest-rendering rules; not cited by id · R11 T4 (SEED-14b, 2026-10-01): routing accepted → P34.48 — one of the 61 unsampled prefix-default MET-DIFFERENTLY rows (no ADR or risk row names it); P34.48 re-verdicts it row by row (plan §6.6; FEA-01). Verdict unchanged here.",,,,
SIG-CHART-012,MUST,3.2 The twelve data-quality principles,process/governance,MET-DIFFERENTLY,docs/2_canonical_design_spec.md:397,—,—,—,—,P34.48,"charter/process/epistemic/publication-safety principle satisfied by design + policy package (P00.2/P00.3) + honest-rendering rules; not cited by id · R11 T4 (SEED-14b, 2026-10-01): routing accepted → P34.48 — one of the 61 unsampled prefix-default MET-DIFFERENTLY rows (no ADR or risk row names it); P34.48 re-verdicts it row by row (plan §6.6; FEA-01). Verdict unchanged here.",,,,
SIG-CHART-013,MUST,3.3 Enforcement bindings for the defining standard,covered+untested,MET,ontology/generated/pydantic/sig_models.py:1655,—,—,—,—,—,implemented; no id-linked automated test (RISK-P19-04),,,,
SIG-CHART-014,MUST,3.4 The federation principle,process/governance,MET-DIFFERENTLY,docs/2_canonical_design_spec.md:435,—,—,—,—,P34.48,"charter/process/epistemic/publication-safety principle satisfied by design + policy package (P00.2/P00.3) + honest-rendering rules; not cited by id · R11 T4 (SEED-14b, 2026-10-01): routing accepted → P34.48 — one of the 61 unsampled prefix-default MET-DIFFERENTLY rows (no ADR or risk row names it); P34.48 re-verdicts it row by row (plan §6.6; FEA-01). Verdict unchanged here.",,,,
SIG-CHART-015,MUST,3.4 The federation principle,process/governance,MET-DIFFERENTLY,docs/2_canonical_design_spec.md:446,—,—,—,—,P34.48,"charter/process/epistemic/publication-safety principle satisfied by design + policy package (P00.2/P00.3) + honest-rendering rules; not cited by id · R11 T4 (SEED-14b, 2026-10-01): routing accepted → P34.48 — one of the 61 unsampled prefix-default MET-DIFFERENTLY rows (no ADR or risk row names it); P34.48 re-verdicts it row by row (plan §6.6; FEA-01). Verdict unchanged here.",,,,
SIG-CHART-016,MUST,3.4 The federation principle,process/governance,MET-DIFFERENTLY,docs/2_canonical_design_spec.md:457,—,—,—,—,P34.48,"charter/process/epistemic/publication-safety principle satisfied by design + policy package (P00.2/P00.3) + honest-rendering rules; not cited by id · R11 T4 (SEED-14b, 2026-10-01): routing accepted → P34.48 — one of the 61 unsampled prefix-default MET-DIFFERENTLY rows (no ADR or risk row names it); P34.48 re-verdicts it row by row (plan §6.6; FEA-01). Verdict unchanged here.",,,,
SIG-CHART-017,MUST,3.5 The six defining characteristics,process/governance,PARTIAL,docs/2_canonical_design_spec.md:463,P35.61,—,—,—,P35.61,"charter/process/epistemic/publication-safety principle satisfied by design + policy package (P00.2/P00.3) + honest-rendering rules; not cited by id · R11 T4 (SEED-14b, 2026-10-01): PARTIAL (was MET-DIFFERENTLY / routing accepted). F2b: live-return pass P35.61 (R11-ACT-14) + immutable capture store owed. Was boilerplate MET-DIFFERENTLY.",hosted,implementation,,
SIG-CHART-018,MUST,3.6 Authority claim,process/governance,MET-DIFFERENTLY,docs/2_canonical_design_spec.md:478,—,—,—,—,P34.48,"charter/process/epistemic/publication-safety principle satisfied by design + policy package (P00.2/P00.3) + honest-rendering rules; not cited by id · R11 T4 (SEED-14b, 2026-10-01): routing accepted → P34.48 — one of the 61 unsampled prefix-default MET-DIFFERENTLY rows (no ADR or risk row names it); P34.48 re-verdicts it row by row (plan §6.6; FEA-01). Verdict unchanged here.",,,,
SIG-CHART-019,MUST,3.6 Authority claim,process/governance,PARTIAL,docs/2_canonical_design_spec.md:487,P35.20a;P35.20b,—,—,—,P35.20a,"charter/process/epistemic/publication-safety principle satisfied by design + policy package (P00.2/P00.3) + honest-rendering rules; not cited by id · R11 T4 (SEED-14b, 2026-10-01): PARTIAL (was MET-DIFFERENTLY / routing accepted). F2b: denominator on every aggregate — P35.20a/b (R11-DATA-04). Was boilerplate MET-DIFFERENTLY.",public,implementation,,
SIG-CHART-020,MUST,3.7 No single source of truth,process/governance,MET-DIFFERENTLY,docs/2_canonical_design_spec.md:493,—,—,—,—,P34.48,"charter/process/epistemic/publication-safety principle satisfied by design + policy package (P00.2/P00.3) + honest-rendering rules; not cited by id · R11 T4 (SEED-14b, 2026-10-01): routing accepted → P34.48 — one of the 61 unsampled prefix-default MET-DIFFERENTLY rows (no ADR or risk row names it); P34.48 re-verdicts it row by row (plan §6.6; FEA-01). Verdict unchanged here.",,,,
SIG-CHART-021,MUST,4.1 Goals,process/governance,MET-DIFFERENTLY,docs/2_canonical_design_spec.md:519,—,—,—,—,P34.48,"charter/process/epistemic/publication-safety principle satisfied by design + policy package (P00.2/P00.3) + honest-rendering rules; not cited by id · R11 T4 (SEED-14b, 2026-10-01): routing accepted → P34.48 — one of the 61 unsampled prefix-default MET-DIFFERENTLY rows (no ADR or risk row names it); P34.48 re-verdicts it row by row (plan §6.6; FEA-01). Verdict unchanged here.",,,,
SIG-CHART-022,MUST,4.2 Non-goals,process/governance,MET-DIFFERENTLY,docs/2_canonical_design_spec.md:541,—,—,—,—,P34.48,"charter/process/epistemic/publication-safety principle satisfied by design + policy package (P00.2/P00.3) + honest-rendering rules; not cited by id · R11 T4 (SEED-14b, 2026-10-01): routing accepted → P34.48 — one of the 61 unsampled prefix-default MET-DIFFERENTLY rows (no ADR or risk row names it); P34.48 re-verdicts it row by row (plan §6.6; FEA-01). Verdict unchanged here.",,,,
SIG-CHART-023,MUST,4.2 Non-goals,process/governance,MET-DIFFERENTLY,docs/2_canonical_design_spec.md:558,—,—,—,—,P34.48,"charter/process/epistemic/publication-safety principle satisfied by design + policy package (P00.2/P00.3) + honest-rendering rules; not cited by id · R11 T4 (SEED-14b, 2026-10-01): routing accepted → P34.48 — one of the 61 unsampled prefix-default MET-DIFFERENTLY rows (no ADR or risk row names it); P34.48 re-verdicts it row by row (plan §6.6; FEA-01). Verdict unchanged here.",,,,
SIG-CHART-024,MUST,4.2 Non-goals,process/governance,MET-DIFFERENTLY,docs/2_canonical_design_spec.md:564,—,—,—,—,P34.48,"charter/process/epistemic/publication-safety principle satisfied by design + policy package (P00.2/P00.3) + honest-rendering rules; not cited by id · R11 T4 (SEED-14b, 2026-10-01): routing accepted → P34.48 — one of the 61 unsampled prefix-default MET-DIFFERENTLY rows (no ADR or risk row names it); P34.48 re-verdicts it row by row (plan §6.6; FEA-01). Verdict unchanged here.",,,,
SIG-CHART-025,MUST,5.1 The initial wedge,process/governance,MET-DIFFERENTLY,docs/2_canonical_design_spec.md:574,—,—,—,—,P34.48,"charter/process/epistemic/publication-safety principle satisfied by design + policy package (P00.2/P00.3) + honest-rendering rules; not cited by id · R11 T4 (SEED-14b, 2026-10-01): MET-DIFFERENTLY (was MET-DIFFERENTLY / routing accepted). Amended at R11-A1 (A-17 / Q-E2-22 = a; ADR-172): US-nationwide breadth with per-class and per-geography quality labels. F2b proposed MET-DIFFERENTLY(RISK) with a SIG-ENG-005 risk row; no such row exists yet, so the verdict is not raised or parametrised here — the re-verdict against the amended text is P34.48's (investigation, FEA-01).",,,,
SIG-CHART-026,MUST,5.1 The initial wedge,process/governance,MET-DIFFERENTLY,docs/2_canonical_design_spec.md:584,—,—,—,—,P34.48,"charter/process/epistemic/publication-safety principle satisfied by design + policy package (P00.2/P00.3) + honest-rendering rules; not cited by id · R11 T4 (SEED-14b, 2026-10-01): routing accepted → P34.48 — one of the 61 unsampled prefix-default MET-DIFFERENTLY rows (no ADR or risk row names it); P34.48 re-verdicts it row by row (plan §6.6; FEA-01). Verdict unchanged here.",,,,
SIG-CHART-027,MUST,5.2 The generalization requirement,covered+tested,MET,tests/ontology/generalization/test_stage5_acoustic_drone_location.py:9,P01.1;P17.1;P17.2;P17.3,tests/ontology/generalization/test_stage5_acoustic_drone_location.py:9,—,RISK-P17-01;RISK-P17-02;RISK-P17-05;RISK-P17-08;RISK-P17-10;RISK-P17-13,—,,,,,
SIG-CHART-028,MUST,5.2 The generalization requirement,covered+tested,MET,tests/ontology/generalization/test_generalization.py:4,P01.1;P17.1;P17.2;P17.3,tests/ontology/generalization/test_generalization.py:4,—,—,—,,,,,
SIG-CHART-029,MUST,5.3 International scope,covered+tested,MET,tests/unit/test_france_belgium_adapter.py:33;policy/src/policy/jurisdiction.py:6,P18.1;P18.2,tests/unit/test_france_belgium_adapter.py:33,ADR-056;ADR-057,—,—,,,,,
SIG-CHART-030,MUST,5.3 International scope,covered+tested,MET,tests/unit/test_jurisdiction_adapter.py:45;policy/src/policy/jurisdiction.py:7,P18.1,tests/unit/test_jurisdiction_adapter.py:45,ADR-056,RISK-P18-01,—,,,,,
SIG-CHART-031,RATIONALE,5.4 Explicitly out of scope,rationale-only,N/A-RATIONALE,docs/2_canonical_design_spec.md:631,—,—,—,—,—,charter rationale statement,,,,
SIG-CHART-032,MUST,6. The federation compact,covered+tested,MET,tests/unit/test_ingestion_gate.py:4;connectors/src/connectors/loader.py:6,—,tests/unit/test_ingestion_gate.py:4,—,—,—,,,,,
SIG-CHART-033,MUST,6. The federation compact,process/governance,MISSING,docs/2_canonical_design_spec.md:678,—,—,ADR-171,—,BL-082,"charter/process/epistemic/publication-safety principle satisfied by design + policy package (P00.2/P00.3) + honest-rendering rules; not cited by id · R11 T4 (SEED-14b, 2026-10-01): MISSING (was MET-DIFFERENTLY / routing accepted). Owed later-phase, not WAIVED (Appendix B #2; ADR-171; Q-E2-12 = a): trigger 'the operator authorises outside contact' (LATER-04, BACKLOG BL-082). Was boilerplate MET-DIFFERENTLY; Stage-0 outreach was never attempted (D-P21.1-2 WONTFIX).",implementation+human,,,
SIG-CHART-034,MUST,7. Success criteria,process/governance,PARTIAL,docs/2_canonical_design_spec.md:687,P34.34a;P34.34b,—,—,—,P34.34a,"charter/process/epistemic/publication-safety principle satisfied by design + policy package (P00.2/P00.3) + honest-rendering rules; not cited by id · R11 T4 (SEED-14b, 2026-10-01): PARTIAL (was MET-DIFFERENTLY / routing accepted). F2b: public metrics page lacks five measures — P34.34a/b (R11-ACT-16). Was boilerplate MET-DIFFERENTLY.",public,implementation,,
SIG-CHART-035,RATIONALE,7. Success criteria,rationale-only,N/A-RATIONALE,docs/2_canonical_design_spec.md:700,—,—,—,—,—,charter rationale statement,,,,
SIG-CONTRIB-001,MUST,34.1 Tiers,covered+tested,MET,tests/tasks/test_tasks_contributor.py:4;tasks/src/tasks/__init__.py:39,P16.1,tests/tasks/test_tasks_contributor.py:4,ADR-054,—,—,,,,,
SIG-CONTRIB-002,MUST,34.1 Tiers,covered+tested,MET,tests/tasks/test_tasks_contributor.py:7;tasks/src/tasks/submission.py:5,—,tests/tasks/test_tasks_contributor.py:7,ADR-054,—,—,,,,,
SIG-CONTRIB-003,MUST,34.2 Onboarding,covered+tested,MET,tests/tasks/test_tasks_onboarding.py:4;tasks/src/tasks/onboarding.py:4,P16.1;P21.7,tests/tasks/test_tasks_onboarding.py:4;tests/tasks/test_tasks_onboarding_timing.py:1,ADR-054;ADR-069,RISK-P16-06,P21.7,"P21.7 adds opt-in AGGREGATE-ONLY field timing (OnboardingTimingAggregate: count+median, no per-user rows) + GET /v1/curation/onboarding-timing; median<=10 gate re-runnable; moderated study gate-pending HG-10",,,,
SIG-CONTRIB-004,MUST,34.2 Onboarding,covered+tested,MET,tests/tasks/test_tasks_submission.py:45;tasks/src/tasks/submission.py:14,P16.1;P16.2,tests/tasks/test_tasks_submission.py:45,ADR-054,—,—,,,,,
SIG-CONTRIB-005,MUST,34.3 Safety,covered+tested,MET,tests/unit/test_governance_docs.py:61;tasks/src/tasks/submission.py:18,P00.3;P16.1,tests/unit/test_governance_docs.py:61,ADR-054,RISK-P16-05,—,,,,,
SIG-CONTRIB-006,MUST,34.3 Safety,covered+tested,MET,tests/unit/test_governance_docs.py:61;tasks/src/tasks/submission.py:145,P00.3,tests/unit/test_governance_docs.py:61,ADR-054,—,—,,,,,
SIG-CONTRIB-007,MUST,34.3 Safety,covered+tested,MET,tests/unit/test_governance_docs.py:61,P00.3,tests/unit/test_governance_docs.py:61,—,RISK-P0-11;RISK-P16-08,—,,,,,
SIG-CONTRIB-008,MUST,34.3 Safety,covered+tested,MET,tests/unit/test_governance_docs.py:61,P00.3,tests/unit/test_governance_docs.py:61,—,—,—,,,,,
SIG-CONTRIB-009,MUST,34.4 Vandalism and poisoning resistance,covered+tested,MET,tests/tasks/test_tasks_revert.py:4;tasks/src/tasks/__init__.py:48,P16.1,tests/tasks/test_tasks_revert.py:4,ADR-054,—,—,,,,,
SIG-CONTRIB-010,MUST,34.4 Vandalism and poisoning resistance,covered+tested,MET,tests/tasks/test_tasks_poisoning.py:4;tasks/src/tasks/poisoning.py:4,P16.1,tests/tasks/test_tasks_poisoning.py:4,ADR-054,RISK-P16-01,—,,,,,
SIG-CONTRIB-011,MUST,34.4 Vandalism and poisoning resistance,covered+tested,MET,tests/tasks/test_tasks_poisoning.py:96;tasks/src/tasks/poisoning.py:14,—,tests/tasks/test_tasks_poisoning.py:96,ADR-054,—,—,,,,,
SIG-CONTRIB-011a,MUST,34.4 Vandalism and poisoning resistance,covered+tested,MET,tests/tasks/test_tasks_poisoning.py:110;tasks/src/tasks/poisoning.py:18,P16.1,tests/tasks/test_tasks_poisoning.py:110,ADR-054,RISK-P16-02,—,,,,,
SIG-CONTRIB-011b,MUST,34.4 Vandalism and poisoning resistance,covered+tested,MET,tests/tasks/test_tasks_poisoning.py:139;tasks/src/tasks/poisoning.py:22,P16.1,tests/tasks/test_tasks_poisoning.py:139,ADR-054,RISK-P16-03,—,,,,,
SIG-CONTRIB-011c,MUST,34.4 Vandalism and poisoning resistance,covered+tested,MET,tests/tasks/test_tasks_poisoning.py:155;tasks/src/tasks/poisoning.py:25,P16.1,tests/tasks/test_tasks_poisoning.py:155,ADR-054,RISK-P16-04,—,,,,,
SIG-CONTRIB-012,MUST,35.1 Stage 0 outreach,process/governance,MISSING,docs/2_canonical_design_spec.md:5297,—,—,ADR-171,—,BL-082,"Stage-0 (before any ecosystem connector) outreach not performed (HG-04); routing P21.1 (note: enum extended) · R11 T4 (SEED-14b, 2026-10-01): MISSING (was MISSING / routing P21.1). Owed later-phase, not WAIVED (Appendix B #2; ADR-171; Q-E2-12 = a): trigger 'the operator authorises outside contact' (LATER-04, BACKLOG BL-082).",implementation+human,,,
SIG-CONTRIB-012a,SHOULD,35.1 Stage 0 outreach,process/governance,MISSING,docs/2_canonical_design_spec.md:5303,—,—,ADR-171,—,BL-082,"Stage-0 outreach SHOULD not performed (HG-04); routing P21.1 (enum extended) · R11 T4 (SEED-14b, 2026-10-01): MISSING (was MISSING / routing P21.1). Owed later-phase, not WAIVED (Appendix B #2; ADR-171; Q-E2-12 = a): trigger 'the operator authorises outside contact' (LATER-04, BACKLOG BL-082).",implementation+human,,,
SIG-CONTRIB-013,MUST,35.1 Stage 0 outreach,deferred(RISK),PARTIAL,docs/2_canonical_design_spec.md:5315,—,—,ADR-171,RISK-P0-17;RISK-P11-01,BL-082,"referenced only in risk register (compensating control); verify · R11 T4 (SEED-14b, 2026-10-01): PARTIAL (was PARTIAL / routing P20.1:backlog). Owed later-phase, not WAIVED (Appendix B #2; ADR-171; Q-E2-12 = a): trigger 'the operator authorises outside contact' (LATER-04, BACKLOG BL-082).",implementation+human,implementation,,
SIG-CONTRIB-014,MUST,35.2 To OpenStreetMap (Q33),covered+tested,MET,tests/tasks/test_tasks_contribution.py:5;tasks/src/tasks/maproulette.py:1,P16.2;P21.7,tests/tasks/test_tasks_contribution.py:5;tests/tasks/test_tasks_maproulette.py:1,ADR-055;ADR-069,RISK-P16-09;RISK-P16-03;RISK-P18-14;RISK-P21-12,P21.7,"live MapRoulette client (P21.7, ADR-069) creates a challenge of proposals + reads the public changeset feed only — NO automated OSM write; sensitive tiers excluded (RISK-P21-12)",,,,
SIG-CONTRIB-015,MUST,35.2 To OpenStreetMap (Q33),covered+tested,MET,tests/tasks/test_tasks_contribution.py:77;tasks/src/tasks/poisoning.py:313,P16.2,tests/tasks/test_tasks_contribution.py:77,ADR-055,—,—,,,,,
SIG-CONTRIB-015a,SHOULD,35.2 To OpenStreetMap (Q33),covered+tested,MET,tests/tasks/test_tasks_contribution.py:309;tasks/src/tasks/contribution.py:93,—,tests/tasks/test_tasks_contribution.py:309,ADR-055,—,—,,,,,
SIG-CONTRIB-015b,MUST,35.2 To OpenStreetMap (Q33),covered+tested,MET,tests/tasks/test_tasks_contribution.py:257;tasks/src/tasks/contribution.py:530,—,tests/tasks/test_tasks_contribution.py:257,ADR-055,—,—,,,,,
SIG-CONTRIB-016,MUST,35.2 To OpenStreetMap (Q33),covered+tested,MET,tests/connectors/test_osm_import_study.py:6;connectors/src/connectors/france_belgium.py:45,P16.2;P18.2,tests/connectors/test_osm_import_study.py:6,ADR-057,RISK-P16-13,—,,,,,
SIG-CONTRIB-016a,MUST,35.2 To OpenStreetMap (Q33),covered+untested,MET,ADR-055-no-d,—,—,ADR-055,—,—,"design recorded in ADR (ADR-055); implemented, not id-stamped in code",,,,
SIG-CONTRIB-016b,MUST,35.2 To OpenStreetMap (Q33),covered+untested,MET,tasks/src/tasks/contribution.py:21,—,—,ADR-055,—,—,implemented; no id-linked automated test (RISK-P19-04),,,,
SIG-CONTRIB-016c,MUST,35.2 To OpenStreetMap (Q33),covered+untested,MET,connectors/src/connectors/osm_import_study.py:28,—,—,ADR-055;ADR-057,RISK-P18-14,—,implemented; no id-linked automated test (RISK-P19-04),,,,
SIG-CONTRIB-016d,MUST,35.2 To OpenStreetMap (Q33),covered+tested,MET,tests/tasks/test_tasks_contribution.py:246;tasks/src/tasks/contribution.py:36,P16.2;P21.7,tests/tasks/test_tasks_contribution.py:246;tests/tasks/test_tasks_cli.py:1,ADR-055;ADR-069,RISK-P16-14;RISK-P21-13,P21.7,"P21.7 adds the registration gate (ops/config.toml [tasks.contribution] registered, fails closed) — sig-tasks maproulette push REFUSES exit 3 while unregistered",,,,
SIG-CONTRIB-016e,MUST,35.2 To OpenStreetMap (Q33),covered+tested,MET,tests/tasks/test_tasks_contribution.py:90;tasks/src/tasks/osm_feed.py:1,P16.2;P21.7,tests/tasks/test_tasks_contribution.py:90;tests/tasks/test_tasks_osm_feed.py:1,ADR-055;ADR-069,RISK-P16-11;RISK-P21-13,P21.7,"P21.7 wires the OSM changeset feed → LeverageLedger (append-only, id+comment only, no OSM usernames — Part VIII §0.7); §7 metric page via data.ts export mode",,,,
SIG-CONTRIB-016f,MUST,35.2 To OpenStreetMap (Q33),covered+tested,MET,tests/unit/test_policy_licensing.py:164;tasks/src/tasks/contribution.py:28,P16.2,tests/unit/test_policy_licensing.py:164,ADR-055,RISK-P16-10,—,,,,,
SIG-CONTRIB-016g,MUST,35.2 To OpenStreetMap (Q33),covered+tested,MET,tests/tasks/test_tasks_contribution.py:260;tasks/src/tasks/contribution.py:529,—,tests/tasks/test_tasks_contribution.py:260,ADR-055,—,—,,,,,
SIG-CONTRIB-017,MUST,35.2 To OpenStreetMap (Q33),covered+untested,MET,tasks/src/tasks/contribution.py:166,—,—,ADR-055,—,—,implemented; no id-linked automated test (RISK-P19-04),,,,
SIG-CONTRIB-017a,MUST,35.2 To OpenStreetMap (Q33),covered+untested,MET,tasks/src/tasks/contribution.py:22,—,—,ADR-055,—,—,implemented; no id-linked automated test (RISK-P19-04),,,,
SIG-CONTRIB-018,MUST,"35.3 To other projects (Q34, Q35)",covered+tested,MET,tests/tasks/test_tasks_contribution.py:222;tasks/src/tasks/contribution.py:33,P16.2,tests/tasks/test_tasks_contribution.py:222,ADR-055,—,—,,,,,
SIG-CONTRIB-019,MUST,"35.3 To other projects (Q34, Q35)",covered+untested,PARTIAL,docs/2_canonical_design_spec.md:5433,P16.2;P37.14,—,—,—,P37.14,"claimed (PR/traceability) but no code or test evidence · R11 T4 (SEED-14b, 2026-10-01): PARTIAL (was PARTIAL / routing P20.1:backlog). F2a: statute-seeded records leads — P37.14 (R11-SRC-05).",implementation,implementation,,
SIG-CONTRIB-020,MUST,"35.3 To other projects (Q34, Q35)",covered+tested,MET,tests/exports/test_compartments.py:101;api/src/api/models.py:127,P16.2,tests/exports/test_compartments.py:101,ADR-055,RISK-P16-12,—,,,,,
SIG-ENG-001,MUST,0.4 The execution model,covered+untested,MET,connectors/src/connectors/flock_portal.py:94,P10.3,—,ADR-058,—,—,implemented; no id-linked automated test (RISK-P19-04),,,,
SIG-ENG-002,MUST,0.4 The execution model,process/governance,PARTIAL,docs/2_canonical_design_spec.md:143,SEED-15,—,—,—,SEED-15,"charter/process/epistemic/publication-safety principle satisfied by design + policy package (P00.2/P00.3) + honest-rendering rules; not cited by id · R11 T4 (SEED-14b, 2026-10-01): PARTIAL (was MET-DIFFERENTLY / routing accepted). F2b: 'partial completion is reported as partial' was breached by the matrix itself; the fix is the ADR-150 vocabulary (this re-verdict) plus SEED-15's checker.",implementation,implementation,,
SIG-ENG-003,MUST,0.4 The execution model,covered+untested,MET,tasks/src/tasks/groups.py:43,P18.1,—,ADR-058,RISK-P7-05;RISK-P18-03;RISK-P18-10,—,implemented; no id-linked automated test (RISK-P19-04),,,,
SIG-ENG-004,MUST,0.6 Definition of Done,covered+untested,N/A-RATIONALE,docs/2_canonical_design_spec.md:181,P17.1;P17.2;P17.3,—,—,—,—,"claimed (PR/traceability) but no code or test evidence · R11 T4 (SEED-14b, 2026-10-01): N/A-RATIONALE (was PARTIAL / routing P20.1:backlog). F2a: a definitional Definition-of-Done meta-rule applied by the verdict process, not a build obligation (plan §6.6; SEED-12b withheld the amendment, verdict N/A-RATIONALE).",,,,
SIG-ENG-005,MUST,0.6 Definition of Done,process/governance,PARTIAL,ADR-041-the-,P00.2;P34.48,—,ADR-041,—,P34.48,"Done needs automated evidence - enforced by make check + ticket ACs; this matrix records where automated evidence is missing · R11 T4 (SEED-14b, 2026-10-01): PARTIAL (was MET-DIFFERENTLY / routing accepted). F2b: 61 unsampled rows still carry prefix-default MET-DIFFERENTLY (classify.py) — P34.48 re-verdicts them row by row; unverifiable ones get SIG-ENG-005 risk rows.",implementation,implementation,,
SIG-ENG-010,MUST,47. Stack and repository,covered+untested,MET,ADR-014,P00.1;P15.1;P15.3;P15.4;P15.5,—,ADR-014,—,—,"design recorded in ADR (ADR-014;ADR-050;ADR-053); implemented, not id-stamped in code",,,,
SIG-ENG-011,MUST,47. Stack and repository,covered+untested,MET,ADR-013,P00.1,—,ADR-013,—,—,"design recorded in ADR (ADR-013); implemented, not id-stamped in code",,,,
SIG-ENG-012,MUST,47. Stack and repository,covered+tested,MET,tests/support.py:14,P00.1,tests/support.py:14,ADR-023;ADR-058,RISK-P2-07,—,,,,,
SIG-ENG-013,MUST,47. Stack and repository,covered+tested,MET,tests/unit/test_import_boundary.py:4;connectors/src/connectors/cli.py:4,P00.1;P02.3;P03.1,tests/unit/test_import_boundary.py:4,ADR-030,—,—,,,,,
SIG-ENG-014,MUST,47. Stack and repository,covered+tested,MET,tests/unit/test_policy_package.py:4;policy/src/policy/__init__.py:4,P00.1,tests/unit/test_policy_package.py:4,—,—,—,,,,,
SIG-ENG-015,MUST,48. Testing,covered+untested,MET,ADR-019,P00.1,—,ADR-019;ADR-020,—,—,"design recorded in ADR (ADR-019;ADR-020); implemented, not id-stamped in code",,,,
SIG-ENG-016,MUST,48. Testing,covered+tested,MET,tests/ontology/test_generation_gate.py:4;ontology/src/ontology/generate.py:11,P00.1;P01.1,tests/ontology/test_generation_gate.py:4,ADR-019;ADR-020,—,—,,,,,
SIG-ENG-017,MUST,48. Testing,covered+untested,MET,db/src/db/invariants.py:12,—,—,ADR-025,—,—,implemented; no id-linked automated test (RISK-P19-04),,,,
SIG-ENG-018,MUST,48. Testing,process/governance,MET-DIFFERENTLY,docs/2_canonical_design_spec.md:6534,—,—,—,—,P34.48,"charter/process/epistemic/publication-safety principle satisfied by design + policy package (P00.2/P00.3) + honest-rendering rules; not cited by id · R11 T4 (SEED-14b, 2026-10-01): routing accepted → P34.48 — one of the 61 unsampled prefix-default MET-DIFFERENTLY rows (no ADR or risk row names it); P34.48 re-verdicts it row by row (plan §6.6; FEA-01). Verdict unchanged here.",,,,
SIG-ENG-019,MUST,49. Observability,process/governance,MET-DIFFERENTLY,docs/2_canonical_design_spec.md:6542,—,—,—,—,P34.48,"charter/process/epistemic/publication-safety principle satisfied by design + policy package (P00.2/P00.3) + honest-rendering rules; not cited by id · R11 T4 (SEED-14b, 2026-10-01): routing accepted → P34.48 — one of the 61 unsampled prefix-default MET-DIFFERENTLY rows (no ADR or risk row names it); P34.48 re-verdicts it row by row (plan §6.6; FEA-01). Verdict unchanged here.",,,,
SIG-ENG-020,MUST,49. Observability,process/governance,MET-DIFFERENTLY,docs/2_canonical_design_spec.md:6545,—,—,—,—,P34.48,"charter/process/epistemic/publication-safety principle satisfied by design + policy package (P00.2/P00.3) + honest-rendering rules; not cited by id · R11 T4 (SEED-14b, 2026-10-01): routing accepted → P34.48 — one of the 61 unsampled prefix-default MET-DIFFERENTLY rows (no ADR or risk row names it); P34.48 re-verdicts it row by row (plan §6.6; FEA-01). Verdict unchanged here.",,,,
SIG-ENG-021,MUST,49. Observability,process/governance,MET-DIFFERENTLY,docs/2_canonical_design_spec.md:6548,—,—,—,—,P34.48,"charter/process/epistemic/publication-safety principle satisfied by design + policy package (P00.2/P00.3) + honest-rendering rules; not cited by id · R11 T4 (SEED-14b, 2026-10-01): routing accepted → P34.48 — one of the 61 unsampled prefix-default MET-DIFFERENTLY rows (no ADR or risk row names it); P34.48 re-verdicts it row by row (plan §6.6; FEA-01). Verdict unchanged here.",,,,
SIG-ENG-022,MUST,49. Observability,process/governance,MET-DIFFERENTLY,docs/2_canonical_design_spec.md:6553,—,—,—,—,P34.48,"charter/process/epistemic/publication-safety principle satisfied by design + policy package (P00.2/P00.3) + honest-rendering rules; not cited by id · R11 T4 (SEED-14b, 2026-10-01): routing accepted → P34.48 — one of the 61 unsampled prefix-default MET-DIFFERENTLY rows (no ADR or risk row names it); P34.48 re-verdicts it row by row (plan §6.6; FEA-01). Verdict unchanged here.",,,,
SIG-ENG-023,MUST,50. Deployment and cost,process/governance,MET-DIFFERENTLY,docs/2_canonical_design_spec.md:6561,—,—,—,—,P34.48,"charter/process/epistemic/publication-safety principle satisfied by design + policy package (P00.2/P00.3) + honest-rendering rules; not cited by id · R11 T4 (SEED-14b, 2026-10-01): routing accepted → P34.48 — one of the 61 unsampled prefix-default MET-DIFFERENTLY rows (no ADR or risk row names it); P34.48 re-verdicts it row by row (plan §6.6; FEA-01). Verdict unchanged here.",,,,
SIG-ENG-024,MUST,50. Deployment and cost,process/governance,AT-RISK-INTEGRATION,docs/2_canonical_design_spec.md:6565,P35.5,—,—,—,P35.5,"charter/process/epistemic/publication-safety principle satisfied by design + policy package (P00.2/P00.3) + honest-rendering rules; not cited by id · R11 T4 (SEED-14b, 2026-10-01): AT-RISK-INTEGRATION (was MET-DIFFERENTLY / routing accepted). F2b: the deploy path does not enforce the egress class — P35.5 (R11-K13-TX-11). Was boilerplate MET-DIFFERENTLY.",hosted,implementation,,
SIG-ENG-025,MUST,50. Deployment and cost,process/governance,MET-DIFFERENTLY,docs/2_canonical_design_spec.md:6568,—,—,—,—,P34.48,"charter/process/epistemic/publication-safety principle satisfied by design + policy package (P00.2/P00.3) + honest-rendering rules; not cited by id · R11 T4 (SEED-14b, 2026-10-01): routing accepted → P34.48 — one of the 61 unsampled prefix-default MET-DIFFERENTLY rows (no ADR or risk row names it); P34.48 re-verdicts it row by row (plan §6.6; FEA-01). Verdict unchanged here.",,,,
SIG-ENG-026,MUST,50. Deployment and cost,process/governance,MET-DIFFERENTLY,docs/2_canonical_design_spec.md:6576,—,—,—,—,P34.48,"charter/process/epistemic/publication-safety principle satisfied by design + policy package (P00.2/P00.3) + honest-rendering rules; not cited by id · R11 T4 (SEED-14b, 2026-10-01): routing accepted → P34.48 — one of the 61 unsampled prefix-default MET-DIFFERENTLY rows (no ADR or risk row names it); P34.48 re-verdicts it row by row (plan §6.6; FEA-01). Verdict unchanged here.",,,,
SIG-ENG-027,MUST,50. Deployment and cost,process/governance,MET-DIFFERENTLY,docs/2_canonical_design_spec.md:6580,—,—,—,—,P34.48,"charter/process/epistemic/publication-safety principle satisfied by design + policy package (P00.2/P00.3) + honest-rendering rules; not cited by id · R11 T4 (SEED-14b, 2026-10-01): routing accepted → P34.48 — one of the 61 unsampled prefix-default MET-DIFFERENTLY rows (no ADR or risk row names it); P34.48 re-verdicts it row by row (plan §6.6; FEA-01). Verdict unchanged here.",,,,
SIG-ENG-030,MUST,51.1 Philosophy,process/governance,MET-DIFFERENTLY,docs/2_canonical_design_spec.md:6592,—,—,—,—,P34.48,"charter/process/epistemic/publication-safety principle satisfied by design + policy package (P00.2/P00.3) + honest-rendering rules; not cited by id · R11 T4 (SEED-14b, 2026-10-01): routing accepted → P34.48 — one of the 61 unsampled prefix-default MET-DIFFERENTLY rows (no ADR or risk row names it); P34.48 re-verdicts it row by row (plan §6.6; FEA-01). Verdict unchanged here.",,,,
SIG-ENG-031,MUST,51.3 Universal phase gate,covered+untested,MET,ADR-058,P06.1,—,ADR-058,—,—,"design recorded in ADR (ADR-058); implemented, not id-stamped in code",,,,
SIG-ENG-032,MUST,Phase 11 — Flock portal layer **(ungated 2026-08-20)**,process/governance,MET-DIFFERENTLY,docs/2_canonical_design_spec.md:6904,—,—,—,—,P34.48,"charter/process/epistemic/publication-safety principle satisfied by design + policy package (P00.2/P00.3) + honest-rendering rules; not cited by id · R11 T4 (SEED-14b, 2026-10-01): routing accepted → P34.48 — one of the 61 unsampled prefix-default MET-DIFFERENTLY rows (no ADR or risk row names it); P34.48 re-verdicts it row by row (plan §6.6; FEA-01). Verdict unchanged here.",,,,
SIG-ENG-033,MUST,53. Risk register,process/governance,MET-DIFFERENTLY,docs/2_canonical_design_spec.md:7093,—,—,—,—,P34.48,"charter/process/epistemic/publication-safety principle satisfied by design + policy package (P00.2/P00.3) + honest-rendering rules; not cited by id · R11 T4 (SEED-14b, 2026-10-01): routing accepted → P34.48 — one of the 61 unsampled prefix-default MET-DIFFERENTLY rows (no ADR or risk row names it); P34.48 re-verdicts it row by row (plan §6.6; FEA-01). Verdict unchanged here.",,,,
SIG-ENG-034,MUST,54. Sequencing and parallelization,covered+tested,MET,docs/slice/P06.1_retrospective.md;tests/acceptance/test_slice_artifacts.py,P06.1,tests/acceptance/test_slice_artifacts.py,—,—,—,"claimed (PR/traceability) but no code or test evidence · R11 T4 (SEED-14b, 2026-10-01): MET (was PARTIAL / routing P20.1:backlog). F2a: the P06.1 retrospective (b1b9965d) is an ancestor of the first P07.1 commit (cacbfeba); test_retrospective_is_committed_and_substantive.",implementation,implementation,,
SIG-ENG-035,MUST,54. Sequencing and parallelization,process/governance,MET-DIFFERENTLY,docs/2_canonical_design_spec.md:7107,—,—,—,—,P34.48,"charter/process/epistemic/publication-safety principle satisfied by design + policy package (P00.2/P00.3) + honest-rendering rules; not cited by id · R11 T4 (SEED-14b, 2026-10-01): routing accepted → P34.48 — one of the 61 unsampled prefix-default MET-DIFFERENTLY rows (no ADR or risk row names it); P34.48 re-verdicts it row by row (plan §6.6; FEA-01). Verdict unchanged here.",,,,
SIG-ENG-036,MUST,Phase 18 — International adapter #1 (Stage 6),covered+tested,MET,tests/connectors/test_coarse_international.py:4;connectors/src/connectors/coarse_international.py:9,P18.1,tests/connectors/test_coarse_international.py:4,ADR-056,—,—,,,,,
SIG-ENG-037,MUST,A.4 Maintenance,process/governance,MET-DIFFERENTLY,docs/2_canonical_design_spec.md:7807,—,—,—,—,P34.48,"charter/process/epistemic/publication-safety principle satisfied by design + policy package (P00.2/P00.3) + honest-rendering rules; not cited by id · R11 T4 (SEED-14b, 2026-10-01): routing accepted → P34.48 — one of the 61 unsampled prefix-default MET-DIFFERENTLY rows (no ADR or risk row names it); P34.48 re-verdicts it row by row (plan §6.6; FEA-01). Verdict unchanged here.",,,,
SIG-ENG-038,SHOULD,A.4 Maintenance,process/governance,MET-DIFFERENTLY,docs/2_canonical_design_spec.md:7812,—,—,—,—,P34.48,"charter/process/epistemic/publication-safety principle satisfied by design + policy package (P00.2/P00.3) + honest-rendering rules; not cited by id · R11 T4 (SEED-14b, 2026-10-01): routing accepted → P34.48 — one of the 61 unsampled prefix-default MET-DIFFERENTLY rows (no ADR or risk row names it); P34.48 re-verdicts it row by row (plan §6.6; FEA-01). Verdict unchanged here.",,,,
SIG-EPIS-001,MUST,10.1 The evidence → claim chain,process/governance,MET-DIFFERENTLY,docs/2_canonical_design_spec.md:1039,—,—,—,—,P34.48,"charter/process/epistemic/publication-safety principle satisfied by design + policy package (P00.2/P00.3) + honest-rendering rules; not cited by id · R11 T4 (SEED-14b, 2026-10-01): routing accepted → P34.48 — one of the 61 unsampled prefix-default MET-DIFFERENTLY rows (no ADR or risk row names it); P34.48 re-verdicts it row by row (plan §6.6; FEA-01). Verdict unchanged here.",,,,
SIG-EPIS-002,MUST,10.1 The evidence → claim chain,process/governance,MET-DIFFERENTLY,docs/2_canonical_design_spec.md:1052,—,—,—,—,P34.48,"charter/process/epistemic/publication-safety principle satisfied by design + policy package (P00.2/P00.3) + honest-rendering rules; not cited by id · R11 T4 (SEED-14b, 2026-10-01): routing accepted → P34.48 — one of the 61 unsampled prefix-default MET-DIFFERENTLY rows (no ADR or risk row names it); P34.48 re-verdicts it row by row (plan §6.6; FEA-01). Verdict unchanged here.",,,,
SIG-EPIS-003,MUST,"10.2 Source, EvidenceArtifact, and EvidenceCapture are three",process/governance,MET-DIFFERENTLY,docs/2_canonical_design_spec.md:1075,—,—,—,—,P34.48,"charter/process/epistemic/publication-safety principle satisfied by design + policy package (P00.2/P00.3) + honest-rendering rules; not cited by id · R11 T4 (SEED-14b, 2026-10-01): routing accepted → P34.48 — one of the 61 unsampled prefix-default MET-DIFFERENTLY rows (no ADR or risk row names it); P34.48 re-verdicts it row by row (plan §6.6; FEA-01). Verdict unchanged here.",,,,
SIG-EPIS-004,MUST,"10.2 Source, EvidenceArtifact, and EvidenceCapture are three",process/governance,MET-DIFFERENTLY,docs/2_canonical_design_spec.md:1079,—,—,—,—,P34.48,"charter/process/epistemic/publication-safety principle satisfied by design + policy package (P00.2/P00.3) + honest-rendering rules; not cited by id · R11 T4 (SEED-14b, 2026-10-01): routing accepted → P34.48 — one of the 61 unsampled prefix-default MET-DIFFERENTLY rows (no ADR or risk row names it); P34.48 re-verdicts it row by row (plan §6.6; FEA-01). Verdict unchanged here.",,,,
SIG-EPIS-005,MUST,10.3 Field specifications,process/governance,MET-DIFFERENTLY,docs/2_canonical_design_spec.md:1130,—,—,—,—,P34.48,"charter/process/epistemic/publication-safety principle satisfied by design + policy package (P00.2/P00.3) + honest-rendering rules; not cited by id · R11 T4 (SEED-14b, 2026-10-01): routing accepted → P34.48 — one of the 61 unsampled prefix-default MET-DIFFERENTLY rows (no ADR or risk row names it); P34.48 re-verdicts it row by row (plan §6.6; FEA-01). Verdict unchanged here.",,,,
SIG-EPIS-006,MUST,10.3 Field specifications,covered+untested,MET,evidence/src/evidence/redaction.py:7,—,—,—,—,—,implemented; no id-linked automated test (RISK-P19-04),,,,
SIG-EPIS-007,MUST,10.3 Field specifications,process/governance,MET-DIFFERENTLY,docs/2_canonical_design_spec.md:1179,—,—,—,—,P34.48,"charter/process/epistemic/publication-safety principle satisfied by design + policy package (P00.2/P00.3) + honest-rendering rules; not cited by id · R11 T4 (SEED-14b, 2026-10-01): routing accepted → P34.48 — one of the 61 unsampled prefix-default MET-DIFFERENTLY rows (no ADR or risk row names it); P34.48 re-verdicts it row by row (plan §6.6; FEA-01). Verdict unchanged here.",,,,
SIG-EPIS-008,MUST,10.3 Field specifications,process/governance,MET-DIFFERENTLY,docs/2_canonical_design_spec.md:1220,—,—,—,—,P34.48,"charter/process/epistemic/publication-safety principle satisfied by design + policy package (P00.2/P00.3) + honest-rendering rules; not cited by id · R11 T4 (SEED-14b, 2026-10-01): routing accepted → P34.48 — one of the 61 unsampled prefix-default MET-DIFFERENTLY rows (no ADR or risk row names it); P34.48 re-verdicts it row by row (plan §6.6; FEA-01). Verdict unchanged here.",,,,
SIG-EPIS-009,MUST,10.3 Field specifications,process/governance,PARTIAL,docs/2_canonical_design_spec.md:1224,P35.25,—,—,—,P35.25,"charter/process/epistemic/publication-safety principle satisfied by design + policy package (P00.2/P00.3) + honest-rendering rules; not cited by id · R11 T4 (SEED-14b, 2026-10-01): PARTIAL (was MET-DIFFERENTLY / routing accepted). F2b: connectors must declare derivation and materialize must read independence — P35.25 (R11-CONF-04). Was boilerplate MET-DIFFERENTLY.",hosted,implementation,,
SIG-EPIS-010,MUST,10.3 Field specifications,process/governance,MET-DIFFERENTLY,docs/2_canonical_design_spec.md:1233,—,—,—,—,P34.48,"charter/process/epistemic/publication-safety principle satisfied by design + policy package (P00.2/P00.3) + honest-rendering rules; not cited by id · R11 T4 (SEED-14b, 2026-10-01): routing accepted → P34.48 — one of the 61 unsampled prefix-default MET-DIFFERENTLY rows (no ADR or risk row names it); P34.48 re-verdicts it row by row (plan §6.6; FEA-01). Verdict unchanged here.",,,,
SIG-EPIS-011,MUST,10.3 Field specifications,covered+untested,MET,db/deploy/claim_evidence.sql:7,—,—,—,—,—,implemented; no id-linked automated test (RISK-P19-04),,,,
SIG-EPIS-012,MUST,10.3 Field specifications,covered+tested,MET,parsing/src/parsing/claim.py#L104-118;tests/parsing/test_claim.py;tests/parsing/test_extraction.py,—,tests/parsing/test_claim.py;tests/parsing/test_extraction.py,—,—,—,"charter/process/epistemic/publication-safety principle satisfied by design + policy package (P00.2/P00.3) + honest-rendering rules; not cited by id · R11 T4 (SEED-14b, 2026-10-01): MET (was MET-DIFFERENTLY / routing accepted). F2b: met; tests cited (was boilerplate MET-DIFFERENTLY).",implementation,implementation,,
SIG-EPIS-013,MUST,"10.4 Source reliability `R` — a property of the publisher, n",process/governance,MET-DIFFERENTLY,docs/2_canonical_design_spec.md:1273,—,—,—,—,P34.48,"charter/process/epistemic/publication-safety principle satisfied by design + policy package (P00.2/P00.3) + honest-rendering rules; not cited by id · R11 T4 (SEED-14b, 2026-10-01): routing accepted → P34.48 — one of the 61 unsampled prefix-default MET-DIFFERENTLY rows (no ADR or risk row names it); P34.48 re-verdicts it row by row (plan §6.6; FEA-01). Verdict unchanged here.",,,,
SIG-EPIS-014,MUST,"10.4 Source reliability `R` — a property of the publisher, n",covered+untested,MET,connectors/src/connectors/registry.py:92,P08.1,—,—,—,—,implemented; no id-linked automated test (RISK-P19-04),,,,
SIG-EPIS-015,MUST,"10.4 Source reliability `R` — a property of the publisher, n",covered+untested,MET,connectors/src/connectors/registry.py:119,—,—,—,—,—,implemented; no id-linked automated test (RISK-P19-04),,,,
SIG-EPIS-016,MUST,"10.4 Source reliability `R` — a property of the publisher, n",process/governance,MET-DIFFERENTLY,docs/2_canonical_design_spec.md:1301,—,—,—,—,P34.48,"charter/process/epistemic/publication-safety principle satisfied by design + policy package (P00.2/P00.3) + honest-rendering rules; not cited by id · R11 T4 (SEED-14b, 2026-10-01): routing accepted → P34.48 — one of the 61 unsampled prefix-default MET-DIFFERENTLY rows (no ADR or risk row names it); P34.48 re-verdicts it row by row (plan §6.6; FEA-01). Verdict unchanged here.",,,,
SIG-EPIS-017,MUST,10.5 Claim directness `D` — the (genre × predicate) matrix,covered+untested,MET,db/deploy/vocab_registries.sql:7,—,—,—,RISK-P1-03,—,implemented; no id-linked automated test (RISK-P19-04),,,,
SIG-EPIS-018,MUST,10.5 Claim directness `D` — the (genre × predicate) matrix,covered+tested,MET,reconcile/src/reconcile/resolve.py#L539-542;reconcile/src/reconcile/weight.py#L198;tests/reconcile/test_resolve.py,—,tests/reconcile/test_resolve.py,—,—,—,"annotation entities (Contradiction/CoverageRecord/ResearchTask) computed in memory; no psycopg in reconcile/inference/tasks - not persisted (ADR-037/038/039/054); P19.5: reviewed at capstone closure — annotation persistence is P21.2; re-routed P19.4:S→P21.2 · R11 T4 (SEED-14b, 2026-10-01): MET (was AT-RISK-INTEGRATION / routing P21.2). F2a: D6 genres excluded with zero weight; four test_resolve.py tests; materialized resolutions persisted since P28.3/P28.4. Old AT-RISK routing (P21.2) stale.",implementation,implementation,,
SIG-EPIS-019,MUST,"10.6 Integrity `I`, currency `C`, and the composed weight `W",process/governance,MET-DIFFERENTLY,docs/2_canonical_design_spec.md:1345,—,—,—,—,P34.48,"charter/process/epistemic/publication-safety principle satisfied by design + policy package (P00.2/P00.3) + honest-rendering rules; not cited by id · R11 T4 (SEED-14b, 2026-10-01): routing accepted → P34.48 — one of the 61 unsampled prefix-default MET-DIFFERENTLY rows (no ADR or risk row names it); P34.48 re-verdicts it row by row (plan §6.6; FEA-01). Verdict unchanged here.",,,,
SIG-EPIS-020,MUST,"10.6 Integrity `I`, currency `C`, and the composed weight `W",covered+tested,MET,tests/db/test_schema_integrity.py:149;reconcile/src/reconcile/weight.py:21,—,tests/db/test_schema_integrity.py:149,—,—,—,,,,,
SIG-EPIS-021,MUST,"10.6 Integrity `I`, currency `C`, and the composed weight `W",covered+untested,MET,reconcile/src/reconcile/weight.py:4,P06.1,—,ADR-031,—,—,implemented; no id-linked automated test (RISK-P19-04),,,,
SIG-EPIS-022,MUST,"10.6 Integrity `I`, currency `C`, and the composed weight `W",covered+tested,MET,reconcile/src/reconcile/weight.py#L12-50;tests/reconcile/test_weight.py,—,tests/reconcile/test_weight.py,—,—,—,"charter/process/epistemic/publication-safety principle satisfied by design + policy package (P00.2/P00.3) + honest-rendering rules; not cited by id · R11 T4 (SEED-14b, 2026-10-01): MET (was MET-DIFFERENTLY / routing accepted). F2b: ordinal W0–W4 weights; tests cited (was boilerplate MET-DIFFERENTLY).",implementation,implementation,,
SIG-EPIS-023,MUST,"10.7 The confidence vocabulary: three orthogonal fields, not",covered+untested,MET,reconcile/src/reconcile/resolve.py:803,—,—,—,—,—,implemented; no id-linked automated test (RISK-P19-04),,,,
SIG-EPIS-024,MUST,"10.7 The confidence vocabulary: three orthogonal fields, not",process/governance,MET-DIFFERENTLY,docs/2_canonical_design_spec.md:1417,—,—,—,—,P34.48,"charter/process/epistemic/publication-safety principle satisfied by design + policy package (P00.2/P00.3) + honest-rendering rules; not cited by id · R11 T4 (SEED-14b, 2026-10-01): routing accepted → P34.48 — one of the 61 unsampled prefix-default MET-DIFFERENTLY rows (no ADR or risk row names it); P34.48 re-verdicts it row by row (plan §6.6; FEA-01). Verdict unchanged here.",,,,
SIG-EPIS-025,MUST,"10.7 The confidence vocabulary: three orthogonal fields, not",covered+tested,MET,tests/reconcile/test_rationale.py:4;reconcile/src/reconcile/rationale.py:13,—,tests/reconcile/test_rationale.py:4,—,—,—,,,,,
SIG-EPIS-026,MUST,10.8 Source dependence,process/governance,MET-DIFFERENTLY,docs/2_canonical_design_spec.md:1427,—,—,—,—,P34.48,"charter/process/epistemic/publication-safety principle satisfied by design + policy package (P00.2/P00.3) + honest-rendering rules; not cited by id · R11 T4 (SEED-14b, 2026-10-01): routing accepted → P34.48 — one of the 61 unsampled prefix-default MET-DIFFERENTLY rows (no ADR or risk row names it); P34.48 re-verdicts it row by row (plan §6.6; FEA-01). Verdict unchanged here.",,,,
SIG-EPIS-027,MUST,10.8 Source dependence,process/governance,MET-DIFFERENTLY,docs/2_canonical_design_spec.md:1435,—,—,—,—,P34.48,"charter/process/epistemic/publication-safety principle satisfied by design + policy package (P00.2/P00.3) + honest-rendering rules; not cited by id · R11 T4 (SEED-14b, 2026-10-01): routing accepted → P34.48 — one of the 61 unsampled prefix-default MET-DIFFERENTLY rows (no ADR or risk row names it); P34.48 re-verdicts it row by row (plan §6.6; FEA-01). Verdict unchanged here.",,,,
SIG-EPIS-028,MUST,10.8 Source dependence,covered+untested,MET,reconcile/src/reconcile/resolve.py:119,—,—,—,—,—,implemented; no id-linked automated test (RISK-P19-04),,,,
SIG-EPIS-029,MUST,10.8 Source dependence,process/governance,PARTIAL,docs/2_canonical_design_spec.md:1442,P35.25,—,—,—,P35.25,"charter/process/epistemic/publication-safety principle satisfied by design + policy package (P00.2/P00.3) + honest-rendering rules; not cited by id · R11 T4 (SEED-14b, 2026-10-01): PARTIAL (was MET-DIFFERENTLY / routing accepted). L3 §6.2: only a constant exists (L1 S7); target MET when GQ-11 runs in production (P35.25, R11-CONF-04). Was boilerplate MET-DIFFERENTLY.",hosted,implementation,,
SIG-EPIS-030,MUST,10.9 Curated indexes need not be normalized,covered+tested,MET,tests/connectors/test_curated_index.py:6;connectors/src/connectors/curated_index.py:6,P13.2,tests/connectors/test_curated_index.py:6,ADR-046,RISK-P13-12,—,,,,,
SIG-EVID-001,MUST,17.1 Requirements,covered+untested,PARTIAL,docs/2_canonical_design_spec.md:3028,P02.2;P37.4a;P37.4b,—,—,—,P37.4a,"claimed (PR/traceability) but no code or test evidence · R11 T4 (SEED-14b, 2026-10-01): PARTIAL (was PARTIAL / routing P20.1:backlog). F2a: audited restricted-byte access / least-privilege / security baseline partly built; owner P37.4a/b (R11-OPS-08).",hosted,implementation,,
SIG-EVID-002,MUST,17.2 Content addressing,covered+tested,MET,tests/evidence/test_digest.py:4;evidence/src/evidence/digest.py:7,P02.2,tests/evidence/test_digest.py:4,ADR-044,RISK-P2-05,—,,,,,
SIG-EVID-003,MUST,17.2 Content addressing,covered+tested,MET,tests/evidence/test_ocfl.py:102;evidence/src/evidence/digest.py:8,—,tests/evidence/test_ocfl.py:102,—,—,—,,,,,
SIG-EVID-004,MUST,17.2 Content addressing,covered+tested,MET,tests/evidence/test_ocfl.py:4;evidence/src/evidence/digest.py:10,—,tests/evidence/test_ocfl.py:4,ADR-023,RISK-P2-08,—,,,,,
SIG-EVID-005,MUST,17.3 Layout: OCFL,covered+tested,MET,tests/evidence/test_ocfl.py:24;evidence/src/evidence/digest.py:138,P02.2,tests/evidence/test_ocfl.py:24,ADR-006;ADR-015;ADR-023,RISK-P2-05,—,,,,,
SIG-EVID-006,MUST,17.3 Layout: OCFL,covered+tested,MET,tests/evidence/test_storage.py:4;evidence/src/evidence/cli.py:11,P02.2,tests/evidence/test_storage.py:4,ADR-006,RISK-P2-05,—,,,,,
SIG-EVID-007,MUST,17.4 Web captures,covered+tested,MET,tests/evidence/test_capture.py:4;evidence/src/evidence/capture.py:7,P02.2,tests/evidence/test_capture.py:4,—,RISK-P2-09,—,,,,,
SIG-EVID-008,MUST,17.4 Web captures,covered+tested,MET,tests/evidence/test_capture.py:49;evidence/src/evidence/capture.py:12,P02.2,tests/evidence/test_capture.py:49,—,—,—,,,,,
SIG-EVID-009,MUST,17.5 Storage tiers,covered+tested,MET,tests/evidence/test_tiers.py:4;evidence/src/evidence/tiers.py:6,P14.1;P15.4,tests/evidence/test_tiers.py:4,ADR-052,—,—,,,,,
SIG-EVID-010,MUST,17.5 Storage tiers,covered+tested,MET,tests/evidence/test_tiers.py:33;evidence/src/evidence/tiers.py:7,P02.2,tests/evidence/test_tiers.py:33,ADR-052,—,—,,,,,
SIG-EVID-011,MUST,17.5 Storage tiers,covered+tested,MET,tests/evidence/test_redaction.py:4;evidence/src/evidence/redaction.py:4,P02.2,tests/evidence/test_redaction.py:4,ADR-023,—,—,,,,,
SIG-EVID-012,MUST,17.5 Storage tiers,covered+tested,MET,tests/evidence/test_access_log.py:4;evidence/src/evidence/access_log.py:4,—,tests/evidence/test_access_log.py:4,—,—,—,,,,,
SIG-EVID-013,MUST,17.6 Disappearance and link rot,covered+tested,MET,tests/evidence/test_disappearance.py:4;connectors/src/connectors/disappearance.py:14,P02.2,tests/evidence/test_disappearance.py:4,—,RISK-P2-06,—,,,,,
SIG-EVID-014,MUST,17.6 Disappearance and link rot,covered+tested,MET,tests/evidence/test_disappearance.py:38;evidence/src/evidence/disappearance.py:12,—,tests/evidence/test_disappearance.py:38,—,—,—,,,,,
SIG-EVID-015,MUST,17.6 Disappearance and link rot,covered+tested,MET,tests/evidence/test_disappearance.py:48;evidence/src/evidence/disappearance.py:15,—,tests/evidence/test_disappearance.py:48,—,RISK-P2-06,—,,,,,
SIG-EVID-016,MUST,17.7 Reproducibility and deposit,covered+tested,MET,tests/connectors/test_records.py:362;evidence/src/evidence/ingest_run.py:4,—,tests/connectors/test_records.py:362,—,RISK-P2-10,—,,,,,
SIG-EVID-017,MUST,17.7 Reproducibility and deposit,covered+tested,MET,tests/evidence/test_ingest_run.py:59;evidence/src/evidence/capture.py:36,P02.2,tests/evidence/test_ingest_run.py:59,—,RISK-P2-10,—,,,,,
SIG-EVID-018,MUST,17.7 Reproducibility and deposit,covered+untested,MET,connectors/src/connectors/net.py:256,—,—,—,RISK-P2-10,—,implemented; no id-linked automated test (RISK-P19-04),,,,
SIG-EVID-019,MUST,17.7 Reproducibility and deposit,process/governance,MET-ENGINEERED(D-P21.5-1;D-R11-ARCHIVE-1),docs/2_canonical_design_spec.md:3157,P37.55,—,ADR-067,—,P37.55,"Zenodo deposit dry-run/sandbox built + FakeZenodo real-shape tests (P21.5, ADR-067); production/live-sandbox deposit gate-pending HG-07, DEPOSITS.md · R11 T4 (SEED-14b, 2026-10-01): MET-ENGINEERED(D-P21.5-1;D-R11-ARCHIVE-1) (was PARTIAL / routing P21.5). F2b: deposit machinery built, sandbox deposit worked; the production deposit and the SWH save are one-command acts, owed in D-R11-ARCHIVE-1 (opened by SEED-14a, naming this id) and D-P21.5-1.",hosted,implementation,D-P21.5-1;D-R11-ARCHIVE-1,
SIG-EXPORT-001,MUST,38.1 Static-first,covered+tested,MET,tests/exports/test_manifest.py:4;exports/src/exports/bundle.py:20,P14.2,tests/exports/test_manifest.py:4,ADR-048,—,—,,,,,
SIG-EXPORT-002,MUST,38.1 Static-first,covered+tested,MET,tests/exports/test_bundle.py:143;exports/src/exports/bundle.py:19,P14.2,tests/exports/test_bundle.py:143,ADR-048,—,—,,,,,
SIG-EXPORT-003,MUST,38.1 Static-first,covered+tested,MET,tests/exports/test_manifest.py:33;exports/src/exports/bundle.py:23,P14.1;P14.2,tests/exports/test_manifest.py:33,ADR-048,RISK-P14-08;RISK-P14-18;RISK-P14-07,—,,,,,
SIG-EXPORT-004,MUST,38.2 Licence computation,covered+tested,MET,tests/exports/test_compartments.py:52;exports/src/exports/bundle.py:11,P14.2,tests/exports/test_compartments.py:52,ADR-048,RISK-P14-11,—,,,,,
SIG-EXPORT-005,MUST,38.2 Licence computation,covered+tested,MET,tests/exports/test_compartments.py:74;exports/src/exports/bundle.py:14,P14.2,tests/exports/test_compartments.py:74,ADR-048,RISK-P14-12,—,,,,,
SIG-EXPORT-006,MUST,38.2 Licence computation,covered+tested,MET,tests/exports/test_compartments.py:89;exports/src/exports/bundle.py:15,P14.2,tests/exports/test_compartments.py:89,ADR-048,RISK-P14-14,—,,,,,
SIG-EXPORT-007,MUST,38.3 The crosswalk export,covered+tested,MET,tests/exports/test_compartments.py:123;exports/src/exports/bundle.py:17,P14.2,tests/exports/test_compartments.py:123,ADR-048,—,—,,,,,
SIG-EXPORT-008,MUST,38.5 Sustainability of distribution,covered+tested,MET,tests/exports/test_bundle.py:159;exports/src/exports/bundle.py:169,P14.2,tests/exports/test_bundle.py:159,ADR-015;ADR-048,RISK-P14-15,—,,,,,
SIG-EXPORT-009,SHOULD,38.5 Sustainability of distribution,covered+tested,MET,tests/exports/test_distribution.py:45;exports/src/exports/bundle.py:170,P14.2,tests/exports/test_distribution.py:45,ADR-015;ADR-048,RISK-P14-15,—,,,,,
SIG-EXPORT-010,MUST,38.4 Downstream application classes as design targets,covered+tested,MET,tests/exports/test_downstream.py:4;exports/src/exports/bundle.py:73,P14.2,tests/exports/test_downstream.py:4,ADR-048,—,—,,,,,
SIG-EXPORT-011,MUST,38.4 Downstream application classes as design targets,covered+tested,MET,tests/exports/test_downstream.py:52;exports/src/exports/bundle.py:81,P14.2,tests/exports/test_downstream.py:52,ADR-048,—,—,,,,,
SIG-GEO-001,MUST,19.1 Storage and projection,covered+untested,MET,docs/2_canonical_design_spec.md:3235,—,—,—,—,—,"geometry stored EPSG:4326 in DDL (db/deploy/claim.sql:36, domain_entities.sql) though uncited by id",,,,
SIG-GEO-002,MUST,19.1 Storage and projection,covered+untested,PARTIAL,docs/2_canonical_design_spec.md:3238,P35.14a;P35.14b,—,—,—,P35.14a,"proximity-cast-to-geography serving rule not exercised by a test · R11 T4 (SEED-14b, 2026-10-01): PARTIAL (was PARTIAL / routing P20.1:backlog). F2a: ontology/vocabulary conformance batch — P35.14a/b (R11-DATA-03).",implementation,implementation,,
SIG-GEO-003,MUST,19.1 Storage and projection,covered+tested,MET,tests/connectors/test_osm.py:130;connectors/src/connectors/osm.py:406,—,tests/connectors/test_osm.py:130,—,—,—,,,,,
SIG-GEO-004,MUST,19.2 Assets without coordinates,covered+untested,MET,web/src/lib/map-network-fixture.ts:72,—,—,—,—,—,implemented; no id-linked automated test (RISK-P19-04),,,,
SIG-GEO-005,MUST,19.2 Assets without coordinates,process/governance,PARTIAL,docs/2_canonical_design_spec.md:3260,P35.14a;P35.14b,—,—,—,P35.14a,"OSM tag-coverage data-quality observations (fixed/direction) - ingestion-completeness, unverified · R11 T4 (SEED-14b, 2026-10-01): PARTIAL (was PARTIAL / routing P20.1:backlog). F2a: ontology/vocabulary conformance batch — P35.14a/b (R11-DATA-03).",implementation,implementation,,
SIG-GEO-006,MUST,19.3 Derived geometry is physically separate,covered+tested,MET,web/tests/unit/map.test.ts:45;web/src/pages/map.astro:80,—,web/tests/unit/map.test.ts:45,ADR-051,—,—,,,,,
SIG-GEO-007,MUST,19.3 Derived geometry is physically separate,process/governance,N/A-RATIONALE,docs/2_canonical_design_spec.md:3272,—,—,—,—,—,"OSM tag-coverage data-quality observations (fixed/direction) - ingestion-completeness, unverified · R11 T4 (SEED-14b, 2026-10-01): N/A-RATIONALE (was PARTIAL / routing P20.1:backlog). F2a: a measurement rationale paragraph (93.6% direction coverage) with no separate obligation; the obligation is carried by SIG-GEO-006 (plan §6.6).",,,,
SIG-GEO-008,MUST,19.4 Coordinate sensitivity,covered+untested,MET,web/src/lib/map.ts:31,—,—,ADR-012,—,—,implemented; no id-linked automated test (RISK-P19-04),,,,
SIG-GEO-009,MUST,19.4 Coordinate sensitivity,covered+tested,MET,tests/unit/test_policy_sensitivity.py:45;policy/src/policy/sensitivity.py:20,P00.2,tests/unit/test_policy_sensitivity.py:45,—,—,—,,,,,
SIG-GEO-010,MUST,19.4 Coordinate sensitivity,covered+untested,MET,ADR-012-sens,—,—,ADR-012,—,—,"design recorded in ADR (ADR-012); implemented, not id-stamped in code",,,,
SIG-GEO-011,SHOULD,19.5 Binning and tiles,covered+untested,MET,web/src/lib/map.ts:20,P15.3,—,ADR-051,—,—,implemented; no id-linked automated test (RISK-P19-04),,,,
SIG-GEO-012,MUST,19.5 Binning and tiles,covered+tested,MET,web/tests/unit/map-tiles.test.ts:5;web/src/pages/map.astro:12,P15.3,web/tests/unit/map-tiles.test.ts:5,ADR-018;ADR-051,—,—,,,,,
SIG-GEO-013,MUST,19.6 Basemap and attribution,covered+untested,MET,web/src/pages/map.astro:234,P15.3,—,ADR-051,—,—,implemented; no id-linked automated test (RISK-P19-04),,,,
SIG-GOV-001,MUST,45.1 Intake,covered+tested,WAIVED(ADR-180),tests/unit/test_governance_policy.py:114;web/tests/unit/corrections.test.ts:18;policy/src/policy/governance.py:196,P00.3;P15.5;P34.17,tests/unit/test_governance_policy.py:114,ADR-053;ADR-180,—,P34.17,"R11 T4 (SEED-14b, 2026-10-01): WAIVED(ADR-180) (was MET / routing —). Waiver WV-05 (agent-drafted, adopted by the operator 2026-10-01T04:28:49Z; sha256 bf1f65d5aaa1…; ADR-180; spec G.7.2 R11-W2). Compensating controls / clauses that stand: corrections by e-mail; the site says senders disclose their address (P34.17). Revisit row BL-064.",public,,,ADR-180@2026-10-01#one-click-clause:Round-11
SIG-GOV-002,MUST,45.1 Intake,covered+tested,WAIVED(ADR-180),tests/unit/test_governance_policy.py:126;web/tests/unit/corrections.test.ts:38;policy/src/policy/governance.py:202,P00.3;P15.5;P34.17,tests/unit/test_governance_policy.py:126,ADR-053;ADR-180,—,P34.17,"R11 T4 (SEED-14b, 2026-10-01): WAIVED(ADR-180) (was MET / routing —). Waiver WV-05 (agent-drafted, adopted by the operator 2026-10-01T04:28:49Z; sha256 bf1f65d5aaa1…; ADR-180; spec G.7.2 R11-W2). Compensating controls / clauses that stand: corrections by e-mail; senders disclose their address; no response time promised (P34.17). Revisit row BL-064.",public,,,ADR-180@2026-10-01#whole-requirement:Round-11
SIG-GOV-003,MUST,45.2 Handling,covered+tested,WAIVED(ADR-186),tests/unit/test_governance_policy.py:102;web/tests/unit/corrections.test.ts:25;web/src/pages/dispute.astro:9,P00.3;P15.5;P34.17,tests/unit/test_governance_policy.py:102,ADR-053;ADR-186,RISK-R11-31,P34.17,"R11 T4 (SEED-14b, 2026-10-01): WAIVED(ADR-186) (was MET / routing —). Waiver WV-08 (agent-drafted, adopted by the operator 2026-10-01T06:05:22Z; sha256 806faae385d9…; ADR-186; spec G.7.2 R11-W3). Compensating controls / clauses that stand: clause split (one verdict per row): the SLA-time clause is WAIVED(ADR-186); the priority clause is MET-DIFFERENTLY(ADR-186) by the published handling order (privacy-harm and safety first, then factual corrections, then everything else) — which P34.17 publishes (not yet live, so the priority clause is not yet met). Resolves §14 R-31. Revisit row BL-067.",public,,,ADR-186@2026-10-01#SLA-time-clause;ADR-186@2026-10-01#priority-clause:MET-DIFFERENTLY-by-published-handling-order
SIG-GOV-004,MUST,45.2 Handling,covered+tested,MET,tests/unit/test_governance_policy.py:134;web/tests/e2e/corrections-methodology.spec.ts:95;policy/src/policy/governance.py:208,P00.3;P15.5,tests/unit/test_governance_policy.py:134,ADR-053,—,—,,,,,
SIG-GOV-005,MUST,45.3 Corrections preserve history,covered+tested,MET,tests/unit/test_governance_policy.py:29;web/tests/unit/corrections.test.ts:70;policy/src/policy/governance.py:10,P00.3;P15.5,tests/unit/test_governance_policy.py:29,ADR-053,—,—,,,,,
SIG-GOV-006,MUST,45.3 Corrections preserve history,covered+untested,MET,ADR-053,P00.3;P15.5,—,ADR-053,—,—,"design recorded in ADR (ADR-053); implemented, not id-stamped in code",,,,
SIG-GOV-007,MUST,45.4 Suppression as a distinct primitive,covered+tested,MET,tests/unit/test_governance_policy.py:56;policy/src/policy/governance.py:14,P00.3;P15.5,tests/unit/test_governance_policy.py:56,ADR-053,—,—,,,,,
SIG-GOV-008,MUST,45.4 Suppression as a distinct primitive,covered+tested,WAIVED(ADR-181),tests/unit/test_governance_policy.py:82;policy/src/policy/governance.py:45,P00.3;P15.5;P37.71,tests/unit/test_governance_policy.py:82,ADR-053;ADR-181,—,P37.71,"R11 T4 (SEED-14b, 2026-10-01): WAIVED(ADR-181) (was MET / routing —). Waiver WV-06 (agent-drafted, adopted by the operator 2026-10-01T04:28:49Z; sha256 dbf7a851e9d5…; ADR-181; spec G.7.2 R11-W4). Compensating controls / clauses that stand: the scope and tombstone clauses stand (reserved for material SIG must not hold; tombstone + public log) — mechanism P37.71. Revisit row BL-065.",hosted,,,ADR-181@2026-10-01#two-person-clause
SIG-GOV-009,MUST,45.4 Suppression as a distinct primitive,covered+untested,MET,ADR-006,P00.3;P15.5,—,ADR-006;ADR-053,—,—,"design recorded in ADR (ADR-006;ADR-053); implemented, not id-stamped in code",,,,
SIG-GOV-010,MUST,45.5 Disputes without correction,covered+untested,MET,web/src/pages/dispute.astro:12,P00.3;P15.5,—,ADR-053,—,—,implemented; no id-linked automated test (RISK-P19-04),,,,
SIG-GOV-011,MUST,45.6 Transparency reporting,covered+tested,MET,tests/unit/test_governance_policy.py:144;web/tests/unit/corrections.test.ts:87;policy/src/policy/governance.py:213,P00.3;P15.5,tests/unit/test_governance_policy.py:144,ADR-053,—,—,,,,,
SIG-GOV-012,MUST,46.1 Legal entity,deferred(RISK),WAIVED(ADR-165),docs/2_canonical_design_spec.md:6379,P34.16,—,ADR-165,RISK-P0-13;RISK-R11-22,P34.16,"referenced only in risk register (compensating control); verify · R11 T4 (SEED-14b, 2026-10-01): WAIVED(ADR-165) (was PARTIAL / routing P20.1:backlog). Waiver WV-01 (agent-drafted, adopted by the operator 2026-10-01T04:28:49Z; sha256 b9dc5a9128ac…; ADR-165; spec G.7.2 R11-W5). Compensating controls / clauses that stand: interim individual legal home, disclosed (P34.16 copy batch; the disclosure names nobody beyond the adopted sentence until the operator writes the About text). Revisit row BL-060.",public,,,ADR-165@2026-10-01#legal-home-before-launch:individual-disclosed-for-now
SIG-GOV-013,MUST,46.1 Legal entity,deferred(RISK),WAIVED(ADR-165),docs/2_canonical_design_spec.md:6384,P34.16,—,ADR-165,RISK-P0-14,P34.16,"referenced only in risk register (compensating control); verify · R11 T4 (SEED-14b, 2026-10-01): WAIVED(ADR-165) (was PARTIAL / routing P20.1:backlog). Waiver WV-01 (agent-drafted, adopted by the operator 2026-10-01T04:28:49Z; sha256 b9dc5a9128ac…; ADR-165; spec G.7.2 R11-W5). Compensating controls / clauses that stand: public legal-defence resources listed, not retained (P34.16/P34.17 copy batch); listing contacts no one (U-011). Revisit row BL-060.",public,,,ADR-165@2026-10-01#retained-legal-defence-resources:listed-not-retained
SIG-GOV-014,MUST,46.2 Decision-making,covered+tested,MET,tests/unit/test_governance_docs.py:32,—,tests/unit/test_governance_docs.py:32,—,RISK-P0-10,—,,,,,
SIG-GOV-015,MUST,46.2 Decision-making,covered+untested,WAIVED(ADR-164),docs/2_canonical_design_spec.md:6393,P34.16,—,ADR-164,RISK-R11-22,P34.16,"claimed (PR/traceability) but no code or test evidence · R11 T4 (SEED-14b, 2026-10-01): WAIVED(ADR-164) (was PARTIAL / routing P20.1:backlog). Waiver WV-02 (agent-drafted, adopted by the operator 2026-10-01T04:28:49Z; sha256 bee2cd2b1501…; ADR-164; spec G.7.2 R11-W6). Compensating controls / clauses that stand: interim single-maintainer editorial authority, disclosed; public decision log (P37.7); the governance doc's board claim is corrected by P34.16. Revisit row BL-061.",public,,,ADR-164@2026-10-01#editorial-board:interim-single-maintainer-authority
SIG-GOV-016,MUST,46.2 Decision-making,covered+untested,PARTIAL,docs/2_canonical_design_spec.md:6397,P34.16,tests/unit/test_p34_16_repo_honesty.py,—,—,P34.48,"claimed (PR/traceability) but no code or test evidence · R11 T4 (SEED-14b, 2026-10-01): PARTIAL (was PARTIAL / routing P20.1:backlog). F2b: the governance doc must state the true sole-maintainer posture — P34.16 (R11-GOV-01). P34.16 (2026-10-03): the doc now states the true sole-maintainer posture — F2b's routed fix landed (the funding-refusal and method-neutrality clauses stand; the false board-separation claim is struck in place; the appended Corrections quotes WV-02 verbatim) and the guard test asserts it — the requirement itself stays PARTIAL for P34.48's row-by-row re-verdict (the standing route for coverage bookkeeping); routing re-anchored P34.16 → P34.48 (SIG-ENG-041).",public,implementation,,
SIG-GOV-017,MUST,"46.3 Anti-misuse, stated honestly",process/governance,MET-DIFFERENTLY,docs/2_canonical_design_spec.md:6402,—,—,—,—,P34.48,"prohibition (MUST NOT build/publish X) enforced by scope + policy package (P00.2/P00.3) + prohibited-endpoint bar (P14.1); not cited by id · R11 T4 (SEED-14b, 2026-10-01): routing accepted → P34.48 — one of the 61 unsampled prefix-default MET-DIFFERENTLY rows (no ADR or risk row names it); P34.48 re-verdicts it row by row (plan §6.6; FEA-01). Verdict unchanged here.",,,,
SIG-GOV-018,MUST,"46.3 Anti-misuse, stated honestly",process/governance,MET-DIFFERENTLY,docs/2_canonical_design_spec.md:6406,—,—,—,—,P34.48,"prohibition (MUST NOT build/publish X) enforced by scope + policy package (P00.2/P00.3) + prohibited-endpoint bar (P14.1); not cited by id · R11 T4 (SEED-14b, 2026-10-01): routing accepted → P34.48 — one of the 61 unsampled prefix-default MET-DIFFERENTLY rows (no ADR or risk row names it); P34.48 re-verdicts it row by row (plan §6.6; FEA-01). Verdict unchanged here.",,,,
SIG-GOV-019,MUST,"46.3 Anti-misuse, stated honestly",covered+tested,MET,tests/unit/test_governance_docs.py:44,P00.3,tests/unit/test_governance_docs.py:44,—,—,—,,,,,
SIG-GOV-020,MUST,46.4 Sustainability,covered+untested,MET,ADR-033-the-,—,—,ADR-033,RISK-P7-06;RISK-P5-11,—,"design recorded in ADR (ADR-033); implemented, not id-stamped in code",,,,
SIG-GOV-021,MUST,46.4 Sustainability,covered+tested,MET,.github/workflows/keepalive.yml;tests/ops/test_degraded.py,—,tests/ops/test_degraded.py,—,RISK-P0-12,—,"referenced only in risk register (compensating control); verify · R11 T4 (SEED-14b, 2026-10-01): MET (was PARTIAL / routing P20.1:backlog). F2b: keepalive.yml runs `sig-ops degraded` monthly and fails loudly (test_degraded.py). The first scheduled run (due 2026-10-01T07:00Z) was not verified here.",implementation,implementation,,
SIG-GOV-022,MUST,46.5 Continuity and succession,process/governance,MET-ENGINEERED(D-P21.5-1;D-R11-ARCHIVE-1),docs/2_canonical_design_spec.md:6431,P37.55,—,ADR-067,—,P37.55,"mirror manifest (ops/mirrors.toml) + SUCCESSION.md + .torrent peer mirror built (P21.5, ADR-067); live Zenodo/object-store + SWH save gate-pending HG-07 · R11 T4 (SEED-14b, 2026-10-01): MET-ENGINEERED(D-P21.5-1;D-R11-ARCHIVE-1) (was PARTIAL / routing P21.5). F2b: deposit, push, torrent and SWH clients built; only operator/live legs remain — D-P21.5-1 (SWH save-now, PARTIAL) and D-R11-ARCHIVE-1 (production Zenodo deposit per release + a geographic mirror outside GCS; opened by SEED-14a and naming this id). Whether P35.5's R2 host counts as the mirror is left to a later re-verdict (SEED-14a, labelled).",hosted,implementation,D-P21.5-1;D-R11-ARCHIVE-1,
SIG-GOV-023,MUST,46.5 Continuity and succession,covered+tested,MET,docs/build/reports/SUCCESSION.md;tests/e2e/test_composed_stack.py;tests/evidence/test_digest.py,—,tests/e2e/test_composed_stack.py;tests/evidence/test_digest.py,ADR-067,—,—,"succession rebuild (SUCCESSION.md, ≤10 steps) + OCFL readability without SIG software (P21.5, ADR-067); live deposits gate-pending HG-07 · R11 T4 (SEED-14b, 2026-10-01): MET (was PARTIAL / routing P21.5). F2b: succession commitment + continue-from-archive map; OCFL version->digest->bytes resolvable without SIG code (tests).",implementation,implementation,,
SIG-GOV-024,MUST,46.5 Continuity and succession,process/governance,PARTIAL,docs/2_canonical_design_spec.md:6439,—,—,ADR-067;ADR-171,—,BL-082,"mirrors + succession + Software Heritage request (sig-ops swh-save, untriggered) built (P21.5, ADR-067); live save gate-pending HG-07 · R11 T4 (SEED-14b, 2026-10-01): PARTIAL (was PARTIAL / routing P21.5). Owed later-phase, not WAIVED (Appendix B #2; ADR-171; Q-E2-12 = a): trigger 'the operator authorises outside contact' (LATER-04, BACKLOG BL-082).",implementation+human,implementation,,
SIG-IDENT-001,MUST,"14.2 Per-class canonical identifiers (Q9, Q10, Q11, Q12)",covered+tested,MET,tests/resolution/test_crosswalk.py:5;resolution/src/resolution/cli.py:13,—,tests/resolution/test_crosswalk.py:5,—,—,—,,,,,
SIG-IDENT-002,MUST,"14.2 Per-class canonical identifiers (Q9, Q10, Q11, Q12)",covered+tested,MET,tests/resolution/test_ori.py:5;resolution/src/resolution/ori.py:5,—,tests/resolution/test_ori.py:5,—,RISK-P3-07,—,,,,,
SIG-IDENT-003,MUST,"14.2 Per-class canonical identifiers (Q9, Q10, Q11, Q12)",covered+tested,MET,tests/resolution/test_ori.py:67;resolution/src/resolution/ori.py:19,—,tests/resolution/test_ori.py:67,—,RISK-P3-05,—,,,,,
SIG-IDENT-004,MUST,"14.2 Per-class canonical identifiers (Q9, Q10, Q11, Q12)",covered+tested,MET,tests/resolution/test_geometry_precision.py:4;resolution/src/resolution/geometry_precision.py:4,P03.1,tests/resolution/test_geometry_precision.py:4,—,RISK-P3-01,—,,,,,
SIG-IDENT-005,MUST,"14.2 Per-class canonical identifiers (Q9, Q10, Q11, Q12)",covered+tested,MET,tests/resolution/test_jurisdiction.py:5;resolution/src/resolution/address.py:98,P03.1,tests/resolution/test_jurisdiction.py:5,—,RISK-P3-01,—,,,,,
SIG-IDENT-006,MUST,"14.2 Per-class canonical identifiers (Q9, Q10, Q11, Q12)",covered+tested,MET,tests/resolution/test_identity.py:5;connectors/src/connectors/atlas.py:181,—,tests/resolution/test_identity.py:5,—,RISK-P3-01,—,,,,,
SIG-IDENT-007,MUST,"14.2 Per-class canonical identifiers (Q9, Q10, Q11, Q12)",covered+tested,MET,tests/resolution/test_crosswalk.py:69;resolution/src/resolution/crosswalk.py:15,—,tests/resolution/test_crosswalk.py:69,—,—,—,,,,,
SIG-IDENT-008,MUST,"14.2 Per-class canonical identifiers (Q9, Q10, Q11, Q12)",covered+tested,MET,tests/resolution/test_registry_ingest.py:4;resolution/src/resolution/registry_ingest.py:5,—,tests/resolution/test_registry_ingest.py:4,—,RISK-P3-01,—,,,,,
SIG-IDENT-009,MUST,14.3 Organization taxonomy and the municipality/department d,covered+tested,MET,tests/resolution/test_temporal_identity.py:162;resolution/src/resolution/temporal_identity.py:245,—,tests/resolution/test_temporal_identity.py:162,—,RISK-P3-01,—,,,,,
SIG-IDENT-010,MUST,14.3 Organization taxonomy and the municipality/department d,covered+tested,MET,tests/resolution/test_vocab_conformance.py:8;resolution/src/resolution/identity.py:10,—,tests/resolution/test_vocab_conformance.py:8,—,RISK-P3-02,—,,,,,
SIG-IDENT-011,MUST,14.3 Organization taxonomy and the municipality/department d,covered+tested,MET,tests/resolution/test_identity.py:150;resolution/src/resolution/cli.py:9,—,tests/resolution/test_identity.py:150,—,—,—,,,,,
SIG-IDENT-012,MUST,14.4 Surrogate identity for organizations with no external i,covered+tested,MET,tests/resolution/test_identity.py:80;resolution/src/resolution/identity.py:12,—,tests/resolution/test_identity.py:80,—,—,—,,,,,
SIG-IDENT-013,MUST,14.4 Surrogate identity for organizations with no external i,covered+tested,MET,tests/resolution/test_address.py:4;resolution/src/resolution/address.py:4,—,tests/resolution/test_address.py:4,—,RISK-P3-05,—,,,,,
SIG-IDENT-014,MUST,14.4 Surrogate identity for organizations with no external i,process/governance,MET-DIFFERENTLY,docs/2_canonical_design_spec.md:2424,—,—,—,—,P34.48,"org failing 43.4 publicity tests MUST NOT be created - enforced by identity-registry publicity gate; not cited by id · R11 T4 (SEED-14b, 2026-10-01): routing accepted → P34.48 — one of the 61 unsampled prefix-default MET-DIFFERENTLY rows (no ADR or risk row names it); P34.48 re-verdicts it row by row (plan §6.6; FEA-01). Verdict unchanged here.",,,,
SIG-IDENT-015,MUST,14.4 Surrogate identity for organizations with no external i,covered+tested,MET,tests/resolution/test_slug.py:5;resolution/src/resolution/cli.py:14,—,tests/resolution/test_slug.py:5,—,—,—,,,,,
SIG-IDENT-016,MUST,"14.5 Temporal identity: merges, splits, renames, dissolution",covered+tested,MET,tests/resolution/test_temporal_identity.py:5;resolution/src/resolution/cli.py:10,—,tests/resolution/test_temporal_identity.py:5,—,RISK-P3-04,—,,,,,
SIG-IDENT-017,MUST,"14.5 Temporal identity: merges, splits, renames, dissolution",covered+tested,MET,tests/resolution/test_temporal_identity.py:73;resolution/src/resolution/temporal_identity.py:13,—,tests/resolution/test_temporal_identity.py:73,—,RISK-P3-01,—,,,,,
SIG-IDENT-018,MUST,"14.5 Temporal identity: merges, splits, renames, dissolution",covered+tested,MET,tests/resolution/test_identity.py:47;resolution/src/resolution/identity.py:11,—,tests/resolution/test_identity.py:47,—,—,—,,,,,
SIG-IDENT-019,MUST,"14.5 Temporal identity: merges, splits, renames, dissolution",covered+tested,MET,tests/resolution/test_temporal_identity.py:73;resolution/src/resolution/temporal_identity.py:131,—,tests/resolution/test_temporal_identity.py:73,—,RISK-P3-01,—,,,,,
SIG-IDENT-020,MUST,"14.6 The resolution cascade (Q27, Q28)",covered+tested,MET,tests/resolution/test_er_run.py:96;resolution/src/resolution/cli.py:20,P05.1,tests/resolution/test_er_run.py:96,ADR-029,RISK-P5-01,—,,,,,
SIG-IDENT-021,MUST,"14.6 The resolution cascade (Q27, Q28)",covered+tested,MET,tests/resolution/test_cli_er.py:6;resolution/src/resolution/cli.py:16,P05.1,tests/resolution/test_cli_er.py:6,ADR-029,—,—,,,,,
SIG-IDENT-022,MUST,"14.6 The resolution cascade (Q27, Q28)",covered+tested,MET,tests/resolution/test_normalize.py:5;resolution/src/resolution/normalize.py:5,—,tests/resolution/test_normalize.py:5,—,RISK-P3-09,—,,,,,
SIG-IDENT-023,MUST,"14.6 The resolution cascade (Q27, Q28)",covered+tested,MET,tests/resolution/test_er_run.py:127;resolution/src/resolution/cli.py:18,P05.1,tests/resolution/test_er_run.py:127,ADR-029,RISK-P5-02,—,,,,,
SIG-IDENT-024,MUST,"14.6 The resolution cascade (Q27, Q28)",covered+tested,MET,tests/resolution/test_blocking.py:85;resolution/src/resolution/blocking.py:16,P05.1,tests/resolution/test_blocking.py:85,ADR-029,—,—,,,,,
SIG-IDENT-025,MUST,"14.6 The resolution cascade (Q27, Q28)",covered+tested,MET,tests/resolution/test_cli_review.py:6;resolution/src/resolution/review_queue.py:11,P05.1;P05.2,tests/resolution/test_cli_review.py:6,ADR-029;ADR-030,RISK-P3-05;RISK-P5-03,—,,,,,
SIG-IDENT-026,MUST,"14.6 The resolution cascade (Q27, Q28)",covered+tested,MET,tests/resolution/test_cli_review.py:7;resolution/src/resolution/review_queue.py:20,P05.2,tests/resolution/test_cli_review.py:7,ADR-030,RISK-P5-07,—,,,,,
SIG-IDENT-027,MUST,14.7 Quality gates,covered+tested,PARTIAL,tests/resolution/test_gold_set.py:4;resolution/src/resolution/gold_set.py:4,P05.1,tests/resolution/test_gold_set.py:4,ADR-029,—,BL-088,"R11 T4 (SEED-14b, 2026-10-01): PARTIAL (was MET / routing —). L3 §6.2: gold set retained with honest agent provenance; the independent double adjudication is owed (T-EVAL-IND; plan §6.5 'not waived'). Was MET.",implementation+human,implementation,D-R6.1-EVAL,
SIG-IDENT-028,MUST,14.7 Quality gates,covered+tested,PARTIAL,tests/resolution/test_quality_gates.py:4;resolution/src/resolution/quality_gates.py:4,P05.1,tests/resolution/test_quality_gates.py:4,ADR-005;ADR-029,RISK-P5-05,BL-088,"R11 T4 (SEED-14b, 2026-10-01): PARTIAL (was MET / routing —). L3 §6.2: auto-demotion becomes census-driven for copy tiers (ADR-153, which adds to and does not replace the holdout-demotion clause); holdout P/R/F1 is agent-labelled development data; the independent leg is owed (T-EVAL-IND). Was MET.",implementation+human,implementation,D-R6.1-EVAL,
SIG-IDENT-029,MUST,14.7 Quality gates,covered+tested,MET,tests/resolution/test_quality_gates.py:120;resolution/src/resolution/quality_gates.py:22,P05.1,tests/resolution/test_quality_gates.py:120,ADR-029,—,—,,,,,
SIG-IDENT-030,MUST,14.7 Quality gates,covered+tested,MET,web/src/pages/network.astro;web/src/lib/map-network-fixture.ts;exports/src/exports/analytics.py;web/tests/unit/network.test.ts,P15.3;P34.15,web/tests/unit/network.test.ts:6;tests/unit/test_p34_15_island_honesty.py,ADR-051,RISK-P15-18,—,"R11 T4 (SEED-14b, 2026-10-01): PARTIAL (was MET / routing —). L3 §6.2: today a network statistic ships (K2 GX-02); target after P34.15 removes it: MET by abstention (no centrality, ranking or hub statistic). Was MET. · P34.15 (PR #211, 2026-10-03): MET by abstention (was PARTIAL / routing P34.15). No centrality, ranking or hub statistic ships — withdrawn from page, island, fixture, data seam, fixture export and analytics; the organisation-ER gate stays unpassed, recorded not merged; the structural CentralityStatistic disclosure stays for a gated return.",public,public,,
SIG-IDENT-031,MUST,14.8 Public identifiers and stability (Q37),covered+tested,MET,tests/resolution/test_public_id.py:5;resolution/src/resolution/public_id.py:4,P05.1,tests/resolution/test_public_id.py:5,—,RISK-P3-08,—,,,,,
SIG-IDENT-032,MUST,14.8 Public identifiers and stability (Q37),covered+tested,MET,tests/resolution/test_public_id.py:70;resolution/src/resolution/public_id.py:10,P05.1,tests/resolution/test_public_id.py:70,ADR-029,RISK-P3-06,—,,,,,
SIG-IDENT-033,MUST,14.8 Public identifiers and stability (Q37),covered+tested,MET,tests/resolution/test_crosswalk.py:81;exports/src/exports/bundle.py:319,—,tests/resolution/test_crosswalk.py:81,ADR-048,RISK-P3-07,—,,,,,
SIG-IDENT-034,MUST,14.8 Public identifiers and stability (Q37),covered+tested,MET,tests/resolution/test_crosswalk.py:102;resolution/src/resolution/crosswalk.py:155,—,tests/resolution/test_crosswalk.py:102,—,—,—,,,,,
SIG-INGEST-001,MUST,21.1 The eight-stage pipeline,covered+tested,MET,tests/connectors/test_stages.py:4;connectors/src/connectors/__init__.py:14,P04.1,tests/connectors/test_stages.py:4,ADR-026,RISK-P4-04,—,,,,,
SIG-INGEST-002,MUST,21.1 The eight-stage pipeline,covered+tested,MET,tests/connectors/test_stages.py:43;connectors/src/connectors/flock_portal.py:248,—,tests/connectors/test_stages.py:43,ADR-026,RISK-P4-02,—,,,,,
SIG-INGEST-003,MUST,21.1 The eight-stage pipeline,covered+tested,MET,tests/connectors/test_audit_structural.py:425;connectors/src/connectors/flock_portal.py:719,P04.3;P11.2,tests/connectors/test_audit_structural.py:425,ADR-026,RISK-P11-05;RISK-P11-06;RISK-P11-14,—,,,,,
SIG-INGEST-004,MUST,21.2 Claim identity and re-extraction,covered+untested,PARTIAL,docs/2_canonical_design_spec.md:3429,P35.34,—,—,—,P35.34,"ingestion-framework MUST (extractor_version identity / re-extraction / change-detection / manual-acq) not cited or tested by id - verify · R11 T4 (SEED-14b, 2026-10-01): PARTIAL (was PARTIAL / routing P20.1:backlog). F2a proposed a spec amendment; SEED-12b withheld it (the MUST stands) — versions in identity owed in P35.34.",implementation,implementation,,
SIG-INGEST-005,MUST,21.2 Claim identity and re-extraction,covered+untested,PARTIAL,docs/2_canonical_design_spec.md:3433,P37.5a;P37.5b,—,—,—,P37.5a,"ingestion-framework MUST (extractor_version identity / re-extraction / change-detection / manual-acq) not cited or tested by id - verify · R11 T4 (SEED-14b, 2026-10-01): PARTIAL (was PARTIAL / routing P20.1:backlog). F2a: ingestion framework hardening — P37.5a/b (R11-DEBT-03).",implementation,implementation,,
SIG-INGEST-006,MUST,"21.3 Source classes and incrementality (Q23, Q24)",deferred(RISK),PARTIAL,docs/2_canonical_design_spec.md:3444,P37.5a;P37.5b,—,—,RISK-P4-05;RISK-P4-06,P37.5a,"referenced only in risk register (compensating control); verify · R11 T4 (SEED-14b, 2026-10-01): PARTIAL (was PARTIAL / routing P20.1:backlog). F2a: ingestion framework hardening — P37.5a/b (R11-DEBT-03).",implementation,implementation,,
SIG-INGEST-007,MUST,"21.3 Source classes and incrementality (Q23, Q24)",covered+tested,MET,reconcile/src/reconcile/snapshot_diff.py;tests/reconcile/test_snapshot_diff.py;tests/api/test_api_changes.py,—,tests/reconcile/test_snapshot_diff.py;tests/api/test_api_changes.py,—,—,—,"ingestion-framework MUST (extractor_version identity / re-extraction / change-detection / manual-acq) not cited or tested by id - verify · R11 T4 (SEED-14b, 2026-10-01): MET (was PARTIAL / routing P20.1:backlog). F2a: field-level snapshot diff feeds /changes; unchanged fields across capture digests produce no event.",implementation,implementation,,
SIG-INGEST-008,MUST,"21.3 Source classes and incrementality (Q23, Q24)",covered+untested,PARTIAL,docs/2_canonical_design_spec.md:3463,P37.5a;P37.5b,—,—,—,P37.5a,"ingestion-framework MUST (extractor_version identity / re-extraction / change-detection / manual-acq) not cited or tested by id - verify · R11 T4 (SEED-14b, 2026-10-01): PARTIAL (was PARTIAL / routing P20.1:backlog). F2a: ingestion framework hardening — P37.5a/b (R11-DEBT-03).",implementation,implementation,,
SIG-INGEST-009,MUST,21.4 Source disappearance is data,covered+tested,MET,tests/connectors/test_connector_disappearance.py:4;connectors/src/connectors/__init__.py:24,—,tests/connectors/test_connector_disappearance.py:4,—,—,—,,,,,
SIG-INGEST-010,MUST,21.4 Source disappearance is data,covered+untested,PARTIAL,docs/2_canonical_design_spec.md:3473,P37.5a;P37.5b,—,—,—,P37.5a,"claimed (PR/traceability) but no code or test evidence · R11 T4 (SEED-14b, 2026-10-01): PARTIAL (was PARTIAL / routing P20.1:backlog). F2a: ingestion framework hardening — P37.5a/b (R11-DEBT-03).",implementation,implementation,,
SIG-INGEST-011,MUST,21.5 Politeness and access,covered+tested,MET,tests/connectors/test_audit_structural.py:71;connectors/src/connectors/flock_portal.py:785,P07.2,tests/connectors/test_audit_structural.py:71,ADR-026,—,—,,,,,
SIG-INGEST-012,MUST,21.5 Politeness and access,covered+tested,MET,tests/connectors/test_net.py:29;connectors/src/connectors/net.py:14,—,tests/connectors/test_net.py:29,ADR-026,—,—,,,,,
SIG-INGEST-013,MUST,21.5 Politeness and access,covered+tested,MET,tests/connectors/test_net.py:57;connectors/src/connectors/records.py:737,—,tests/connectors/test_net.py:57,ADR-026,—,—,,,,,
SIG-INGEST-014,MUST,21.5 Politeness and access,covered+tested,MET,tests/connectors/test_loader_gate.py:4;connectors/src/connectors/cli.py:15,—,tests/connectors/test_loader_gate.py:4,ADR-026,RISK-P4-03,—,,,,,
SIG-INGEST-015,MUST,21.6 Lineage,covered+tested,MET,tests/connectors/test_lineage.py:4;connectors/src/connectors/__init__.py:25,P02.3,tests/connectors/test_lineage.py:4,ADR-026,—,—,,,,,
SIG-INGEST-016,MUST,21.6 Lineage,covered+tested,MET,tests/connectors/test_lineage.py:56;connectors/src/connectors/lineage.py:11;tests/db/test_claim_sink.py:78,P02.3,tests/connectors/test_lineage.py:56;tests/db/test_claim_sink.py:78,ADR-026;ADR-059,RISK-P2-11;RISK-P2-01,—,Closed P19.4 (closed_by=P19.4): PgClaimSink persists connector claims to PG with ingest_run lineage (db/claim_sink.py),,,,
SIG-INGEST-017,MUST,21.7 Backfill and replay,covered+tested,MET,tests/connectors/test_replay.py:4;connectors/src/connectors/__init__.py:22;tests/db/test_claim_sink.py:78,—,tests/connectors/test_replay.py:4;tests/db/test_claim_sink.py:78,ADR-026;ADR-059,RISK-P4-01,—,Closed P19.4 (closed_by=P19.4): PgClaimSink is idempotent on the content digest across replays (db/claim_sink.py),,,,
SIG-INGEST-018,MUST,21.7 Backfill and replay,covered+tested,MET,tests/connectors/test_replay.py:40;connectors/src/connectors/isolation.py:9,—,tests/connectors/test_replay.py:40,ADR-026,—,—,,,,,
SIG-INGEST-019,MUST,21.7 Backfill and replay,covered+tested,MET,tests/connectors/test_replay.py:57;connectors/src/connectors/stages.py:273,—,tests/connectors/test_replay.py:57,ADR-026,—,—,,,,,
SIG-INGEST-020,SHOULD,21.8 Orchestration,covered+untested,MET,orchestration/src/orchestration/pipeline.py:13,—,—,ADR-016,RISK-P7-06;RISK-P5-11,—,implemented; no id-linked automated test (RISK-P19-04),,,,
SIG-INGEST-021,MUST,21.8 Orchestration,covered+tested,MET,tests/connectors/test_audit_structural.py:122;connectors/src/connectors/__init__.py:28,P04.2;P04.3;P11.2,tests/connectors/test_audit_structural.py:122,ADR-016;ADR-028,—,—,,,,,
SIG-INGEST-022,MUST,21.8 Orchestration,covered+untested,MET,ADR-016,—,—,ADR-016,—,—,"design recorded in ADR (ADR-016); implemented, not id-stamped in code",,,,
SIG-INGEST-023,MUST,22.1 Structure,covered+tested,MET,tests/unit/test_source_registry.py:4;connectors/src/connectors/registry.py:4,P00.4,tests/unit/test_source_registry.py:4,ADR-021,—,—,,,,,
SIG-INGEST-024,MUST,22.1 Structure,covered+tested,MET,tests/unit/test_source_registry.py:81;connectors/src/connectors/registry.py:17,P00.4,tests/unit/test_source_registry.py:81,ADR-021,RISK-P0-16,—,,,,,
SIG-INGEST-025,MUST,"22.2 The access matrix, as verified",covered+untested,MET,connectors/src/connectors/cli.py:10,—,—,—,—,—,implemented; no id-linked automated test (RISK-P19-04),,,,
SIG-INGEST-025a,MUST,22.3 Sources the outline does not name,covered+untested,PARTIAL,docs/2_canonical_design_spec.md:3631,P37.14,—,—,—,P37.14,"records-acquisition/statute-citation modelling sub-reqs (records_request P10.3 exists) not verified by id-linked test · R11 T4 (SEED-14b, 2026-10-01): PARTIAL (was PARTIAL / routing P20.1:backlog). F2a: statute-seeded records leads — P37.14 (R11-SRC-05).",implementation,implementation,,
SIG-INGEST-025b,MUST,22.3 Sources the outline does not name,covered+untested,PARTIAL,docs/2_canonical_design_spec.md:3646,P37.14,—,—,—,P37.14,"records-acquisition/statute-citation modelling sub-reqs (records_request P10.3 exists) not verified by id-linked test · R11 T4 (SEED-14b, 2026-10-01): PARTIAL (was PARTIAL / routing P20.1:backlog). F2a: statute-seeded records leads — P37.14 (R11-SRC-05).",implementation,implementation,,
SIG-INGEST-025c,MUST,22.3 Sources the outline does not name,covered+untested,PARTIAL,docs/2_canonical_design_spec.md:3656,P37.14,—,—,—,P37.14,"records-acquisition/statute-citation modelling sub-reqs (records_request P10.3 exists) not verified by id-linked test · R11 T4 (SEED-14b, 2026-10-01): PARTIAL (was PARTIAL / routing P20.1:backlog). F2a: statute-seeded records leads — P37.14 (R11-SRC-05).",implementation,implementation,,
SIG-INGEST-026,MUST,22.3 Sources the outline does not name,covered+tested,MET,tests/unit/test_source_registry.py:158;connectors/src/connectors/procurement.py:564,—,tests/unit/test_source_registry.py:158,—,—,—,,,,,
SIG-INGEST-027,MUST,22.4 The compact and its enforcement,covered+tested,MET,tests/unit/test_source_registry.py:62;connectors/src/connectors/registry.py:22,P00.4,tests/unit/test_source_registry.py:62,ADR-021,—,—,,,,,
SIG-INGEST-028,MUST,22.4 The compact and its enforcement,covered+tested,MET,tests/connectors/test_audit_structural.py:98;connectors/src/connectors/registry.py:13,P00.4;P04.3,tests/connectors/test_audit_structural.py:98,ADR-021;ADR-026,—,—,,,,,
SIG-INGEST-029,MUST,22.4 The compact and its enforcement,covered+untested,MET,connectors/src/connectors/cli.py:10,—,—,—,—,—,implemented; no id-linked automated test (RISK-P19-04),,,,
SIG-INGEST-030,MUST,22.5 The Eyes on Flock dependency,covered+tested,MET,tests/unit/test_source_registry.py:213;connectors/src/connectors/cli.py:10,P00.4;P11.1,tests/unit/test_source_registry.py:213,ADR-042,RISK-P0-20;RISK-P11-01;RISK-P0-17,—,,,,,
SIG-INGEST-030a,MUST,22.5 The Eyes on Flock dependency,covered+untested,MET,ADR-042-the-,—,—,ADR-042,RISK-P0-17;RISK-P0-20;RISK-P11-01;RISK-P11-07,—,"design recorded in ADR (ADR-042); implemented, not id-stamped in code",,,,
SIG-INGEST-030b,MUST,22.5 The Eyes on Flock dependency,covered+tested,MET,tests/connectors/test_flock_portal.py:240;connectors/src/connectors/flock_portal.py:27,P11.1,tests/connectors/test_flock_portal.py:240,ADR-042,—,—,,,,,
SIG-INGEST-030c,MUST,22.5 The Eyes on Flock dependency,covered+tested,MET,tests/connectors/test_flock_portal.py:100;connectors/src/connectors/flock_portal.py:24,P11.1,tests/connectors/test_flock_portal.py:100,ADR-042,RISK-P11-04,—,,,,,
SIG-INGEST-031,MUST,22.5 The Eyes on Flock dependency,covered+tested,MET,tests/connectors/test_flock_portal.py:428;connectors/src/connectors/flock_portal.py:46,P11.1,tests/connectors/test_flock_portal.py:428,ADR-042,RISK-P11-01;RISK-P0-17,—,,,,,
SIG-INGEST-032,SHOULD,22.5 The Eyes on Flock dependency,covered+untested,MET,connectors/src/connectors/cli.py:10,—,—,—,—,—,implemented; no id-linked automated test (RISK-P19-04),,,,
SIG-INGEST-033,MUST,23.1 Universal connector rules,covered+tested,MET,tests/connectors/test_atlas.py:154;connectors/src/connectors/flock_portal.py:21,P04.3;P07.2;P13.1,tests/connectors/test_atlas.py:154,ADR-028;ADR-034;ADR-035,RISK-P13-03,—,,,,,
SIG-INGEST-034,MUST,23.1 Universal connector rules,covered+tested,MET,tests/connectors/test_atlas.py:193;connectors/src/connectors/procurement.py:50,P04.3;P07.2,tests/connectors/test_atlas.py:193,ADR-028;ADR-034;ADR-035,RISK-P13-07,—,,,,,
SIG-INGEST-035,MUST,23.4 `flock_portal` — via the aggregator API,covered+tested,WAIVED(ADR-188),tests/connectors/test_flock_portal.py:173;connectors/src/connectors/flock_portal.py:10,P11.1;P11.2;P36.74,tests/connectors/test_flock_portal.py:173,ADR-042;ADR-043;ADR-188,RISK-P11-05;RISK-R11-18,P36.74,"R11 T4 (SEED-14b, 2026-10-01): WAIVED(ADR-188) (was MET / routing —). Waiver WV-10 (agent-drafted, adopted by the operator 2026-10-01T06:51:11Z; sha256 82487f7b3f0d…; ADR-188; spec G.7.2 R11-W11). Compensating controls / clauses that stand: the aggregator-source and compartment clauses keep their verdicts; P36.74 probes only and stops on any challenge. Revisit row BL-069.",hosted,,,ADR-188@2026-10-01#no-direct-capture-clause:Flock-transparency-portals-probe-only
SIG-INGEST-036,MUST,26. Crawler conduct,covered+tested,WAIVED(ADR-187),tests/connectors/test_accountability.py:214;connectors/src/connectors/flock_portal.py:14,P00.2;P07.2;P36.77,tests/connectors/test_accountability.py:214,ADR-034;ADR-035;ADR-187,RISK-P7-08;RISK-P11-02;RISK-P13-05;RISK-R11-18,P36.77,"R11 T4 (SEED-14b, 2026-10-01): WAIVED(ADR-187) (was MET / routing —). Waiver WV-09 (agent-drafted, adopted by the operator 2026-10-01T06:05:22Z; sha256 94f061234c41…; ADR-187; spec G.7.2 R11-W10). Compensating controls / clauses that stand: rules 1–5, 7 and 8 bind every source; rule 6 binds every source except DocumentCloud/MuckRock; activation only after the operator's HG-03 flip (P36.77). Other clauses keep their prior verdict (not re-assessed here). Revisit row BL-068.",hosted,,,ADR-187@2026-10-01#rule-6-ask-first:DocumentCloud-MuckRock-only
SIG-INGEST-037,MUST,26. Crawler conduct,covered+untested,WAIVED(ADR-182),connectors/src/connectors/records.py:35,P07.2;P36.74,—,ADR-034;ADR-182,RISK-P0-06,P36.74,"implemented; no id-linked automated test (RISK-P19-04) · R11 T4 (SEED-14b, 2026-10-01): WAIVED(ADR-182) (was MET / routing —). Waiver WV-07 (agent-drafted, adopted by the operator 2026-10-01T04:28:49Z; sha256 c5a71e9d7fd9…; ADR-182; spec G.7.2 R11-W9). Compensating controls / clauses that stand: the ADR-level-decision clause and rule 4 stand (ADR-168, ADR-184). Revisit row BL-066.",hosted,,,ADR-182@2026-10-01#counsel-clause
SIG-INGEST-038,MUST,22.6 The seeded source registry,covered+tested,MET,tests/unit/test_source_registry.py:43;connectors/src/connectors/_data.py:6,—,tests/unit/test_source_registry.py:43,ADR-021,RISK-P0-15,—,,,,,
SIG-INGEST-039,MUST,22.6 The seeded source registry,covered+tested,MET,tests/unit/test_local_group_registry.py:4;connectors/src/connectors/cli.py:10,—,tests/unit/test_local_group_registry.py:4,ADR-021,—,—,,,,,
SIG-INGEST-039a,MUST,22.6 The seeded source registry,covered+tested,MET,tests/unit/test_local_group_registry.py:47;connectors/src/connectors/ecosystem.py:12,P00.4,tests/unit/test_local_group_registry.py:47,—,—,—,,,,,
SIG-INGEST-039b,MUST,22.6 The seeded source registry,covered+tested,MET,tests/unit/test_local_group_registry.py:58;connectors/src/connectors/ecosystem.py:14,P00.4,tests/unit/test_local_group_registry.py:58,—,—,—,,,,,
SIG-INGEST-040,MUST,22.6 The seeded source registry,covered+tested,MET,tests/unit/test_local_group_registry.py:67;connectors/src/connectors/cli.py:10,P00.4,tests/unit/test_local_group_registry.py:67,—,—,—,,,,,
SIG-INGEST-041,MUST,22.7 The Data Library specialist-dataset backlog,deferred(RISK),PARTIAL,docs/2_canonical_design_spec.md:4007,P37.13,—,—,RISK-P17-02;RISK-P17-08;RISK-P17-13,P37.13,"referenced only in risk register (compensating control); verify · R11 T4 (SEED-14b, 2026-10-01): PARTIAL (was PARTIAL / routing P20.1:backlog). F2a: registry completeness + discovery sweep — P37.13 (R11-SRC-04).",implementation,implementation,,
SIG-INGEST-042,MUST,22.7 The Data Library specialist-dataset backlog,covered+tested,MET,tests/connectors/test_coarse_international.py:4;connectors/src/connectors/coarse_international.py:9,P18.1,tests/connectors/test_coarse_international.py:4,ADR-056,—,—,,,,,
SIG-INGEST-043,MUST,23.9 `data_driven` — the vendor-neutral historical ALPR netw,covered+tested,MET,connectors/src/connectors/data_driven.py:1;tests/connectors/test_data_driven.py:1,P21.8,tests/connectors/test_data_driven.py::test_writes_per_agency_aggregate_claims_only;tests/connectors/test_data_driven.py::test_per_search_column_release_is_refused,ADR-070,RISK-P0-08;RISK-P21-14;RISK-P21-15,—,Closed P21.8: first-class data_driven connector; per-agency aggregate rows only (aggregate-only schema rejection tested) over committed fixtures; live gated (HG-03 pending),,,,
SIG-INGEST-043a,MUST,23.9 `data_driven` — the vendor-neutral historical ALPR netw,covered+tested,MET,connectors/src/connectors/data_driven.py:1;tests/connectors/test_data_driven.py:1,P21.8,tests/connectors/test_data_driven.py::test_non_hit_proportion_is_the_key_structural_number,ADR-070,RISK-P21-14,—,Closed P21.8: measured scan/hit/non-hit aggregates ingested (~99.552% non-hit) not paraphrased,,,,
SIG-INGEST-043b,MUST,23.9 `data_driven` — the vendor-neutral historical ALPR netw,covered+tested,MET,connectors/src/connectors/data_driven.py:1;tests/connectors/test_data_driven.py:1,P21.8,tests/connectors/test_data_driven.py::test_versioned_reingest_appends_new_dated_claims_and_overwrites_nothing;tests/connectors/test_data_driven.py::test_release_digest_changes_between_versions,ADR-070,RISK-P21-14,—,Closed P21.8: release-version model — digest + retrieval date per release; article recorded as context; file artifacts targeted directly,,,,
SIG-INGEST-043c,MUST,23.9 `data_driven` — the vendor-neutral historical ALPR netw,covered+tested,MET,connectors/src/connectors/data_driven.py:1;tests/connectors/test_data_driven.py:1,P21.8,tests/connectors/test_data_driven.py::test_sharing_is_degree_only_never_an_edge_list;tests/connectors/test_data_driven.py::test_crosswalk_resolves_at_least_one_agency_to_a_sig_identity,ADR-070,RISK-P0-08,—,Closed P21.8: sharing DEGREE only never the edge list; agency crosswalk through the P03.2 cascade (tier-labelled),,,,
SIG-INGEST-043d,MUST,23.9 `data_driven` — the vendor-neutral historical ALPR netw,covered+tested,MET,connectors/src/connectors/data_driven.py:1;tests/connectors/test_data_driven.py:1,P21.8,tests/connectors/test_data_driven.py::test_retention_window_preserved_per_column_never_normalized;tests/connectors/test_data_driven.py::test_versioned_reingest_appends_new_dated_claims_and_overwrites_nothing,ADR-070,RISK-P21-14,—,Closed P21.8: per-column retention windows preserved in incommensurable units; versioned re-ingest = new dated claims never overwrite,,,,
SIG-INGEST-044,RATIONALE,23.9 `data_driven` — the vendor-neutral historical ALPR netw,rationale-only,N/A-RATIONALE,docs/2_canonical_design_spec.md:4328,—,—,—,—,—,rationale for the Data Driven source class,,,,
SIG-INGEST-045,MUST,23.2 `osm` — physical assets,covered+tested,MET,tests/connectors/test_osm.py:205;connectors/src/connectors/osm.py:14,P04.2,tests/connectors/test_osm.py:205,ADR-027,—,—,,,,,
SIG-INGEST-045a,MUST,23.2 `osm` — physical assets,covered+tested,MET,tests/connectors/test_osm.py:258;connectors/src/connectors/osm.py:24,P04.2,tests/connectors/test_osm.py:258,ADR-027,—,—,,,,,
SIG-INGEST-045b,RATIONALE,23.2 `osm` — physical assets,rationale-only,N/A-RATIONALE,tests/connectors/test_osm.py:134;connectors/src/connectors/osm.py:20,P04.2,tests/connectors/test_osm.py:134,ADR-027,—,—,rationale statement (Part 0 3.1); no build obligation,,,,
SIG-INGEST-045c,MUST,23.2 `osm` — physical assets,covered+untested,MET,connectors/src/connectors/osm.py:53,—,—,ADR-027,—,—,implemented; no id-linked automated test (RISK-P19-04),,,,
SIG-INGEST-045d,MUST,23.2 `osm` — physical assets,covered+tested,MET,tests/connectors/test_osm.py:388;connectors/src/connectors/osm.py:306,P04.2,tests/connectors/test_osm.py:388,ADR-027,RISK-P4-06;RISK-P4-04,—,,,,,
SIG-INGEST-045e,MUST,23.2 `osm` — physical assets,covered+tested,MET,tests/connectors/test_osm.py:319;connectors/src/connectors/osm.py:27,P04.2,tests/connectors/test_osm.py:319,ADR-027,—,—,,,,,
SIG-INGEST-045f,MUST,23.2 `osm` — physical assets,covered+tested,MET,tests/connectors/test_osm.py:141;connectors/src/connectors/osm.py:62,—,tests/connectors/test_osm.py:141,ADR-027,—,—,,,,,
SIG-INGEST-045g,MUST,23.2 `osm` — physical assets,covered+tested,MET,tests/connectors/test_osm.py:285;connectors/src/connectors/osm.py:32,P04.2,tests/connectors/test_osm.py:285,ADR-027,—,—,,,,,
SIG-INGEST-045h,MUST,23.2 `osm` — physical assets,covered+tested,MET,tests/connectors/test_osm.py:393;connectors/src/connectors/osm.py:308,—,tests/connectors/test_osm.py:393,ADR-027,RISK-P4-06;RISK-P4-04,—,,,,,
SIG-INGEST-045i,MUST,23.2 `osm` — physical assets,covered+tested,MET,tests/connectors/test_osm.py:401;connectors/src/connectors/osm.py:316,—,tests/connectors/test_osm.py:401,ADR-027,—,—,,,,,
SIG-INGEST-045j,MUST,23.2 `osm` — physical assets,covered+tested,MET,tests/connectors/test_osm.py:417;connectors/src/connectors/osm.py:372,—,tests/connectors/test_osm.py:417,ADR-027,—,—,,,,,
SIG-INGEST-046,MUST,23.7 `audit_structural` — HIBF / agency audit exports,covered+tested,MET,tests/connectors/test_audit_structural.py:285;connectors/src/connectors/audit_structural.py:43,P11.2,tests/connectors/test_audit_structural.py:285,—,RISK-P11-11,—,,,,,
SIG-INGEST-046a,MUST,23.7 `audit_structural` — HIBF / agency audit exports,covered+untested,MET,connectors/src/connectors/audit_structural.py:13,P11.2,—,ADR-043,RISK-P11-09;RISK-P18-13,—,implemented; no id-linked automated test (RISK-P19-04),,,,
SIG-INGEST-046b,MUST,23.7 `audit_structural` — HIBF / agency audit exports,covered+tested,MET,connectors/src/connectors/net.py#L365-393;connectors/src/connectors/runner.py#L640;tests/connectors/test_net.py;docs/build/reports/live_runs/2026-09-19_ok_statute_p2617.json,—,tests/connectors/test_net.py,—,—,—,"robots.txt / rights-reservation live-fetch compliance not built (no live transport, LD-F03) · R11 T4 (SEED-14b, 2026-10-01): MET (was MISSING / routing P21.3). F2a: robots verdict recorded and disregarded (never enforced) per GL-GATE-08/ADR-088 and the ADR-145 spec text; serialised into the fetch record; a recorded live run carries it. Was MISSING (stale P21.3 routing).",hosted,hosted,,
SIG-INGEST-046c,MUST,23.7 `audit_structural` — HIBF / agency audit exports,unreferenced,MISSING,docs/2_canonical_design_spec.md:4251,P36.1a;P36.1b,—,—,—,P36.1a,"robots.txt / rights-reservation live-fetch compliance not built (no live transport, LD-F03) · R11 T4 (SEED-14b, 2026-10-01): MISSING (was MISSING / routing P21.3). F2a: no affirmative rights-reservation state; P36.1a/b (R11-GOV-04) classifies captured licence metadata and refuses reservations (not waived; plan §6.5, §14 R-19).",hosted,,,
SIG-INGEST-047,MUST,"23.6 `procurement` — cooperative vehicles, USAspending, agen",covered+tested,MET,tests/connectors/test_procurement.py:12;connectors/src/connectors/procurement.py:125,P07.3,tests/connectors/test_procurement.py:12,ADR-035,—,—,,,,,
SIG-INGEST-048,MUST,22.6 The seeded source registry,covered+untested,PARTIAL,docs/2_canonical_design_spec.md:3911,P37.13,—,—,—,P37.13,"Phase-0 registration of the four post-mid-2025 sources not verified against sources.toml by id · R11 T4 (SEED-14b, 2026-10-01): PARTIAL (was PARTIAL / routing P20.1:backlog). F2a: registry completeness + discovery sweep — P37.13 (R11-SRC-04).",implementation,implementation,,
SIG-INGEST-048a,RATIONALE,22.6 The seeded source registry,rationale-only,N/A-RATIONALE,docs/2_canonical_design_spec.md:3926,—,—,—,—,—,rationale statement (Part 0 3.1); no build obligation,,,,
SIG-INGEST-048b,MUST,22.6 The seeded source registry,covered+tested,MET,tests/unit/test_source_registry.py:227,—,tests/unit/test_source_registry.py:227,—,RISK-P0-18,—,,,,,
SIG-INGEST-049,MUST,22.6 The seeded source registry,covered+tested,MET,connectors/src/connectors/data/sources.toml:1316;connectors/src/connectors/government_mandated_disclosure.py:1;connectors/src/connectors/data/government_mandated_disclosure_vocab.toml:168;tests/connectors/test_government_mandated_disclosure.py:77,P24.7,tests/connectors/test_government_mandated_disclosure.py,ADR-080,RISK-P24-05,—,"the government_mandated_disclosure connector class lands (ADR-080): four registry rows carry the new SourceKind (the class-level row + ccops_seattle/ccops_nyc_post/ccops_sf); class posture public record / pdf / document_pipeline carried as vocab data; sources stay ingestion_permitted=false (HG-03), live run refuses exit 3",,,,
SIG-INGEST-049a,MUST,22.6 The seeded source registry,covered+tested,MET,connectors/src/connectors/data/government_mandated_disclosure_vocab.toml:185;tests/connectors/test_government_mandated_disclosure.py:106,P24.7,tests/connectors/test_government_mandated_disclosure.py,ADR-080,RISK-P24-05,—,"depth-not-breadth carried as data + pinned: ~26 jurisdictions, ~5% population, ~0.14% of agencies, 0 machine-readable, JPEG canonical list, registry_row_cap=26 — the class is bounded, calibration not coverage",,,,
SIG-INGEST-049b,MUST,22.6 The seeded source registry,covered+tested,MET,connectors/src/connectors/data/government_mandated_disclosure_vocab.toml:52;tests/connectors/test_government_mandated_disclosure.py:242,P24.7,tests/connectors/test_government_mandated_disclosure.py,ADR-080,RISK-P24-05,—,"the dossier field list is the predicate allowlist (retention, audit, named sharing partners, acquisition+operating cost incl. vendor subsidies, deployment locations, signage, effectiveness, complaint+usage counts, external access, disparate impact); fixtures emit the fields the disclosures actually carry (Seattle SIR, NYC POST IUP, SF inventory)",,,,
SIG-INGEST-049c,SHOULD,22.6 The seeded source registry,covered+tested,MET,connectors/src/connectors/data/sources.toml:1316;connectors/src/connectors/runner.py:74;tests/connectors/test_government_mandated_disclosure.py:160,P24.7,tests/connectors/test_government_mandated_disclosure.py,ADR-080,RISK-P24-05,—,"the three paying connectors land as one connector class + three per-source extractors (ADR-071 precedent): Seattle field_questionnaire, NYC POST policy_clauses (pdf_text layer), SF inventory_table; each runs the eight stages + loader gate over committed fixtures, shadow diff=0",,,,
SIG-INGEST-049d,MUST,22.6 The seeded source registry,covered+tested,MET,tests/connectors/test_government_mandated_disclosure.py:294;connectors/src/connectors/government_mandated_disclosure.py:501,P24.7,tests/connectors/test_government_mandated_disclosure.py,ADR-080,RISK-P24-05,—,the calibration corpus is honest: every claim cites its legally compelled public disclosure URL + retrieval date + locator (the checkable rows for §28/§29.2 reconciliation); depth-not-breadth scope carried,,,,
SIG-INGEST-049e,MUST,22.6 The seeded source registry,covered+tested,MET,tests/connectors/test_government_mandated_disclosure.py:449;connectors/src/connectors/government_mandated_disclosure.py:711,P24.7,tests/connectors/test_government_mandated_disclosure.py,ADR-080,RISK-P24-05,—,the non-compliance finding is a first-class compliance_finding claim: SF's biannual inventory emits in_use_without_policy_count=37 / policy_compliance_share=0.66 / the verbatim 26% finding; a commitment document cannot assert it (DeploymentInferenceError),,,,
SIG-INGEST-049f,MUST,22.6 The seeded source registry,covered+tested,MET,connectors/src/connectors/data/state_alpr_statute_seed.toml:1;connectors/src/connectors/data/sources.toml:1357;tests/connectors/test_government_mandated_disclosure.py:500,P24.7,tests/connectors/test_government_mandated_disclosure.py,ADR-080,RISK-P24-05,—,"the one national inventory (NCSL, HTML-only, 17 rows/16 states) seeded as committed data labelled as_of 2022-02-03, frozen + never_a_feed; source row registered; spine ingest gate-pending HG-03 (D-CCOPS.1-1)",,,,
SIG-INGEST-050,MUST,22.6 The seeded source registry,covered+tested,MET,connectors/src/connectors/data/sources.toml:1364;tests/connectors/test_government_mandated_disclosure.py:530,P24.7,tests/connectors/test_government_mandated_disclosure.py,ADR-080,RISK-P24-05,—,"the future-due mandated source is registered NOW with its commencement date (future_statutory_disclosure_2027, first reports due 2027-04-01); absence before the due date is the lawful not_applicable coverage state; post-due-date non-compliance detection rides SIG-INGEST-049e",,,,
SIG-LIC-001,MUST,42.1 Rights as first-class data,covered+tested,MET,tests/unit/test_source_registry.py:97;connectors/src/connectors/registry.py:20,P00.2;P00.4,tests/unit/test_source_registry.py:97,ADR-009;ADR-021,RISK-P0-16;RISK-P0-19,—,,,,,
SIG-LIC-002,MUST,42.1 Rights as first-class data,covered+untested,MET,policy/src/policy/rights.py:4,—,—,—,—,—,implemented; no id-linked automated test (RISK-P19-04),,,,
SIG-LIC-003,MUST,42.1 Rights as first-class data,covered+tested,MET,tests/unit/test_source_registry.py:81;connectors/src/connectors/registry.py:17,—,tests/unit/test_source_registry.py:81,ADR-009;ADR-021,—,—,,,,,
SIG-LIC-004,MUST,42.1 Rights as first-class data,covered+tested,MET,tests/unit/test_source_registry.py:238;connectors/src/connectors/registry.py:26,P00.2;P00.4;P14.1;P14.2,tests/unit/test_source_registry.py:238,ADR-021;ADR-048,RISK-P0-01;RISK-P3-07;RISK-P14-06,—,,,,,
SIG-LIC-004a,MUST,42.2 SIG's own licences,covered+tested,MET,tests/connectors/test_flock_portal.py:173;connectors/src/connectors/flock_portal.py:80,P00.2;P11.1;P14.2,tests/connectors/test_flock_portal.py:173,ADR-009;ADR-011;ADR-042,RISK-P11-03,—,,,,,
SIG-LIC-004b,MUST,42.2 SIG's own licences,covered+tested,MET,tests/connectors/test_flock_portal.py:256;connectors/src/connectors/flock_portal.py:51,P00.2;P11.1,tests/connectors/test_flock_portal.py:256,ADR-042,—,—,,,,,
SIG-LIC-004c,MUST,42.2 SIG's own licences,covered+untested,MET,policy/src/policy/licensing.py:20,—,—,ADR-030,RISK-P5-10,—,implemented; no id-linked automated test (RISK-P19-04),,,,
SIG-LIC-005,MUST,42.2 SIG's own licences,covered+tested,MET,tests/unit/test_policy_licensing.py:140;exports/src/exports/bundle.py:46,P00.2,tests/unit/test_policy_licensing.py:140,—,—,—,,,,,
SIG-LIC-006,MUST,"42.3 The ODbL posture (Q13, Q14)",covered+tested,PARTIAL,tests/connectors/test_osm.py:344;connectors/src/connectors/osm.py:57,P04.2,tests/connectors/test_osm.py:344,ADR-011;ADR-027,RISK-P4-07;RISK-P4-06,BL-092,"R11 T4 (SEED-15, 2026-10-01T16:56:43Z): PARTIAL routed BL-092 (was MET / routing —). The spec keeps SIG-LIC-006's 'physically separate table' clause and says 'the stored-table split stays owed' (§42.3 note; Appendix G.7.5): separation holds at the export boundary (compartment stamping + the export licence gate), the stored ODbL table split is not built (RISK-P4-07 → BL-092). Owed leg D-R11-LIC006-1 (owner PLAN-11B). ADR-150 D3: MET allows no open leg. Agent interpretation, labelled.",,,D-R11-LIC006-1,
SIG-LIC-007,RATIONALE,"42.3 The ODbL posture (Q13, Q14)",rationale-only,N/A-RATIONALE,tasks/src/tasks/contribution.py:499,—,—,—,—,—,rationale statement (Part 0 3.1); no build obligation,,,,
SIG-LIC-007a,MUST,"42.3a The contribution licence conflict, and its resolution",covered+tested,MET,tests/unit/test_policy_licensing.py:200;policy/src/policy/licensing.py:58,P16.2,tests/unit/test_policy_licensing.py:200,ADR-055,RISK-P16-16,—,,,,,
SIG-LIC-007b,MUST,"42.3a The contribution licence conflict, and its resolution",covered+untested,MET,ADR-055-no-d,—,—,ADR-055,—,—,"design recorded in ADR (ADR-055); implemented, not id-stamped in code",,,,
SIG-LIC-007c,MUST,"42.3a The contribution licence conflict, and its resolution",covered+untested,MET,tasks/src/tasks/contribution.py:583,—,—,ADR-055,—,—,implemented; no id-linked automated test (RISK-P19-04),,,,
SIG-LIC-008,MUST,"42.3a The contribution licence conflict, and its resolution",covered+untested,MET,exports/src/exports/formats.py:24,—,—,—,—,—,implemented; no id-linked automated test (RISK-P19-04),,,,
SIG-LIC-009,MUST,"42.3a The contribution licence conflict, and its resolution",covered+untested,WAIVED(ADR-182),ADR-011-the-,P16.2;P36.2,—,ADR-011;ADR-182,RISK-P16-16;RISK-R11-20,P36.2,"design recorded in ADR (ADR-011); implemented, not id-stamped in code · R11 T4 (SEED-14b, 2026-10-01): WAIVED(ADR-182) (was MET / routing —). Waiver WV-07 (agent-drafted, adopted by the operator 2026-10-01T04:28:49Z; sha256 c5a71e9d7fd9…; ADR-182; spec G.7.2 R11-W9). Compensating controls / clauses that stand: the risk-register clause stands (RISK-P0-01…04 kept; §14 R-19/R-20 rows); rights decisions rest on the operator's recorded determinations, labelled (ADR-167). Revisit row BL-066.",implementation,,,ADR-182@2026-10-01#counsel-referral-clause
SIG-LIC-009a,MUST,42.4 Export-time computation,covered+tested,MET,tests/unit/test_policy_licensing.py:105;connectors/src/connectors/records.py:964,P00.2;P14.2,tests/unit/test_policy_licensing.py:105,ADR-048,RISK-P0-02;RISK-P14-13,—,,,,,
SIG-LIC-010,MUST,42.4 Export-time computation,covered+tested,MET,tests/connectors/test_osm.py:344;connectors/src/connectors/cli.py:17,P04.1;P04.2;P14.2,tests/connectors/test_osm.py:344,ADR-009;ADR-026;ADR-048,RISK-P4-03;RISK-P14-11,—,,,,,
SIG-LIC-011,MUST,42.4 Export-time computation,covered+tested,MET,tests/unit/test_policy_licensing.py:144;exports/src/exports/compartments.py:25,P00.2;P14.2,tests/unit/test_policy_licensing.py:144,ADR-048,RISK-P14-14,—,,,,,
SIG-LIC-012,MUST,42.5 Reusability,covered+untested,PARTIAL,docs/2_canonical_design_spec.md:6079,P36.50,—,—,—,P36.50,"open code shipped (Apache-2.0); open data/models/reproducibility bundle pending first publication · R11 T4 (SEED-14b, 2026-10-01): PARTIAL (was PARTIAL / routing P20.1:backlog). F2b: downloads page / provenance links / data dictionary — P36.50 (R11-K13-TX-10b).",public,implementation,,
SIG-LLM-001,MAY,25.1 Permitted uses,covered+tested,MET,tests/parsing/test_extraction.py:4;resolution/src/resolution/review_queue.py:150,P05.2,tests/parsing/test_extraction.py:4,ADR-030,RISK-P5-10,—,,,,,
SIG-LLM-002,MUST,25.2 Prohibited uses,covered+tested,MET,tests/resolution/test_review_queue.py:8;resolution/src/resolution/review_queue.py:20,P05.2,tests/resolution/test_review_queue.py:8,ADR-030,RISK-P5-07,—,,,,,
SIG-LLM-003,MUST,25.3 Required scaffolding,covered+tested,MET,tests/parsing/test_cli_extraction.py:6;parsing/src/parsing/__init__.py:24,P05.2,tests/parsing/test_cli_extraction.py:6,ADR-030,—,—,,,,,
SIG-LLM-004,MUST,25.3 Required scaffolding,covered+tested,MET,tests/parsing/test_extraction.py:4;resolution/src/resolution/review_queue.py:317,P05.2,tests/parsing/test_extraction.py:4,ADR-030,RISK-P5-08,—,,,,,
SIG-LLM-005,MUST,25.3 Required scaffolding,covered+tested,MET,tests/parsing/test_extraction.py:4;parsing/src/parsing/__init__.py:24,P05.2,tests/parsing/test_extraction.py:4,ADR-030,—,—,,,,,
SIG-LLM-006,MUST,25.3 Required scaffolding,covered+tested,MET,tests/parsing/test_extraction.py:4;parsing/src/parsing/__init__.py:24,P05.2,tests/parsing/test_extraction.py:4,ADR-030,RISK-P5-11;RISK-P5-05,—,,,,,
SIG-LLM-007,MUST,25.3 Required scaffolding,covered+tested,MET,tests/parsing/test_extraction.py:4;parsing/src/parsing/__init__.py:24,P05.2,tests/parsing/test_extraction.py:4,ADR-030,RISK-P5-09,—,,,,,
SIG-METRIC-001,MUST,32.1 The coverage record,covered+tested,MET,tests/unit/test_absence.py:93;tasks/src/tasks/dispositions.py:16,P09.1,tests/unit/test_absence.py:93,ADR-038,RISK-P9-01,—,,,,,
SIG-METRIC-002,MUST,32.1 The coverage record,covered+tested,MET,tests/tasks/test_tasks_dispositions.py:89;tasks/src/tasks/dispositions.py:71,—,tests/tasks/test_tasks_dispositions.py:89,ADR-038,—,—,,,,,
SIG-METRIC-002a,MUST,32.1 The coverage record,covered+tested,MET,tests/connectors/test_procurement.py:12;connectors/src/connectors/procurement.py:41,P07.3,tests/connectors/test_procurement.py:12,ADR-035;ADR-038,RISK-P7-14;RISK-P7-16;RISK-P9-02,—,,,,,
SIG-METRIC-003,MUST,32.2 Published denominators,covered+untested,MET,inference/src/inference/coverage.py:150,—,—,ADR-038,RISK-P9-04,—,implemented; no id-linked automated test (RISK-P19-04),,,,
SIG-METRIC-004,MUST,32.2 Published denominators,covered+tested,MET,tests/inference/test_denominators.py:7;inference/src/inference/denominators.py:15,—,tests/inference/test_denominators.py:7,ADR-038,—,—,,,,,
SIG-METRIC-005,MUST,32.3 Provenance completeness,covered+tested,MET,tests/inference/test_denominators.py:8;inference/src/inference/denominators.py:16,—,tests/inference/test_denominators.py:8,ADR-038,RISK-P9-07,—,,,,,
SIG-METRIC-006,MUST,32.4 Freshness,covered+tested,MET,tests/inference/test_freshness.py:7;inference/src/inference/freshness.py:7,P15.5,tests/inference/test_freshness.py:7,ADR-038;ADR-053,RISK-P9-05,—,,,,,
SIG-METRIC-007,MUST,32.4 Freshness,covered+tested,MET,tests/inference/test_freshness.py:51;web/tests/unit/metrics.test.ts:14;inference/src/inference/freshness.py:14,—,tests/inference/test_freshness.py:51,ADR-038;ADR-053,—,—,,,,,
SIG-METRIC-008,MUST,32.5 Completeness estimation — and why capture–recapture is ,covered+tested,MET,tests/inference/test_completeness.py:8;web/tests/unit/metrics.test.ts:52;inference/src/inference/completeness.py:8,P15.5,tests/inference/test_completeness.py:8,ADR-038;ADR-053,RISK-P9-06;RISK-P15-27,—,,,,,
SIG-METRIC-008a,MUST,32.5 Completeness estimation — and why capture–recapture is ,covered+tested,MET,tests/inference/test_completeness.py:34;inference/src/inference/completeness.py:9,—,tests/inference/test_completeness.py:34,ADR-038,—,—,,,,,
SIG-METRIC-008b,MAY,32.5 Completeness estimation — and why capture–recapture is ,covered+tested,MET,tests/inference/test_completeness.py:9;inference/src/inference/completeness.py:15,—,tests/inference/test_completeness.py:9,ADR-038,—,—,,,,,
SIG-METRIC-009,MUST,32.5 Completeness estimation — and why capture–recapture is ,covered+tested,MET,tests/inference/test_completeness.py:10;web/tests/unit/metrics.test.ts:29;inference/src/inference/completeness.py:22,—,tests/inference/test_completeness.py:10,ADR-038;ADR-053,—,—,,,,,
SIG-METRIC-010,MUST,32.5 Completeness estimation — and why capture–recapture is ,covered+tested,MET,tests/inference/test_completeness.py:40;web/tests/unit/metrics.test.ts:35;inference/src/inference/completeness.py:26,—,tests/inference/test_completeness.py:40,ADR-038;ADR-053,—,—,,,,,
SIG-METRIC-011,MUST,32.6 Ecosystem leverage metrics,covered+untested,MET,tasks/src/tasks/contribution.py:381,—,—,—,—,—,implemented; no id-linked automated test (RISK-P19-04),,,,
SIG-ONTO-001,MUST,8.1 The six-layer model,covered+untested,PARTIAL,docs/2_canonical_design_spec.md:714,P02.1;P37.57a;P37.57b,—,—,—,P37.57a,"claimed (PR/traceability) but no code or test evidence · R11 T4 (SEED-14b, 2026-10-01): PARTIAL (was PARTIAL / routing P20.1:backlog). F2a: owed check (projection rebuild CI / layer-direction test) — P37.57a/b (R11-DEBT-01).",implementation,implementation,,
SIG-ONTO-002,MUST,8.1 The six-layer model,covered+untested,MET,db/deploy/inference_schema.sql:6,—,—,—,—,—,implemented; no id-linked automated test (RISK-P19-04),,,,
SIG-ONTO-003,MUST,8.2 The critical separation: L2 holds no facts,covered+untested,MET,ontology/generated/pydantic/sig_models.py:1198,P18.1,—,ADR-056,—,—,implemented; no id-linked automated test (RISK-P19-04),,,,
SIG-ONTO-004,MUST,8.2 The critical separation: L2 holds no facts,covered+untested,MET,docs/2_canonical_design_spec.md:777,—,—,—,—,—,denormalized L3 read models = domain_entities projections (db/deploy/domain_entities.sql),,,,
SIG-ONTO-005,MUST,8.3 The domain layers (what the sources look like),covered+tested,MET,tests/ontology/test_predicate_registry.py;tests/reconcile/test_resolve.py,—,tests/ontology/test_predicate_registry.py;tests/reconcile/test_resolve.py,—,—,—,"architectural invariant (layer separation / reconciliation-not-authority) enforced by the six-layer model + schema; not cited by id · R11 T4 (SEED-14b, 2026-10-01): MET (was MET-DIFFERENTLY / routing accepted). F2b: per-predicate authority; tests cited. Was boilerplate MET-DIFFERENTLY.",implementation,implementation,,
SIG-ONTO-006,MUST,8.3 The domain layers (what the sources look like),process/governance,MET-DIFFERENTLY,docs/2_canonical_design_spec.md:804,—,—,—,—,P34.48,"architectural invariant (layer separation / reconciliation-not-authority) enforced by the six-layer model + schema; not cited by id · R11 T4 (SEED-14b, 2026-10-01): routing accepted → P34.48 — one of the 61 unsampled prefix-default MET-DIFFERENTLY rows (no ADR or risk row names it); P34.48 re-verdicts it row by row (plan §6.6; FEA-01). Verdict unchanged here.",,,,
SIG-ONTO-007,MUST,8.4 What SIG stores versus what SIG references,covered+untested,MET,ADR-027,P04.2,—,ADR-027,—,—,"design recorded in ADR (ADR-027); implemented, not id-stamped in code",,,,
SIG-ONTO-008,MUST,8.5 The reconciliation core,process/governance,MET-DIFFERENTLY,docs/2_canonical_design_spec.md:835,—,—,—,—,P34.48,"architectural invariant (layer separation / reconciliation-not-authority) enforced by the six-layer model + schema; not cited by id · R11 T4 (SEED-14b, 2026-10-01): routing accepted → P34.48 — one of the 61 unsampled prefix-default MET-DIFFERENTLY rows (no ADR or risk row names it); P34.48 re-verdicts it row by row (plan §6.6; FEA-01). Verdict unchanged here.",,,,
SIG-ONTO-009,MUST,8.5 The reconciliation core,process/governance,MET-DIFFERENTLY,docs/2_canonical_design_spec.md:854,—,—,—,—,P34.48,"architectural invariant (layer separation / reconciliation-not-authority) enforced by the six-layer model + schema; not cited by id · R11 T4 (SEED-14b, 2026-10-01): routing accepted → P34.48 — one of the 61 unsampled prefix-default MET-DIFFERENTLY rows (no ADR or risk row names it); P34.48 re-verdicts it row by row (plan §6.6; FEA-01). Verdict unchanged here.",,,,
SIG-ONTO-010,MUST,11.1 `Jurisdiction` **[NEW]**,covered+tested,MET,tests/ontology/test_schema_structure.py:100;resolution/src/resolution/jurisdiction.py:6,P01.1,tests/ontology/test_schema_structure.py:100,—,—,—,,,,,
SIG-ONTO-011,MUST,11.1 `Jurisdiction` **[NEW]**,covered+tested,MET,tests/resolution/test_jurisdiction.py:52;resolution/src/resolution/jurisdiction.py:33,P01.1,tests/resolution/test_jurisdiction.py:52,—,RISK-P3-01,—,,,,,
SIG-ONTO-012,MUST,11.2 `Organization`,covered+tested,MET,tests/resolution/test_identity.py:5;connectors/src/connectors/coarse_international.py:46,P01.1,tests/resolution/test_identity.py:5,—,—,—,,,,,
SIG-ONTO-013,MUST,11.2 `Organization`,covered+tested,MET,tests/resolution/test_identity.py:80;resolution/src/resolution/identity.py:13,P01.1,tests/resolution/test_identity.py:80,—,—,—,,,,,
SIG-ONTO-014,MUST,"11.3 `Person` **[NEW]**, and tightly constrained",covered+tested,MET,tests/ontology/test_schema_structure.py:136;db/deploy/domain_entities.sql:49,P01.1,tests/ontology/test_schema_structure.py:136,—,—,—,,,,,
SIG-ONTO-015,MUST,"11.3 `Person` **[NEW]**, and tightly constrained",covered+untested,MET,db/deploy/domain_entities.sql:49,P01.1,—,—,—,—,implemented; no id-linked automated test (RISK-P19-04),,,,
SIG-ONTO-016,MUST,"11.3 `Person` **[NEW]**, and tightly constrained",covered+untested,MET,db/deploy/domain_entities.sql:49,P01.1,—,—,—,—,implemented; no id-linked automated test (RISK-P19-04),,,,
SIG-ONTO-017,MUST,11.4 `Product`,covered+untested,MET,ontology/generated/pydantic/sig_models.py:1232,P01.1,—,—,—,—,implemented; no id-linked automated test (RISK-P19-04),,,,
SIG-ONTO-018,MUST,11.4 `Product`,covered+tested,MET,tests/reconcile/test_additional.py:78;reconcile/src/reconcile/additional.py:16,P01.1,tests/reconcile/test_additional.py:78,—,—,—,,,,,
SIG-ONTO-019,MUST,11.5 `Technology`,covered+untested,MET,ontology/generated/pydantic/sig_models.py:1247,P01.1,—,—,—,—,implemented; no id-linked automated test (RISK-P19-04),,,,
SIG-ONTO-020,MUST,11.5 `Technology`,covered+tested,MET,tests/ontology/test_vocabularies.py:29,P01.1,tests/ontology/test_vocabularies.py:29,—,—,—,,,,,
SIG-ONTO-021,MUST,11.5 `Technology`,covered+untested,MET,connectors/src/connectors/coarse_international.py:13,P01.1,—,—,—,—,implemented; no id-linked automated test (RISK-P19-04),,,,
SIG-ONTO-022,MUST,11.5 `Technology`,covered+tested,MET,tests/support.py:57,P01.1,tests/support.py:57,—,—,—,,,,,
SIG-ONTO-023,MUST,"11.6 `Capability` — a verb grammar, not a noun list",covered+tested,MET,tests/ontology/test_vocabularies.py:45;db/deploy/domain_entities.sql:76,P01.1;P17.2,tests/ontology/test_vocabularies.py:45,—,—,—,,,,,
SIG-ONTO-024,MUST,"11.6 `Capability` — a verb grammar, not a noun list",covered+tested,MET,tests/ontology/test_vocabularies.py:53,P01.1,tests/ontology/test_vocabularies.py:53,—,—,—,,,,,
SIG-ONTO-025,MUST,"11.6 `Capability` — a verb grammar, not a noun list",covered+tested,MET,tests/ontology/test_vocabularies.py:55;db/deploy/domain_entities.sql:81,P01.1,tests/ontology/test_vocabularies.py:55,—,—,—,,,,,
SIG-ONTO-026,MUST,11.7 `Deployment`,covered+tested,MET,tests/ontology/generalization/test_stage5_acoustic_drone_location.py:24;ontology/generated/pydantic/sig_models.py:1270,P01.1;P17.2;P17.3,tests/ontology/generalization/test_stage5_acoustic_drone_location.py:24,—,—,—,,,,,
SIG-ONTO-027,MUST,11.8 `PhysicalAsset`,covered+tested,MET,tests/ontology/generalization/test_stage5_acoustic_drone_location.py:17;ontology/generated/pydantic/sig_models.py:1298,P01.1;P17.3,tests/ontology/generalization/test_stage5_acoustic_drone_location.py:17,—,—,—,,,,,
SIG-ONTO-028,MUST,11.8 `PhysicalAsset`,covered+untested,PARTIAL,docs/2_canonical_design_spec.md:1703,P01.1;P35.14a;P35.14b,—,—,—,P35.14a,"claimed (PR/traceability) but no code or test evidence · R11 T4 (SEED-14b, 2026-10-01): PARTIAL (was PARTIAL / routing P20.1:backlog). F2a: ontology/vocabulary conformance batch — P35.14a/b (R11-DATA-03).",implementation,implementation,,
SIG-ONTO-029,MUST,11.9 `CandidateAsset` **[NEW]**,covered+untested,MET,db/deploy/domain_entities.sql:111,P01.1,—,—,—,—,implemented; no id-linked automated test (RISK-P19-04),,,,
SIG-ONTO-030,MUST,11.9 `CandidateAsset` **[NEW]**,covered+untested,MET,ontology/generated/pydantic/sig_models.py:540,P01.1,—,—,—,—,implemented; no id-linked automated test (RISK-P19-04),,,,
SIG-ONTO-031,MUST,11.10 `DataSystem`,covered+tested,MET,tests/ontology/generalization/test_stage5_acoustic_drone_location.py:309;ontology/generated/pydantic/sig_models.py:1335,P01.1;P17.1;P17.2;P17.3,tests/ontology/generalization/test_stage5_acoustic_drone_location.py:309,—,RISK-P17-06,—,,,,,
SIG-ONTO-032,MUST,11.11 `Contract`,covered+tested,MET,tests/connectors/test_procurement.py:8;connectors/src/connectors/procurement.py:19,P01.1;P07.3;P18.2,tests/connectors/test_procurement.py:8,ADR-035;ADR-057,RISK-P7-12;RISK-P18-08,—,,,,,
SIG-ONTO-033,MUST,11.12 `FundingInstrument` **[NEW]**,covered+tested,MET,tests/connectors/test_procurement.py:9;connectors/src/connectors/procurement.py:25,P01.1;P07.3,tests/connectors/test_procurement.py:9,ADR-035,RISK-P7-13,—,,,,,
SIG-ONTO-034,MUST,11.13 `Policy`,covered+tested,MET,tests/reconcile/test_policy_config.py:82;ontology/generated/pydantic/sig_models.py:1392,P01.1;P13.2,tests/reconcile/test_policy_config.py:82,ADR-046,RISK-P13-10,—,,,,,
SIG-ONTO-035,MUST,11.15 `ConfigurationState`,covered+untested,PARTIAL,docs/2_canonical_design_spec.md:1845,P01.1;P35.14a;P35.14b,—,—,—,P35.14a,"claimed (PR/traceability) but no code or test evidence · R11 T4 (SEED-14b, 2026-10-01): PARTIAL (was PARTIAL / routing P20.1:backlog). F2a: ontology/vocabulary conformance batch — P35.14a/b (R11-DATA-03).",implementation,implementation,,
SIG-ONTO-035a,MUST,11.15 `ConfigurationState`,covered+untested,MET,ontology/generated/pydantic/sig_models.py:1428,—,—,—,—,—,implemented; no id-linked automated test (RISK-P19-04),,,,
SIG-ONTO-036,MUST,11.15 `ConfigurationState`,covered+tested,MET,tests/reconcile/test_retention.py:60;reconcile/src/reconcile/retention.py:11,P01.1,tests/reconcile/test_retention.py:60,—,RISK-P8-07,—,,,,,
SIG-ONTO-037,MUST,11.16 `UsageAggregate`,covered+tested,MET,tests/ontology/test_schema_structure.py:231;ontology/generated/pydantic/sig_models.py:1450,P01.1;P12.1,tests/ontology/test_schema_structure.py:231,ADR-044,—,—,,,,,
SIG-ONTO-038,MUST,11.17 `AccountabilityEvent` and 11.18 `LegalProceeding`,covered+tested,MET,tests/connectors/test_accountability.py:7;connectors/src/connectors/accountability.py:17,P01.1;P13.1,tests/connectors/test_accountability.py:7,—,RISK-P13-01,—,,,,,
SIG-ONTO-039,MUST,11.17 `AccountabilityEvent` and 11.18 `LegalProceeding`,covered+tested,MET,tests/connectors/test_accountability.py:8;connectors/src/connectors/accountability.py:25,P01.1;P13.1,tests/connectors/test_accountability.py:8,—,RISK-P13-02,—,,,,,
SIG-ONTO-040,MUST,11.19 `RecordsRequest` **[NEW]**,covered+tested,MET,tests/connectors/test_records.py:7;connectors/src/connectors/records.py:24,P01.1;P07.2,tests/connectors/test_records.py:7,ADR-034,RISK-P7-07,—,,,,,
SIG-ONTO-041,MUST,12.1 Universal edge requirements,covered+tested,MET,tests/ontology/test_schema_structure.py:106;db/deploy/relationships.sql:31,P01.1;P17.2,tests/ontology/test_schema_structure.py:106,—,RISK-P17-06,—,,,,,
SIG-ONTO-042,MUST,12.2 The three sharing edge types that MUST NEVER be merged,covered+tested,MET,tests/connectors/test_audit_structural.py:244;connectors/src/connectors/flock_portal.py:37,P01.1;P11.1;P11.2;P12.2,tests/connectors/test_audit_structural.py:244,ADR-042;ADR-043;ADR-045,RISK-P12-08,—,,,,,
SIG-ONTO-043,MUST,12.2 The three sharing edge types that MUST NEVER be merged,covered+untested,MET,ADR-045,P01.1,—,ADR-045,—,—,"design recorded in ADR (ADR-045); implemented, not id-stamped in code",,,,
SIG-ONTO-044,MUST,12.2 The three sharing edge types that MUST NEVER be merged,covered+tested,MET,tests/inference/test_access_paths.py:216;inference/src/inference/access_paths.py:200,P01.1,tests/inference/test_access_paths.py:216,ADR-045,—,—,,,,,
SIG-ONTO-045,MUST,12.3 Integration edges,covered+tested,MET,tests/ontology/test_schema_structure.py:112;db/deploy/relationships.sql:7,P01.1;P17.1,tests/ontology/test_schema_structure.py:112,—,—,—,,,,,
SIG-ONTO-046,MUST,12.3 Integration edges,covered+tested,MET,tests/ontology/generalization/test_stage5_federation.py:31;db/deploy/relationships.sql:30,P01.1;P17.1,tests/ontology/generalization/test_stage5_federation.py:31,—,—,—,,,,,
SIG-ONTO-047,MUST,"12.4 The role model: fourteen roles, not four",covered+tested,MET,tests/ontology/generalization/test_stage5_federation.py:20;ontology/generated/pydantic/sig_models.py:1714,P01.1;P17.1,tests/ontology/generalization/test_stage5_federation.py:20,—,—,—,,,,,
SIG-ONTO-048,MUST,"12.4 The role model: fourteen roles, not four",covered+untested,MET,ontology/generated/pydantic/sig_models.py:1714,P01.1;P17.1,—,—,RISK-P17-04;RISK-P17-12,—,implemented; no id-linked automated test (RISK-P19-04),,,,
SIG-ONTO-049,MUST,12.5 `AccessRelationship`,covered+tested,MET,tests/ontology/generalization/test_generalization.py:76;ontology/generated/pydantic/sig_models.py:1070,P01.1;P12.2,tests/ontology/generalization/test_generalization.py:76,ADR-045,—,—,,,,,
SIG-ONTO-050,MUST,12.8 Prohibited edges,covered+tested,MET,tests/ontology/test_schema_structure.py:85,P01.1,tests/ontology/test_schema_structure.py:85,—,—,—,,,,,
SIG-ONTO-051,MUST,12.9 Mapping the twelve power properties,covered+untested,PARTIAL,docs/2_canonical_design_spec.md:2130,P01.1;P35.14a;P35.14b,—,—,—,P35.14a,"claimed (PR/traceability) but no code or test evidence · R11 T4 (SEED-14b, 2026-10-01): PARTIAL (was PARTIAL / routing P20.1:backlog). F2a: ontology/vocabulary conformance batch — P35.14a/b (R11-DATA-03).",implementation,implementation,,
SIG-ONTO-052,MUST,13.1 Technology (`domain` → `family` → `technology`),covered+tested,MET,tests/ontology/test_vocabularies.py:24,P01.1,tests/ontology/test_vocabularies.py:24,—,—,—,,,,,
SIG-ONTO-052a,MUST,13.1 Technology (`domain` → `family` → `technology`),covered+tested,MET,tests/ontology/test_vocabularies.py:19;ontology/src/ontology/generate.py:428,—,tests/ontology/test_vocabularies.py:19,—,—,—,,,,,
SIG-ONTO-053,MUST,13.1 Technology (`domain` → `family` → `technology`),covered+tested,MET,tests/ontology/test_vocabularies.py:59,P01.1,tests/ontology/test_vocabularies.py:59,—,—,—,,,,,
SIG-ONTO-054,MUST,13.1 Technology (`domain` → `family` → `technology`),covered+tested,MET,ontology/src/ontology/generate.py#L463-467;tests/ontology/test_vocabularies.py,P01.1,tests/ontology/test_vocabularies.py,—,—,—,"claimed (PR/traceability) but no code or test evidence · R11 T4 (SEED-14b, 2026-10-01): MET (was PARTIAL / routing P20.1:backlog). F2a: every family carries an -unspecified leaf (test_every_family_has_an_unspecified_leaf).",implementation,implementation,,
SIG-ONTO-055,MUST,13.1 Technology (`domain` → `family` → `technology`),covered+untested,PARTIAL,docs/2_canonical_design_spec.md:2187,P01.1;P35.14a;P35.14b,—,—,—,P35.14a,"claimed (PR/traceability) but no code or test evidence · R11 T4 (SEED-14b, 2026-10-01): PARTIAL (was PARTIAL / routing P20.1:backlog). F2a: ontology/vocabulary conformance batch — P35.14a/b (R11-DATA-03).",implementation,implementation,,
SIG-ONTO-056,MUST,13.1 Technology (`domain` → `family` → `technology`),covered+tested,MET,tests/ontology/test_vocabularies.py:34;db/deploy/domain_entities.sql:67,P01.1,tests/ontology/test_vocabularies.py:34,—,—,—,,,,,
SIG-ONTO-057,MUST,13.1 Technology (`domain` → `family` → `technology`),covered+untested,PARTIAL,docs/2_canonical_design_spec.md:2195,P01.1;P35.14a;P35.14b,—,—,—,P35.14a,"claimed (PR/traceability) but no code or test evidence · R11 T4 (SEED-14b, 2026-10-01): PARTIAL (was PARTIAL / routing P20.1:backlog). F2a: ontology/vocabulary conformance batch — P35.14a/b (R11-DATA-03).",implementation,implementation,,
SIG-ONTO-057a,SHOULD,13.1 Technology (`domain` → `family` → `technology`),covered+untested,PARTIAL,docs/2_canonical_design_spec.md:2200,—,—,—,—,BL-091,"SHOULD align own taxonomy to an external one (SKOS mappings exist); per-external alignment unverified · R11 T4 (SEED-14b, 2026-10-01): PARTIAL (was PARTIAL / routing P20.1:backlog). F2a: later-phase — next technology-vocabulary version (trigger-gated; BACKLOG BL-091).",implementation,implementation,,
SIG-ONTO-058,MUST,13.1 Technology (`domain` → `family` → `technology`),covered+untested,MET,ADR-028,P01.1,—,ADR-028,—,—,"design recorded in ADR (ADR-028); implemented, not id-stamped in code",,,,
SIG-ONTO-059,MUST,13.1 Technology (`domain` → `family` → `technology`),covered+tested,MET,tests/connectors/test_atlas.py:233;connectors/src/connectors/atlas.py:34,P01.1;P04.3,tests/connectors/test_atlas.py:233,ADR-028,—,—,,,,,
SIG-ONTO-060,MUST,13.2 Capability (`verb.object.scope`),covered+untested,PARTIAL,docs/2_canonical_design_spec.md:2230,P01.1;P35.14a,—,—,—,P35.14a,"claimed (PR/traceability) but no code or test evidence · R11 T4 (SEED-14b, 2026-10-01): PARTIAL (was PARTIAL / routing P20.1:backlog). F2a proposed a spec amendment; SEED-12b withheld it (the MUST stands), so the enum read + proposal is owed — P35.14a.",implementation,implementation,,
SIG-ONTO-061,MUST,13.4 Deployment lifecycle — four orthogonal tracks,covered+tested,MET,tests/db/test_schema_integrity.py:47;db/deploy/domain_entities.sql:87,P01.1,tests/db/test_schema_integrity.py:47,—,—,—,,,,,
SIG-ONTO-062,MUST,13.4 Deployment lifecycle — four orthogonal tracks,covered+untested,MET,ontology/generated/pydantic/sig_models.py:365,P01.1,—,—,—,—,implemented; no id-linked automated test (RISK-P19-04),,,,
SIG-ONTO-063,MUST,13.4 Deployment lifecycle — four orthogonal tracks,covered+untested,MET,ontology/generated/pydantic/sig_models.py:344,P01.1,—,—,—,—,implemented; no id-linked automated test (RISK-P19-04),,,,
SIG-ONTO-064,MUST,13.4 Deployment lifecycle — four orthogonal tracks,covered+untested,PARTIAL,docs/2_canonical_design_spec.md:2287,P01.1;P37.9,—,—,—,P37.9,"claimed (PR/traceability) but no code or test evidence · R11 T4 (SEED-14b, 2026-10-01): PARTIAL (was PARTIAL / routing P20.1:backlog). F2a: lifecycle into the dossier timeline — P37.9 (R11-DATA-05).",public,implementation,,
SIG-ONTO-065,MUST,13.4 Deployment lifecycle — four orthogonal tracks,covered+untested,PARTIAL,docs/2_canonical_design_spec.md:2292,P01.1;P37.9,—,—,—,P37.9,"claimed (PR/traceability) but no code or test evidence · R11 T4 (SEED-14b, 2026-10-01): PARTIAL (was PARTIAL / routing P20.1:backlog). F2a: lifecycle into the dossier timeline — P37.9 (R11-DATA-05).",public,implementation,,
SIG-ONTO-066,MUST,13.6 Predicates,covered+tested,MET,tests/ontology/test_predicate_registry.py:4;reconcile/src/reconcile/weight.py:183,P01.1,tests/ontology/test_predicate_registry.py:4,—,—,—,,,,,
SIG-ONTO-067,MUST,13.6 Predicates,covered+tested,MET,tests/ontology/test_predicate_registry.py:39,P01.1;P06.1,tests/ontology/test_predicate_registry.py:39,ADR-031,RISK-P1-03,—,,,,,
SIG-ONTO-068,MUST,13.7 Internationalization of vocabularies,covered+tested,MET,tests/connectors/test_france_belgium.py:7;connectors/src/connectors/france_belgium.py:25,P01.1;P18.1;P18.2,tests/connectors/test_france_belgium.py:7,ADR-056;ADR-057,RISK-P18-01,—,,,,,
SIG-ONTO-069,MUST,13.7 Internationalization of vocabularies,covered+tested,MET,tests/ontology/test_i18n.py:13;policy/src/policy/jurisdiction.py:120,P01.1;P18.1,tests/ontology/test_i18n.py:13,ADR-056,—,—,,,,,
SIG-PARSE-001,MUST,24.1 Layered strategy,covered+tested,MET,tests/parsing/test_claim.py:7;connectors/src/connectors/procurement.py:701,P07.1,tests/parsing/test_claim.py:7,ADR-033,—,—,,,,,
SIG-PARSE-002,MUST,24.1 Layered strategy,covered+tested,MET,tests/connectors/test_records.py:401;parsing/src/parsing/classification.py:4,P07.1,tests/connectors/test_records.py:401,ADR-033,—,—,,,,,
SIG-PARSE-003,MUST,24.1 Layered strategy,covered+tested,MET,tests/parsing/test_claim.py:6;parsing/src/parsing/__init__.py:14,P05.2;P07.1,tests/parsing/test_claim.py:6,ADR-030;ADR-033,RISK-P5-08;RISK-P7-02,—,,,,,
SIG-PARSE-004,MUST,24.1 Layered strategy,covered+tested,MET,tests/parsing/test_claim.py:5;parsing/src/parsing/reason_codes.py:29,P07.1,tests/parsing/test_claim.py:5,ADR-033,—,—,,,,,
SIG-PARSE-005,MUST,24.2 Reason-code normalization,covered+tested,MET,tests/parsing/test_reason_codes.py:4;parsing/src/parsing/reason_codes.py:11,P07.1,tests/parsing/test_reason_codes.py:4,ADR-033,—,—,,,,,
SIG-PARSE-006,MUST,24.2 Reason-code normalization,covered+tested,MET,tests/parsing/test_reason_codes.py:24;parsing/src/parsing/reason_codes.py:20,P07.1,tests/parsing/test_reason_codes.py:24,ADR-033,—,—,,,,,
SIG-PARSE-007,MUST,24.3 Parser drift,covered+tested,MET,tests/connectors/test_audit_structural.py:7;connectors/src/connectors/flock_portal.py:260,P04.2;P07.1,tests/connectors/test_audit_structural.py:7,ADR-028;ADR-033,RISK-P4-06;RISK-P4-04;RISK-P4-10,—,,,,,
SIG-PARSE-008,MUST,24.3 Parser drift,covered+tested,MET,tests/connectors/test_osm.py:375;connectors/src/connectors/flock_portal.py:258,P07.1,tests/connectors/test_osm.py:375,ADR-028;ADR-033,RISK-P7-06;RISK-P5-11,—,,,,,
SIG-PUB-001,MUST,43.1 The bright line,process/governance,MET-DIFFERENTLY,docs/2_canonical_design_spec.md:6089,—,—,—,—,P34.48,"charter/process/epistemic/publication-safety principle satisfied by design + policy package (P00.2/P00.3) + honest-rendering rules; not cited by id · R11 T4 (SEED-14b, 2026-10-01): routing accepted → P34.48 — one of the 61 unsampled prefix-default MET-DIFFERENTLY rows (no ADR or risk row names it); P34.48 re-verdicts it row by row (plan §6.6; FEA-01). Verdict unchanged here.",,,,
SIG-PUB-002,MUST,43.2 Categorically excluded data,covered+untested,MET,policy/src/policy/publication.py:8,P00.2,—,—,—,—,implemented; no id-linked automated test (RISK-P19-04),,,,
SIG-PUB-003,MUST,43.2 Categorically excluded data,covered+tested,MET,tests/db/test_schema_integrity.py:143;policy/src/policy/officer.py:15,—,tests/db/test_schema_integrity.py:143,—,—,—,,,,,
SIG-PUB-003a,MUST,43.2a SIG must never become the de-pseudonymisation join,covered+untested,MET,api/src/api/terms.py:22,—,—,—,—,—,implemented; no id-linked automated test (RISK-P19-04),,,,
SIG-PUB-003b,MUST,43.2a SIG must never become the de-pseudonymisation join,covered+untested,MET,policy/src/policy/publication.py:15,—,—,—,—,—,implemented; no id-linked automated test (RISK-P19-04),,,,
SIG-PUB-003c,MUST,43.2a SIG must never become the de-pseudonymisation join,covered+untested,MET,policy/src/policy/publication.py:60,—,—,—,—,—,implemented; no id-linked automated test (RISK-P19-04),,,,
SIG-PUB-003d,SHOULD,43.2a SIG must never become the de-pseudonymisation join,process/governance,MET-DIFFERENTLY,docs/2_canonical_design_spec.md:6142,—,—,—,—,P34.48,"charter/process/epistemic/publication-safety principle satisfied by design + policy package (P00.2/P00.3) + honest-rendering rules; not cited by id · R11 T4 (SEED-14b, 2026-10-01): routing accepted → P34.48 — one of the 61 unsampled prefix-default MET-DIFFERENTLY rows (no ADR or risk row names it); P34.48 re-verdicts it row by row (plan §6.6; FEA-01). Verdict unchanged here.",,,,
SIG-PUB-004,MUST,43.3 Coordinate sensitivity,covered+untested,MET,policy/src/policy/sensitivity.py:6,P00.2;P14.1,—,—,—,—,implemented; no id-linked automated test (RISK-P19-04),,,,
SIG-PUB-005,MUST,43.3 Coordinate sensitivity,covered+untested,MET,policy/src/policy/sensitivity.py:13,—,—,—,—,—,implemented; no id-linked automated test (RISK-P19-04),,,,
SIG-PUB-006,MUST,43.3 Coordinate sensitivity,process/governance,MET-DIFFERENTLY,docs/2_canonical_design_spec.md:6165,—,—,—,—,P34.48,"charter/process/epistemic/publication-safety principle satisfied by design + policy package (P00.2/P00.3) + honest-rendering rules; not cited by id · R11 T4 (SEED-14b, 2026-10-01): routing accepted → P34.48 — one of the 61 unsampled prefix-default MET-DIFFERENTLY rows (no ADR or risk row names it); P34.48 re-verdicts it row by row (plan §6.6; FEA-01). Verdict unchanged here.",,,,
SIG-PUB-007,MUST,43.4 The officer-naming test,covered+tested,AT-RISK-INTEGRATION,tests/unit/test_policy_officer.py:4;policy/src/policy/threat_model.py:20,P00.2;P35.28,tests/unit/test_policy_officer.py:4,—,—,P35.28,"web/ renders from fixtures (web/src/lib/*-fixture.ts), not the live export/API path; P19.5: reviewed at capstone closure — web still reads fixtures, live export/API wiring is P21.4 (LD-V08); re-routed P19.4:M→P21.4 · R11 T4 (SEED-14b, 2026-10-01): AT-RISK-INTEGRATION (was AT-RISK-INTEGRATION / routing P21.4). F2a: the five-prong gate (policy/officer.py) never runs on the publication path (exports/web hard-code isPublicEmployeeName rows); P35.28 routes every such row through it, default deny. Old P21.4 routing stale.",public,implementation,,
SIG-PUB-008,MUST,43.4 The officer-naming test,covered+tested,WAIVED(ADR-163),tests/unit/test_policy_officer.py:4;policy/src/policy/officer.py:4,—,tests/unit/test_policy_officer.py:4,ADR-163,RISK-P0-05;RISK-P5-06;RISK-R11-22,P35.28,"R11 T4 (SEED-14b, 2026-10-01): WAIVED(ADR-163) (was MET / routing —). Waiver WV-03 (A-23, agent-drafted, adopted by the operator 2026-10-01T04:28:49Z; sha256 44644f6bd6ff…; ADR-163; G.7 R11-W7): the HG-11 second-reviewer role is waived for Round-11 releases. Clause split: SIG-PUB-008's naming concurrence is NOT waived — nobody is named; the Python gate is fail-closed but the web publication path bypasses it (F2b, latent) — P35.28 routes web naming through the default-deny gate (ADR-163 names MET-ENGINEERED for the concurrence leg once that lands). Revisit row BL-062.",public,implementation,,ADR-163@2026-10-01#HG-11-second-reviewer-role:Round-11-releases
SIG-PUB-009,MUST,43.4 The officer-naming test,covered+tested,MET,tests/unit/test_policy_officer.py:4;policy/src/policy/officer.py:4,—,tests/unit/test_policy_officer.py:4,—,—,—,,,,,
SIG-PUB-010,MUST,43.4 The officer-naming test,covered+tested,MET,tests/unit/test_policy_officer.py:4;policy/src/policy/officer.py:4,—,tests/unit/test_policy_officer.py:4,ADR-043,—,—,,,,,
SIG-PUB-011,MUST,43.5 Candidate assets and RF-derived leads,covered+untested,MET,policy/src/policy/sensitivity.py:67,—,—,—,—,—,implemented; no id-linked automated test (RISK-P19-04),,,,
SIG-PUB-012,MUST,43.5 Candidate assets and RF-derived leads,covered+untested,PARTIAL,docs/2_canonical_design_spec.md:6193,P37.10,—,ADR-068,—,P37.10,"authenticated curation service + /curate web surface built (P21.6, ADR-068): ER review queue, contradiction/task dispositions, L0 entry, revert — all append-only w/ human actor id; asset-promotion gate (human field / corroboration) itself still NOT wired to the curation service (out of scope P21.6; MapRoulette/OSM contribution-back → P21.7) · R11 T4 (SEED-14b, 2026-10-01): PARTIAL (was PARTIAL / routing P21.6). F2a: schema only, no promotion writer; the BL-009 split-out gate was never homed (F2a NEW-2) — P37.10 owns it. Old P21.6 routing stale.",composed-db,implementation,,
SIG-PUB-013,MUST,43.5 Candidate assets and RF-derived leads,covered+tested,MET,tests/unit/test_policy_sensitivity.py:35;policy/src/policy/sensitivity.py:15,—,tests/unit/test_policy_sensitivity.py:35,—,—,—,,,,,
SIG-PUB-014,MUST,43.5 Candidate assets and RF-derived leads,covered+untested,MET,policy/src/policy/sensitivity.py#L66-74,—,—,—,—,—,"charter/process/epistemic/publication-safety principle satisfied by design + policy package (P00.2/P00.3) + honest-rendering rules; not cited by id · R11 T4 (SEED-14b, 2026-10-01): MET (was MET-DIFFERENTLY / routing accepted). F2b: met vacuously — no RF/Layer-G data reaches the UI; add the 'suspected'-class terms to the editorial lint before any Layer-G ingest. Was boilerplate MET-DIFFERENTLY.",implementation,implementation,,
SIG-PUB-014a,MUST,43.6a The republisher absorbs the consequence — a worked pre,covered+tested,MET,tests/unit/test_policy_threat_model.py:46;policy/src/policy/threat_model.py:20,—,tests/unit/test_policy_threat_model.py:46,—,—,—,,,,,
SIG-PUB-014b,MUST,43.6a The republisher absorbs the consequence — a worked pre,covered+tested,MET,evidence/src/evidence/tiers.py#L29;tests/evidence/test_tiers.py;policy/src/policy/governance.py#L14-17,—,tests/evidence/test_tiers.py,—,—,—,"charter/process/epistemic/publication-safety principle satisfied by design + policy package (P00.2/P00.3) + honest-rendering rules; not cited by id · R11 T4 (SEED-14b, 2026-10-01): MET (was MET-DIFFERENTLY / routing accepted). F2b: sealed = metadata only; tests cited. Was boilerplate MET-DIFFERENTLY.",implementation,implementation,,
SIG-PUB-015,MUST,43.7 Redaction,covered+untested,PARTIAL,docs/2_canonical_design_spec.md:6242,P36.15,—,—,—,P36.15,"redaction-as-new-capture / irreversible-published-artifact pipeline not built (publish step) · R11 T4 (SEED-14b, 2026-10-01): PARTIAL (was MISSING / routing P21.4). F2a: redact() lineage + method/version built and tested; not wired into a reviewable redaction step or the UI/API excerpts — P36.15. Was MISSING.",public,implementation,,
SIG-PUB-016,MUST,43.7 Redaction,covered+untested,MISSING,docs/2_canonical_design_spec.md:6246,P36.15,—,—,—,P36.15,"redaction-as-new-capture / irreversible-published-artifact pipeline not built (publish step) · R11 T4 (SEED-14b, 2026-10-01): MISSING (was MISSING / routing P21.4). F2a: no irreversibility step or check exists — P36.15 (shared with SIG-PUB-015).",public,,,
SIG-PUB-017,MUST,43.8 Jurisdiction-conditional publication,covered+tested,MET,tests/unit/test_france_belgium_adapter.py:93;policy/src/policy/publication.py:16,P18.1,tests/unit/test_france_belgium_adapter.py:93,ADR-056,—,—,,,,,
SIG-RECON-001,MUST,27. Entity resolution pipeline,covered+tested,MET,tests/resolution/test_er_run.py:4;connectors/src/connectors/records.py:645,P05.1;P05.2,tests/resolution/test_er_run.py:4,ADR-029;ADR-030,—,—,,,,,
SIG-RECON-002,MUST,27. Entity resolution pipeline,covered+tested,MET,tests/resolution/test_er_run.py:142;resolution/src/resolution/er_run.py:14,P05.1,tests/resolution/test_er_run.py:142,ADR-029,—,—,,,,,
SIG-RECON-003,MUST,27. Entity resolution pipeline,covered+untested,MET,ADR-029-spli,—,—,ADR-029,—,—,"design recorded in ADR (ADR-029); implemented, not id-stamped in code",,,,
SIG-RECON-004,MUST,"28.1 Rule-based and auditable, by requirement",covered+tested,MET,tests/reconcile/test_resolve.py:4;reconcile/src/reconcile/ruleset.py:6,P08.1,tests/reconcile/test_resolve.py:4,ADR-029,RISK-P5-05,—,,,,,
SIG-RECON-005,MUST,"28.1 Rule-based and auditable, by requirement",covered+tested,MET,tests/reconcile/test_resolve.py:4;reconcile/src/reconcile/ruleset.py:4,—,tests/reconcile/test_resolve.py:4,—,—,—,,,,,
SIG-RECON-006,MUST,28.2 The algorithm,covered+tested,MET,tests/reconcile/test_resolve.py:4;reconcile/src/reconcile/resolve.py:4,—,tests/reconcile/test_resolve.py:4,—,—,—,,,,,
SIG-RECON-007,MUST,28.2 The algorithm,covered+tested,MET,tests/reconcile/test_resolve.py:4;reconcile/src/reconcile/resolve.py:4,P08.1,tests/reconcile/test_resolve.py:4,—,—,—,,,,,
SIG-RECON-008,MUST,28.3 Predicate volatility and currency,covered+tested,MET,tests/reconcile/test_resolve.py:4;reconcile/src/reconcile/resolve.py:4,P01.1;P06.1,tests/reconcile/test_resolve.py:4,ADR-031,—,—,,,,,
SIG-RECON-009,MUST,28.3 Predicate volatility and currency,covered+tested,MET,tests/reconcile/test_resolve.py:4;reconcile/src/reconcile/ruleset.py:11,P01.1,tests/reconcile/test_resolve.py:4,ADR-031,RISK-P1-04,—,,,,,
SIG-RECON-010,MUST,28.3 Predicate volatility and currency,covered+tested,MET,tests/reconcile/test_resolve.py:4;reconcile/src/reconcile/ruleset.py:82,P01.1;P08.1,tests/reconcile/test_resolve.py:4,—,—,—,,,,,
SIG-RECON-011,MUST,28.3 Predicate volatility and currency,covered+tested,MET,tests/connectors/test_flock_portal.py:461;connectors/src/connectors/flock_portal.py:667,P01.1;P11.2,tests/connectors/test_flock_portal.py:461,ADR-043,—,—,,,,,
SIG-RECON-012,MUST,28.4 Per-predicate strategies,covered+tested,MET,tests/reconcile/test_resolve.py:4;reconcile/src/reconcile/ruleset.py:71,P01.1,tests/reconcile/test_resolve.py:4,—,—,—,,,,,
SIG-RECON-013,MUST,28.4 Per-predicate strategies,covered+tested,MET,tests/reconcile/test_resolve.py:4;reconcile/src/reconcile/ruleset.py:64,—,tests/reconcile/test_resolve.py:4,—,—,—,,,,,
SIG-RECON-014,MUST,28.5 The ambiguity test — when SIG refuses to answer,covered+tested,MET,tests/reconcile/test_resolve.py:4;reconcile/src/reconcile/ruleset.py:29,—,tests/reconcile/test_resolve.py:4,—,—,—,,,,,
SIG-RECON-015,MUST,28.5 The ambiguity test — when SIG refuses to answer,covered+tested,MET,tests/reconcile/test_resolve.py:4;reconcile/src/reconcile/resolve.py:4,P08.1,tests/reconcile/test_resolve.py:4,—,—,—,,,,,
SIG-RECON-016,MUST,28.5 The ambiguity test — when SIG refuses to answer,covered+tested,MET,tests/reconcile/test_resolve.py:4;reconcile/src/reconcile/resolve.py:4,—,tests/reconcile/test_resolve.py:4,—,—,—,,,,,
SIG-RECON-017,MUST,28.5 The ambiguity test — when SIG refuses to answer,covered+tested,MET,tests/reconcile/test_resolve.py:4;reconcile/src/reconcile/resolve.py:4,—,tests/reconcile/test_resolve.py:4,—,—,—,,,,,
SIG-RECON-018,MUST,28.6 Independence and dependence discounting,covered+tested,AT-RISK-INTEGRATION,tests/reconcile/test_resolve.py:4;reconcile/src/reconcile/resolve.py:4,P35.25,tests/reconcile/test_resolve.py:4,—,—,P35.25,"R11 T4 (SEED-14b, 2026-10-01): AT-RISK-INTEGRATION (was MET / routing —). L3 §6.2: met by the function, violated by its production inputs (L1 S7); target MET when GQ-12 passes on the live spine (P35.25). Was MET.",hosted,implementation,,
SIG-RECON-019,MUST,"28.7 Recomputation, versioning, immutability",covered+tested,MET,tests/reconcile/test_resolve.py:4;reconcile/src/reconcile/resolve.py:4,P08.3,tests/reconcile/test_resolve.py:4,ADR-037,RISK-P8-13,—,,,,,
SIG-RECON-020,MUST,"28.7 Recomputation, versioning, immutability",covered+tested,MET,tests/reconcile/test_resolve.py:4;reconcile/src/reconcile/resolve.py:4,—,tests/reconcile/test_resolve.py:4,ADR-037,—,—,,,,,
SIG-RECON-021,MUST,"28.7 Recomputation, versioning, immutability",covered+tested,MET,tests/reconcile/test_resolve.py:4;reconcile/src/reconcile/resolve.py:4,P08.1;P08.3,tests/reconcile/test_resolve.py:4,ADR-037,—,—,,,,,
SIG-RECON-022,MUST,28.8 Rationale generation,covered+tested,MET,tests/reconcile/test_resolve.py:4;reconcile/src/reconcile/ruleset.py:103,—,tests/reconcile/test_resolve.py:4,—,—,—,,,,,
SIG-RECON-023,MUST,28.8 Rationale generation,covered+tested,MET,tests/reconcile/test_resolve.py:4;reconcile/src/reconcile/resolve.py:4,—,tests/reconcile/test_resolve.py:4,—,—,—,,,,,
SIG-RECON-024,MUST,28.9 Human override,covered+tested,MET,tests/reconcile/test_resolve.py:4;reconcile/src/reconcile/resolve.py:4,—,tests/reconcile/test_resolve.py:4,—,—,—,,,,,
SIG-RECON-025,MUST,28.9 Human override,covered+tested,MET,tests/reconcile/test_resolve.py:4;reconcile/src/reconcile/resolve.py:4,—,tests/reconcile/test_resolve.py:4,—,—,—,,,,,
SIG-RECON-026,MUST,29.1 Camera-count reconciliation,covered+tested,MET,tests/connectors/test_audit_structural.py:206;connectors/src/connectors/audit_structural.py:35,P06.1;P08.2;P11.2,tests/connectors/test_audit_structural.py:206,ADR-031;ADR-043,RISK-P11-10,—,,,,,
SIG-RECON-027,MUST,29.1 Camera-count reconciliation,covered+tested,MET,tests/acceptance/queries/test_j1_journalists_traversal.py:101;reconcile/src/reconcile/counts.py:99,P08.2,tests/acceptance/queries/test_j1_journalists_traversal.py:101,ADR-031,—,—,,,,,
SIG-RECON-028,MUST,29.1 Camera-count reconciliation,covered+tested,MET,tests/reconcile/test_resolve.py:523;reconcile/src/reconcile/resolve.py:489,P08.2,tests/reconcile/test_resolve.py:523,ADR-031,—,—,,,,,
SIG-RECON-029,MUST,29.1 Camera-count reconciliation,covered+tested,MET,tests/acceptance/queries/test_j1_journalists_traversal.py:102;reconcile/src/reconcile/model.py:403,P08.2,tests/acceptance/queries/test_j1_journalists_traversal.py:102,ADR-031,—,—,,,,,
SIG-RECON-030,MUST,29.2 Device attribution,covered+tested,MET,tests/reconcile/test_attribution.py:4;reconcile/src/reconcile/attribution.py:4,P08.2,tests/reconcile/test_attribution.py:4,ADR-036,—,—,,,,,
SIG-RECON-031,MUST,29.2 Device attribution,covered+tested,MET,tests/reconcile/test_attribution.py:23;reconcile/src/reconcile/model.py:313,P08.2,tests/reconcile/test_attribution.py:23,ADR-036,RISK-P8-01,—,,,,,
SIG-RECON-032,MUST,29.2 Device attribution,covered+tested,MET,tests/reconcile/test_attribution.py:58;reconcile/src/reconcile/attribution.py:10,P08.2,tests/reconcile/test_attribution.py:58,ADR-036,RISK-P8-02,—,,,,,
SIG-RECON-033,MUST,29.2 Device attribution,covered+tested,MET,tests/reconcile/test_attribution.py:147;reconcile/src/reconcile/model.py:338,P08.2,tests/reconcile/test_attribution.py:147,ADR-036,—,—,,,,,
SIG-RECON-034,MUST,29.3 Sharing-edge reconciliation,covered+tested,MET,tests/connectors/test_audit_structural.py:244;connectors/src/connectors/flock_portal.py:40,P08.2;P11.1;P11.2,tests/connectors/test_audit_structural.py:244,ADR-036;ADR-042;ADR-043,—,—,,,,,
SIG-RECON-035,MUST,29.3 Sharing-edge reconciliation,covered+tested,MET,tests/connectors/test_audit_structural.py:268;connectors/src/connectors/flock_portal.py:409,P08.2,tests/connectors/test_audit_structural.py:268,ADR-036,RISK-P8-03;RISK-P11-06,—,,,,,
SIG-RECON-036,MUST,29.3 Sharing-edge reconciliation,covered+tested,MET,tests/reconcile/test_sharing.py:69;connectors/src/connectors/flock_portal.py:372,P08.2,tests/reconcile/test_sharing.py:69,ADR-036,RISK-P8-04,—,,,,,
SIG-RECON-037,MUST,29.3 Sharing-edge reconciliation,covered+tested,MET,tests/reconcile/test_sharing.py:85;reconcile/src/reconcile/sharing.py:18,P08.2;P12.2,tests/reconcile/test_sharing.py:85,ADR-036;ADR-045,—,—,,,,,
SIG-RECON-038,MUST,29.4 Deployment lifecycle reconciliation,covered+tested,MET,tests/reconcile/test_lifecycle.py:4;reconcile/src/reconcile/lifecycle.py:4,P08.2,tests/reconcile/test_lifecycle.py:4,ADR-036,—,—,,,,,
SIG-RECON-039,MUST,29.4 Deployment lifecycle reconciliation,covered+tested,PARTIAL,tests/reconcile/test_lifecycle.py:4;reconcile/src/reconcile/lifecycle.py:4,P08.2;P37.9,tests/reconcile/test_lifecycle.py:4,ADR-036,—,P37.9,"annotation entities (Contradiction/CoverageRecord/ResearchTask) computed in memory; no psycopg in reconcile/inference/tasks - not persisted (ADR-037/038/039/054); P19.5: reviewed at capstone closure — annotation persistence is P21.2; re-routed P19.4:S→P21.2 · R11 T4 (SEED-14b, 2026-10-01): PARTIAL (was AT-RISK-INTEGRATION / routing P21.2). F2a: lifecycle reconciliation exists but does not reach the dossier timeline — P37.9 (R11-DATA-05). Was AT-RISK-INTEGRATION (stale P21.2).",public,implementation,,
SIG-RECON-040,MUST,29.4 Deployment lifecycle reconciliation,covered+tested,AT-RISK-INTEGRATION,tests/reconcile/test_lifecycle.py:4;reconcile/src/reconcile/lifecycle.py:4,P08.2;P37.9,tests/reconcile/test_lifecycle.py:4,ADR-036,RISK-P8-06,P37.9,"annotation entities (Contradiction/CoverageRecord/ResearchTask) computed in memory; no psycopg in reconcile/inference/tasks - not persisted (ADR-037/038/039/054); P19.5: reviewed at capstone closure — annotation persistence is P21.2; re-routed P19.4:S→P21.2 · R11 T4 (SEED-14b, 2026-10-01): AT-RISK-INTEGRATION (was AT-RISK-INTEGRATION / routing P21.2). F2a: built and tested component the dossier timeline does not use — P37.9 (R11-DATA-05).",public,implementation,,
SIG-RECON-041,MUST,29.4 Deployment lifecycle reconciliation,covered+tested,MET,tests/reconcile/test_lifecycle.py:4;reconcile/src/reconcile/lifecycle.py:4,P08.2,tests/reconcile/test_lifecycle.py:4,ADR-036,RISK-P8-05,—,,,,,
SIG-RECON-042,MUST,29.4 Deployment lifecycle reconciliation,covered+tested,MET,tests/reconcile/test_lifecycle.py:4;reconcile/src/reconcile/lifecycle.py:4,P08.2,tests/reconcile/test_lifecycle.py:4,ADR-036,—,—,,,,,
SIG-RECON-043,MUST,29.5 Retention reconciliation,covered+tested,MET,tests/reconcile/test_retention.py:4;reconcile/src/reconcile/retention.py:4,P08.2,tests/reconcile/test_retention.py:4,ADR-036,RISK-P8-07,—,,,,,
SIG-RECON-044,MUST,29.6 Policy-versus-configuration reconciliation,covered+tested,MET,tests/reconcile/test_policy_config.py:4;reconcile/src/reconcile/policy_config.py:4,P08.2;P13.2,tests/reconcile/test_policy_config.py:4,ADR-036;ADR-046,RISK-P8-08;RISK-P13-11,—,,,,,
SIG-RECON-045,MUST,29.7 Snapshot-diff reconciliation,covered+tested,MET,tests/connectors/test_flock_portal.py:323;connectors/src/connectors/flock_portal.py:42,P08.2;P11.1;P15.4,tests/connectors/test_flock_portal.py:323,ADR-036;ADR-052,—,—,,,,,
SIG-RECON-046,MUST,29.8 Additional workflows,covered+tested,MET,tests/reconcile/test_additional.py:4;reconcile/src/reconcile/additional.py:4,P08.2,tests/reconcile/test_additional.py:4,ADR-036,—,—,,,,,
SIG-RECON-047,MUST,30. The inference layer,covered+tested,MET,tests/inference/test_access_paths.py:313;reconcile/src/reconcile/model.py:313,P12.2,tests/inference/test_access_paths.py:313,ADR-045,—,—,,,,,
SIG-RECON-048,MUST,30.2 Access-path closure — SIG's most powerful and most dang,covered+tested,MET,tests/inference/test_access_paths.py:4;inference/src/inference/access_paths.py:7,—,tests/inference/test_access_paths.py:4,ADR-045,—,—,,,,,
SIG-RECON-049,MUST,30.2 Access-path closure — SIG's most powerful and most dang,covered+tested,MET,tests/inference/test_access_paths.py:14;inference/src/inference/access_paths.py:8,—,tests/inference/test_access_paths.py:14,ADR-045,RISK-P12-09;RISK-P12-10;RISK-P12-11,—,,,,,
SIG-RECON-050,MUST,30.2 Access-path closure — SIG's most powerful and most dang,covered+tested,MET,tests/inference/test_access_paths.py:17;web/tests/unit/network.test.ts:6;inference/src/inference/access_paths.py:35,P15.3,tests/inference/test_access_paths.py:17,ADR-045;ADR-051,RISK-P12-12;RISK-P15-19,—,,,,,
SIG-RECON-051,MUST,30.3 Prohibited inferences,process/governance,MET-DIFFERENTLY,docs/2_canonical_design_spec.md:4909,—,—,—,—,P34.48,"MUST NOT infer person identity/location - enforced by inference guards + no such code path; not cited by id · R11 T4 (SEED-14b, 2026-10-01): routing accepted → P34.48 — one of the 61 unsampled prefix-default MET-DIFFERENTLY rows (no ADR or risk row names it); P34.48 re-verdicts it row by row (plan §6.6; FEA-01). Verdict unchanged here.",,,,
SIG-RECON-052,MUST,30.4 Labelling,covered+untested,PARTIAL,docs/2_canonical_design_spec.md:4917,P36.14,—,—,—,P36.14,"inference visual/structural distinguishability - rendering rule not exercised by id-linked test · R11 T4 (SEED-14b, 2026-10-01): PARTIAL (was PARTIAL / routing P20.1:backlog). F2a: inference distinguishability — P36.14 (R11-DATA-07).",implementation,implementation,,
SIG-RECON-053,MUST,31. Contradiction as a first-class object,covered+tested,MET,tests/reconcile/test_contradiction.py:4;reconcile/src/reconcile/model.py:133,P08.3,tests/reconcile/test_contradiction.py:4,ADR-037,—,—,,,,,
SIG-RECON-054,MUST,31. Contradiction as a first-class object,covered+tested,MET,tests/reconcile/test_contradiction.py:4;reconcile/src/reconcile/model.py:172,P08.3,tests/reconcile/test_contradiction.py:4,ADR-037,RISK-P8-12,—,,,,,
SIG-RECON-055,MUST,31. Contradiction as a first-class object,covered+tested,MET,tests/reconcile/test_contradiction.py:4;reconcile/src/reconcile/model.py:145,P08.3,tests/reconcile/test_contradiction.py:4,ADR-037,RISK-P8-10;RISK-P8-11,—,,,,,
SIG-RECON-056,MUST,31. Contradiction as a first-class object,covered+tested,MET,tests/reconcile/test_contradiction.py:4;reconcile/src/reconcile/model.py:139,P08.3,tests/reconcile/test_contradiction.py:4,ADR-037,—,—,,,,,
SIG-RECON-057,MUST,31. Contradiction as a first-class object,covered+tested,MET,tests/reconcile/test_detector_task_contract.py:4;reconcile/src/reconcile/resolve.py:197,P08.3,tests/reconcile/test_detector_task_contract.py:4,ADR-037,RISK-P8-14,—,,,,,
SIG-SEC-001,MUST,44.1 The premise,covered+tested,MET,tests/unit/test_policy_threat_model.py:4;policy/src/policy/threat_model.py:4,P00.2,tests/unit/test_policy_threat_model.py:4,—,—,—,,,,,
SIG-SEC-002,MUST,44.3 Warrant-resistant architecture,process/governance,MET-DIFFERENTLY,docs/2_canonical_design_spec.md:6288,—,—,—,—,P34.48,"charter/process/epistemic/publication-safety principle satisfied by design + policy package (P00.2/P00.3) + honest-rendering rules; not cited by id · R11 T4 (SEED-14b, 2026-10-01): routing accepted → P34.48 — one of the 61 unsampled prefix-default MET-DIFFERENTLY rows (no ADR or risk row names it); P34.48 re-verdicts it row by row (plan §6.6; FEA-01). Verdict unchanged here.",,,,
SIG-SEC-003,MUST,44.3 Warrant-resistant architecture,process/governance,MISSING,docs/2_canonical_design_spec.md:6292,P37.8,—,ADR-166,—,P37.8,"transparency report (legal demands received) not published - governance operation (HG-11) · R11 T4 (SEED-14b, 2026-10-01): MISSING (was MISSING / routing P20.1:backlog). F2b: no demand-response posture or legal-demand report yet; ADR-166 decides it (written posture + published counts, canary declined); owner P37.8 (R11-GOV-03); the SEC-003 owner D-row is SEED-14a's.",public,,,
SIG-SEC-004,MUST,44.4 Access control,covered+untested,MET,ADR-012,—,—,ADR-012,—,—,"design recorded in ADR (ADR-012); implemented, not id-stamped in code",,,,
SIG-SEC-005,MUST,44.4 Access control,covered+untested,PARTIAL,docs/2_canonical_design_spec.md:6302,P37.4a;P37.4b,—,—,—,P37.4a,"restricted/sealed byte-access logging not exercised end-to-end (RLS present, audit log unverified) · R11 T4 (SEED-14b, 2026-10-01): PARTIAL (was PARTIAL / routing P20.1:backlog). F2a: audited restricted-byte access / least-privilege / security baseline partly built; owner P37.4a/b (R11-OPS-08).",hosted,implementation,,
SIG-SEC-006,MUST,44.5 Standard practice,process/governance,PARTIAL,docs/2_canonical_design_spec.md:6308,P37.4a;P37.4b,—,—,—,P37.4a,"no secrets in repo (verified); dependency/container scanning not set up in CI · R11 T4 (SEED-14b, 2026-10-01): PARTIAL (was PARTIAL / routing P20.1:backlog). F2a: audited restricted-byte access / least-privilege / security baseline partly built; owner P37.4a/b (R11-OPS-08).",hosted,implementation,,
SIG-STORE-001,MUST,15.1 The decision,covered+untested,MET,ADR-001,—,—,ADR-001,—,—,"design recorded in ADR (ADR-001); implemented, not id-stamped in code",,,,
SIG-STORE-002,MUST,15.2 The evaluation,covered+untested,MET,ADR-029-spli,—,—,ADR-029,—,—,"design recorded in ADR (ADR-029); implemented, not id-stamped in code",,,,
SIG-STORE-003,MUST,15.2 The evaluation,process/governance,MET,docs/2_canonical_design_spec.md:2579;tests/ops/test_degraded.py,—,tests/ops/test_degraded.py,ADR-067,—,—,"zero-non-PostGIS-extension start/ingest/serve proven by the zero-cost degraded rebuild + monthly keepalive.yml fails-loud test (tests/ops/test_degraded.py; P21.5, ADR-067, SIG-GOV-021, LD-P07)",,,,
SIG-STORE-004,MUST,15.4 The projections,covered+untested,PARTIAL,docs/2_canonical_design_spec.md:2610,P37.57a;P37.57b,—,ADR-067,—,P37.57a,"projection-rebuildability exercised via degraded static build + SUCCESSION rebuild (P21.5); no-sole-home = ops/mirrors.toml · R11 T4 (SEED-14b, 2026-10-01): PARTIAL (was PARTIAL / routing P21.5). F2a: owed check (projection rebuild CI / layer-direction test) — P37.57a/b (R11-DEBT-01).",implementation,implementation,,
SIG-STORE-005,MUST,15.4 The projections,covered+untested,PARTIAL,docs/2_canonical_design_spec.md:2623,P37.57a;P37.57b,—,ADR-067,—,P37.57a,"projection-rebuildability exercised via degraded static build + SUCCESSION rebuild (P21.5); no-sole-home = ops/mirrors.toml · R11 T4 (SEED-14b, 2026-10-01): PARTIAL (was PARTIAL / routing P21.5). F2a: owed check (projection rebuild CI / layer-direction test) — P37.57a/b (R11-DEBT-01).",implementation,implementation,,
SIG-STORE-006,MUST,15.5 Architecture Decision Records,covered+untested,MET,ADR-001,P00.2,—,ADR-001,—,—,"design recorded in ADR (ADR-001); implemented, not id-stamped in code",,,,
SIG-STORE-007,MUST,15.5 Architecture Decision Records,covered+tested,MET,tests/unit/test_policy_adrs.py:4,—,tests/unit/test_policy_adrs.py:4,ADR-058,—,—,,,,,
SIG-STORE-008,MUST,16.1 Identity: entities hold identity only,covered+tested,MET,tests/db/test_schema_integrity.py:4;db/deploy/entity.sql:5,P02.1,tests/db/test_schema_integrity.py:4,ADR-022,—,—,,,,,
SIG-STORE-009,MUST,16.1 Identity: entities hold identity only,covered+tested,MET,tests/db/test_schema_integrity.py:94;db/deploy/domain_entities.sql:8,P02.1,tests/db/test_schema_integrity.py:94,ADR-002,—,—,,,,,
SIG-STORE-010,MUST,16.1 Identity: entities hold identity only,covered+untested,MET,db/deploy/extensions.sql:5,—,—,ADR-010;ADR-022,—,—,implemented; no id-linked automated test (RISK-P19-04),,,,
SIG-STORE-011,MUST,16.3 Append-only enforcement,covered+tested,WAIVED(ADR-189),tests/db/test_append_only.py:4;db/deploy/temporal_invariants.sql:25,P02.1;P37.71,tests/db/test_append_only.py:4,ADR-022;ADR-189,RISK-P2-01;RISK-R11-32,P37.71,"R11 T4 (SEED-14b, 2026-10-01): WAIVED(ADR-189) (was MET / routing —). Waiver WV-11 (agent-drafted, adopted by the operator 2026-10-01T06:51:11Z; sha256 04e7b77f8db7…; ADR-189; spec G.7.2 R11-W12). Compensating controls / clauses that stand: every other role and path stays append-only (MET as recorded); the purge function does not exist yet (new sqitch change, P37.71); its use is an in-ticket go naming the material. Revisit row BL-070.",composed-db,,,ADR-189@2026-10-01#append-only:one-operator-only-purge-function
SIG-STORE-012,MUST,16.3 Append-only enforcement,covered+tested,MET,tests/db/test_append_only.py:65;db/deploy/access_control.sql:9,—,tests/db/test_append_only.py:65,—,—,—,,,,,
SIG-STORE-013,MUST,16.3 Append-only enforcement,covered+tested,MET,db/deploy/claim_append_only.sql#L56-64;tests/db/test_append_only.py,—,tests/db/test_append_only.py,—,—,—,"claimed (PR/traceability) but no code or test evidence · R11 T4 (SEED-14b, 2026-10-01): MET (was PARTIAL / routing P20.1:backlog). F2a: sys_period lower bound immutable, closed once, only in correction paths (Docker-gated DB tests).",composed-db,composed-db,,
SIG-STORE-014,MUST,16.4 The resolution table,covered+tested,MET,tests/db/test_resolution_exclusion.py:4;reconcile/src/reconcile/resolve.py:161,P02.1;P08.1,tests/db/test_resolution_exclusion.py:4,—,—,—,,,,,
SIG-STORE-015,MUST,16.4 The resolution table,covered+untested,MET,db/deploy/resolution.sql:10,—,—,—,RISK-P2-01,—,implemented; no id-linked automated test (RISK-P19-04),,,,
SIG-STORE-016,MUST,16.4 The resolution table,covered+tested,MET,tests/db/test_resolution_exclusion.py:93;db/deploy/resolution.sql:9,—,tests/db/test_resolution_exclusion.py:93,—,RISK-P2-01,—,,,,,
SIG-STORE-017,MUST,16.4 The resolution table,covered+tested,MET,tests/reconcile/test_ruleset.py:4;reconcile/src/reconcile/ruleset.py:9,P08.1,tests/reconcile/test_ruleset.py:4,—,—,—,,,,,
SIG-STORE-018,MUST,16.4 The resolution table,covered+untested,MET,reconcile/src/reconcile/rebuild.py:23,—,—,ADR-005,RISK-P2-03,—,implemented; no id-linked automated test (RISK-P19-04),,,,
SIG-STORE-019,MUST,16.4 The resolution table,covered+untested,MET,db/deploy/resolution.sql:11,—,—,—,—,—,implemented; no id-linked automated test (RISK-P19-04),,,,
SIG-STORE-020,MUST,16.6 Corrections without erasure,covered+tested,MET,tests/db/test_corrections.py:4;web/src/lib/corrections.ts:25,—,tests/db/test_corrections.py:4,ADR-002,RISK-P2-01,—,,,,,
SIG-STORE-021,MUST,16.7 EDTF encoding,covered+tested,MET,tests/unit/test_edtf.py:4;db/src/db/edtf.py:8,P02.3,tests/unit/test_edtf.py:4,ADR-024,—,—,,,,,
SIG-STORE-022,MUST,16.7 EDTF encoding,covered+tested,MET,tests/unit/test_edtf.py:50,—,tests/unit/test_edtf.py:50,ADR-024,—,—,,,,,
SIG-STORE-023,MUST,16.8 Access control,covered+tested,MET,tests/db/test_rls.py:4;db/deploy/access_control.sql:6,P02.1,tests/db/test_rls.py:4,—,—,—,,,,,
SIG-STORE-024,MUST,16.8 Access control,covered+tested,MET,tests/db/conftest.py:6;db/deploy/access_control.sql:10,—,tests/db/conftest.py:6,ADR-012,—,—,,,,,
SIG-STORE-025,MUST,18.1 The bright line,covered+tested,MET,tests/connectors/test_audit_structural.py:131;connectors/src/connectors/audit_structural.py:18,P11.2;P12.1,tests/connectors/test_audit_structural.py:131,ADR-043;ADR-044,RISK-P11-08;RISK-P12-01,—,,,,,
SIG-STORE-026,MUST,18.1 The bright line,covered+tested,MET,tests/connectors/test_audit_structural.py:154;connectors/src/connectors/audit_structural.py:22,P02.1,tests/connectors/test_audit_structural.py:154,ADR-044,—,—,,,,,
SIG-STORE-027,MUST,18.2 The substrate,covered+tested,MET,tests/db/test_analytics.py:237;db/src/db/cli.py:10,P12.1,tests/db/test_analytics.py:237,ADR-044,—,—,,,,,
SIG-STORE-028,MUST,18.3 The join,covered+tested,MET,tests/db/test_analytics.py:48;db/src/db/analytics.py:19,P12.1,tests/db/test_analytics.py:48,ADR-044,RISK-P12-02;RISK-P12-06,—,,,,,
SIG-STORE-029,MUST,18.3 The join,covered+tested,MET,tests/db/test_analytics.py:381;db/src/db/analytics.py:23,P12.1,tests/db/test_analytics.py:381,ADR-044,RISK-P12-03,—,,,,,
SIG-STORE-030,MUST,18.4 Disclosure control,covered+tested,MET,tests/db/test_suppression.py:6;db/src/db/suppression.py:20,P12.1,tests/db/test_suppression.py:6,ADR-044,RISK-P12-04;RISK-P12-05,—,,,,,
SIG-STORE-031,MUST,18.4 Disclosure control,covered+tested,MET,tests/db/test_suppression.py:90;db/src/db/suppression.py:46,—,tests/db/test_suppression.py:90,ADR-044,—,—,,,,,
SIG-STORE-032,MUST,18.4 Disclosure control,covered+tested,MET,tests/db/test_suppression.py:94;db/src/db/suppression.py:8,—,tests/db/test_suppression.py:94,ADR-044,—,—,,,,,
SIG-STORE-033,RATIONALE,18.4 Disclosure control,rationale-only,N/A-RATIONALE,tests/db/test_suppression.py:41;db/src/db/suppression.py:23,—,tests/db/test_suppression.py:41,ADR-044,—,—,rationale statement (Part 0 3.1); no build obligation,,,,
SIG-STORE-034,MUST,20.1 One source of truth,covered+tested,MET,tests/ontology/test_generation_gate.py:4;ontology/src/ontology/generate.py:9,P01.1,tests/ontology/test_generation_gate.py:4,—,—,—,,,,,
SIG-STORE-035,MUST,20.2 Published vocabularies,covered+tested,MET,tests/ontology/test_vocabularies.py:94;ontology/src/ontology/generate.py:31,P01.1,tests/ontology/test_vocabularies.py:94,—,RISK-P1-01,—,,,,,
SIG-STORE-036,MUST,20.2 Published vocabularies,covered+untested,MET,ontology/src/ontology/generate.py:242,P01.1,—,—,RISK-P1-01,—,implemented; no id-linked automated test (RISK-P19-04),,,,
SIG-STORE-037,MUST,20.2 Published vocabularies,covered+untested,PARTIAL,docs/2_canonical_design_spec.md:3351,P01.1;P35.14a;P35.14b,—,—,—,P35.14a,"claimed (PR/traceability) but no code or test evidence · R11 T4 (SEED-14b, 2026-10-01): PARTIAL (was PARTIAL / routing P20.1:backlog). F2a: ontology/vocabulary conformance batch — P35.14a/b (R11-DATA-03).",implementation,implementation,,
SIG-STORE-038,MUST,20.2 Published vocabularies,covered+tested,MET,tests/parsing/test_reason_codes.py:69;parsing/src/parsing/reason_codes.py:18,P01.1;P07.1,tests/parsing/test_reason_codes.py:69,ADR-033,RISK-P7-04,—,,,,,
SIG-STORE-039,MUST,20.3 Crosswalks to external taxonomies,covered+untested,MET,ADR-028,P01.1,—,ADR-028,RISK-P1-02,—,"design recorded in ADR (ADR-028); implemented, not id-stamped in code",,,,
SIG-STORE-040,MUST,20.3 Crosswalks to external taxonomies,covered+untested,MET,connectors/src/connectors/atlas.py:19,P01.1;P04.3,—,ADR-028,RISK-P4-09,—,implemented; no id-linked automated test (RISK-P19-04),,,,
SIG-STORE-041,MUST,20.4 Physical migrations,covered+tested,MET,tests/db/conftest.py:9,P02.1,tests/db/conftest.py:9,—,RISK-P2-04,—,,,,,
SIG-STORE-042,MUST,20.4 Physical migrations,covered+untested,MET,ADR-022-defe,—,—,ADR-022;ADR-023,RISK-P2-08,—,"design recorded in ADR (ADR-022;ADR-023); implemented, not id-stamped in code",,,,
SIG-STORE-043,MUST,20.5 Outward identifiers,covered+untested,MET,db/deploy/domain_entities.sql:34,—,—,—,—,—,implemented; no id-linked automated test (RISK-P19-04),,,,
SIG-STORE-044,MUST,20.5 Outward identifiers,covered+untested,PARTIAL,docs/2_canonical_design_spec.md:3389,P35.14a;P35.14b,—,—,—,P35.14a,"crosswalk exists (resolution/crosswalk); Wikidata-QID-as-first-class treatment unverified · R11 T4 (SEED-14b, 2026-10-01): PARTIAL (was PARTIAL / routing P20.1:backlog). F2a: ontology/vocabulary conformance batch — P35.14a/b (R11-DATA-03).",implementation,implementation,,
SIG-STORE-045,MUST,Appendix C — Consolidated DDL for the domain entities,deferred(RISK),PARTIAL,docs/2_canonical_design_spec.md:8116,P37.58,—,—,RISK-P2-04,P37.58,"referenced only in risk register (compensating control); verify · R11 T4 (SEED-14b, 2026-10-01): PARTIAL (was PARTIAL / routing P20.1:backlog). F2a chose a ticket over the LD-D01 waiver: generated-vs-deployed DDL conformance — P37.58 (R11-DEBT-02).",implementation,implementation,,
SIG-STORE-046,MUST,Appendix C — Consolidated DDL for the domain entities,covered+tested,MET,tests/db/test_schema_integrity.py:43;db/deploy/domain_entities.sql:5,P02.1,tests/db/test_schema_integrity.py:43,—,—,—,,,,,
SIG-STORE-047,MUST,C.7 What is deliberately absent,covered+tested,MET,tests/db/test_schema_integrity.py:132,—,tests/db/test_schema_integrity.py:132,—,—,—,,,,,
SIG-TASK-001,MUST,33.1 The detector specification language,covered+tested,MET,tests/tasks/test_tasks_spec.py:7;tasks/src/tasks/__init__.py:15,P10.1,tests/tasks/test_tasks_spec.py:7,ADR-039,—,—,,,,,
SIG-TASK-002,MUST,33.1 The detector specification language,covered+tested,MET,tests/tasks/test_tasks_spec.py:6;reconcile/src/reconcile/model.py:120,P10.1;P10.2,tests/tasks/test_tasks_spec.py:6,ADR-039,RISK-P10-01;RISK-P10-09,—,,,,,
SIG-TASK-003,MUST,33.2 The task catalog,covered+tested,MET,tests/tasks/test_tasks_catalog.py:6;tasks/src/tasks/catalog.py:4,P10.1;P10.2,tests/tasks/test_tasks_catalog.py:6,ADR-040,—,—,,,,,
SIG-TASK-004,MUST,33.2 The task catalog,covered+tested,MET,tests/tasks/test_tasks_catalog.py:8;tasks/src/tasks/catalog.py:18,P10.2,tests/tasks/test_tasks_catalog.py:8,ADR-040,RISK-P10-10;RISK-P10-07,—,,,,,
SIG-TASK-005,MUST,33.3 Lifecycle,covered+tested,MET,tests/tasks/test_tasks_lifecycle.py:8;tasks/src/tasks/__init__.py:18,—,tests/tasks/test_tasks_lifecycle.py:8,ADR-039,—,—,,,,,
SIG-TASK-006,MUST,33.3 Lifecycle,covered+tested,MET,tests/tasks/test_tasks_catalog.py:244;tasks/src/tasks/catalog.py:32,P10.1;P10.2,tests/tasks/test_tasks_catalog.py:244,ADR-039,RISK-P10-02;RISK-P10-11,—,,,,,
SIG-TASK-007,MUST,33.3 Lifecycle,covered+tested,MET,tests/tasks/test_tasks_lifecycle.py:8;tasks/src/tasks/lifecycle.py:14,—,tests/tasks/test_tasks_lifecycle.py:8,ADR-039,—,—,,,,,
SIG-TASK-008,MUST,33.4 Dispositions — the queue must be able to shrink,covered+tested,MET,tests/tasks/test_tasks_dispositions.py:8;web/tests/e2e/corrections-methodology.spec.ts:36;tasks/src/tasks/dispositions.py:4,P15.5,tests/tasks/test_tasks_dispositions.py:8,ADR-039;ADR-053,—,—,,,,,
SIG-TASK-009,MUST,33.4 Dispositions — the queue must be able to shrink,covered+tested,MET,tests/tasks/test_tasks_dispositions.py:6;web/tests/unit/research-queue.test.ts:34;tasks/src/tasks/catalog.py:60,P10.1;P10.3,tests/tasks/test_tasks_dispositions.py:6,ADR-039;ADR-041;ADR-053,RISK-P10-03,—,,,,,
SIG-TASK-010,MUST,33.5 Geographic queues (Q36),covered+tested,MET,tests/tasks/test_tasks_geographic.py:6;web/tests/unit/research-queue.test.ts:51;tasks/src/tasks/geographic.py:7,P10.1;P15.5,tests/tasks/test_tasks_geographic.py:6,ADR-039;ADR-053,RISK-P10-04,—,,,,,
SIG-TASK-011,MUST,33.5 Geographic queues (Q36),covered+tested,MET,tests/tasks/test_tasks_geographic.py:59;tasks/src/tasks/geographic.py:10,—,tests/tasks/test_tasks_geographic.py:59,ADR-039;ADR-053,RISK-P15-30,—,,,,,
SIG-TASK-012,MUST,33.6 Anti-abuse,covered+tested,MET,tests/tasks/test_tasks_recognition.py:6;web/tests/unit/research-queue.test.ts:99;tasks/src/tasks/recognition.py:4,P15.5,tests/tasks/test_tasks_recognition.py:6,ADR-039;ADR-053,RISK-P10-05;RISK-P15-30,—,,,,,
SIG-TASK-013,MUST,33.6 Anti-abuse,covered+tested,MET,tests/tasks/test_tasks_lifecycle.py:9;tasks/src/tasks/lifecycle.py:18,—,tests/tasks/test_tasks_lifecycle.py:9,ADR-039,RISK-P10-06,—,,,,,
SIG-TASK-014,MUST,33.7 The local-group registry,covered+tested,MET,tests/unit/test_source_registry.py:195;connectors/src/connectors/ecosystem.py:8,P00.4,tests/unit/test_source_registry.py:195,ADR-039,RISK-P10-08,—,,,,,
SIG-TASK-015,MUST,36. Records-request generation,covered+tested,MET,tests/tasks/test_tasks_records_law.py:6;tasks/src/tasks/__init__.py:32,P10.3,tests/tasks/test_tasks_records_law.py:6,ADR-041,RISK-P10-16,—,,,,,
SIG-TASK-016,MUST,36. Records-request generation,covered+tested,MET,tests/tasks/test_tasks_records_law.py:4;tasks/src/tasks/records_request.py:15,P10.3,tests/tasks/test_tasks_records_law.py:4,ADR-041,—,—,,,,,
SIG-TASK-016a,MUST,36. Records-request generation,covered+tested,MET,tests/tasks/test_tasks_records_law.py:7;tasks/src/tasks/records_request.py:18,P10.3,tests/tasks/test_tasks_records_law.py:7,ADR-041,RISK-P10-15,—,,,,,
SIG-TASK-016b,MUST,36. Records-request generation,covered+tested,MET,tests/tasks/test_tasks_records_request.py:155;tasks/src/tasks/records_request.py:180,—,tests/tasks/test_tasks_records_request.py:155,ADR-041,—,—,,,,,
SIG-TASK-017,MUST,36. Records-request generation,covered+tested,MET,tests/tasks/test_tasks_templates.py:4;tasks/src/tasks/records_request.py:25,P10.3,tests/tasks/test_tasks_templates.py:4,ADR-041,RISK-P10-18,—,,,,,
SIG-TASK-018,MUST,36. Records-request generation,covered+tested,MET,tests/tasks/test_tasks_records_request.py:13;tasks/src/tasks/records_request.py:29,P10.3,tests/tasks/test_tasks_records_request.py:13,ADR-041,—,—,,,,,
SIG-TIME-001,MUST,9.2 The five temporal dimensions,covered+untested,MET,ADR-003,—,—,ADR-003,—,—,"design recorded in ADR (ADR-003); implemented, not id-stamped in code",,,,
SIG-TIME-002,MUST,9.2 The five temporal dimensions,covered+untested,MET,ADR-022-defe,—,—,ADR-022,—,—,"design recorded in ADR (ADR-022); implemented, not id-stamped in code",,,,
SIG-TIME-003,MUST,9.2 The five temporal dimensions,process/governance,MET-DIFFERENTLY,docs/2_canonical_design_spec.md:911,—,—,—,—,P34.48,"T1 MUST NOT be inferred at ingestion - enforced by temporal model design; not cited by id · R11 T4 (SEED-14b, 2026-10-01): routing accepted → P34.48 — one of the 61 unsampled prefix-default MET-DIFFERENTLY rows (no ADR or risk row names it); P34.48 re-verdicts it row by row (plan §6.6; FEA-01). Verdict unchanged here.",,,,
SIG-TIME-004,MUST,9.3 Encoding uncertain and open-ended time,covered+tested,MET,tests/unit/test_temporal_semantics.py:7;db/src/db/temporal.py:9,P02.3,tests/unit/test_temporal_semantics.py:7,ADR-004,—,—,,,,,
SIG-TIME-005,MUST,9.3 Encoding uncertain and open-ended time,covered+tested,MET,tests/unit/test_temporal_semantics.py:32;db/src/db/temporal.py:66,—,tests/unit/test_temporal_semantics.py:32,—,RISK-P2-11;RISK-P2-01;RISK-P2-14,—,,,,,
SIG-TIME-006,MUST,9.3 Encoding uncertain and open-ended time,covered+untested,MET,db/src/db/edtf.py:8,P02.3,—,ADR-024,—,—,implemented; no id-linked automated test (RISK-P19-04),,,,
SIG-TIME-007,MUST,9.4 As-of query semantics,covered+tested,MET,tests/db/test_as_of.py:4;db/src/db/temporal.py:17,P02.3,tests/db/test_as_of.py:4,ADR-025,—,—,,,,,
SIG-TIME-008,MUST,9.4 As-of query semantics,covered+tested,MET,web/tests/unit/citation.test.ts:41;db/src/db/temporal.py:20;tests/api/test_store_pg.py:176,—,web/tests/unit/citation.test.ts:41;tests/api/test_store_pg.py:176,ADR-025;ADR-059,RISK-P14-03;RISK-P15-05,—,Closed P19.4 (closed_by=P19.4): PgReadStore applies AsOf belief filter (sys_period @> belief); past-belief read returns the historical value,,,,
SIG-TIME-009,MUST,9.4 As-of query semantics,covered+untested,MET,web/src/lib/corrections.ts:25,P02.3,—,ADR-025,RISK-P2-11;RISK-P2-01,—,implemented; no id-linked automated test (RISK-P19-04),,,,
SIG-TIME-010,MUST,"9.5 Absence and the encoding of ""unknown""",covered+tested,MET,tests/unit/test_absence.py:7;db/src/db/absence.py:9,P02.3;P09.1,tests/unit/test_absence.py:7,ADR-038,RISK-P9-03,—,,,,,
SIG-TIME-011,MUST,"9.5 Absence and the encoding of ""unknown""",covered+tested,MET,tests/connectors/test_procurement.py:349;connectors/src/connectors/procurement.py:41,P07.2,tests/connectors/test_procurement.py:349,ADR-034;ADR-035;ADR-038,RISK-P7-07;RISK-P7-14,—,,,,,
SIG-TIME-012,MUST,"9.5 Absence and the encoding of ""unknown""",covered+tested,MET,tests/unit/test_absence.py:44;db/src/db/absence.py:10,—,tests/unit/test_absence.py:44,ADR-038,RISK-P9-08,—,,,,,
SIG-TIME-013,MUST,9.6 Temporal invariants,covered+tested,MET,tests/property/test_temporal_invariants.py:6;db/src/db/invariants.py:6,P02.3,tests/property/test_temporal_invariants.py:6,ADR-025,RISK-P2-11;RISK-P2-01;RISK-P2-13,—,,,,,
SIG-TIME-014,MUST,9.6 Temporal invariants,covered+tested,MET,tests/property/test_temporal_invariants.py:8;db/src/db/invariants.py:14,—,tests/property/test_temporal_invariants.py:8,ADR-025,—,—,,,,,
SIG-TIME-015,MUST,9.7 Multilingual and locale-sensitive temporal data,covered+untested,MET,docs/2_canonical_design_spec.md:1022,—,—,—,—,—,UTC-with-offset storage implemented in temporal envelope (db/src/db/temporal.py),,,,
SIG-TIME-016,MUST,9.2 The five temporal dimensions,covered+untested,MET,db/src/db/temporal.py:15,—,—,—,—,—,implemented; no id-linked automated test (RISK-P19-04),,,,
SIG-UI-001,MUST,39.0 Users,process/governance,PARTIAL,docs/2_canonical_design_spec.md:5621,P21.7,tests/tasks/test_tasks_onboarding_timing.py:1,ADR-069,—,BL-040,"usability protocol finalised + opt-in AGGREGATE-ONLY timing instrumentation landed (P21.7, ADR-069, tests/api/test_curation_onboarding_timing.py); moderated study with >=5 naive participants NOT yet run — gate-pending HG-10 (docs/build/USABILITY_STUDY.md) · R11 T4 (SEED-14b, 2026-10-01): PARTIAL (was PARTIAL / routing P21.7). F2b: personas/real tasks need independent participants — later-phase LATER-02 (BACKLOG BL-040); owed leg D-R10-USERS-1.",public+human,implementation,D-R10-USERS-1,
SIG-UI-002,MUST,39.0 Users,covered+untested,MET,web/src/pages/index.astro:7,—,—,ADR-014;ADR-018,—,—,implemented; no id-linked automated test (RISK-P19-04),,,,
SIG-UI-003,MUST,39.1 The epistemic visual language,covered+tested,MET,web/tests/unit/epistemic.test.ts:23;web/src/components/SupportGlyph.astro:6,—,web/tests/unit/epistemic.test.ts:23,ADR-049,—,—,,,,,
SIG-UI-004,MUST,39.1 The epistemic visual language,covered+tested,MET,web/tests/unit/epistemic.test.ts:60;web/src/components/EpistemicFields.astro:6,—,web/tests/unit/epistemic.test.ts:60,ADR-049,RISK-P15-01,—,,,,,
SIG-UI-005,MUST,39.1 The epistemic visual language,covered+untested,MET,web/src/components/AbsenceHatch.astro:9,—,—,ADR-049,—,—,implemented; no id-linked automated test (RISK-P19-04),,,,
SIG-UI-006,MUST,39.1 The epistemic visual language,covered+tested,MET,web/tests/unit/design-tokens.test.ts:9;web/src/internal/visual-language.astro:8,—,web/tests/unit/design-tokens.test.ts:9,ADR-049,RISK-P15-02,—,,,,,
SIG-UI-007,MUST,39.1 The epistemic visual language,covered+tested,MET,web/tests/unit/epistemic.test.ts:86;web/src/components/AbsenceHatch.astro:6,—,web/tests/unit/epistemic.test.ts:86,ADR-049,RISK-P15-04,—,,,,,
SIG-UI-008,MUST,39.1 The epistemic visual language,covered+tested,MET,web/tests/unit/recommender.test.ts:132;web/src/components/DossierFigure.astro:9,P15.4,web/tests/unit/recommender.test.ts:132,ADR-049;ADR-052,RISK-P15-03,—,,,,,
SIG-UI-009,MUST,39.1 The epistemic visual language,covered+tested,MET,web/tests/unit/epistemic.test.ts:111;web/src/components/ContradictionRange.astro:7,—,web/tests/unit/epistemic.test.ts:111,ADR-049,—,—,,,,,
SIG-UI-010,MUST,39.2 The local dossier,covered+tested,MET,exports/src/exports/dossier.py#L37-52;web/src/lib/dossier.ts#L40-55;ops/src/ops/publish.py#L146;tests/exports/test_dossier.py;tests/ops/test_publish.py,P06.1;P15.2,tests/exports/test_dossier.py;tests/ops/test_publish.py,ADR-032;ADR-050,—,—,"web/ renders from fixtures (web/src/lib/*-fixture.ts), not the live export/API path; P19.5: reviewed at capstone closure — jurisdiction-conditional render landed (SIG-PUB-017) but web reads fixtures not the live export/API path; re-routed P19.4:M→P21.4 (LD-V08) · R11 T4 (SEED-14b, 2026-10-01): MET (was AT-RISK-INTEGRATION / routing P21.4). F2a: twelve-section order enforced at export and at web build; the public build reads export bytes (publish forces SIG_DATA_SOURCE=export). Old 'web reads fixtures' routing (P21.4) stale.",implementation,implementation,,
SIG-UI-011,MUST,39.2 The local dossier,covered+tested,MET,tests/exports/test_dossier.py:4;web/tests/unit/dossier.test.ts:5;exports/src/exports/dossier.py:4,P06.1;P15.2,tests/exports/test_dossier.py:4,ADR-032;ADR-050,RISK-P15-11,—,,,,,
SIG-UI-012,MUST,39.2 The local dossier,covered+tested,MET,tests/exports/test_dossier.py:4;web/tests/unit/dossier.test.ts:5;exports/src/exports/dossier.py:4,P06.1;P15.2,tests/exports/test_dossier.py:4,ADR-032;ADR-050,RISK-P15-12,—,,,,,
SIG-UI-013,MUST,39.2 The local dossier,covered+tested,MET,tests/exports/test_dossier.py:4;web/tests/unit/dossier.test.ts:5;exports/src/exports/dossier.py:4,P06.1;P15.2,tests/exports/test_dossier.py:4,ADR-032;ADR-050,RISK-P15-09,—,,,,,
SIG-UI-014,MUST,39.2 The local dossier,covered+tested,MET,tests/exports/test_dossier.py:4;web/tests/unit/dossier.test.ts:5;exports/src/exports/dossier.py:4,P06.1;P15.2,tests/exports/test_dossier.py:4,ADR-032;ADR-050,RISK-P15-14,—,,,,,
SIG-UI-014a,MUST,39.2 The local dossier,covered+tested,MET,web/tests/unit/dossier.test.ts:107;web/src/components/ActionBlocks.astro:6,P15.2,web/tests/unit/dossier.test.ts:107,ADR-050,—,—,,,,,
SIG-UI-014b,MUST,39.2 The local dossier,covered+tested,MET,web/tests/unit/dossier.test.ts:48;web/src/components/ActionBlocks.astro:11,P15.2;P15.4,web/tests/unit/dossier.test.ts:48,ADR-050;ADR-052,RISK-P15-10;RISK-P15-23,—,,,,,
SIG-UI-015,MUST,39.2 The local dossier,covered+tested,MET,tests/exports/test_dossier.py:4;web/tests/unit/dossier.test.ts:5;exports/src/exports/dossier.py:4,P06.1;P15.2,tests/exports/test_dossier.py:4,ADR-032;ADR-050,—,—,,,,,
SIG-UI-016,MUST,39.3 The infrastructure map,covered+tested,MET,web/tests/unit/map.test.ts:6;web/src/pages/map.astro:54,P15.3,web/tests/unit/map.test.ts:6,ADR-051,—,—,,,,,
SIG-UI-017,MUST,39.3 The infrastructure map,covered+tested,MET,web/tests/unit/map.test.ts:6;web/src/pages/map.astro:71,P15.3,web/tests/unit/map.test.ts:6,ADR-051,RISK-P15-15,—,,,,,
SIG-UI-018,MUST,39.3 The infrastructure map,covered+tested,MET,web/tests/unit/map.test.ts:6;web/src/pages/map.astro:91,P15.3,web/tests/unit/map.test.ts:6,ADR-051,RISK-P15-16,—,,,,,
SIG-UI-019,MUST,39.3 The infrastructure map,covered+tested,MET,web/tests/unit/map.test.ts:6;web/src/lib/map.ts:20,P15.3,web/tests/unit/map.test.ts:6,ADR-051,—,—,,,,,
SIG-UI-020,MUST,39.3 The infrastructure map,covered+tested,MET,web/tests/unit/map.test.ts:6;web/src/pages/map.astro:193,P15.3,web/tests/unit/map.test.ts:6,ADR-051,RISK-P15-17,—,,,,,
SIG-UI-021,MUST,39.3 The infrastructure map,covered+tested,MET,web/tests/unit/map.test.ts:6;web/src/pages/map.astro:230,P15.3,web/tests/unit/map.test.ts:6,ADR-051,—,—,,,,,
SIG-UI-022,MUST,39.4 The network explorer,covered+tested,WAIVED(ADR-190),web/tests/unit/network.test.ts:6;web/src/pages/network.astro:59,P15.3;P37.26,web/tests/unit/network.test.ts:6,ADR-051;ADR-190,RISK-R11-33,P37.26,"R11 T4 (SEED-14b, 2026-10-01): WAIVED(ADR-190) (was MET / routing —). Waiver WV-12 (agent-drafted, adopted by the operator 2026-10-01T13:46:58Z; sha256 1ce44d4df7f6…; ADR-190; spec G.7.2 R11-W13). Compensating controls / clauses that stand: 'not a global graph' stands (no national node-link graph); every overview node drills to its ego view, with no-JS parity (ADR-158, ADR-155). Revisit row BL-071.",public,,,ADR-190@2026-10-01#default-view-clause:aggregated-overview-default
SIG-UI-023,MUST,39.4 The network explorer,covered+tested,MET,web/tests/unit/network.test.ts:6;web/src/pages/network.astro:116,P15.3,web/tests/unit/network.test.ts:6,ADR-051,RISK-P15-18,—,,,,,
SIG-UI-024,MUST,39.4 The network explorer,covered+tested,MET,web/tests/unit/network.test.ts:6;web/src/pages/network.astro:133,P15.3,web/tests/unit/network.test.ts:6,ADR-051,—,—,,,,,
SIG-UI-025,MUST,39.4 The network explorer,covered+tested,MET,tests/inference/test_access_paths.py:287;web/tests/unit/network.test.ts:6;inference/src/inference/access_paths.py:338,P12.2;P15.3,tests/inference/test_access_paths.py:287,ADR-051,RISK-P12-13;RISK-P15-19,—,,,,,
SIG-UI-026,MUST,39.5 Procurement and renewal watch,covered+tested,MET,web/tests/unit/watch.test.ts:5;web/src/pages/watch.astro:53,P15.4,web/tests/unit/watch.test.ts:5,ADR-052,—,—,,,,,
SIG-UI-027,MUST,39.5 Procurement and renewal watch,covered+tested,MET,web/tests/unit/watch.test.ts:53;web/src/pages/watch.astro:9,P15.4,web/tests/unit/watch.test.ts:53,ADR-052,—,—,,,,,
SIG-UI-027a,MUST,39.5 Procurement and renewal watch,covered+tested,MET,web/tests/unit/recommender.test.ts:5;web/src/pages/watch.astro:10,P15.4,web/tests/unit/recommender.test.ts:5,ADR-052,—,—,,,,,
SIG-UI-027b,MUST,39.5 Procurement and renewal watch,covered+tested,MET,web/tests/unit/recommender.test.ts:6;web/src/pages/watch.astro:129,P15.4,web/tests/unit/recommender.test.ts:6,ADR-052,RISK-P15-22,—,,,,,
SIG-UI-027c,MUST,39.5 Procurement and renewal watch,covered+tested,MET,web/tests/unit/recommender.test.ts:121;web/src/pages/watch.astro:11,P15.4,web/tests/unit/recommender.test.ts:121,ADR-052,—,—,,,,,
SIG-UI-028,MUST,39.6 The evidence viewer,covered+tested,MET,web/tests/unit/evidence-viewer.test.ts:5;web/src/pages/evidence/[id].astro:10,P15.4,web/tests/unit/evidence-viewer.test.ts:5,ADR-052,RISK-P15-14;RISK-P15-24,—,,,,,
SIG-UI-029,MUST,39.6 The evidence viewer,covered+tested,MET,web/tests/unit/evidence-viewer.test.ts:71;web/src/pages/evidence/[id].astro:12,P15.4,web/tests/unit/evidence-viewer.test.ts:71,ADR-052,—,—,,,,,
SIG-UI-030,MUST,39.6 The evidence viewer,covered+tested,MET,web/tests/unit/evidence-viewer.test.ts:101;web/src/pages/evidence/[id].astro:11,P15.4,web/tests/unit/evidence-viewer.test.ts:101,ADR-052,RISK-P15-24,—,,,,,
SIG-UI-031,MUST,39.7 The research queue,covered+tested,MET,web/tests/unit/research-queue.test.ts:24;web/src/pages/research-queue.astro:6,P15.5,web/tests/unit/research-queue.test.ts:24,ADR-053,—,—,,,,,
SIG-UI-032,MUST,"39.8 Corrections, methodology, and metrics",covered+tested,MET,web/tests/unit/corrections.test.ts:60;web/src/pages/corrections.astro:6,P15.5,web/tests/unit/corrections.test.ts:60,ADR-053,—,—,,,,,
SIG-UI-033,MUST,"39.8 Corrections, methodology, and metrics",covered+tested,MET,web/tests/unit/corrections.test.ts:46;web/src/components/DisputeLink.astro:6,P15.5,web/tests/unit/corrections.test.ts:46,ADR-053,—,—,,,,,
SIG-UI-034,MUST,"39.8 Corrections, methodology, and metrics",covered+tested,MET,web/tests/e2e/corrections-methodology.nojs.spec.ts:37;web/src/components/HowWeKnowThis.astro:10,P15.5,web/tests/e2e/corrections-methodology.nojs.spec.ts:37,ADR-053,—,—,,,,,
SIG-UI-035,MUST,39.9 Citation and permanence,covered+tested,MET,web/tests/unit/corrections.test.ts:70;web/src/components/Citation.astro:7,—,web/tests/unit/corrections.test.ts:70,ADR-049,RISK-P15-05,—,,,,,
SIG-UI-036,SHOULD,40. Implementation stack and design system,covered+tested,MET,web/tests/e2e/dossier.nojs.spec.ts:7;web/src/components/AbsenceHatch.astro:10,P15.5,web/tests/e2e/dossier.nojs.spec.ts:7,ADR-049,RISK-P15-06;RISK-P15-07;RISK-P14-07;RISK-P15-13;RISK-P15-20;RISK-P15-25;RISK-P15-31,—,,,,,
SIG-UI-037,MUST,40. Implementation stack and design system,covered+tested,MET,web/tests/e2e/corrections-methodology.nojs.spec.ts:8;web/src/pages/network.astro:10,—,web/tests/e2e/corrections-methodology.nojs.spec.ts:8,ADR-049,—,—,,,,,
SIG-UI-038,MUST,40. Implementation stack and design system,covered+tested,MET,web/src/lib/map-tiles.ts#L96-130;web/tests/unit/map-tiles.test.ts;web/tests/e2e/islands.spec.ts,P15.3,web/tests/unit/map-tiles.test.ts;web/tests/e2e/islands.spec.ts,ADR-051,—,—,"served map is zero-JS static PMTiles + tabular equivalent, not the interactive MapLibre runtime the spec implies (ADR-051, LD-F09/D11) · R11 T4 (SEED-14b, 2026-10-01): MET (was MET-DIFFERENTLY / routing P20.2:spec). F2b: the zero-JS static map is a conforming default (amended spec); re-cited (the old web/src/pages/reference-map.astro evidence no longer exists).",implementation,implementation,,
SIG-UI-039,MUST,40. Implementation stack and design system,covered+untested,MET,ADR-049,—,—,ADR-049,—,—,"design recorded in ADR (ADR-049;ADR-050); implemented, not id-stamped in code",,,,
SIG-UI-040,SHOULD,40. Implementation stack and design system,covered+untested,MET-DIFFERENTLY,exports/src/exports/search_index.py;tests/exports/test_search_index.py;tests/api/test_release_search.py;docs/adr/ADR-108-api-connection-pool-and-bounded-search.md;docs/adr/ADR-133-per-compartment-immutable-corpus-search-indexes.md,—,tests/exports/test_search_index.py;tests/api/test_release_search.py,ADR-049;ADR-108;ADR-133,—,P34.48,"search over Postgres full-text / dedicated engine not wired (web reads fixtures; no PG read path) · R11 T4 (SEED-14b, 2026-10-01): MET-DIFFERENTLY(ADR-108;ADR-133) (was PARTIAL / routing P20.1:backlog). F2a: no dedicated engine by design — /v1/search uses pg_trgm (ADR-108 rejects tsvector for identifiers) and released-corpus search is per-compartment SQLite FTS5 (ADR-133 rejects a search cluster). · R11 T4 (SEED-15, 2026-10-01T16:35:31Z): bare MET-DIFFERENTLY routed P34.48 (was MET-DIFFERENTLY(ADR-108;ADR-133) / routing accepted). ADR-150 D1/D4 admit MET-DIFFERENTLY(ADR) only when the cited ADR names the id; neither ADR-108 nor ADR-133 names SIG-UI-040, and landed ADR bodies are frozen. The F2a reading (no dedicated engine by design: pg_trgm /v1/search + per-compartment FTS5) is kept; P34.48's row-by-row re-verdict cites or writes an ADR naming the id, or re-verdicts the row. Agent interpretation, labelled.",implementation,implementation,,
SIG-UI-041,MUST,40. Implementation stack and design system,covered+untested,MET,ADR-049,—,—,ADR-049,—,—,"design recorded in ADR (ADR-049); implemented, not id-stamped in code",,,,
SIG-UI-042,MUST,41. Editorial standards,covered+tested,WAIVED(ADR-179),web/tests/unit/editorial.test.ts:77;web/src/pages/editorial-standards.astro:8,P15.5,web/tests/unit/editorial.test.ts:77,ADR-053;ADR-179,RISK-P15-29;RISK-R11-22,P34.17,"R11 T4 (SEED-14b, 2026-10-01): WAIVED(ADR-179) (was MET / routing —). Waiver WV-04 (A-23, adopted 2026-10-01T04:28:49Z; sha256 2a0339a96d57…; ADR-179; G.7 R11-W8): releases ship with the hostile-reader review recorded 'not yet performed' and findings as known issues. The review itself stays owed (not waived; trigger: a hostile reader becomes available / GATE-ANNOUNCE). Today /editorial-standards/ still renders a fixture review as completed (F2b; E1 NEW-1) — P34.17 withdraws it. Revisit row BL-063.",public+human,implementation,,ADR-179@2026-10-01#release-block-clause
SIG-UI-043,MUST,41. Editorial standards,covered+tested,MET,web/tests/unit/editorial.test.ts:21;web/src/pages/style-guide.astro:7,P15.5,web/tests/unit/editorial.test.ts:21,ADR-053,RISK-P15-28,—,,,,,
SIG-UI-044,MUST,41. Editorial standards,covered+tested,MET,web/tests/unit/provenance.test.ts:18;web/src/components/HowWeKnowThis.astro:6,P15.5,web/tests/unit/provenance.test.ts:18,ADR-053,—,—,,,,,
SIG-UI-045,MUST,41. Editorial standards,covered+tested,MET,web/tests/unit/editorial.test.ts:54;web/src/pages/editorial-standards.astro:7,P15.5,web/tests/unit/editorial.test.ts:54,ADR-053,—,—,,,,,
SIG-UI-046,MUST,41. Editorial standards,covered+tested,MET,web/tests/unit/editorial.test.ts:39;web/src/pages/style-guide.astro:6,P15.5,web/tests/unit/editorial.test.ts:39,ADR-053,—,—,,,,,
SIG-UI-047,MAY,40. Implementation stack and design system,covered+tested,MET,web/src/islands/MapIsland.tsx#L35-58;web/tests/e2e/islands.spec.ts;web/tests/e2e/islands.nojs.spec.ts,P20.2,web/tests/e2e/islands.spec.ts;web/tests/e2e/islands.nojs.spec.ts,ADR-051;ADR-067;ADR-091;ADR-097,RISK-P20-02,—,"A1 TICKED (P21.5): zero-JS static map is the conforming default; MapLibre island NOT built at go-live (ADR-067); P27.9 (ADR-091/ADR-097) REVISITS A1 and BUILDS the interactive MapLibre island as one of three named public islands (SIG-UI-050) with the zero-JS static map preserved as the no-JS fallback · R11 T4 (SEED-14b, 2026-10-01): MET (was MET-DIFFERENTLY / routing P20.2:spec). F2b: MapLibre island built (P27.9, ADR-097) with no-JS fallback.",implementation,implementation,,
SIG-EVID-020,MUST,17. The evidence store,covered+tested,MET,evidence/src/evidence/;tests/evidence/test_store.py;tests/evidence/test_digest.py,P02.2,tests/evidence/test_store.py;tests/evidence/test_digest.py,ADR-023,—,accepted,"fold-back (P20.2): content-addressed blob-vs-capture dedup contract, already implemented by the evidence/ package (ADR-023)",,,,
SIG-ENG-039,MUST,47. Stack and repository,process/governance,MET,docs/build/tools/check_spec_src.py;docs/research/_meta/spec_src/99a_appF_adr.md,P20.2,docs/build/tools/test_check_spec_src.py,ADR-062,—,accepted,"fold-back (P20.2): every ADR file must have an Appendix F row, enforced by check_spec_src.py",,,,
SIG-RECON-058,MUST,29. Reconciliation workflows,covered+tested,MET,exports/src/exports/shaping.py;tests/exports/test_shaping.py;tests/db/test_shaping_spine.py,P27.3,tests/exports/test_shaping.py;tests/db/test_shaping_spine.py,ADR-092,—,accepted,"fold-back (P27.3, ADR-092): published infrastructure counts disclose observation-level vs resolution-backed posture; observation-level framing enforced by shaping",,,,
SIG-EXPORT-012,MUST,38. Exports and dataset publication,covered+tested,MET,exports/src/exports/shaping.py;api/src/api/store_pg.py;tests/db/test_shaping_spine.py,P27.3,tests/exports/test_shaping.py;tests/db/test_shaping_spine.py,ADR-092,—,accepted,"fold-back (P27.3, ADR-092): public export is spine-read and shaped at build time (compute-on-read); lineage + rights provenance carried; no spine writes",,,,
SIG-EXPORT-013,MUST,38. Exports and dataset publication,covered+tested,MET,exports/src/exports/spine_export.py;exports/src/exports/cli.py;tests/exports/test_spine_export.py;tests/db/test_spine_export_over_seeded_spine.py,P27.4,tests/exports/test_spine_export.py;tests/db/test_spine_export_over_seeded_spine.py,ADR-090,—,accepted,"fold-back (P27.4, ADR-090): public export is the national, whole-graph spine-read bundle to the frozen P27.1 surfaces; breadth bounded by the fail-closed licence gate; refused sources dropped loudly",,,,
SIG-UI-048,MUST,39. The product surfaces,covered+tested,MET,web/src/pages/dossier/index.astro;web/src/lib/data.ts;web/tests/e2e/ia-landing.spec.ts,P27.6,web/tests/e2e/ia-landing.spec.ts;web/tests/e2e/content.nojs.spec.ts,ADR-090,—,accepted,"fold-back (P27.6, ADR-090 UI share): the public surface is the national, whole-graph record with a per-jurisdiction dossier index over the SIG-UI-010..015 dossiers; navigation no longer hardcodes a single jurisdiction; index absence is honest (no census/total)",,,,
SIG-UI-049,MUST,39. The product surfaces,covered+tested,MET,web/src/layouts/BaseLayout.astro;web/src/pages/index.astro;web/src/lib/data.ts;web/tests/e2e/ia-landing.spec.ts,P27.6,web/tests/e2e/ia-landing.spec.ts,ADR-093,—,accepted,"fold-back (P27.6, ADR-093): national IA — grouped keyboard-accessible nav + national landing (named denominators, no total) + real manifest-sourced canonical origin/as_of/ruleset (SIG-UI-035); landed IA changes only by a new ADR",,,,
SIG-UI-050,MUST,40. Implementation stack and design system,covered+tested,MET,web/astro.config.mjs;web/src/islands/MapIsland.tsx;web/src/islands/NetworkIsland.tsx;web/src/islands/SearchIsland.tsx;web/lighthouserc.json,P27.9,web/tests/e2e/islands.spec.ts;web/tests/e2e/islands.nojs.spec.ts,ADR-091;ADR-097,—,accepted,"fold-back (P27.9, ADR-091 §40 island share — the final D-P27-SPEC-1 share): every public interactive island (map/graph/search) is progressive enhancement with a preserved no-JS fallback (SIG-UI-037) and its own perf budget; the ADR-068 island allowance is confined to this named set; every other public page still ships zero client JS (SIG-UI-036); the set changes only by a new ADR",,,,
SIG-MEM-001,MUST,§55.7,covered+tested,MET,docs/build/tools/audit_current_state.py:1;docs/build/reports/p32.1-baseline/RECONCILIATION.md:1,P32.1,tests/unit/test_build_memory_audit.py:1,ADR-120,,—,"Closed P32.1: strict read-only parser + discrepancy report (manifest/ledger/deferrals/coverage/ADR; malformed+duplicate ids, OPEN-first/DONE-later status conflicts, physical-order forward deps); baseline reconciliation on c8d72cc separates demonstrated defects/hypotheses/closed seams/owed work; evidence domains + source funnel named; no control-state writes; three P31 contracts routed OPEN to P32.2/P32.4/P32.5.",,,,
SIG-TRUST-001,MUST,§55.2,covered+tested,MET,db/src/db/assertion.py:1;db/src/db/claim_sink.py:1;db/deploy/claim_assertion_bindings.sql:1;docs/build/reports/p32.2-assertions/FIELD_MAP.md:1,P32.2,"tests/db/test_p32_2_bindings.py:1,tests/api/test_p32_2_entity_pg.py:1,tests/api/test_api_unregistered_predicates.py:1,tests/connectors/test_capture_ocfl.py:1",ADR-120;ADR-121,,P32.2,"Closed P32.2 (P33.1 matrix repair — row read MISSING despite landed evidence): typed assertions bind every asserted field and locator to persisted values incl. sensitivity + legal-date qualifiers (assertion_map_id + assertion_map_basis on claim; the six qualifier families now written: value_bool/unit/jurisdiction/valid_from/valid_to/extraction_id/rank); every claim_evidence link carries extractor_version + extraction_config_digest + binding_status + bound_at; fail-closed append-only assertion_quarantine (payload_digest idempotent, never public-readable).",,,,
SIG-TRUST-002,MUST,§55.2,covered+tested,MET,db/src/db/assertion.py:1;db/src/db/claim_sink.py:1;db/deploy/claim_assertion_bindings.sql:1;docs/build/reports/p32.2-assertions/FIELD_MAP.md:1,P32.2,"tests/db/test_p32_2_bindings.py:1,tests/connectors/test_capture_ocfl.py:1,tests/connectors/test_audit_structural.py:1",ADR-120;ADR-121,,P32.2,Closed P32.2 (P33.1 matrix repair — row read MISSING despite landed evidence): two captures attributable per occurrence; bad-digest/unknown-type assertions fail closed into quarantine; repeated ingest idempotent (+0); replay binds the original occurrence + original time; no-capture rows honestly legacy_synthetic; identical bytes one blob two occurrences; OCFL version pinned never latest.,,,,
SIG-TRUST-003,MUST,§55.2,covered+tested,MET,db/src/db/organization_roles.py:1;resolution/src/resolution/partner_identity.py:1;tests/db/test_organization_roles.py:1,P32.3,"tests/db/test_organization_roles.py:1,tests/db/test_partner_entity_refs.py:1,tests/resolution/test_partner_identity.py:1",ADR-120;ADR-122,,P32.3,"Closed P32.3 (P33.1 matrix repair — row read MISSING despite landed evidence): role-sensitive entity minting — partner/organisational roles mint org entities, provenance-only roles never mint accountability entities; partner entity refs bound through the guarded identity schemes.",,,,
SIG-TRUST-004,MUST,§55.2,covered+tested,MET-ENGINEERED(D-P32.3-1),resolution/src/resolution/partner_identity.py:1;resolution/src/resolution/partner_name_audit.py:1;db/deploy/partner_org_scoped_identity_key.sql:1;reconcile/src/reconcile/count_scope.py:1,P32.3;P37.46a,"tests/resolution/test_partner_identity.py:1,tests/resolution/test_partner_name_audit.py:1,tests/reconcile/test_count_scope.py:1",ADR-120;ADR-122,,P37.46a,"Closed P32.3 (P33.1 matrix repair — row read MISSING despite landed evidence): sig.org.name_scoped (jur:<jurisdiction>|<name>, else src:<source>|<name>) joins entity_identity_key — identical names across jurisdictions/sources never auto-union; legacy sig.org.name keys NOT re-keyed (recorded-disposition repair path + dry-run partner-name-audit report; the owed per-key dispositions stay OPEN as D-P32.3-1). · R11 T4 (SEED-14b, 2026-10-01): MET-ENGINEERED(D-P32.3-1) (was MET / routing P32.3). F2b: engineering built and verified at implementation; only live/operator/human legs remain, each in an OPEN DEFERRALS row (D-P32.3-1); no surface may claim them. Was MET (ACCEPT-R10's '34 MET' superseded, C-13; ADR-150). SEED-14a's DEFERRALS statement of 2026-10-01T16:06:55Z ('MET-ENGINEERED verdicts and the rows that carry their owed legs') names this id against these rows.",hosted,implementation,D-P32.3-1,
SIG-TRUST-005,MUST,§55.2,covered+tested,MET,db/src/db/occurrences.py:1;db/src/db/temporal.py:1;db/deploy/shared_temporal_contract.sql:1;docs/build/reports/p32.4-watermark/RESULTS.md:1,P32.4,tests/db/test_temporal_contract.py:1,ADR-120;ADR-123,,P32.4,"Closed P32.4 (P33.1 matrix repair — row read MISSING despite landed evidence): shared bitemporal eligible-occurrence contract (role=establishes, bound_at<=belief, retrieved_at DESC + capture_id tie) with the eligible_occurrence SQL twin; camera_site_execution append-only per-EXECUTION completion refs; spine_watermark trigger-maintained materialized freshness (D-P31.1-1 closed); watermark invalidation verified for all three classes on real PG18 (20 tests).",,,,
SIG-TRUST-006,MUST,§55.2,covered+tested,MET,policy/src/policy/eligibility.py:1;db/src/db/dispositions.py:1;db/deploy/publication_dispositions.sql:1;db/deploy/disposition_decided_at_authority.sql:1;api/src/api/store_pg.py:1;exports/src/exports/shaping.py:1,P32.5,"tests/db/test_publication_dispositions.py:1,tests/unit/test_publication_eligibility.py:1",ADR-120;ADR-124,,P32.5,Closed P32.5 + P32.10a repair (P33.1 matrix repair — row read MISSING despite landed evidence): one publication/correction eligibility policy — append-only publication_disposition registry (allow|withhold|restrict|withdraw; immutability; safe-column public SELECT) + effective_disposition SQL twin shared by API reads and export shaping (claim_eligible_sql/entity_eligible_sql); single server-clock decided_at authority repaired 2026-09-27 (P32.10a).,,,,
SIG-TRUST-007,MUST,§55.2,covered+tested,MET-ENGINEERED(D-R10-LIVE-1),db/src/db/evidence_audit.py:1;ops/src/ops/evidence_audit.py:1;ops/src/ops/recovery_plan.py:1;docs/build/reports/p32.6-legacy-evidence/audit_report.json:1,P32.6;P35.61,"tests/db/test_evidence_audit_load.py:1,tests/ops/test_recovery_plan.py:1",ADR-120;ADR-125,,P35.61,"Closed P32.6 (P33.1 matrix repair — row read MISSING despite landed evidence): evidence-audit/1 + recovery-plan/1 — read-only stratified audit over pinned OCFL versions, per-class adjudications, bounded repair plan with recorded ceilings; fixture/test-PG verified. Production hosted audit + repair stays OPEN under D-R10-LIVE-1 (live stage not run). · R11 T4 (SEED-14b, 2026-10-01): MET-ENGINEERED(D-R10-LIVE-1) (was MET / routing P32.6). F2b: engineering built and verified at fixture; only live/operator/human legs remain, each in an OPEN DEFERRALS row (D-R10-LIVE-1); no surface may claim them. Was MET (ACCEPT-R10's '34 MET' superseded, C-13; ADR-150). SEED-14a's DEFERRALS statement of 2026-10-01T16:06:55Z ('MET-ENGINEERED verdicts and the rows that carry their owed legs') names this id against these rows.",hosted,fixture,D-R10-LIVE-1,
SIG-TRUST-008,MUST,§55.8,covered+tested,MET-ENGINEERED(D-R10-LIVE-1),db/src/db/recovery_apply.py:1;ops/src/ops/recovery_apply.py:1;db/deploy/recovery_apply.sql:1;docs/build/reports/p32.22-bounded-recovery/APPLY_REPORT.json:1,P32.22;P35.61,"tests/db/test_recovery_apply.py:1,tests/ops/test_recovery_apply_orchestration.py:1",ADR-120;ADR-141,,P35.61,"Closed P32.22 (P33.1 matrix repair — row read MISSING despite landed evidence): append-only recovery_application receipt (UNIQUE(action_digest) exactly-once barrier) + NOLOGIN sig_recovery least-privilege role; per-action atomic apply (advisory lock → marker check → re-verify → canonical write → receipt); frozen sig.repaired-snapshot/1 sha256:138714a6… + +0 rerun verified. Production recovery stays OPEN under D-R10-LIVE-1. · R11 T4 (SEED-14b, 2026-10-01): MET-ENGINEERED(D-R10-LIVE-1) (was MET / routing P32.22). F2b: engineering built and verified at fixture; only live/operator/human legs remain, each in an OPEN DEFERRALS row (D-R10-LIVE-1); no surface may claim them. Was MET (ACCEPT-R10's '34 MET' superseded, C-13; ADR-150). SEED-14a's DEFERRALS statement of 2026-10-01T16:06:55Z ('MET-ENGINEERED verdicts and the rows that carry their owed legs') names this id against these rows.",hosted,fixture,D-R10-LIVE-1,
SIG-TRUST-009,MUST,§55.8,covered+tested,MET-ENGINEERED(D-R10-PUBLISH-1;D-P32.23a-1;D-R10-LIVE-1;D-P32.16-1),ops/src/ops/release_publish_verify.py:1;ops/src/ops/cli.py:1;exports/src/exports/release.py:1;docs/build/reports/p32.25-accepted-release-verification/PUBLISH_PROOF.json:1,P32.25;P35.63,tests/ops/test_release_publish_verify.py:1,ADR-120;ADR-144,,P35.63,"Closed P32.25 (bounded/staging namespace — NO production serve): sig.release-publish-verification/1, verdict pass over 25 checks. PF.* fail-closed preflight: GATE-G3 readout SIGNED and naming the exact candidate; CANDIDATE_MANIFEST pins verified equal to the accepted inputs (publication p-17b713…, descriptor 17b713ce…, release manifest 3966c765…, identity sha256:bc20d4bf…, snapshot sha256:138714a6…, provisional-ruleset/1, eval deferred/shadow/applied=[], published=false, validation complete); all 18 artifacts re-hashed; DISCLOSURE provisional posture + reduced-scope dossiers (review.status=not_run, pilot_complete=False) enforced — a packet claiming a different candidate, tampered bytes, a completed pilot, or an unsigned gate refuses before any pointer moves. P.* atomic publish: activate() on a fresh registry, validate-first, latest.json last (null→p-17b713…), catalog pinned, post-publish revalidation, activation receipt. V.* unauthenticated verification: 23 real HTTP GETs byte-match approved digests across compartments + citation routes; immutable /r/<pub> cite-this-URL marking, selector redirect/current/honest-unavailable; honest absences (0 records, 404 unknown_compartment/unknown_publication search with no current-spine fallback, no tiles); withdrawal barrier empty; suppressed slices loudly recorded; provisional basis on every surface, no completed-pilot/final-eval/certified-sites assertion; intake 503 receiver_not_operating with both gates closed and no live link — no synthetic submission. R.* rollback: prior-release pointer restore (stand-in corpus release regenerated byte-identical from corpus_export, labelled), current withdrawals denying under the rollback, no-prior-pointer clear_latest_pointer (the ROLLBACK_PACKET path), refused-corrupted-deploy leaving the previous pointer byte-identical — all receipted. apply_withdrawals breaks hardlinks before tombstone writes (the write-through that corrupted P32.24's committed corpus_release is repaired + disclosed). LIVE_RETURN_PASS.json prepared_not_executed pins production commands + live rollback instructions; D-R10-PUBLISH-1 production half / D-P32.23a-1 / D-R10-LIVE-1 / D-P32.16-1 stay OPEN. · R11 T4 (SEED-14b, 2026-10-01): MET-ENGINEERED(D-R10-PUBLISH-1;D-P32.23a-1;D-R10-LIVE-1;D-P32.16-1) (was MET / routing P32.25). F2b: engineering built and verified at fixture; only live/operator/human legs remain, each in an OPEN DEFERRALS row (D-R10-PUBLISH-1, D-P32.23a-1, D-R10-LIVE-1, D-P32.16-1); no surface may claim them. Was MET (ACCEPT-R10's '34 MET' superseded, C-13; ADR-150). SEED-14a's DEFERRALS statement of 2026-10-01T16:06:55Z ('MET-ENGINEERED verdicts and the rows that carry their owed legs') names this id against these rows.",public,fixture,D-R10-PUBLISH-1;D-P32.23a-1;D-R10-LIVE-1;D-P32.16-1,
SIG-MEM-002,MUST,§55.7,covered+tested,PARTIAL,docs/build/tools/obligation_events.py:1;docs/build/tools/current_projection.py:1;docs/build/reports/current/CURRENT.md:1;docs/build/reports/obligations/MIGRATION.md:1,P32.7;P34.8;P34.30,"tests/unit/test_obligation_events.py:1,tests/unit/test_current_projection.py:1",ADR-126,,P34.30,"Closed P32.7 (shadow): obligation-event/1 + coverage-assessment/1 append-only schemas with migration anchors on all 89 DEFERRALS rows (original row sha256 preserved); the four P32.1 status-conflicts plus three later same-class rows reconciled by recorded evidence-backed interpretations — six cells flipped to DONE, D-P21.5-1 stays PARTIAL (owed operator repo-visibility leg), ambiguity still open; deterministic current-projection/1 + input-manifest/1 (497 hashed inputs, acyclic by construction); CURRENT.md bounded at 250 lines/20KiB with spill pages; stale-digest verify; single-writer protocol stays D-R10-MEMORY-1 → P32.8. · R11 T4 (SEED-14b, 2026-10-01): PARTIAL (was MET / routing P32.7). F2b: the obligation side meets it; the requirement side does not (assessment events cover a small share of the matrix). T4 appended coverage-assessment/1 events for its re-verdicts; the tool's verdict vocabulary and the remaining seeding are P34.8's. · R11 M3 (P34.8, PR #203, 2026-10-02): the obligation side landed — migrate refuses an existing log, clock-default recorded_at, correction/date-correction events, 269 rewrite-repair records, 8 restored e1s, CF-03 queue drained to 0 pending. The requirement-side remainder (assessment breadth over the matrix + the verdict-vocabulary/seeding leg) re-homes to P34.30 per REQUIREMENT_INDEX_R11 (SIG-MEM-002 → P34.30 delivers); re-route recorded per SIG-ENG-041.",implementation,implementation,,
SIG-MEM-003,MUST,§55.7,covered+tested,MET,docs/build/tools/closeout_protocol.py:1;docs/build/tools/CLOSEOUT_WRITER_PROTOCOL.md:1;scripts/docs/check-build-memory.sh:14;docs/adr/ADR-127-single-writer-closeout-protocol.md:1,P32.8,"tests/unit/test_closeout_protocol.py:1,tests/unit/test_check_build_memory_report.py:1",ADR-127,,P32.8,"Closed P32.8 (shadow): `closeout-op/1` journal under the shared git common dir — pre-PR operation id (schema,ticket,attempt,implementation,base), four expected-state preconditions compared against the authoritative main-worktree chain ref (stale belief fails exit 2, nothing written), mkdir-atomic scoped advisory lock with documented single-host PID-liveness + recorded --recover-stale recovery, prepared→external-known→memory-committed→acknowledged state machine (idempotent resume at every boundary; different implementation identity on a closed ticket refused unless a new recorded attempt explains it; uncertain remote PR creation reconciled by exact head/base before retry; one validated git commit is the memory transaction — descend-from-expected-head + parent control-digest CAS + LEDGER/INDEX touched + validator green), activation-check blocking cutover on any legacy-only/event-only/cell divergence. Vendored validator patched non-identically: caller-selected/unique report path (shared /tmp collision removed), build-memory-check/2 with checked-input identity digest + uniform diagnostic records + exit-agreeing summary. Shadow mode — user-global skill entry points adopt the reviewed patch contract only at the operator-approved D-R10-MEMORY-1 boundary; D-R10-MEMORY-1 stays OPEN.",,,,
SIG-MEM-004,MUST,§55.7,covered+tested,MET,AGENTS.md:1;web/AGENTS.md:1;tests/unit/test_agent_docs_current_state.py:1;docs/build/runs/P33.8.md:1,P33.8,tests/unit/test_agent_docs_current_state.py:1,ADR-120;ADR-126;ADR-127;ADR-073;ADR-097;ADR-134,,—,"Closed P33.8 (row 200, the final manifest row): agent guidance reconciled to the landed architecture — root + web AGENTS zero-JS claim scoped to public content pages with the named bounded islands /map/ /network/ /search/ (ADR-097, per-island ceilings ADR-134, no-JS fallbacks SIG-UI-050) + /curate/** (ADR-068); all seven package docs re-measured against actual entry points (serve-intake/intake-purge, 20 connectors, Round-10 release/recovery/write surfaces); build-memory workflow re-stated (ADR-073→126/127 advisory layer, LEDGER/DEFERRALS stay control authority, single-writer shadow-mode until D-R10-MEMORY-1); BUILD_INDEX header qualified + row 200, runs/P33.8.md + pr/P33.8.md landed, LEDGER lastCompleted→P33.8/nextTicket→HUMAN-H4 (rows 184-187 deferred OPEN), reports/current regenerated+verified; 7 fail-if-removed guards; projectStatus stays IN-PROGRESS under BM-TAIL-03 — the 36-row owed register stands.",,,,
SIG-EVAL-001,MUST,§55.4,covered+tested,PARTIAL,resolution/src/resolution/human_eval.py:1;resolution/src/resolution/human_eval_pg.py:1;db/deploy/human_eval_campaign.sql:1;docs/evaluation/README.md:1,P32.9;P34.45,"tests/resolution/test_human_eval.py:1,tests/db/test_human_eval.py:1",ADR-128,,P34.45,"Engineering closed P32.9 (human participation deferred): immutable digested preregistration (protocol/frame/ruleset digests, seed, target population, group+sample specs); dependency-group-disjoint train/development/sealed-final partitions grouped by shared entity/component/duplicated upstream lineage (no group crosses the split); seeded reproducible sampling with per-row inclusion probabilities, weights and denominators; tamper-verified manifest; opaque sealed holdout ids; changed rubric/ruleset ⇒ new campaign, test-set tuning prohibited by construction. Real-human campaign execution stays OPEN under D-R10-HUMAN-1 → HUMAN-H4 → P32.22a → HUMAN-H5 → P32.23. · R11 T4 (SEED-14b, 2026-10-01): PARTIAL (was PARTIAL / routing P32.9). F2b/L3: the campaign machinery conforms but /methodology/ still claims a 'human-verified holdout' (F2b live-read 2026-09-30), which blocks MET-ENGINEERED. Target after P34.45 removes the claim: MET-ENGINEERED(D-R10-HUMAN-1) (L3 §6.2; ADR-152).",public+human,implementation,D-R10-HUMAN-1,
SIG-EVAL-002,MUST,§55.4,covered+tested,PARTIAL,resolution/src/resolution/human_eval.py:1;resolution/src/resolution/human_eval_pg.py:1;db/deploy/human_eval_campaign.sql:1;docs/evaluation/rubric.md:1,P32.9,"tests/resolution/test_human_eval.py:1,tests/db/test_human_eval.py:1",ADR-128,,BL-088,"Engineering closed P32.9 (human participation deferred): append-only human_eval_label constrained to same/different/insufficient_evidence, attestation-pinned, packet-digest-pinned, chained label watermark; RLS isolates reviewers via sig.eval_reviewer so two reviewers cannot see each other's first-pass labels (no prediction column exists on the reviewer surface at all); sig_eval_custodian reads all + adjudicates but holds no label grant; adjudication preserves both votes and unresolved; labels stay distinct from operational review_decision accept/reject and are unreachable from clustering/model-development views until custodian-recorded release. Zero human labels leaves campaign awaiting_humans; D-R10-HUMAN-1 stays OPEN. · R11 T4 (SEED-14b, 2026-10-01): PARTIAL (was PARTIAL / routing P32.9). L3 §6.2: owed, non-blocking, never waived; independent evaluation under T-EVAL-IND (LATER-01, BACKLOG BL-088).",public+human,implementation,D-R10-HUMAN-1,
SIG-EVAL-003,MUST,§55.4,covered+tested,AT-RISK-INTEGRATION,resolution/src/resolution/evaluator.py:1;resolution/src/resolution/data/eval_confidence.toml:1,P32.10;P37.44,tests/resolution/test_evaluator.py:1,ADR-120;ADR-129,,P37.44,"Closed P32.10 (P33.1 matrix repair — row read MISSING despite landed evidence): eval-confidence/1 machinery — four estimands, Clopper-Pearson lower bounds, hypergeometric sampling math, per-estimand confidence; mode=shadow by committed TOML (never activates, computes what the policy would say); 52 tests. Human labels await D-R10-HUMAN-1 (policy stays shadow — recorded, not a gap). · R11 T4 (SEED-14b, 2026-10-01): AT-RISK-INTEGRATION (was MET / routing P32.10). F2b: evaluator.py's conforming reporter is not what /methodology/ publishes (no numerator, weights or uncertainty method). L3 target after P37.44 (R11-CONF-09): MET (Appendix B #3).",public,implementation,,
SIG-EVAL-004,MUST,§55.4,covered+tested,WAIVED(ADR-153),resolution/src/resolution/evaluator.py:1;resolution/src/resolution/data/eval_confidence.toml:1,P32.10,tests/resolution/test_evaluator.py:1,ADR-120;ADR-129;ADR-153,,P34.45,"Closed P32.10 (P33.1 matrix repair — row read MISSING despite landed evidence): explicit unavailable states + estimand-scoped confidence reporting over the eval partitions; shadow ConfidencePolicy computes but never promotes/demotes; the activation half is honestly deferred under D-R6.1-EVAL. · R11 T4 (SEED-14b, 2026-10-01): WAIVED(ADR-153) (was MET / routing P32.10). Waiver A-6 (agent-drafted, adopted by the operator 2026-10-01T04:03:25Z; sha256 03c0a79ef3b8…; ADR-153; spec G.7 R11-W1): the 0.98 lower-bound clause is waived for C0–C2 only. Clause split (one verdict per row): for every inferential tier the requirement stands in full and is met fail-safe only once no inferential tier auto-writes — today tiers 1g/3g auto-write on holdout precision (F2b) — routed to P34.45 (inferential tiers review-only; SIG-CONF-005). Revisit row BL-059.",hosted,implementation,,ADR-153@2026-10-01#lower-bound-clause:derivation-collapse-tiers-C0-C2-only
SIG-EVAL-005,MUST,§55.4,unreferenced,MISSING,,P32.23,,ADR-120,,BL-088,"Not implemented — owner P32.23 was deferred wholesale with the S3 human-evaluation spine (HUMAN-H4 → P32.22a → HUMAN-H5 → P32.23) by operator decision 2026-10-19; recorded OPEN under D-R10-HUMAN-1 + D-R6.1-EVAL, NOT an unrecorded gap (P33.1 independent verdict). · R11 T4 (SEED-14b, 2026-10-01): MISSING (was MISSING / routing P32.23). L3 §6.2: owed, non-blocking (no candidate is claimed evaluated); T-EVAL-IND (LATER-01, BACKLOG BL-088). · DATE CORRECTION (2026-10-01T16:16:52Z, SEED-14b; ADR-146; docs/build/reports/memory-repair/date_corrections.csv rec 127, COVERAGE_MATRIX.csv L696): the recorded '2026-10-19' is not a clock date — true date 2026-09-28T01:27Z; the S3-spine deferral is commit a33cd6ec 'operator defers S3 human-eval spine' (local 2026-09-27 21:27 -04:00). The text above is kept as written.",public+human,,D-R10-HUMAN-1;D-R6.1-EVAL,
SIG-EVAL-006,MUST,§55.4,unreferenced,MISSING,,P32.23;P37.44,,ADR-120,,P37.44,"Not implemented — owner P32.23 deferred wholesale with the S3 spine (operator decision 2026-10-19); the confirmatory-readout requirement is recorded OPEN under D-R10-HUMAN-1, not an unrecorded gap (P33.1 independent verdict). · R11 T4 (SEED-14b, 2026-10-01): MISSING (was MISSING / routing P32.23). F2b: /methodology/ publishes metrics naming only 'tier <= 3' and 'frozen holdout' (live-read 2026-09-30). L3 target after P37.44 (R11-CONF-09/12): MET (Appendix B #3). · DATE CORRECTION (2026-10-01T16:16:52Z, SEED-14b; ADR-146; docs/build/reports/memory-repair/date_corrections.csv rec 128, COVERAGE_MATRIX.csv L697): the recorded '2026-10-19' is not a clock date — true date 2026-09-28T01:27Z; the S3-spine deferral is commit a33cd6ec (local 2026-09-27 21:27 -04:00). The text above is kept as written.",public,,,
SIG-ACQ-001,MUST,§55.6,covered+tested,MET,tasks/src/tasks/acquisition.py:1;tasks/src/tasks/data/acquisition_queue.toml:1;docs/build/reports/acquisition/queue.md:1,P32.11,tests/tasks/test_acquisition.py:1,ADR-120;ADR-130,,P32.11,"Closed P32.11 (ADR-130): the reviewed queue starts every candidate from a named gap, records discovery provenance with verbatim review-depth, joins the live registry + P31.12/.13 dispositions (same_source=improvement, related=dedupe context, P31-owned refused re-onboarding, normalized-URL collisions refused as duplicate), and values deduplicated closed gaps/supported relationships — non-independent lineage classes and shared lineage_groups can never score as corroboration (a mirror with I>0 fails validation).",,,,
SIG-ACQ-002,MUST,§55.6,covered+tested,MET,tasks/src/tasks/acquisition.py:1;tasks/src/tasks/data/acquisition_queue.toml:1;docs/build/reports/acquisition/queue.md:1,P32.11,tests/tasks/test_acquisition.py:1,ADR-120;ADR-130,,P32.11,"Closed P32.11 (ADR-130): the passport carries authority, target predicates, jurisdiction+content window, lineage independence, extractability/refresh-cost dimensions, three separately-assessed rights lanes and a Part VIII preflight before prioritization; rights/sensitivity are AND-ed gates outside the score (undetermined/rejected lanes, preflight barriers, municipal-observed publication — never auto-CC0 — block at any score); a decided lane must cite a recorded reviewer disposition; scores are versioned (acq-score/1 over acq-seed/1) with per-dimension contributions, named unscored unknowns, diff_assessments and estimated-vs-measured cost.",,,,
SIG-ACQ-003,MUST,§55.6,covered+tested,MET,connectors/src/connectors/dossier_documents.py:1;connectors/src/connectors/data/dossier_field_crosswalk.toml:1;connectors/src/connectors/data/dossier_documents_vocab.toml:1;connectors/src/connectors/data/live_targets.toml:1;tests/connectors/fixtures/dossier/SOURCES.md:1,P32.12,tests/connectors/test_dossier_documents.py:1,ADR-120;ADR-122,,P32.12,"Closed P32.12: one registered connector (`dossier_documents`) serves the three gated pilot dossier sources (dossier_okc/dossier_tulsa/dossier_san_diego — all ingestion_permitted=false, rights UNDETERMINED) through the existing eight-stage pipeline over ≤2 protocols (html_text/pdf_text); the frozen dossier-field-crosswalk/1 maps every configured field to an existing predicate + qualifier semantics + org role + valid-time class + dossier rubric q, an unmapped required field fails closed to the recorded scoped amendment (execution_state → proposed instrument_execution_state, field-state only); genre guards mechanically bar executed-instrument predicates on templates and hardware predicates on subscriptions; ADR-122 non-probative genres stamp claim_directness D6; resource bounds + malformed/oversized/encrypted/unsupported documents are explicit ContentDrift with no partial claims; consumed not forked — the OKC Part VIII guard, partner_identity entity-ref twins, the typed assertion envelope.",,,,
SIG-ACQ-004,MUST,§55.6,covered+tested,MET-ENGINEERED(D-P32.21-1),tasks/src/tasks/acquisition_pilot.py:1;docs/build/reports/p32.21-acquisition-pilot/READOUT.md:1;docs/build/reports/p32.21-acquisition-pilot/BATCH.json:1;docs/build/reports/p32.21-acquisition-pilot/ACQ_PILOT_RETURN_PASS.json:1,P32.21;P37.16a,tests/tasks/test_acquisition_pilot.py:1,ADR-120;ADR-140,,P37.16a,"Closed P32.21 (ADR-140): the measured gap-closing acquisition pilot — acq-pilot-select/1 selects five provenance families (lineage_group) under the live-stage ceilings: the three pilot-city dossier families as portfolio (measured, never re-selected) + oklahoma-state (SRC-006 OMES contracts + SRC-007 DAC UVED authority chain in-slice; SRC-008/009 award members excluded) + california-state-auditor (SRC-011); P31-owned joins (SRC-023/026), duplicates, blocked, prohibited (SRC-027 metadata-only, outside the acquired batch) and screening-required candidates are recorded rejections and every other loser is a named capacity/outside_pilot_shapes/no_recorded_award_gap alternative; acq-pilot-funnel/1 records the seven-stage funnel + maintenance burden over committed artifacts with basis labels (offline_replay, captured_live=0, measured_minutes never fabricated); acq-pilot-gap-ledger/1 reconciles before/after unique contributions at fact granularity; sig.acq-pilot-return-pass/1 pins the two incremental slices to OPEN D-P32.21-1 with approval_refs empty, HG-03/Part-VIII preconditions and explicit non-goals (no crawler, no workbook/row-level transport); deterministic descriptive recommendations (no matched comparison run); check_pilot enforces every invariant. · R11 T4 (SEED-14b, 2026-10-01): MET-ENGINEERED(D-P32.21-1) (was MET / routing P32.21). F2b: engineering built and verified at fixture; only live/operator/human legs remain, each in an OPEN DEFERRALS row (D-P32.21-1); no surface may claim them. Was MET (ACCEPT-R10's '34 MET' superseded, C-13; ADR-150). SEED-14a's DEFERRALS statement of 2026-10-01T16:06:55Z ('MET-ENGINEERED verdicts and the rows that carry their owed legs') names this id against these rows.",hosted,fixture,D-P32.21-1,
SIG-FIND-001,MUST,§55.5,covered+tested,MET,exports/src/exports/release.py:1;exports/src/exports/published_record.py:1;exports/src/exports/release_pages.py:1;exports/src/exports/spine_export.py:1;ops/src/ops/release_serving.py:1;ops/web/nginx.conf:112,P32.13,tests/exports/test_release.py:1;tests/exports/test_published_record.py:1;tests/exports/test_record_claims.py:1;tests/ops/test_release_serving.py:1;web/tests/unit/releases.test.ts:1;web/tests/unit/citation.test.ts:1,ADR-120;ADR-132,,P32.13,"Closed P32.13: two-stage release identity — publication_id (p-<sha256>) is a pure function of the canonical ID-free sig.publication-descriptor/1 (input manifest digest, both as-of cuts, ruleset/resolver/policy/projection/renderer versions, per-compartment projection roots over URL-free sig.published-record/1 docs); manifest_sha256 signs the emitted tree externally (sig.release-integrity/1 — acyclic, never embedded in a covered artifact); identical inputs reproduce namespace AND bytes, any input change mints a new namespace, same-namespace/different-bytes activation is refused; validate_release re-hashes every artifact + per-compartment index completeness before staging.",,,,
SIG-FIND-002,MUST,§55.5,covered+tested,MET,exports/src/exports/release.py:1;exports/src/exports/published_record.py:1;exports/src/exports/release_pages.py:1;exports/src/exports/spine_export.py:1;ops/src/ops/release_serving.py:1;ops/web/nginx.conf:112,P32.13,tests/exports/test_release.py:1;tests/exports/test_published_record.py:1;tests/exports/test_record_claims.py:1;tests/ops/test_release_serving.py:1;web/tests/unit/releases.test.ts:1;web/tests/unit/citation.test.ts:1,ADR-120;ADR-132,,P32.13,"Closed P32.13: specific release-scoped record routes /r/<pub>/c/<comp>/entity/<type>/<id>.json + no-JS index.html with claim/evidence anchors (beyond the 500 slice — routes enumerated from the compartment projection), evidence pages, dossier overviews, compartment browse, /releases/ catalog + landings; honest unavailable/withdrawn tombstones (sig.tombstone/1 + no-JS page), never fabricated records; latest convenience /entity/ stubs state they are not citations; the legacy ?as_of_world=&as_of_belief=&ruleset= selector resolves via compat_index to a real activated release or honest invalid/unavailable/ambiguous; the P32.5 withdrawal barrier applies at access time on the staged tree AND the generated nginx deny map before origin/CDN — a withhold in R2 denies under an R1 rollback; measured 236,994 records → 475,112 files / 2,003,117,283 bytes / ~98 s / ~0.9 GiB RSS on the national export (offline only, GATE-G3 owns exposure).",,,,
SIG-FIND-003,MUST,§55.5,covered+tested,MET,exports/src/exports/search_index.py:1;exports/src/exports/release.py:1;exports/src/exports/release_pages.py:1;api/src/api/release_search.py:1;api/src/api/app.py:1;web/src/pages/search.astro:1,P32.14,tests/exports/test_search_index.py:1;tests/api/test_release_search.py:1;tests/exports/test_release.py:1;web/tests/unit/releases.test.ts:1,ADR-120;ADR-133,,P32.14,"Closed P32.14: one deterministic per-compartment SQLite FTS5 index emitted from released sig.published-record/1 docs (canonical insert order + pinned pragmas => sha256-identical rebuilds; search_index_version joins publication_id); normalized records/identifiers/facets + meta contract; FTS MATCH + identifier short-circuit + no-q browse over (label_sort,entity_type,entity_id) reaching the tail; v1 keyset cursor bound to release/compartment/query+filters; limit<=50, <=100 KiB, 2 s deadline => 503 query_timeout, invalid => 422; duplicate site rows deduped before projection (portal: 4,369 drops, counted); verified ro mount => 503+Retry-After cold, never current-PG fallback; access-time withdrawal filter; zero-JS format=html search route + release-scoped /search forms.",,,,
SIG-FIND-004,MUST,§55.5,covered+tested,MET,web/src/lib/workspace-state.ts:1;web/src/islands/workspace.ts:1;web/src/islands/SearchIsland.tsx:1;web/src/islands/MapIsland.tsx:1;web/src/islands/NetworkIsland.tsx:1;web/src/components/ViewSwitch.astro:1;web/src/pages/search.astro:1;web/src/pages/map.astro:1;web/src/pages/network.astro:1;web/src/lib/network.ts:1;web/src/lib/map.ts:1,P32.15,web/tests/unit/workspace-state.test.ts:1;web/tests/unit/network.test.ts:1;web/tests/unit/map.test.ts:1;web/tests/e2e/workspace.spec.ts:1;web/tests/e2e/workspace.nojs.spec.ts:1,ADR-120;ADR-134,,P32.15,"Closed P32.15: one versioned sig.workspace-state/1 contract shared by the search/map/network islands and static view links — v+view always emitted; release/q/repeated facets (collection/kind/jurisdiction/technology/source)/location/focus/page; tolerant-with-receipts parse reports visible issues; bare collection= = explicit empty (collectionSpecified, 0-of-N linkable); focus carries the self-describing record_key (recordRoutes derive released routes); clearFocusOutOfScope announces dropped selection; map viewport stays transient; islands/workspace.ts is the only history adapter (push/replace/popstate, no SPA router); deep-link/reload/back/forward restore verified; unlocated records stay navigable as bounded per-jurisdiction indicators; paginated complete no-JS tables.",,,,
SIG-FIND-005,MUST,§55.5,covered+tested,MET,web/src/lib/network.ts:1;exports/src/exports/spine_export.py:1;web/src/islands/NetworkIsland.tsx:1;web/src/pages/network.astro:1;web/src/islands/MapIsland.tsx:1;web/lighthouserc.json:1;web/tests/e2e/island-budgets.json:1;web/scripts/measure-island-budgets.mjs:1,P32.15,web/tests/unit/network.test.ts:1;tests/exports/test_spine_export.py:1;web/tests/e2e/workspace.spec.ts:1;web/tests/e2e/workspace.nojs.spec.ts:1;web/tests/e2e/budget.spec.ts:1,ADR-120;ADR-134,,P32.15,"Closed P32.15: bounded ego network (boundedEgoNetwork 50 nodes/100 edges, stated totals, one-ring expansion); NetworkEdge.evidence lists backing claim ids emitted on materialized + shaped export paths — configured_access/observed_use/declared_policy stay distinct and citable; compartment switch updates layers + attribution (0-of-N explicit); measured per-island budgets in island-budgets.json + docs/build/reports/p32.15-island-budgets.md (map 1.79 MB raw/0.50 MB gz incl. 507 KB worker; network 231 KB/73 KB; search 230 KB/72 KB), enforced wire-measured by budget.spec.ts + per-island lighthouserc assertMatrix blocks; zero-JS 0-script/150-KiB contract and P31.15 no-basemap tile contract unchanged.",,,,
SIG-FIND-006,MUST,§55.5,covered+tested,MET-ENGINEERED(D-P32.16-1;D-R10-PUBLISH-1),policy/src/policy/intake.py:1;policy/src/policy/data/intake_receiver.toml:1;db/deploy/intake_storage.sql:1;db/src/db/intake.py:1;api/src/api/intake.py:1;api/src/api/intake_moderation.py:1;api/src/api/cli.py:1;api/src/api/curation.py:1;ops/config.toml:1;web/src/lib/corrections.ts:1;web/src/pages/dispute.astro:1,P32.16;P37.59,tests/unit/test_intake_contract.py:1;tests/api/test_intake.py:1;tests/api/test_curation_intake.py:1;tests/db/test_intake_pg.py:1;web/tests/unit/corrections.test.ts:1;web/tests/e2e/corrections-methodology.spec.ts:1,ADR-120;ADR-135,,P37.59,"Closed P32.16: durable anonymous correction intake — separate `sig-api serve-intake` process over the isolated `intake` sqitch schema (quarantined immutable-identity payloads + restricted contact table + append-only event log + definer-owned coarse `report_public` projection); two NOLOGIN roles — sig_intake_receiver (INSERT payloads + projection/digest reads only, no claim/review/disposition grants proven live) and sig_intake_reviewer (payload reads + reviewer events + SECURITY DEFINER redact/expunge) with a current_setting('role') writer guard refusing applied/published for every current role (reserved for the P32.16a bridge); allowlisted intake_receiver.toml contract (form token, idempotency dedupe, ≤10 claim refs, 20–4000-char narrative, ≤3 unfetched https refs, legal-demand-only contact), Part VIII screen before persistence, opaque rct-<hex32> receipts + POST-body status token (digest-only, constant-time, rate-limited), loopback-only /v1/curation/intake moderation with tier-enforced transition table + audited redaction, rotating abuse pseudonym limits, intake-purge retention sweep (30d post-disposition / 90d review ceiling / legal_hold), ops/config.toml[intake] operational=false+owner=''+staffed=false committed and code-enforced receiver_not_operating until the named-owner+GATE-G3 flip — receiver BUILT but NOT OPERATING (D-R10-PUBLISH-1 + new D-P32.16-1 stay OPEN; operating packet docs/governance/intake-receiver-operating-packet.md). · R11 T4 (SEED-14b, 2026-10-01): MET-ENGINEERED(D-P32.16-1;D-R10-PUBLISH-1) (was MET / routing P32.16). F2b: engineering built and verified at implementation; only live/operator/human legs remain, each in an OPEN DEFERRALS row (D-P32.16-1, D-R10-PUBLISH-1); no surface may claim them. Was MET (ACCEPT-R10's '34 MET' superseded, C-13; ADR-150). SEED-14a's DEFERRALS statement of 2026-10-01T16:06:55Z ('MET-ENGINEERED verdicts and the rows that carry their owed legs') names this id against these rows.",public,implementation,D-P32.16-1;D-R10-PUBLISH-1,
SIG-FIND-007,MUST,§55.5,covered+tested,MET-ENGINEERED(D-R10-USERS-1;D-P32.23a-1;D-R10-PUBLISH-1),ops/src/ops/journey_verify.py:1;ops/src/ops/cli.py:1;docs/build/reports/p32.24-investigation-journey-verification/JOURNEY_PORTFOLIO.json:1,P32.24;P35.62,tests/ops/test_journey_verify.py:1;tests/db/test_journey_portfolio_pg.py:1,ADR-120;ADR-143,,P35.62,"Closed P32.24: sig.journey-portfolio/1 — 38 checks over two strictly separated subjects (the committed P32.23a candidate verified read-only: digests/identity/release-validation/deferral/zero-JS + honest not_applicable 0-record surface; and a declared sig.journey-corpus/1 acceptance export — 75 records, two licence compartments, tail/unlocated/unreported/unresolved/withheld/ghost cases — built by the SAME build_release and staged into a scratch registry). Journey A discover/inspect/trace/search all-pass incl. browse exhaustiveness + FTS5 tail/exact/no-public-point/empty; B typed+evidenced edges all three access kinds (candidate empty network honestly not_applicable; eval-deferred interpretation deferred); C executed on real PG18 — durable receipt→restart→queue→approve→exactly-once correct apply→publish linkage→resolved + live receiver-role refusals (sig.journey-intake-proof/1, 10/10); withdrawal barrier tombstones withheld entity/claim routes; no-JS/print/citation byte-verified; keyboard/back-forward/receipt legs verified_by_test; UX.independent_sessions deferred under OPEN D-R10-USERS-1 with the landed USABILITY_TASK_PROTOCOL.md — no human claim fabricated. Every check carries evidence_kind + owner/landing enforced structurally; verdict pass with disclosed deferrals. · R11 T4 (SEED-14b, 2026-10-01): MET-ENGINEERED(D-R10-USERS-1;D-P32.23a-1;D-R10-PUBLISH-1) (was MET / routing P32.24). F2b: engineering built and verified at fixture; only live/operator/human legs remain, each in an OPEN DEFERRALS row (D-R10-USERS-1, D-P32.23a-1, D-R10-PUBLISH-1); no surface may claim them. Was MET (ACCEPT-R10's '34 MET' superseded, C-13; ADR-150). SEED-14a's DEFERRALS statement of 2026-10-01T16:06:55Z ('MET-ENGINEERED verdicts and the rows that carry their owed legs') names this id against these rows.",public+human,fixture,D-R10-USERS-1;D-P32.23a-1;D-R10-PUBLISH-1,
SIG-DOS-001,MUST,§55.3,covered+tested,MET,exports/src/exports/research_dossier.py:1;web/src/internal/research-dossier/index.astro:1,P32.17,tests/exports/test_research_dossier.py:1,ADR-120;ADR-136,,P32.17,"Closed P32.17 (P33.1 matrix repair — row read MISSING despite landed evidence): sig.dossier-packet/1 → sig.research-dossier/1 → sig.dossier-portfolio/1 — the evidence-complete twelve-question dossier: six answer states with per-question basis, fact-to-capture ledger (claim+capture digests + locator), same-scope conflicts disputed/co-visible; zero-JS /research-dossier/ surface.",,,,
SIG-DOS-002,MUST,§55.3,covered+tested,MET-ENGINEERED(D-R10-HUMAN-1),exports/src/exports/research_dossier.py:1,P32.17,tests/exports/test_research_dossier.py:1,ADR-120;ADR-136,,BL-088,"Closed P32.17 (P33.1 matrix repair — row read MISSING despite landed evidence): fail-closed release validation (unsupported affirmatives, misclassified instruments, fabricated absence, undocumented unknowns, n/a-with-evidence, withheld-without-basis, unresolved derivations, restricted rendering); rubric >=28/36 + q1/q5/q7/q8>=2; pilot_complete additionally requires a completed independent review the machinery never fabricates (D-R10-HUMAN-1 stays OPEN). · R11 T4 (SEED-14b, 2026-10-01): MET-ENGINEERED(D-R10-HUMAN-1) (was MET / routing P32.17). F2b: engineering built and verified at implementation; only live/operator/human legs remain, each in an OPEN DEFERRALS row (D-R10-HUMAN-1); no surface may claim them. Was MET (ACCEPT-R10's '34 MET' superseded, C-13; ADR-150). SEED-14a's DEFERRALS statement of 2026-10-01T16:06:55Z ('MET-ENGINEERED verdicts and the rows that carry their owed legs') names this id against these rows.",public+human,implementation,D-R10-HUMAN-1,
SIG-DOS-003,MUST,§55.3,covered+tested,MET-ENGINEERED(D-P32.18-1;D-R10-SOURCES-1;D-R10-HUMAN-1),ops/src/ops/dossier_packet.py:1;ops/src/ops/seed_correction.py:1;exports/src/exports/research_dossier.py:1;connectors/src/connectors/dossier_documents.py:1,P32.18;P37.16a,tests/ops/test_okc_dossier_packet.py:1;tests/db/test_okc_seed_correction.py:1,ADR-120;ADR-137,,P37.16a,"Closed P32.18: the reviewed OKC sig.dossier-packet/1 (ops.dossier_packet) replays the dossier_documents connector over the three committed fixtures verbatim + the P06.1 journalism pack + committed shadow-document transcriptions — every rendered fact binds claim_digest + capture_digest + locator + retrieved date; the scope partition keeps 299-metro (community map), 90 city-owned, ~100 city-limits private, 90 active agency-operated and 90 contracted co-visible with count_scope qualifiers, never a contradiction and never a collapse; ~190 is a declared derived answer + a derived_labels record (L4, approximate, named inputs) — never a claim; journalism is D6, the council memo document_genre=procurement_record, the amendment's signed_date/execution_state present_but_empty, UVED 47 O.S. §7-606.1 scoped to its program with q6 declared partial, the 7-day retention's stated 2026-10-01 effective date stays announced; the sig.seed-correction-packet/1 corrects the five pre-P32.3 seeded rows additively (content-digest targets, §16.6 belief closure + revises_claim + correction_reason in one transaction, dry-run + idempotent re-apply, ODbL compartment preserved); review.status=not_run keeps pilot_complete honestly false; dossier_okc stays ingestion_permitted=false and the bounded live obligation is LIVE_RETURN_PASS.json under D-P32.18-1. · R11 T4 (SEED-14b, 2026-10-01): MET-ENGINEERED(D-P32.18-1;D-R10-SOURCES-1;D-R10-HUMAN-1) (was MET / routing P32.18). F2b: engineering built and verified at fixture; only live/operator/human legs remain, each in an OPEN DEFERRALS row (D-P32.18-1, D-R10-SOURCES-1, D-R10-HUMAN-1); no surface may claim them. Was MET (ACCEPT-R10's '34 MET' superseded, C-13; ADR-150). SEED-14a's DEFERRALS statement of 2026-10-01T16:06:55Z ('MET-ENGINEERED verdicts and the rows that carry their owed legs') names this id against these rows.",public,fixture,D-P32.18-1;D-R10-SOURCES-1;D-R10-HUMAN-1,
SIG-DOS-004,MUST,§55.3,covered+tested,MET-ENGINEERED(D-P32.19-1;D-R10-SOURCES-1;D-R10-HUMAN-1),ops/src/ops/tulsa_dossier_packet.py:1;exports/src/exports/research_dossier.py:1;connectors/src/connectors/dossier_documents.py:1,P32.19;P37.16a,tests/ops/test_tulsa_dossier_packet.py:1,ADR-120;ADR-138,,P37.16a,"Closed P32.19: the reviewed Tulsa sig.dossier-packet/1 (ops.tulsa_dossier_packet) replays the dossier_documents connector over the three committed fixtures (TPD Policy 113C, Policy 113E, the MOU template) verbatim + one authored asset_operator claim — every rendered fact binds claim_digest + capture_digest + locator + retrieved date; the blank MOU stays a template: Licensor/Licensee/Date recorded present_but_empty, offered terms D6 under non-execution predicates, no buyer/seller/signed_date/contract_value/access-edge/partner claim anywhere (emit guard + release re-check); two distinct products (Flock Safety fixed, Axon Fleet 3 in-car) never collapse; the 12-month retention stays scoped to manually entered data while 113E's uniform period stays an absent field-state; stated effective dates (2023-07-07/2023-10-04) stay document dates distinct from the 2026-10-01 replay retrieved/observed date, co-visible under the same-scope rule, and 2023 files are never asserted current; q3/q4/q5/q10 render unknown with named sources + searched_not_found + precise closing-condition follow-ups — unsupported is never zero or inferred; q1/q6/q7/q8 declared partial; tasks.detect drafts the OK alpr_contract request for TPD (status drafted, records_requests_sent=0, no send path); review.status=not_run keeps pilot_complete honestly false with the contract-chain gate unresolved (<28/36, q5<2) by design; dossier_tulsa stays ingestion_permitted=false and the bounded live obligation is LIVE_RETURN_PASS.json under D-P32.19-1. · R11 T4 (SEED-14b, 2026-10-01): MET-ENGINEERED(D-P32.19-1;D-R10-SOURCES-1;D-R10-HUMAN-1) (was MET / routing P32.19). F2b: engineering built and verified at fixture; only live/operator/human legs remain, each in an OPEN DEFERRALS row (D-P32.19-1, D-R10-SOURCES-1, D-R10-HUMAN-1); no surface may claim them. Was MET (ACCEPT-R10's '34 MET' superseded, C-13; ADR-150). SEED-14a's DEFERRALS statement of 2026-10-01T16:06:55Z ('MET-ENGINEERED verdicts and the rows that carry their owed legs') names this id against these rows. · DATE CORRECTION (2026-10-01T16:16:52Z, SEED-14b; ADR-146; docs/build/reports/memory-repair/date_corrections.csv rec 130, COVERAGE_MATRIX.csv L712): the recorded '2026-10-01' is not a clock date — true date no such event (a synthetic replay/capture label); the date documents the dossier replay-label convention, not an event. The text above is kept as written.",public,fixture,D-P32.19-1;D-R10-SOURCES-1;D-R10-HUMAN-1,
SIG-DOS-005,MUST,§55.3,covered+tested,MET-ENGINEERED(D-P32.20-1;D-R10-SOURCES-1;D-R10-HUMAN-1),ops/src/ops/san_diego_dossier_packet.py:1;exports/src/exports/research_dossier.py:1;connectors/src/connectors/dossier_documents.py:1,P32.20;P37.16a,tests/ops/test_san_diego_dossier_packet.py:1;tests/exports/test_research_dossier.py:1,ADR-120;ADR-139,,P37.16a,"Closed P32.20: the reviewed San Diego sig.dossier-packet/1 (ops.san_diego_dossier_packet) replays the dossier_documents connector over the four committed fixtures (2025 Vigilant LEARN ASR, City–Ubicquia agreement, technology index, PAB index) verbatim — 29 emitted claims + 4 artifacts + 7 authored claims, every rendered fact binding claim_digest + capture_digest + locator; subscription-only access yields no local SDPD hardware assertion (access_mode=subscription hardware guard + the agency's bounded non-ownership sentence scoped verbatim to the arrangement); prime Ubicquia (seller) and component Flock Safety (vendor) stay distinguishable predicates; the PAB recommendation stays proposed (authorization_state, no adoption/enactment claim); the vendor-signed date is verbatim and City Date present_but_empty — the instrument is never called executed; q8 keeps the evidenced inbound sharing mode with outbound actors honestly unevidenced; PART_VIII_PREFLIGHT.json (sig.part-viii-preflight/1) preflights SRC-027 metadata-only — workbook_transport=never, no XLSX/ZIP/sharedStrings or plate/person/query-row transport, safe aggregate path open; tasks.detect drafts the CPRA alpr_contract request for SDPD (status drafted, records_requests_sent=0, no send path); review.status=not_run keeps pilot_complete honestly false at 29/36 mechanical-complete; dossier_san_diego stays ingestion_permitted=false and the bounded live obligation is LIVE_RETURN_PASS.json under D-P32.20-1. · R11 T4 (SEED-14b, 2026-10-01): MET-ENGINEERED(D-P32.20-1;D-R10-SOURCES-1;D-R10-HUMAN-1) (was MET / routing P32.20). F2b: engineering built and verified at fixture; only live/operator/human legs remain, each in an OPEN DEFERRALS row (D-P32.20-1, D-R10-SOURCES-1, D-R10-HUMAN-1); no surface may claim them. Was MET (ACCEPT-R10's '34 MET' superseded, C-13; ADR-150). SEED-14a's DEFERRALS statement of 2026-10-01T16:06:55Z ('MET-ENGINEERED verdicts and the rows that carry their owed legs') names this id against these rows.",public,fixture,D-P32.20-1;D-R10-SOURCES-1;D-R10-HUMAN-1,
SIG-TRUST-010,MUST,§55.8,covered+tested,MET-ENGINEERED(D-R10-HUMAN-1;D-P32.23a-1),ops/src/ops/release_candidate.py:1;exports/src/exports/release.py:1;exports/src/exports/spine_export.py:1,P32.23a,tests/ops/test_release_candidate_orchestration.py:1;tests/db/test_release_candidate.py:1,ADR-120;ADR-142,,BL-088,"Closed P32.23a (the S3 human-evaluation spine deferred wholesale by operator choice 2026-10-19 — the candidate consumes the contract's inconclusive case): the ONE unpublished release candidate `sig.release-candidate/1` builds from the frozen `sig.repaired-snapshot/1` under `provisional-ruleset/1` — `sig.candidate-identity/1` pins snapshot digest + population digest + code_commit + evaluation `status=deferred`/`decision=null`/`policy_id=eval-confidence/1`/`mode=shadow`/`applied=[]` + `published=false`/`provisional=true`/`review_only=true` + a deterministic `identity_digest` every artifact cites; `verify_population_frame` reloads the recorded frame through the shared audit loader + `publication-eligibility/1` selector and stops `changed_input` on any population/eligibility drift (a real post-freeze withhold disposition is proven to refuse — changed evaluation-relevant inputs require explicit reassessment, never carry-forward); `sig.candidate-materialization/1` runs the six materializers in recorded dependency order with a verified `+0` rerun and appends an honest `ingest_run`(`sig.release-candidate`,`provisional-ruleset/1`)+`ingest_run_completion`; the candidate composes the real `run_spine_export`→`build_release`→`validate_release` pipeline (release descriptor/manifest/analytics all stamp `provisional-ruleset/1`; the deferral note sits inside `exclusions.json` bytes) while `activate()`/`rollback()` are never called — `latest.json` read before/after, `pointer_unchanged: true` (byte-identical case tested); `sig.candidate-disclosure/1` carries the verbatim EVAL_DISCLOSURE + change facts (4 applied/0 failed/+0) + suppression facts (3 dispositions + refused-slice totals) and refuses any population-total resolved-sites metric (`prior_preview_counts_reused: false` — the pre-evaluation preview can never satisfy release acceptance); `sig.candidate-rollback/1` `prepared_not_needed` records the pointer-reversal plan + the immutable-namespace retention rule; `candidate-return-pass/1` `prepared_not_executed` pins the production commands keeping D-R10-LIVE-1 OPEN; no human label/decision fabricated, P32.10's confidence policy never activated (`activated_policy` refuses the build); staged fixture namespace `p-17b713…` identity `sha256:bc20d4bf…`; the production candidate + P32.24 validation + GATE-G3/P32.25 publication stay owed (D-P32.23a-1, D-R10-LIVE-1, D-R10-PUBLISH-1 OPEN). · R11 T4 (SEED-14b, 2026-10-01): MET-ENGINEERED(D-R10-HUMAN-1;D-P32.23a-1) (was MET / routing P32.23a). F2b: engineering built and verified at fixture; only live/operator/human legs remain, each in an OPEN DEFERRALS row (D-R10-HUMAN-1, D-P32.23a-1); no surface may claim them. Was MET (ACCEPT-R10's '34 MET' superseded, C-13; ADR-150). SEED-14a's DEFERRALS statement of 2026-10-01T16:06:55Z ('MET-ENGINEERED verdicts and the rows that carry their owed legs') names this id against these rows. · DATE CORRECTION (2026-10-01T16:16:52Z, SEED-14b; ADR-146; docs/build/reports/memory-repair/date_corrections.csv rec 131, COVERAGE_MATRIX.csv L714): the recorded '2026-10-19' is not a clock date — true date 2026-09-28T01:27Z; the S3-spine deferral is commit a33cd6ec (local 2026-09-27 21:27 -04:00). The text above is kept as written.",public+human,fixture,D-R10-HUMAN-1;D-P32.23a-1,
SIG-FIND-008,MUST,§55.5,covered+tested,MET,db/deploy/intake_application_bridge.sql:1;db/src/db/intake_apply.py:1;policy/src/policy/intake.py:1;api/src/api/intake_moderation.py:1,P32.16a,tests/db/test_intake_apply_pg.py:1,ADR-120;ADR-135,,P32.16a,"Closed P32.16a: approved corrections traverse the canonical disposition path — append-only intake.application receipt (UNIQUE(operation_id) exactly-once across restart/retry), NOLOGIN sig_intake_bridge admitted by the session-role writer guard for applied/published, advisory-lock serialization, validate_proposal re-check + claim/evidence digest + tier/rights/unsafe-payload refusals before any canonical write, curator mint via resolve_identities, one-transaction §16.6 correct close+revises pair / annotate / withhold|withdraw dispositions, loopback-only apply+published curation routes with validated p-<64hex>/correction_ref linkage, export corrections carrying old/new identity + previous_withheld markers. 27 Docker PG tests green incl. grants matrix, concurrent reconcile, publish linkage, receipt immutability.",,,,
SIG-EVAL-007,MUST,§55.4,unreferenced,MISSING,,P32.22a,,ADR-120,,BL-088,"Not implemented — owner P32.22a deferred wholesale with the S3 spine (operator decision 2026-10-19); candidate-specific frame follows development and precedes final readout; recorded OPEN under D-R10-HUMAN-1, not an unrecorded gap (P33.1 independent verdict). · R11 T4 (SEED-14b, 2026-10-01): MISSING (was MISSING / routing P32.22a). L3 §6.2: owed, non-blocking, never waived; independent evaluation under T-EVAL-IND (LATER-01, BACKLOG BL-088). · DATE CORRECTION (2026-10-01T16:16:52Z, SEED-14b; ADR-146; docs/build/reports/memory-repair/date_corrections.csv rec 132, COVERAGE_MATRIX.csv L716): the recorded '2026-10-19' is not a clock date — true date 2026-09-28T01:27Z; the S3-spine deferral is commit a33cd6ec (local 2026-09-27 21:27 -04:00). The text above is kept as written.",public+human,,D-R10-HUMAN-1,
SIG-MEM-005,MUST,§56.2,unreferenced,MISSING,,SEED-02;P34.8;P34.22a;P34.22b,,ADR-146,—,SEED-02,"New Round-11 requirement (Part XII §56.2; plan §6.2; draft→final map PD/stageB/T1_id_map.csv). Enters as MISSING with its owner's routing (spec §56.9: planning does not turn it MET). Owner SEED-02 (guard core); also P34.8 (obligation-event clock defaults), P34.22a/b (code literals and fixtures). R11 T4 (SEED-14b, 2026-10-01).",implementation,,,
SIG-MEM-006,MUST,§56.2,unreferenced,MET-ENGINEERED(D-P34.7-1),docs/build/tools/memory_guard.py;docs/build/tools/record_policy/history.policy;tests/unit/fixtures/memory_guard/replay_expected.csv;docs/build/reports/memory-repair/P34.7-replay.json;docs/build/runs/P34.7.md,P34.7,docs/build/tools/test_memory_guard.py;tests/unit/test_ci_workflows.py,—,—,BL-084,"New Round-11 requirement (Part XII §56.2; plan §6.2; draft→final map PD/stageB/T1_id_map.csv). Enters as MISSING with its owner's routing (spec §56.9: planning does not turn it MET). Owner P34.7; also SEED-02 (core modes), P34.27 (remaining restorations). R11 T4 (SEED-14b, 2026-10-01). · P34.7 (PR #202, 2026-10-02): MET-ENGINEERED(D-P34.7-1) (was MISSING / routing P34.7). The append-only guard is complete: every remaining region mode (row-annotate containment, placeholder-fill, frozen-snapshot, frozen-after-execution/-close/-landing, JSONL schema/dates/prefix-chain), the chain-id registry (git log -p, re-bind fails), first-parent replay, the register-derived oracle (969 rows, adjudicated reviewed layer), the seed-commit directive, vacuous-span exit 3 (SIG-ENG-042) and the nightly read-only replay stage wired into the report gate. Replay a33177c7..HEAD: 651 judged, 0 missed/0 breached/0 unexpected/160 reviewed-waived. Owed: the first scheduled nightly run carrying the replay stage (D-P34.7-1, home BL-084) — workflow scheduling is not producible from a worker.",implementation,implementation,D-P34.7-1,
SIG-MEM-007,MUST,§56.2,unreferenced,MET-ENGINEERED(D-P34.2-2),docs/build/tools/verify_recorded_ci.py;docs/build/tools/ci_boundary.py;.github/workflows/ci.yml;.github/workflows/nightly.yml;Makefile,P34.2;SEED-02,docs/build/tools/test_verify_recorded_ci.py;docs/build/tools/test_ci_boundary.py,ADR-191,—,P38.1a,"New Round-11 requirement (Part XII §56.2; plan §6.2; draft→final map PD/stageB/T1_id_map.csv). Enters as MISSING with its owner's routing (spec §56.9: planning does not turn it MET). Owner P34.2; also SEED-02 (the boundary reader). R11 T4 (SEED-14b, 2026-10-01). · P34.2 (PR #195, 2026-10-02): MET-ENGINEERED(D-P34.2-2) (was MISSING / routing P34.2). Recorded-CI verifier + external delta + flake policy landed and ran live on the PR (ci: pass #195@9dbb26f); owed: first nightly --all sweep and the post-merge stack audit (D-P34.2-2, home BL-084, P38.1a audits).",implementation,implementation,D-P34.2-2,
SIG-MEM-008,MUST,§56.2,unreferenced,MISSING,,P34.28;SEED-02,,—,—,P34.28,"New Round-11 requirement (Part XII §56.2; plan §6.2; draft→final map PD/stageB/T1_id_map.csv). Enters as MISSING with its owner's routing (spec §56.9: planning does not turn it MET). Owner P34.28; also SEED-02 (table form and dates). R11 T4 (SEED-14b, 2026-10-01).",implementation,,,
SIG-MEM-009,MUST,§56.2,unreferenced,MISSING,,P34.28;SEED-02,,ADR-167,—,P34.28,"New Round-11 requirement (Part XII §56.2; plan §6.2; draft→final map PD/stageB/T1_id_map.csv). Enters as MISSING with its owner's routing (spec §56.9: planning does not turn it MET). Owner P34.28; also SEED-02 (the sentence in new readouts). R11 T4 (SEED-14b, 2026-10-01).",implementation,,,
SIG-MEM-010,MUST,§56.2,unreferenced,PARTIAL,docs/build/tools/ledger_contract.py;docs/build/tools/record_policy/phase_log_kinds.txt;docs/build/tools/record_policy/stale_tokens.txt;docs/build/tools/test_ledger_contract.py;docs/build/runs/P34.9.md;Makefile;scripts/docs/check-build-memory.sh;docs/build/tools/memory_guard.py;docs/build/tools/check_backlog.py;docs/build/tools/audit_current_state.py,P34.9;SEED-10;P34.29,docs/build/tools/test_ledger_contract.py;tests/unit/test_obligation_events.py,—,—,P34.29,"New Round-11 requirement (Part XII §56.2; plan §6.2; draft→final map PD/stageB/T1_id_map.csv). Enters as MISSING with its owner's routing (spec §56.9: planning does not turn it MET). Owner P34.9; also SEED-10 (the slim head), P34.29 (the RETURN PASS generator). R11 T4 (SEED-14b, 2026-10-01). · P34.9 (PR #204, 2026-10-02): PARTIAL (was MISSING / routing P34.9). The contract is checked, not trusted: ledger_contract.py (ledger-contract/1) enforces V1–V6/V8/V11–V13 over the orient budget, CURRENT STATE vocabularies incl. harness, named paths, stale tokens, PHASE LOG shape/position/kinds/done⇔index, BUILD_INDEX well-formedness, RETURN PASS set equality, GATE DECISIONS form, the orient probe, run-ledger harness and manifest rounds — check / --at REV / replay, per-check candidates+evaluated+floors, exits 0/1/2/3/5, wired into make docs-check and the CI docs job. Owed: 'RETURN PASS MUST equal its generated form' — the generator is P34.29's deliverable (routing).",implementation,implementation,,
SIG-MEM-011,MUST,§56.2,unreferenced,MISSING,,P35.3,,—,—,P35.3,"New Round-11 requirement (Part XII §56.2; plan §6.2; draft→final map PD/stageB/T1_id_map.csv). Enters as MISSING with its owner's routing (spec §56.9: planning does not turn it MET). Owner P35.3. R11 T4 (SEED-14b, 2026-10-01).",implementation,,,
SIG-MEM-012,MUST,§56.2,unreferenced,MISSING,,SEED-02;P34.9,,—,—,SEED-02,"New Round-11 requirement (Part XII §56.2; plan §6.2; draft→final map PD/stageB/T1_id_map.csv). Enters as MISSING with its owner's routing (spec §56.9: planning does not turn it MET). Owner SEED-02 (trailer grammar); also P34.9 (ledger fields). R11 T4 (SEED-14b, 2026-10-01).",implementation,,,
SIG-ENG-040,MUST,§56.3,unreferenced,MISSING,,P34.31;SEED-03,,—,—,P34.31,"New Round-11 requirement (Part XII §56.3; plan §6.2; draft→final map PD/stageB/T1_id_map.csv). Enters as MISSING with its owner's routing (spec §56.9: planning does not turn it MET). Owner P34.31; also SEED-03 (the seed's conversions). R11 T4 (SEED-14b, 2026-10-01).",implementation,,,
SIG-ENG-041,MUST,§56.3,unreferenced,MISSING,,SEED-15;P34.33,,ADR-150,—,SEED-15,"New Round-11 requirement (Part XII §56.3; plan §6.2; draft→final map PD/stageB/T1_id_map.csv). Enters as MISSING with its owner's routing (spec §56.9: planning does not turn it MET). Owner SEED-15; also P34.33 (the capstone two-sum check). R11 T4 (SEED-14b, 2026-10-01).",implementation,,,
SIG-ENG-042,MUST,§56.3,unreferenced,MET,Makefile;.github/workflows/ci.yml;scripts/docs/check-build-memory.sh;docs/build/tools/ledger_contract.py;docs/build/tools/check_spec_src.py;docs/build/tools/check_coverage_matrix.py;docs/build/tools/check_backlog.py;docs/build/tools/audit_current_state.py;docs/build/tools/current_projection.py;docs/build/tools/obligation_events.py;docs/build/tools/memory_guard.py;docs/build/tools/test_ledger_contract.py;tests/unit/test_ci_workflows.py;docs/build/runs/P34.9.md,P34.9;SEED-02,docs/build/tools/test_ledger_contract.py;tests/unit/test_ci_workflows.py;tests/unit/test_obligation_events.py,—,—,—,"New Round-11 requirement (Part XII §56.3; plan §6.2; draft→final map PD/stageB/T1_id_map.csv). Enters as MISSING with its owner's routing (spec §56.9: planning does not turn it MET). Owner P34.9; also SEED-02 (CI wiring). R11 T4 (SEED-14b, 2026-10-01). · P34.9 (PR #204, 2026-10-02): MET (was MISSING / routing P34.9). Every named validator reports candidates/evaluated with declared floors and exits 3 on a non-empty-but-unevaluated set (G11 generalised in the vendored count(), check_spec_src --root, check_coverage_matrix, check_backlog, audit_current_state --require-reconciled, current_projection verify, obligation_events check); all run under make docs-check and the CI docs job on PRs and pushes to main — verified live on this PR's own run (the docs job executed the full target). The nightly replay already exits 3 on a vacuous span (P34.7). Verified: docs-check green end to end; no || true anywhere.",implementation,implementation,,
SIG-ENG-043,MUST,§56.3,unreferenced,MISSING,,P34.32;SEED-15,,—,—,P34.32,"New Round-11 requirement (Part XII §56.3; plan §6.2; draft→final map PD/stageB/T1_id_map.csv). Enters as MISSING with its owner's routing (spec §56.9: planning does not turn it MET). Owner P34.32; also SEED-15 (the register file). R11 T4 (SEED-14b, 2026-10-01).",implementation,,,
SIG-ENG-044,MUST,§56.3,unreferenced,MISSING,,SEED-02;SEED-03,,—,—,SEED-02,"New Round-11 requirement (Part XII §56.3; plan §6.2; draft→final map PD/stageB/T1_id_map.csv). Enters as MISSING with its owner's routing (spec §56.9: planning does not turn it MET). Owner SEED-02; also SEED-03 (pin conversions). R11 T4 (SEED-14b, 2026-10-01).",implementation,,,
SIG-ENG-045,MUST,§56.3,unreferenced,MISSING,,P34.24a,,ADR-146,—,P34.24a,"New Round-11 requirement (Part XII §56.3; plan §6.2; draft→final map PD/stageB/T1_id_map.csv). Enters as MISSING with its owner's routing (spec §56.9: planning does not turn it MET). Owner P34.24a. R11 T4 (SEED-14b, 2026-10-01).",composed-db,,,
SIG-ENG-046,MUST,§56.3,covered+tested,MET-ENGINEERED(D-P34.1-1),web/.nvmrc:1;web/.npmrc:1;web/package.json:1;pyproject.toml:1;Makefile:1;.github/workflows/ci.yml:1,P34.1,tests/unit/test_ci_workflows.py:1,ADR-151,—,P38.1a,"New Round-11 requirement (Part XII §56.3; plan §6.2; draft→final map PD/stageB/T1_id_map.csv). Entered as MISSING with its owner's routing (spec §56.9: planning does not turn it MET). Owner P34.1. R11 T4 (SEED-14b, 2026-10-01). · P34.1 (PR #193, 2026-10-01): MET-ENGINEERED(D-P34.1-1) (was MISSING / routing P34.1). Exact pins landed — Node 24.21.0 (web/.nvmrc), npm 11.21.0 (packageManager + explicit CI install), engine-strict engines, uv ==0.12.6, every job ubuntu-24.04 with workflow-level bash/pipefail, PR-only cancel-in-progress, docs job on pushes to main, real make ci-local mirroring all five checks, lockfile drift gate + recorded regeneration (blob 9a547e60b70ec2b3f2255167cbef9a0719bb9c2e); only the post-merge 'zero cancelled push runs on main' observation remains, owed in D-P34.1-1 (home BL-084; audited by P38.1a) — no surface claims it.",implementation,implementation,D-P34.1-1,
SIG-OPS-001,MUST,§56.4,unreferenced,MET-ENGINEERED(D-P34.6-2;D-P34.6-3;D-P34.6-4;D-P34.6-5;D-P34.6-6),ops/gcp/restore-drill.sh;ops/gcp/restore-point.sh;ops/gcp/logical-export.sh;ops/src/ops/cloudsql_drill.py;docs/build/runs/P34.6.md;tests/ops/test_cloudsql_drill.py;tests/ops/test_restore_drill_iac.py,P34.6,tests/ops/test_cloudsql_drill.py;tests/ops/test_restore_drill_iac.py,ADR-175,—,BL-084,"New Round-11 requirement (Part XII §56.4; plan §6.2; draft→final map PD/stageB/T1_id_map.csv). Enters as MISSING with its owner's routing (spec §56.9: planning does not turn it MET). Owner P34.6. R11 T4 (SEED-14b, 2026-10-01). · P34.6 (2026-10-02): MET-ENGINEERED(D-P34.6-2/-3/-4/-5/-6) (was MISSING / routing P34.6). Leg 1 ran LIVE and verified: PITR clone sig-pg-drill-20261002t1023z at T=2026-10-02T10:13:13Z, 10/10 per-table parity at T over the Cloud SQL Auth Proxy (schema-aware — prod pre-P32.4 so claim_evidence counted unbounded, spine_watermark absent on both, recorded honestly), sqitch tip equal (39 changes -> camera_site_human_decisions), PostGIS 3.6.0, API smoke 200/200, RTO 1069.2 s / RPO 16681.0 s measured, name-checked delete left sig-pg only, --verify 11 OK / 0 DRIFT (record sha256 6a9fe046…51257c, gitignored docs/build/logs/restore-drill/). Owed: the monthly export (D-P34.6-2), the bucket lifecycle (D-P34.6-3), the seed relabel-by-copy (D-P34.6-4), the full-backup variant drill (D-P34.6-5) and the after-schema-deploy re-drill (D-P34.6-6) — all in-ticket-go or GATE-G4 gated. Routing moved to BL-084 after P34.6 landed — an open verdict may not route to a landed row (SIG-ENG-041).",hosted,hosted,D-P34.6-2;D-P34.6-3;D-P34.6-4;D-P34.6-5;D-P34.6-6,
SIG-OPS-002,MUST,§56.4,unreferenced,MET-ENGINEERED(D-P34.3-1),ops/gcp/protect.sh;tests/ops/test_protect_iac.py;docs/build/runs/P34.3.md,P34.3,tests/ops/test_protect_iac.py;tests/ops/test_gcp_iac.py,—,—,BL-084,"New Round-11 requirement (Part XII §56.4; plan §6.2; draft→final map PD/stageB/T1_id_map.csv). Enters as MISSING with its owner's routing (spec §56.9: planning does not turn it MET). Owner P34.3. R11 T4 (SEED-14b, 2026-10-01). · P34.3 (PR #197, 2026-10-02): MET-ENGINEERED(D-P34.3-1) (was MISSING / routing P34.3). The S5-3 change landed as ops/gcp/protect.sh — dry-run default, idempotent read-then-SKIP, live-window guard (never 03:00–10:00Z; sig-pg legs also outside AR-3 and never while sig-materialize runs), AR-2 on-demand backup gating the first patch on SUCCESSFUL, inline rollback on the stop rules; --verify --from-state proven both directions over recorded JSON plus 23 offline tests. Owed: the live production leg itself (D-P34.3-1, home BL-084) — window-queued the whole session.",hosted,implementation,D-P34.3-1,
SIG-OPS-003,MUST,§56.4,unreferenced,MET-ENGINEERED(D-P34.17-1),ops/public_routes.toml;ops/src/ops/publish.py;ops/src/ops/cli.py;ops/src/ops/observe.py;ops/src/ops/scheduled.py;ops/cadence.toml;web/astro.config.mjs;docs/build/runs/P34.10.md;docs/build/runs/P34.17.md,P34.10;P34.17,tests/ops/test_publish.py;tests/ops/test_scheduled.py;tests/ops/test_observe.py;tests/ops/test_deploy.py;tests/unit/test_p34_17_web_honesty.py,—,—,BL-084,"New Round-11 requirement (Part XII §56.4; plan §6.2; draft→final map PD/stageB/T1_id_map.csv). Enters as MISSING with its owner's routing (spec §56.9: planning does not turn it MET). Owner P34.10. R11 T4 (SEED-14b, 2026-10-01). · P34.10 (PR #205, 2026-10-02): PARTIAL (was MISSING / routing P34.10). The allow-list machinery is landed: the default build emits no internal routes (web/src/internal + SIG_BUILD_INTERNAL=1), ops/public_routes.toml is the committed policy (top_level + required + six [[denied]] routes), publish-web refuses unlisted/internal/demo trees before any write, and http-absent probes (404-only green) cover every denied route on all three public origins in ops/cadence.toml — verified engineered + fixture (669 ops tests; public dist asserted allow-listed). Owed and routed to P34.17: the live legs — an applied publish and the post-sync/sweep proof that each denied route answers 404 on every real public origin (the /curate/** leak from the 2026-09-27 hand rsync stays live until the republish). · P34.17 (PR #216, 2026-10-03): MET-ENGINEERED(D-P34.17-1) (was PARTIAL / routing P34.17). The republish-#1 build leg landed: publish-web now also refuses unconfirmed copy rows, an unset dispute-intake marker, and demo_ route/task segments; ops/cadence.toml carries the /visual-language/ http-absent probe on apex/web/bucket; fixture (31 pages) and export (133 pages over sig-2026-09-27-ce480ab1) builds produce allow-listed trees asserted by tests/ops/test_publish.py + tests/unit/test_p34_17_web_honesty.py (dry-run green). Owed: the applied publish and the post-sweep live 404 proof per denied route (D-P34.17-1, home BL-084) — the /curate/** leak from the 2026-09-27 hand rsync stays live until the republish. Routing re-anchored P34.17 → BL-084 (SIG-ENG-041).",hosted,implementation,D-P34.17-1,
SIG-OPS-004,MUST,§56.4,unreferenced,MET-ENGINEERED(D-P34.17-1),ops/public_routes.toml;ops/src/ops/publish.py;ops/src/ops/cli.py;ops/src/ops/observe.py;ops/src/ops/scheduled.py;ops/cadence.toml;web/astro.config.mjs;docs/build/runs/P34.10.md;docs/build/runs/P34.17.md,P34.10;P34.17,tests/ops/test_publish.py;tests/ops/test_scheduled.py;tests/ops/test_observe.py;tests/ops/test_deploy.py;tests/unit/test_p34_17_web_honesty.py,—,—,BL-084,"New Round-11 requirement (Part XII §56.4; plan §6.2; draft→final map PD/stageB/T1_id_map.csv). Enters as MISSING with its owner's routing (spec §56.9: planning does not turn it MET). Owner P34.10. R11 T4 (SEED-14b, 2026-10-01). · P34.10 (PR #205, 2026-10-02): PARTIAL (was MISSING / routing P34.10). The single publish path is landed: sig-ops publish-web is the only repository-owned route to the public buckets (deploy.py's plan names it; ops/README forbids hand-typed syncs); sync_tree never deletes the protected release namespaces (r/, releases/, entity/, conf/, compat_index.json, release.json — double-guarded plan + write-time re-check) and syncs release/public-compartment trees append-only; .sig-release.json (sig/web-release-record/1.0.0) records release id, git commit, build time, image digests and the tree digest. Owed and routed to P34.17: the first applied publish writing a real record to the real bucket; the SIG-REL-004 refinement (the release tool owning /releases/**) stays P35.53's row. · P34.17 (PR #216, 2026-10-03): MET-ENGINEERED(D-P34.17-1) (was PARTIAL / routing P34.17). The publish gates gained the copy-batch check (refuses any pending row under --apply), the dispute data-intake-email=""set"" marker check, and the demo_/internal-marker sweeps — a publish without the injected operator address or confirmed copy cannot go green; the release record still names the release id + commit + tree digest. Owed: the first applied publish writing a real record to the real bucket (D-P34.17-1, home BL-084); the SIG-REL-004 refinement (the release tool owning /releases/**) stays P35.53's row. Routing re-anchored P34.17 → BL-084 (SIG-ENG-041).",hosted,implementation,D-P34.17-1,
SIG-OPS-005,MUST,§56.4,unreferenced,MISSING,,P35.1a,,—,—,P35.1a,"New Round-11 requirement (Part XII §56.4; plan §6.2; draft→final map PD/stageB/T1_id_map.csv). Enters as MISSING with its owner's routing (spec §56.9: planning does not turn it MET). Owner P35.1a. R11 T4 (SEED-14b, 2026-10-01).",hosted,,,
SIG-OPS-006,MUST,§56.4,unreferenced,MISSING,,P35.2;P34.4,,—,—,P35.2,"New Round-11 requirement (Part XII §56.4; plan §6.2; draft→final map PD/stageB/T1_id_map.csv). Enters as MISSING with its owner's routing (spec §56.9: planning does not turn it MET). Owner P35.2; also P34.4 (the first channel, uptime checks and the TLS-expiry alert). R11 T4 (SEED-14b, 2026-10-01). · P34.4 (2026-10-02): the first-channel/uptime-check/TLS-alert slice landed as committed defs (ops/monitoring/) + the ops/gcp/alerts.sh leg runner — SIG-ALERT log-match and the sig-probe jobfail extension included; the live apply is window-queued (D-P34.4-1). Verdict stays MISSING — the alerting-as-code mechanism is owner P35.2's.",hosted,,,
SIG-OPS-007,SHOULD,§56.4,unreferenced,MISSING,,P35.2,,—,—,P35.2,"New Round-11 requirement (Part XII §56.4; plan §6.2; draft→final map PD/stageB/T1_id_map.csv). Enters as MISSING with its owner's routing (spec §56.9: planning does not turn it MET). Owner P35.2. R11 T4 (SEED-14b, 2026-10-01).",hosted,,,
SIG-OPS-008,MUST,§56.4,unreferenced,MISSING,,P36.44,,—,—,P36.44,"New Round-11 requirement (Part XII §56.4; plan §6.2; draft→final map PD/stageB/T1_id_map.csv). Enters as MISSING with its owner's routing (spec §56.9: planning does not turn it MET). Owner P36.44. R11 T4 (SEED-14b, 2026-10-01).",hosted,,,
SIG-OPS-009,MUST,§56.4,unreferenced,MET-ENGINEERED(D-P34.5-1;D-P34.5-2;D-P34.5-3),ops/gcp/cost-guard.sh;docs/build/reports/spend/;docs/build/runs/P34.5.md;tests/ops/test_cost_guard_iac.py,P34.5,tests/ops/test_cost_guard_iac.py,ADR-193,—,BL-084,"New Round-11 requirement (Part XII §56.4; plan §6.2; draft→final map PD/stageB/T1_id_map.csv). Enters as MISSING with its owner's routing (spec §56.9: planning does not turn it MET). Owner P34.5. R11 T4 (SEED-14b, 2026-10-01). · P34.5 (2026-10-02): MET-ENGINEERED(D-P34.5-1/-2/-3) (was MISSING / routing P34.5). The S5-3 mutations ran LIVE (window = any time, billing metadata): billingbudgets API enabled, the 300 USD project-scoped ceiling budget created at 50/90/100 % CURRENT_SPEND with e-mail to billing IAM recipients + the committed operator channel, the $0.01 test-threshold budget created and awaiting its fire, and the sig_billing_export BigQuery dataset created — post-state --verify 'ceiling-budget OK / export-dataset OK'. Ledger conventions + monthly file + label vocabulary landed in docs/build/reports/spend/; README/ops/GCP_DEPLOYMENT cost claims now labelled and pointing there. Owed: the test-budget fire confirm + name-checked delete (D-P34.5-1), the OP-12 console export link (D-P34.5-2), the first monthly report once the export holds rows (D-P34.5-3). Routing moved to BL-084 after P34.5 landed — an open verdict may not route to a landed row (SIG-ENG-041).",hosted,hosted,D-P34.5-1;D-P34.5-2;D-P34.5-3,
SIG-OPS-010,SHOULD,§56.4,unreferenced,MISSING,,P35.4,,—,—,P35.4,"New Round-11 requirement (Part XII §56.4; plan §6.2; draft→final map PD/stageB/T1_id_map.csv). Enters as MISSING with its owner's routing (spec §56.9: planning does not turn it MET). Owner P35.4. R11 T4 (SEED-14b, 2026-10-01).",hosted,,,
SIG-OPS-011,MUST,§56.4,unreferenced,MISSING,,P35.3,,—,—,P35.3,"New Round-11 requirement (Part XII §56.4; plan §6.2; draft→final map PD/stageB/T1_id_map.csv). Enters as MISSING with its owner's routing (spec §56.9: planning does not turn it MET). Owner P35.3. R11 T4 (SEED-14b, 2026-10-01).",hosted,,,
SIG-OPS-012,MUST,§56.4,unreferenced,MISSING,,P35.3,,—,—,P35.3,"New Round-11 requirement (Part XII §56.4; plan §6.2; draft→final map PD/stageB/T1_id_map.csv). Enters as MISSING with its owner's routing (spec §56.9: planning does not turn it MET). Owner P35.3. R11 T4 (SEED-14b, 2026-10-01).",hosted,,,
SIG-STORE-048,MUST,§56.4,unreferenced,MISSING,,P37.3;P34.3,,ADR-181;ADR-189,—,P37.3,"New Round-11 requirement (Part XII §56.4; plan §6.2; draft→final map PD/stageB/T1_id_map.csv). Enters as MISSING with its owner's routing (spec §56.9: planning does not turn it MET). Owner P37.3; also P34.3 (versioning and noncurrent lifecycle). R11 T4 (SEED-14b, 2026-10-01).",hosted,,,
SIG-SEC-007,MUST,§56.5,unreferenced,MISSING,,P34.42a;P34.42b,,—,—,P34.42a,"New Round-11 requirement (Part XII §56.5; plan §6.2; draft→final map PD/stageB/T1_id_map.csv). Enters as MISSING with its owner's routing (spec §56.9: planning does not turn it MET). Owner P34.42a/b. R11 T4 (SEED-14b, 2026-10-01).",hosted,,,
SIG-SEC-008,MUST,§56.5,unreferenced,MISSING,,P35.1a;P35.1b,,ADR-111,—,P35.1a,"New Round-11 requirement (Part XII §56.5; plan §6.2; draft→final map PD/stageB/T1_id_map.csv). Enters as MISSING with its owner's routing (spec §56.9: planning does not turn it MET). Owner P35.1a/b. R11 T4 (SEED-14b, 2026-10-01).",hosted,,,
SIG-SEC-009,SHOULD,§56.5,unreferenced,MISSING,,P35.4,,—,—,P35.4,"New Round-11 requirement (Part XII §56.5; plan §6.2; draft→final map PD/stageB/T1_id_map.csv). Enters as MISSING with its owner's routing (spec §56.9: planning does not turn it MET). Owner P35.4. R11 T4 (SEED-14b, 2026-10-01).",hosted,,,
SIG-SEC-010,MUST,§56.5,unreferenced,MISSING,,P34.28,,—,—,P34.28,"New Round-11 requirement (Part XII §56.5; plan §6.2; draft→final map PD/stageB/T1_id_map.csv). Enters as MISSING with its owner's routing (spec §56.9: planning does not turn it MET). Owner P34.28 (the operator creates the key, OP-25). R11 T4 (SEED-14b, 2026-10-01).",hosted,,,
SIG-SEC-011,MUST,§56.5,unreferenced,MISSING,,P34.25,,—,—,P34.25,"New Round-11 requirement (Part XII §56.5; plan §6.2; draft→final map PD/stageB/T1_id_map.csv). Enters as MISSING with its owner's routing (spec §56.9: planning does not turn it MET). Owner P34.25. R11 T4 (SEED-14b, 2026-10-01).",hosted,,,
SIG-REL-001,MUST,§56.6,unreferenced,MISSING,,P35.12,,—,—,P35.12,"New Round-11 requirement (Part XII §56.6; plan §6.2; draft→final map PD/stageB/T1_id_map.csv). Enters as MISSING with its owner's routing (spec §56.9: planning does not turn it MET). Owner P35.12. R11 T4 (SEED-14b, 2026-10-01).",public,,,
SIG-REL-002,MUST,§56.6,unreferenced,MISSING,,P35.12,,—,—,P35.12,"New Round-11 requirement (Part XII §56.6; plan §6.2; draft→final map PD/stageB/T1_id_map.csv). Enters as MISSING with its owner's routing (spec §56.9: planning does not turn it MET). Owner P35.12. R11 T4 (SEED-14b, 2026-10-01).",public,,,
SIG-REL-003,MUST,§56.6,unreferenced,MISSING,,P35.12,,—,—,P35.12,"New Round-11 requirement (Part XII §56.6; plan §6.2; draft→final map PD/stageB/T1_id_map.csv). Enters as MISSING with its owner's routing (spec §56.9: planning does not turn it MET). Owner P35.12. R11 T4 (SEED-14b, 2026-10-01).",public,,,
SIG-REL-004,MUST,§56.6,unreferenced,MISSING,,P35.53,,—,—,P35.53,"New Round-11 requirement (Part XII §56.6; plan §6.2; draft→final map PD/stageB/T1_id_map.csv). Enters as MISSING with its owner's routing (spec §56.9: planning does not turn it MET). Owner P35.53. R11 T4 (SEED-14b, 2026-10-01).",public,,,
SIG-REL-005,MUST,§56.6,unreferenced,MISSING,,P35.53,,—,—,P35.53,"New Round-11 requirement (Part XII §56.6; plan §6.2; draft→final map PD/stageB/T1_id_map.csv). Enters as MISSING with its owner's routing (spec §56.9: planning does not turn it MET). Owner P35.53. R11 T4 (SEED-14b, 2026-10-01).",public,,,
SIG-REL-006,MUST,§56.6,unreferenced,MISSING,,P35.54,,—,—,P35.54,"New Round-11 requirement (Part XII §56.6; plan §6.2; draft→final map PD/stageB/T1_id_map.csv). Enters as MISSING with its owner's routing (spec §56.9: planning does not turn it MET). Owner P35.54. R11 T4 (SEED-14b, 2026-10-01).",public,,,
SIG-REL-007,MUST,§56.6,unreferenced,MISSING,,P35.58;P35.56,,—,—,P35.58,"New Round-11 requirement (Part XII §56.6; plan §6.2; draft→final map PD/stageB/T1_id_map.csv). Enters as MISSING with its owner's routing (spec §56.9: planning does not turn it MET). Owner P35.58; also P35.56 (suite A). R11 T4 (SEED-14b, 2026-10-01).",public,,,
SIG-REL-008,MUST,§56.6,unreferenced,MISSING,,P36.66b;P35.65,,—,—,P36.66b,"New Round-11 requirement (Part XII §56.6; plan §6.2; draft→final map PD/stageB/T1_id_map.csv). Enters as MISSING with its owner's routing (spec §56.9: planning does not turn it MET). Owner P36.66b; also P35.65 (the CI containment check). R11 T4 (SEED-14b, 2026-10-01).",public,,,
SIG-REL-009,MUST,§56.6,unreferenced,MISSING,,P35.13,,—,—,P35.13,"New Round-11 requirement (Part XII §56.6; plan §6.2; draft→final map PD/stageB/T1_id_map.csv). Enters as MISSING with its owner's routing (spec §56.9: planning does not turn it MET). Owner P35.13. R11 T4 (SEED-14b, 2026-10-01).",public,,,
SIG-REL-010,MUST,§56.6,unreferenced,MISSING,,P35.57;P34.25,,—,—,P35.57,"New Round-11 requirement (Part XII §56.6; plan §6.2; draft→final map PD/stageB/T1_id_map.csv). Enters as MISSING with its owner's routing (spec §56.9: planning does not turn it MET). Owner P35.57; also P34.25 (the basis label). R11 T4 (SEED-14b, 2026-10-01).",public,,,
SIG-REL-011,MUST,§56.6,unreferenced,MISSING,,P36.44,,—,—,P36.44,"New Round-11 requirement (Part XII §56.6; plan §6.2; draft→final map PD/stageB/T1_id_map.csv). Enters as MISSING with its owner's routing (spec §56.9: planning does not turn it MET). Owner P36.44. R11 T4 (SEED-14b, 2026-10-01).",public,,,
SIG-REL-012,MUST,§56.6,unreferenced,MISSING,,P35.60,,ADR-163,—,P35.60,"New Round-11 requirement (Part XII §56.6; plan §6.2; draft→final map PD/stageB/T1_id_map.csv). Enters as MISSING with its owner's routing (spec §56.9: planning does not turn it MET). Owner P35.60. R11 T4 (SEED-14b, 2026-10-01).",public,,,
SIG-REL-013,MUST,§56.6,unreferenced,MISSING,,P35.55,,—,—,P35.55,"New Round-11 requirement (Part XII §56.6; plan §6.2; draft→final map PD/stageB/T1_id_map.csv). Enters as MISSING with its owner's routing (spec §56.9: planning does not turn it MET). Owner P35.55. R11 T4 (SEED-14b, 2026-10-01).",public,,,
SIG-REL-014,MUST,§56.6,unreferenced,MISSING,,P34.23,,—,—,P34.23,"New Round-11 requirement (Part XII §56.6; plan §6.2; draft→final map PD/stageB/T1_id_map.csv). Enters as MISSING with its owner's routing (spec §56.9: planning does not turn it MET). Owner P34.23. R11 T4 (SEED-14b, 2026-10-01).",implementation,,,
SIG-REL-015,MUST,§56.6,unreferenced,MISSING,,P36.50,,—,—,P36.50,"New Round-11 requirement (Part XII §56.6; plan §6.2; draft→final map PD/stageB/T1_id_map.csv). Enters as MISSING with its owner's routing (spec §56.9: planning does not turn it MET). Owner P36.50 (the operator creates the key, OP-20). R11 T4 (SEED-14b, 2026-10-01).",public,,,
SIG-CONF-001,MUST,§56.7,unreferenced,MISSING,,P34.45;P37.45,,—,—,P34.45,"New Round-11 requirement (Part XII §56.7; plan §6.2; draft→final map PD/stageB/T1_id_map.csv). Enters as MISSING with its owner's routing (spec §56.9: planning does not turn it MET). Owner P34.45; also P37.45 (basis on public surfaces). R11 T4 (SEED-14b, 2026-10-01).",public,,,
SIG-CONF-002,MUST,§56.7,unreferenced,MISSING,,P35.48,,—,—,P35.48,"New Round-11 requirement (Part XII §56.7; plan §6.2; draft→final map PD/stageB/T1_id_map.csv). Enters as MISSING with its owner's routing (spec §56.9: planning does not turn it MET). Owner P35.48. R11 T4 (SEED-14b, 2026-10-01).",implementation,,,
SIG-CONF-003,MUST,§56.7,unreferenced,MISSING,,P34.44a,,—,—,P34.44a,"New Round-11 requirement (Part XII §56.7; plan §6.2; draft→final map PD/stageB/T1_id_map.csv). Enters as MISSING with its owner's routing (spec §56.9: planning does not turn it MET). Owner P34.44a. R11 T4 (SEED-14b, 2026-10-01).",implementation,,,
SIG-CONF-004,MUST,§56.7,unreferenced,MISSING,,P35.46;P37.46a;P37.46b,,ADR-153,—,P35.46,"New Round-11 requirement (Part XII §56.7; plan §6.2; draft→final map PD/stageB/T1_id_map.csv). Enters as MISSING with its owner's routing (spec §56.9: planning does not turn it MET). Owner P35.46; also P37.46a/b (organisations). R11 T4 (SEED-14b, 2026-10-01).",public,,,
SIG-CONF-005,MUST,§56.7,unreferenced,MISSING,,P35.47;P34.45,,—,—,P35.47,"New Round-11 requirement (Part XII §56.7; plan §6.2; draft→final map PD/stageB/T1_id_map.csv). Enters as MISSING with its owner's routing (spec §56.9: planning does not turn it MET). Owner P35.47; also P34.45 (inferential tiers review-only). R11 T4 (SEED-14b, 2026-10-01).",public,,,
SIG-CONF-006,MUST,§56.7,unreferenced,MISSING,,P34.44a,,—,—,P34.44a,"New Round-11 requirement (Part XII §56.7; plan §6.2; draft→final map PD/stageB/T1_id_map.csv). Enters as MISSING with its owner's routing (spec §56.9: planning does not turn it MET). Owner P34.44a. R11 T4 (SEED-14b, 2026-10-01).",implementation,,,
SIG-CONF-007,MUST,§56.7,unreferenced,MISSING,,P34.44a,,—,—,P34.44a,"New Round-11 requirement (Part XII §56.7; plan §6.2; draft→final map PD/stageB/T1_id_map.csv). Enters as MISSING with its owner's routing (spec §56.9: planning does not turn it MET). Owner P34.44a. R11 T4 (SEED-14b, 2026-10-01).",implementation,,,
SIG-CONF-008,MUST,§56.7,unreferenced,MISSING,,P35.23,,—,—,P35.23,"New Round-11 requirement (Part XII §56.7; plan §6.2; draft→final map PD/stageB/T1_id_map.csv). Enters as MISSING with its owner's routing (spec §56.9: planning does not turn it MET). Owner P35.23. R11 T4 (SEED-14b, 2026-10-01).",implementation,,,
SIG-CONF-009,MUST,§56.7,unreferenced,MISSING,,P35.34;P34.44a;P34.44b,,—,—,P35.34,"New Round-11 requirement (Part XII §56.7; plan §6.2; draft→final map PD/stageB/T1_id_map.csv). Enters as MISSING with its owner's routing (spec §56.9: planning does not turn it MET). Owner P35.34; also P34.44a/b (the check). R11 T4 (SEED-14b, 2026-10-01).",hosted,,,
SIG-CONF-010,MUST,§56.7,unreferenced,MISSING,,P35.60;P37.45,,—,—,P35.60,"New Round-11 requirement (Part XII §56.7; plan §6.2; draft→final map PD/stageB/T1_id_map.csv). Enters as MISSING with its owner's routing (spec §56.9: planning does not turn it MET). Owner P35.60; also P37.45. R11 T4 (SEED-14b, 2026-10-01).",public,,,
SIG-CONF-011,MUST,§56.7,unreferenced,MISSING,,P37.45;P37.39,,—,—,P37.45,"New Round-11 requirement (Part XII §56.7; plan §6.2; draft→final map PD/stageB/T1_id_map.csv). Enters as MISSING with its owner's routing (spec §56.9: planning does not turn it MET). Owner P37.45; also P37.39 (per-record rendering). R11 T4 (SEED-14b, 2026-10-01).",public,,,
SIG-CONF-012,MUST,§56.7,unreferenced,MISSING,,P37.44;P34.47;P38.1a;P38.1b,,—,—,P37.44,"New Round-11 requirement (Part XII §56.7; plan §6.2; draft→final map PD/stageB/T1_id_map.csv). Enters as MISSING with its owner's routing (spec §56.9: planning does not turn it MET). Owner P37.44; also P34.47 and P38.1a/b (claim probes). R11 T4 (SEED-14b, 2026-10-01).",public,,,
SIG-CONF-013,MUST,§56.7,unreferenced,MISSING,,P34.43,,—,—,P34.43,"New Round-11 requirement (Part XII §56.7; plan §6.2; draft→final map PD/stageB/T1_id_map.csv). Enters as MISSING with its owner's routing (spec §56.9: planning does not turn it MET). Owner P34.43. R11 T4 (SEED-14b, 2026-10-01).",hosted,,,
SIG-CONF-014,SHOULD,§56.7,unreferenced,MISSING,,P35.25,,—,—,P35.25,"New Round-11 requirement (Part XII §56.7; plan §6.2; draft→final map PD/stageB/T1_id_map.csv). Enters as MISSING with its owner's routing (spec §56.9: planning does not turn it MET). Owner P35.25. R11 T4 (SEED-14b, 2026-10-01).",implementation,,,
