item_id,source_kind,source_ref,title,severity_or_status,disposition,disposition_ref,rationale,stream,links
U-0001,deferral,D-ACCT.1-1,"HG-12 — a real (zero/low-cost) host + object store + PG target beyond local, and the GCP `apply`",DONE,already-done(register DONE; event head agrees),docs/tickets/DEFERRALS.md:72 DONE (events.jsonl head D-ACCT.1-1:e0),terminal in DEFERRALS and the obligation-event chain; not owed (F1 scope = 36 owed rows),F1,
U-0002,deferral,D-CCOPS.1-1,"HG-03 — flip the reviewed CCOPS sources (`ccops_seattle`, `ccops_nyc_post`, `ccops_sf`) to `ingestion_permitted=true` after their rights re…",DONE,already-done(register DONE; event head agrees),docs/tickets/DEFERRALS.md:116 DONE (events.jsonl head D-CCOPS.1-1:e0),terminal in DEFERRALS and the obligation-event chain; not owed (F1 scope = 36 owed rows),F1,
U-0003,deferral,D-CCOPS.1-2,"HG-04 — Stage-0 outreach to the CCOPS source operators (Seattle CTO privacy program, NYC.gov/NYPD publications, sf.gov/COIT) + the ACLU CCO…",WONTFIX,wontfix(operator skipped Stage-0 outreach (WONTFIX 2026-09-16)),docs/tickets/DEFERRALS.md:118 WONTFIX (events.jsonl head D-CCOPS.1-2:e0),terminal operator WONTFIX; requirement-side homes are disposed separately,F1,LATER-04
U-0004,deferral,D-CI.1-1,The first on-runner execution of the new `composed` CI job + `nightly.yml` schedule — GitHub-hosted execution cannot be run from an isolate…,DONE,already-done(register DONE; event head agrees),docs/tickets/DEFERRALS.md:76 DONE (events.jsonl head D-CI.1-1:e0),terminal in DEFERRALS and the obligation-event chain; not owed (F1 scope = 36 owed rows),F1,
U-0005,deferral,D-DEPLOY.1-1,HG-12 — the real GCP `apply`/deploy of the validated IaC + the real cloud restore (GCS / Cloud SQL) under operator Application Default Cred…,DONE,already-done(register DONE; event head agrees),docs/tickets/DEFERRALS.md:73 DONE (events.jsonl head D-DEPLOY.1-1:e0),terminal in DEFERRALS and the obligation-event chain; not owed (F1 scope = 36 owed rows),F1,
U-0006,deferral,D-FEDERAL.1-1,hosted widened SAM.gov sweep landing — a successful `sig-ingest-sam-gov` execution emitting `procurement_notice` claims from the 19-keyword…,OPEN,ticket(R11-SRC-02),R11-SRC-02,persisted rotating cursor + measured quota + live cron fix (F1),F1,
U-0007,deferral,D-JURIS.2-1,"HG-03 — flip the reviewed France sources (`raa_prefectures`, `decp_fr`, `madada`) to `ingestion_permitted=true` after their rights reviews …",PARTIAL,decision(E4-R1),E4-R1,F1 proposes wontfix for the Belgian-eID leg (rights/flip scope DONE); a rights-row status change needs the operator's HG-03 line (default: unchanged),F1,SEED-14 gate:E4-S5
U-0008,deferral,D-JURIS.2-2,"HG-04 — Stage-0 outreach to the France source operators (data.gouv.fr RAA/DECP dataset maintainers, Ma Dada) + the Belgium `declarationcame…",WONTFIX,wontfix(operator skipped Stage-0 outreach (WONTFIX 2026-09-16)),docs/tickets/DEFERRALS.md:103 WONTFIX (events.jsonl head D-JURIS.2-2:e0),terminal operator WONTFIX; requirement-side homes are disposed separately,F1,LATER-04
U-0009,deferral,D-LEGAL.1-1,"HG-02 — counsel opinions (ODbL 4.4(b) RISK-P0-01, officer-naming gate, publication tiers + sensitive-coordinate rules, Part VIII of the pub…",DONE,decision(Q-E2-10),Q-E2-10,"closed DONE by operator-adopted drafts, not counsel (U-013); re-record as operator determinations or keep owed",E2,SEED-14 LATER-05 gate:Q-7
U-0010,deferral,D-LIVE.1a-1,HG-09 — the real LIVE smoke of the three now-green OKC document sources (`okc_procurement`/`okcpd_policy`/`ok_statute`): fetch the cited pu…,DONE,already-done(register DONE; event head agrees),docs/tickets/DEFERRALS.md:74 DONE (events.jsonl head D-LIVE.1a-1:e0),terminal in DEFERRALS and the obligation-event chain; not owed (F1 scope = 36 owed rows),F1,
U-0011,deferral,D-META.1-1,"BL-045 — ruleset calibration (volatility, directness matrix, Atlas supersession) run once real claim data exists",DONE,already-done(register DONE; event head agrees),docs/tickets/DEFERRALS.md:89 DONE (events.jsonl head D-META.1-1:e0),terminal in DEFERRALS and the obligation-event chain; not owed (F1 scope = 36 owed rows),F1,
U-0012,deferral,D-META.1-2,BL-028 — records-request filing/response backend: the `records_request` template outcome log fed live,DONE,already-done(register DONE; event head agrees),docs/tickets/DEFERRALS.md:90 DONE (events.jsonl head D-META.1-2:e0),terminal in DEFERRALS and the obligation-event chain; not owed (F1 scope = 36 owed rows),F1,
U-0013,deferral,D-OBS.1-1,OBS.1 live-side verification — a real webhook delivery (a configured `SIG_ALERT_WEBHOOK_URL`) and the first real probe/uptime data against …,DONE,already-done(register DONE; event head agrees),docs/tickets/DEFERRALS.md:75 DONE (events.jsonl head D-OBS.1-1:e0),terminal in DEFERRALS and the obligation-event chain; not owed (F1 scope = 36 owed rows),F1,
U-0014,deferral,D-P21.1-1,HG-03 — flip the reviewed OKC/critical-path sources to `ingestion_permitted=true`,DONE,already-done(register DONE; event head agrees),docs/tickets/DEFERRALS.md:35 DONE (events.jsonl head D-P21.1-1:e0),terminal in DEFERRALS and the obligation-event chain; not owed (F1 scope = 36 owed rows),F1,
U-0015,deferral,D-P21.1-2,HG-04 — record actual Stage-0 outreach outcomes to the 19 federation-compact projects,WONTFIX,wontfix(operator skipped Stage-0 outreach (WONTFIX 2026-09-16); requirement side waits on Q-E2-12),docs/tickets/DEFERRALS.md:36 WONTFIX (events.jsonl head D-P21.1-2:e0),terminal operator WONTFIX; requirement-side homes are disposed separately,F1,LATER-04
U-0016,deferral,D-P21.3-1,HG-03 — first real LIVE fetch of ≥1 green source (document-connector modules okc_procurement/okcpd_policy/ok_statute),DONE,already-done(register DONE; event head agrees),docs/tickets/DEFERRALS.md:37 DONE (events.jsonl head D-P21.3-1:e0),terminal in DEFERRALS and the obligation-event chain; not owed (F1 scope = 36 owed rows),F1,
U-0017,deferral,D-P21.3-2,HG-09 — API tokens (`SIG_MUCKROCK_TOKEN`/`SIG_DATA_GOV_KEY`/`SIG_OVERPASS_ENDPOINT`/`SIG_CIVICCLERK_BASE`) exported in the worker shell,OPEN,"already-done(hosted scheduled jobs already use every credential (congress_gov 09-29, civicclerk 09-22, osm_overpass 09-28, muckrock fx2ch 09-16))",data/owed_register_adjudication.csv D-P21.3-2 (live-read),F1 verified the credential leg discharged; T4 records DONE (SEED-14),F1,SEED-14 gate:F1-P21.3-2
U-0018,deferral,D-P21.4-1,HG-01 — name the legal home,DONE,decision(Q-E2-08),Q-E2-08,recorded DONE but no legal home beyond the individual exists (E1/E2): the interim-home ADR or a sponsor is the operator's call,E2,SEED-14 SEED-11 gate:Q-7
U-0019,deferral,D-P21.4-2,HG-11 — establish two reviewer roles + written concurrence + live takedown contact,DONE,decision(Q-E2-06),Q-E2-06,"recorded DONE under a sole-maintainer waiver; two-reviewer concurrence never happened (E1, E2)",E2,SEED-14 SEED-11 gate:Q-7
U-0020,deferral,D-P21.4-3,Go-public — DNS/host cut-over to publish the first jurisdiction,DONE,already-done(register DONE; event head agrees),docs/tickets/DEFERRALS.md:41 DONE (events.jsonl head D-P21.4-3:e0),terminal in DEFERRALS and the obligation-event chain; not owed (F1 scope = 36 owed rows),F1,
U-0021,deferral,D-P21.5-1,HG-07 — real Zenodo (sandbox) deposit + object-store push + egress report + SWH save,PARTIAL,live-return-pass(R11-TRANS-01),R11-TRANS-01,only the SWH save-now leg is owed (F1); TRANS-01 runs it after the history scan,F1,OP-19 gate:Q-E2-23
U-0022,deferral,D-P21.7-1,HG-08 — MapRoulette API key + registered OSM Organised-Editing page → real challenge push/pull,OPEN,later-phase(operator opts into contribution-back (U-011 revisited; HG-08 key + OE page)),LATER-03,no outside contact (U-011); F1 leaves the owed register,F1,
U-0023,deferral,D-P21.7-2,HG-10 — run the moderated usability study with ≥5 ontology-naïve participants,WONTFIX,wontfix(operator declined the moderated usability study (WONTFIX); live-site study is LATER-02),docs/tickets/DEFERRALS.md:44 WONTFIX (events.jsonl head D-P21.7-2:e0),terminal operator WONTFIX; requirement-side homes are disposed separately,F1,LATER-02
U-0024,deferral,D-P21.8-1,"HG-03/HG-04 — live fetch of the data-driven / coarse-international sources (eff_data_driven, aspi, carnegie, facial_recognition_world_map)",DONE,already-done(register DONE; event head agrees),docs/tickets/DEFERRALS.md:45 DONE (events.jsonl head D-P21.8-1:e0),terminal in DEFERRALS and the obligation-event chain; not owed (F1 scope = 36 owed rows),F1,
U-0025,deferral,D-P21.9-1,HG-03/HG-04 — live fetch of the Stage-5 pathway sources (rtcc_federation / fr_css_forensics / acoustic_drone_location),DONE,already-done(register DONE; event head agrees),docs/tickets/DEFERRALS.md:47 DONE (events.jsonl head D-P21.9-1:e0),terminal in DEFERRALS and the obligation-event chain; not owed (F1 scope = 36 owed rows),F1,
U-0026,deferral,D-P27-SPEC-1,"the P27 requirement-id `spec_src` fold-backs — the new SIG-UI/SIG-EXPORT paragraphs named in ADR-090 (national surface, §39–41/§38), ADR-09…",DONE,already-done(register DONE; event head agrees),docs/tickets/DEFERRALS.md:261 DONE (events.jsonl head D-P27-SPEC-1:e0),terminal in DEFERRALS and the obligation-event chain; not owed (F1 scope = 36 owed rows),F1,
U-0027,deferral,D-P27.1-1,"re-run `sig-exports audit` against the hosted spine AFTER the `camreg_osm_surveillance` OSM land (D-SOURCES.17-1) completes, refresh `PUBLI…",DONE,already-done(register DONE; event head agrees),docs/tickets/DEFERRALS.md:275 DONE (events.jsonl head D-P27.1-1:e0),terminal in DEFERRALS and the obligation-event chain; not owed (F1 scope = 36 owed rows),F1,
U-0028,deferral,D-P27.4-1,run `sig-exports build --from-spine --dsn <hosted> --out exports/out/national` over the hosted `sig-pg` (read-only) AFTER the OSM land sett…,DONE,already-done(register DONE; event head agrees),docs/tickets/DEFERRALS.md:288 DONE (events.jsonl head D-P27.4-1:e0),terminal in DEFERRALS and the obligation-event chain; not owed (F1 scope = 36 owed rows),F1,
U-0029,deferral,D-P27.5-1,either emit the map density-bins + network centrality/ER-quality analytics into the export (a new artifact or an extension of `map.json`/`n…,DONE,already-done(register DONE; event head agrees),docs/tickets/DEFERRALS.md:305 DONE (events.jsonl head D-P27.5-1:e0),terminal in DEFERRALS and the obligation-event chain; not owed (F1 scope = 36 owed rows),F1,
U-0030,deferral,D-P27.8-1,"the hosted national public cut-over: build `web/dist` from the real national export, run the published-only GCS sync to `…-sig-web` + `…-si…",DONE,already-done(register DONE; event head agrees),docs/tickets/DEFERRALS.md:317 DONE (events.jsonl head D-P27.8-1:e0),terminal in DEFERRALS and the obligation-event chain; not owed (F1 scope = 36 owed rows),F1,
U-0031,deferral,D-P27.10-1,the operator's Squarespace DNS action (HG-11 / Go-public human step) + the post-DNS live verification: add the two `A` records at Squarespa…,DONE,already-done(register DONE; event head agrees),docs/tickets/DEFERRALS.md:318 DONE (events.jsonl head D-P27.10-1:e0),terminal in DEFERRALS and the obligation-event chain; not owed (F1 scope = 36 owed rows),F1,
U-0032,deferral,D-P30.1-1,batch / pipeline-mode writes in `PgClaimSink` — cut per-claim round-trips (psycopg pipeline mode and/or multi-row `INSERT … ON CONFLICT DO …,DONE,already-done(register DONE; event head agrees),docs/tickets/DEFERRALS.md:355 DONE (events.jsonl head D-P30.1-1:e0),terminal in DEFERRALS and the obligation-event chain; not owed (F1 scope = 36 owed rows),F1,
U-0033,deferral,D-P30.1-2,incremental restarts — stream claims to the sink per capture (commit each page's claims as it is fetched) and/or skip already-captured page…,DONE,already-done(register DONE; event head agrees),docs/tickets/DEFERRALS.md:356 DONE (events.jsonl head D-P30.1-2:e0),terminal in DEFERRALS and the obligation-event chain; not owed (F1 scope = 36 owed rows),F1,
U-0034,deferral,D-P30.2-1,"refine the P28.4 §32.1 peer-class negative-space rule so it is meaningful on the real spine — e.g. peer class = (entity_type, source/connec…",DONE,already-done(register DONE; event head agrees),docs/tickets/DEFERRALS.md:366 DONE (events.jsonl head D-P30.2-1:e0),terminal in DEFERRALS and the obligation-event chain; not owed (F1 scope = 36 owed rows),F1,
U-0035,deferral,D-P30.2-2,emit entity-ref (`object_entity`) claims on the hosted spine — sharing/access partners (`flock_portal` / `audit_structural` `configured_acc…,DONE,already-done(register DONE; event head agrees),docs/tickets/DEFERRALS.md:367 DONE (events.jsonl head D-P30.2-2:e0),terminal in DEFERRALS and the obligation-event chain; not owed (F1 scope = 36 owed rows),F1,
U-0036,deferral,D-P30.2-3,"give the camera-registry predicates (`camera_latitude`, `camera_longitude`, `camera_operator`, `camera_external_ref`, `camera_jurisdiction`…",DONE,already-done(register DONE; event head agrees),docs/tickets/DEFERRALS.md:368 DONE (events.jsonl head D-P30.2-3:e0),terminal in DEFERRALS and the obligation-event chain; not owed (F1 scope = 36 owed rows),F1,
U-0037,deferral,D-P30.2a-1,"(a) assess the directness of every pre-existing registry predicate for the two genres P30.2a added (`camera_registry`, `connector_run` — to…",DONE,already-done(register DONE; event head agrees),docs/tickets/DEFERRALS.md:378 DONE (events.jsonl head D-P30.2a-1:e0),terminal in DEFERRALS and the obligation-event chain; not owed (F1 scope = 36 owed rows),F1,
U-0038,deferral,D-P30.2a-2,"record re-sightings: when a connector re-asserts an unchanged value, link the new capture to the existing claim (`claim_evidence`) instead …",DONE,already-done(register DONE; event head agrees),docs/tickets/DEFERRALS.md:379 DONE (events.jsonl head D-P30.2a-2:e0),terminal in DEFERRALS and the obligation-event chain; not owed (F1 scope = 36 owed rows),F1,
U-0039,deferral,D-P30.2b-1,close the review loop for camera-site proposals: an `accept` on an `er_match:camera_site:*` review item becomes an append-only human same_a…,OPEN,decision(D-P30.2b-1),D-P30.2b-1,S1c recommends superseding the 50-100-item curation by CONF-11 OPCHECK; S1a kept OP-16 — the answer picks the home,F1,OP-16 R11-CONF-11
U-0040,deferral,D-P30.2b-2,encode the device-kind and place conflicts that are visible only in a site description — e.g. a police neighbourhood CCTV row vs a DOT traf…,OPEN,later-phase(T-EVAL-IND: >=2 independent labellers available + outside contact authorised (L3 §6.5)),LATER-01,device-kind half encoded by R11-CONF-07a; place-name half and tier-3g measurement stay owed (L3 §6.4),L3,R11-CONF-07a
U-0041,deferral,D-P30.2b-3,deduplicate a source that republishes its OWN layer twice (e.g. `camreg_ucsd` ingested from two identical ArcGIS targets under one source i…,DONE,already-done(register DONE; event head agrees),docs/tickets/DEFERRALS.md:390 DONE (events.jsonl head D-P30.2b-3:e0),terminal in DEFERRALS and the obligation-event chain; not owed (F1 scope = 36 owed rows),F1,
U-0042,deferral,D-P30.3-1,record ingest-run completion on the hosted spine so the public freshness page shows a real last-successful-run per source: every hosted `in…,DONE,already-done(register DONE; event head agrees),docs/tickets/DEFERRALS.md:392 DONE (events.jsonl head D-P30.3-1:e0),terminal in DEFERRALS and the obligation-event chain; not owed (F1 scope = 36 owed rows),F1,
U-0043,deferral,D-P30.3-2,"serve real zoomable vector tiles: the export image has no tippecanoe, so each per-compartment PMTiles is the pure-Python single-z0 archive …",DONE,already-done(register DONE; event head agrees),docs/tickets/DEFERRALS.md:393 DONE (events.jsonl head D-P30.3-2:e0),terminal in DEFERRALS and the obligation-event chain; not owed (F1 scope = 36 owed rows),F1,
U-0044,deferral,D-P30.3-3,"emit the presentation analytics a real-data build now leaves honestly empty (map density bins, network centrality/focus, the watch's tracke…",DONE,already-done(register DONE; event head agrees),docs/tickets/DEFERRALS.md:394 DONE (events.jsonl head D-P30.3-3:e0),terminal in DEFERRALS and the obligation-event chain; not owed (F1 scope = 36 owed rows),F1,
U-0045,deferral,D-P30.3-COUNSEL,file the dated written counsel opinion clearing public release of the share-alike layers (ODbL `osm_physical` — all OSM camera sites; CC-BY…,DONE,decision(Q-E2-14),Q-E2-14,closed by operator attestation with no counsel document; ODbL residual stance is the operator's (E2),E2,SEED-14 SEED-11 gate:Q-7
U-0046,deferral,D-P30.4-1,`sig-api` reconnects after a database restart: `PgReadStore` holds one long-lived psycopg connection per instance (`api/src/api/store_pg.py…,DONE,already-done(register DONE; event head agrees),docs/tickets/DEFERRALS.md:403 DONE (events.jsonl head D-P30.4-1:e0),terminal in DEFERRALS and the obligation-event chain; not owed (F1 scope = 36 owed rows),F1,
U-0047,deferral,D-P30.4-2,bound `GET /v1/search`: `PgReadStore.search` runs an unanchored `ILIKE '%q%'` over `entity_identifier` and then two follow-up queries per m…,DONE,already-done(register DONE; event head agrees),docs/tickets/DEFERRALS.md:404 DONE (events.jsonl head D-P30.4-2:e0),terminal in DEFERRALS and the obligation-event chain; not owed (F1 scope = 36 owed rows),F1,
U-0048,deferral,D-P30.4-3,"ENTITY-RACE-01 (LEDGER OPEN FINDINGS, P30.1), promoted to a deferral here: add a uniqueness guard on entity creation in `PgClaimSink._entit…",DONE,already-done(register DONE; event head agrees),docs/tickets/DEFERRALS.md:405 DONE (events.jsonl head D-P30.4-3:e0),terminal in DEFERRALS and the obligation-event chain; not owed (F1 scope = 36 owed rows),F1,
U-0049,deferral,D-P30.4-4,the env-armed GCP-project leak check `tests/connectors/test_secrets.py::test_gcp_project_id_is_env_resolved_not_committed` fails when armed…,DONE,already-done(register DONE; event head agrees),docs/tickets/DEFERRALS.md:406 DONE (events.jsonl head D-P30.4-4:e0),terminal in DEFERRALS and the obligation-event chain; not owed (F1 scope = 36 owed rows),F1,
U-0050,deferral,D-P31.1-1,`/v1/contradiction` and `/v1/task` cost ~10 s per request: `PgReadStore._spine_watermark` counts every claim (2.3M) plus the evidence table…,DONE,live-return-pass(R11-ACT-11),R11-ACT-11,recorded DONE but its own verify rule fails on hosted; live leg owed (F1 NEW-2),F1,SEED-14
U-0051,deferral,D-P31.1-2,"the scheduled `sig-probe` job (every 6 h) runs `sig-api:latest` (`sha256:ebb6dab9…`), whose baked `ops/cadence.toml` predates the new `sig-…",DONE,already-done(register DONE; event head agrees),docs/tickets/DEFERRALS.md:466 DONE (events.jsonl head D-P31.1-2:e0),terminal in DEFERRALS and the obligation-event chain; not owed (F1 scope = 36 owed rows),F1,
U-0052,deferral,D-P31.1-3,`/v1/entity/{type}/{id}` answers 404 `unknown predicate '<p>'` for an entity that exists when ANY of its claims uses a predicate with no re…,DONE,already-done(register DONE; event head agrees),docs/tickets/DEFERRALS.md:467 DONE (events.jsonl head D-P31.1-3:e0),terminal in DEFERRALS and the obligation-event chain; not owed (F1 scope = 36 owed rows),F1,
U-0053,deferral,D-P31.3-1,"the hosted new-claim land rate of the batched sink, on `db-custom-1-3840`",DONE,already-done(register DONE; event head agrees),docs/tickets/DEFERRALS.md:491 DONE (events.jsonl head D-P31.3-1:e0),terminal in DEFERRALS and the obligation-event chain; not owed (F1 scope = 36 owed rows),F1,
U-0054,deferral,D-P31.4-1,"the 2026-10-10 `sig-sched-camreg-batch-05` OSM replay — the first full OSM run on the rolled image (`sig-api@sha256:feff986c…`, per-capture…",OPEN,live-return-pass(R11-OPS-07),R11-OPS-07,read-only read-back after the 2026-10-10T03:35Z replay (G1 §3.7 watch plan),F1,
U-0055,deferral,D-P31.5-1,the P28.2 relationship-edge materializer writes > 0 edges from emitted claims (the P31.5 contract's fixture AC),DONE,already-done(register DONE; event head agrees),docs/tickets/DEFERRALS.md:508 DONE (events.jsonl head D-P31.5-1:e0),terminal in DEFERRALS and the obligation-event chain; not owed (F1 scope = 36 owed rows),F1,
U-0056,deferral,D-P31.5-2,the read surfaces honour `organization.publication_review_required` for the P31.5 partner organisations (name-only identities are flagged `…,DONE,live-return-pass(R11-ACT-11),R11-ACT-11,recorded DONE but the withhold leg is not live (F1 NEW-3),F1,SEED-14
U-0057,deferral,D-P32.3-1,"a recorded identity disposition for every legacy `sig.org.name` key the `partner-name-audit` report lists — for each, keep the entity (harm…",OPEN,decision(D-P32.3-1),D-P32.3-1,S1c recommends folding the per-key review into the D-K2-1 review and CONF-13; S1a kept OP-15 after R11-DATA-08,F1,R11-DATA-08 OP-15 OP-14
U-0058,deferral,D-P32.10a-1,whole-plan `sqitch verify` divides by zero on a fully deployed DB: `verify/shared_temporal_contract.sql` asserts `spine_watermark count(*) …,OPEN,ticket(R11-ACT-09),R11-ACT-09,append-only sqitch rework + full verify/revert CI job,F1,
U-0059,deferral,D-P32.16-1,"the receiver's operating prerequisites: a named moderation owner (`[intake].owner`), a staffed reviewer rotation covering the published SLA…",OPEN,ticket(R11-ACT-23),R11-ACT-23,"owner, SLAs, retention and a dark sig-intake service; opening it is Q-27 (rec: email-only)",F1,gate:Q-27
U-0060,deferral,D-P32.16a-1,whole-plan `sqitch revert` fails at `revert/extensions.sql`: `DROP EXTENSION postgis` is refused because `postgis_topology` and `postgis_ti…,OPEN,ticket(R11-ACT-09),R11-ACT-09,new change owning the teardown order + full-revert CI job,F1,
U-0061,deferral,D-P32.18-1,"the bounded live-source RETURN PASS for the OKC dossier: actual byte captures of the six reviewed targets — the OKCPD Flock usage page, the…",OPEN,live-return-pass(R11-ACT-22),R11-ACT-22,row 179 live_verification=true after E4 B-lines,F1,gate:E4-B1
U-0062,deferral,D-P32.19-1,"the bounded live-source RETURN PASS for the Tulsa dossier: actual byte captures of the three registered dossier targets — TPD Policy 113C, …",OPEN,live-return-pass(R11-ACT-22),R11-ACT-22,row 180 live_verification=true after E4 B-lines,F1,gate:E4-B1
U-0063,deferral,D-P32.20-1,the bounded live-source RETURN PASS for the San Diego dossier: actual byte captures of the four registered dossier targets — the 2025 SDPD …,OPEN,live-return-pass(R11-ACT-22),R11-ACT-22,row 181 live_verification=true after E4 B-lines,F1,gate:E4-B1
U-0064,deferral,D-P32.21-1,the bounded live slices of the two incremental pilot families: oklahoma-state — the OMES statewide-contract index + one statewide-contract …,OPEN,live-return-pass(R11-ACT-22),R11-ACT-22,row 182 live_verification=true after E4 B-lines,F1,gate:E4-B1
U-0065,deferral,D-P32.23a-1,"the production release-candidate build + validation: after the P32.22 live pass freezes the hosted `sig.repaired-snapshot/1`, run `sig-ops …",OPEN,live-return-pass(R11-ACT-15),R11-ACT-15,row 188 over the hosted repaired snapshot with corrected date constants,F1,gate:Q-12
U-0066,deferral,D-R6.1-EVAL,Re-derive the auto-vs-human resolution balance from FIRST PRINCIPLES once real ground truth exists (§2.6): re-estimate P/R/R on a *human* h…,OPEN,later-phase(T-EVAL-IND: >=2 independent labellers available + outside contact authorised (L3 §6.5)),LATER-01,L3 supersedes F4's human-marker: no Round-11 human rows; EVAL-004 leaves this row's legs (L3 §6.4),L3,SEED-14 gate:Q-L3-2
U-0067,deferral,D-R6.2-EDGES,The *live-over-hosted* sharing/access relationship materialization — run the P28.2 edge materializer over the real hosted `sig-pg` spine so…,DONE,already-done(register DONE; event head agrees),docs/tickets/DEFERRALS.md:333 DONE (events.jsonl head D-R6.2-EDGES:e0),terminal in DEFERRALS and the obligation-event chain; not owed (F1 scope = 36 owed rows),F1,
U-0068,deferral,D-R6.3-CONTRADICTIONS,The *live-over-hosted* contradiction materialization — run the P28.3 contradiction materializer over the real hosted `sig-pg` spine so the …,DONE,already-done(register DONE; event head agrees),docs/tickets/DEFERRALS.md:334 DONE (events.jsonl head D-R6.3-CONTRADICTIONS:e0),terminal in DEFERRALS and the obligation-event chain; not owed (F1 scope = 36 owed rows),F1,
U-0069,deferral,D-R6.4-COVERAGE,The *live-over-hosted* honest-coverage materialization — run the P28.4 coverage materializer over the real hosted `sig-pg` spine so the `co…,DONE,already-done(register DONE; event head agrees),docs/tickets/DEFERRALS.md:335 DONE (events.jsonl head D-R6.4-COVERAGE:e0),terminal in DEFERRALS and the obligation-event chain; not owed (F1 scope = 36 owed rows),F1,
U-0070,deferral,D-R6.5-SURFACE,The *live-over-hosted* republish of the MATERIALIZED public surface — build the national export (`sig-exports build --from-spine`) over the…,DONE,already-done(register DONE; event head agrees),docs/tickets/DEFERRALS.md:336 DONE (events.jsonl head D-R6.5-SURFACE:e0),terminal in DEFERRALS and the obligation-event chain; not owed (F1 scope = 36 owed rows),F1,
U-0071,deferral,D-R6.6-ACCOUNTABILITY,The *live-over-hosted* materialization of the accountability linkage — run the P28.6 link materializer over the real hosted `sig-pg` spine …,DONE,already-done(register DONE; event head agrees),docs/tickets/DEFERRALS.md:337 DONE (events.jsonl head D-R6.6-ACCOUNTABILITY:e0),terminal in DEFERRALS and the obligation-event chain; not owed (F1 scope = 36 owed rows),F1,
U-0072,deferral,D-R7.1-AUTH,Public AUTHENTICATED contribution via OAuth against an external IdP (OSM and/or GitHub) — store only a pseudonymous external subject id + t…,OPEN,later-phase(demonstrated demand beyond the vetted curator set + moderation plan + threat model),LATER-06,F1 leaves the owed register,F1,
U-0073,deferral,D-R7.2-DETECTORS,The *live-over-hosted* detector run → research queue — run the P29.2 detector catalog over the real hosted `sig-pg` spine so `research_task…,DONE,already-done(register DONE; event head agrees),docs/tickets/DEFERRALS.md:338 DONE (events.jsonl head D-R7.2-DETECTORS:e0),terminal in DEFERRALS and the obligation-event chain; not owed (F1 scope = 36 owed rows),F1,
U-0074,deferral,D-R7.2-SEND,"HG (operator) — actually SEND the auto-drafted records requests (the external side effect). The P29.2 design is DRAFT, NEVER SEND: sending …",OPEN,later-phase(a consenting residency-valid filer and outside contact authorised (U-011 revisited)),LATER-04,U-011 rules out sending records requests; Q-E3-10 folds into LATER-04,F1,
U-0075,deferral,D-R7.3-BREADTH,The *live-over-hosted* fetch + dedup-into-resolved of the 8 P29.3 accountability/governance sources — run each source's connector over live…,DONE,already-done(register DONE; event head agrees),docs/tickets/DEFERRALS.md:340 DONE (events.jsonl head D-R7.3-BREADTH:e0),terminal in DEFERRALS and the obligation-event chain; not owed (F1 scope = 36 owed rows),F1,
U-0076,deferral,D-R10-HUMAN-1,Independent reference labels and separate dossier semantic review; owner HUMAN-H4 → P32.22a → HUMAN-H5 → P32.23 (cites BL-058),OPEN,later-phase(T-EVAL-IND: >=2 independent labellers available + outside contact authorised (L3 §6.5)),LATER-01,"rows 184-187 superseded, not executed; stays OPEN, never waived (L3 §6.4)",L3,SEED-13 gate:Q-L3-2
U-0077,deferral,D-R10-LIVE-1,Bounded production recovery and final post-evaluation candidate; owners P32.22/P32.23a (cites BL-058),OPEN,live-return-pass(R11-ACT-14),R11-ACT-14,row 183 live_verification=true as an activation ticket with the operator's go,F1,
U-0078,deferral,D-R10-MEMORY-1,Single-writer/event compatibility cutover; owner P32.8 (cites BL-058),OPEN,ticket(R11-MEM-06),R11-MEM-06,option C: events repaired then CI-enforced; journal cutover stays later (LATER-13),F1,R11-MEM-03 LATER-13 gate:OD-05
U-0079,deferral,D-R10-PUBLISH-1,Publication and intake operating approval; GATE-G3 → P32.25 (cites BL-058),OPEN,live-return-pass(R11-ACT-24),R11-ACT-24,row 191 over a NEW hosted candidate after a candidate-specific HG-11 readout,F1,gate:Q-9
U-0080,deferral,D-R10-SOURCES-1,Exact-target source/evidence-use review and bounded pilot acquisition; owners P32.18–21 (cites BL-058),OPEN,ticket(R11-ACT-21),R11-ACT-21,"prep ticket (URL reconciliation, pilot fix, Part VIII drafts, 3 rows); the E4 B1-B6 batch decides the rest",F1,R11-ACT-22 gate:E4-B1 gate:E4-B2
U-0081,deferral,D-R10-USERS-1,Independent usability sessions; owner P32.24 (cites BL-058),OPEN,later-phase(participants available and outside contact authorised (U-008/U-011 revisited)),LATER-02,usability study on the live site,F1,
U-0082,deferral,D-SOURCES.2-1,HG-09 — export `SIG_SAM_GOV_KEY` + `SIG_OPENSTATES_KEY` (free registered API keys) in the run shell / bind them in Secret Manager for the s…,DONE,already-done(register DONE; event head agrees),docs/tickets/DEFERRALS.md:129 DONE (events.jsonl head D-SOURCES.2-1:e0),terminal in DEFERRALS and the obligation-event chain; not owed (F1 scope = 36 owed rows),F1,
U-0083,deferral,D-SOURCES.2-2,HG-03/rights — `documentcloud` source-level licence decision (per-document rights vary; UNDETERMINED) and `courtlistener_recap` FLP members…,OPEN,decision(E4-R2a),E4-R2a,"F1 proposes decline -> WONTFIX for documentcloud and courtlistener_recap; HG-03 is the operator's (default: not flipped, stays owed)",F1,SEED-14 gate:E4-R2b gate:I7-C8
U-0084,deferral,D-SOURCES.2-3,`civicclerk` access path — the v1 API is IdentityServer-gated (anonymous reads 404 on every probed tenant; the api host serves no robots.tx…,DONE,already-done(register DONE; event head agrees),docs/tickets/DEFERRALS.md:131 DONE (events.jsonl head D-SOURCES.2-3:e0),terminal in DEFERRALS and the obligation-event chain; not owed (F1 scope = 36 owed rows),F1,
U-0085,deferral,D-SOURCES.2-4,`primegov` API-mode basis — lacity.primegov.com serves `POST /search` live but its robots.txt is `Disallow:/`; a fetch needs an ADR-083-sty…,DONE,already-done(register DONE; event head agrees),docs/tickets/DEFERRALS.md:132 DONE (events.jsonl head D-SOURCES.2-4:e0),terminal in DEFERRALS and the obligation-event chain; not owed (F1 scope = 36 owed rows),F1,
U-0086,deferral,D-SOURCES.7-1,"HG-03 — rights decisions for the five gated DOT/511 rows: `dot_511_la` (GOHSEP-owned item, empty licenseInfo), `dot_511_ga` (GEMA-owned, em…",OPEN,ticket(R11-SRC-01),R11-SRC-01,4/5 flipped and live; dot_511_tx flip/decline in the rights batch (E4 R3),F1,gate:E4-R3
U-0087,deferral,D-SOURCES.7-2,HG-09 — registered API keys for the keyed 511 platforms (Iteris-platform FL/NY/AZ/NV/PA/WI/AK/CT/NewEngland511 — all answer `Invalid Key`; …,OPEN,decision(D-SOURCES.7-2),D-SOURCES.7-2,key registration (OP-13) and wiring (R11-SRC-03) are both conditional on this answer,F1,OP-13 R11-SRC-03
U-0088,deferral,D-SOURCES.7-3,"hosted-spine leg — deploy the `sig-ingest-dot-511-*` Cloud Run jobs + `sig-sched-dot-511-*` triggers declared in `ops/cadence.toml`, rebuil…",DONE,already-done(register DONE; event head agrees),docs/tickets/DEFERRALS.md:147 DONE (events.jsonl head D-SOURCES.7-3:e0),terminal in DEFERRALS and the obligation-event chain; not owed (F1 scope = 36 owed rows),F1,
U-0089,deferral,D-SOURCES.8-1,"HG-03 — rights decisions for the fourteen gated camreg rows. No licence grant located: `camreg_edmonton_ab`, `camreg_honolulu_hi`, `camreg_…",PARTIAL,ticket(R11-SRC-01),R11-SRC-01,non-US DBRight flips E4 R4a-c; Bellevue only after the commercial-use statement (R4d),F1,gate:E4-R4a gate:E4-R4d gate:I7-C6
U-0090,deferral,D-SOURCES.8-2,HG-09 — registered API keys for the keyed national camera APIs: QLD `api.qldtraffic.qld.gov.au/v1/webcams` (401 Missing Authentication Toke…,OPEN,later-phase(non-US keyed traffic APIs wanted (D3 US-first revisited; D-SOURCES.8-2 answered a)),LATER-10,"S1c recommends b (no, non-US not expanded); S1a placed it later",F1,gate:D-SOURCES.8-2
U-0091,deferral,D-SOURCES.9-1,HG-03 — rights decision for `procportal_chicago_il` (Socrata dataset `rsxa-ify5` 'Contracts'): the dataset carries NO licence metadata on `…,OPEN,ticket(R11-SRC-01),R11-SRC-01,procportal_chicago_il per E4 R5,F1,gate:E4-R5
U-0092,deferral,D-SOURCES.9-2,`bonfire` access wall — every verified `*.bonfirehub.com` tenant answers robots.txt `User-agent: *` / `Disallow: /` (laurier + columbus ver…,OPEN,decision(E4-S2),E4-S2,"F1 proposes re-scope then WONTFIX (2 tenants, no parser, login-walled); the status line is the operator's (default: unchanged)",F1,SEED-14
U-0093,deferral,D-SOURCES.9-3,"`opengov_procurement` access wall — every `/portal/<agency>` path answers HTTP 403 `cf-mitigated: challenge` (Cloudflare managed challenge,…",OPEN,later-phase(a documented public OpenGov Procurement endpoint with reviewable terms emerges),LATER-17,F1 leaves the owed register,F1,
U-0094,deferral,D-SOURCES.9-4,HG-03 — rights decision for `bidnet_direct` (and the `periscope_s2g` eBid surface it supersedes): the vendor platform ToS was never capture…,OPEN,ticket(R11-SRC-01),R11-SRC-01,bidnetdirect terms captured (R11-ACT-21) then E4 R6a; periscope_s2g superseded (R6b=a),F1,R11-ACT-21 gate:E4-R6a gate:E4-R6b
U-0095,deferral,D-SOURCES.10-1,hosted sweep landing + spine delta + idempotent re-run — a successful `sig-ingest-openstates` execution landing the ≥40-state bill_query ou…,DONE,already-done(register DONE; event head agrees),docs/tickets/DEFERRALS.md:192 DONE (events.jsonl head D-SOURCES.10-1:e0),terminal in DEFERRALS and the obligation-event chain; not owed (F1 scope = 36 owed rows),F1,
U-0096,deferral,D-SOURCES.12-1,HG-03 — rights decisions for the gated sweep remainder: 257 camera-registry-shaped datasets with no clear verbatim licence grant (the revie…,PARTIAL,already-done(P26.16 + D-SOURCES.17-1 DONE 2026-09-24 + catalog_sweep_2026-09-26_retry.json 0/68),data/owed_register_adjudication.csv D-SOURCES.12-1,F1: every leg discharged; T4 records DONE,F1,SEED-14
U-0097,deferral,D-SOURCES.17-1,"hosted land of `camreg_osm_surveillance` (~1.37M claims) into the `zeta-medley-508121-u7` spine via the chunked-commit path, plus the idemp…",DONE,already-done(register DONE; event head agrees),docs/tickets/DEFERRALS.md:247 DONE (events.jsonl head D-SOURCES.17-1:e0),terminal in DEFERRALS and the obligation-event chain; not owed (F1 scope = 36 owed rows),F1,
U-0098,requirement,SIG-ACQ-004,"A bounded source pilot must publish selection rationale, actual access/capture/extraction/link/publication funnel, unique evidence-lineage …",MET,live-return-pass(R11-ACT-22),R11-ACT-22,MET -> MET-ENGINEERED; P32.21 live pass after HG-03,F2b,gate:E4-B1
U-0099,requirement,SIG-CHART-001,SIG MUST NOT be built as another surveillance map.,MET-DIFFERENTLY,ticket(SEED-14),SEED-14,unsampled boilerplate MET-DIFFERENTLY row: T4 re-verdicts row by row (F2b §4: 7 of 13 sampled were not met; do not bulk-carry HG-14),F2b,gate:Q-E2-17
U-0100,requirement,SIG-CHART-002,SIG MUST be architected such that its distinctive output is *joined evidence* — facts that no single upstream can produce because they requ…,MET-DIFFERENTLY,ticket(SEED-14),SEED-14,unsampled boilerplate MET-DIFFERENTLY row: T4 re-verdicts row by row (F2b §4: 7 of 13 sampled were not met; do not bulk-carry HG-14),F2b,gate:Q-E2-17
U-0101,requirement,SIG-CHART-003,"The ontology MUST treat the fundamental unit of surveillance infrastructure as a relationship among organizations, technologies, capabiliti…",MET-DIFFERENTLY,ticket(SEED-14),SEED-14,unsampled boilerplate MET-DIFFERENTLY row: T4 re-verdicts row by row (F2b §4: 7 of 13 sampled were not met; do not bulk-carry HG-14),F2b,gate:Q-E2-17
U-0102,requirement,SIG-CHART-004,"SIG MUST model surveillance power as a graph of capabilities and access, not merely a geography of sensors (OL-1.1-04).",MET-DIFFERENTLY,ticket(SEED-14),SEED-14,unsampled boilerplate MET-DIFFERENTLY row: T4 re-verdicts row by row (F2b §4: 7 of 13 sampled were not met; do not bulk-carry HG-14),F2b,gate:Q-E2-17
U-0103,requirement,SIG-CHART-005,The model MUST be able to express the twelve properties through which networked surveillance systems generate power (OL-1.1-02): sensor den…,MET-DIFFERENTLY,ticket(SEED-14),SEED-14,unsampled boilerplate MET-DIFFERENTLY row: T4 re-verdicts row by row (F2b §4: 7 of 13 sampled were not met; do not bulk-carry HG-14),F2b,gate:Q-E2-17
U-0104,requirement,SIG-CHART-006,"Each of the following MUST be answerable from the graph, for any subject where evidence exists, with full provenance and an explicit statem…",MET-DIFFERENTLY,ticket(SEED-14),SEED-14,unsampled boilerplate MET-DIFFERENTLY row: T4 re-verdicts row by row (F2b §4: 7 of 13 sampled were not met; do not bulk-carry HG-14),F2b,gate:Q-E2-17
U-0105,requirement,SIG-CHART-007,These thirteen questions are today answered by thirteen different systems (OL-ES-03). The specification's central architectural burden is t…,MET-DIFFERENTLY,ticket(SEED-14),SEED-14,unsampled boilerplate MET-DIFFERENTLY row: T4 re-verdicts row by row (F2b §4: 7 of 13 sampled were not met; do not bulk-carry HG-14),F2b,gate:Q-E2-17
U-0106,requirement,SIG-CHART-011,"These six sentences MUST be enforceable, not aspirational. §3.3 binds each to a schema-level or check-level enforcement point.",MET-DIFFERENTLY,ticket(SEED-14),SEED-14,unsampled boilerplate MET-DIFFERENTLY row: T4 re-verdicts row by row (F2b §4: 7 of 13 sampled were not met; do not bulk-carry HG-14),F2b,gate:Q-E2-17
U-0107,requirement,SIG-CHART-012,"The following twelve principles are architectural invariants. The ""Enforced by"" column is normative: it names where a violation is *mechani…",MET-DIFFERENTLY,ticket(SEED-14),SEED-14,unsampled boilerplate MET-DIFFERENTLY row: T4 re-verdicts row by row (F2b §4: 7 of 13 sampled were not met; do not bulk-carry HG-14),F2b,gate:Q-E2-17
U-0108,requirement,SIG-CHART-014,"SIG MUST be designed for federation rather than appropriation (OL-1.2-01, OL-ES-24). Specifically, SIG MUST:",MET-DIFFERENTLY,ticket(SEED-14),SEED-14,unsampled boilerplate MET-DIFFERENTLY row: T4 re-verdicts row by row (F2b §4: 7 of 13 sampled were not met; do not bulk-carry HG-14),F2b,gate:Q-E2-17
U-0109,requirement,SIG-CHART-015,SIG MUST NOT:,MET-DIFFERENTLY,ticket(SEED-14),SEED-14,unsampled boilerplate MET-DIFFERENTLY row: T4 re-verdicts row by row (F2b §4: 7 of 13 sampled were not met; do not bulk-carry HG-14),F2b,gate:Q-E2-17
U-0110,requirement,SIG-CHART-016,SIG's role is a coordination and reconciliation layer across a pluralistic ecosystem (OL-1.2-09). §6 makes this operational as a per-projec…,MET-DIFFERENTLY,ticket(SEED-14),SEED-14,unsampled boilerplate MET-DIFFERENTLY row: T4 re-verdicts row by row (F2b §4: 7 of 13 sampled were not met; do not bulk-carry HG-14),F2b,gate:Q-E2-17
U-0111,requirement,SIG-CHART-017,The graph MUST be:,MET-DIFFERENTLY,live-return-pass(R11-ACT-14),R11-ACT-14,MET-DIFFERENTLY -> PARTIAL; hosted evidence audit (P32.6) + immutable capture store,F2b,R11-OPS-04
U-0112,requirement,SIG-CHART-018,SIG's public authority claim is bounded and MUST be stated in these terms wherever the project describes itself:,MET-DIFFERENTLY,ticket(SEED-14),SEED-14,unsampled boilerplate MET-DIFFERENTLY row: T4 re-verdicts row by row (F2b §4: 7 of 13 sampled were not met; do not bulk-carry HG-14),F2b,gate:Q-E2-17
U-0113,requirement,SIG-CHART-019,SIG MUST NOT represent itself as exhaustive or authoritative where evidence is incomplete (OL-7.2-10). Every aggregate figure published by …,MET-DIFFERENTLY,ticket(R11-DATA-04),R11-DATA-04,MET-DIFFERENTLY -> PARTIAL; a denominator on every aggregate,F2b,R11-K13-TX-09
U-0114,requirement,SIG-CHART-020,The architecture MUST NOT designate a single source of truth. The problem is inherently multi-layered: different facts are generated by dif…,MET-DIFFERENTLY,ticket(SEED-14),SEED-14,unsampled boilerplate MET-DIFFERENTLY row: T4 re-verdicts row by row (F2b §4: 7 of 13 sampled were not met; do not bulk-carry HG-14),F2b,gate:Q-E2-17
U-0115,requirement,SIG-CHART-021,The system MUST serve all eight goals. Each is bound to the phase that first satisfies it and to the metric that measures it.,MET-DIFFERENTLY,ticket(SEED-14),SEED-14,unsampled boilerplate MET-DIFFERENTLY row: T4 re-verdicts row by row (F2b §4: 7 of 13 sampled were not met; do not bulk-carry HG-14),F2b,gate:Q-E2-17
U-0116,requirement,SIG-CHART-022,SIG MUST NOT:,MET-DIFFERENTLY,ticket(SEED-14),SEED-14,unsampled boilerplate MET-DIFFERENTLY row: T4 re-verdicts row by row (F2b §4: 7 of 13 sampled were not met; do not bulk-carry HG-14),F2b,gate:Q-E2-17
U-0117,requirement,SIG-CHART-023,"SIG MUST explicitly support research, journalism, policy analysis, lawful field observation, and public-records work (OL-13.5-01), and MUST…",MET-DIFFERENTLY,ticket(SEED-14),SEED-14,unsampled boilerplate MET-DIFFERENTLY row: T4 re-verdicts row by row (F2b §4: 7 of 13 sampled were not met; do not bulk-carry HG-14),F2b,gate:Q-E2-17
U-0118,requirement,SIG-CHART-024,The project itself MUST NOT become a surveillance system (OL-13-00). The bright-line default: SIG tracks public or institutionally relevant…,MET-DIFFERENTLY,ticket(SEED-14),SEED-14,unsampled boilerplate MET-DIFFERENTLY row: T4 re-verdicts row by row (F2b §4: 7 of 13 sampled were not met; do not bulk-carry HG-14),F2b,gate:Q-E2-17
U-0119,requirement,SIG-CHART-025,"The first release MUST be narrowly excellent at U.S. ALPR infrastructure, modeled completely enough that the ontology naturally generalizes…",MET-DIFFERENTLY,decision(Q-E2-22),Q-E2-22,'narrowly excellent at US ALPR' vs breadth: F2b proposes MET-DIFFERENTLY(RISK); the stance is the operator's,F2b,SEED-11 SEED-14
U-0120,requirement,SIG-CHART-026,Initial technology scope MUST include at least: Flock; Motorola/Vigilant; Rekor; Axon ALPR where data exists; Genetec ALPR; and unknown/oth…,MET-DIFFERENTLY,ticket(SEED-14),SEED-14,unsampled boilerplate MET-DIFFERENTLY row: T4 re-verdicts row by row (F2b §4: 7 of 13 sampled were not met; do not bulk-carry HG-14),F2b,gate:Q-E2-17
U-0121,requirement,SIG-CHART-031,The following are out of scope for the entire specification and are recorded so that they are not silently re-added:,N/A-RATIONALE,wontfix(N/A-RATIONALE: rationale statement with no build obligation),docs/build/COVERAGE_MATRIX.csv SIG-CHART-031,verdict stands unchanged (F2b §2 vocabulary: 7 rows),F2b,
U-0122,requirement,SIG-CHART-033,"Before any connector is written for a project in this table, Stage 0 outreach (§Phase 0, §35.1) MUST have been attempted and its outcome re…",MET-DIFFERENTLY,later-phase(operator authorises outside contact (Q-E2-12 a: outreach becomes an owed later-phase obligation by ADR)),LATER-04,"Stage-0 outreach skipped (D-P21.1-2 WONTFIX); F2b proposed WAIVED, but Q-E2-12's recommendation and default (a) keep it owed with a trigger",F2b,SEED-11 gate:Q-E2-12
U-0123,requirement,SIG-CHART-034,"SIG's success MUST be measured partly by whether it makes other projects stronger (OL-22.6-01), not solely by its own traffic or record cou…",MET-DIFFERENTLY,ticket(R11-ACT-16),R11-ACT-16,MET-DIFFERENTLY -> PARTIAL; leverage.json emitted or honestly absent; the MapRoulette measures wait on LATER-03,F2b,LATER-03
U-0124,requirement,SIG-CHART-035,The intended end state is that SIG becomes connective infrastructure for a movement of independent researchers (OL-22.6-02). Design decisio…,N/A-RATIONALE,wontfix(N/A-RATIONALE: rationale statement with no build obligation),docs/build/COVERAGE_MATRIX.csv SIG-CHART-035,verdict stands unchanged (F2b §2 vocabulary: 7 rows),F2b,
U-0125,requirement,SIG-CONTRIB-012,"Before any connector is written for an ecosystem project, SIG MUST have attempted contact and recorded the outcome (SIG-CHART-033, SIG-INGE…",MISSING,later-phase(operator authorises outside contact (Q-E2-12 a: outreach becomes an owed later-phase obligation by ADR)),LATER-04,"Stage-0 outreach skipped (D-P21.1-2 WONTFIX); F2b proposed WAIVED, but Q-E2-12's recommendation and default (a) keep it owed with a trigger",F2b,SEED-11 gate:Q-E2-12
U-0126,requirement,SIG-CONTRIB-012a,"Where an upstream project has publicly asked for help with a problem SIG is already solving, that request SHOULD be the opening offer, ahea…",MISSING,later-phase(operator authorises outside contact (Q-E2-12 a: outreach becomes an owed later-phase obligation by ADR)),LATER-04,"Stage-0 outreach skipped (D-P21.1-2 WONTFIX); F2b proposed WAIVED, but Q-E2-12's recommendation and default (a) keep it owed with a trigger",F2b,SEED-11 gate:Q-E2-12
U-0127,requirement,SIG-CONTRIB-013,"The offer MUST include archival succession: SIG will hold a mirror that survives the project's disappearance, on terms the project sets. Se…",PARTIAL,later-phase(operator authorises outside contact (Q-E2-12 a: outreach becomes an owed later-phase obligation by ADR)),LATER-04,"Stage-0 outreach skipped (D-P21.1-2 WONTFIX); F2b proposed WAIVED, but Q-E2-12's recommendation and default (a) keep it owed with a trigger",F2b,SEED-11 gate:Q-E2-12
U-0128,requirement,SIG-CONTRIB-019,"Where a research task's closing evidence is a public record, SIG MUST be able to emit a ready-to-file records request (§36) and to record t…",PARTIAL,ticket(R11-SRC-05),R11-SRC-05,"PARTIAL -> PARTIAL; research_task reference on records_request + record_filed_request(draft, task) + test",F2a,SEED-14 R11-K13-RQ-04
U-0129,requirement,SIG-DOS-002,"Dossier completion requires a fact-to-capture ledger, source search log, comparability review, currentness assessment and an independent ad…",MET,later-phase(T-EVAL-IND: >=2 independent labellers available + outside contact authorised (L3 §6.5)),LATER-01,MET -> MET-ENGINEERED; dossier semantic review stays owed (L3 §6.2),L3,
U-0130,requirement,SIG-DOS-003,"The Oklahoma City dossier must distinguish city-owned cameras, private city cameras, metro observations and partner-agency access; label th…",MET,live-return-pass(R11-ACT-22),R11-ACT-22,MET -> MET-ENGINEERED; P32.18 live pass after HG-03,F2b,gate:E4-B1
U-0131,requirement,SIG-DOS-004,"The Tulsa dossier must separate the public private-camera MOU template from any demonstrated executed agreement, distinguish policy effecti…",MET,live-return-pass(R11-ACT-22),R11-ACT-22,MET -> MET-ENGINEERED; P32.19 live pass after HG-03,F2b,gate:E4-B1
U-0132,requirement,SIG-DOS-005,"The San Diego dossier must distinguish the physical ALPR/streetlight system from subscription-only access to external plate data, identify …",MET,live-return-pass(R11-ACT-22),R11-ACT-22,MET -> MET-ENGINEERED; P32.20 live pass after HG-03 + SRC-027,F2b,gate:E4-B1
U-0133,requirement,SIG-ENG-002,"A phase is complete only when every acceptance criterion listed for it passes, and the phase-gate checks in §51.3 pass. Partial completion …",MET-DIFFERENTLY,ticket(SEED-15),SEED-15,MET-DIFFERENTLY -> PARTIAL; the verdict vocabulary and validator changes,F2b,SEED-14 gate:Q-E2-17
U-0134,requirement,SIG-ENG-004,A requirement is Done when all of the following hold:,PARTIAL,spec-amendment(SIG-ENG-004),SEED-12,PARTIAL -> N/A-RATIONALE; amend the text (F2a §5),F2a,SEED-14
U-0135,requirement,SIG-ENG-005,"No requirement is Done on the strength of a manual check alone. If a behaviour genuinely cannot be automatically verified, it MUST be recor…",MET-DIFFERENTLY,ticket(SEED-14),SEED-14,MET-DIFFERENTLY -> PARTIAL; T4 re-verdicts the 65 prefix-default rows (ENG-005 risk rows where unverifiable),F2b,gate:Q-E2-17
U-0136,requirement,SIG-ENG-018,Data-quality tooling MUST be OSI-licensed; several widely-recommended options in this category have moved to source-available licences and …,MET-DIFFERENTLY,ticket(SEED-14),SEED-14,unsampled boilerplate MET-DIFFERENTLY row: T4 re-verdicts row by row (F2b §4: 7 of 13 sampled were not met; do not bulk-carry HG-14),F2b,gate:Q-E2-17
U-0137,requirement,SIG-ENG-019,"Structured logging with run correlation; metrics on ingestion volume, claim/contradiction/task counts, resolution latency, and per-source f…",MET-DIFFERENTLY,ticket(SEED-14),SEED-14,unsampled boilerplate MET-DIFFERENTLY row: T4 re-verdicts row by row (F2b §4: 7 of 13 sampled were not met; do not bulk-carry HG-14),F2b,gate:Q-E2-17
U-0138,requirement,SIG-ENG-020,"A public data-freshness and status page (SIG-METRIC-007). Publishing staleness is a trust affordance, and hiding it is the beginning of imp…",MET-DIFFERENTLY,ticket(SEED-14),SEED-14,unsampled boilerplate MET-DIFFERENTLY row: T4 re-verdicts row by row (F2b §4: 7 of 13 sampled were not met; do not bulk-carry HG-14),F2b,gate:Q-E2-17
U-0139,requirement,SIG-ENG-021,Alerting MUST cover: connector failure; parser drift; count-plausibility breach; ER precision breach; licence-gate failure; policy-engine f…,MET-DIFFERENTLY,ticket(SEED-14),SEED-14,unsampled boilerplate MET-DIFFERENTLY row: T4 re-verdicts row by row (F2b §4: 7 of 13 sampled were not met; do not bulk-carry HG-14),F2b,gate:Q-E2-17
U-0140,requirement,SIG-ENG-022,Runbooks MUST exist for: source disappearance; upstream schema change; a bad-merge rollback; a takedown request; a suspected poisoning camp…,MET-DIFFERENTLY,ticket(SEED-14),SEED-14,unsampled boilerplate MET-DIFFERENTLY row: T4 re-verdicts row by row (F2b §4: 7 of 13 sampled were not met; do not bulk-carry HG-14),F2b,gate:Q-E2-17
U-0141,requirement,SIG-ENG-023,Topology: managed Postgres+PostGIS; object storage with versioning and governance-mode Object Lock; a small compute instance for crawlers a…,MET-DIFFERENTLY,ticket(SEED-14),SEED-14,unsampled boilerplate MET-DIFFERENTLY row: T4 re-verdicts row by row (F2b §4: 7 of 13 sampled were not met; do not bulk-carry HG-14),F2b,gate:Q-E2-17
U-0142,requirement,SIG-ENG-024,"Egress-friendly object storage is a hard requirement, not an optimization (SIG-EXPORT-008).",MET-DIFFERENTLY,ticket(R11-K13-TX-11),R11-K13-TX-11,MET-DIFFERENTLY -> AT-RISK-INTEGRATION; deploy path enforces the egress class,F2b,OP-09 gate:Q-31 gate:D-J3-4
U-0143,requirement,SIG-ENG-025,Three cost scales MUST be maintained and reviewed quarterly:,MET-DIFFERENTLY,ticket(SEED-14),SEED-14,unsampled boilerplate MET-DIFFERENTLY row: T4 re-verdicts row by row (F2b §4: 7 of 13 sampled were not met; do not bulk-carry HG-14),F2b,gate:Q-E2-17
U-0144,requirement,SIG-ENG-026,"LLM extraction cost MUST be budgeted per document class and monitored against the budget, with the pipeline degrading to human-queue rather…",MET-DIFFERENTLY,ticket(SEED-14),SEED-14,unsampled boilerplate MET-DIFFERENTLY row: T4 re-verdicts row by row (F2b §4: 7 of 13 sampled were not met; do not bulk-carry HG-14),F2b,gate:Q-E2-17
U-0145,requirement,SIG-ENG-027,"The bootstrap scale MUST be real and tested — the project must be able to survive on it (SIG-GOV-020), and a plan that only works when fund…",MET-DIFFERENTLY,ticket(SEED-14),SEED-14,unsampled boilerplate MET-DIFFERENTLY row: T4 re-verdicts row by row (F2b §4: 7 of 13 sampled were not met; do not bulk-carry HG-14),F2b,gate:Q-E2-17
U-0146,requirement,SIG-ENG-030,"Every phase in §51.2 MUST declare which risk-register entries (§53) it retires or reduces, and each of the four critical risks R-01…R-04 MU…",MET-DIFFERENTLY,ticket(SEED-14),SEED-14,unsampled boilerplate MET-DIFFERENTLY row: T4 re-verdicts row by row (F2b §4: 7 of 13 sampled were not met; do not bulk-carry HG-14),F2b,gate:Q-E2-17
U-0147,requirement,SIG-ENG-032,A lawful access path exists: the aggregator's public CC BY-SA 4.0 API (SC-18). The phase proceeds against that API. The fallbacks of SIG-IN…,MET-DIFFERENTLY,ticket(SEED-14),SEED-14,unsampled boilerplate MET-DIFFERENTLY row: T4 re-verdicts row by row (F2b §4: 7 of 13 sampled were not met; do not bulk-carry HG-14),F2b,gate:Q-E2-17
U-0148,requirement,SIG-ENG-033,"The risk register MUST be reviewed at every phase gate, and each research file's Open questions section MUST be triaged into it rather than…",MET-DIFFERENTLY,ticket(SEED-14),SEED-14,unsampled boilerplate MET-DIFFERENTLY row: T4 re-verdicts row by row (F2b §4: 7 of 13 sampled were not met; do not bulk-carry HG-14),F2b,gate:Q-E2-17
U-0149,requirement,SIG-ENG-034,The critical path is `0 → 1 → 2 → 3 → 4 → 5 → 6 → 8`. Phase 6 is a hard synchronization point: no phase after 6 may begin until its retrosp…,PARTIAL,already-done(P06.1 retrospective precedes P07.1; test_slice_artifacts.py retrospective test),data/coverage_delta_F2a.csv SIG-ENG-034,PARTIAL -> MET; T4 records the verdict,F2a,SEED-14
U-0150,requirement,SIG-ENG-035,"Phase 11 depends on an external source, not on internal work, and it MUST NOT block phases 12–18, which MUST be able to proceed on other so…",MET-DIFFERENTLY,ticket(SEED-14),SEED-14,unsampled boilerplate MET-DIFFERENTLY row: T4 re-verdicts row by row (F2b §4: 7 of 13 sampled were not met; do not bulk-carry HG-14),F2b,gate:Q-E2-17
U-0151,requirement,SIG-ENG-037,"This matrix MUST be regenerated at every phase gate (SIG-ENG-031) from `OUTLINE_TRACE.md` plus the current spec, and a CI check MUST fail i…",MET-DIFFERENTLY,ticket(SEED-14),SEED-14,unsampled boilerplate MET-DIFFERENTLY row: T4 re-verdicts row by row (F2b §4: 7 of 13 sampled were not met; do not bulk-carry HG-14),F2b,gate:Q-E2-17
U-0152,requirement,SIG-ENG-038,The regeneration SHOULD first split compound trace rows whose members are independently satisfiable. The adversarial review identified this…,MET-DIFFERENTLY,ticket(SEED-14),SEED-14,unsampled boilerplate MET-DIFFERENTLY row: T4 re-verdicts row by row (F2b §4: 7 of 13 sampled were not met; do not bulk-carry HG-14),F2b,gate:Q-E2-17
U-0153,requirement,SIG-EPIS-001,"Every published material fact MUST be reachable by this chain, and the chain MUST be traversable in both directions through the API and the…",MET-DIFFERENTLY,ticket(SEED-14),SEED-14,unsampled boilerplate MET-DIFFERENTLY row: T4 re-verdicts row by row (F2b §4: 7 of 13 sampled were not met; do not bulk-carry HG-14),F2b,gate:Q-E2-17
U-0154,requirement,SIG-EPIS-002,No shortcut through this chain is permitted. Specifically:,MET-DIFFERENTLY,ticket(SEED-14),SEED-14,unsampled boilerplate MET-DIFFERENTLY row: T4 re-verdicts row by row (F2b §4: 7 of 13 sampled were not met; do not bulk-carry HG-14),F2b,gate:Q-E2-17
U-0155,requirement,SIG-EPIS-003,"A transparency portal that reports 25 cameras today and 28 next month is one artifact with two captures, not two artifacts. This is what ma…",MET-DIFFERENTLY,ticket(SEED-14),SEED-14,unsampled boilerplate MET-DIFFERENTLY row: T4 re-verdicts row by row (F2b §4: 7 of 13 sampled were not met; do not bulk-carry HG-14),F2b,gate:Q-E2-17
U-0156,requirement,SIG-EPIS-004,"An artifact that *disappears* MUST be recorded as an event on the artifact, not as a deletion. A vanished Flock portal is data (OL-2B-FP-03…",MET-DIFFERENTLY,ticket(SEED-14),SEED-14,unsampled boilerplate MET-DIFFERENTLY row: T4 re-verdicts row by row (F2b §4: 7 of 13 sampled were not met; do not bulk-carry HG-14),F2b,gate:Q-E2-17
U-0157,requirement,SIG-EPIS-005,"`capture_status` MUST be populated for every artifact. An artifact SIG cited but could not retrieve is a legitimate, recordable state (see …",MET-DIFFERENTLY,ticket(SEED-14),SEED-14,unsampled boilerplate MET-DIFFERENTLY row: T4 re-verdicts row by row (F2b §4: 7 of 13 sampled were not met; do not bulk-carry HG-14),F2b,gate:Q-E2-17
U-0158,requirement,SIG-EPIS-007,Re-extracting a capture with an improved parser MUST produce a new Extraction and a new set of Claims. The prior Claims are superseded (§9.…,MET-DIFFERENTLY,ticket(SEED-14),SEED-14,unsampled boilerplate MET-DIFFERENTLY row: T4 re-verdicts row by row (F2b §4: 7 of 13 sampled were not met; do not bulk-carry HG-14),F2b,gate:Q-E2-17
U-0159,requirement,SIG-EPIS-008,`raw_value` is NOT NULL with no exceptions. If a claim has no corresponding literal source text — because it is an inference — it does not …,MET-DIFFERENTLY,ticket(SEED-14),SEED-14,unsampled boilerplate MET-DIFFERENTLY row: T4 re-verdicts row by row (F2b §4: 7 of 13 sampled were not met; do not bulk-carry HG-14),F2b,gate:Q-E2-17
U-0160,requirement,SIG-EPIS-009,`derived_from_claim_ids` MUST be populated whenever SIG ingests a claim from a source that itself derived it from another source SIG also i…,MET-DIFFERENTLY,ticket(R11-CONF-04),R11-CONF-04,"MET-DIFFERENTLY -> PARTIAL; connectors declare derivation, materialize reads independence",F2b,
U-0161,requirement,SIG-EPIS-010,A claim MUST NOT hold a single `source` foreign key. It MUST reference an evidence set through a join table in which each row carries a rol…,MET-DIFFERENTLY,ticket(SEED-14),SEED-14,unsampled boilerplate MET-DIFFERENTLY row: T4 re-verdicts row by row (F2b §4: 7 of 13 sampled were not met; do not bulk-carry HG-14),F2b,gate:Q-E2-17
U-0162,requirement,SIG-EPIS-012,"Every `establishes` row SHOULD carry a `locator`, and MUST carry one for artifacts over one page. ""The contract says 42 cameras"" is not evi…",MET-DIFFERENTLY,already-done(met; T4 cites the tests),data/coverage_delta_F2b.csv SIG-EPIS-012,MET-DIFFERENTLY -> MET (F2b sample),F2b,SEED-14
U-0163,requirement,SIG-EPIS-013,"The outline's Tier A–F (OL-9.1) MUST be retained as shorthand but MUST be redefined as a genre scale, not a reliability scale, and crossed …",MET-DIFFERENTLY,ticket(SEED-14),SEED-14,unsampled boilerplate MET-DIFFERENTLY row: T4 re-verdicts row by row (F2b §4: 7 of 13 sampled were not met; do not bulk-carry HG-14),F2b,gate:Q-E2-17
U-0164,requirement,SIG-EPIS-016,"SIG MUST NOT score a claim's *plausibility* against a prior expectation of how much surveillance an agency ""should"" have. That is an editor…",MET-DIFFERENTLY,ticket(SEED-14),SEED-14,unsampled boilerplate MET-DIFFERENTLY row: T4 re-verdicts row by row (F2b §4: 7 of 13 sampled were not met; do not bulk-carry HG-14),F2b,gate:Q-E2-17
U-0165,requirement,SIG-EPIS-018,Two consequences are normative:,AT-RISK-INTEGRATION,already-done(resolve.py:539-542 + four test_resolve.py tests; materialized resolutions),data/coverage_delta_F2a.csv SIG-EPIS-018,AT-RISK-INTEGRATION -> MET; T4 records the verdict,F2a,SEED-14
U-0166,requirement,SIG-EPIS-019,"`I` is assigned mechanically by the pipeline: `I1` content-addressed archive stored with checksum, fetch timestamp, and HTTP status; `I2` l…",MET-DIFFERENTLY,ticket(SEED-14),SEED-14,unsampled boilerplate MET-DIFFERENTLY row: T4 re-verdicts row by row (F2b §4: 7 of 13 sampled were not met; do not bulk-carry HG-14),F2b,gate:Q-E2-17
U-0167,requirement,SIG-EPIS-022,Free-form numeric confidence is prohibited unless calibrated against a labelled set with published calibration (OL-9.3-01). Weight classes …,MET-DIFFERENTLY,already-done(met; T4 cites the tests),data/coverage_delta_F2b.csv SIG-EPIS-022,MET-DIFFERENTLY -> MET (F2b sample),F2b,SEED-14
U-0168,requirement,SIG-EPIS-024,"The API MUST always return all four fields. A one-word presentation label MAY be derived from a published lookup for UI density, but MUST N…",MET-DIFFERENTLY,ticket(SEED-14),SEED-14,unsampled boilerplate MET-DIFFERENTLY row: T4 re-verdicts row by row (F2b §4: 7 of 13 sampled were not met; do not bulk-carry HG-14),F2b,gate:Q-E2-17
U-0169,requirement,SIG-EPIS-026,"SIG MUST declare copying rather than infer it. Every claim carries `derived_from_claim_ids` / `derived_from_source`, populated at ingest.",MET-DIFFERENTLY,ticket(SEED-14),SEED-14,unsampled boilerplate MET-DIFFERENTLY row: T4 re-verdicts row by row (F2b §4: 7 of 13 sampled were not met; do not bulk-carry HG-14),F2b,gate:Q-E2-17
U-0170,requirement,SIG-EPIS-027,"Claims sharing an upstream origin MUST be grouped into a single independence class, and corroboration MUST be counted per class, not per cl…",MET-DIFFERENTLY,ticket(SEED-14),SEED-14,unsampled boilerplate MET-DIFFERENTLY row: T4 re-verdicts row by row (F2b §4: 7 of 13 sampled were not met; do not bulk-carry HG-14),F2b,gate:Q-E2-17
U-0171,requirement,SIG-EPIS-029,An undeclared-copying detector MUST run: claims from nominally independent sources that match implausibly closely — including matching each…,MET-DIFFERENTLY,ticket(R11-CONF-04),R11-CONF-04,MET-DIFFERENTLY ('by design'; only a constant exists) -> MET when GQ-11 runs in production (L3 §6.2),L3,SEED-14
U-0172,requirement,SIG-EVAL-001,"Resolution evaluation must use a preregistered campaign with a frozen source snapshot, explicit target population, sampling frame, inclusio…",PARTIAL,ticket(R11-CONF-02),R11-CONF-02,correct the public claim now -> MET-ENGINEERED(D-R10-HUMAN-1); independent campaign under T-EVAL-IND,L3,LATER-01
U-0173,requirement,SIG-EVAL-002,"Independent human labels must be recorded append-only with pseudonymous reviewer identity, evidence references, reason and one of same-devi…",PARTIAL,later-phase(T-EVAL-IND: >=2 independent labellers available + outside contact authorised (L3 §6.5)),LATER-01,stays PARTIAL: reviewer access (EV1) is first in the triggered segment (L3 §6.2),L3,R11-CONF-02
U-0174,requirement,SIG-EVAL-005,A rule/threshold candidate must be derived only from development/calibration data and frozen before its confirmatory sampling frame is draw…,MISSING,later-phase(T-EVAL-IND: >=2 independent labellers available + outside contact authorised (L3 §6.5)),LATER-01,"MISSING, owed, non-blocking (L3 §6.2)",L3,
U-0175,requirement,SIG-EVAL-006,"Published evaluation claims must identify exactly the tiers, populations, geography/source mix, model/ruleset and time window supported by …",MISSING,ticket(R11-CONF-09),R11-CONF-09,MET once CONF-09/CONF-12 scope every published quality figure (L3 §6.2),L3,R11-CONF-12
U-0176,requirement,SIG-EVAL-007,Select and freeze the candidate matcher using development/calibration evidence before defining and drawing its confirmatory auto-positive s…,MISSING,later-phase(T-EVAL-IND: >=2 independent labellers available + outside contact authorised (L3 §6.5)),LATER-01,"MISSING, owed, non-blocking (L3 §6.2)",L3,
U-0177,requirement,SIG-EVID-001,"The evidence store MUST satisfy, simultaneously:",PARTIAL,ticket(R11-OPS-08),R11-OPS-08,PARTIAL -> PARTIAL; Audited takedown procedure (governance bypass requires the permission and appends an audit record) + test,F2a,SEED-14
U-0178,requirement,SIG-EVID-019,"Each quarterly release MUST be deposited to Zenodo, citing the concept DOI for the dataset and the version DOI for the release. Evidence by…",PARTIAL,live-return-pass(R11-TRANS-01),R11-TRANS-01,PARTIAL -> MET-ENGINEERED; SWH leg + operator Zenodo token,F2b,OP-19
U-0179,requirement,SIG-FIND-006,Anonymous correction intake must provide a durable receipt and restricted moderation workflow independent of claim-spine writes. The first …,MET,ticket(R11-ACT-23),R11-ACT-23,MET -> MET-ENGINEERED; intake owner/staffing then the live leg,F2b,gate:Q-27
U-0180,requirement,SIG-GEO-002,Proximity queries MUST cast to `geography` (metres). Degree-based `ST_DWithin` on 4326 geometry is prohibited — it silently produces distan…,PARTIAL,ticket(R11-DATA-03),R11-DATA-03,PARTIAL -> PARTIAL; tests/unit lint test (like test_import_boundary.py) failing on ST_DWithin without a geography cast in *.py/*.…,F2a,SEED-14
U-0181,requirement,SIG-GEO-005,"`camera:type=fixed` covers 92.0% of mapped ALPRs (SC-08), meaning ~8% — on the order of 11,500 devices — are already non-fixed. The mobilit…",PARTIAL,ticket(R11-DATA-03),R11-DATA-03,"PARTIAL -> PARTIAL; Map to enum values (vehicle_mounted/airborne), add a CHECK against the enum, populate operating_area for non-…",F2a,SEED-14
U-0182,requirement,SIG-GEO-007,"This is urgent rather than theoretical: `direction=*` is present on 93.6% of mapped ALPRs (SC-08.3), so a derived FOV layer would be nearly…",PARTIAL,wontfix(rationale paragraph; obligation carried by SIG-GEO-006),data/coverage_delta_F2a.csv SIG-GEO-007,PARTIAL -> N/A-RATIONALE (F2a),F2a,SEED-14
U-0183,requirement,SIG-GOV-012,"Before public launch, SIG MUST establish a legal home — a fiscal sponsor or its own nonprofit — and document what it implies for liability,…",PARTIAL,decision(Q-E2-08),Q-E2-08,legal home: interim individual home by ADR (rec c) vs sponsor; F2b offers both,F2b,SEED-11
U-0184,requirement,SIG-GOV-013,SIG MUST identify legal-defence resources appropriate to public-interest research and journalism before they are needed.,PARTIAL,decision(Q-E2-08),Q-E2-08,option c lists public legal-defence resources; no catalog unit owns it until answered (S2: R11-GOV-01),F2b,R11-GOV-01
U-0185,requirement,SIG-GOV-015,"An editorial board MUST exist for contested claims, officer-naming decisions (§43.4), and sensitivity classifications, distinct from the te…",PARTIAL,decision(Q-E2-07),Q-E2-07,editorial board vs interim single-maintainer authority with a public decision log,F2b,R11-GOV-02
U-0186,requirement,SIG-GOV-016,"SIG MUST document how it resists capture by any single funder, ideology, or vendor interest, including a policy on funding sources it will …",PARTIAL,ticket(R11-GOV-01),R11-GOV-01,governance doc states the true sole-maintainer posture -> MET (F2b),F2b,R11-GOV-02 gate:Q-E2-07
U-0187,requirement,SIG-GOV-017,"SIG MUST NOT build: a real-time device-liveness feed; a per-person lookup; an ""is a camera watching me right now"" surface; or individual-of…",MET-DIFFERENTLY,ticket(SEED-14),SEED-14,unsampled boilerplate MET-DIFFERENTLY row: T4 re-verdicts row by row (F2b §4: 7 of 13 sampled were not met; do not bulk-carry HG-14),F2b,gate:Q-E2-17
U-0188,requirement,SIG-GOV-018,"SIG MUST NOT publish instructions for damaging, disabling, tampering with, or evading enforcement in the commission of wrongdoing (OL-13.5-…",MET-DIFFERENTLY,ticket(SEED-14),SEED-14,unsampled boilerplate MET-DIFFERENTLY row: T4 re-verdicts row by row (F2b §4: 7 of 13 sampled were not met; do not bulk-carry HG-14),F2b,gate:Q-E2-17
U-0189,requirement,SIG-GOV-021,"The degraded mode MUST be tested, and its known decay paths documented — including that free CI schedulers commonly disable dormant schedul…",PARTIAL,already-done(tests/ops/test_degraded.py + keepalive.yml),data/coverage_delta_F2b.csv SIG-GOV-021,PARTIAL -> MET; first scheduled run 2026-10-01T07:00Z read back by R11-OPS-07,F2b,R11-OPS-07 SEED-14
U-0190,requirement,SIG-GOV-022,SIG MUST maintain: geographic mirrors; deposits to Zenodo and Software Heritage (SIG-EVID-019); an offline distribution path (SIG-EXPORT-00…,PARTIAL,live-return-pass(R11-TRANS-01),R11-TRANS-01,PARTIAL -> MET-ENGINEERED(D-P21.5-1); SWH save-now leg,F2b,OP-19
U-0191,requirement,SIG-GOV-023,"SIG MUST publish a succession commitment: if the project ends, the data and code are released in a form that lets others continue, and the …",PARTIAL,already-done(governance doc + SUCCESSION.md + OCFL readability tests),data/coverage_delta_F2b.csv SIG-GOV-023,PARTIAL -> MET (F2b),F2b,SEED-14
U-0192,requirement,SIG-GOV-024,SIG MUST offer reciprocal archival insurance to single-maintainer upstream projects (SIG-CONTRIB-013). The need is concrete: the ecosystem'…,PARTIAL,later-phase(operator authorises outside contact (Q-E2-12 a: outreach becomes an owed later-phase obligation by ADR)),LATER-04,"Stage-0 outreach skipped (D-P21.1-2 WONTFIX); F2b proposed WAIVED, but Q-E2-12's recommendation and default (a) keep it owed with a trigger",F2b,SEED-11 gate:Q-E2-12
U-0193,requirement,SIG-IDENT-014,An organization that fails the publicity tests of §43.4 MUST NOT be published by name. It MUST be represented publicly by an aggregate coun…,MET-DIFFERENTLY,ticket(SEED-14),SEED-14,unsampled boilerplate MET-DIFFERENTLY row: T4 re-verdicts row by row (F2b §4: 7 of 13 sampled were not met; do not bulk-carry HG-14),F2b,gate:Q-E2-17
U-0194,requirement,SIG-INGEST-004,The claim's logical identity MUST include `extractor_version` and `normalizer_version`. A better parser therefore produces genuinely new cl…,PARTIAL,spec-amendment(SIG-INGEST-004),SEED-12,PARTIAL -> PARTIAL; amend the text (F2a §5),F2a,SEED-14 R11-DEBT-04
U-0195,requirement,SIG-INGEST-005,Re-extraction MUST preserve `observed_at` and `valid_*` from the source and set `recorded_at = now()`. An `as_of_belief` query in the past …,PARTIAL,ticket(R11-DEBT-03),R11-DEBT-03,PARTIAL -> PARTIAL; Extend the replay test to assert valid_from/valid_to survive and that claim_as_of(belief before the replay) r…,F2a,SEED-14
U-0196,requirement,SIG-INGEST-006,Every connector MUST declare its ingestion mode and its incrementality strategy.,PARTIAL,ticket(R11-DEBT-03),R11-DEBT-03,PARTIAL -> PARTIAL; Closed-vocabulary ingestion_mode + incrementality per connector (class or registry) and a test that every CON…,F2a,SEED-14
U-0197,requirement,SIG-INGEST-007,"Change detection on scraped pages MUST diff the extracted structured payload, not the HTML. Boilerplate churn, session tokens, and rotating…",PARTIAL,already-done(snapshot_diff + test_snapshot_diff.py::test_unchanged_fields_produce_no_event),data/coverage_delta_F2a.csv SIG-INGEST-007,PARTIAL -> MET; T4 records the verdict,F2a,SEED-14
U-0198,requirement,SIG-INGEST-008,"Some dependencies are manual-acquisition and MUST be modelled as such, with a documented human procedure recording DOI, version, and checks…",PARTIAL,ticket(R11-DEBT-03),R11-DEBT-03,"PARTIAL -> PARTIAL; Structured manual-acquisition record (DOI, version, sha256, acquired_by/at), a runbook, and a test that such …",F2a,SEED-14
U-0199,requirement,SIG-INGEST-010,"Disappearance MUST generate a research task and MUST be queryable, so that ""which agencies quietly removed their transparency portal"" is an…",PARTIAL,ticket(R11-DEBT-03),R11-DEBT-03,PARTIAL -> PARTIAL; Persist disappearance events to evidence_artifact + research_task from the runner/sink; Docker test querying …,F2a,SEED-14
U-0200,requirement,SIG-INGEST-025a,"State reporting mandates MUST be modelled as records-acquisition leads, not as data feeds. A statutory duty to *do* something is not a duty…",PARTIAL,ticket(R11-SRC-05),R11-SRC-05,PARTIAL -> PARTIAL; See SIG-INGEST-025b,F2a,SEED-14
U-0201,requirement,SIG-INGEST-025b,Two consequences bind the design:,PARTIAL,ticket(R11-SRC-05),R11-SRC-05,PARTIAL -> PARTIAL; Generator from mandate-statute claims to requestable gaps; register + capture the CA auditor survey as a one-…,F2a,SEED-14
U-0202,requirement,SIG-INGEST-025c,"Legislative citations MUST be verified against the bill text and session, never by bill number alone. Bill numbers are reused across sessio…",PARTIAL,ticket(R11-SRC-05),R11-SRC-05,PARTIAL -> PARTIAL; Add session + text anchor to LegalInstrument claims; publication gate refusing unresolved citations; test,F2a,SEED-14
U-0203,requirement,SIG-INGEST-041,"The EFF Data Library index is the Phase 17 ingestion backlog, and its entries MUST be registered in Phase 0 rather than discovered later. E…",PARTIAL,ticket(R11-SRC-04),R11-SRC-04,"PARTIAL -> PARTIAL; Register the missing §22.7 entries as LINK (or REFERENCE with rationale), ingestion_permitted=false; test enu…",F2a,SEED-14
U-0204,requirement,SIG-INGEST-044,"This connector's value is structural, not current: it proves that cross-agency ALPR networks predate and exceed any single vendor (OL-2D-DD…",N/A-RATIONALE,wontfix(N/A-RATIONALE: rationale statement with no build obligation),docs/build/COVERAGE_MATRIX.csv SIG-INGEST-044,verdict stands unchanged (F2b §2 vocabulary: 7 rows),F2b,
U-0205,requirement,SIG-INGEST-045b,A bare OSM element id is not a well-defined reference across time. The same id denoted a freeway feature for fifteen years and a surveillan…,N/A-RATIONALE,wontfix(N/A-RATIONALE: rationale statement with no build obligation),docs/build/COVERAGE_MATRIX.csv SIG-INGEST-045b,verdict stands unchanged (F2b §2 vocabulary: 7 rows),F2b,
U-0206,requirement,SIG-INGEST-046b,A `robots.txt` disallow MUST be recorded even where the data behind it is technically reachable — never silently bypassed. That project's e…,MISSING,already-done(net.py:382-393 + test_net.py robots tests; spec text per ADR-145),data/coverage_delta_F2a.csv SIG-INGEST-046b,MISSING -> MET; T4 records the verdict,F2a,SEED-14 R11-GOV-04
U-0207,requirement,SIG-INGEST-046c,An affirmative machine-readable rights reservation MUST be honoured as a refusal and recorded on the rights record. One ecosystem project c…,MISSING,ticket(R11-GOV-04),R11-GOV-04,"MISSING -> MISSING; Add an affirmatively-refused rights state distinct from UNDETERMINED (RightsRecord, rights table, sources.tom…",F2a,SEED-14
U-0208,requirement,SIG-INGEST-048,"These MUST be registered in Phase 0. Four were created after mid-2025, which is why the outline does not have them — and which is itself ev…",PARTIAL,ticket(R11-SRC-04),R11-SRC-04,PARTIAL -> PARTIAL; Extend the registry test to all seven; schedule a recurring discovery sweep (or record a deferral with trigge…,F2a,SEED-14
U-0209,requirement,SIG-INGEST-048a,"The last row closes an open question. An uncorroborated ""336K ALPRs"" figure circulates in secondary coverage; direct measurement finds 144,…",N/A-RATIONALE,wontfix(N/A-RATIONALE: rationale statement with no build obligation),docs/build/COVERAGE_MATRIX.csv SIG-INGEST-048a,verdict stands unchanged (F2b §2 vocabulary: 7 rows),F2b,
U-0210,requirement,SIG-LIC-007,"This constraint is mission-aligned, not a cost. ODbL share-alike on the device layer requires SIG to give its operator attributions back in…",N/A-RATIONALE,wontfix(N/A-RATIONALE: rationale statement with no build obligation),docs/build/COVERAGE_MATRIX.csv SIG-LIC-007,verdict stands unchanged (F2b §2 vocabulary: 7 rows),F2b,
U-0211,requirement,SIG-LIC-012,"Per OL-14.3-01, open code is not enough. SIG MUST ship: open code; open schemas; downloadable datasets where licensing permits; documented …",PARTIAL,ticket(R11-K13-TX-10b),R11-K13-TX-10b,"downloads page, provenance links and data dictionary (J3/K13)",F2b,R11-K13-TX-10a
U-0212,requirement,SIG-ONTO-001,SIG MUST be structured as six strictly ordered layers. Data flows upward only. No layer may write to a layer below it. Each layer is indepe…,PARTIAL,ticket(R11-DEBT-01),R11-DEBT-01,PARTIAL -> PARTIAL; Test labelling every table by layer and asserting no writer role holds INSERT/UPDATE on a lower layer; drop-a…,F2a,SEED-14
U-0213,requirement,SIG-ONTO-005,No layer may be treated as authoritative over another by default. Precedence is per-predicate and is specified in the resolution ruleset (§…,MET-DIFFERENTLY,already-done(met; T4 cites),data/coverage_delta_F2b.csv SIG-ONTO-005,MET-DIFFERENTLY -> MET (F2b sample),F2b,SEED-14
U-0214,requirement,SIG-ONTO-006,Layer G output MUST NOT enter L1 as an observation of a device. It enters as a `CandidateAsset` claim with `evidence_tier = F` and MUST pas…,MET-DIFFERENTLY,ticket(SEED-14),SEED-14,unsampled boilerplate MET-DIFFERENTLY row: T4 re-verdicts row by row (F2b §4: 7 of 13 sampled were not met; do not bulk-carry HG-14),F2b,gate:Q-E2-17
U-0215,requirement,SIG-ONTO-008,"The system's distinctive output is a reconciliation, not an aggregation (OL-6.2-02). A reconciliation is a first-class, addressable, citabl…",MET-DIFFERENTLY,ticket(SEED-14),SEED-14,unsampled boilerplate MET-DIFFERENTLY row: T4 re-verdicts row by row (F2b §4: 7 of 13 sampled were not met; do not bulk-carry HG-14),F2b,gate:Q-E2-17
U-0216,requirement,SIG-ONTO-009,"Note what that statement does *not* do: it does not declare a single ""true count"". §29.1 defines the distinct count predicates precisely so…",MET-DIFFERENTLY,ticket(SEED-14),SEED-14,unsampled boilerplate MET-DIFFERENTLY row: T4 re-verdicts row by row (F2b §4: 7 of 13 sampled were not met; do not bulk-carry HG-14),F2b,gate:Q-E2-17
U-0217,requirement,SIG-ONTO-028,"`operator` MUST be optional and its absence MUST be a first-class, countable state. Measurement: only 19.1% of the world's 144,312 mapped A…",PARTIAL,ticket(R11-DATA-03),R11-DATA-03,PARTIAL -> PARTIAL; Emit and test a countable operator-unknown figure (coverage/peer-class not_researched per asset without opera…,F2a,SEED-14
U-0218,requirement,SIG-ONTO-035,The configuration-cut rule determines what belongs here: *if a fact can differ between two deployments of the same product with no change t…,PARTIAL,ticket(R11-DATA-03),R11-DATA-03,PARTIAL -> PARTIAL; Add MFA slot + predicate; test that all seven named facts live on ConfigurationState and on no Technology/Cap…,F2a,SEED-14
U-0219,requirement,SIG-ONTO-051,SIG-CHART-005 requires the twelve power-generating properties (OL-1.1-02) to be expressible. Their carriers:,PARTIAL,ticket(R11-DATA-03),R11-DATA-03,PARTIAL -> PARTIAL; One parametrized test mapping each of the twelve power properties to its carrier,F2a,SEED-14
U-0220,requirement,SIG-ONTO-054,"Every family MUST have an `-unspecified` leaf (SIG-ONTO-020). - SIG-ONTO-055 (MUST). Slugs encode `family-discriminator`, never a vendor. -…",PARTIAL,already-done(test_vocabularies.py::test_every_family_has_an_unspecified_leaf),data/coverage_delta_F2a.csv SIG-ONTO-054,PARTIAL -> MET; T4 records the verdict,F2a,SEED-14
U-0221,requirement,SIG-ONTO-055,"Slugs encode `family-discriminator`, never a vendor. - SIG-ONTO-056 (MUST). Each technology carries a distinguishing criterion (the single …",PARTIAL,ticket(R11-DATA-03),R11-DATA-03,PARTIAL -> PARTIAL; Rename the colliding technology slug (vocab version bump + crosswalk row per SIG-STORE-037) and add a no-self…,F2a,SEED-14
U-0222,requirement,SIG-ONTO-057,Two terms that external taxonomies treat as technologies are not technologies in SIG: a *fusion center* is an Organization type; an *RTCC* …,PARTIAL,ticket(R11-DATA-03),R11-DATA-03,"PARTIAL -> PARTIAL; Add an RTCC organization sub-type; test fusion-center-is-org, no fusion technology, RTCC both and distinguish…",F2a,SEED-14
U-0223,requirement,SIG-ONTO-057a,"Where SIG's own taxonomy must align with an external one, it SHOULD be shaped after the civil-liberties-argument taxonomy rather than the p…",PARTIAL,later-phase(next technology-vocabulary version of the ontology),ontology technology-vocabulary version bump,F2a: no defect in the current version; carried to the next vocabulary version,F2a,R11-DATA-03
U-0224,requirement,SIG-ONTO-060,"~45 terms at v1, following the grammar of §11.6 (Capability). Scopes: `own`, `partner`, `state`, `region`, `national`, `commercial`, `subje…",PARTIAL,spec-amendment(SIG-ONTO-060),SEED-12,PARTIAL -> PARTIAL; amend the text (F2a §5),F2a,SEED-14
U-0225,requirement,SIG-ONTO-064,`free_trial → operational:active` with no procurement transition is a legal path. It is the mechanism by which surveillance capability is a…,PARTIAL,ticket(R11-DATA-05),R11-DATA-05,PARTIAL -> PARTIAL; Test that resolve_lifecycle accepts procurement=free_trial with operational=active and no procurement transit…,F2a,SEED-14
U-0226,requirement,SIG-ONTO-065,"Forbidden combinations MUST be soft constraints — flagged, never rejected — because the interesting cases are real:",PARTIAL,ticket(R11-DATA-05),R11-DATA-05,PARTIAL -> PARTIAL; Add the two missing soft-constraint detectors (removed∧active -> data-error flag; canceled∧active -> research…,F2a,SEED-14
U-0227,requirement,SIG-PUB-001,"SIG documents institutions and infrastructure, not people (SIG-CHART-024, OL-13.1-01). Every rule below follows from that.",MET-DIFFERENTLY,ticket(SEED-14),SEED-14,unsampled boilerplate MET-DIFFERENTLY row: T4 re-verdicts row by row (F2b §4: 7 of 13 sampled were not met; do not bulk-carry HG-14),F2b,gate:Q-E2-17
U-0228,requirement,SIG-PUB-003d,"Where SIG becomes aware of an ecosystem project exposing personal data in this way, it SHOULD raise it privately with that project as part …",MET-DIFFERENTLY,ticket(SEED-14),SEED-14,unsampled boilerplate MET-DIFFERENTLY row: T4 re-verdicts row by row (F2b §4: 7 of 13 sampled were not met; do not bulk-carry HG-14),F2b,gate:Q-E2-17
U-0229,requirement,SIG-PUB-006,"C1 is the default for roadside ALPR hardware, consistent with existing community practice in OSM and DeFlock. SIG does not invent a new nor…",MET-DIFFERENTLY,ticket(SEED-14),SEED-14,unsampled boilerplate MET-DIFFERENTLY row: T4 re-verdicts row by row (F2b §4: 7 of 13 sampled were not met; do not bulk-carry HG-14),F2b,gate:Q-E2-17
U-0230,requirement,SIG-PUB-007,A named individual MAY be published only if all five prongs hold:,AT-RISK-INTEGRATION,ticket(R11-SAFE-03),R11-SAFE-03,AT-RISK-INTEGRATION -> AT-RISK-INTEGRATION; Route every isPublicEmployeeName row (export + web) through evaluate_officer_naming with a persisted two-revi…,F2a,SEED-14
U-0231,requirement,SIG-PUB-012,"Promotion to a published `PhysicalAsset` requires either human field or imagery confirmation, or a documentary record — never corroboration…",PARTIAL,ticket(R11-DATA-06),R11-DATA-06,"PARTIAL -> PARTIAL; promotion_permitted(): field/imagery/record confirmation + actor or document reference required, refuses corr…",F2a,SEED-14
U-0232,requirement,SIG-PUB-014,"Public UI MUST NOT describe an RF-derived candidate in language implying a device is known to exist. ""A radio observation consistent with t…",MET-DIFFERENTLY,already-done(met (vacuous: no RF data reaches the UI)),data/coverage_delta_F2b.csv SIG-PUB-014,MET-DIFFERENTLY -> MET; add 'suspected'-class lint terms before any Layer-G ingest,F2b,R11-K13-UXK14-5 SEED-14
U-0233,requirement,SIG-PUB-014b,"The tension in the fourth row MUST NOT be resolved by refusing to mirror. Upstream instability is real (SC-11), and refusing to mirror lose…",MET-DIFFERENTLY,already-done(met; T4 cites),data/coverage_delta_F2b.csv SIG-PUB-014b,MET-DIFFERENTLY -> MET (F2b sample),F2b,SEED-14
U-0234,requirement,SIG-PUB-015,"Redaction produces a new capture (SIG-EVID-011), records its method and version, and is reviewable. Redaction MUST be applied to excerpts s…",MISSING,ticket(R11-SAFE-04),R11-SAFE-04,MISSING -> PARTIAL; Wire redact() into an actual redaction step with a review record; source API/UI excerpts from the redacted de…,F2a,SEED-14
U-0235,requirement,SIG-PUB-016,"Redaction MUST be irreversible in the published artifact — no black-box overlays on extractable text, which is a recurring and embarrassing…",MISSING,ticket(R11-SAFE-04),R11-SAFE-04,MISSING -> MISSING; Irreversible redaction (text-layer removal / flattening) + a test that text extracted from the published arti…,F2a,SEED-14
U-0236,requirement,SIG-RECON-039,"Event-log transitions, where available, are the highest-quality evidence and MUST be preferred over inferred transitions (REQ-R2-09).",AT-RISK-INTEGRATION,ticket(R11-DATA-05),R11-DATA-05,AT-RISK-INTEGRATION -> PARTIAL; Make an event-log transition decide state over a conflicting inferred one; derive the flag from lifecycle_tra…,F2a,SEED-14
U-0237,requirement,SIG-RECON-040,"Fuzzy-dated events MUST be ordered using EDTF envelopes, and where two events' envelopes overlap such that their order is indeterminate, th…",AT-RISK-INTEGRATION,ticket(R11-DATA-05),R11-DATA-05,AT-RISK-INTEGRATION -> AT-RISK-INTEGRATION; Feed resolve_lifecycle output into the dossier timeline (export + API) with a Docker test over a seeded spine…,F2a,SEED-14
U-0238,requirement,SIG-RECON-051,"SIG MUST NOT infer: any natural person's identity, location, or movements; that a device is active because it exists; that configuration ma…",MET-DIFFERENTLY,ticket(SEED-14),SEED-14,unsampled boilerplate MET-DIFFERENTLY row: T4 re-verdicts row by row (F2b §4: 7 of 13 sampled were not met; do not bulk-carry HG-14),F2b,gate:Q-E2-17
U-0239,requirement,SIG-RECON-052,"Every inference MUST be visually and structurally distinguishable from observation in the UI, the API, and every export — including derived…",PARTIAL,ticket(R11-DATA-07),R11-DATA-07,PARTIAL -> PARTIAL; Shared layer:'L4'/inferred field on every export + API inference record and an epistemic CSS class; one cross…,F2a,SEED-14
U-0240,requirement,SIG-SEC-002,SIG's strongest protection for contributors is not holding data about them. Retention minimization is a security control and MUST be implem…,MET-DIFFERENTLY,ticket(SEED-14),SEED-14,unsampled boilerplate MET-DIFFERENTLY row: T4 re-verdicts row by row (F2b §4: 7 of 13 sampled were not met; do not bulk-carry HG-14),F2b,gate:Q-E2-17
U-0241,requirement,SIG-SEC-003,"SIG MUST publish a transparency report covering legal demands received, complied with, and refused, and SHOULD maintain a warrant canary. T…",MISSING,ticket(R11-GOV-03),R11-GOV-03,written demand-response posture + published legal-demand counts,F2b,gate:Q-E2-09
U-0242,requirement,SIG-SEC-005,"Access to `restricted`/`sealed` bytes MUST be logged with requester, purpose, and time — and that log MUST itself have a retention limit, s…",PARTIAL,ticket(R11-OPS-08),R11-OPS-08,"PARTIAL -> PARTIAL; One audited byte-access function that writes evidence_access_log (requester, purpose, time) + a scheduled pur…",F2a,SEED-14
U-0243,requirement,SIG-SEC-006,"Secrets in a manager, never in the repository; dependency and container scanning in CI; SBOM per release; signed releases; least-privilege …",PARTIAL,ticket(R11-OPS-08),R11-OPS-08,PARTIAL -> PARTIAL; Container/image scan in CI; SBOM attached to each release; sigstore/cosign signing; per-service least-privile…,F2a,SEED-14 R11-OPS-01
U-0244,requirement,SIG-STORE-004,"The following projections MUST be rebuildable from canonical state by a single documented command, and a CI job MUST rebuild each from scra…",PARTIAL,ticket(R11-DEBT-01),R11-DEBT-01,PARTIAL -> PARTIAL; Document one rebuild command per §15.4 projection; one CI job over a seeded spine rebuilds each from scratch …,F2a,SEED-14
U-0245,requirement,SIG-STORE-005,"No projection may be the sole home of any fact. Losing every projection simultaneously MUST cost only compute, never information.",PARTIAL,ticket(R11-DEBT-01),R11-DEBT-01,"PARTIAL -> PARTIAL; Docker test: build every projection, drop them, rebuild from canonical state, assert equality (merge with SIG…",F2a,SEED-14
U-0246,requirement,SIG-STORE-013,`sys_period`'s lower bound MUST be database-assigned and immutable; its upper bound MUST be set only when SIG corrects its own record. *(RE…,PARTIAL,already-done(claim_append_only.sql:56-64 + test_append_only.py sys_period tests),data/coverage_delta_F2a.csv SIG-STORE-013,PARTIAL -> MET; T4 records the verdict,F2a,SEED-14
U-0247,requirement,SIG-STORE-033,Authoritative external small-cell thresholds could not be verified from a primary US federal source during research (R6-F46). The k = 5 thr…,N/A-RATIONALE,wontfix(N/A-RATIONALE: rationale statement with no build obligation),docs/build/COVERAGE_MATRIX.csv SIG-STORE-033,verdict stands unchanged (F2b §2 vocabulary: 7 rows),F2b,
U-0248,requirement,SIG-STORE-037,"Vocabulary changes MUST ship with crosswalk rows using SKOS mapping relations (`exactMatch`, `closeMatch`, `broadMatch`, `narrowMatch`, `re…",PARTIAL,ticket(R11-DATA-03),R11-DATA-03,PARTIAL -> PARTIAL; Propagate crosswalk_lossy into API/export result metadata with a test; a gate test that a vocabulary version …,F2a,SEED-14
U-0249,requirement,SIG-STORE-044,Wikidata QIDs SHOULD be treated as a first-class crosswalk identifier rather than an optional one. Measurement justifies this: `manufacture…,PARTIAL,ticket(R11-DATA-03),R11-DATA-03,PARTIAL -> PARTIAL; Resolver step linking manufacturer_qid/operator_qid claims to the organization identifier; OSM test asserting…,F2a,SEED-14
U-0250,requirement,SIG-STORE-045,"This DDL is the specification; the shipped DDL is generated from the LinkML ontology (§20.1). Where the two differ, the generated artifact …",PARTIAL,ticket(R11-DEBT-02),R11-DEBT-02,PARTIAL -> PARTIAL; At minimum a Docker conformance test comparing generated logical tables/columns with the deployed schema; or …,F2a,SEED-14
U-0251,requirement,SIG-TIME-003,"T1 (valid time) MUST NOT be populated by inference at ingestion. A portal's ""25 cameras"" claim has `observed_at = 2026-08-01` and `valid_fr…",MET-DIFFERENTLY,ticket(SEED-14),SEED-14,unsampled boilerplate MET-DIFFERENTLY row: T4 re-verdicts row by row (F2b §4: 7 of 13 sampled were not met; do not bulk-carry HG-14),F2b,gate:Q-E2-17
U-0252,requirement,SIG-TRUST-009,"A new public release requires a complete release candidate, change/withholding summary, verified source and publication authority, evaluati…",MET,live-return-pass(R11-ACT-24),R11-ACT-24,MET -> MET-ENGINEERED; production half owed (D-R10-PUBLISH-1),F2b,
U-0253,requirement,SIG-TRUST-010,"After the final evaluation decision, materialize the selected or safely demoted rules against the frozen approved inputs and regenerate all…",MET,later-phase(T-EVAL-IND: >=2 independent labellers available + outside contact authorised (L3 §6.5)),LATER-01,MET -> MET-ENGINEERED; the final evaluation decision needs independent evidence (L3 supersedes F4 re-entry),L3,R11-ACT-15
U-0254,requirement,SIG-UI-001,The surfaces MUST be designed against named personas with real tasks:,PARTIAL,later-phase(participants available and outside contact authorised (D-R10-USERS-1)),LATER-02,PARTIAL stays; C-stream persona review is design evidence only,F2b,
U-0255,requirement,SIG-UI-010,"The dossier is the primary public artifact. Sections, in order: at-a-glance; what is deployed; cost and expiry; who else can see the data; …",AT-RISK-INTEGRATION,already-done(twelve-section order enforced at export + web build; production reads export bytes),data/coverage_delta_F2a.csv SIG-UI-010,AT-RISK-INTEGRATION -> MET; T4 records the verdict,F2a,SEED-14
U-0256,requirement,SIG-UI-038,"Maps MUST use an open-source renderer with self-hosted vector tiles (§19.5). Third-party tile CDNs MUST NOT be a hard dependency, and basem…",MET-DIFFERENTLY,already-done(spec now names the zero-JS static map a conforming default; tests cover it),data/coverage_delta_F2b.csv SIG-UI-038,deviated(ADR) -> MET; re-cite evidence,F2b,SEED-14
U-0257,requirement,SIG-UI-040,"Search SHOULD start with Postgres full-text search and add a dedicated engine only on demonstrated need, checking licensing at that time.",PARTIAL,already-done(ADR-108 + ADR-133; T4 records the MET-DIFFERENTLY reason),data/coverage_delta_F2a.csv SIG-UI-040,PARTIAL -> MET-DIFFERENTLY(ADR-108;ADR-133); T4 records the verdict,F2a,SEED-14 R11-ACT-19
U-0258,requirement,SIG-UI-047,An interactive client-side map renderer (MapLibre GL over the self-hosted static PMTiles + `/map/style.json` contract of SIG-UI-038/SIG-GEO…,MET-DIFFERENTLY,"already-done(MapLibre island built (P27, ADR-097); three conditions tested)",data/coverage_delta_F2b.csv SIG-UI-047,deviated(ADR) -> MET,F2b,SEED-14
U-0259,backlog,BL-001,Human-judgement gates satisfied by tested deterministic gate,accepted,ticket(SEED-14),SEED-14,"accepted row re-opened and split per risk (P0-05 accepted, P0-06 waiver, P5-06 later); each RISK carries its own disposition",F3,
U-0260,backlog,BL-002,"Foundational tech-stack/tooling ADRs — decision stands, monitor revisit trigger",accepted,ticket(SEED-15),SEED-15,kept as the accepted monitor home for ADR revisit triggers (ADR trigger register); fired rows evaluated in SEED-11,F3,SEED-11
U-0261,backlog,BL-003,claim table partitioning (deferred; FK contract kept),open,"later-phase(ADR-022 trigger: measured claim scan/maintenance over budget (Round-11 capacity plan, Q-23))",LATER-08,F3,F3,gate:Q-23
U-0262,backlog,BL-006,Persist identity registries and mint surrogate entity_id end-to-end into PG,open,already-done(P26.2 f7f8600a; P31.3 700bc1a2),data/backlog_triage.csv BL-006,closed by a later round (F3: closed-by-later-round); T4 closes the BL row,F3,SEED-14
U-0263,backlog,BL-008,Project bulk exports / licence compartments from a live ReadStore,open,already-done(P27.4 93f04c51; P30.3; P31.16),data/backlog_triage.csv BL-008,closed by a later round (F3: closed-by-later-round); T4 closes the BL row,F3,SEED-14
U-0264,backlog,BL-010,"Interactive MapLibre map vs zero-JS static PMTiles (spec amendment A1 — APPLIED HG-13 2026-09-08; zero-JS map conforming, SIG-UI-047 MET-DI…",accepted,already-done(ADR-097 P27.9; ADR-118 P31.15),data/backlog_triage.csv BL-010,closed by a later round (F3: superseded); T4 closes the BL row,F3,SEED-14
U-0265,backlog,BL-023,Live HTTP transports + OCFL CaptureStore for the connector family — transports/capture/runner + OKC doc connectors LANDED (P21.3 + LIVE.1 r…,open,already-done(P21.3 305f94d5; P25.1-P25.8),data/backlog_triage.csv BL-023,closed by a later round (F3: closed-by-later-round); T4 closes the BL row,F3,SEED-14
U-0266,backlog,BL-024,Live token mint + real FETCH (MuckRock/records/procurement/flock/slice),open,already-done(P25.7; P25.9; P26.4; P26.5),data/backlog_triage.csv BL-024,closed by a later round (F3: closed-by-later-round); T4 closes the BL row,F3,SEED-14
U-0267,backlog,BL-025,"Concrete extraction engines (parser layers 3-5, OCR) + model client — pdf_text/pdf_table/genre layers LANDED (P21.9 + P23.5 + P24.7); OCR +…",open,ticket(R11-SRC-06),R11-SRC-06,nightly parser canary now; OCR/model extraction only if a Stream-I source needs it (LATER-11),F3,LATER-11
U-0268,backlog,BL-026,Live-connector WACZ per PR + byte-identical reproducibility test (SIG-EVID-017),open,ticket(R11-TRANS-02),R11-TRANS-02,WACZ capture for HTML/JS sources,F3,
U-0269,backlog,BL-028,Records-request filing/response backend (template outcome log fed live),open,already-done(P25.9; P29.2),data/backlog_triage.csv BL-028,closed by a later round (F3: closed-by-later-round); T4 closes the BL row,F3,SEED-14
U-0270,backlog,BL-029,Zenodo live deposit + object store (rendered tiles + dry-run/push-stub DELIVERED P21.5 ADR-067; LIVE deposit+store gate-pending HG-07),open,ticket(R11-TRANS-01),R11-TRANS-01,deposit package + SWH; the Zenodo publish is operator-run,F3,OP-19 gate:D-J3-9
U-0271,backlog,BL-031,API rate-limit enforcement + GraphQL (deferred SHOULDs),open,ticket(R11-OPS-06),R11-OPS-06,enforced anonymous-tier limits + API exposure ADR (ADR-090 trigger),F3,
U-0272,backlog,BL-034,Legal home + counsel launch prerequisites,open,decision(Q-E2-08),Q-E2-08,personal legal home + no-counsel posture: ADR-record or amend SIG-GOV-012 (E1/E2 decide),F3,SEED-11 gate:Q-E2-10
U-0273,backlog,BL-035,Counsel disposition: ODbL 4.4(b) derivative / know-your-rights guidance,open,decision(Q-E2-10),Q-E2-10,counsel -> operator-attestation substitution needs the operator's own words (Q-26 answered by U-013),F3,SEED-11
U-0274,backlog,BL-036,"Operating governance: board, Code of Conduct, funding policy",open,decision(Q-E2-07),Q-E2-07,"governance decisions (board, CoC, funding) then spec-amendment or waiver (E2)",F3,R11-GOV-02
U-0275,backlog,BL-037,"Infra accounts + host: Zenodo concept DOI, object store, Docker CI runner (HG-07) + real GCP host/apply/deploy + OBS.1 live-side verificati…",open,already-done(P24.1; P25.8),data/backlog_triage.csv BL-037,closed by a later round (F3: closed-by-later-round); T4 closes the BL row,F3,SEED-14
U-0276,backlog,BL-038,OSM/MapRoulette accounts + Organised-Editing activity registration (client+gate landed P21.7/ADR-069; registration itself gate-pending HG-0…,open,merged-into(U-0277),U-0277,same contribution-back obligation as BL-039 (F3),F3,
U-0277,backlog,BL-039,MapRoulette client + OSM changeset feed + §7 leverage metric page LANDED (P21.7/ADR-069; dry-run+fixtures tested); live push/pull gate-pend…,open,later-phase(operator opts into contribution-back (U-011 revisited; HG-08)),LATER-03,no outside contact (U-011),F3,
U-0278,backlog,BL-040,Moderated usability study (>=5 ontology-naive contributors); protocol + opt-in aggregate-only instrumentation LANDED (P21.7/ADR-069); study…,open,later-phase(participants available and outside contact authorised),LATER-02,merged with D-R10-USERS-1 (F3),F3,
U-0279,backlog,BL-041,Contributor onboarding: jurisdiction-aware know-your-rights shown (out of scope P21.7 — separate follow-up),open,later-phase(the correction-intake receiver opens (Q-27 b) or contributor onboarding launches),LATER-07,KYR content needs a live contributor path,F3,gate:Q-27
U-0280,backlog,BL-042,Data Driven + coarse-international + France/Belgium live connectors,open,already-done(P24.6; P25.5; P26.x),data/backlog_triage.csv BL-042,closed by a later round (F3: closed-by-later-round); T4 closes the BL row,F3,SEED-14
U-0281,backlog,BL-044,"Data completeness as connectors land (crosswalks, vocab, gold sets, category maps)",open,ticket(R11-DATA-02),R11-DATA-02,crosswalk part to technology typing; taxonomy part R11-ACQ-03; gold-set items under T-EVAL-IND,F3,R11-ACQ-03 LATER-01
U-0282,backlog,BL-045,"Ruleset calibration once real data exists (volatility, directness matrix, Atlas supersession)",open,already-done(P25.9; P30.2a),data/backlog_triage.csv BL-045,closed by a later round (F3: closed-by-later-round); T4 closes the BL row,F3,SEED-14
U-0283,backlog,BL-046,Dereferenceable /id/<type>/<uuid> endpoint + ODbL physical_asset table (§42.3),open,already-done(P14.1 d6630899; P19.4 4682f9d2),data/backlog_triage.csv BL-046,closed by a later round (F3: closed-by-later-round); T4 closes the BL row,F3,SEED-14
U-0284,backlog,BL-047,Schema cleanup: legacy succession slots vs reified OrganizationRelationship,open,ticket(R11-DATA-03),R11-DATA-03,legacy succession slots vs reified relations (vocabulary conformance),F3,
U-0285,backlog,BL-048,"Determinism / whole-graph audit CI jobs (resolution rebuild, TI-6/7 audit)",open,ticket(R11-DEBT-01),R11-DEBT-01,scheduled read-only whole-graph audit,F3,
U-0286,backlog,BL-049,"Generate physical DDL from LinkML (ontology/db seam, SIG-STORE-045)",open,ticket(R11-DEBT-02),R11-DEBT-02,F2a chose a ticket for SIG-STORE-045 over the LD-D01 waiver,F3,gate:Q-E2-17
U-0287,backlog,BL-050,Recorded ADR-sanctioned spec deviations — no further action,accepted,ticket(R11-DEBT-02),R11-DEBT-02,accepted LD-D01 residue is closed by the generated-vs-deployed conformance test,F3,
U-0288,backlog,BL-051,Spec-vs-code drift after the P20.2 ticked amendments (unbuilt MAY/deferred surfaces),open,ticket(SEED-02),SEED-02,wire check_spec_src into make check/CI (guard core),F3,
U-0289,backlog,BL-053,Third-jurisdiction onboarding + recorded P24.6 couplings (operator selects the jurisdiction; ILIKE '%<j>%' filter is a convention not a str…,open,ticket(R11-K13-JUR-02a),R11-K13-JUR-02a,"structured, scheme-qualified jurisdiction key",F3,R11-K13-JUR-01
U-0290,backlog,BL-054,CCOPS expansion beyond the three paying sources — remaining ~23 jurisdictions via legislative-platform scrapers (Legistar/Granicus/IQM2/Civ…,open,ticket(R11-ACQ-14),R11-ACQ-14,CCOPS breadth (I8 owns CCOPS acquisition),F3,
U-0291,backlog,BL-055,Live-fetch operationalization: Overpass robots/endpoint policy decision + document-connector content-drift hardening; wire real data/live_t…,open,ticket(SEED-14),SEED-14,umbrella closed by T4; each owed deferral carries its own disposition,F3,
U-0292,backlog,BL-056,P27 public-launch readiness: turn the fixture-demo web into a data-driven national public surface over the real ~1.06M-claim spine — ADR-09…,open,already-done(P27.1-P27.10; P30.3; P31.14-P31.16),data/backlog_triage.csv BL-056,closed by a later round (F3: closed-by-later-round); T4 closes the BL row,F3,SEED-14
U-0293,backlog,BL-057,Round 6/7 depth & activation: activate the built-but-dormant depth machinery on the real ~1.06M-claim spine (Round 6) + turn on the human a…,open,ticket(SEED-14),SEED-14,umbrella closed by T4; D-R6.1-EVAL/D-P30.2b-1/-2/D-P31.4-1 carry their own dispositions,F3,
U-0294,backlog,BL-058,Round 10: six-stream integrity and useful investigation program; actual source/human/publication outcomes remain gated; ADR-121 (P32.2 S1: …,open,ticket(SEED-14),SEED-14,umbrella closed by T4; every Round-10 owed deferral carries its own disposition,F3,
U-0295,risk,RISK-P0-05,SIG-PUB-008 two-reviewer *concurrence itself* (the human judgement),accepted,decision(Q-E2-06),Q-E2-06,two-reviewer concurrence itself (F3: keep accepted; E1 NEW-12 latent naming path),F3,R11-SAFE-03
U-0296,risk,RISK-P0-06,SIG-INGEST-037 no-circumvention as a *legal posture*,accepted,adr-waiver(ADR restating ADR-088's INGEST-037 legal posture (robots/no-circumvention)),SEED-11,F3 split of BL-001; Q-E2-02/Q-E2-11 shape the text,F3,gate:Q-E2-02 gate:Q-E2-11
U-0297,risk,RISK-P0-10,"SIG-GOV-014/015/016 governance, Code of Conduct, editorial board, and funding policy",open,decision(Q-E2-07),Q-E2-07,"governance, CoC, editorial board, funding policy (E2)",F3,R11-GOV-02
U-0298,risk,RISK-P0-11,SIG-CONTRIB-007/008 know-your-rights guidance and the detained-contributor policy,open,merged-into(U-0346),U-0346,same CONTRIB-007/008 know-your-rights obligation as RISK-P16-08,F3,
U-0299,risk,RISK-P1-02,SIG-STORE-039 (published crosswalks to *every* external taxonomy SIG ingests),open,ticket(R11-DATA-02),R11-DATA-02,published crosswalks to ingested taxonomies (BL-044 crosswalk part),F3,
U-0300,risk,RISK-P1-03,SIG-EPIS-017 (the full genre × predicate directness matrix),open,already-done(P25.9; P30.2a),data/backlog_triage.csv RISK-P1-03,closed by a later round (F3),F3,
U-0301,risk,RISK-P1-04,SIG-RECON-009 (volatility half-lives recalibrated once change-rate data exists),open,ticket(R11-DATA-04),R11-DATA-04,multi-epoch volatility recalibration (SIG-RECON-009),F3,
U-0302,risk,RISK-P2-03,SIG-STORE-018 (a CI job regenerates a sample of resolution rows from their stored inputs and asserts they match),open,ticket(R11-DEBT-01),R11-DEBT-01,CI regenerates sampled resolution rows from stored inputs,F3,
U-0303,risk,RISK-P2-04,SIG-STORE-045 (shipped DDL generated from the LinkML ontology),open,ticket(R11-DEBT-02),R11-DEBT-02,shipped DDL vs LinkML (SIG-STORE-045); F2a chose a ticket,F3,
U-0304,risk,RISK-P2-09,SIG-EVID-007/008 (live WACZ capture of a JS-rendered portal with a real browser),open,ticket(R11-TRANS-02),R11-TRANS-02,live WACZ capture of JS-rendered portals,F3,
U-0305,risk,RISK-P2-10,SIG-EVID-017 (a CI test asserts re-running a pinned connector over pinned digests yields byte-identical claim tuples modulo `claim_id`/`sys…,open,already-done(P21.3; P31.6),data/backlog_triage.csv RISK-P2-10,closed by a later round (F3),F3,
U-0306,risk,RISK-P2-15,TI-6 (mutually-exclusive resolved intervals) and TI-7 (supersedes-chain acyclicity) as whole-graph guarantees,open,ticket(R11-DEBT-01),R11-DEBT-01,TI-6/TI-7 whole-graph guarantees in the audits,F3,
U-0307,risk,RISK-P3-02,SIG-IDENT-010 (the two classification axes) draws `operating_relationship` from a vocabulary,open,ticket(R11-DATA-03),R11-DATA-03,operating_relationship drawn from a closed vocabulary,F3,
U-0308,risk,RISK-P3-03,Persisting registries and minting surrogate `entity_id`s end-to-end into Postgres,open,already-done(P26.2; P31.3),data/backlog_triage.csv RISK-P3-03,closed by a later round (F3),F3,
U-0309,risk,RISK-P3-04,The legacy `Organization.succession` / `SuccessionKind` slots (P01.1) coexist with the reified `OrganizationRelation`,open,ticket(R11-DATA-03),R11-DATA-03,legacy succession slots vs reified OrganizationRelation (BL-047),F3,
U-0310,risk,RISK-P3-07,SIG-IDENT-002 UCR↔USPS table and the SIG-IDENT-033/034 crosswalk *content*,open,ticket(R11-CONF-13),R11-CONF-13,UCR/USPS and IDENT-033/034 crosswalk content via crosswalk intake,F3,
U-0311,risk,RISK-P3-08,SIG-IDENT-031 dereferenceable `/id/<type>/<uuid>` HTTP endpoint + rendered HTML/JSON-LD/RDF representations,open,already-done(P14.1; P19.4),data/backlog_triage.csv RISK-P3-08,closed by a later round (F3),F3,
U-0312,risk,RISK-P3-09,"The Tier-2 collision list and the acronym/normalise ruleset are seed data, not the full data-generated corpus",open,ticket(R11-CONF-13),R11-CONF-13,data-generated collision corpus for organisation identity,F3,
U-0313,risk,RISK-P4-04,"The real OCFL-backed `CaptureStore` adapter over `evidence.store.EvidenceStore` (SIG-INGEST-001, §17)",open,already-done(P21.3; P31.4),data/backlog_triage.csv RISK-P4-04,closed by a later round (F3),F3,
U-0314,risk,RISK-P4-05,Source-specific `discover/fetch/parse/extract/normalize` and a real HTTP `Transport` for `PoliteFetcher` (SIG-INGEST-006/007),open,already-done(P21.3; P25.1-P25.8),data/backlog_triage.csv RISK-P4-05,closed by a later round (F3),F3,
U-0315,risk,RISK-P4-06,"Live Overpass fetching: a real HTTP `Transport` for `PoliteFetcher`, the OCFL `CaptureStore` adapter (carried from RISK-P4-04/05), and shar…",open,already-done(P25.x; ADR-088),data/backlog_triage.csv RISK-P4-06,closed by a later round (F3),F3,
U-0316,risk,RISK-P4-07,A physically separate ODbL `physical_asset` table in the DB per §42.3. The Appendix-C `physical_asset` table carries the OSM columns inline…,open,spec-amendment(§42.3 (physical ODbL table -> export-boundary compartments)),SEED-12,F3: export-boundary compartments suffice (ADR-106 lineage); amend rather than build,F3,gate:Q-E2-14
U-0317,risk,RISK-P4-08,"Resolver-side supersession / temporal qualification of an Atlas row by later evidence (§23.3, OL-2D-AT-06). The connector does not itself d…",open,later-phase(a later claim contradicts an Atlas row),RISK-P4-08 trigger (F3),resolver-side supersession only when evidence appears,F3,R11-CONF-05
U-0318,risk,RISK-P4-09,"An exhaustive Atlas category → family map. Only the five crosswalk-seeded families (ALPR, face recognition, gunshot detection, UAS, camera-…",open,ticket(R11-DATA-02),R11-DATA-02,exhaustive Atlas category -> technology family map,F3,
U-0319,risk,RISK-P4-10,Live Atlas fetching: a real HTTP `Transport` for `PoliteFetcher` and the OCFL `CaptureStore` adapter (carried from RISK-P4-04/05/06).,open,already-done(P25.x),data/backlog_triage.csv RISK-P4-10,closed by a later round (F3),F3,
U-0320,risk,RISK-P5-05,"The gold set's model m/u values are seeded by judgement, not EM-estimated, and the committed gold set is a small illustrative one, not the …",open,later-phase(T-EVAL-IND: >=2 independent labellers available + outside contact authorised (L3 §6.5)),LATER-01,EM-estimated m/u and a national gold set need independent labels,L3,
U-0321,risk,RISK-P5-06,The adjudicators' human judgement itself (the correctness of a `match` / `non_match` / `not_enough_information` label) and inter-adjudicato…,accepted,later-phase(T-EVAL-IND: >=2 independent labellers available + outside contact authorised (L3 §6.5)),LATER-01,adjudicator judgement and agreement need independent humans,L3,
U-0322,risk,RISK-P5-10,The actual model client for model-assisted extraction (`SIG-LLM-001`). No vendor SDK or network call is wired; `run_extraction` drives an i…,open,later-phase(a Stream-I source needs model-assisted extraction (SIG-LLM-001)),LATER-11,F3,F3,
U-0323,risk,RISK-P5-11,"The gold-set accuracy cadence for SIG-LLM-006 uses seeded per-type thresholds and an on-demand `measure_accuracy`, not a scheduled measurem…",open,later-phase(T-EVAL-IND: >=2 independent labellers available + outside contact authorised (L3 §6.5)),LATER-01,scheduled gold-set accuracy measurement needs independent labels,L3,
U-0324,risk,RISK-P6-06,"Live acquisition of the slice's evidence. The records/procurement/parsing connectors (P07) and the portal layer (P11) do not exist yet, so …",open,merged-into(U-0061),U-0061,live acquisition of the slice evidence is the dossier live pass (F3),F3,
U-0325,risk,RISK-P7-05,"The concrete extraction engines for layers 3–5 (PDF text/table, OCR). Only the layer *selection* and interface are built; classification ro…",open,"later-phase(a Stream-I document source needs layer-3/4/5 extraction (PDF text/table, OCR))",LATER-11,F3: ticket only if needed,F3,
U-0326,risk,RISK-P7-06,The nightly canary schedule (SIG-PARSE-008 MUST). The deterministic drift core exists; the scheduled fetch-a-live-sample-and-alert job does…,open,ticket(R11-SRC-06),R11-SRC-06,scheduled nightly parser canary (SIG-PARSE-008),F3,
U-0327,risk,RISK-P7-10,The live MuckRock token mint (POST username/password to `accounts.muckrock.com/api/token/`) and the real HTTP transport the connector fetch…,open,already-done(P25.7; P25.9),data/backlog_triage.csv RISK-P7-10,closed by a later round (F3),F3,
U-0328,risk,RISK-P7-11,"Running the layer-3/4/5 extraction engine over a captured released document (PDF text/table, OCR). P07.2 captures each released document as…",open,merged-into(U-0325),U-0325,same extraction-engine gap (F3),F3,
U-0329,risk,RISK-P7-15,The live HTTP transport for USAspending / cooperative-vehicle / agenda-platform APIs the connector fetches through. Only the endpoint/field…,open,already-done(P25.x; P26.x),data/backlog_triage.csv RISK-P7-15,closed by a later round (F3),F3,
U-0330,risk,RISK-P7-16,"The tenant registry is a small, partly-unverified seed, and the tenant-discovery negatives are produced but not yet consumed by a coverage …",open,already-done(P26.5),data/backlog_triage.csv RISK-P7-16,closed by a later round (F3),F3,
U-0331,risk,RISK-P7-17,"Running the layer-3/4/5 extraction engine over a captured procurement document (a signed PDF contract, an award-packet ZIP). The connector …",open,merged-into(U-0325),U-0325,same extraction-engine gap (F3),F3,
U-0332,risk,RISK-P10-17,"The per-jurisdiction operational-detail fields (`response_deadline`, `fee_rules`, `appeal_path`) are honest seed summaries, not counsel-rev…",open,decision(Q-E2-10),Q-E2-10,"per-jurisdiction legal detail is seed text, not counsel-reviewed; label or keep owed",F3,
U-0333,risk,RISK-P10-18,"Template success rates are measured through an in-memory `TemplateOutcomeLog` fed by the caller, not by a live filing/response backend (SIG…",open,already-done(P25.9),data/backlog_triage.csv RISK-P10-18,closed by a later round (F3),F3,
U-0334,risk,RISK-P11-05,The connector is not DB-wired and runs no live `/api/v1/data` fetch in CI; cross-capture snapshot diffing (§29.7) and portal appearance/dis…,open,already-done(P25.x),data/backlog_triage.csv RISK-P11-05,closed by a later round (F3),F3,
U-0335,risk,RISK-P11-07,"`upstream_refresh_days` is a conservative data default (1 day), not the confirmed upstream cadence (SIG-INGEST-030a)",open,ticket(R11-K13-UX9-2),R11-K13-UX9-2,observed upstream cadence replaces the 1-day default (freshness semantics v2),F3,
U-0336,risk,RISK-P11-15,The connector is not DB-wired and runs no live public-records fetch in CI; cross-export de-duplication across many captures is bounded to w…,open,ticket(R11-CONF-03a),R11-CONF-03a,cross-capture de-duplication: re-captured facts stop re-minting,F3,
U-0337,risk,RISK-P13-07,The connector is not DB-wired and runs no live Accountability Atlas / CourtListener fetch in CI,open,merged-into(U-0083),U-0083,Atlas/CourtListener live fetch is the D-SOURCES.2-2 rights outcome (F3),F3,
U-0338,risk,RISK-P14-08,"Bulk exports, export-licence computation, the ODbL split, crosswalk export, and Zenodo deposit are out of scope",open,already-done(P27.4; P30.3),data/backlog_triage.csv RISK-P14-08,closed by a later round (F3),F3,
U-0339,risk,RISK-P14-09,"Rate limiting is expressed as tier metadata, not enforced in-process",open,ticket(R11-OPS-06),R11-OPS-06,rate limits enforced in-process or at the edge,F3,
U-0340,risk,RISK-P14-10,"GraphQL (SIG-API-010, a SHOULD) is not offered",open,later-phase(consumer demand for GraphQL (SIG-API-010 SHOULD)),RISK-P14-10 trigger (F3),F3,F3,
U-0341,risk,RISK-P14-16,"The Zenodo deposit runs against a deterministic `FakeZenodoTransport`, not the live Zenodo HTTP API",open,ticket(R11-TRANS-01),R11-TRANS-01,live Zenodo deposit path,F3,OP-19
U-0342,risk,RISK-P14-17,The PMTiles tileset is metadata-only (no rendered vector tiles),open,already-done(P31.15; P31.16),data/backlog_triage.csv RISK-P14-17,closed by a later round (F3),F3,
U-0343,risk,RISK-P14-18,"Export inputs (`ExportTable`s) are supplied by the caller/CLI, not yet projected from a live `ReadStore`",open,already-done(P27.4),data/backlog_triage.csv RISK-P14-18,closed by a later round (F3),F3,
U-0344,risk,RISK-P15-21,"No interactive MapLibre map ships; the served `/map/style.json` is not yet loaded by a running renderer, and the real `sig-infrastructure.p…",accepted,already-done(P27.9; P31.15),data/backlog_triage.csv RISK-P15-21,closed by a later round (F3),F3,
U-0345,risk,RISK-P16-06,SIG-CONTRIB-003 the moderated usability study is run with real ontology-naïve humans,open,later-phase(participants available and outside contact authorised),LATER-02,moderated usability study,F3,
U-0346,risk,RISK-P16-08,SIG-CONTRIB-007/008 jurisdiction-aware know-your-rights + detained-contributor guidance shown during onboarding,open,later-phase(the correction-intake receiver opens (Q-27 b) or contributor onboarding launches),LATER-07,KYR + detained-contributor guidance,F3,
U-0347,risk,RISK-P16-13,SIG-CONTRIB-016/016d the ADR and the Organised Editing activity page are actually filed with OSMF (the automated-edits scope conclusion and…,open,later-phase(operator authorises outside contact (U-011 revisited)),LATER-04,filing with OSMF is outside contact (S1a cites it in LATER-04),F3,
U-0348,risk,RISK-P16-14,The contribution system is modelled in memory; there is no live MapRoulette client and no live OSM changeset feed populating `LeverageLedge…,open,merged-into(U-0022),U-0022,live MapRoulette/OE-page leg is D-P21.7-1 (F3),F3,
U-0349,risk,RISK-P16-15,The §7 leverage metric's published surface (§39.8 public metrics page) reads the live count,open,merged-into(U-0022),U-0022,leverage metric reads the live MapRoulette count (F3),F3,
U-0350,risk,RISK-P16-16,SIG-LIC-009 counsel review: whether device-linked API responses / OSM-sourced geometry constitute ODbL derivative-database distribution,open,decision(Q-E2-14),Q-E2-14,ODbL derivative-database counsel review never happened; operator stance on ADR-106,F3,
U-0351,risk,RISK-P18-04,"The per-source ingestion checklist items — boundary sources, Wikidata coverage, the law-enforcement organisation registry, procurement port…",open,ticket(R11-SRC-04),R11-SRC-04,"per-source checklist items (boundaries, Wikidata, LE registry, procurement portals)",F3,
U-0352,risk,RISK-P18-05,"The coarse-international layer is the claim shape + anti-disaggregation guard, not a live connector; the three datasets (Carnegie AI GSI, F…",open,already-done(P26.x),data/backlog_triage.csv RISK-P18-05,closed by a later round (F3),F3,
U-0353,risk,RISK-P18-06,"The France/Belgium connectors themselves (Technopolice, prefectoral-order → LegalInstrument, national procurement → Contract, the ~12,000-c…",open,already-done(P24.6),data/backlog_triage.csv RISK-P18-06,closed by a later round (F3),F3,
U-0354,risk,RISK-P18-13,Live fetch of the France/Belgium sources and arrêté-PDF text extraction / segmentation are not performed here.,open,already-done(P25.5),data/backlog_triage.csv RISK-P18-13,closed by a later round (F3),F3,
U-0355,risk,RISK-P18-14,Any SIG-originated OSM contribution executed at scale is not performed here.,open,later-phase(HG-08 live + import-study approval (contribution-back)),LATER-03,F3,F3,
U-0356,risk,RISK-P20-02,Unbuilt work legitimised by the ticked amendments could drift from the spec. The amendments accept deferrals whose *build* is still outstan…,open,ticket(SEED-02),SEED-02,check_spec_src wired into CI stops amendment-legitimised drift (BL-051),F3,
U-0357,ledger_finding,APPENDIX-F-01,"ADR-072's Appendix F row was deferred by P22.2 (adding it needs a `spec_src` edit + `BUILD.sh` rebuild, out of a docs ticket's scope). CAPS…",open,spec-amendment(Appendix F row for ADR-072),SEED-12,deferred by P22.2; needs a spec_src edit + BUILD.sh (B4),B4,
U-0358,return_pass,RETURN-PASS:P21.1,P21.1 — ~~HG-03 (per-source flips)~~ DONE 2026-09-10; HG-04 (Stage-0 outreach outcomes) still owed,terminal,already-done(every linked deferral DONE/WONTFIX),universe/UNIVERSE.csv U-0358 effective_status=terminal,terminal; SEED-16 writes the superseding RETURN PASS note,B3,SEED-16
U-0359,return_pass,RETURN-PASS:P21.3,P21.3 — ~~HG-03 (green source to fetch live)~~ CLEARED 2026-09-10; HG-09 (API tokens) + network egress still owed,owed,merged-into(U-0017),U-0017,owed only through D-P21.3-2,B3,
U-0360,return_pass,RETURN-PASS:P21.4,"P21.4 — HG-01 (legal home), HG-11 (governance roles + concurrence + takedown contact), Go-public (DNS cut-over)",terminal,merged-into(U-0019),U-0019,linked rows recorded DONE but contested (E1/E2); disposed with D-P21.4-2,B3,
U-0361,return_pass,RETURN-PASS:P21.5,P21.5 — HG-07 (Zenodo/object-store/SWH credentials),owed,merged-into(U-0021),U-0021,owed only through D-P21.5-1,B3,
U-0362,return_pass,RETURN-PASS:P21.7,"P21.7 — HG-08 (MapRoulette key + OSM OE page), HG-10 (≥5 study participants)",owed,merged-into(U-0022),U-0022,owed through D-P21.7-1 (D-P21.7-2 WONTFIX),B3,
U-0363,return_pass,RETURN-PASS:P21.8,P21.8 — ~~HG-03/HG-04 per source + HG-09 + network~~ landed via P25.x; D-P21.8-1 DONE 2026-09-16,terminal,already-done(every linked deferral DONE/WONTFIX),universe/UNIVERSE.csv U-0363 effective_status=terminal,terminal; SEED-16 writes the superseding RETURN PASS note,B3,SEED-16
U-0364,return_pass,RETURN-PASS:P21.9,P21.9 — ~~HG-03/HG-04 per source + HG-09 + network~~ landed via P25.x; D-P21.9-1 DONE 2026-09-16,terminal,already-done(every linked deferral DONE/WONTFIX),universe/UNIVERSE.csv U-0364 effective_status=terminal,terminal; SEED-16 writes the superseding RETURN PASS note,B3,SEED-16
U-0365,return_pass,RETURN-PASS:P23.1,P23.1 (REL.1 / HG-05) — HG-05 (integrate & release),unlinked,operator-action(integration: the #141-#190 merge sitting),OP-08,HG-05 has no deferral row; operator-owned integration (§7.1),B3,gate:B3-HG05
U-0366,return_pass,RETURN-PASS:P23.6,P23.6 (Go-public / GL-GATE-05) — Go-public (after real HG-01 + HG-11),terminal,already-done(every linked deferral DONE/WONTFIX),universe/UNIVERSE.csv U-0366 effective_status=terminal,terminal; SEED-16 writes the superseding RETURN PASS note,B3,SEED-16
U-0367,return_pass,RETURN-PASS:P24.1,"P24.1 (DEPLOY.1 / GL-DEPLOY-01) — HG-12 (real GCP `apply`/deploy + cloud restore; `D-DEPLOY.1-1`, xref `D-ACCT.1-1`)",terminal,already-done(every linked deferral DONE/WONTFIX),universe/UNIVERSE.csv U-0367 effective_status=terminal,terminal; SEED-16 writes the superseding RETURN PASS note,B3,SEED-16
U-0368,return_pass,RETURN-PASS:P24.3,P24.3(OBS.1 — live-side verification once HG-12 endpoints + optional SIG_ALERT_WEBHOOK_URL exist; D-OBS.1-1),terminal,already-done(every linked deferral DONE/WONTFIX),universe/UNIVERSE.csv U-0368 effective_status=terminal,terminal; SEED-16 writes the superseding RETURN PASS note,B3,SEED-16
U-0369,return_pass,RETURN-PASS:P24.4,P24.4 (CI.1 / GL-CI-01) — ~~First on-runner execution of the new workflows~~ DONE 2026-09-14 (`D-CI.1-1` closed),terminal,already-done(every linked deferral DONE/WONTFIX),universe/UNIVERSE.csv U-0369 effective_status=terminal,terminal; SEED-16 writes the superseding RETURN PASS note,B3,SEED-16
U-0370,return_pass,RETURN-PASS:P24.6,"P24.6(JURIS.2 — flips + LIVE fetches landed via P25.5/P25.7 [decp 7,234 spine claims, madada 26, raa 8 recorded refusals]; D-JURIS.2-1 stay…",owed,merged-into(U-0007),U-0007,owed only through D-JURIS.2-1,B3,
U-0371,return_pass,RETURN-PASS:P24.7,"P24.7(CCOPS.1 — flips + LIVE fetches + NCSL seed landed via P25.5/P25.7; D-CCOPS.1-1 DONE 2026-09-16 [nyc 79 + seattle 2 spine claims, sf 2…",terminal,already-done(every linked deferral DONE/WONTFIX),universe/UNIVERSE.csv U-0371 effective_status=terminal,terminal; SEED-16 writes the superseding RETURN PASS note,B3,SEED-16
U-0372,return_pass,RETURN-PASS:P27.8,"P27.8 (LAUNCH.8 / HG-01, HG-11, HG-02) — ~~Go-public (the hosted national cut-over)~~ DONE 2026-09-24 via P30.3 (D-P27.8-1 closed, PR #135)…",terminal,already-done(every linked deferral DONE/WONTFIX),universe/UNIVERSE.csv U-0372 effective_status=terminal,terminal; SEED-16 writes the superseding RETURN PASS note,B3,SEED-16
U-0373,return_pass,RETURN-PASS:P27.10,"P27.10 (LAUNCH.10 / HG-11, Go-public) — ~~Go-public (the custom-domain DNS cut-over)~~ DONE (D-P27.10-1 closed 2026-09-23; national data li…",terminal,already-done(every linked deferral DONE/WONTFIX),universe/UNIVERSE.csv U-0373 effective_status=terminal,terminal; SEED-16 writes the superseding RETURN PASS note,B3,SEED-16
U-0374,return_pass,RETURN-PASS:P31.1,P31.1 (HARDEN.1 / D-P30.4-1) — hosted fast-reconnect re-proof (the Round-9 Q2 approval covered ONE terminate drill; it ran on the first ima…,terminal,merged-into(U-0050),U-0050,register says terminal but D-P31.1-1's live leg is owed (F1 NEW-2),B3,
U-0375,return_pass,RETURN-PASS:P31.4,P31.4 (HARDEN.4 / D-P31.4-1) — none (Q4 answered; its condition was met) — a date-bound check of the 2026-10-10 `sig-sched-camreg-batch-05`…,owed,merged-into(U-0054),U-0054,owed only through D-P31.4-1,B3,
U-0376,return_pass,RETURN-PASS:P31.16,P31.16 (SURFACE.3 — publish half) — HG-11 (Q10 RATIFIED — pauses for operator sign-off; the first org-to-org edges + accountability links g…,terminal,already-done(every linked deferral DONE/WONTFIX),universe/UNIVERSE.csv U-0376 effective_status=terminal,terminal; SEED-16 writes the superseding RETURN PASS note,B3,SEED-16
U-0377,adr_trigger,ADR-001,PostgreSQL 18 + PostGIS as the canonical store; everything else a projection,monitor,later-phase(ADR-001's own revisit trigger (quiet today)),ADR-001 revisit trigger,trigger quiet (F3: No PostGIS/PG deprecation; warm reads within budget (ADR-107 table); …),F3,SEED-15
U-0378,adr_trigger,ADR-002,Append-only claim table; entity tables hold identity only,monitor,later-phase(ADR-002's own revisit trigger (quiet today)),ADR-002 revisit trigger,trigger quiet (F3: No value stored without a claim observed),F3,SEED-15
U-0379,adr_trigger,ADR-003,Two interval time dimensions plus one ordering scalar,monitor,later-phase(ADR-003's own revisit trigger (quiet today)),ADR-003 revisit trigger,trigger quiet (F3: No third time dimension proposed),F3,SEED-15
U-0380,adr_trigger,ADR-004,EDTF for uncertain dates,monitor,later-phase(ADR-004's own revisit trigger (quiet today)),ADR-004 revisit trigger,trigger quiet (F3: EDTF tooling in-repo (ADR-024)),F3,SEED-15
U-0381,adr_trigger,ADR-005,"Resolution as a stored decision record, not a view",monitor,later-phase(ADR-005's own revisit trigger (quiet today)),ADR-005 revisit trigger,"trigger quiet (F3: Resolution stored and materialized at scale (P28.1, P30.2b))",F3,SEED-15
U-0382,adr_trigger,ADR-006,OCFL 1.1 evidence store on object storage with governance-mode Object Lock,monitor,ticket(R11-OPS-04),R11-OPS-04,dedicated evidence bucket with retention (F3),F3,
U-0383,adr_trigger,ADR-007,LinkML as the single ontology source of truth,monitor,later-phase(ADR-007's own revisit trigger (quiet today)),ADR-007 revisit trigger,trigger quiet (F3: LinkML still the source; DDL generation gap is BL-049),F3,SEED-15
U-0384,adr_trigger,ADR-008,SKOS for published controlled vocabularies,monitor,later-phase(ADR-008's own revisit trigger (quiet today)),ADR-008 revisit trigger,trigger quiet (F3: -),F3,SEED-15
U-0385,adr_trigger,ADR-009,"SPDX expressions for per-source licensing, with a build-time compatibility gate",monitor,later-phase(ADR-009's own revisit trigger (quiet today)),ADR-009 revisit trigger,trigger quiet (F3: LicenseRef extensions (ADR-084/086) expressible in SPDX),F3,SEED-15
U-0386,adr_trigger,ADR-010,DuckDB/Parquet analytics boundary; no raw audit rows anywhere,monitor,later-phase(ADR-010's own revisit trigger (quiet today)),ADR-010 revisit trigger,trigger quiet (F3: -),F3,SEED-15
U-0387,adr_trigger,ADR-011,The ODbL posture: OSM-derived assets in a separate compartment (Strategy B),monitor,ticket(SEED-11),SEED-11,counsel-conditioned clause re-stated (F3 NEW-8) (F3 §5),F3,
U-0388,adr_trigger,ADR-012,"Sensitivity tiers enforced by RLS, applied at the view layer",monitor,ticket(R11-ACT-08),R11-ACT-08,fired security trigger: API grants cut + least privilege; evaluation recorded,F3,R11-OPS-01 SEED-11
U-0389,adr_trigger,ADR-013,uv as the workspace and lockfile tool,monitor,later-phase(ADR-013's own revisit trigger (quiet today)),ADR-013 revisit trigger,trigger quiet (F3: -),F3,SEED-15
U-0390,adr_trigger,ADR-014,Astro for the public web surface,monitor,later-phase(ADR-014's own revisit trigger (quiet today)),ADR-014 revisit trigger,trigger quiet (F3: Astro holds no-JS/a11y (C stream re-checks)),F3,SEED-15
U-0391,adr_trigger,ADR-015,AWS S3 for the evidence store and CloudFront for bulk-export delivery,monitor,ticket(R11-K13-TX-11),R11-K13-TX-11,superseded in practice by ADR-081 (recorded in SEED-11); CDN/mirror decided before linking downloads,F3,SEED-11 gate:D-J3-4
U-0392,adr_trigger,ADR-016,"Dagster OSS for orchestration, kept reversible",monitor,ticket(R11-OPS-03),R11-OPS-03,fired: new ADR superseding ADR-016 with ADR-076 (scheduler of record),F3,SEED-11
U-0393,adr_trigger,ADR-017,FastAPI for the read API,monitor,later-phase(ADR-017's own revisit trigger (quiet today)),ADR-017 revisit trigger,trigger quiet (F3: -),F3,SEED-15
U-0394,adr_trigger,ADR-018,MapLibre GL for the web map,monitor,later-phase(ADR-018's own revisit trigger (quiet today)),ADR-018 revisit trigger,trigger quiet (F3: MapLibre adopted by P27.9 MapIsland),F3,SEED-15
U-0395,adr_trigger,ADR-019,pytest + Hypothesis for testing,monitor,later-phase(ADR-019's own revisit trigger (quiet today)),ADR-019 revisit trigger,trigger quiet (F3: -),F3,SEED-15
U-0396,adr_trigger,ADR-020,GitHub Actions for CI,monitor,later-phase(ADR-020's own revisit trigger (quiet today)),ADR-020 revisit trigger,trigger quiet (F3: Repo PUBLIC (gh repo view 17:05Z) so Actions minutes are free; CI con…),F3,SEED-15
U-0397,adr_trigger,ADR-021,"Source registry as seeded data, with a runtime ingestion gate in `connectors`",monitor,ticket(R11-GOV-05),R11-GOV-05,fired: registry partition/validation,F3,
U-0398,adr_trigger,ADR-022,Defer physical partitioning of `claim` to preserve the `claim_id` FK contract,monitor,later-phase(ADR-022's own revisit trigger (quiet today)),LATER-08,trigger quiet (F3: No measured claim scan/maintenance breach; disk 6.42/15 GB),F3,SEED-15
U-0399,adr_trigger,ADR-023,"An `evidence/` package, and content-addressed blob dedup for the capture row",monitor,later-phase(ADR-023's own revisit trigger (quiet today)),ADR-023 revisit trigger,trigger quiet (F3: -),F3,SEED-15
U-0400,adr_trigger,ADR-024,"A pinned, deterministic, in-repo EDTF envelope derivation",monitor,later-phase(ADR-024's own revisit trigger (quiet today)),ADR-024 revisit trigger,trigger quiet (F3: -),F3,SEED-15
U-0401,adr_trigger,ADR-025,Temporal invariants as pipeline data-quality checks; as-of as SQL functions,monitor,later-phase(ADR-025's own revisit trigger (quiet today)),ADR-025 revisit trigger,trigger quiet (F3: ADR-123 extends the as-of contract; no pushdown failure recorded),F3,SEED-15
U-0402,adr_trigger,ADR-026,"The eight-stage connector framework — fetch-only egress, socket-level network-isolated replay",monitor,already-done(ADR-111),data/backlog_triage.csv ADR-026,fired trigger already answered by a later ADR/round (F3),F3,
U-0403,adr_trigger,ADR-027,"The `osm` connector — versioned tag vocabulary, `(type,id,version)` keying, and ODbL landing",monitor,ticket(SEED-11),SEED-11,fired trigger: evaluation recorded (F3 §5),F3,
U-0404,adr_trigger,ADR-028,"The `atlas` connector — family-level `deployment_exists`, agency-id keying, and category-retirement-as-not-a-world-change",monitor,ticket(SEED-11),SEED-11,fired trigger: evaluation recorded (F3 §5),F3,
U-0405,adr_trigger,ADR-029,"Splink 4 on DuckDB for the probabilistic ER tiers 4–5, as a fully-specified deterministic model",monitor,already-done(ADR-099; ADR-105),data/backlog_triage.csv ADR-029,fired trigger already answered by a later ADR/round (F3),F3,
U-0406,adr_trigger,ADR-030,"The review queue and the LLM-extraction scaffolding as library + CLI, in `resolution` and `parsing`",monitor,already-done(ADR-068),data/backlog_triage.csv ADR-030,fired trigger already answered by a later ADR/round (F3),F3,
U-0407,adr_trigger,ADR-031,"A minimal count-reconciliation seed, and the three missing count predicates, for the P06.1 vertical slice",monitor,already-done(P08 ADRs),data/backlog_triage.csv ADR-031,fired trigger already answered by a later ADR/round (F3),F3,
U-0408,adr_trigger,ADR-032,"A minimal slice dossier renderer, with a print-CSS PDF path, ahead of the production surface",monitor,already-done(ADR-050),data/backlog_triage.csv ADR-032,fired trigger already answered by a later ADR/round (F3),F3,
U-0409,adr_trigger,ADR-033,"The layered document-parsing stack as the parser interface every connector extracts through, in `parsing`",monitor,already-done(ADR-071; ADR-074),data/backlog_triage.csv ADR-033,fired and acted; canary owned by R11-SRC-06,F3,R11-SRC-06
U-0410,adr_trigger,ADR-034,"The `records` connector — targeted-lookup posture, MuckRock api_v2 + short-lived JWT, and the `no_responsive_records` → coverage bridge",monitor,ticket(R11-GOV-04),R11-GOV-04,fired: crawler policy (E1 NEW-6/15); evaluation recorded,F3,SEED-11
U-0411,adr_trigger,ADR-035,"The `procurement` connector — cooperative-piggyback contracts, USAspending sub-award tracing, the `FundingInstrument` runtime shape, and th…",monitor,ticket(SEED-11),SEED-11,fired trigger: evaluation recorded (F3 §5),F3,
U-0412,adr_trigger,ADR-036,The §29 reconciliation workflows as value-object modules layered on the resolver,monitor,ticket(SEED-11),SEED-11,fired trigger: evaluation recorded (F3 §5),F3,
U-0413,adr_trigger,ADR-037,"The materialized Contradiction entity, its lifecycle, and the byte-identical L3 rebuild",monitor,ticket(SEED-11),SEED-11,fired trigger: evaluation recorded (F3 §5),F3,
U-0414,adr_trigger,ADR-038,"The coverage-metrics layer, its home in `inference`, and the executable capture–recapture prohibition",monitor,ticket(SEED-11),SEED-11,fired trigger: evaluation recorded (F3 §5),F3,
U-0415,adr_trigger,ADR-039,"The research-task engine — detector-as-data, callable closing conditions, and the disposition→data bridge",monitor,ticket(SEED-11),SEED-11,fired trigger: evaluation recorded (F3 §5),F3,
U-0416,adr_trigger,ADR-040,The §33.2 detector catalog and the §31 contradiction→task map,monitor,ticket(SEED-11),SEED-11,fired trigger: evaluation recorded (F3 §5),F3,
U-0417,adr_trigger,ADR-041,"The records-request generator — the 51-jurisdiction records-law table, residency routing, versioned templates, and consent",monitor,ticket(SEED-11),SEED-11,fired trigger: evaluation recorded (F3 §5),F3,
U-0418,adr_trigger,ADR-042,"The `flock_portal` connector — the CC BY-SA compartment, snapshot-keyed change detection, and the P08.2 reconciler seam",monitor,ticket(SEED-11),SEED-11,fired trigger: evaluation recorded (F3 §5),F3,
U-0419,adr_trigger,ADR-043,"The `audit_structural` connector — aggregates-only, the §18.1 per-plate bright line, and the independent count / sharing reconciler seams",monitor,later-phase(ADR-043's own revisit trigger (quiet today)),ADR-043 revisit trigger,trigger quiet (F3: audit_structural not scheduled),F3,SEED-15
U-0420,adr_trigger,ADR-044,"The usage-analytics boundary — DuckDB/Parquet substrate in `db`, the UUID+period join, partition-as-evidence, and rationale-driven small-ce…",monitor,later-phase(ADR-044's own revisit trigger (quiet today)),ADR-044 revisit trigger,trigger quiet (F3: -),F3,SEED-15
U-0421,adr_trigger,ADR-045,"Access-path closure — the composition/scope/temporal bound, the speculative label, and the required-`automaticity` tightening",monitor,later-phase(ADR-045's own revisit trigger (quiet today)),ADR-045 revisit trigger,trigger quiet (F3: unverified whether P28.2/P31.6 edges gave L4 closure a persistence ow…),F3,SEED-15
U-0422,adr_trigger,ADR-046,"Policy/LegalInstrument surfaces, the never-merged invariant, and the SIG-EPIS-030 general form",monitor,ticket(SEED-11),SEED-11,fired trigger: evaluation recorded (F3 §5),F3,
U-0423,adr_trigger,ADR-047,"The public read API — a hand-written, versioned contract, the resolution envelope on every fact, and the prohibited-endpoint bar",monitor,already-done(ADR-059),data/backlog_triage.csv ADR-047,fired trigger already answered by a later ADR/round (F3),F3,
U-0424,adr_trigger,ADR-048,"Bulk exports — computed-licence compartments, reproducible releases, Zenodo concept/version DOIs, and egress-friendly distribution",monitor,ticket(R11-TRANS-01),R11-TRANS-01,fired: archival deposits,F3,
U-0425,adr_trigger,ADR-049,"The epistemic visual language and the no-JS, archivable web shell",monitor,already-done(ADR-091; ADR-097),data/backlog_triage.csv ADR-049,fired trigger already answered by a later ADR/round (F3),F3,
U-0426,adr_trigger,ADR-050,"The production local-dossier surface — a print-to-PDF path, and the superseded slice renderer",monitor,already-done(ADR-090; ADR-093),data/backlog_triage.csv ADR-050,fired trigger already answered by a later ADR/round (F3),F3,
U-0427,adr_trigger,ADR-051,The infrastructure map + network explorer — honest-rendering rules and the static-PMTiles serving contract,monitor,already-done(ADR-097; ADR-118),data/backlog_triage.csv ADR-051,fired trigger already answered by a later ADR/round (F3),F3,
U-0428,adr_trigger,ADR-052,"The renewal watch, evidence recommender, and evidence viewer — the neutrality guarantee and static per-jurisdiction subscriptions",monitor,ticket(R11-K13-UXW0-2),R11-K13-UXW0-2,"fired, not acted: watch/evidence neutrality surfaces show fixture/empty content",F3,
U-0429,adr_trigger,ADR-053,"The research queue, public corrections log, methodology/metrics pages, and the editorial-standards conformance gate",monitor,ticket(R11-ACT-06),R11-ACT-06,"fired, not acted: demo task pages and fixture editorial standards are public",F3,
U-0430,adr_trigger,ADR-054,"The contributor system — five write tiers, L0 entry, revert-as-new-assertion, and poisoning resistance",monitor,ticket(SEED-11),SEED-11,fired trigger: evaluation recorded (F3 §5),F3,
U-0431,adr_trigger,ADR-055,No direct automated OSM writes — the human-mediated suggestion workflow and the OSM compliance analysis,monitor,later-phase(ADR-055's own revisit trigger (quiet today)),LATER-03,trigger quiet (F3: HG-08 not cleared),F3,SEED-15
U-0432,adr_trigger,ADR-056,"The jurisdiction adapter framework — country-namespaced vocabularies, BCP-47 labels, and coarse international ingestion",monitor,already-done(ADR-079; ADR-084),data/backlog_triage.csv ADR-056,fired trigger already answered by a later ADR/round (F3),F3,
U-0433,adr_trigger,ADR-057,"The France/Belgium (Technopolice) connectors — prefectural orders → LegalInstrument, DECP → Contract, and the OSM import study",monitor,already-done(ADR-079; ADR-084),data/backlog_triage.csv ADR-057,fired trigger already answered by a later ADR/round (F3),F3,
U-0434,adr_trigger,ADR-058,Tickets and build memory are committed; agent scratch is unified,monitor,already-done(superseded by ADR-073),data/backlog_triage.csv ADR-058,superseded-status append in SEED-11; index status in R11-MEM-09,F3,SEED-11 R11-MEM-09
U-0435,adr_trigger,ADR-059,"Capstone spine wiring — PgClaimSink, PgReadStore, and the compute-on-read seam",monitor,already-done(ADR-101),data/backlog_triage.csv ADR-059,fired trigger already answered by a later ADR/round (F3),F3,
U-0436,adr_trigger,ADR-060,The resolver (P08.1) — retro-fitted record,monitor,already-done(ADR-099),data/backlog_triage.csv ADR-060,fired trigger already answered by a later ADR/round (F3),F3,
U-0437,adr_trigger,ADR-061,"Capstone gap closure — the derivative export gate, jurisdiction-conditional web render, and ER over PostgreSQL",monitor,already-done(ADR-099; ADR-116),data/backlog_triage.csv ADR-061,fired trigger already answered by a later ADR/round (F3),F3,
U-0438,adr_trigger,ADR-062,Spec reconciliation after the 46-ticket build,monitor,ticket(R11-MEM-09),R11-MEM-09,fired: ADR index generator + trigger-register checker,F3,SEED-02
U-0439,adr_trigger,ADR-063,Registry review metadata and the flip rule,monitor,ticket(R11-GOV-05),R11-GOV-05,fired: regenerate the rights-record index,F3,
U-0440,adr_trigger,ADR-065,"Live connector wiring — the httpx transport, OCFL capture store, and the gated `run` CLI",monitor,already-done(P25.x),data/backlog_triage.csv ADR-065,fired trigger already answered by a later ADR/round (F3),F3,
U-0441,adr_trigger,ADR-066,Runtime composition (`sig-ops`) and the export-backed web data layer,monitor,already-done(ADR-081; ADR-090; ADR-091),data/backlog_triage.csv ADR-066,fired trigger already answered by a later ADR/round (F3),F3,
U-0442,adr_trigger,ADR-067,"Zenodo deposits, object store/CDN, tile generation, mirrors, and degraded mode",monitor,ticket(R11-TRANS-01),R11-TRANS-01,fired: deposits,F3,
U-0443,adr_trigger,ADR-068,The authenticated curation service and the `/curate/` web surface,monitor,ticket(R11-ACT-05),R11-ACT-05,answered by ADR-100; the publish allow-list remains (G1 NEW-6),F3,
U-0444,adr_trigger,ADR-069,"Contribution-back live: the MapRoulette client, the OSM changeset feed, and the registration gate",monitor,later-phase(ADR-069's own revisit trigger (quiet today)),LATER-03,trigger quiet (F3: HG-08/HG-10 not cleared),F3,SEED-15
U-0445,adr_trigger,ADR-070,The Data Driven release model and the coarse-international capture path,monitor,ticket(SEED-11),SEED-11,fired trigger: evaluation recorded (F3 §5),F3,
U-0446,adr_trigger,ADR-071,"The `pathways` connector: one connector + three extractors, the ADR-033-deferred parser layers, and the procured≠deployed epistemic guard",monitor,already-done(P25.5),data/backlog_triage.csv ADR-071,fired trigger already answered by a later ADR/round (F3),F3,
U-0447,adr_trigger,ADR-072,"Documentation freshness gates: two vendored detectors, `make docs-check`, and a CI step",monitor,later-phase(ADR-072's own revisit trigger (quiet today)),ADR-072 revisit trigger,trigger quiet (F3: -),F3,SEED-15
U-0448,adr_trigger,ADR-073,Build memory is committed under `docs/build/`; agent scratch is retired,monitor,ticket(SEED-10),SEED-10,fired: LEDGER too large for one context; living head + archive (B3 C6),F3,
U-0449,adr_trigger,ADR-074,"OKC document connectors (`okc_procurement`/`okcpd_policy`/`ok_statute`) over the sig-parsing layers, with the Part VIII guard",monitor,already-done(P25.8),data/backlog_triage.csv ADR-074,fired trigger already answered by a later ADR/round (F3),F3,
U-0450,adr_trigger,ADR-075,GCP hosted deployment: an e2-micro compose stack (vs Cloud SQL) + the validated-IaC design,monitor,already-done(superseded by ADR-081),data/backlog_triage.csv ADR-075,superseded-status append in SEED-11,F3,SEED-11
U-0451,adr_trigger,ADR-076,Re-ingest cadence: a GitHub Actions cron scheduler (vs Prefect/Dagster) and the cadence-vs-etiquette design,monitor,ticket(R11-OPS-03),R11-OPS-03,fired: new ADR with ADR-016; retire the reingest workflow (QA-8),F3,R11-ACT-02 SEED-11
U-0452,adr_trigger,ADR-077,"Observability & alerting: the recorded-alert ledger, the env-webhook notifier, and bounded JSONL logs (vs a hosted monitoring stack)",monitor,ticket(R11-OPS-02),R11-OPS-02,fired: observability posture ADR + alerting tickets,F3,SEED-11
U-0453,adr_trigger,ADR-078,"CI composed hardening: a real composed-e2e job, offline vendored scanners, the PR-vs-nightly split, and the starlette security bump (vs a S…",monitor,later-phase(ADR-078's own revisit trigger (quiet today)),ADR-078 revisit trigger,trigger quiet (F3: nightly 6/6 green (baseline gh.main_sched_nightly); H1 NEW-2 node pin…),F3,SEED-15
U-0454,adr_trigger,ADR-079,"The second jurisdiction: France (Commune de Gex, vidéoprotection) through the P18.1 adapter framework — generalised seed/export/dossier sea…",monitor,ticket(R11-K13-JUR-02a),R11-K13-JUR-02a,fired: structured jurisdiction scheme + new ADR,F3,SEED-11
U-0455,adr_trigger,ADR-080,"The `government_mandated_disclosure` connector (CCOPS): one connector, three paying source adapters; the per-agency aggregate-row schema; t…",monitor,ticket(R11-ACQ-14),R11-ACQ-14,fired (b): CCOPS breadth,F3,SEED-11
U-0456,adr_trigger,ADR-081,"The real GCP deployment: Cloud SQL + Cloud Run (vs ADR-075's e2-micro DECISION path), and the three IaC gap-closures the live apply required",monitor,ticket(R11-ACT-04),R11-ACT-04,fired: restore drill at scale + amendment,F3,SEED-11
U-0457,adr_trigger,ADR-082,"Live fetch targets as a declarative table (`data/live_targets.toml`), and the Overpass robots-gate finding",monitor,already-done(ADR-088; P25.1),data/backlog_triage.csv ADR-082,fired trigger already answered by a later ADR/round (F3),F3,
U-0458,adr_trigger,ADR-083,"Crawler conduct: documented API access is not crawling (an auditable, allow-listed carve-out to strict robots-honouring)",monitor,ticket(SEED-11),SEED-11,counsel-conditioned clause re-stated (F3 NEW-8) (F3 §5),F3,
U-0459,adr_trigger,ADR-084,Accept `LicenceOuverte-2.0` in the SPDX set for DECP (France/Belgium open procurement),monitor,ticket(SEED-11),SEED-11,counsel-conditioned clause re-stated (F3 NEW-8) (F3 §5),F3,
U-0460,adr_trigger,ADR-085,Municipal-mandated-disclosure + derived-facts basis for CCOPS and pathways flips,monitor,ticket(SEED-11),SEED-11,counsel-conditioned clause re-stated (F3 NEW-8) (F3 §5),F3,
U-0461,adr_trigger,ADR-086,HG-02 counsel resolution: derived-facts sources publish in a dedicated `derived_facts` compartment,monitor,ticket(SEED-11),SEED-11,counsel-conditioned clause re-stated (F3 NEW-8) (F3 §5),F3,
U-0462,adr_trigger,ADR-087,A 4xx robots.txt response means no policy exists (RFC 9309 §2.3.1.4 access-result split),monitor,later-phase(ADR-087's own revisit trigger (quiet today)),ADR-087 revisit trigger,trigger quiet (F3: RFC 9309 unchanged; no masked access control recorded),F3,SEED-15
U-0463,adr_trigger,ADR-088,"Robots verdicts are probed and recorded, never enforced (GL-GATE-08)",monitor,ticket(SEED-11),SEED-11,quiet trigger kept; counsel clause re-stated (NEW-8),F3,
U-0464,adr_trigger,ADR-089,Bound the SAM.gov sweep to one daily quota window (request budget + no-re-probe stop),monitor,later-phase(ADR-089's own revisit trigger (quiet today)),ADR-089 revisit trigger,trigger quiet (F3: No new 429 evidence; live sam_gov cron '0 5 1 * 1' differs from repo …),F3,SEED-15
U-0465,adr_trigger,ADR-090,The public surface renders the national graph from a spine-built export,monitor,ticket(R11-OPS-06),R11-OPS-06,fired: API exposure posture ADR + BL-031,F3,SEED-11
U-0466,adr_trigger,ADR-091,Static content core + progressive-enhancement React islands (DECISION-SPA = B),monitor,later-phase(ADR-091's own revisit trigger (quiet today)),ADR-091 revisit trigger,trigger quiet (F3: No fourth island; CI a11y state unknown while CI red (F-18)),F3,SEED-15
U-0467,adr_trigger,ADR-092,The export is built from the live spine; launch resolution posture is compute-on-read + observation-level,monitor,"spec-amendment(SIG-EXPORT-012, SIG-RECON-058 (drop ADR-092 compute-on-read))",SEED-12,superseded; spec still prescribes it (F-34); superseded-by recorded,F3,SEED-11 R11-MEM-09
U-0468,adr_trigger,ADR-093,"Information-architecture redesign: grouped nav, national landing, per-jurisdiction dossier index",monitor,later-phase(ADR-093's own revisit trigger (quiet today)),LATER-02,trigger quiet (F3: No real-user comprehension testing yet (D-R10-USERS-1)),F3,SEED-15
U-0469,adr_trigger,ADR-094,"Maximize publishable scope by evidenced rights resolution, never gate bypass",monitor,later-phase(ADR-094's own revisit trigger (quiet today)),ADR-094 revisit trigger,trigger quiet (F3: No counsel revision or source objection recorded),F3,SEED-15
U-0470,adr_trigger,ADR-095,Append-only `rights_decision` log for resolving UNDETERMINED-recorded claims,monitor,later-phase(ADR-095's own revisit trigger (quiet today)),ADR-095 revisit trigger,trigger quiet (F3: -),F3,SEED-15
U-0471,adr_trigger,ADR-096,National public cut-over publishes only the non-share-alike published compartment,monitor,already-done(superseded by ADR-106),data/backlog_triage.csv ADR-096,superseded-status append in SEED-11,F3,SEED-11
U-0472,adr_trigger,ADR-097,"Three public interactive islands (map, network graph, search) extend the ADR-068 island allowance",monitor,later-phase(ADR-097's own revisit trigger (quiet today)),ADR-097 revisit trigger,trigger quiet (F3: No fourth island proposed),F3,SEED-15
U-0473,adr_trigger,ADR-098,Custom-domain cut-over to surveillancegraph.org via an external HTTPS load balancer + serverless NEG,monitor,ticket(R11-ACT-03),R11-ACT-03,fired: cost posture decided at Q-10; new ADR only if LB replaced,F3,LATER-19 gate:OD-02
U-0474,adr_trigger,ADR-099,"Materialize entity resolution at scale, governed by a measured eval loop",monitor,later-phase(ADR-099's own revisit trigger (quiet today)),LATER-01,trigger quiet (F3: No human ground truth; premise note: the 'LLM adjudicator' is determi…),F3,SEED-15
U-0475,adr_trigger,ADR-100,Identity minimization for contribution; no homegrown accounts,monitor,later-phase(ADR-100's own revisit trigger (quiet today)),LATER-06,trigger quiet (F3: No demonstrated demand for authenticated contribution),F3,SEED-15
U-0476,adr_trigger,ADR-101,The public surface reads the materialized graph (reconciling ADR-092),monitor,ticket(R11-REL-07),R11-REL-07,fired: republish cadence automation,F3,
U-0477,adr_trigger,ADR-102,"Temporary Cloud SQL scale-up for the OSM land, and a settled audit snapshot status",monitor,already-done(ADR-107),data/backlog_triage.csv ADR-102,fired trigger already answered by a later ADR/round (F3),F3,
U-0478,adr_trigger,ADR-103,"Hosted Round-6 materialization: a least-privilege materialize role, in-GCP execution, and the hosted-scale deviations",monitor,already-done(P31.x),data/backlog_triage.csv ADR-103,fired trigger already answered by a later ADR/round (F3),F3,
U-0479,adr_trigger,ADR-104,"Camera-registry predicates in the predicate registry: genres, per-predicate epistemics, an absolute coordinate tolerance, and capture-time …",monitor,ticket(R11-DATA-04),R11-DATA-04,(a)-(d) answered by ADR-105/112/114; residue (e) public number derivations,F3,
U-0480,adr_trigger,ADR-105,"Geospatial camera-site entity resolution: the resolved-site unit, geo blocking, tiered same-device rules, and a measured auto-write gate",monitor,ticket(R11-CONF-07a),R11-CONF-07a,fired: re-measure tiers under derivation collapse,F3,
U-0481,adr_trigger,ADR-106,"Share-alike compartments go public as separate, attributed compartments; mixed-licence artifacts never do",monitor,ticket(R11-ACT-07),R11-ACT-07,published (P31.16); attribution residue,F3,gate:Q-E2-14
U-0482,adr_trigger,ADR-107,Cloud SQL steady-state tier after launch: `db-custom-1-3840`,monitor,ticket(R11-ACQ-18),R11-ACQ-18,fired: capacity plan before Wave C,F3,gate:Q-23
U-0483,adr_trigger,ADR-108,Read-API connection pool and the bounded `/v1/search` contract,monitor,later-phase(ADR-108's own revisit trigger (quiet today)),ADR-108 revisit trigger,trigger quiet (F3: Verify: service max-scale 20 vs revision max-instances 2 (baseline pr…),F3,SEED-15
U-0484,adr_trigger,ADR-109,One `ingest_run` per execution; completion is an appended row,monitor,later-phase(ADR-109's own revisit trigger (quiet today)),ADR-109 revisit trigger,"trigger quiet (F3: J1 NEW-6 telemetry gaps are adjacent, not the trigger)",F3,SEED-15
U-0485,adr_trigger,ADR-110,"Entity-identity guard, batched claim writes, and the sink's extension points",monitor,ticket(R11-OPS-07),R11-OPS-07,armed by the 2026-10-10 replay; read-back decides,F3,
U-0486,adr_trigger,ADR-111,"Restart = resume: per-capture flush, capture marks, a GCS capture store, and jobs pinned by digest",monitor,ticket(R11-OPS-03),R11-OPS-03,fired: digest-pin all workloads,F3,
U-0487,adr_trigger,ADR-112,"Partner organisations as entity-ref claims: one identifier scheme, the ambiguity rule, and never a person",monitor,later-phase(ADR-112's own revisit trigger (quiet today)),ADR-112 revisit trigger,trigger quiet (F3: -),F3,SEED-15
U-0488,adr_trigger,ADR-113,"Access-edge claims on the spine, and the asserting replay of persisted captures",monitor,later-phase(ADR-113's own revisit trigger (quiet today)),ADR-113 revisit trigger,trigger quiet (F3: -),F3,SEED-15
U-0489,adr_trigger,ADR-114,"Claim re-sightings on the spine, and latest-capture dating (the design's ADR-R9-RESIGHT)",monitor,ticket(R11-ACQ-18),R11-ACQ-18,fired: capacity plan,F3,gate:Q-23
U-0490,adr_trigger,ADR-115,"Peer-class negative space: declared `(entity_type, connector)` classes with declared tracked predicates (the design's ADR-R9-PEERCLASS)",monitor,later-phase(ADR-115's own revisit trigger (quiet today)),ADR-115 revisit trigger,trigger quiet (F3: Monitor with ADR-114 in the capacity plan),F3,SEED-15
U-0491,adr_trigger,ADR-116,"Human review decisions into camera-site clustering, and evidenced duplicate-target lineage (the design's ADR-R9-HUMANER)",monitor,later-phase(ADR-116's own revisit trigger (quiet today)),LATER-01,trigger quiet (F3: No real review decisions (S3 deferred)),F3,SEED-15
U-0492,adr_trigger,ADR-117,Presentation analytics emitted by the spine export (the design's ADR-R9-ANALYTICS),monitor,already-done(P31.16),data/backlog_triage.csv ADR-117,fired trigger already answered by a later ADR/round (F3),F3,
U-0493,adr_trigger,ADR-118,"Per-compartment z0–z14 vector tiles, repo-owned sig-web compression, and the retirement of the combined /map/points.json (the design's ADR-…",monitor,later-phase(ADR-118's own revisit trigger (quiet today)),ADR-118 revisit trigger,trigger quiet (F3: -),F3,SEED-15
U-0494,adr_trigger,ADR-119,The GCP project-id leak check is scoped to code + config; the append-only build memory is exempt (the design's ADR-R9-LEAKSCOPE),monitor,later-phase(ADR-119's own revisit trigger (quiet today)),ADR-119 revisit trigger,trigger quiet (F3: Repo now PUBLIC; ADR-119 already treats the id as non-credential (G1-…),F3,SEED-15
U-0495,adr_trigger,ADR-120,"Evidence integrity, useful investigations and current build memory",monitor,ticket(SEED-11),SEED-11,fired: per-clause decisions recorded (new ADRs where posture changes),F3,
U-0496,adr_trigger,ADR-121,"Typed assertion envelope, actual-capture bindings, and safe omission of unregistered predicates (P32.2)",monitor,later-phase(ADR-121's own revisit trigger (quiet today)),ADR-121 revisit trigger,trigger quiet (F3: -),F3,SEED-15
U-0497,adr_trigger,ADR-122,"Role semantics, scope-qualified counts, and conservative organization identity (P32.3)",monitor,ticket(R11-K13-JUR-02a),R11-K13-JUR-02a,fired: structured jurisdiction key,F3,
U-0498,adr_trigger,ADR-123,One shared bitemporal occurrence-selection contract (P32.4),monitor,later-phase(ADR-123's own revisit trigger (quiet today)),ADR-123 revisit trigger,trigger quiet (F3: -),F3,SEED-15
U-0499,adr_trigger,ADR-124,One publication eligibility/disposition policy (P32.5),monitor,later-phase(ADR-124's own revisit trigger (quiet today)),ADR-124 revisit trigger,trigger quiet (F3: -),F3,SEED-15
U-0500,adr_trigger,ADR-125,The offline legacy-evidence audit and bounded recovery-plan contract (P32.6),monitor,live-return-pass(R11-ACT-14),R11-ACT-14,trigger is the D-R10-LIVE-1 live pass,F3,
U-0501,adr_trigger,ADR-126,Evidence-backed obligation events and the deterministic current projection (P32.7),monitor,ticket(R11-MEM-03),R11-MEM-03,fired: obligation_events repair,F3,
U-0502,adr_trigger,ADR-127,The single-writer closeout protocol `closeout-op/1` and the worktree-safe validator (P32.8),monitor,later-phase(ADR-127's own revisit trigger (quiet today)),LATER-13,trigger quiet (F3: Cutover not approved; multi-host harness (Q-16) could fire it),F3,SEED-15
U-0503,adr_trigger,ADR-128,"The preregistered, dependency-disjoint, blinded human-evaluation campaign surface (P32.9)",monitor,later-phase(ADR-128's own revisit trigger (quiet today)),LATER-01,trigger quiet (F3: No real reviewers provisioned),F3,SEED-15
U-0504,adr_trigger,ADR-129,Design-aware resolution evaluation and the shadow confidence gate (P32.10),monitor,later-phase(ADR-129's own revisit trigger (quiet today)),LATER-01,trigger quiet (F3: Armed by Q-24 (certify vs measure-only may re-negotiate the floor; E3…),F3,SEED-15
U-0505,adr_trigger,ADR-130,"Acquisition is a gap-driven reviewed queue: passports as data, hard rights/sensitivity gates outside the score (P32.11)",monitor,ticket(R11-ACQ-01),R11-ACQ-01,fired (d): operator directed new sources into prod; the acquisition harness runs the gap-driven queue,F3,
U-0506,adr_trigger,ADR-131,The `dossier_documents` connector: one shared bounded adapter over a frozen field crosswalk (P32.12),monitor,later-phase(ADR-131's own revisit trigger (quiet today)),LATER-11,trigger quiet (F3: May fire if Stream-I document sources need OCR/office formats (BL-025)),F3,SEED-15
U-0507,adr_trigger,ADR-132,"Immutable release namespaces: pre-render identity, acyclic integrity manifest, access-time withdrawal barrier (P32.13)",monitor,ticket(R11-REL-01),R11-REL-01,fired: release identity v2 before release namespaces deploy,F3,R11-ACT-01 R11-K13-TX-11 SEED-11
U-0508,adr_trigger,ADR-133,"Per-compartment immutable corpus search: emitted SQLite FTS5 index artifacts, verified read-only mount, cursor-bounded queries, access-time…",monitor,later-phase(ADR-133's own revisit trigger (quiet today)),ADR-133 revisit trigger,trigger quiet (F3: -),F3,SEED-15
U-0509,adr_trigger,ADR-134,"One versioned workspace-state contract (`sig.workspace-state/1`) shared by the three investigation islands, bounded navigation everywhere, …",monitor,later-phase(ADR-134's own revisit trigger (quiet today)),ADR-134 revisit trigger,trigger quiet (F3: -),F3,SEED-15
U-0510,adr_trigger,ADR-135,"Durable anonymous correction intake as a separate receiver process over an isolated `intake` schema: receipts via POST-secret, private loop…",monitor,later-phase(the correction-intake receiver is advertised (Q-27 b / R11-ACT-23 exposure)),ADR-135 revisit trigger,quiet: receiver dark,F3,R11-ACT-23
U-0511,adr_trigger,ADR-136,"The research-dossier schema: `sig.dossier-packet/1` → `sig.research-dossier/1` → `sig.dossier-portfolio/1`, a distinct eleventh artifact cl…",monitor,later-phase(ADR-136's own revisit trigger (quiet today)),ADR-136 revisit trigger,trigger quiet (F3: -),F3,SEED-15
U-0512,adr_trigger,ADR-137,The Oklahoma City dossier packet + the additive seed-correction packet (P32.18),monitor,live-return-pass(R11-ACT-22),R11-ACT-22,trigger is D-P32.18-1's live pass,F3,
U-0513,adr_trigger,ADR-138,The Tulsa dossier packet: template-vs-executed separation and honest bounded unknowns (P32.19),monitor,live-return-pass(R11-ACT-22),R11-ACT-22,trigger is D-P32.19-1's live pass,F3,
U-0514,adr_trigger,ADR-139,"The San Diego dossier packet: subscription-vs-hardware, prime-vs-component, proposed recommendation, and the metadata-only Part VIII prefli…",monitor,live-return-pass(R11-ACT-22),R11-ACT-22,trigger is D-P32.20-1's live pass,F3,
U-0515,adr_trigger,ADR-140,"The acquisition pilot: family-granularity batch selection, the measurement schemas, and the gate packets (P32.21)",monitor,live-return-pass(R11-ACT-22),R11-ACT-22,trigger is D-P32.21-1's live pass,F3,
U-0516,adr_trigger,ADR-141,"The bounded recovery apply: exactly-once receipts, the sig_recovery role, and ordered rematerialization (P32.22)",monitor,live-return-pass(R11-ACT-14),R11-ACT-14,trigger is the D-R10-LIVE-1 live pass,F3,
U-0517,adr_trigger,ADR-142,"The release candidate under deferred evaluation: one pinned identity, the changed-input stop, and unpublished-by-construction staging (P32.…",monitor,ticket(SEED-11),SEED-11,trigger fires when Q-12 supersedes the future-dated candidate; evaluation recorded,F3,R11-ACT-15 gate:Q-12
U-0518,adr_trigger,ADR-143,"The investigation-journey acceptance portfolio: declared corpus, staged scratch release, evidence classes, and honest gaps (P32.24)",monitor,later-phase(ADR-143's own revisit trigger (quiet today)),ADR-143 revisit trigger,trigger quiet (F3: -),F3,SEED-15
U-0519,adr_trigger,ADR-144,"Bounded release publication, unauthenticated verification, and rollback rehearsal (P32.25)",monitor,later-phase(ADR-144's own revisit trigger (quiet today)),ADR-144 revisit trigger,trigger quiet (F3: -),F3,SEED-15
U-0520,adr_trigger,ADR-145,Round-10 spec reconciliation to the landed design (P33.5),monitor,spec-amendment(go-live spec reconciliation following the ADR-145 pattern),SEED-12,fired: T1 spec amendment,F3,SEED-11
U-0521,readout,HUMAN-H4,HUMAN-H4 — pending readout,PENDING,later-phase(T-EVAL-IND: >=2 independent labellers available + outside contact authorised (L3 §6.5)),LATER-01,"readout superseded, not executed (L3 §6.3 item 4)",L3,SEED-13 gate:Q-L3-2
U-0522,readout,HUMAN-H5,HUMAN-H5 — pending readout,PENDING,later-phase(T-EVAL-IND: >=2 independent labellers available + outside contact authorised (L3 §6.5)),LATER-01,"readout superseded, not executed (L3 §6.3 item 4)",L3,SEED-13 gate:Q-L3-2
U-0523,manifest_row,MANIFEST-158,P31.17 (LLM annotation first pass) — unused row: DROPPED,not-landed,wontfix(unused row number: P31.17 DROPPED),docs/tickets/00_MANIFEST.md:343,no obligation; SEED-09 notes not-landed rows,S1b,SEED-09
U-0524,manifest_row,MANIFEST-159,P31.18 (eval re-derivation) — unused row: moved to Round 10,not-landed,merged-into(U-0528),U-0528,P31.18 eval re-derivation moved to Round 10 as row 187 (P32.23),S1b,
U-0525,manifest_row,MANIFEST-184,"HUMAN-H4 — S3 — Human development review and dossier semantic acceptance; depends P32.9, P32.10, P32.22.",not-landed,later-phase(T-EVAL-IND: >=2 independent labellers available + outside contact authorised (L3 §6.5)),LATER-01,"superseded-by(T-EVAL-IND segment: EV1, HUMAN-H6, HUMAN-H7) (L3 §6.3)",L3,SEED-13 gate:Q-L3-2
U-0526,manifest_row,MANIFEST-185,"P32.22a — S3 — Freeze the candidate and its confirmatory sampling frame; depends HUMAN-H4, P32.10, P32.22.",not-landed,later-phase(T-EVAL-IND: >=2 independent labellers available + outside contact authorised (L3 §6.5)),LATER-01,superseded-by(T-EVAL-IND segment: EV-F) (L3 §6.3),L3,SEED-13 gate:Q-L3-2
U-0527,manifest_row,MANIFEST-186,HUMAN-H5 — S3 — Complete blinded confirmatory adjudication for the frozen candidate; depends P32.22a.,not-landed,later-phase(T-EVAL-IND: >=2 independent labellers available + outside contact authorised (L3 §6.5)),LATER-01,superseded-by(T-EVAL-IND segment: HUMAN-H8) (L3 §6.3),L3,SEED-13 gate:Q-L3-2
U-0528,manifest_row,MANIFEST-187,"P32.23 — S3 — Re-derive resolution decisions from independent human evidence; depends HUMAN-H5, P32.22a, P32.10.",not-landed,later-phase(T-EVAL-IND: >=2 independent labellers available + outside contact authorised (L3 §6.5)),LATER-01,"superseded-by(CONF-02, CONF-09; decision leg T-EVAL-IND EV-D/EV-R) (L3 §6.3)",L3,R11-CONF-02 R11-CONF-09 SEED-13 gate:Q-L3-2
F-01,finding,A2,Cloud SQL sig-pg had automated backups disabled and 0 backups while ADR-081 says managed backups replaced the drill; the backup bucket held…,S0,ticket(R11-ACT-04),R11-ACT-04,Track 0.1 already enabled backups + PITR (2026-09-30T16:22-16:31Z); the durable half is the restore drill at scale,G1,R11-ACT-01
F-02,finding,A2,"/curate/ demo curation pages (forms posting to 127.0.0.1:8001) were publicly served because the P31.16 republish synced raw web/dist, bypas…",S0,ticket(R11-ACT-05),R11-ACT-05,Track 0.2 already removed /curate/ (404 on both origins); the durable fix is one allow-listed publish path,G1,
F-03,finding,A2,"Every page advertises a one-click, no-account dispute/correction channel, but live /dispute/ has no form, address or 'not operating' notice…",S0,ticket(R11-ACT-06),R11-ACT-06,cited by R11-ACT-06's merged_from (merged_from),S1a,
F-04,finding,A2,No Oklahoma dossier; 'unresolved' is one of 55 dossier jurisdictions and holds 71.4% of publishable subjects; codes mix US-state and ISO-co…,S1,ticket(R11-K13-JUR-02b),R11-K13-JUR-02b,RI-19: point-in-polygon places 91.5% of 'unresolved'; Oklahoma dossier via JUR-03,C6,R11-K13-JUR-03
F-05,finding,A2,"The 'How we know this' module shows the same site-wide totals on every page (e.g. /dossier/al/ says 218 independent sources; AL has 1), and…",S1,ticket(R11-K13-UXW0-1),R11-K13-UXW0-1,RI-17: W0 labels the module 'Site-wide'; per-dossier provenance in DATA-04/DSRC-01,C6,R11-DATA-04 R11-K13-DSRC-01
F-06,finding,A2,"/methodology/ reports pairwise P/R/F1 1.000 on 'the frozen, human-verified holdout' directly below a PROVISIONAL note that the gold set is …",S1,ticket(R11-ACT-06),R11-ACT-06,cited by R11-ACT-06's merged_from (merged_from),S1a,
F-07,finding,A2,"Belief-pinned as-of permalinks do not pin: the static nginx ignores the query string, so every as-of URL returns current bytes while each p…",S1,ticket(R11-K13-TX-13a),R11-K13-TX-13a,RI-14: honest interim citation wording in W1; real snapshots TX-13b/REL-09,C6,R11-K13-TX-13b R11-REL-09
F-08,finding,A2,/data-freshness/ shows all 178 sources 'ok' with 0 stale entities and every volatility class 'unknown'; the site is frozen at the 2026-09-2…,S2,ticket(R11-REL-07),R11-REL-07,cited by R11-REL-07's merged_from (merged_from),S1a,
F-09,finding,A2,Public-surface polish: raw UUID node labels on /network/; one disclaimer repeated 126× on home; /v1/export advertises a 404 entities.parque…,S3,ticket(R11-K13-UXW0-1),R11-K13-UXW0-1,polish bundle: tiles/disclaimer copy (W0); UUID labels via GX-02,C6,R11-K13-GX-02 R11-K13-UXW0-4
F-10,finding,A2,"REPUBLISH_LIVE_2026-09-27.md says has_vendor accountability links render on /dossier/al/; the live page, and every published dossier, has 0…",S2,ticket(R11-SAFE-05),R11-SAFE-05,cited by R11-SAFE-05's merged_from (merged_from),S1a,
F-11,finding,A2,Served HTML carries no release id or commit stamp; only as-of dates and the ruleset identify the build,S2,ticket(R11-REL-02),R11-REL-02,cited by R11-REL-02's merged_from (merged_from),S1a,
F-12,finding,A2,"Ops drift: the sig-alerts service runs sig-api:latest (revision from 2026-09-16, never re-rolled under ADR-111 digest pinning); the live SA…",S2,ticket(R11-ACT-02),R11-ACT-02,cited by R11-ACT-02's merged_from (merged_from),S1a,R11-OPS-02 R11-OPS-03
F-13,finding,A2,"D-P31.4-1: the first full OSM monthly replay on the resume-capable image fires 2026-10-10T03:35Z (job pinned by digest, 36 h timeout) and c…",S3,ticket(R11-OPS-07),R11-OPS-07,cited by R11-OPS-07's merged_from (merged_from),S1a,
F-14,finding,A2,"No Round-10 surface is deployed: /releases/, /research-dossier/ and /intake/ return 404; the live API lacks the release-search and intake r…",S2,ticket(R11-ACT-11),R11-ACT-11,Round-10 API roll (G2 step 1); route exposure in R11-ACT-24 per Q-9,G2,R11-ACT-17 R11-ACT-24 gate:Q-9
F-15,finding,A2,"The GATE-G3-accepted release candidate p-17b713… holds 0 records (16-claim fixture DB, 0 compartments, 0 dossier pages); the P32.25 'publis…",S2,ticket(R11-ACT-15),R11-ACT-15,real production candidate; p-17b713 superseded (Q-12),G2,SEED-08 gate:Q-12
F-16,finding,A2,"Round-10 dossier pilots are built from hand-authored stand-in documents (disclosed), yet SIG-TRUST-009/010, FIND-006, DOS-002…005 and ACQ-0…",S1,ticket(R11-ACT-18),R11-ACT-18,"RI-23: research-dossier disclosure (G2 step 4, from Round-11 day 1); stand-ins replaced by ACT-22",C6,R11-ACT-22 SEED-14
F-17,finding,A2,origin/main's tree equals the P31.4 tree (#140 merged 2026-09-30T02:46Z); 49 PRs are open (#141–#190 minus #148); build memory records none…,S2,ticket(R11-CI-02),R11-CI-02,cited by R11-CI-02's merged_from (merged_from),S1a,
F-18,finding,A2,#141–#147 and #149–#154 (13 PRs) have been red on composed + web since 2026-09-25 because the npm ci lockfile is out of sync (@emnapi/runti…,S2,ticket(R11-CI-01),R11-CI-01,cited by R11-CI-01's merged_from (merged_from),S1a,R11-CI-02
F-19,finding,A2,"#165, #179 and #185 are red on python on their own heads because tests assert the current state of living build-memory records that later c…",S2,ticket(SEED-03),SEED-03,cited by SEED-03's merged_from (merged_from),S1a,
F-20,finding,A2,"The chain never consulted GitHub CI: both build skills exclude CI polling by design, and no ledger or run record cites a PR check, so 'gree…",S1,ticket(R11-CI-02),R11-CI-02,cited by R11-CI-02's merged_from (merged_from),S1a,
F-21,finding,A2,"Future-dated build records: Round-9/10 events are recorded as 2026-10-01…10-21 in commits made 2026-09-25…09-28, and the dates leak into AD…",S1,ticket(SEED-07),SEED-07,cited by SEED-07's merged_from (merged_from),S1a,
F-22,finding,A2,"c2055d96 (2026-09-18) deleted the 53-row append-only GATE DECISIONS table (HG-14 signatures, HG-13 A1–A8, GL-GATE-01…06, HG-02 counsel, HG-…",S1,ticket(SEED-06),SEED-06,cited by SEED-06's merged_from (merged_from),S1a,R11-MEM-01
F-23,finding,A2,"LEDGER is 679 KB with a 123 KB CURRENT STATE of PRIOR chains; its header says 'gitignored, never commit'; the OPERATING MODE resume prompt …",S1,ticket(SEED-10),SEED-10,cited by SEED-10's merged_from (merged_from),S1a,R11-MEM-02
F-24,finding,A2,"PHASE LOG is out of date order and some landed tickets have no PHASE LOG entry; BUILD_INDEX lacks the GATE-G3/GATE-ACCEPT rows (190, 195), …",S2,ticket(R11-MEM-02),R11-MEM-02,cited by R11-MEM-02's merged_from (merged_from),S1a,SEED-09
F-25,finding,A2,The LEDGER returnPass key and RETURN PASS table stop at Round 9 (P31.16); the accurate owed/return-pass list is OPERATIONAL_READINESS.md §(…,S2,ticket(SEED-16),SEED-16,cited by SEED-16's merged_from (merged_from),S1a,R11-MEM-05
F-26,finding,A2,"obligations/events.jsonl, the append-only obligation event ledger, was rewritten wholesale three times after creation; it holds 97 'migrati…",S2,ticket(R11-MEM-03),R11-MEM-03,cited by R11-MEM-03's merged_from (merged_from),S1a,R11-MEM-01
F-27,finding,A2,"Every build-memory validator passes on a tree containing F-21…F-26 (they check structure, not truth); the 'independent' P33.1 gap analysis …",S1,ticket(SEED-18),SEED-18,cited by SEED-18's merged_from (merged_from),S1a,R11-MEM-02 SEED-02
F-28,finding,A2,Stale or inconsistent obligation records: projection landings still point at P31.18 (moved and never recreated); D-SOURCES.12-1 reads 'noth…,S2,ticket(R11-MEM-05),R11-MEM-05,cited by R11-MEM-05's merged_from (merged_from),S1a,
F-29,finding,A2,The GATE-G3 and GATE-ACCEPT (ACCEPT-R10) readouts were written by the agent from one-line approvals and signed 'Authority: repository opera…,S1,ticket(R11-MEM-07),R11-MEM-07,cited by R11-MEM-07's merged_from (merged_from),S1a,
F-30,finding,A2,"69 not-MET requirement ids; 55 appear in no BACKLOG, DEFERRALS or manifest row; 19 still route to long-landed P21.x tickets; pre-Round-10 v…",S1,ticket(SEED-14),SEED-14,T4 maps every not-MET id (F2a/F2b deltas; this CSV),F2a,
F-31,finding,A2,"Spec MUSTs contradicted by operator decisions or operated state: SIG-PUB-008 (sole-maintainer waiver, yet MET), SIG-GOV-012 (legal home = i…",S1,decision(Q-7),Q-7,governance package: each contradicted MUST is waived by ADR or kept owed with honest text,E2,SEED-11
F-32,finding,A2,Process requirements unmet while marked MET: check_spec_src.py and the coverage checker are not run in CI (SIG-ENG-039); the ADR index has …,S2,ticket(R11-MEM-09),R11-MEM-09,cited by R11-MEM-09's merged_from (merged_from),S1a,
F-33,finding,A2,"32 BACKLOG rows remain open, several apparently satisfied by later rounds but never closed",S2,ticket(SEED-14),SEED-14,BACKLOG closures with evidence (F3),F3,
F-34,finding,A2,"SIG-EXPORT-012 and SIG-RECON-058 still prescribe ADR-092 compute-on-read, which ADR-099 and ADR-101 superseded for the resolved layer",S3,merged-into(U-0467),U-0467,same obligation as the ADR-092 superseded-trigger item,F3,
F-35,finding,A2,"docs/3_sig_golive_spec.md is neither built nor validated, and GL-GATE-06…08 are absent from it (GL-GATE-06 is recorded only in the LEDGER; …",S3,ticket(SEED-12),SEED-12,go-live spec corrections (E2-18) in T1 spec_src,E2,SEED-11 gate:Q-E2-19
F-36,finding,A2,"Gates were largely pre-answered, blanket, pre-authorized or delegated; blockedOn was '(nothing)' in all 194 committed LEDGER versions; huma…",S1,ticket(R11-MEM-07),R11-MEM-07,cited by R11-MEM-07's merged_from (merged_from),S1a,
F-37,finding,A2,Rounds 5–9 were seeded by ad-hoc planning sessions (only Rounds 3/4 used decompose-spec); the harness changed mid-stream (Claude Code -> De…,S2,ticket(SEED-17),SEED-17,"OPERATING MODE carries the B5 rules (one planning path, harness recorded)",B5,OP-01
F-38,finding,A2,"The orchestrator made production changes outside ticket scope (Cloud SQL tier scale-up, a second reconnect/terminate drill, sig-api min-ins…",S2,ticket(SEED-17),SEED-17,OPERATING MODE production-change rules (G2 AR rules),B5,R11-OPS-03
F-39,finding,A2,"orchestration/ is 557 LOC and imports no orchestrator (Dagster is not wired at all), yet SIG-INGEST-020 is MET, citing a docstring that say…",S3,ticket(R11-OPS-03),R11-OPS-03,cited by R11-OPS-03's merged_from (merged_from),S1a,
F-40,finding,A2,"origin/main carries operator commit d4522d82 (web lockfile regen, 2026-09-29) that the chain lacks, so chain tip b051732c does not descend …",S3,operator-action(merge sitting brings main's lockfile commit into the stack base),OP-08,chain lacks origin/main's d4522d82; resolved at integration (H1),H1,
F-41,finding,A2,"The scheduled GitHub Actions 'reingest' workflow has failed on every run on main (6/6, 2026-09-25…09-30, '--sink pg requires --dsn'), while…",S2,ticket(R11-OPS-03),R11-OPS-03,cited by R11-OPS-03's merged_from (merged_from),S1a,
F-42,finding,A2,"Cloud SQL sig-pg, the sole production claim spine, has deletion protection disabled",S2,ticket(R11-ACT-01),R11-ACT-01,cited by R11-ACT-01's merged_from (merged_from),S1a,
F-43,finding,A2,Nine Cloud Run jobs have no scheduler trigger; seven are one-off probe or test jobs left in production,S3,ticket(R11-OPS-03),R11-OPS-03,fleet hygiene: jobs without triggers retired or scheduled,G1,
F-44,finding,A2,"Jurisdiction-code collisions merge different places into one public dossier: /dossier/id/ combines Idaho (ACHD) with Indonesia, and /dossie…",S1,ticket(R11-K13-JUR-01),R11-K13-JUR-01,cited by R11-K13-JUR-01's merged_from (merged_from),S1a,
F-045,finding,A3:NEW-1,9 COVERAGE_MATRIX rows read MET while their own row cites an OPEN/PARTIAL deferral — beyond the 8 reduced-scope ids already named (F-16),S2,ticket(SEED-14),SEED-14,cited by SEED-14's merged_from (merged_from),S1a,
F-046,finding,A3:NEW-2,LEDGER RETURN PASS table and returnPass key disagree with each other and with DEFERRALS (refines F-25),S2,ticket(SEED-14),SEED-14,cited by SEED-14's merged_from (merged_from),S1a,SEED-16
F-047,finding,A3:NEW-3,HG-05 (integrate & release v0.1.0) and the v0.2.0 go-public tag have no DEFERRALS row; GATE-G1/GATE-G2 readouts still read SKIPPED-BY-OPERA…,S2,ticket(SEED-13),SEED-13,cited by SEED-13's merged_from (merged_from),S1a,OP-08
F-048,finding,A3:NEW-4,No Stage-P row owns the 144 ADR revisit triggers; A3 routed them to S1 by default,S3,ticket(SEED-15),SEED-15,ADR trigger register is the durable owner; S1b dispositions all 144 via F3,F3,
F-049,finding,A3:NEW-5,"Register id/vocabulary hygiene: duplicate RISK ids, an unrouted RISK cited by a BL, a deferral kind outside the vocabulary, 18 DEFERRALS ro…",S3,ticket(SEED-14),SEED-14,"RISK duplicate-id renames, RISK-P21-03 route, kind vocabulary",F3,
F-050,finding,B1:NEW-1,"Recorded dates were deliberately decoupled from the clock by a self-invented 'chain date' convention (Round 3 backward, Round 10 forward), …",S1,ticket(R11-ACT-12),R11-ACT-12,cited by R11-ACT-12's merged_from (merged_from),S1a,
F-051,finding,B1:NEW-2,"The GATE-G3-signed candidate carries 2026-10-19 in its publication id, release id and as-of, not only in its identity digest; ops/src/ops/r…",S1,ticket(R11-ACT-12),R11-ACT-12,cited by R11-ACT-12's merged_from (merged_from),S1a,R11-ACT-15 SEED-08
F-052,finding,B1:NEW-3,"Dossier packets, the research-dossier web fixture and the signed candidate state retrieval, observation and search dates (2026-10-01/02) fo…",S1,ticket(R11-ACT-12),R11-ACT-12,cited by R11-ACT-12's merged_from (merged_from),S1a,
F-053,finding,B1:NEW-4,"Hazard: build memory's latest dates (2026-10-19 to 10-21) make the 2026-10-10 OSM replay look overdue, and the recorded remediation says to…",S1,ticket(SEED-17),SEED-17,routed_to names SEED-17,S1b,
F-054,finding,B1:NEW-5,Round-3 'chain date' past-dating reached product registry data: 21 sources.toml rights fields for the HG-03 flip say 2026-09-10; the flip w…,S2,ticket(R11-ACT-12),R11-ACT-12,cited by R11-ACT-12's merged_from (merged_from),S1a,R11-GOV-05
F-055,finding,B1:NEW-6,"sqitch.plan: three changes deployed on hosted sig-pg have planned_at 2026-10-02, and a planned timestamp is hashed into its change id, so t…",S2,ticket(R11-ACT-09),R11-ACT-09,sqitch comment/guard lines for future planned_at stamps (B1 §5.7),B1,
F-056,finding,B1:NEW-7,"The obligation event log is anchored at recorded_at 2026-10-21 (all 97 events, written 2026-09-28T05:13Z), so any truly dated event appende…",S2,ticket(R11-MEM-03),R11-MEM-03,cited by R11-MEM-03's merged_from (merged_from),S1a,
F-057,finding,B2:NEW-1,F-22 refinement: the deleted GATE DECISIONS rows were the sole or authoritative record for decisions HEAD still cites — GL-GATE-06 (58 sour…,S1,ticket(SEED-06),SEED-06,cited by SEED-06's merged_from (merged_from),S1a,R11-MEM-01
F-058,finding,B2:NEW-2,"events.jsonl: P33.1 (7a2ff9fa) changed the from/to status of 8 existing e0 events in place (OPEN/PARTIAL → DONE, interpretation preserved →…",S2,ticket(R11-MEM-03),R11-MEM-03,cited by R11-MEM-03's merged_from (merged_from),S1a,R11-MEM-01
F-059,finding,B2:NEW-3,5 DEFERRALS status transitions have no valid justification: their only dated note postdates the commit and no obligation event exists; 11 m…,S2,ticket(R11-MEM-04),R11-MEM-04,cited by R11-MEM-04's merged_from (merged_from),S1a,R11-MEM-01
F-060,finding,B2:NEW-4,"DEFERRALS dated snapshot table 'P30.4 sweep — every OPEN / PARTIAL row … (2026-09-24)' was edited after its date, so it no longer shows the…",S2,ticket(R11-MEM-04),R11-MEM-04,cited by R11-MEM-04's merged_from (merged_from),S1a,R11-MEM-01
F-061,finding,B2:NEW-5,"Executed ticket contracts are rewritten in place, and no contract in docs/tickets has a '> Amended <date>' note (BM-TICKET-04 never used); …",S2,ticket(R11-MEM-04),R11-MEM-04,cited by R11-MEM-04's merged_from (merged_from),S1a,R11-MEM-01
F-062,finding,B2:NEW-6,"F-29 extension: the ACCEPT-R8 signing commit also deleted the 'no agent signs it' guard text, and the GATE-G1 readout's criterion 'records …",S3,ticket(R11-MEM-04),R11-MEM-04,cited by R11-MEM-04's merged_from (merged_from),S1a,R11-MEM-07 R11-MEM-01
F-063,finding,B2:NEW-7,"Closed records were overwritten in place as hosted work progressed: the P26.16 PHASE LOG entry, BUILD_INDEX row 113 and D-SOURCES.12-1 were…",S3,ticket(R11-MEM-04),R11-MEM-04,cited by R11-MEM-04's merged_from (merged_from),S1a,R11-MEM-01
F-064,finding,B2:NEW-8,"b542f236 replaced whole DEFERRALS status cells on 6 rows, erasing their dated history; the GATE DECISIONS row that justified these WONTFIX/…",S2,ticket(R11-MEM-04),R11-MEM-04,cited by R11-MEM-04's merged_from (merged_from),S1a,R11-MEM-01
F-065,finding,B2:NEW-9,"Append-only manifest 'Plan extensions' lines were edited in place twice, and ticket ids P23.1–P23.7 were reused on 2026-09-09 for different…",S3,ticket(R11-MEM-04),R11-MEM-04,cited by R11-MEM-04's merged_from (merged_from),S1a,R11-MEM-01
F-066,finding,B3:NEW-1,The vendored validator's PHASE LOG 'done' -> BUILD_INDEX/runs check is vacuous on this LEDGER: it expects '- <date> — <ID> … done' but ever…,S2,ticket(R11-MEM-02),R11-MEM-02,cited by R11-MEM-02's merged_from (merged_from),S1a,
F-067,finding,B3:NEW-2,"PHASE LOG is fragmented across five regions: 54 entries (Rounds 5–9 + P32.10/P32.10a; 189,471 B) sit under '## CAPSTONE — step 2/3 closure……",S2,ticket(SEED-05),SEED-05,cited by SEED-05's merged_from (merged_from),S1a,
F-068,finding,B3:NEW-3,GATE DECISIONS has two orderings: since 307161ee (2026-09-23T02:14Z) new decisions were inserted at the TOP of the section (newest-first) w…,S2,ticket(R11-MEM-01),R11-MEM-01,cited by R11-MEM-01's merged_from (merged_from),S1a,
F-069,finding,B3:NEW-4,"The single-writer closeout journal (closeout-op/1, ADR-127) was used for 2 of 35 Round-10 ticket closeouts (P32.8, P32.9) and then abandone…",S2,"later-phase(parallel dispatch, a multi-worktree build or a second harness writing memory concurrently.)",LATER-13,cited by LATER-13's merged_from (merged_from),S1a,
F-070,finding,B3:NEW-5,"closeout_protocol.authoritative_root defaults to the MAIN worktree of the shared git common dir, contrary to BM-ROOT-02 (a sibling build wo…",S3,"later-phase(parallel dispatch, a multi-worktree build or a second harness writing memory concurrently.)",LATER-13,cited by LATER-13's merged_from (merged_from),S1a,
F-071,finding,B3:NEW-6,"CURRENT STATE values are not machine-readable: returnPass is 3,871 B of prose (the drive-build never-fail reader returns a 2,054-char fragm…",S3,ticket(SEED-10),SEED-10,cited by SEED-10's merged_from (merged_from),S1a,
F-072,finding,B3:NEW-7,"BUILD_INDEX has 7 'PR pending' rows, not 6: rows 76–81 are PRs #76–#81 (created 2026-09-13T21:11Z–09-14T02:31Z, merged to main 2026-09-24) …",S3,ticket(SEED-09),SEED-09,cited by SEED-09's merged_from (merged_from),S1a,
F-073,finding,B3:NEW-8,"PHASE LOG entries are essays, not one-line summaries: median 2,703 B, p90 5,076 B, max 6,523 B, 111 of 170 over 2 KiB; they are 490,036 B =…",S3,ticket(SEED-05),SEED-05,cited by SEED-05's merged_from (merged_from),S1a,
F-074,finding,B4:NEW-1,The Round-11 planning ledger repeats F-21 today: 24 META_PLAN §11 change-log entries are stamped 5-152 min after the commits that wrote the…,S1,ticket(SEED-00),SEED-00,cited by SEED-00's merged_from (merged_from),S1a,
F-075,finding,B4:NEW-2,"The planning ledger's CURRENT STATE is stale: nextUnit WAVE-2, lastCompleted A1, updatedAt 2026-09-30T16:05Z are unchanged since b210aa95 w…",S2,ticket(SEED-00),SEED-00,cited by SEED-00's merged_from (merged_from),S1a,
F-076,finding,B4:NEW-3,"Six real-tree test pins will turn the Stage-B seed and T4 red: test_agent_docs_current_state pins nextTicket HUMAN-H4, lastCompleted P33.8 …",S2,ticket(SEED-03),SEED-03,cited by SEED-03's merged_from (merged_from),S1a,
F-077,finding,B4:NEW-4,"docs/build/tools/test_check_spec_src.py is never collected by pytest (testpaths = ['tests']), so SIG-ENG-039's checker has no test in any g…",S2,ticket(SEED-02),SEED-02,cited by SEED-02's merged_from (merged_from),S1a,
F-078,finding,B4:NEW-5,B2's proposed guard policy location docs/build/APPEND_ONLY.toml would itself violate BM-LAYOUT-01: the vendored validator's docs/build root…,S3,ticket(SEED-02),SEED-02,cited by SEED-02's merged_from (merged_from),S1a,
F-079,finding,B4:NEW-6,"F-32's A2 amendment is wrong on '79 rows': 79/144 ADR index rows have Title '—' (every ADR whose H1 is '# ADR-NNN — …', from ADR-066 on), b…",S3,ticket(R11-MEM-09),R11-MEM-09,cited by R11-MEM-09's merged_from (merged_from),S1a,
F-080,finding,B4:NEW-7,Validators pin living counts as constants (check_coverage_matrix EXPECTED_ROWS = 715 and a hard-coded ROUTINGS enum; check_spec_src BASELIN…,S3,ticket(SEED-15),SEED-15,cited by SEED-15's merged_from (merged_from),S1a,
F-081,finding,B4:NEW-8,No readout contains the guard sentence 'an agent must not sign or assume silence is approval' (0 of 11); the signing commits deleted it and…,S2,ticket(R11-MEM-07),R11-MEM-07,cited by R11-MEM-07's merged_from (merged_from),S1a,
F-082,finding,B4:NEW-9,"Memory and record checks never run on pushes to main: the CI docs job (the only job running check-build-memory) is pull_request-only, so me…",S3,ticket(SEED-02),SEED-02,cited by SEED-02's merged_from (merged_from),S1a,
F-083,finding,B4:NEW-10,"B3 and B5 conflict on where the harness identity lives: B5 OM-01 records 'harness:' in CURRENT STATE, while B3 fixes CURRENT STATE at the 1…",S3,ticket(SEED-17),SEED-17,cited by SEED-17's merged_from (merged_from),S1a,
F-084,finding,B5:NEW-1,Harness and model identity are never recorded in build memory: dispatchTarget reads 'Devin CLI isolated-subagent primitive' in all 194 LEDG…,S2,ticket(SEED-17),SEED-17,routed_to names SEED-17,S1b,
F-085,finding,B5:NEW-2,"F-20 refinement: CI was read only inside CI-specific tickets (P20.3 on 2026-09-09, P24.4 on 2026-09-14) and never at a ticket boundary afte…",S2,ticket(R11-CI-02),R11-CI-02,recorded-CI verifier: every ticket reads its PR checks,B5,OP-06 SEED-17
F-086,finding,B5:NEW-3,"Gate census quantifying F-36: of 76 gate-decision records (53 deleted by c2055d96, 23 current), 35 (46%) are answers at a pause with eviden…",S2,ticket(SEED-17),SEED-17,routed_to names SEED-17,S1b,
F-087,finding,B5:NEW-4,"Rows 88-116 (P25.1-P26.19, 29 rows) ran with no round designation; P25.1-P25.6 landed interactively outside implement-spec on devin/deploy-…",S2,ticket(SEED-17),SEED-17,routed_to names SEED-17,S1b,
F-088,finding,B5:NEW-5,The Round-10 closing tail (P33.4-P33.8) certified the repo against itself: 0 production or CI reads; a stale readiness line re-certified; R…,S2,ticket(R11-SAFE-05),R11-SAFE-05,cited by R11-SAFE-05's merged_from (merged_from),S1a,
F-089,finding,B5:NEW-6,Acceptance and progress reporting did not convey the layer reached: the operator signed ACCEPT-R10 '34 MET / 2 PARTIAL / 4 MISSING' on 2026…,S2,ticket(SEED-17),SEED-17,routed_to names SEED-17,S1b,
F-090,finding,B5:NEW-7,Build-memory bookkeeping load and dependence on repair: 227 of 480 non-merge commits touch only docs/build or docs/tickets; 27 are separate…,S3,ticket(SEED-10),SEED-10,slim living head + archive cuts bookkeeping load (B3),B3,R11-MEM-05 LATER-13
F-091,finding,B5:NEW-8,"F-19 refinement: 9 of the 11 test files that reference living build-memory records were added in Round 10 (2026-09-26..09-28), P33.7 added …",S3,ticket(SEED-03),SEED-03,cited by SEED-03's merged_from (merged_from),S1a,
F-092,finding,B7:NEW-1,Harness and model of every chain commit are recoverable from the local session stores: Round 9 Wave B + tail and all of Round 10 (P31.6 -> …,S2,ticket(SEED-17),SEED-17,routed_to names SEED-17,S1b,
F-093,finding,B7:NEW-2,"'Devin' is a harness, not a model, and trailers mark only orchestrator commits: the Devin trailer spans Claude Opus 4.8 (medium/high/max), …",S2,ticket(SEED-17),SEED-17,routed_to names SEED-17,S1b,
F-094,finding,B7:NEW-3,GATE-G3 and ACCEPT-R10: the signed readout texts were composed 32 s and 51 s after the operator's one-line approvals and never appeared bef…,S2,ticket(SEED-08),SEED-08,readout provenance addenda; true approval times recorded,B7,OP-18 gate:OD-10 gate:Q-E2-18
F-095,finding,B7:NEW-4,"Three harnesses worked in the same ~/Eleutheria checkout in overlapping windows, and the operator's merge sittings (plus opening PR #148 an…",S3,ticket(SEED-17),SEED-17,routed_to names SEED-17,S1b,
F-096,finding,C2:NEW-1,Visual-language page asserts unlabelled fixture facts about real named agencies and a vendor,S0,ticket(R11-ACT-06),R11-ACT-06,cited by R11-ACT-06's merged_from (merged_from),S1a,
F-097,finding,C2:NEW-2,Public source identifiers embed what appear to be personal ArcGIS account handles (redacted),S0,ticket(R11-SAFE-01),R11-SAFE-01,cited by R11-SAFE-01's merged_from (merged_from),S1a,
F-098,finding,C2:NEW-3,Dispute page offers no way to submit and does not say the receiver is not operating,S1,ticket(R11-ACT-06),R11-ACT-06,C6 RI-04 owner,S1a,
F-099,finding,C2:NEW-4,Belief-pinned permalinks are not pinned: the server ignores as_of and ruleset parameters,S1,ticket(R11-K13-TX-13a),R11-K13-TX-13a,RI-14 owner (C6 absorbs C2:NEW-4),C6,R11-K13-TX-13b R11-REL-09 RI-14
F-100,finding,C2:NEW-5,Dossier 'unknown' values omit the kind of absence; five sections render as empty headings,S1,ticket(R11-K13-UXW0-1),R11-K13-UXW0-1,RI-12 owner (C6 absorbs C2:NEW-5),C6,R11-K13-VIZ-02 RI-12
F-101,finding,C2:NEW-6,"Print dossier omits as-of and permalink on page 1, has an orphan page, and no licence",S1,ticket(R11-K13-TX-13a),R11-K13-TX-13a,RI-13 owner (C6 absorbs C2:NEW-6),C6,R11-K13-UXK14-9 RI-13
F-102,finding,C2:NEW-7,No link path from any displayed figure to its evidence; evidence viewer is empty,S1,ticket(R11-K13-TX-09),R11-K13-TX-09,RI-07 owner (C6 absorbs C2:NEW-7),C6,R11-K13-TX-08a R11-K13-UXW0-2 RI-07
F-103,finding,C2:NEW-8,"Bulk data, manifest, API and terms are not linked anywhere on the site",S1,ticket(R11-K13-UXW0-4),R11-K13-UXW0-4,RI-15 owner (C6 absorbs C2:NEW-8),C6,R11-K13-TX-10b RI-15
F-104,finding,C2:NEW-9,Interactive map renders only a few dozen points on a blank canvas; streets show nothing,S1,ticket(R11-K13-MAP-01a),R11-K13-MAP-01a,RI-16 owner (C6 absorbs C2:NEW-9),C6,R11-K13-MAP-02 RI-16
F-105,finding,C2:NEW-10,Jurisdictions shown only as bare codes; place-name searches return 0 though dossiers exist,S1,ticket(R11-K13-UXW0-5),R11-K13-UXW0-5,RI-09 owner (C6 absorbs C2:NEW-10),C6,RI-09
F-106,finding,C2:NEW-11,"Network explorer names no entity: 131 UUID nodes, one edge type, no access-type filter",S1,ticket(R11-K13-GX-02),R11-K13-GX-02,RI-22 owner (C6 absorbs C2:NEW-11),C6,R11-K13-GX-01 R11-K13-UXW0-6 RI-22
F-107,finding,C2:NEW-12,Editorial-standards page presents a fixture two-reviewer review of a non-existent dossier,S1,ticket(R11-ACT-06),R11-ACT-06,cited by R11-ACT-06's merged_from (merged_from),S1a,
F-108,finding,C2:NEW-13,Methodology calls the ER holdout 'human-verified' while the same page says LLM/agent-labelled,S1,ticket(R11-ACT-06),R11-ACT-06,RI-18 owner (C6 absorbs C2:NEW-13),C6,R11-CONF-02 RI-18
F-109,finding,C2:NEW-14,'How we know this' shows site-wide totals on every dossier; tier sum is 6 short of claims,S1,ticket(R11-K13-UXW0-1),R11-K13-UXW0-1,RI-17 owner (C6 absorbs C2:NEW-14),C6,R11-DATA-04 R11-K13-DSRC-01 RI-17
F-110,finding,C2:NEW-15,"Sources appear only as internal keys with no publisher, link, date or licence",S1,ticket(R11-K13-TX-02),R11-K13-TX-02,RI-08 owner (C6 absorbs C2:NEW-15),C6,R11-K13-UX9-3 RI-08
F-111,finding,C2:NEW-16,Map attribution credits third-party licensed compartments to '© SIG contributors',S1,ticket(R11-ACT-07),R11-ACT-07,cited by R11-ACT-07's merged_from (merged_from),S1a,
F-112,finding,C2:NEW-17,Home and coverage pages list 126 'N of N subjects with a resolved <snake_case> value' tiles,S2,ticket(R11-K13-UXW0-1),R11-K13-UXW0-1,RI-33 owner (C6 absorbs C2:NEW-17),C6,RI-33
F-113,finding,C2:NEW-18,Three different site counts appear under similar labels on different pages,S2,ticket(R11-DATA-04),R11-DATA-04,RI-34 owner (C6 absorbs C2:NEW-18),C6,RI-34
F-114,finding,C2:NEW-19,'Resolved sites' figure shown without the PROVISIONAL disclosure methodology promises,S2,ticket(R11-K13-UXW0-1),R11-K13-UXW0-1,RI-36 owner (C6 absorbs C2:NEW-19),C6,RI-36
F-115,finding,C2:NEW-20,"Dossier figures carry no support glyph, epistemic fields or contested marker",S2,ticket(R11-K13-CX-01),R11-K13-CX-01,RI-35 owner (C6 absorbs C2:NEW-20),C6,R11-K13-UXW0-1 RI-35
F-116,finding,C2:NEW-21,Research queue has no geographic filter and task cards expose only internal ids,S2,ticket(R11-K13-RQ-01),R11-K13-RQ-01,RI-40 owner (C6 absorbs C2:NEW-21),C6,RI-40
F-117,finding,C2:NEW-22,Task pages claim a task 'has been generated' on a static GET and say nothing about how to help,S2,ticket(R11-K13-UXW0-3),R11-K13-UXW0-3,RI-41 owner (C6 absorbs C2:NEW-22),C6,RI-41
F-118,finding,C2:NEW-23,Map 'Layers' are inert labels; derived layers are said to be separately toggled,S2,ticket(R11-K13-MAP-03a),R11-K13-MAP-03a,RI-45 owner (C6 absorbs C2:NEW-23),C6,RI-45
F-119,finding,C2:NEW-24,"Map, network and search pages exceed their byte budgets and shift layout",S2,ticket(R11-K13-UXK0-2),R11-K13-UXK0-2,RI-48 owner (C6 absorbs C2:NEW-24),C6,RI-48
F-120,finding,C2:NEW-25,"Accessibility: reflow overflow at 320 px, label-in-name mismatch, duplicate landmarks",S2,ticket(R11-K13-UXW0-4),R11-K13-UXW0-4,RI-49 owner (C6 absorbs C2:NEW-25),C6,RI-49
F-121,finding,C2:NEW-26,Unknown routes and missing dossiers return a bare nginx 404 with no way home,S2,ticket(R11-K13-UXW0-4),R11-K13-UXW0-4,RI-52 owner (C6 absorbs C2:NEW-26),C6,RI-52
F-122,finding,C2:NEW-27,"No sitemap, one generic meta description on every page, no social or dataset metadata",S2,ticket(R11-K13-UXW0-4),R11-K13-UXW0-4,RI-51 owner (C6 absorbs C2:NEW-27),C6,RI-51
F-123,finding,C2:NEW-28,"Methodology omits resolver version, snapshot date and SIG's avoidance position",S2,ticket(R11-K13-TX-13a),R11-K13-TX-13a,RI-39 owner (C6 absorbs C2:NEW-28),C6,RI-39
F-124,finding,C2:NEW-29,Freshness shows all 178 sources 'ok' with volatility 'unknown' and no data age,S2,ticket(R11-K13-UX9-2),R11-K13-UX9-2,RI-21 owner (C6 absorbs C2:NEW-29),C6,RI-21
F-125,finding,C2:NEW-30,"Coverage page promises bounds, reconciliation ratios and recall but shows none",S2,ticket(R11-K13-UXW0-1),R11-K13-UXW0-1,RI-38: coverage copy stops promising metrics the release lacks,C6,RI-38 RI-19
F-126,finding,C2:NEW-31,"Dossier JSON carries no licence, attribution or release id",S2,ticket(R11-ACT-07),R11-ACT-07,RI-42 owner (C6 absorbs C2:NEW-31),C6,RI-42
F-127,finding,C2:NEW-32,Mobile map: tiny viewport mostly covered by the attribution block; list needs island load,S2,ticket(R11-K13-MAP-03b),R11-K13-MAP-03b,RI-47 owner (C6 absorbs C2:NEW-32),C6,RI-47
F-128,finding,C2:NEW-33,"Contribution-back links 'Organised Editing activity page' to /methodology/, which lacks it",S3,ticket(R11-K13-UXW0-4),R11-K13-UXW0-4,RI-59 owner (C6 absorbs C2:NEW-33),C6,RI-59
F-129,finding,C2:NEW-34,Corrections log does not state when the log started,S3,ticket(R11-ACT-06),R11-ACT-06,RI-60 owner (C6 absorbs C2:NEW-34),C6,RI-60
F-130,finding,C3:NEW-1,Public API dossier endpoint returns the same 25 unrelated subjects and sources for every scope,S0,ticket(R11-ACT-08),R11-ACT-08,cited by R11-ACT-08's merged_from (merged_from),S1a,R11-ACT-11
F-131,finding,C3:NEW-2,Personal ArcGIS account handles appear inside public source identifiers,S0,ticket(R11-SAFE-01),R11-SAFE-01,cited by R11-SAFE-01's merged_from (merged_from),S1a,
F-132,finding,C3:NEW-3,Every dossier shows the national 'How we know this' totals instead of dossier-specific provenance,S1,ticket(R11-K13-UXW0-1),R11-K13-UXW0-1,RI-17 owner (C6 absorbs C3:NEW-3),C6,R11-DATA-04 R11-K13-DSRC-01 RI-17
F-133,finding,C3:NEW-4,Methodology calls the resolver holdout 'human-verified' and shows P/R/F1 1.000 from a single pair,S1,ticket(R11-ACT-06),R11-ACT-06,RI-18 owner (C6 absorbs C3:NEW-4),C6,R11-CONF-02 RI-18
F-134,finding,C3:NEW-5,Coverage says all 232625 subjects have a resolved latitude while 5290 are withheld as conflicting,S1,ticket(R11-DATA-04),R11-DATA-04,RI-20 owner (C6 absorbs C3:NEW-5),C6,RI-20
F-135,finding,C3:NEW-6,"Dossier 'geolocated in <jurisdiction>' counts include points located elsewhere (CA, GB-ENG, TH, ID)",S1,ticket(R11-K13-JUR-02b),R11-K13-JUR-02b,RI-11: placement engine + geometry detectors,C6,R11-DATA-01 R11-K13-JUR-01 RI-11
F-136,finding,C3:NEW-7,Dossier banner says '1 unresearched field' while 12 fields show 'unknown' and 5 sections are empty,S1,ticket(R11-K13-UXW0-1),R11-K13-UXW0-1,RI-12 owner (C6 absorbs C3:NEW-7),C6,R11-K13-VIZ-02 RI-12
F-137,finding,C3:NEW-8,Freshness page shows 0 stale entities for all 178 sources although staleness was never evaluable,S1,ticket(R11-K13-UX9-2),R11-K13-UX9-2,RI-21 owner (C6 absorbs C3:NEW-8),C6,RI-21
F-138,finding,C3:NEW-9,Map attribution credits third-party share-alike and OGL tile data to 'SIG contributors',S1,ticket(R11-ACT-07),R11-ACT-07,cited by R11-ACT-07's merged_from (merged_from),S1a,
F-139,finding,C3:NEW-10,API coverage endpoint reports complete coverage with zero evaluated for jurisdictions with open gaps,S1,ticket(R11-ACT-08),R11-ACT-08,cited by R11-ACT-08's merged_from (merged_from),S1a,
F-140,finding,C3:NEW-11,'Contradictions kept visible: 2 open of 2' omits the 5290 coordinate conflicts shown elsewhere,S2,ticket(R11-K13-CX-01),R11-K13-CX-01,RI-35 owner (C6 absorbs C3:NEW-11),C6,R11-K13-UXW0-1 RI-35
F-141,finding,C3:NEW-12,Provenance headline counts 6 unpublished claims; 'resolvable' evidence is not publicly viewable,S2,ticket(R11-K13-TX-09),R11-K13-TX-09,RI-07 owner (C6 absorbs C3:NEW-12),C6,R11-K13-TX-08a R11-K13-UXW0-2 RI-07
F-142,finding,C3:NEW-13,"'How we know this' field labels misdescribe their values (Independent sources, Artifacts)",S2,ticket(R11-K13-UXW0-1),R11-K13-UXW0-1,RI-17 owner (C6 absorbs C3:NEW-13),C6,R11-DATA-04 R11-K13-DSRC-01 RI-17
F-143,finding,C3:NEW-14,'55 jurisdictions … publishable standard' counts the unresolved bucket and mixes code schemes,S2,ticket(R11-K13-JUR-01),R11-K13-JUR-01,RI-10 owner (C6 absorbs C3:NEW-14),C6,RI-10
F-144,finding,C3:NEW-15,Coverage and methodology copy promise metric kinds the release does not contain,S2,ticket(R11-K13-UXW0-1),R11-K13-UXW0-1,RI-38 owner (C6 absorbs C3:NEW-15),C6,RI-38
F-145,finding,C3:NEW-16,"Map table prints counts the figure suppresses for 601 low-coverage cells, under a 'Devices' header",S2,ticket(R11-K13-UXW0-6),R11-K13-UXW0-6,RI-46 owner (C6 absorbs C3:NEW-16),C6,RI-46
F-146,finding,C3:NEW-17,"Portal bulk files carry 4369 duplicated site rows; manifest row_count counts rows, not sites",S2,ticket(R11-K13-TX-10a),R11-K13-TX-10a,RI-43 owner (C6 absorbs C3:NEW-17),C6,RI-43
F-147,finding,C3:NEW-18,Several displayed numbers cannot be traced to any public release artifact,S2,ticket(R11-K13-TX-09),R11-K13-TX-09,RI-37 owner (C6 absorbs C3:NEW-18),C6,RI-37
F-148,finding,C3:NEW-19,23566 geolocated entities repeat another same-source entity's exact point (3161 with the same label),S2,ticket(R11-CONF-07a),R11-CONF-07a,RI-44 owner (C6 absorbs C3:NEW-19),C6,RI-44
F-149,finding,C3:NEW-20,Methodology camera-site eval figures predate the release they are shown with,S2,ticket(R11-ACT-06),R11-ACT-06,RI-18 owner (C6 absorbs C3:NEW-20),C6,R11-CONF-02 RI-18
F-150,finding,C3:NEW-21,Freshness covers only the 178 site sources; 41 other evidence sources have no freshness row,S2,ticket(R11-K13-UX9-2),R11-K13-UX9-2,RI-21 owner (C6 absorbs C3:NEW-21),C6,RI-21
F-151,finding,C4:NEW-1,Release-archive relative links are one level too shallow: browse and evidence links 404,S1,ticket(R11-ACT-16),R11-ACT-16,cited by R11-ACT-16's merged_from (merged_from),S1a,
F-152,finding,C4:NEW-2,"Research dossiers present hand-authored stand-in documents as captured sources, undisclosed",S1,ticket(R11-ACT-18),R11-ACT-18,cited by R11-ACT-18's merged_from (merged_from),S1a,
F-153,finding,C4:NEW-3,Research dossier headline says 'Reviewed research dossier' while independent review is not_run,S1,ticket(R11-ACT-18),R11-ACT-18,cited by R11-ACT-18's merged_from (merged_from),S1a,
F-154,finding,C4:NEW-4,"Empty release-search state calls a no-match a 'recorded absence, not missing research'",S1,ticket(R11-ACT-19),R11-ACT-19,cited by R11-ACT-19's merged_from (merged_from),S1a,
F-155,finding,C4:NEW-5,Release-archive pages have no dispute/correction link and no site navigation,S1,ticket(R11-ACT-16),R11-ACT-16,cited by R11-ACT-16's merged_from (merged_from),S1a,
F-156,finding,C4:NEW-6,Archive records render configured and observed access edges both as untyped 'sharing_access',S1,ticket(R11-ACT-16),R11-ACT-16,cited by R11-ACT-16's merged_from (merged_from),S1a,
F-157,finding,C4:NEW-7,Released dossier pages omit the provisional/eval-deferred posture and are unreachable by links,S1,ticket(R11-ACT-16),R11-ACT-16,cited by R11-ACT-16's merged_from (merged_from),S1a,
F-158,finding,C4:NEW-8,Reviewer detail route returns HTTP 500 with the PostgreSQL intake store (UUID not serialisable),S1,ticket(R11-ACT-20),R11-ACT-20,cited by R11-ACT-20's merged_from (merged_from),S1a,
F-159,finding,C4:NEW-9,No production wiring for release search or intake: /v1 and /intake 404 on the web origin,S1,ticket(R11-ACT-17),R11-ACT-17,cited by R11-ACT-17's merged_from (merged_from),S1a,
F-160,finding,C4:NEW-10,Web deploy rsync --delete would erase the staged release tree; /releases/index.html collides,S1,ticket(R11-ACT-05),R11-ACT-05,cited by R11-ACT-05's merged_from (merged_from),S1a,R11-REL-08
F-161,finding,C4:NEW-11,"GATE-G3-accepted staging candidate is a fixture: 0 records, example.test evidence, future as-of",S1,ticket(SEED-08),SEED-08,RI-24: the fixture candidate is superseded by record (Q-12); a real candidate is R11-ACT-15,C6,R11-ACT-15 R11-SAFE-05 R11-ACT-16 gate:Q-12
F-162,finding,C4:NEW-12,Release search scope says '63 eligible' while 2 withdrawn records are silently excluded,S2,ticket(R11-ACT-19),R11-ACT-19,cited by R11-ACT-19's merged_from (merged_from),S1a,
F-163,finding,C4:NEW-13,Release-search and intake error states return raw JSON to no-JS HTML clients,S2,ticket(R11-ACT-19),R11-ACT-19,cited by R11-ACT-19's merged_from (merged_from),S1a,
F-164,finding,C4:NEW-14,"Withdrawn routes get nginx's generic 410, not the tombstone; /index.html alias skips the deny map",S2,ticket(R11-ACT-17),R11-ACT-17,cited by R11-ACT-17's merged_from (merged_from),S1a,
F-165,finding,C4:NEW-15,Intake operating gate opens with owner empty and staffed=false,S2,ticket(R11-ACT-20),R11-ACT-20,cited by R11-ACT-20's merged_from (merged_from),S1a,
F-166,finding,C4:NEW-16,Intake rate limit keys on the direct peer and charges rejected submissions,S2,ticket(R11-ACT-20),R11-ACT-20,cited by R11-ACT-20's merged_from (merged_from),S1a,
F-167,finding,C4:NEW-17,"Reporter status shows only 'resolved': outcome, reviewer response and correction link are hidden",S2,ticket(R11-ACT-20),R11-ACT-20,cited by R11-ACT-20's merged_from (merged_from),S1a,
F-168,finding,C4:NEW-18,Approved correction can be unapplicable: proposal value shape is not checked against the target,S3,ticket(R11-ACT-20),R11-ACT-20,cited by R11-ACT-20's merged_from (merged_from),S1a,
F-169,finding,C4:NEW-19,"Intake form defaults to 'Privacy harm', lacks a viewport meta and needs hand-typed record ids",S2,ticket(R11-ACT-20),R11-ACT-20,cited by R11-ACT-20's merged_from (merged_from),S1a,
F-170,finding,C4:NEW-20,Chain-tip /dispute/ says 'Anyone can ask SIG to correct' but names no working or interim channel,S2,ticket(R11-ACT-06),R11-ACT-06,cited by R11-ACT-06's merged_from (merged_from),S1a,
F-171,finding,C4:NEW-21,R10 pages fail 320px reflow: unbroken 66-char publication ids and wide tables scroll sideways,S2,ticket(R11-K13-UXW0-4),R11-K13-UXW0-4,RI-49 owner (C6 absorbs C4:NEW-21),C6,RI-49
F-172,finding,C4:NEW-22,"Research-dossier pages and JSON, and released dossier pages, carry no licence or attribution",S2,ticket(R11-ACT-18),R11-ACT-18,cited by R11-ACT-18's merged_from (merged_from),S1a,
F-173,finding,C4:NEW-23,Printed research dossiers have no permalink on any page and the as-of on page 1 only,S2,ticket(R11-ACT-18),R11-ACT-18,cited by R11-ACT-18's merged_from (merged_from),S1a,
F-174,finding,C4:NEW-24,Workspace 'Investigation views' links drop the live query; the no-JS quick-filter box is empty,S2,ticket(R11-K13-UXK0-5),R11-K13-UXK0-5,RI-53 owner (C6 absorbs C4:NEW-24),C6,RI-53
F-175,finding,C4:NEW-25,/map/ island misses the mobile perf floor on fixtures; R10 pages sit outside the Lighthouse matrix,S2,ticket(R11-K13-UXK0-2),R11-K13-UXK0-2,RI-48 owner (C6 absorbs C4:NEW-25),C6,RI-48
F-176,finding,C4:NEW-26,"Export-mode build from the P32.23a candidate fails, so R10 pages cannot render from a real candidate",S2,ticket(R11-ACT-16),R11-ACT-16,cited by R11-ACT-16's merged_from (merged_from),S1a,R11-ACT-15
F-177,finding,C4:NEW-27,Default fixture builds show real agencies and vendors with made-up claims and no fixture marker,S2,ticket(R11-SAFE-05),R11-SAFE-05,cited by R11-SAFE-05's merged_from (merged_from),S1a,
F-178,finding,C4:NEW-28,"R10 copy defects: duplicated gate text, raw enums, hard-coded 'next 50', hash-only titles",S3,ticket(R11-ACT-19),R11-ACT-19,cited by R11-ACT-19's merged_from (merged_from),S1a,
F-179,finding,C4:NEW-29,Release-namespace edge states: /r/<pub>/ gives 403; pseudo-compartment 'web' answers 503 retry,S3,ticket(R11-ACT-16),R11-ACT-16,cited by R11-ACT-16's merged_from (merged_from),S1a,
F-180,finding,C4:NEW-30,Curation app with intake moderation accepts the published demo tokens when none are provisioned,S2,ticket(R11-ACT-20),R11-ACT-20,cited by R11-ACT-20's merged_from (merged_from),S1a,
F-181,finding,C4:NEW-31,Zero-record release landing shows an empty compartments table marked 'Completeness: complete',S2,ticket(R11-ACT-16),R11-ACT-16,cited by R11-ACT-16's merged_from (merged_from),S1a,R11-ACT-15
F-182,finding,C4:NEW-32,"R10 artifacts show as-of, retrieval and data-release dates later than the real clock",S2,ticket(R11-ACT-18),R11-ACT-18,cited by R11-ACT-18's merged_from (merged_from),S1a,R11-SAFE-05 R11-ACT-15
F-183,finding,E1:NEW-1,"Live /editorial-standards/ presents a fixture hostile-reader review ('two reviewers independently', Reviewer A/B, 2026-08-19, 'Releasable')…",S0,ticket(R11-ACT-06),R11-ACT-06,"RI-06 / E2 H-1: fixture review removed, 'not yet performed'",E2,gate:Q-E2-01
F-184,finding,E1:NEW-2,"Crawler user-agent contact URL points at an unregistered domain (sig-project.org, NXDOMAIN) on every production fetch; no explanation page …",S1,operator-action(defensively register sig-project.org),OP-11,removes the hijackable contact domain at once; UA/contact moves in R11-SAFE-06,E2,R11-SAFE-06 gate:Q-E2-03
F-185,finding,E1:NEW-3,GL-GATE-02's promised label ('operator/engineering disposition pending counsel; counsel review recommended before real public exposure') ap…,S1,ticket(R11-ACT-06),R11-ACT-06,E2 H-6 publication-basis label in footer/methodology,E2,
F-186,finding,E1:NEW-4,"Public map and downloadable datasets omit upstream attribution required by their own licences (OGL-3.0, CC-BY-SA-2.0, public_record, operat…",S1,ticket(R11-ACT-07),R11-ACT-07,cited by R11-ACT-07's merged_from (merged_from),S1a,
F-187,finding,E1:NEW-5,"SIG-SEC-003 (transparency report on legal demands + response posture documented before the first demand) has no owner, decision, DEFERRALS …",S2,ticket(R11-GOV-03),R11-GOV-03,cited by R11-GOV-03's merged_from (merged_from),S1a,
F-188,finding,E1:NEW-6,"Executable Crawler Conduct Policy, source registry and outreach letter still state 'honor robots.txt', contradicting landed GL-GATE-08/ADR-…",S2,ticket(R11-GOV-04),R11-GOV-04,"crawler conduct policy, registry field and letter brought into line",E2,gate:Q-E2-02 gate:Q-E2-11
F-189,finding,E1:NEW-7,"Governance doc (public repo) asserts an editorial board 'exists, distinct from the technical maintainers' and that the project is 'not a pu…",S1,ticket(R11-GOV-01),R11-GOV-01,cited by R11-GOV-01's merged_from (merged_from),S1a,
F-190,finding,E1:NEW-8,"Coverage matrix records MET for requirements whose human, counsel, outreach or live leg never happened, and verdicts one outreach obligatio…",S1,ticket(SEED-14),SEED-14,routed_to names SEED-14,S1b,
F-191,finding,E1:NEW-9,"Three consequential records rest on operator words that are interrogative, tentative or instructional in form, with the decisive meaning su…",S1,decision(OD-12),OD-12,backward confirmations in the operator's own words; forward rule Q-E2-21 and lint R11-MEM-07,E2,R11-MEM-07 OP-18 gate:Q-E2-21
F-192,finding,E1:NEW-10,"Org-resolution eval is published as 'LLM adjudicator vs maintainer seed κ 0.714' on 'the frozen, human-verified holdout', but the adjudicat…",S1,ticket(R11-ACT-06),R11-ACT-06,cited by R11-ACT-06's merged_from (merged_from),S1a,
F-193,finding,E1:NEW-11,"Go-public (2026-09-16) never reconciled into the gate records: GATE-G2 readout still 'SKIPPED', PUBLICATION_CHECKLIST header 'go-public GAT…",S2,ticket(SEED-11),SEED-11,routed_to names SEED-11,S1b,
F-194,finding,E1:NEW-12,Web build publication gate publishes US public-employee names under SIG-PUB-017 without the SIG-PUB-007 five-prong test or SIG-PUB-008 conc…,S2,ticket(R11-SAFE-03),R11-SAFE-03,cited by R11-SAFE-03's merged_from (merged_from),S1a,
F-195,finding,E1:NEW-13,GL-GATE-07 execution applied the non-US database-right basis beyond its recorded rule: unresolved-jurisdiction community-published registri…,S2,decision(Q-E2-13),Q-E2-13,"GL-GATE-07 recognised with guardrails and out-of-rule rows re-decided, or reverted",E2,R11-SRC-01
F-196,finding,E1:NEW-14,"Software Heritage code deposit declined on the rationale 'repo stays private', but the repository is now public",S3,ticket(R11-TRANS-01),R11-TRANS-01,cited by R11-TRANS-01's merged_from (merged_from),S1a,
F-197,finding,E1:NEW-15,"GL-GATE-08's recorded risk presentation lists two operational risks only; the SIG-INGEST-037 counsel requirement, §26 rule 7 (honour opt-ou…",S2,ticket(R11-GOV-04),R11-GOV-04,cited by R11-GOV-04's merged_from (merged_from),S1a,
F-198,finding,E2:NEW-1,The SIG-UI-042 hostile-reader gate can only pass with two or more reviewer names and gates only the /editorial-standards/ page: a truthful …,S1,ticket(R11-ACT-06),R11-ACT-06,cited by R11-ACT-06's merged_from (merged_from),S1a,
F-199,finding,E2:NEW-2,Robots disregard under GL-GATE-08 is dominated by explicit refusals on one vendor platform and reaches EU government hosts: the P26.17 run …,S2,decision(Q-E2-11),Q-E2-11,"robots stance (re-confirm, narrow, or obey) shapes R11-GOV-04",E2,R11-GOV-04
F-200,finding,E2:NEW-3,"§26 rule 7 ('honor opt-out immediately') has no mechanism: no per-host opt-out register exists, and stopping a host requires editing the pa…",S2,ticket(R11-GOV-04),R11-GOV-04,opt-out register gives rule 7 a mechanism,E2,gate:Q-E2-11
F-201,finding,E3:NEW-1,Public /editorial-standards/ presents a completed two-reviewer hostile-reader review (SIG-UI-042) that is a fixture constant with placehold…,S1,ticket(R11-ACT-06),R11-ACT-06,cited by R11-ACT-06's merged_from (merged_from),S1a,
F-202,finding,E3:NEW-2,Human-evaluation reviewer workflow is not usable by non-technical external reviewers: each needs a personal PostgreSQL login and must hand-…,S2,"later-phase(>=2 independent labelers available and contact authorised, frame-affecting set landed, Q-24 aim recorded.)",LATER-01,cited by LATER-01's merged_from (merged_from),S1a,
F-203,finding,E3:NEW-3,The HUMAN-H4 dossier semantic review would review OKC/Tulsa/San Diego dossiers composed from hand-authored stand-in documents; it cannot va…,S2,later-phase(T-EVAL-IND: >=2 independent labellers available + outside contact authorised (L3 §6.5)),LATER-01,HUMAN-H4 superseded; any review waits for real captures (ACT-22) and independent reviewers,L3,R11-ACT-22
F-204,finding,E3:NEW-4,"Counsel obligations the spec requires (SIG-LIC-009 residuals incl. EU sui generis DB right, SIG-INGEST-037 robots deviation under GL-GATE-0…",S2,later-phase(operator obtains counsel (one-off ≈$0 pro bono or ≈$3.5k-10.5k paid).),LATER-05,cited by LATER-05's merged_from (merged_from),S1a,
F-205,finding,E3:NEW-5,Neither usability protocol can currently test the live public site for the design-center persona: P32.24 is restricted to staged synthetic …,S2,later-phase(participants available and outside contact authorised),LATER-02,live-site usability protocol,E3,
F-206,finding,E3:NEW-6,"D-JURIS.2-1 is listed as a rights/HG-03 row but its only remaining blocker is Belgian eID access (HG-04), a capability the operator lacks; …",S3,ticket(SEED-14),SEED-14,record correction: D-JURIS.2-1 is an HG-04 eID leg (WONTFIX),F1,
F-207,finding,E3:NEW-7,"The hosted count of legacy sig.org.name keys was never measured (P32.3 ran live_verification=false), so the D-P32.3-1 reviewer session cann…",S3,ticket(R11-DATA-08),R11-DATA-08,hosted read-only partner-name audit sizes the key set,F1,
F-208,finding,E3:NEW-8,The 0.98 auto-write gate is hard to reach with any affordable campaign: the smallest valid sample is n=149 for one tier with 0 errors (236 …,S2,decision(Q-L3-1),Q-L3-1,L3: measure and disclose; EVAL-004 waived for copy tiers only,L3,R11-CONF-02
F-209,finding,E4:NEW-1,"D-SOURCES.7-1 cell is stale: reads OPEN with all five DOT/511 rows gated, but dot_511_la/ga/al/md were flipped 2026-09-18 under GL-GATE-07 …",S2,ticket(SEED-14),SEED-14,routed_to names SEED-14,S1b,
F-210,finding,E4:NEW-2,D-SOURCES.12-1 leads PARTIAL though every leg is discharged (rights DONE via GL-GATE-07/P26.16; hosted tail DONE as D-SOURCES.17-1; 68 prob…,S2,ticket(SEED-14),SEED-14,routed_to names SEED-14,S1b,
F-211,finding,E4:NEW-3,D-SOURCES.9-2 (bonfire) still records a robots wall as its blocker although GL-GATE-08/ADR-088 made robots non-gating (P26.17 closed the an…,S2,ticket(SEED-14),SEED-14,routed_to names SEED-14,S1b,
F-212,finding,E4:NEW-4,D-JURIS.2-1 is registered in the Rights/reviewer lane but every rights leg is done (all four FR/BE sources flipped 2026-09-15 and live); th…,S3,ticket(SEED-14),SEED-14,routed_to names SEED-14,S1b,
F-213,finding,E4:NEW-5,OPERATIONAL_READINESS rights-lane text is stale versus the registry: it still describes France sources as ingestion_permitted=false / LO 2.…,S2,ticket(SEED-14),SEED-14,routed_to names SEED-14,S1b,
F-214,finding,E4:NEW-6,"RIGHTS_REVIEW_INDEX.md is a P21.1-era snapshot (115 registered, 0 ingestion_permitted) never regenerated — the registry now holds 342 sourc…",S2,ticket(R11-GOV-05),R11-GOV-05,cited by R11-GOV-05's merged_from (merged_from),S1a,
F-215,finding,E4:NEW-7,"Dossier live-return-pass target URLs diverge from the research-recorded URLs: 5 of 21 differ (OKC usage page, OKC amendment, SD ASR, SD ALP…",S2,ticket(R11-ACT-21),R11-ACT-21,cited by R11-ACT-21's merged_from (merged_from),S1a,
F-216,finding,E4:NEW-8,"ACQ_PILOT_RETURN_PASS.json bounded_questions and preconditions name SRC-010 (Sourcewell), which the pilot rejected for capacity; the select…",S3,ticket(R11-ACT-21),R11-ACT-21,cited by R11-ACT-21's merged_from (merged_from),S1a,
F-217,finding,E4:NEW-9,"GL-GATE-07 execution treated same-class rows differently by worklist membership, not by rights facts: flipped camreg_txdot_rep_tx (personal…",S3,ticket(R11-SRC-01),R11-SRC-01,rights batch re-decides same-class rows on rights facts (E4 R3-R5),E4,gate:Q-E2-13
F-218,finding,E4:NEW-10,"25 of 80 flipped sources that have a top-level rights packet still show a blank Decision line (and 'SPDX to record: UNDETERMINED'), e.g. ok…",S3,ticket(R11-GOV-05),R11-GOV-05,cited by R11-GOV-05's merged_from (merged_from),S1a,
F-219,finding,E4:NEW-11,A recorded flip of ingestion_permitted alone leaves 13 of this packet's gated rows REFUSED — 13 sit at compact_status=not_contacted and 5 a…,S3,ticket(R11-SRC-01),R11-SRC-01,cited by R11-SRC-01's merged_from (merged_from),S1a,
F-220,finding,F1:NEW-1,D-FEDERAL.1-1 cannot close on schedule. The SAM.gov sweep restarts at keyword 0 on every run while the api.data.gov key allows only ~10-11 …,S2,ticket(R11-SRC-02),R11-SRC-02,SAM.gov sweep resumes where it stopped,F1,R11-OPS-07
F-221,finding,F1:NEW-2,"D-P31.1-1 is recorded DONE, but its own verify rule fails on the hosted API: /v1/contradiction takes 13.6 s warm, and sig-api still runs th…",S2,ticket(SEED-14),SEED-14,routed_to names SEED-14,S1b,
F-222,finding,F1:NEW-3,"D-P31.5-2 is recorded DONE ('withhold flagged organisations from every public surface'), but the live API still labels a publication_review…",S2,ticket(SEED-14),SEED-14,routed_to names SEED-14,S1b,
F-223,finding,F1:NEW-4,"ADR-124 makes the operator's 'allow' dispositions for the HG-11-approved partner organisations an owed operator action, but no DEFERRALS ro…",S2,ticket(R11-ACT-10),R11-ACT-10,cited by R11-ACT-10's merged_from (merged_from),S1a,
F-224,finding,F1:NEW-5,"D-P21.3-2 is discharged by hosted scheduled jobs but stays OPEN on an obsolete blocker ('operator exports the env vars in the run shell'), …",S3,ticket(SEED-14),SEED-14,routed_to names SEED-14,S1b,
F-225,finding,F1:NEW-6,"The owed register's blocker classes are wrong for 12 of 36 rows against primary evidence, which skews thesis T3's human/operator vs enginee…",S3,ticket(SEED-14),SEED-14,routed_to names SEED-14,S1b,
F-226,finding,F1:NEW-7,"MuckRock has produced 0 claims on hosted: its only hosted execution hit the API's challenge. No owed row tracks this, and SOURCE_LIVE_OPS_M…",S3,ticket(R11-OPS-07),R11-OPS-07,cited by R11-OPS-07's merged_from (merged_from),S1a,
F-227,finding,F1:NEW-8,"OPERATIONAL_READINESS section (f3) points D-P21.7-1's return pass at docs/build/CONTRIBUTION_BACK_LIVE.md, which does not exist; the file i…",S3,ticket(SEED-14),SEED-14,routed_to names SEED-14,S1b,
F-228,finding,F2a:NEW-1,"Deployment-lifecycle reconciliation (reconcile/lifecycle.py) has no production caller, so the national dossier's timeline section is always…",S2,ticket(R11-DATA-05),R11-DATA-05,lifecycle into the dossier timeline,F2a,
F-229,finding,F2a:NEW-2,"SIG-PUB-012 asset-promotion gate is homeless: BL-009 was closed with the gate 'SPLIT OUT — separate follow-up … still unwired', no follow-u…",S2,ticket(R11-DATA-06),R11-DATA-06,asset-promotion gate gets a home,F2a,
F-230,finding,F2a:NEW-3,"The spec's own example of an affirmative machine-readable rights refusal (ALPR Abuse Library: ai-train=no, AI-crawler disallows, EU DSM Art…",S2,ticket(R11-GOV-04),R11-GOV-04,affirmative rights-reservation state,F2a,
F-231,finding,F2a:NEW-4,"The OSM connector writes mobility='mobile', which is not a value of the ontology Mobility enum; physical_asset.mobility has no CHECK and th…",S2,ticket(R11-DATA-03),R11-DATA-03,closed vocabulary at the sink,F2a,
F-232,finding,F2a:NEW-5,"SKOS technology scheme: 'private-camera-integration' is both a family and a technology slug, so the generated scheme asserts the concept sk…",S3,ticket(R11-DATA-03),R11-DATA-03,SKOS technology scheme slug conflict,F2a,
F-233,finding,F2a:NEW-6,"Source disappearance is detected and a research-task dict is built, but it is written only to the run-record JSON — never to evidence_artif…",S2,ticket(R11-DEBT-03),R11-DEBT-03,disappearance events written to the spine,F2a,
F-234,finding,F2a:NEW-7,Claim logical identity excludes extractor_version/normalizer_version: content_digest hashes the connector payload and ADR-121 records versi…,S2,ticket(R11-CONF-03a),R11-CONF-03a,claim identity scheme v2,F2a,
F-235,finding,F2a:NEW-8,"RISK-P17-02/08/13 (-> BL-043, closed) record 'the §22.7 EFF Data Library roster is the registered Phase-17 ingestion backlog', but 11 of th…",S2,ticket(R11-SRC-04),R11-SRC-04,§22.7 roster completeness,F2a,
F-236,finding,F2a:NEW-9,"Security baseline gaps behind SIG-SEC-006: the IaC deploys the Cloud Run service and GCE VM without a dedicated service account, and there …",S2,ticket(R11-OPS-01),R11-OPS-01,dedicated least-privilege service accounts,F2a,R11-OPS-08
F-237,finding,F2a:NEW-10,"'Claimed but no id-linked test' over-reports: the matrix id-linker misses grouped citations ('SIG-ONTO-020/054', '022/055', '023/024/060') …",S3,ticket(SEED-14),SEED-14,routed_to names SEED-14,S1b,
F-238,finding,F2b:NEW-1,"The 75-row MET-DIFFERENTLY ""process/governance"" family is a classifier default, not verified deviations: 65 ids with no evidence anywhere w…",S1,ticket(SEED-14),SEED-14,routed_to names SEED-14,S1b,
F-239,finding,F2b:NEW-2,SIG-EPIS-009 false-corroboration guard is inert: derived_from_claim_ids is plumbed into the claim spine but no connector sets it and claim-…,S2,ticket(R11-CONF-04),R11-CONF-04,derived_from persisted; materialize reads independence,F2b,SEED-14
F-240,finding,F2b:NEW-3,Evaluation requirements marked MET (SIG-EVAL-003/004) are contradicted by the operated path: production auto-write eligibility and the publ…,S2,ticket(R11-CONF-02),R11-CONF-02,cited by R11-CONF-02's merged_from (merged_from),S1a,
F-241,finding,F2b:NEW-4,"check_coverage_matrix.py runs in no gate (not make check, docs-check or CI) and checks only structure: it passes MET rows that cite OPEN de…",S2,ticket(SEED-15),SEED-15,cited by SEED-15's merged_from (merged_from),S1a,
F-242,finding,F2b:NEW-5,"Contributor-safety policy (public repo) says SIG has ""a named, monitored contact path"" and ""legal-defence resources SIG has identified in a…",S2,ticket(R11-GOV-01),R11-GOV-01,public-repo honesty corrections (contributor-safety claims),F2b,SEED-11
F-243,finding,F2b:NEW-6,"Owed human/operator legs of spec MUSTs with no DEFERRALS row, so they cannot be carried as MET-ENGINEERED and nothing counts them: hostile-…",S2,ticket(SEED-14),SEED-14,cited by SEED-14's merged_from (merged_from),S1a,
F-244,finding,F2b:NEW-7,The dormant-scheduler keepalive (SIG-GOV-021) has never run on GitHub; its first scheduled execution is 2026-10-01T07:00Z,S3,ticket(R11-OPS-07),R11-OPS-07,first keepalive run read back 2026-10-01T07:00Z,G1,
F-245,finding,F2b:NEW-8,"Ecosystem-leverage success measures: only 1 of the 6 required measures exists (reads 0 of 0), yet SIG-CHART-034 (MET-DIFFERENTLY) and SIG-M…",S2,ticket(R11-ACT-16),R11-ACT-16,leverage.json emitted or honestly absent; remaining measures wait on LATER-03,F2b,SEED-14 LATER-03
F-246,finding,F3:NEW-1,"An OPEN deferral (D-SOURCES.2-2) is homed on a closed BACKLOG row (BL-032), and check_backlog still reports ""deferral homes: 36/36"" because…",S3,ticket(SEED-15),SEED-15,cited by SEED-15's merged_from (merged_from),S1a,
F-247,finding,F3:NEW-2,D-R7.2-SEND's backlog home disagrees between the event log (BL-028) and its status cell (BL-057),S3,ticket(SEED-14),SEED-14,cited by SEED-14's merged_from (merged_from),S1a,
F-248,finding,F3:NEW-3,"Revisit triggers fire unevaluated: 68 of 144 have fired (42 without a recorded answer), 23 are homed on closed BL rows, and 83 sit on four …",S2,ticket(SEED-15),SEED-15,cited by SEED-15's merged_from (merged_from),S1a,
F-249,finding,F3:NEW-4,"Superseded ADRs still read ""Accepted"" and the generated ADR index has no superseded-by field",S3,ticket(SEED-11),SEED-11,cited by SEED-11's merged_from (merged_from),S1a,R11-MEM-09
F-250,finding,F3:NEW-5,F-33 refined: of 32 open BL rows 10 are satisfied by later rounds and 3 superseded; of 4 accepted rows BL-010 is superseded and BL-001 no l…,S2,ticket(SEED-14),SEED-14,cited by SEED-14's merged_from (merged_from),S1a,
F-251,finding,F3:NEW-6,"The public API dereferences every SIG identifier to a placeholder IRI under https://sig.example/id/, so the published linked data is not de…",S2,ticket(R11-SAFE-05),R11-SAFE-05,cited by R11-SAFE-05's merged_from (merged_from),S1a,R11-SAFE-06
F-252,finding,F3:NEW-7,"RISK-P21-03 (unbounded annotation history) is now live: its precondition fired when the annotation layer was persisted, yet it has no BL ro…",S3,ticket(SEED-14),SEED-14,cited by SEED-14's merged_from (merged_from),S1a,LATER-08
F-253,finding,F3:NEW-8,"13 ADRs carry counsel-conditioned revisit clauses that cannot fire, because counsel was replaced by operator-adopted drafts and operator at…",S3,ticket(SEED-11),SEED-11,routed_to names SEED-11,S1b,
F-254,finding,F3:NEW-9,D-P21.3-2's sole-blocker text ('operator exports the SIG_* credentials in the run shell') is obsolete: the keys sit in Secret Manager and a…,S3,ticket(SEED-14),SEED-14,routed_to names SEED-14,S1b,
F-255,finding,F3:NEW-10,"The same deviation is both accepted and owed: accepted BL-050 (LD-D01: physical DDL authored in sqitch, not generated from LinkML) vs open …",S3,ticket(R11-DEBT-02),R11-DEBT-02,cited by R11-DEBT-02's merged_from (merged_from),S1a,
F-256,finding,F3:NEW-11,"BACKLOG.md renders 17 rows twice (every P25+/P27+/P28+/P32+ row, under its landing heading and again under an ""unscheduled"" heading)",S3,ticket(SEED-14),SEED-14,BACKLOG.md duplicate rendering (F3 hygiene),F3,SEED-15
F-257,finding,F4:NEW-1,"E2-14's premise that auto-write runs in shadow mode is wrong: the PROVISIONAL production policy auto-wrote 2,337 camera-site decisions (tie…",S2,ticket(R11-CONF-02),R11-CONF-02,cited by R11-CONF-02's merged_from (merged_from),S1a,
F-258,finding,F4:NEW-2,Rows 184-187 cannot be re-entered 'in order' as the S3 deferral amendment promises: their new prerequisites would be Round-11 rows (validat…,S2,ticket(SEED-13),SEED-13,routed_to names SEED-13,S1b,
F-259,finding,F4:NEW-3,"B3's V2 nextTicket rule skips only deferred/superseded/unused rows, not pending HUMAN markers carried as RETURN PASS rows (BM-LEDGER-03), s…",S2,ticket(SEED-13),SEED-13,cited by SEED-13's merged_from (merged_from),S1a,
F-260,finding,F4:NEW-4,"Reviewer access on hosted requires first deploying the Round-10 sqitch stack: human_eval_campaign (sqitch L48) sits on L44-L47, which are v…",S2,later-phase(T-EVAL-IND: >=2 independent labellers available + outside contact authorised (L3 §6.5)),LATER-01,EV1 is first in the triggered segment and needs the Round-10 stack (ACT-11),L3,R11-ACT-11
F-261,finding,F4:NEW-5,"Round-11 Stream-I camera ingests and the I1/C3 coordinate, jurisdiction and camera-type fixes change the camera-site input mix and matching…",S2,ticket(SEED-13),SEED-13,routed_to names SEED-13,S1b,
F-262,finding,F4:NEW-6,"E3 §4's '2 tiers, 183 each' pass probabilities (0.16/0.40/0.83) are per tier; the probability that both tiers certify is 0.025/0.16/0.69 at…",S3,decision(Q-24),Q-24,per-tier vs joint pass probability bears on the certify-vs-measure aim (answered by Q-L3-1/2 if accepted),F4,
F-263,finding,F4:NEW-7,"The META_PLAN §11 change log is future-dated: commit 1b9b57b2 (committed 2026-09-30T17:39:46Z) added '2026-09-30T20:05Z — B3 done', and ent…",S2,ticket(SEED-00),SEED-00,planning-ledger correction entry before GATE-P,B4,
F-264,finding,F4:NEW-8,The two agent label sets agree on tier 1g (70/70 strict) but disagree materially on tier 3g (gold verifier 69/70 strict vs LLM labels 56/70…,S3,ticket(R11-CONF-02),R11-CONF-02,inferential tiers (incl. 3g) become review-only,L3,
F-265,finding,F4:NEW-9,"HUMAN-H4 bundles two independent human tasks — a device-label development pilot (labelers, needs reviewer access and a frame) and a dossier…",S2,ticket(SEED-13),SEED-13,routed_to names SEED-13,S1b,
F-266,finding,F4:NEW-10,Time-scale mismatch: Round 10's 40 engineering rows landed in about 44 hours (P32.1 2026-09-27T03:17:46Z to P33.8 2026-09-28T22:45:44Z) whi…,S2,ticket(SEED-13),SEED-13,routed_to names SEED-13,S1b,SEED-17
F-267,finding,F5:NEW-1,"F-19 extended forward (complements B5 NEW-8, which dates the files): a mutation probe proves 7 tests in 4 files go red because they pin liv…",S2,ticket(SEED-03),SEED-03,cited by SEED-03's merged_from (merged_from),S1a,
F-268,finding,F5:NEW-2,tasks.acquisition_pilot.check_pilot (a CI invariant and the `sig-tasks pilot check` CLI) requires D-P32.18-1…D-P32.21-1 to read OPEN in the…,S2,ticket(SEED-03),SEED-03,cited by SEED-03's merged_from (merged_from),S1a,
F-269,finding,F5:NEW-3,D-P32.16a-1 refined: the full-revert failure is an artifact of the postgis/postgis image (its initdb pre-creates postgis_topology/postgis_t…,S3,ticket(R11-ACT-09),R11-ACT-09,cited by R11-ACT-09's merged_from (merged_from),S1a,
F-270,finding,F5:NEW-4,Full `sqitch revert` also fails whenever a second database in the same PostgreSQL cluster carries the plan: roles are cluster-global and re…,S3,ticket(R11-ACT-09),R11-ACT-09,cited by R11-ACT-09's merged_from (merged_from),S1a,
F-271,finding,F5:NEW-5,"C4 NEW-26 generalised: the from-spine export path (run_spine_export — used by `sig-exports build --from-spine`, the national publish input …",S2,ticket(R11-ACT-16),R11-ACT-16,cited by R11-ACT-16's merged_from (merged_from),S1a,
F-272,finding,G1:NEW-1,"All Cloud Run services (3, each allUsers-invokable) and all 88 Cloud Run jobs run as the default compute service account, which holds roles…",S1,ticket(R11-OPS-01),R11-OPS-01,cited by R11-OPS-01's merged_from (merged_from),S1a,
F-273,finding,G1:NEW-2,sig-probe has failed every 6-hourly sweep since 2026-09-27T06:00Z (14 consecutive) on stale baked-in targets; its 28 critical alerts reache…,S1,ticket(R11-ACT-02),R11-ACT-02,cited by R11-ACT-02's merged_from (merged_from),S1a,
F-274,finding,G1:NEW-3,Scheduled GitHub 'observability' workflow reports success daily while measuring nothing (egress usage null; hosted probe skipped),S2,ticket(R11-OPS-02),R11-OPS-02,cited by R11-OPS-02's merged_from (merged_from),S1a,R11-MEM-02
F-275,finding,G1:NEW-4,"No bucket has object versioning, a retention policy or lifecycle rules (only the 7-day default soft delete; single region US-CENTRAL1); the…",S1,ticket(R11-ACT-01),R11-ACT-01,cited by R11-ACT-01's merged_from (merged_from),S1a,R11-OPS-04
F-276,finding,G1:NEW-5,"The sig-web bucket is public-read (allUsers objectViewer), a third public origin that serves the whole site outside nginx and is not needed…",S2,ticket(R11-ACT-01),R11-ACT-01,cited by R11-ACT-01's merged_from (merged_from),S1a,
F-277,finding,G1:NEW-6,Root cause of the /curate/ republish regression: the exclusion is a post-build deletion inside build_public_web() only; P31.16 synced a web…,S1,ticket(R11-ACT-05),R11-ACT-05,cited by R11-ACT-05's merged_from (merged_from),S1a,
F-278,finding,G1:NEW-7,Six demo fixture research-task pages (agency:okcpd × demo_* gap kinds) are publicly served under /task/new/; bare /task/ returns 403,S2,ticket(R11-ACT-06),R11-ACT-06,cited by R11-ACT-06's merged_from (merged_from),S1a,
F-279,finding,G1:NEW-8,33 of 79 Cloud Scheduler triggers fire for the first time between 2026-10-01 and 2026-10-21 (including the OSM replay); 12 of their jobs ha…,S2,ticket(R11-OPS-07),R11-OPS-07,cited by R11-OPS-07's merged_from (merged_from),S1a,
F-280,finding,G1:NEW-9,"Cron day-of-month + day-of-week OR-semantics defects: live sam_gov '0 5 1 * 1' (the repo fix '0 5 * * 1' was never applied), and the repo s…",S3,ticket(R11-OPS-03),R11-OPS-03,cited by R11-OPS-03's merged_from (merged_from),S1a,
F-281,finding,G1:NEW-10,"The Cloud Run job fleet runs 4 different ingest builds plus a tag-only curl image, and cadence.toml is baked into the images, so repo confi…",S2,ticket(R11-OPS-03),R11-OPS-03,cited by R11-OPS-03's merged_from (merged_from),S1a,
F-282,finding,G1:NEW-11,"The list-price cost estimate is ~$90-100/mo (Cloud SQL ~$53, HTTPS LB ~$18, sig-api min-instance ~$7-10, Scheduler $7.60, jobs ~$3-9, AR ~$…",S2,ticket(R11-ACT-03),R11-ACT-03,cited by R11-ACT-03's merged_from (merged_from),S1a,
F-283,finding,G1:NEW-12,"No Data Access audit logs are configured, so direct GCS reads of restricted bytes are unlogged at the infrastructure layer (app-level evide…",S2,ticket(R11-OPS-08),R11-OPS-08,cited by R11-OPS-08's merged_from (merged_from),S1a,
F-284,finding,G1:NEW-13,"Freshness drift quantified: 32 scheduled runs from 32 sources since the 2026-09-27 release emitted <=156,273 claims (<=6.4% of the 2,423,20…",S2,ticket(R11-REL-07),R11-REL-07,cited by R11-REL-07's merged_from (merged_from),S1a,
F-285,finding,G1:NEW-14,The production spine has never been restored at scale: the only 'restore drill' (2026-09-15) was a 5-claim seed database imported into the …,S1,ticket(R11-ACT-04),R11-ACT-04,cited by R11-ACT-04's merged_from (merged_from),S1a,
F-286,finding,G2:NEW-1,No operator tool exists to record the ADR-124 'allow' dispositions the Round-10 API activation depends on. db.dispositions.record_dispositi…,S2,ticket(R11-ACT-10),R11-ACT-10,cited by R11-ACT-10's merged_from (merged_from),S1a,
F-287,finding,G2:NEW-2,"The live sig-web image predates the P32.13 withdrawal barrier: its nginx.conf has no withdrawn_* include and no /r/, /releases/, /entity/ l…",S2,ticket(R11-ACT-17),R11-ACT-17,cited by R11-ACT-17's merged_from (merged_from),S1a,
F-288,finding,G2:NEW-3,Hosted deploy of sqitch L44 claim_assertion_bindings adds 'bound_at timestamptz NOT NULL DEFAULT clock_timestamp()' to claim_evidence; a vo…,S2,ticket(R11-ACT-09),R11-ACT-09,cited by R11-ACT-09's merged_from (merged_from),S1a,
F-289,finding,G2:NEW-4,G1's backup and logging hardening conflicts with the intake receiver's retention and no-network-identifier promises unless designed jointly…,S2,ticket(R11-ACT-23),R11-ACT-23,cited by R11-ACT-23's merged_from (merged_from),S1a,
F-290,finding,G2:NEW-5,Publishing the operator's personal address as the interim corrections channel (Q-29) routes the same content the receiver was built to mini…,S2,ticket(R11-ACT-23),R11-ACT-23,cited by R11-ACT-23's merged_from (merged_from),S1a,OP-10
F-291,finding,G2:NEW-6,"The live API S0 (C3 NEW-1, placeholder /v1/dossier) cannot be fixed without an API image roll, and the only chain-consistent roll is the Ro…",S2,ticket(R11-ACT-08),R11-ACT-08,cited by R11-ACT-08's merged_from (merged_from),S1a,
F-292,finding,G2:NEW-7,"Timing conflict between G1 and the §7.1 decision: G1 designed alerts (QA-3/4/5), deletion protection and the maintenance window for before …",S2,ticket(R11-ACT-02),R11-ACT-02,cited by R11-ACT-02's merged_from (merged_from),S1a,
F-293,finding,G2:NEW-8,"The first-fire picture is a monthly 8-day write window, not a single 10-10 event: of the 33 never-fired triggers, 32 fire 10-01T06:00Z..10-…",S3,ticket(R11-OPS-07),R11-OPS-07,cited by R11-OPS-07's merged_from (merged_from),S1a,
F-294,finding,G2:NEW-9,"The P32.22 live packet's storage-headroom ceilings are fractions (warn 0.7, require disposition 0.85, >=0.2 free per batch), but sig-pg has…",S3,ticket(R11-ACT-01),R11-ACT-01,cited by R11-ACT-01's merged_from (merged_from),S1a,R11-ACT-14
F-295,finding,G2:NEW-10,No hosted execution host exists for any Round-10 live return pass: the P32.22/P32.23a/P32.25 packets use $SIG_HOSTED_DSN and '<mounted OCFL…,S3,ticket(R11-ACT-13),R11-ACT-13,cited by R11-ACT-13's merged_from (merged_from),S1a,
F-296,finding,G2:NEW-11,The planning ledger repeats the F-21 clock failure that P2 forbids: META_PLAN §11 change-log entries are stamped later than the commits tha…,S2,ticket(SEED-00),SEED-00,cited by SEED-00's merged_from (merged_from),S1a,
F-297,finding,G3:NEW-1,"The public release id is not content-addressed: data_release_id = sig-<as-of date>-<sha256(as-of date, belief date, ruleset, resolver)[:8]>…",S2,ticket(R11-REL-01),R11-REL-01,cited by R11-REL-01's merged_from (merged_from),S1a,
F-298,finding,G3:NEW-2,The live release was not belief-pinned (belief_pinned: false in its own artifacts; export.sh never passes --belief) yet records as_of_belie…,S2,ticket(R11-REL-01),R11-REL-01,cited by R11-REL-01's merged_from (merged_from),S1a,
F-299,finding,G3:NEW-3,"Release code identity is unverifiable: resolver_version and renderer.version are the placeholder 0.0.0 in every release (09-24, 09-27 and t…",S2,ticket(R11-REL-10),R11-REL-10,cited by R11-REL-10's merged_from (merged_from),S1a,R11-REL-01
F-300,finding,G3:NEW-4,The withdrawal deny include is read only when nginx starts and no reload or roll path exists: a withdrawal written to the gcsfuse-mounted b…,S2,ticket(R11-REL-03b),R11-REL-03b,cited by R11-REL-03b's merged_from (merged_from),S1a,R11-REL-08
F-301,finding,G3:NEW-5,Release trees and staging registries are committed to the public repository (898 /r/p-… files and 84 registry files under docs/build/report…,S3,ticket(R11-REL-03a),R11-REL-03a,cited by R11-REL-03a's merged_from (merged_from),S1a,
F-302,finding,G3:NEW-6,"J3's /s/<pub>/ page-snapshot build assumes base-path support the web code lacks: no base in astro.config.mjs, 0 BASE_URL uses and 85 root-a…",S3,ticket(R11-K13-TX-13b),R11-K13-TX-13b,cited by R11-K13-TX-13b's merged_from (merged_from),S1a,
F-303,finding,H1:NEW-1,"F-18 amended: the #141-#154 npm ci red is a PR-base artifact; bottom-up merge onto main keeps main's in-sync lockfile at every step, yields…",S3,operator-action(Bottom-up merge sitting #141-#190 (+ optional v0.1.0 tag)),OP-08,cited by OP-08's merged_from (merged_from),S1a,
F-304,finding,H1:NEW-2,Web lockfile drift recurs because the npm/node toolchain is unpinned: 5 repair episodes and 25 lockfile-repair commits (2026-09-13..09-29);…,S2,ticket(R11-CI-01),R11-CI-01,cited by R11-CI-01's merged_from (merged_from),S1a,
F-305,finding,H1:NEW-3,web and composed CI gates never executed on any #141-#154 state (npm ci aborts first); the intermediate web states after #151 and #152 (17 …,S2,operator-action(Bottom-up merge sitting #141-#190 (+ optional v0.1.0 tag)),OP-08,cited by OP-08's merged_from (merged_from),S1a,
F-306,finding,H1:NEW-4,main CI concurrency (cancel-in-progress) plus rapid sequential merges leaves intermediate main states unverified: 28 of 30 push runs cancel…,S2,ticket(R11-CI-01),R11-CI-01,cited by R11-CI-01's merged_from (merged_from),S1a,
F-307,finding,H1:NEW-5,P33.6 integration loop is unbounded: it merges every open PR in ascending order and would sweep Round-11 PRs (#192+) and an unratified Stag…,S2,operator-action(Bottom-up merge sitting #141-#190 (+ optional v0.1.0 tag)),OP-08,cited by OP-08's merged_from (merged_from),S1a,
F-308,finding,H1:NEW-6,"F-19 refined: #179's python red is caused by the P32.22 closeout's malformed BUILD_INDEX row (unescaped pipes in an evidence cell), not by …",S2,ticket(R11-MEM-08),R11-MEM-08,cited by R11-MEM-08's merged_from (merged_from),S1a,
F-309,finding,H2:NEW-1,"Committed planning notes carry a credential-shaped SIG_INTAKE_FORM_SECRET literal (C1 review/PROTOCOL.md:538, C4 review/R10_PREVIEW.md:82);…",S2,ticket(SEED-00),SEED-00,cited by SEED-00's merged_from (merged_from),S1a,
F-310,finding,H2:NEW-2,GitHub Actions could not start any job for 40 run attempts on 14 PR branches (2026-09-17T01:13Z to 2026-09-22T16:01Z; 'recent account payme…,S2,ticket(R11-CI-02),R11-CI-02,cited by R11-CI-02's merged_from (merged_from),S1a,OP-07
F-311,finding,H2:NEW-3,"The nightly gate cannot go red on its four gated stages: each step pipes into tee under the default 'bash -e' shell (no pipefail), so the s…",S2,ticket(R11-CI-01),R11-CI-01,cited by R11-CI-01's merged_from (merged_from),S1a,
F-312,finding,H2:NEW-4,"D-P30.4-4 was closed as 'Armed in CI', but the repository has 0 Actions variables, so the security job's GCP project-id leak check skips on…",S2,ticket(R11-CI-02),R11-CI-02,cited by R11-CI-02's merged_from (merged_from),S1a,OP-07
F-313,finding,H2:NEW-5,The disabled 'main' ruleset targets no branch (conditions.ref_name.include is empty) and holds only deletion + non_fast_forward; activating…,S3,operator-action(GitHub main ruleset effective with the five required checks (S-1)),OP-06,cited by OP-06's merged_from (merged_from),S1a,
F-314,finding,H2:NEW-6,"All 9 workflow jobs run on ubuntu-latest, which GitHub migrates to Ubuntu 26 beginning 2026-10-19, and checkout/setup-node v4 target deprec…",S2,ticket(R11-CI-01),R11-CI-01,cited by R11-CI-01's merged_from (merged_from),S1a,
F-315,finding,H2:NEW-7,H1 NEW-2 amended with a live read of the local side: the build machine runs node v25.2.1 / npm 11.6.2 while CI runs node 22.23.2 / npm 10.9…,S2,ticket(R11-CI-01),R11-CI-01,cited by R11-CI-01's merged_from (merged_from),S1a,
F-316,finding,H2:NEW-8,"Two known CI flakes: Lighthouse check:perf (numberOfRuns 1, error-level categories:performance minScore 0.9 on content pages) went red to g…",S3,ticket(R11-CI-02),R11-CI-02,cited by R11-CI-02's merged_from (merged_from),S1a,
F-317,finding,H2:NEW-9,"Web dependency advisories are not gated anywhere: npm ci reports 14 vulnerabilities (1 critical, 7 high) on #190's web job and 18 (1 critic…",S2,ticket(R11-CI-02),R11-CI-02,cited by R11-CI-02's merged_from (merged_from),S1a,
F-318,finding,H2:NEW-10,"make check is not a CI mirror despite Makefile:5-6 ('whatever CI runs, make check runs'): it omits docs-check, the scans, composed-with-web…",S2,ticket(R11-CI-01),R11-CI-01,cited by R11-CI-01's merged_from (merged_from),S1a,
F-319,finding,H2:NEW-11,Seeding Round 11 by ancestry puts all planning commits into the seed PR's --range; B4 NEW-1's late-stamped change-log entries would fail th…,S2,ticket(SEED-00),SEED-00,cited by SEED-00's merged_from (merged_from),S1a,
F-320,finding,H2:NEW-12,"gh pr checks JSON carries no commit sha (fields: bucket, completedAt, description, event, link, name, startedAt, state, workflow), so a bou…",S3,ticket(R11-CI-02),R11-CI-02,cited by R11-CI-02's merged_from (merged_from),S1a,
F-321,finding,I1:NEW-1,"Public jurisdiction index and dossiers merge ISO-3166 country codes with USPS state codes: 'DE' = 24 Cologne (Germany) cameras, 'ID' = 232 …",S1,ticket(R11-K13-JUR-01),R11-K13-JUR-01,cited by R11-K13-JUR-01's merged_from (merged_from),S1a,
F-322,finding,I1:NEW-2,Published site coordinates and jurisdiction labels are wrong for at least 7 registry sources: lat/lon axis swap (Nottingham 562 + mark43 56…,S1,ticket(R11-DATA-01),R11-DATA-01,cited by R11-DATA-01's merged_from (merged_from),S1a,
F-323,finding,I1:NEW-3,"5,290 published sites carry no geometry (unresolved coordinate conflicts): Illinois DOT 2,936 of 3,000 and FL511 1,964 of 9,347, so most of…",S2,ticket(R11-CONF-03b),R11-CONF-03b,re-keying the collided subjects restores geometry,L3,
F-324,finding,I1:NEW-4,"Jurisdiction attribution exists only for geolocated camera-registry sources: 22 states (incl. Oklahoma, the pilot) have no public dossier; …",S1,ticket(R11-K13-JUR-02b),R11-K13-JUR-02b,"placement attributes the unresolved sites (I8 §ACQ, PKG-06b)",I8,R11-K13-JUR-03
F-325,finding,I1:NEW-5,"The national ALPR layer (~151,700 of 154,528 OSM-derived sites) is ingested from two overlapping third-party ArcGIS republishes of DeFlock/…",S2,ticket(R11-ACQ-18),R11-ACQ-18,OSM becomes the origin of the national ALPR layer,I8,R11-ACQ-17 R11-CONF-04
F-326,finding,I1:NEW-6,"Flock coverage rests on one community mirror: Eyes on Flock lists 1,528 agency portals against its own estimate of 6,634 Flock networks (~2…",S2,ticket(R11-ACQ-09),R11-ACQ-09,agency ALPR/Flock layers beyond the mirror,I8,
F-327,finding,I1:NEW-7,"Vendors are not modelled from ingested data: the Atlas Vendor column is context-only and the hosted API returns 0 entities for Axon, Motoro…",S2,ticket(R11-CONF-13),R11-CONF-13,organisation identity by construction (vendors are organisations),L3,R11-ACQ-05
F-328,finding,I1:NEW-8,"Technology classes with no evidence channel at all: social-media monitoring (0 registry rows of any status), mobile forensics (1 row, 0 cla…",S2,ticket(R11-ACQ-03),R11-ACQ-03,cited by R11-ACQ-03's merged_from (merged_from),S1a,
F-329,finding,I1:NEW-9,"Every camera-registry record is labelled 'traffic_camera' in the hosted spine, including Flock ALPR layers, police CCTV and the ~151,700 De…",S1,ticket(R11-DATA-02),R11-DATA-02,cited by R11-DATA-02's merged_from (merged_from),S1a,
F-330,finding,I3:NEW-1,Public ArcGIS layers found by the same keyword/owner discovery SIG uses for camera registries expose Part VIII data: Flock 'search results'…,S1,ticket(R11-ACQ-01),R11-ACQ-01,field allowlist/denylist in the harness before any new ArcGIS layer (I8 Wave A),I8,gate:Q-19 gate:I7-X2
F-331,finding,I3:NEW-2,Atlas evidence links have rotted for ALPR/RTCC rows: the NJ State Police 2024 ALPR audit PDF cited by 401 Atlas I3-partition links returns …,S2,ticket(R11-ACQ-01),R11-ACQ-01,verification harness link-health check on ingested evidence URLs,I8,
F-332,finding,I3:NEW-3,"Registry attribution defects met while deduping: agenda_tenants.toml key carrollton_ga (jurisdiction 'City of Carrollton, GA') points at Le…",S2,ticket(R11-ACQ-02),R11-ACQ-02,registry/tenant label corrections,I8,
F-333,finding,I3:NEW-4,"The ingested national ALPR layer lags its origin: OpenStreetMap has 154,814 surveillance:type=ALPR objects (taginfo, data_until 2026-09-30T…",S2,ticket(R11-ACQ-18),R11-ACQ-18,origin replaces the lagging republish,I8,
F-334,finding,I4:NEW-1,pathways_* sources: fixture provenance URLs do not exist (3/3 eff.org deeplinks 404; 6 DocumentCloud/CourtListener slugs are non-canonical …,S2,ticket(R11-SAFE-05),R11-SAFE-05,fixture/placeholder sentinel scan,B4,R11-SAFE-02
F-335,finding,I4:NEW-2,"Latent Part VIII exposure: every Atlas claim row retains the upstream Link 1-3 as attribution_links, including 152 FAA waiver-PDF URLs on A…",S2,ticket(R11-SAFE-04),R11-SAFE-04,redaction of person-bearing attribution links,J4,
F-336,finding,I4:NEW-3,Atlas evidence locators are dead for whole drone subsets: 194 Minnesota drone links (dps.mn.gov old /divisions/bca/Documents/ path) and 84 …,S3,merged-into(F-331),F-331,same Atlas evidence link-rot class,I8,
F-337,finding,I4:NEW-4,Leak-provenance taint in live Atlas face-recognition rows: 9 Atlas FR rows cite the BuzzFeed News Clearview article whose agency data came …,S2,ticket(R11-SAFE-02),R11-SAFE-02,withdraw Atlas FR rows whose only evidence is leak-derived (J4 leak-provenance veto),J4,
F-338,finding,I4:NEW-5,"The live USAspending connector cannot see vendor names or six technology classes: neither keyword list (live_targets.toml:55, 10 terms; pro…",S2,ticket(R11-ACQ-05),R11-ACQ-05,USAspending vocabulary incl. vendor names,I8,
F-339,finding,I4:NEW-6,"Agenda content vocabulary has no mobile-forensics, ATE, video-analytics or biometric terms and its SMM term matches only the phrase and 'ge…",S2,ticket(R11-ACQ-04),R11-ACQ-04,agenda vocabulary,I8,
F-340,finding,I4:NEW-7,Registry rows mis-describe I4 sources: faa_drone_waivers points at the generic faa.gov/uas/ page while DFR authorizations are Part 91.113 w…,S2,ticket(R11-ACQ-02),R11-ACQ-02,registry descriptions corrected (M1-M7),I8,
F-341,finding,I4:NEW-8,"catalog.data.gov's CKAN package_search/package_show endpoints return 404, but api_allowlist.toml:42 and the I2 protocol (§3 C03) still name…",S3,ticket(R11-SRC-04),R11-SRC-04,discovery sweep stops naming the dead CKAN API,F2a,
F-342,finding,I4:NEW-9,Ontology gaps met by I4 beyond NEW-8 (I1): no counter-UAS concept although a $250M FY2026 FEMA Counter-UAS grant programme funds all states…,S3,ticket(R11-ACQ-03),R11-ACQ-03,"ontology concepts (ATE, counter-UAS)",I8,R11-DATA-03
F-343,finding,I4:NEW-10,The WebSearch quota is per session (200 calls) and was exhausted at 18:14:50Z while I4 had performed only 76 searches; 8 I4 queries were re…,S2,already-done(WebSearch cap logged; unsaturated cells re-run by I9a/I9b),research/I9a-saturation.md; research/I9b-saturation.md,planning-process issue resolved inside Stage P,S1b,
F-344,finding,I4:NEW-11,Conduct incident: one I4 batch sent the operator's e-mail address as the SEC EDGAR User-Agent contact without permission. EDGAR's fair-acce…,S2,already-done(P16 added 2026-09-30T18:48:13Z; operator approved the contact string (U-014)),META_PLAN.md §3 P16,conduct incident closed by rule + approval; alias OP-10,S1b,OP-10 gate:OD-15
F-345,finding,I4:NEW-12,"Planning seeds cite superseded or wrong identifiers: WA ATE statute RCW 46.63.170 was repealed in 2024 (now 46.63.200-.260, report under 46…",S3,ticket(R11-ACQ-06),R11-ACQ-06,statute seed refreshed from origins with current identifiers,I8,
F-346,finding,I5:NEW-1,"Legistar tenant `charlottenc` (Charlotte NC, 14th-largest US city) is registered as 'City of Charlotte, IA', so I1 and any jurisdiction rol…",S2,ticket(R11-ACQ-02),R11-ACQ-02,tenant label correction,I8,
F-347,finding,I5:NEW-2,"Legistar tenant `sanbernardino` is registered as 'City of San Bernardino, CA' but serves the San Bernardino COUNTY Board of Supervisors (#9…",S2,ticket(R11-ACQ-02),R11-ACQ-02,tenant label correction,I8,
F-348,finding,I5:NEW-3,`camreg_txdot_rep_tx` (a third-party republish of TxDOT camera points) was flipped ingestion_permitted under GL-GATE-07 as a public-record …,S2,decision(I7-C1),I7-C1,TxDOT origin terms vs the flipped republish,I7,
F-349,finding,I5:NEW-4,"Agenda-tenant jurisdiction labels are wrong, unresolved or truncated for several large jurisdictions, so city/county agenda coverage is und…",S3,ticket(R11-ACQ-02),R11-ACQ-02,tenant label corrections,I8,
F-350,finding,I5:NEW-5,"`ncdot_runneals_mirror` (and possibly the padot/njta rows) classifies ArcGIS org NuWFvHYDMVmmxMeM as a non-state 'runneals' account, but th…",S3,ticket(R11-ACQ-02),R11-ACQ-02,NCDOT mirror note,I8,
F-351,finding,I5:NEW-6,"Legistar attachment hyperlinks returned by the Web API for 2026 matters (legistar1 hosts) answer 404 while a 2023 attachment resolves, whic…",S3,ticket(R11-ACQ-04),R11-ACQ-04,Legistar matter pass handles attachment links,I8,
F-352,finding,I5:NEW-7,"BJA award-detail pages (bja.ojp.gov/funding/awards/*) now redirect anonymous GETs to a login page, so EFF-Atlas rows that cite them as evid…",S3,merged-into(F-331),F-331,same evidence-locator rot class (login redirect),I8,
F-353,finding,I5:NEW-8,The WebSearch tool refused further searches ('session cap 200/200') from 2026-09-30T18:15Z while I5 had issued only 40 WebSearch calls; the…,S2,merged-into(F-343),F-343,same WebSearch cap,S1b,
F-354,finding,I6:NEW-1,"CourtListener publishes bulk data files marked 'free of known copyright restrictions' (Public Domain Mark), a route the refused/deferred co…",S2,decision(I7-C8),I7-C8,CourtListener bulk route,I7,
F-355,finding,I6:NEW-2,"Session-level WebSearch cap (200 calls) was exhausted by 2026-09-30T18:16:04Z (logged time of I6-Q033) after 32 I6 searches, shared with th…",S2,merged-into(F-343),F-343,same WebSearch cap,S1b,
F-356,finding,I6:NEW-3,"The CCOPS denominator in the registry (~26 jurisdictions, 12 ccops_* rows) is stale: at least five municipalities publishing CCOPS-type sur…",S2,ticket(R11-ACQ-14),R11-ACQ-14,5 new CCOPS jurisdictions,I8,
F-357,finding,I6:NEW-4,"The registered origin of state_alpr_statute_inventory (ncsl.org) returned 403 to a single polite programmatic GET, so the frozen 2022-02-03…",S3,ticket(R11-ACQ-06),R11-ACQ-06,"statute seed from origins, not ncsl.org",I8,gate:I7-C9
F-358,finding,I7:NEW-1,"Candidate rows recorded as new are already registry sources: I9b-C002 (NYC City Record Online, Socrata dg92-zbpx) is the flipped procportal…",S2,ticket(R11-ACQ-01),R11-ACQ-01,generator rejects dataset ids already registered,I8,
F-359,finding,I7:NEW-2,One operator statement now gates at least five sources: express non-commercial / commercial-permission clauses were captured for Honolulu P…,S2,decision(I7-C6),I7-C6,one non-commercial statement gates several sources,I7,
F-360,finding,I7:NEW-3,"Revocation / destroy-on-request conditions in captured terms conflict with append-only claims and immutable releases, and no withdrawal mec…",S2,decision(I7-C5),I7-C5,revocation/destroy-on-request vs append-only,I7,R11-REL-08
F-361,finding,I7:NEW-4,Terms captures are still owed for 6 refused hosts (incl. the BidNet Direct terms E4 R6a needs) and 5 publishers whose terms are not in the …,S3,ticket(R11-ACT-21),R11-ACT-21,terms captures incl. bidnetdirect,I8,R11-ACQ-01
F-362,finding,I7:NEW-5,Agency ArcGIS Flock/LPR layers carry no licence and their provenance rests on the owning account: 3 Tier-1-grade layers show no agency orga…,S2,ticket(R11-ACQ-19),R11-ACQ-19,owner-org verification-first rows (Tier 2),I8,gate:I8-Q5
F-363,finding,I7:NEW-6,"No rights or governance basis covers tribal publishers or tribal-keyed geography, and no territorial flip has ever been executed",S2,later-phase(Per-row triggers in I8 §6.3 and I7; EDGAR needs Q-30; paid data needs Q-21 > $0.),LATER-09,cited by LATER-09's merged_from (merged_from),S1a,
F-364,finding,I7:NEW-7,The frozen ALPR statute seed has no recorded refresh path although SIG-INGEST-049f requires SIG to maintain it onward; 8 statutes/instrumen…,S3,ticket(R11-ACQ-06),R11-ACQ-06,statute seed refresh path,I8,
F-365,finding,I7:NEW-8,"Candidate access status is free text, so mechanical feasibility scoring misreads families (one member 200, others 403) as blocked; a struct…",S3,already-done(structured i7_access_mode/access_check columns),data/candidates_consolidated.csv,I7 added the structured access field,I7,
F-366,finding,I8:NEW-1,Widening osm_overpass cannot by itself make OpenStreetMap the origin of the national ALPR layer: OSM geometry and technology ride record_ki…,S1,"already-done(I8 re-planned the OSM origin as code (R11-ACQ-17), and R11-ACQ-18 hard-depends on it)",design/I8-acquisition-design.md (ACQ-17); data/ticket_catalog.csv R11-ACQ-18.depends_on,plan defect found and corrected in Stage P; the code work itself is R11-ACQ-17 (also owner of F-325),I8,R11-ACQ-17 R11-ACQ-18
F-367,finding,I8:NEW-2,"The Legistar, NYC City Record and USAspending 'widenings' are adapter changes, not configuration: each live pull is a fixed recency window …",S2,ticket(R11-ACQ-04),R11-ACQ-04,cited by R11-ACQ-04's merged_from (merged_from),S1a,R11-ACQ-05
F-368,finding,I8:NEW-3,The reviewed ArcGIS API budget is not applied to camera-registry targets: api_allowlist.toml declares 10 requests/min for services.arcgis.c…,S2,ticket(R11-ACQ-01),R11-ACQ-01,cited by R11-ACQ-01's merged_from (merged_from),S1a,
F-369,finding,I8:NEW-4,There is no path to add a second cadence-batch round and no observed first run for new sources: the P26.16 generator writes [[batches]] onl…,S2,ticket(R11-ACQ-01),R11-ACQ-01,cited by R11-ACQ-01's merged_from (merged_from),S1a,
F-370,finding,I8:NEW-5,63 of the 389 Tier-1/Tier-2 source ids proposed by I7 are truncated mid-word at 44 characters (e.g. procportal_cook_county_il_procurement_a…,S2,ticket(R11-ACQ-01),R11-ACQ-01,cited by R11-ACQ-01's merged_from (merged_from),S1a,
F-371,finding,I8:NEW-6,Capacity: Round-11 acquisition adds about 1.5M claims (about 3.8 GB at the measured ~2.55 KB/claim; 74% is the OSM origin) on top of organi…,S2,ticket(R11-ACQ-18),R11-ACQ-18,cited by R11-ACQ-18's merged_from (merged_from),S1a,
F-372,finding,I8:NEW-7,The Tier-1 automated-traffic-enforcement 'violation' datasets that I7 routed to reuse:socrata_rows are per camera-day or per site-period ta…,S3,ticket(R11-ACQ-10),R11-ACQ-10,cited by R11-ACQ-10's merged_from (merged_from),S1a,
F-373,finding,I8:NEW-8,"Statutory, oversight and federal privacy reports fit the government_mandated_disclosure connector (claim types disclosure/disclosure_use/in…",S3,ticket(R11-ACQ-12),R11-ACQ-12,cited by R11-ACQ-12's merged_from (merged_from),S1a,
F-374,finding,I9a:NEW-1,"SIG's state ALPR statute layer is stale past the 2025 LAPPA inventory: five 2026 enactments (WA ESSB 6002 ch.239, NM SB 40 ch.20, OR SB 151…",S1,ticket(R11-ACQ-06),R11-ACQ-06,statute layer 2022 -> 2026 from origins (I8 Wave A),I8,
F-375,finding,I9a:NEW-2,ALPR deployments are being withdrawn at scale in 2026 (FDOT order to remove all ALPRs from state-highway right-of-way within 30 days of 202…,S2,ticket(R11-ACQ-09),R11-ACQ-09,FDOT inventory and removal status,I8,
F-376,finding,I9a:NEW-3,Two statutory statewide ALPR channels have no SIG row: Washington's AGO 'Registered ALPR Systems' list (RCW 10.130; 76 agencies with policy…,S2,ticket(R11-ACQ-12),R11-ACQ-12,WA AGO and NM SB 40 statutory channels,I8,
F-377,finding,I9a:NEW-4,"Vendor-disclosure cells cannot use SEC EDGAR under P16: EDGAR requires a declared contact User-Agent, so Axon/Motorola/Rekor 10-K evidence …",S2,later-phase(project contact alias exists (OD-04) and EDGAR lines approved (I7-P1..P4)),LATER-09,EDGAR in the acquisition long tail,I8,gate:OD-04 gate:I7-P3
F-378,finding,I9a:NEW-5,"Origins refused the plain research client on 25 hosts in this row (26 fetch lines) (Cloudflare 1010 'browser signature' bans, challenge pag…",S2,ticket(R11-ACQ-01),R11-ACQ-01,harness honours each candidate's recorded access mode,I8,
F-379,finding,I9a:NEW-6,The CCOPS jurisdiction denominator is further stale (extends I6 NEW-3): Austin TX adopted a TRUST Act resolution (2026-02-05) directing a s…,S3,merged-into(F-356),F-356,extends the CCOPS denominator finding,I7,
F-380,finding,I9b:NEW-1,"FAA waiver records (Part 91.113 CoW and Part 107 CoW PDFs) are unreachable to scripted GETs from the planning network in two rows, and the …",S2,later-phase(FAA host reachable and Part 107 pilot names screened (I7-RG3)),LATER-09,acquisition long tail,I8,gate:I7-RG3
F-381,finding,I9b:NEW-2,"Anchorage AK has a municipal surveillance-technology ordinance (Anchorage Municipal Code ch. 3.102, voter-backed per AO 2020-116(S)) that n…",S2,ticket(R11-ACQ-14),R11-ACQ-14,Anchorage CCOPS row,I8,
F-382,finding,I9b:NEW-3,"Planning claim needs scoping: I4 section 5 lists 'pen-register and trap-and-trace tables' as a negative ('Not in the Wiretap Report'), but …",S3,ticket(R11-ACQ-13),R11-ACQ-13,interception/pen-register reports in statutory disclosures II,I8,
F-383,finding,I9b:NEW-4,Some origin channels are ephemeral by design: Sacramento's City Clerk 'contract-10-day-posting' PDFs (e.g. the 2025 SoundThinking gunfire-d…,S3,ticket(R11-ACQ-15),R11-ACQ-15,capture ephemeral postings on schedule,I8,
F-384,finding,I9b:NEW-5,Search-engine result summaries repeatedly asserted figures that the fetched origin pages did not contain; any I7 import of summary numbers …,S3,already-done(I7 kept only origin-fetched values (P15)),research/I7-candidates.md,planning-process safeguard applied,I7,
F-385,finding,I9b:NEW-6,"P15 logging gap from the interrupted first I9b run: 8 fetches (I9b-F020..F027, 19:10:30Z-19:10:35Z) have no originating query line because …",S3,wontfix(planning logging gap; the 8 query strings cannot be reconstructed (disclosed)),research/I9b-saturation.md,no build obligation,S1b,
F-386,finding,J1:NEW-1,"Full licence-separated bulk release (132 artifacts, 1.05 GB, sha256-checksummed) is publicly downloadable but unreachable from the site: no…",S1,decision(D-J3-4),D-J3-4,"bulk links wait on the zero-egress host (TX-11) and the egress ceiling/kill switch; linking GCS-direct first is a denial-of-wallet risk (G1 §3.8, K13 §7.4)",J3,R11-K13-TX-10b R11-K13-TX-11 R11-ACT-03 gate:Q-31
F-387,finding,J1:NEW-2,"Public downloads and the live API misattribute third-party data to ""DeFlock community map"" (3,272 of 4,834 sig_graph CC-BY-4.0 rows from Io…",S0,ticket(R11-ACT-07),R11-ACT-07,cited by R11-ACT-07's merged_from (merged_from),S1a,
F-388,finding,J1:NEW-3,"61,603 public download rows (100% of public_record 39,921 and operator_accepted 21,682) carry rights_attribution_required=1 with an empty a…",S2,ticket(R11-ACT-07),R11-ACT-07,cited by R11-ACT-07's merged_from (merged_from),S1a,
F-389,finding,J1:NEW-4,"Public evidence provenance is synthetic: /evidence/ shows no claim evidence (claim_views always empty), all 255 public artifacts carry sig:…",S1,ticket(R11-K13-UXW0-2),R11-K13-UXW0-2,cited by R11-K13-UXW0-2's merged_from (merged_from),S1a,R11-K13-TX-08b
F-390,finding,J1:NEW-5,Every page's 'Belief-pinned permalink (reproducible after SIG corrects itself)' ignores its as-of parameters; the static origin serves the …,S1,ticket(R11-K13-TX-13a),R11-K13-TX-13a,RI-14: honest interim citation wording + release id (W1); real snapshots TX-13b,J3,R11-K13-TX-13b R11-REL-09
F-391,finding,J1:NEW-6,"Ingestion run telemetry is incomplete and unpublished: run rows never record per-fetch URLs, status codes or byte counts, and the existing …",S2,ticket(R11-DEBT-04),R11-DEBT-04,cited by R11-DEBT-04's merged_from (merged_from),S1a,R11-K13-TX-04
F-392,finding,J1:NEW-7,"The 342-row source registry (341 with homepage URLs, kind, custody, rights) is never exported or served; no page or API route lists sources…",S2,ticket(R11-K13-TX-02),R11-K13-TX-02,cited by R11-K13-TX-02's merged_from (merged_from),S1a,
F-393,finding,J1:NEW-8,"provenance.ttl stamps every one of 178 captures with the export time (2026-09-27T00:53:57Z) instead of the retrieval time, carries no upstr…",S2,ticket(R11-SAFE-06),R11-SAFE-06,cited by R11-SAFE-06's merged_from (merged_from),S1a,
F-394,finding,J1:NEW-9,"The public API role sig_read_public holds a blanket SELECT on all public-schema tables deployed before P24.1, reaching evidence_access_log …",S2,ticket(R11-ACT-08),R11-ACT-08,cited by R11-ACT-08's merged_from (merged_from),S1a,R11-OPS-08
F-395,finding,J1:NEW-10,"The P32.13 released-record machinery hard-codes upstream_href=None and metadata-only evidence anchors, so deploying the release tree as bui…",S2,ticket(R11-K13-TX-08a),R11-K13-TX-08a,cited by R11-K13-TX-08a's merged_from (merged_from),S1a,
F-396,finding,J1:NEW-11,"Public data package lacks a data dictionary: 0 of 104 datapackage.json resources carry a Table Schema, 28 manifest artifacts are omitted, a…",S2,ticket(R11-K13-TX-10a),R11-K13-TX-10a,cited by R11-K13-TX-10a's merged_from (merged_from),S1a,
F-397,finding,J1:NEW-12,"Public bulk data is served straight from a standard GCS bucket with no CDN or low-egress mirror; the S3/R2 push path is unused, so linking …",S2,ticket(R11-K13-TX-11),R11-K13-TX-11,cited by R11-K13-TX-11's merged_from (merged_from),S1a,
F-398,finding,J1:NEW-13,"The scheduled observability workflow reports success on main while measuring nothing (staging endpoints unset), so no ingestion or service …",S2,ticket(R11-OPS-02),R11-OPS-02,cited by R11-OPS-02's merged_from (merged_from),S1a,R11-MEM-02
F-399,finding,J3:NEW-1,"Chain-tip citations stay unpinned even after P32.13 deploys: BaseLayout never passes a release to Citation, so every site page keeps the 'B…",S1,ticket(R11-K13-TX-13a),R11-K13-TX-13a,routed_to names R11-K13-TX-13a,S1b,
F-400,finding,J3:NEW-2,The P32.2 actual-capture writer hard-codes storage_tier='public' and /v1/evidence serves source_uri for every tier with bytes_available der…,S1,ticket(R11-K13-TX-01),R11-K13-TX-01,routed_to names R11-K13-TX-01,S1b,R11-K13-TX-08b R11-ACT-08 R11-ACT-11
F-401,finding,J3:NEW-3,"Freshness 'last content change' is the last run that inserted at least one claim, not an upstream content change; the capture digests that …",S3,ticket(R11-K13-TX-03),R11-K13-TX-03,routed_to names R11-K13-TX-03,S1b,R11-DATA-04
F-402,finding,J3:NEW-4,"Historical selectors and the release compatibility index are date-granular, so two releases activated on one day with the same ruleset make…",S3,ticket(R11-K13-TX-13b),R11-K13-TX-13b,routed_to names R11-K13-TX-13b,S1b,
F-403,finding,J4:NEW-1,"Six live camera-registry sources whose own item terms (captured in SIG's 2026-09-18 catalog sweep) forbid redistribution, commercial use or…",S1,ticket(R11-SAFE-02),R11-SAFE-02,withdraw forbidden-terms sources (W0),J4,gate:Q-J4-2 gate:D-J3-5
F-404,finding,J4:NEW-2,"The public 'portal' compartment is licensed CC-BY-SA-4.0 and described as the 'Eyes on Flock-derived portal layer', but its 10,054 rows com…",S2,ticket(R11-ACT-07),R11-ACT-07,cited by R11-ACT-07's merged_from (merged_from),S1a,
F-405,finding,J4:NEW-3,Attribution census: 21 of 27 live sources whose licence requires attribution fail it (17) or meet it only partly (4) on a public surface; n…,S1,ticket(R11-ACT-07),R11-ACT-07,cited by R11-ACT-07's merged_from (merged_from),S1a,
F-406,finding,J4:NEW-4,"Raw capture bytes keep data that SIG's ingest-time Part VIII rules discard: the OCFL store holds verbatim fetched bytes, so the Overpass ca…",S2,ticket(R11-K13-TX-12),R11-K13-TX-12,cited by R11-K13-TX-12's merged_from (merged_from),S1a,
F-407,finding,J4:NEW-5,"Capture history is mostly digest-only: only 349 of 6,144 capture digests in the 387 run rows have bytes in the OCFL store (73.4 MB from 45 …",S2,ticket(R11-TRANS-02),R11-TRANS-02,cited by R11-TRANS-02's merged_from (merged_from),S1a,
F-408,finding,J4:NEW-6,The live API and the public evidence.json serve claims from four hand-seeded OKC fixture sources that have no registry rights review (three…,S2,ticket(R11-ACT-08),R11-ACT-08,cited by R11-ACT-08's merged_from (merged_from),S1a,R11-SAFE-01
F-409,finding,J4:NEW-7,For 13 CC0 rows the registry licence is a SIG-recorded label (municipal public records; no-warranty disclaimers read as CC0) rather than an…,S2,ticket(R11-ACT-07),R11-ACT-07,cited by R11-ACT-07's merged_from (merged_from),S1a,
F-410,finding,K0:NEW-1,"82.8% of published entities (192,536 of 232,625) have an empty label, so labels in search, popups and graph nodes must be derived rather th…",S2,ticket(R11-K13-GX-01),R11-K13-GX-01,one shared label module,K2,
F-411,finding,K0:NEW-2,The map island ships MapLibre's shared chunk twice: the Vite ?worker&url import bundles a second copy into the worker (≈143 KB gzip of the …,S3,ticket(R11-K13-MAP-03a),R11-K13-MAP-03a,map app shell rebuild (MapLibre ESM split),K1,
F-412,finding,K0:NEW-3,"All three public islands are client:only and hydrate into boxes that are empty before JS runs, above their no-JS fallbacks: the root cause …",S2,ticket(R11-K13-UXK0-1),R11-K13-UXK0-1,script policy + no-JS parity spec,K0,R11-K13-UXK0-4
F-413,finding,K0:NEW-4,"The zero-JS and axe sweeps iterate a hand-maintained route list, so /releases/, /research-dossier/ and its slugs, and every export-mode-onl…",S2,ticket(R11-K13-UXK0-1),R11-K13-UXK0-1,routed_to names R11-K13-UXK0-1,S1b,
F-414,finding,K1:NEW-1,"Root cause of F-100 (C2 NEW-9): the live overlay tiles are rendered by tippecanoe with default dropping (base zoom = max zoom 14, drop rate…",S1,ticket(R11-K13-MAP-01a),R11-K13-MAP-01a,cited by R11-K13-MAP-01a's merged_from (merged_from),S1a,
F-415,finding,K1:NEW-2,"No test or fixture build can see what the production map renders: CI never runs tippecanoe (the test monkeypatches it), the pure-Python fal…",S2,ticket(R11-K13-MAP-01a),R11-K13-MAP-01a,routed_to names R11-K13-MAP-01a,S1b,
F-416,finding,K1:NEW-3,"Tile property mismatch: TILE_RENDER_PROPERTIES keeps 'sensitivity_tier' but site rows carry 'tier', so none of the 227,335 tile features ca…",S3,ticket(R11-K13-MAP-01a),R11-K13-MAP-01a,routed_to names R11-K13-MAP-01a,S1b,
F-417,finding,K1:NEW-4,The bundle's 12 '<compartment>/sites.pmtiles' downloads are zero-tile archives: formats.write_pmtiles embeds the whole GeoJSON in the archi…,S2,ticket(R11-K13-TX-10a),R11-K13-TX-10a,routed_to names R11-K13-TX-10a,S1b,
F-418,finding,K1:NEW-5,R2 custom domains require the domain as a Cloudflare zone in the same account (free plan) or a CNAME partial setup available only on Busine…,S3,ticket(R11-K13-TX-11),R11-K13-TX-11,routed_to names R11-K13-TX-11,S1b,
F-419,finding,K1:NEW-6,Each of the 12 per-compartment overlay archives costs a 16 KiB header/root-directory read on the map's first view even when it has no data …,S3,ticket(R11-K13-MAP-03a),R11-K13-MAP-03a,routed_to names R11-K13-MAP-03a,S1b,
F-420,finding,K12b:NEW-1,Network hides entity names SIG already holds: hub is 'Vigilant Solutions (LEARN)' and a spoke 'Austin Police Department' per API and export…,S1,ticket(R11-K13-GX-02),R11-K13-GX-02,labels and dates on /network/ (W1),K13,R11-K13-GX-01
F-421,finding,K12b:NEW-2,"Network edges omit evidence date, source and currency: 130 'configured access' edges rest on one 2020-01-28 eff_data_driven observation the…",S1,ticket(R11-K13-GX-02),R11-K13-GX-02,edge evidence date/source/currency (W1),K13,R11-CONF-06
F-422,finding,K12b:NEW-3,TX dossier says data-sharing partners 'Not researched — SIG has not looked yet' while the record holds sharing claims for Austin-named agen…,S1,ticket(R11-K13-UXW0-1),R11-K13-UXW0-1,empty sections stop asserting an absence kind (W0),K13,R11-K13-VIZ-02 R11-K13-DSRC-02
F-423,finding,K12b:NEW-4,"Release holds sharing-partner degree for 185 agencies (median 68, max 851) and 2 sharing-restriction claims that no page shows",S2,ticket(R11-K13-GX-07),R11-K13-GX-07,access closures and degree-only facts,K13,
F-424,finding,K12b:NEW-5,Network explorer cannot be explored: one 130-spoke star rendered as an overlapping UUID hairball; focusing a spoke leaves 2 nodes; no searc…,S2,ticket(R11-K13-GX-09a),R11-K13-GX-09a,graph explorer replaces the hairball,K13,R11-K13-GX-08a
F-425,finding,K12b:NEW-6,"Map popups are dead ends and 'Cite this view' cites the national map: no type, operator, source, date or link; points inside Austin and Atl…",S2,ticket(R11-K13-MAP-03a),R11-K13-MAP-03a,side panel + cite-this-view,K13,
F-426,finding,K12b:NEW-7,"5,290 '⚠ Unresolved' gap links on /map/ lead to 404 task pages (0 of 5,290 slugs deployed)",S2,ticket(R11-K13-UXW0-6),R11-K13-UXW0-6,dead gap links replaced (W0),K13,
F-427,finding,K12b:NEW-8,Desktop map attribution block covers 100 of 384 px of the canvas and intercepts clicks; the canvas is 950x384 on a 1440x900 screen,S2,ticket(R11-K13-MAP-03b),R11-K13-MAP-03b,attribution placement on desktop/mobile,K13,
F-428,finding,K12b:NEW-9,Map features are not keyboard-operable: the canvas pans and zooms but no feature can be focused or its popup opened,S2,ticket(R11-K13-MAP-03b),R11-K13-MAP-03b,keyboard 'sites in view' list,K13,
F-429,finding,K12b:NEW-10,Site search is substring-only over a 733-item index: 'ICE' returns an Iowa camera ('near Joice') and a UK police source; names SIG holds re…,S2,ticket(R11-K13-SRCH-02),R11-K13-SRCH-02,search v2,K13,
F-430,finding,K12b:NEW-11,Data-freshness sort options are no-ops: sorting by stale entities or volatility returns the identical alphabetical table; headers are not s…,S2,ticket(R11-K13-UXW0-4),R11-K13-UXW0-4,no-op sort routes removed until UX9-2 (W0),K13,R11-K13-UX9-2
F-431,finding,K12b:NEW-12,"Sources behind sharing, evidence, procurement and legislation claims appear on no page: the sources table lists only the 178 camera registr…",S1,ticket(R11-K13-UX9-1),R11-K13-UX9-1,source universe covers every claim-bearing source (W1),K13,R11-K13-UX10-3a
F-432,finding,K12b:NEW-13,Evidence page shows nothing though the release's evidence.json lists 255 captured artifacts; artifact routes 404; every artifact title is i…,S2,ticket(R11-K13-UXW0-2),R11-K13-UXW0-2,evidence lists the 255 artifacts (W0),K13,R11-K13-EV-02
F-433,finding,K12b:NEW-14,"Home and coverage tiles advertise 124 predicate populations (6,796 buyers, 2,788 sellers, 5,848 amounts, 1,528 Flock portals, 300 bills) wi…",S2,ticket(R11-K13-UXW0-1),R11-K13-UXW0-1,tiles move with labels (K13 §5.3),K13,R11-K13-TX-09
F-434,finding,K12b:NEW-15,"Watch says no decisions are tracked while the record holds forward-dated fields (987 response deadlines, 195 renewal options, 5 sunset date…",S2,ticket(R11-K13-WX-01),R11-K13-WX-01,watch producer,K13,
F-435,finding,K12b:NEW-16,"Research-queue tasks do not name their question: the first 130 cards are exactly the 130 network agencies ('sharing_snapshot_stale'), 369 c…",S2,ticket(R11-K13-RQ-01),R11-K13-RQ-01,tasks titled with their question,K13,
F-436,finding,K12b:NEW-17,'Contradictions kept visible' but neither of the 2 recorded contradictions is displayed on any page,S2,ticket(R11-K13-CX-01),R11-K13-CX-01,disagreements browser (K13 §5.3),K13,R11-K13-UXW0-1
F-437,finding,K12b:NEW-18,"Dossier index implies false hierarchy (CA above CA-AB..CA-ON, CO above CO-MET); /dossier/us/ is a 629-site 3-source bucket, not a national …",S2,ticket(R11-K13-JUR-04),R11-K13-JUR-04,grouped dossier index,K13,
F-438,finding,K12b:NEW-19,No 'what changed' surface anywhere; the API changes feed returns zero events for the last month while the spine shows assertions on 2026-09…,S2,ticket(R11-K13-CHG-01),R11-K13-CHG-01,changes page and feeds (K13 §5.3),K13,R11-K13-TX-14
F-439,finding,K12b:NEW-20,Map intro says it 'renders as static content with no client JavaScript' directly above an interactive JavaScript map,S3,ticket(R11-K13-UXW0-6),R11-K13-UXW0-6,map intro copy (W0),K13,
F-440,finding,K12b:NEW-21,"The site has zero outbound links: no page links to any upstream publisher, dataset, document, the API or bulk data",S2,ticket(R11-K13-UX10-3a),R11-K13-UX10-3a,ground-truth links on source pages (K13 §5.3),K13,R11-K13-EV-02 R11-K13-VIZ-02 R11-K13-UXK14-6
F-441,finding,K14:NEW-1,Shared page chrome is a median 36% of each page's words (>=50% on 11 of 41 pages) and repeats undefined jargon on every page; dossiers repe…,S2,ticket(R11-K13-UXK14-4),R11-K13-UXK14-4,routed_to names R11-K13-UXK14-4,S1b,SEED-13 SEED-11
F-442,finding,K14:NEW-2,"The 'contested' colour token also paints the incompleteness banner, bound map-layer controls and speculative access paths, so the reserved …",S2,ticket(R11-K13-UXK14-1),R11-K13-UXK14-1,routed_to names R11-K13-UXK14-1,S1b,SEED-13
F-443,finding,K14:NEW-3,"The support colour ramp is not an ordinal ramp: four hues over 156 deg, lightness out of order, 'probable' 2.50:1 and 'withdrawn' 2.85:1 ag…",S3,ticket(R11-K13-UXK14-1),R11-K13-UXK14-1,routed_to names R11-K13-UXK14-1,S1b,SEED-13
F-444,finding,K14:NEW-4,No dark-mode support: no prefers-color-scheme rules or color-scheme meta; the site renders white under dark emulation and current epistemic…,S3,ticket(R11-K13-UXK14-1),R11-K13-UXK14-1,routed_to names R11-K13-UXK14-1,S1b,SEED-13
F-445,finding,K14:NEW-5,"No type scale or measure: 17 font-size literals, 10-15 rendered sizes per page, 9.92px nav labels on every page, prose lines of about 120-1…",S3,ticket(R11-K13-UXK14-1),R11-K13-UXK14-1,routed_to names R11-K13-UXK14-1,S1b,SEED-13
F-446,finding,K14:NEW-6,"The spec's glossary (Appendix E) is not published, and defined terms appear in the UI with no definition one click away",S2,ticket(R11-K13-UXK14-4),R11-K13-UXK14-4,routed_to names R11-K13-UXK14-4,S1b,SEED-13 SEED-11
F-447,finding,K14:NEW-7,"HTML compression drops spaces at inline-element boundaries: 'concern?Dispute' on 41 of 50 pages, plus 'SIGreports', 'toresearch', 'withname…",S3,ticket(R11-K13-UXK14-4),R11-K13-UXK14-4,routed_to names R11-K13-UXK14-4,S1b,SEED-13
F-448,finding,K14:NEW-8,"Large numbers are printed without digit grouping (56 numbers of 5 or more digits ungrouped, 0 grouped, across home, dossiers and methodolog…",S3,ticket(R11-K13-UXK14-3a),R11-K13-UXK14-3a,routed_to names R11-K13-UXK14-3a,S1b,SEED-13
F-449,finding,K14:NEW-9,"Header: 15 links, no current-page marker, no search field; the H1 starts 344px (41%) down the mobile first screen; header and content colum…",S3,ticket(R11-K13-UXK14-2),R11-K13-UXK14-2,routed_to names R11-K13-UXK14-2,S1b,SEED-13
F-450,finding,K14:NEW-10,"The map's cluster click animates with easeTo regardless of prefers-reduced-motion, contradicting the island's own header comment",S3,ticket(R11-K13-UXK14-1),R11-K13-UXK14-1,routed_to names R11-K13-UXK14-1,S1b,SEED-13
F-451,finding,K14:NEW-11,"The home lede and entry cards promise capabilities the release does not show (upcoming decisions, cost and decision dates, claim-level supp…",S2,ticket(R11-ACT-06),R11-ACT-06,routed_to names R11-ACT-06,S1b,SEED-13 R11-K13-UXK14-6
F-452,finding,K2:NEW-1,"All 969 referenced organisations are publication-review-flagged, so P32.5's gate will withhold every organisation label and 100% of the spi…",S1,ticket(R11-ACT-10),R11-ACT-10,flagged-organisation census + allow verb (G2 step 1); D-K2-1 decides the releases,K2,OP-14 gate:D-K2-1
F-453,finding,K2:NEW-2,"'OpenStreetMap contributors (republished man_made=surveillance nodes)' is recorded as camera_operator of 26,839 cameras (63.2% of all organ…",S2,ticket(R11-CONF-06),R11-CONF-06,cited by R11-CONF-06's merged_from (merged_from),S1a,
F-454,finding,K2:NEW-3,"Directness and reliability on all 348,053 current party and sharing claims are the sink defaults D2/R3, so any per-edge directness badge is…",S2,ticket(R11-CONF-05),R11-CONF-05,"directness/reliability read from evidence, not sink defaults",K2,R11-K13-TX-08a
F-455,finding,K2:NEW-4,"No current party, operator or sharing claim has a bounded valid period and only 500 of 42,488 organisation edges (1.2%) carry any date, so …",S2,ticket(R11-CONF-06),R11-CONF-06,bounded valid periods on party/sharing claims,L3,
F-456,finding,K2:NEW-5,Organisations hold no claims of their own and the API has no inbound-relationship view: /v1/entity/organization/<WSDOT> returns facts [] an…,S2,ticket(R11-K13-GX-05a),R11-K13-GX-05a,organisation claims and inbound relationships in the entity contract,K2,R11-REL-05 R11-K13-TX-15
F-457,finding,K2:NEW-6,"The live /network/ ER disclosure says endpoints come from 'deterministic identity resolution' and degree is 'exact … never an estimate', wh…",S2,ticket(R11-K13-UXW0-6),R11-K13-UXW0-6,/network/ 'exact ER' copy withdrawn in W0 (K2 NEW-6 in UXW0-6 scope),K13,R11-K13-GX-02
F-458,finding,K2:NEW-7,"1,967 city-portal procurement notices carry no surveillance-relevance claim; an unfiltered buyer→seller graph would put unrelated city cont…",S2,ticket(R11-K13-GX-04),R11-K13-GX-04,routed_to names R11-K13-GX-04,S1b,
F-459,finding,K2:NEW-8,"The API's fallback label is the raw connector key (e.g. traffic_camera:camreg_austin_tx:austin_tx_traffic_cameras:1, atlas:Austin Police De…",S2,ticket(R11-K13-GX-01),R11-K13-GX-01,routed_to names R11-K13-GX-01,S1b,
F-460,finding,K2:NEW-9,"Existing labels are not unique: 3,743 labels are shared by 11,588 released records (up to 504 records on one label), so a label alone canno…",S3,ticket(R11-K13-GX-01),R11-K13-GX-01,routed_to names R11-K13-GX-01,S1b,
F-461,finding,K3:NEW-1,P32.14 release search orders every result list alphabetically by label and empty labels sort first: unfiltered browse opens on unlabelled r…,S2,ticket(R11-K13-SRCH-02),R11-K13-SRCH-02,query engine v2 ranking,K3,
F-462,finding,K3:NEW-2,"On the real release the P32.14 index layout is 488.6 MB (osm_physical 301 MB, mostly text claim-id and facet tables) and the API verifies e…",S2,ticket(R11-K13-SRCH-01),R11-K13-SRCH-01,index v2 at 77 MB,K3,R11-K13-SRCH-03
F-463,finding,K3:NEW-3,"Exact-token matching does not remove the misleading hits: P32.14 answers 'ICE' with ice stadiums and 'Maryland', 'Georgia', 'Idaho' and 'Ok…",S2,ticket(R11-K13-SRCH-02),R11-K13-SRCH-02,misleading-hit benchmark,K3,
F-464,finding,K3:NEW-4,"The technology facet offered by the release search API, its no-JS HTML form and the workspace URL contract is structurally empty (0 facet r…",S2,ticket(R11-DATA-02),R11-DATA-02,the technology facet needs typed records,K3,R11-K13-SRCH-01
F-465,finding,K3:NEW-5,"Release search makes the reader choose one of 12 licence compartments before searching, and a two-letter code returns 422 in every compartm…",S2,ticket(R11-K13-SRCH-03),R11-K13-SRCH-03,one request over all compartments,K3,
F-466,finding,K3:NEW-6,"Live-spine /v1/search cannot find an entity by its own id and returns substring matches in UUID order, so it is no substitute for a public …",S3,later-phase(CAP-01 passes and entity-scoped search is prioritised (K3 SRCH-09)),LATER-12,release-pinned search replaces the live-spine path for users,K3,
F-467,finding,K3:NEW-7,"The release publishes no agency, vendor or organization records, so no release-pinned search can answer the journalist's name queries; the …",S2,ticket(R11-K13-GX-05a),R11-K13-GX-05a,entity data contract publishes organisations,K2,gate:D-K2-1
F-468,finding,K4K5:NEW-1,"The connector's jurisdiction scheme is dropped at the sink: camera_jurisdiction claims are emitted with candidate_identifier {scheme,value}…",S2,ticket(R11-K13-JUR-02a),R11-K13-JUR-02a,cited by R11-K13-JUR-02a's merged_from (merged_from),S1a,
F-469,finding,K4K5:NEW-2,"Point-in-polygon places 91.5% of the 'unresolved' dossier bucket (152,058 of 166,210 records) in the United States and gives every US state…",S1,ticket(R11-K13-JUR-02b),R11-K13-JUR-02b,routed_to names R11-K13-JUR-02b,S1b,
F-470,finding,K4K5:NEW-3,"Polygon QA refines C3 NEW-6: 1,640 of 46,801 US-state-declared located records (3.5%) sit outside the state they declare — CA 919 (838 in F…",S2,ticket(R11-DATA-01),R11-DATA-01,routed_to names R11-DATA-01,S1b,R11-K13-JUR-02b R11-REL-04b
F-471,finding,K4K5:NEW-4,"6,462 records from 28 sources published under the non-US database-right basis (LicenseRef-OperatorAccepted-DBRight, operator_accepted compa…",S2,decision(Q-E2-13),Q-E2-13,non-US database-right basis applied to US-located records: guardrails + re-decision of out-of-rule rows (JUR-03 emits the list),E2,R11-K13-JUR-03 gate:E4-S1
F-472,finding,K4K5:NEW-5,"Export dossiers never set jurisdictionCode, so every non-US dossier (BE, DE, NL, PT, GB-*, AU-*, CA-* ...) is gated under the US-DEFAULT pu…",S2,ticket(R11-K13-JUR-03),R11-K13-JUR-03,routed_to names R11-K13-JUR-03,S1b,
F-473,finding,K4K5:NEW-6,"The P32.13 release tree keys its per-compartment jurisdiction record lists on the bare jurisdiction value, so the first promoted release (G…",S2,ticket(R11-ACT-24),R11-ACT-24,cited by R11-ACT-24's merged_from (merged_from),S1a,
F-474,finding,K4K5:NEW-7,The 55 dossiers' printed 'belief-pinned' permalinks (?as_of_world=2026-09-27&...) have no addressable snapshot in the G3/J3 plan — the lega…,S2,ticket(R11-REL-09),R11-REL-09,routed_to names R11-REL-09,S1b,R11-K13-TX-13b R11-K13-JUR-05
F-475,finding,K4K5:NEW-8,The co-location key (observation_group) and its multi-source count are computed at export but never published; every published site row has…,S2,ticket(R11-CONF-07b),R11-CONF-07b,routed_to names R11-CONF-07b,S1b,R11-DATA-01
F-476,finding,K4K5:NEW-9,"Published site files carry no temporal field — no first or last sighting, retrieval time or run id — so no public artifact can say when a r…",S2,ticket(R11-K13-DSRC-01),R11-K13-DSRC-01,routed_to names R11-K13-DSRC-01,S1b,R11-K13-TX-08a
F-477,finding,K6:NEW-1,"sig.workspace-state/1 parses and round-trips the jurisdiction, source, location and technology facets, but none of the three islands applie…",S2,ticket(R11-K13-MAP-03a),R11-K13-MAP-03a,routed_to names R11-K13-MAP-03a,S1b,R11-K13-GX-09a R11-K13-SRCH-05 R11-K13-VIZ-03 R11-K13-UXK0-5
F-478,finding,K6:NEW-2,"Symbol meanings collide across the K designs: K2 marks historical edges with a dash and undated with hollow, K14 reserves dashed for declar…",S3,ticket(R11-K13-UXK14-4),R11-K13-UXK14-4,routed_to names R11-K13-UXK14-4,S1b,SEED-13 R11-K13-GX-06b R11-K13-GX-08a R11-K13-MAP-03a R11-K13-FIG-01b
F-479,finding,K6:NEW-3,"Ownership of the static SVG generators is circular across K rows: K1 says MAP-05 owns the static map renderer and K6 consumes it, while K2 …",S3,ticket(R11-K13-FIG-01b),R11-K13-FIG-01b,routed_to names R11-K13-FIG-01b,S1b,
F-480,finding,K6:NEW-4,"K0's target CSP (style-src 'self' <hashes>, no 'unsafe-inline', sent on every public response) would block the inline <style> block K14 pre…",S3,ticket(R11-K13-UXK0-3),R11-K13-UXK0-3,routed_to names R11-K13-UXK0-3,S1b,SEED-13 R11-K13-UXK14-4 R11-K13-MAP-05 R11-K13-FIG-01b
F-481,finding,K7K8K11:NEW-1,"The renewal watch has no producer: no EXPORT_QUERIES key (or any other code) fills raw['contract_watch'], so web/watch.json, the decision p…",S1,ticket(R11-K13-WX-01),R11-K13-WX-01,routed_to names R11-K13-WX-01,S1b,R11-K13-UXW0-2
F-482,finding,K7K8K11:NEW-2,"SIG already ingests dated, decision-relevant records the watch cannot represent: SAM.gov notices with posted_date/response_deadline, counci…",S2,ticket(R11-K13-WX-01),R11-K13-WX-01,routed_to names R11-K13-WX-01,S1b,R11-K13-WX-02
F-483,finding,K7K8K11:NEW-3,"Agenda sources that would feed an upcoming-meeting watch are scheduled monthly (legistar, primegov, civicclerk, escribe) and only 3 Legista…",S2,ticket(R11-K13-WX-03),R11-K13-WX-03,routed_to names R11-K13-WX-03,S1b,
F-484,finding,K7K8K11:NEW-4,"Latent watch-feed defects: once feeds exist, .ics files would be served as application/octet-stream (the pinned nginx:1.27.5-alpine mime.ty…",S2,ticket(R11-K13-WX-04b),R11-K13-WX-04b,routed_to names R11-K13-WX-04b,S1b,
F-485,finding,K7K8K11:NEW-5,The evidence recommender would rank all 255 published artifacts nationally with NaN scores for any decision: evidence.json carries directne…,S2,ticket(R11-K13-WX-05),R11-K13-WX-05,routed_to names R11-K13-WX-05,S1b,
F-486,finding,K7K8K11:NEW-6,"The /watch/ and /evidence/ empty states attribute their emptiness to a 'research gap' and send readers to the research queue, when the caus…",S2,ticket(R11-K13-UXW0-2),R11-K13-UXW0-2,routed_to names R11-K13-UXW0-2,S1b,
F-487,finding,K7K8K11:NEW-7,"/evidence/ renders only claim_views and ignores the 255 artifact records the release publishes in the same file, so the page is blank altho…",S2,ticket(R11-K13-UXW0-2),R11-K13-UXW0-2,routed_to names R11-K13-UXW0-2,S1b,R11-K13-EV-02
F-488,finding,K7K8K11:NEW-8,The evidence viewer's model cannot represent SIG's honest evidence states: assertClaimView requires document_text for every non-sealed capt…,S2,ticket(R11-K13-EV-03),R11-K13-EV-03,routed_to names R11-K13-EV-03,S1b,R11-K13-TX-08a
F-489,finding,K7K8K11:NEW-9,The public evidence_artifacts export query filters only sensitivity_tier = 0 AND capture_status = 'captured' and omits the shared ADR-124 a…,S2,ticket(R11-K13-UXW0-2),R11-K13-UXW0-2,routed_to names R11-K13-UXW0-2,S1b,R11-K13-TX-01
F-490,finding,K7K8K11:NEW-10,"The research-task export discards what the engine knows: cards carry assignee 'contributor' and effort 'unknown' (not vocabulary values), g…",S2,ticket(R11-K13-UXW0-3),R11-K13-UXW0-3,routed_to names R11-K13-UXW0-3,S1b,R11-K13-RQ-01
F-491,finding,K7K8K11:NEW-11,"99.7% of the research queue is per-camera tag gaps: ≈243,035 of 243,761 tasks are coverage_hole rows minted one per camera site from peer-c…",S2,ticket(R11-K13-RQ-02),R11-K13-RQ-02,routed_to names R11-K13-RQ-02,S1b,
F-492,finding,K7K8K11:NEW-12,"Coverage-gap routing by substring sends retention, sharing and policy gaps to missing_contract, whose closing condition asks for 'the procu…",S2,ticket(R11-K13-RQ-02),R11-K13-RQ-02,routed_to names R11-K13-RQ-02,S1b,
F-493,finding,K7K8K11:NEW-13,No research task carries a jurisdiction: contradiction and stale-edge candidates are minted with jurisdiction None and per-subject coverage…,S2,ticket(R11-K13-UXW0-3),R11-K13-UXW0-3,routed_to names R11-K13-UXW0-3,S1b,R11-K13-RQ-01 R11-K13-RQ-02
F-494,finding,K7K8K11:NEW-14,"The research-queue page is a single 689,410-byte list of the first 500 of 243,761 tasks (0.2%) with no pagination, no facets and no links: …",S2,ticket(R11-K13-RQ-03a),R11-K13-RQ-03a,routed_to names R11-K13-RQ-03a,S1b,R11-K13-TX-10b R11-K13-TX-11
F-495,finding,K7K8K11:NEW-15,The two task outputs that most directly serve the design-centre user produce nothing public: records-request drafts (statute + citation for…,S2,ticket(R11-K13-RQ-04),R11-K13-RQ-04,routed_to names R11-K13-RQ-04,S1b,R11-K13-WX-06
F-496,finding,K9K10:NEW-1,"Public source counts are not nested sets, so J3's counting funnel cannot reconcile them: web/evidence.json's 219 source ids = 215 live regi…",S3,ticket(R11-K13-UX9-1),R11-K13-UX9-1,routed_to names R11-K13-UX9-1,S1b,R11-K13-TX-02
F-497,finding,K9K10:NEW-2,"Freshness volatility 'unknown' on all 178 rows is a code conflation, not a data gap: volatility votes are cast only over dated observations…",S3,ticket(R11-K13-UX9-2),R11-K13-UX9-2,routed_to names R11-K13-UX9-2,S1b,R11-DATA-04 R11-K13-TX-03
F-498,finding,K9K10:NEW-3,Raw capture digests are not an upstream-change signal: at least 5 sources changed every capture digest within 0.1-8.8 h with identical clai…,S3,ticket(R11-K13-UX9-2),R11-K13-UX9-2,routed_to names R11-K13-UX9-2,S1b,R11-K13-TX-03 R11-DEBT-03
F-499,finding,K9K10:NEW-4,"Execution history cannot be keyed on ingest_run: 324 of 387 run rows (all started before 2026-09-24T23:49Z) carry no ingest_run_id, pre-P31…",S2,ticket(R11-K13-UX10-2),R11-K13-UX10-2,routed_to names R11-K13-UX10-2,S1b,R11-K13-TX-03 R11-K13-TX-04
F-500,finding,K9K10:NEW-5,12 ingested-live sources have no GCS run row: 8 are backed only by committed repo live-run records dated 2026-09-16..19 (git-only clock) an…,S2,ticket(R11-K13-UX10-2),R11-K13-UX10-2,routed_to names R11-K13-UX10-2,S1b,R11-K13-UX9-1
F-501,finding,K9K10:NEW-6,The source registry has no field-level publish verdict and several fields are unsafe to render verbatim: notes cite internal ticket ids on …,S2,ticket(R11-K13-UX10-1),R11-K13-UX10-1,routed_to names R11-K13-UX10-1,S1b,R11-K13-TX-01 R11-K13-UX9-3
F-502,finding,K9K10:NEW-7,The registry has no publisher field: J3's source-index 'publisher' column and K9's publisher sort have no source of truth; publisher names …,S3,ticket(R11-K13-UX10-1),R11-K13-UX10-1,routed_to names R11-K13-UX10-1,S1b,R11-K13-UX9-3 R11-K13-TX-02
F-503,finding,K9K10:NEW-8,"Jurisdiction is assigned per source, never per point: all 178 published site sources map to exactly one jurisdiction each (camera_jurisdict…",S2,ticket(R11-K13-JUR-02b),R11-K13-JUR-02b,cited by R11-K13-JUR-02b's merged_from (merged_from),S1a,
F-504,finding,L1:NEW-1,"Claim identity includes row position, page URL, capture digest, fetch date and OSM version, so an identical fact re-mints as a new claim wh…",S1,ticket(R11-CONF-03a),R11-CONF-03a,cited by R11-CONF-03a's merged_from (merged_from),S1a,
F-505,finding,L1:NEW-2,The predicate and genre vocabulary is open at the sink: an unregistered predicate is auto-registered with generic defaults and then silentl…,S2,ticket(R11-DATA-03),R11-DATA-03,cited by R11-DATA-03's merged_from (merged_from),S1a,
F-506,finding,L1:NEW-3,"Subject keys collide or drift: Legistar contract keys are not tenant-scoped, Atlas and EFF agency keys omit the state, and camera keys take…",S1,ticket(R11-CONF-03b),R11-CONF-03b,tenant/state-scoped subject keys,L3,interim:R11-CONF-01
F-507,finding,L1:NEW-4,"Independence is never declared in production: the PG readers never set independence_class, derived_from_source or collection_method, so eve…",S1,ticket(R11-CONF-04),R11-CONF-04,declared lineage and independence,L3,R11-CONF-05 interim:R11-CONF-01
F-508,finding,L1:NEW-5,"Every connector subject is typed 'deployment' in the entity table, including agencies, contracts, portals and bills, so APIs serve agencies…",S2,ticket(R11-DATA-03),R11-DATA-03,cited by R11-DATA-03's merged_from (merged_from),S1a,
F-509,finding,L1:NEW-6,Two overlapping DeFlock/OSM republishes registered as targets of one source (camreg_osm_surveillance) can never be deduplicated: the same-s…,S2,ticket(R11-CONF-04),R11-CONF-04,cited by R11-CONF-04's merged_from (merged_from),S1a,
F-510,finding,L1:NEW-7,"The camera ER's ALPR-vs-traffic incompatibility guard is keyed on source-id and operator substrings, so the largest ALPR layer (camreg_osm_…",S2,ticket(R11-DATA-02),R11-DATA-02,cited by R11-DATA-02's merged_from (merged_from),S1a,
F-511,finding,L1:NEW-8,"No cross-source deduplication reaches any published record: camera-site ER output is used only for one national count, no cluster id is exp…",S1,ticket(R11-CONF-07b),R11-CONF-07b,publish the dedup,L3,R11-CONF-07a interim:R11-CONF-01
F-512,finding,L1:NEW-9,"The camera-site gold set is labelled twice by the same model (verifier and 'blind' adjudicator are both Claude Opus 5.5), its 180-pair froz…",S1,ticket(R11-CONF-02),R11-CONF-02,gold-set provenance relabelled 'agent' in wave 0,L3,SEED-14
F-513,finding,L1:NEW-10,"The sharing-edge seam loses time and provenance: undated claims become 1970-01-01 edge start dates, materialized edges are never superseded…",S2,ticket(R11-CONF-06),R11-CONF-06,cited by R11-CONF-06's merged_from (merged_from),S1a,
F-514,finding,L1:NEW-11,"The 5,290 'conflicted' subjects in the 2026-09-27 release are an artifact of pre-P32.4 code that treated every same-source claim as a concu…",S2,ticket(R11-CONF-03b),R11-CONF-03b,cited by R11-CONF-03b's merged_from (merged_from),S1a,
F-515,finding,L1:NEW-12,"There is no production organisation entity resolution: organisations are exact scoped-name keys that are never unioned, the Splink matcher …",S2,ticket(R11-CONF-13),R11-CONF-13,cited by R11-CONF-13's merged_from (merged_from),S1a,
F-516,finding,L1:NEW-13,"Release validation checks integrity only (hashes, undeclared files, key uniqueness per compartment, index counts); no truth invariant (geom…",S2,ticket(R11-CONF-01),R11-CONF-01,quality suite adds truth invariants to release validation (L1 fix 10),L3,R11-ACT-13 R11-REL-04b
F-517,finding,L1:NEW-14,"Value mapping is lossy: dict and list values are stored as Python repr strings, units and currencies are dropped or put in non-standard key…",S3,ticket(R11-DATA-03),R11-DATA-03,cited by R11-DATA-03's merged_from (merged_from),S1a,
F-518,finding,L2:NEW-1,"Non-unique upstream refs merge distinct cameras into one subject: 5,278 camera subjects carry differing coordinates (4,520 over 10 km apart…",S1,ticket(R11-CONF-03b),R11-CONF-03b,truthful subject keys + re-keying,L3,interim:R11-CONF-01
F-519,finding,L2:NEW-2,"The resolver labels every multi-claim value 'uncontested': 0 dissent in 19,121 sampled multi-claim resolutions although 52% of multi-claim …",S1,ticket(R11-CONF-05),R11-CONF-05,tolerance-aware dissent; contested emitted,L3,interim:R11-CONF-01
F-520,finding,L2:NEW-3,Cross-layer duplicates: 13.5% of published points have a point from another source or layer within 25 m versus the resolver's 3.75%; mirror…,S1,ticket(R11-CONF-07a),R11-CONF-07a,derivation collapse + possible duplicates,L3,R11-CONF-04 R11-CONF-07b interim:R11-CONF-01
F-521,finding,L2:NEW-4,"Publisher recorded as camera operator for 74% of camera subjects; an 'OpenStreetMap contributors' organisation is operator of 154,528 ALPR …",S1,ticket(R11-CONF-06),R11-CONF-06,operator vs publisher roles,L3,interim:R11-CONF-01
F-522,finding,L2:NEW-5,"No claim is bound to real captured bytes: all 2,782,187 claim-evidence bindings point at 285 zero-byte synthetic connector captures, with n…",S1,live-return-pass(R11-ACT-14),R11-ACT-14,P32.2 capture binding goes live (CP-8),L3,R11-K13-TX-08a interim:R11-K13-UXW0-2
F-523,finding,L2:NEW-6,"Technology typing quantified: 77.4% of 'traffic_camera' subjects are ALPR (152,102), police CCTV (23,989) or enforcement cameras (3,945) by…",S1,ticket(R11-DATA-02),R11-DATA-02,cited by R11-DATA-02's merged_from (merged_from),S1a,
F-524,finding,L2:NEW-7,"17.5% of current claims are exact repeats of an existing (subject, predicate, value); every EFF Data Driven fact is stored twice and sharin…",S2,ticket(R11-CONF-03a),R11-CONF-03a,cited by R11-CONF-03a's merged_from (merged_from),S1a,
F-525,finding,L2:NEW-8,"10,238 records typed 'deployment' are not deployments (procurement notices, contracts, agenda items, grants, bills, jurisdictions); all typ…",S2,ticket(R11-DATA-03),R11-DATA-03,cited by R11-DATA-03's merged_from (merged_from),S1a,
F-526,finding,L2:NEW-9,No cross-source agency identity: at least 171 of 200 EFF Data Driven agencies also exist as Atlas subjects (71 as Flock portals) with 0 lin…,S2,ticket(R11-CONF-13),R11-CONF-13,cited by R11-CONF-13's merged_from (merged_from),S1a,
F-527,finding,L2:NEW-10,"Time is missing from the graph: 100% of claims have an unbounded valid period, 92.8% no observed_at, 98.8% of edges are undated, and 'last …",S2,ticket(R11-CONF-06),R11-CONF-06,cited by R11-CONF-06's merged_from (merged_from),S1a,
F-528,finding,L2:NEW-11,"Procurement ingestion has no topical filter: 0 of 9 sampled contract records reached upstream concern surveillance technology, yet each add…",S2,ticket(R11-K13-GX-04),R11-K13-GX-04,procurement relevance rule,K2,
F-529,finding,L2:NEW-12,"Geometry gate quantified with polygons: 2,370 points lie more than 25 km outside their dossier's jurisdiction across 15 dossiers, including…",S1,ticket(R11-K13-JUR-02b),R11-K13-JUR-02b,polygon placement gate,L3,R11-DATA-01
F-530,finding,L2:NEW-13,"92.1% of 'unresolved' geolocated points (153,050 of 166,142) fall inside a US state polygon and could be routed by geometry",S2,ticket(R11-DATA-01),R11-DATA-01,cited by R11-DATA-01's merged_from (merged_from),S1a,
F-531,finding,L2:NEW-14,630 of 632 published sharing-edge rows (EFF & MuckRock CC-BY-4.0 data) are attributed '© The SIG project — CC-BY-4.0' instead of the upstre…,S1,ticket(R11-ACT-07),R11-ACT-07,cited by R11-ACT-07's merged_from (merged_from),S1a,
F-532,finding,L2:NEW-15,Auto-write tier 3 rests on the favourable of two measurements: the run's own LLM labels give strict precision 0.784 (58 of 74) versus 0.986…,S2,ticket(R11-CONF-02),R11-CONF-02,inferential tiers review-only,L3,
F-533,finding,L2:NEW-16,No least-privilege read path to the spine: the only database credential is the owner login 'sig'; this audit had to downgrade with SET ROLE…,S2,ticket(R11-ACT-13),R11-ACT-13,cited by R11-ACT-13's merged_from (merged_from),S1a,
F-534,finding,L2:NEW-17,Run bookkeeping reports more claims inserted than considered for 24 sources,S3,ticket(R11-DEBT-04),R11-DEBT-04,run telemetry per-fetch fields,J3,R11-K13-TX-04
F-535,finding,L3:NEW-1,"Camera-site tier 1g ('shared upstream ref') compares bare normalised ref strings with no id namespace and no per-capture uniqueness check, …",S2,ticket(R11-CONF-04),R11-CONF-04,routed_to names R11-CONF-04,S1b,R11-CONF-07a
F-536,finding,L3:NEW-2,"The spec has no boundary between derivation (records that are copies of one upstream record, SIG-EPIS-009) and identity inference (independ…",S2,ticket(SEED-12),SEED-12,L3 §7 draft requirement on derivation vs identity,L3,SEED-11
F-537,finding,L3:NEW-3,The G3 promotion gate is all-or-nothing ('any failure or skip blocks promotion; a waiver only with Class S') while 29 of L2's 45 graph-qual…,S2,ticket(R11-CONF-01),R11-CONF-01,routed_to names R11-CONF-01,S1b,R11-REL-04b R11-REL-06
F-538,finding,L3:NEW-4,Same-layer co-located distinct records (multi-view camera sites published as one row per view) are counted as duplicates and anomalies by L…,S3,ticket(R11-CONF-01),R11-CONF-01,routed_to names R11-CONF-01,S1b,
U-001,feedback,feedback/OPERATOR_FEEDBACK.md U-001,Q-D1-01 · What is SIG for?,operator-statement,ticket(R11-K13-UXK14-6),R11-K13-UXK14-6,confirmed 'what SIG is for' drives the About/How-it-works narrative and K14 positioning,D3,gate:D-K14-1 gate:D3-DIR
U-002,feedback,feedback/OPERATOR_FEEDBACK.md U-002,Q-D1-02 · Is the design-center user still who we build for first?,operator-statement,ticket(R11-K13-CAP-01),R11-K13-CAP-01,advocate stays design centre; journalist and organizer journeys in the capstone,D3,gate:D3-Q1
U-003,feedback,feedback/OPERATOR_FEEDBACK.md U-003,Q-D1-03 · What should a first-time visitor be able to do or find out within 10 minutes?,operator-statement,merged-into(U-003.G),U-003.G,"decomposed into U-003.1…11, .G and .X (each disposed); the general ask carries the parent",K13,
U-003.1,feedback,feedback/OPERATOR_FEEDBACK.md U-003.1,`/map` has no basemap/place context — needs a real map,operator-statement,ticket(R11-K13-MAP-02),R11-K13-MAP-02;R11-K13-UXW0-6;R11-K13-MAP-01a;R11-K13-MAP-05;R11-K13-MAP-03a;R11-K13-MAP-03b;R11-K13-MAP-04;R11-K13-MAP-06;R11-K13-MAP-01b;R11-K13-MAP-07;R11-K13-FIG-01a;R11-K13-VIZ-04,K13 §5.1 traceability: 12 tickets; CAP-01 live check,K13,R11-K13-CAP-01
U-003.2,feedback,feedback/OPERATOR_FEEDBACK.md U-003.2,"network explorer opaque: human-readable labels not UUIDs, entity detail pages, a global graph (or set of graphs), searchable/navigable, lay…",operator-statement,ticket(R11-K13-GX-01),R11-K13-GX-01;R11-K13-UXW0-6;R11-K13-GX-02;R11-K13-GX-03;R11-K13-GX-04;R11-K13-GX-05a;R11-K13-GX-05b;R11-K13-GX-06a;R11-K13-GX-06b;R11-K13-GX-07;R11-K13-GX-08a;R11-K13-GX-08b;R11-K13-GX-09a;R11-K13-GX-09b;R11-K13-VIZ-01b;R11-K13-ACC-EXPLORE;R11-K13-QB-01,K13 §5.1 traceability: 17 tickets; CAP-01 live check,K13,R11-K13-CAP-01
U-003.3,feedback,feedback/OPERATOR_FEEDBACK.md U-003.3,`/search` crude — flexible search across the whole knowledge graph (incremental first pass OK),operator-statement,ticket(R11-K13-SRCH-01),R11-K13-SRCH-01;R11-K13-SRCH-02;R11-K13-SRCH-03;R11-K13-SRCH-04;R11-K13-SRCH-05;R11-K13-SRCH-06;R11-K13-SRCH-07;R11-K13-SRCH-08;R11-K13-MAP-04;R11-K13-JUR-04,K13 §5.1 traceability: 10 tickets; CAP-01 live check,K13,R11-K13-CAP-01
U-003.4,feedback,feedback/OPERATOR_FEEDBACK.md U-003.4,"`/dossier` list grouped by country (US states under US, separate from country dossiers)",operator-statement,ticket(R11-K13-JUR-04),R11-K13-JUR-04;R11-K13-UXW0-5;R11-K13-JUR-01;R11-K13-JUR-02a;R11-K13-JUR-02b;R11-K13-JUR-03;R11-K13-JUR-05;R11-K13-ACC-PLACES,K13 §5.1 traceability: 8 tickets; CAP-01 live check,K13,R11-K13-CAP-01
U-003.5,feedback,feedback/OPERATOR_FEEDBACK.md U-003.5,"dossier pages: browse which sources contributed what, when; navigate to source + ingestion details",operator-statement,ticket(R11-K13-DSRC-02),R11-K13-DSRC-02;R11-K13-DSRC-01;R11-K13-DSRC-03;R11-K13-TX-08a;R11-K13-TX-09;R11-K13-QB-01;R11-K13-UX10-3b,K13 §5.1 traceability: 7 tickets; CAP-01 live check,K13,R11-K13-CAP-01
U-003.6,feedback,feedback/OPERATOR_FEEDBACK.md U-003.6,"dossier pages: default embedded map and/or network visualizations for interactive exploration, perhaps search",operator-statement,ticket(R11-K13-VIZ-01a),R11-K13-VIZ-01a;R11-K13-FIG-01a;R11-K13-FIG-01b;R11-K13-VIZ-02;R11-K13-VIZ-03;R11-K13-VIZ-01b;R11-K13-VIZ-04;R11-K13-SRCH-06,K13 §5.1 traceability: 8 tickets; CAP-01 live check,K13,R11-K13-CAP-01
U-003.7,feedback,feedback/OPERATOR_FEEDBACK.md U-003.7,`/watch` may not work — QA it,operator-statement,ticket(R11-K13-WX-01),R11-K13-WX-01;R11-K13-UXW0-2;R11-K13-WX-02;R11-K13-WX-03;R11-K13-WX-04a;R11-K13-WX-04b;R11-K13-WX-05;R11-K13-WX-06,K13 §5.1 traceability: 8 tickets; CAP-01 live check,K13,R11-K13-CAP-01
U-003.8,feedback,feedback/OPERATOR_FEEDBACK.md U-003.8,`/evidence` shows nothing — diagnose (maybe stuck in the research queue),operator-statement,ticket(R11-K13-EV-02),R11-K13-EV-02;R11-K13-UXW0-2;R11-K13-TX-08a;R11-K13-TX-08b;R11-K13-EV-03;R11-K13-TX-12,K13 §5.1 traceability: 6 tickets; CAP-01 live check,K13,R11-K13-CAP-01
U-003.9,feedback,feedback/OPERATOR_FEEDBACK.md U-003.9,data-freshness: sortable columns; per-source latest-data downloads; ideally versions over time; ingestion metrics/metadata; ground-truth li…,operator-statement,ticket(R11-K13-UX9-3),R11-K13-UX9-3;R11-K13-UX9-1;R11-K13-UX9-2;R11-K13-UX9-4;R11-K13-TX-02;R11-K13-TX-03;R11-K13-TX-04;R11-K13-TX-10a;R11-K13-TX-10b;R11-K13-TX-11;R11-K13-ENH-01,K13 §5.1 traceability: 11 tickets; CAP-01 live check,K13,R11-K13-CAP-01
U-003.10,feedback,feedback/OPERATOR_FEEDBACK.md U-003.10,per-source detail pages: all freshness metadata + ingestion history + per-file downloads + more,operator-statement,ticket(R11-K13-UX10-3a),R11-K13-UX10-3a;R11-K13-UX10-1;R11-K13-UX10-2;R11-K13-UX10-3b;R11-K13-UX10-4;R11-K13-TX-06;R11-K13-TX-07;R11-K13-TX-12;R11-K13-TX-15,K13 §5.1 traceability: 9 tickets; CAP-01 live check,K13,R11-K13-CAP-01
U-003.11,feedback,feedback/OPERATOR_FEEDBACK.md U-003.11,research queue unusable: human-readable ids + detail pages,operator-statement,ticket(R11-K13-RQ-01),R11-K13-RQ-01;R11-K13-UXW0-3;R11-K13-RQ-02;R11-K13-RQ-03a;R11-K13-RQ-03b;R11-K13-RQ-04;R11-K13-RQ-05;R11-K13-WX-06,K13 §5.1 traceability: 8 tickets; CAP-01 live check,K13,R11-K13-CAP-01
U-003.G,feedback,feedback/OPERATOR_FEEDBACK.md U-003.G,"general: more user-friendly, richer, interactive, searchable, traversable, inspectable — lay bare what the data says and where it came from",operator-statement,ticket(R11-K13-UXK14-2),R11-K13-UXK14-2;R11-K13-UXW0-1;R11-K13-UXW0-4;R11-K13-UXK0-1;R11-K13-UXK0-2;R11-K13-UXK0-3;R11-K13-UXK0-4;R11-K13-UXK0-5;R11-K13-UXK14-1;R11-K13-UXK14-3a;R11-K13-UXK14-3b;R11-K13-UXK14-4;R11-K13-UXK14-5;R11-K13-UXK14-6;R11-K13-UXK14-7;R11-K13-UXK14-9;R11-K13-UXK14-10;R11-K13-UXK14-11;R11-K13-CX-01;R11-K13-CHG-01;R11-K13-ENH-01;R11-K13-TX-13a;R11-K13-TX-13b;R11-K13-TX-14;R11-K13-TX-16;R11-K13-CAP-01;R11-K13-CAP-02,K13 §5.1 traceability: 27 tickets; CAP-01 live check,K13,gate:D3-Q1
U-003.X,feedback,feedback/OPERATOR_FEEDBACK.md U-003.X,agent to add its own ideas from web research and its own browser use of the live site,operator-statement,"already-done(K12a web prior art + K12b browser review; 32 ideas dispositioned (29 accepted -> tickets, 3 deferred -> LATER-12))",design/K13-ux-synthesis.md §5.2,the agent's own ideas were produced in Stage P and folded into K13 tickets,K13,LATER-12
U-004,feedback,feedback/OPERATOR_FEEDBACK.md U-004,C-1 what works / keep,operator-statement,ticket(R11-K13-UXK14-4),R11-K13-UXK14-4,precise sections kept byte-for-byte behind 'In brief'; glossary published,K13,R11-K13-UXK14-6
U-005,feedback,feedback/OPERATOR_FEEDBACK.md U-005,C-2 would you send it,operator-statement,ticket(R11-K13-TX-08a),R11-K13-TX-08a;R11-K13-TX-08b;R11-K13-TX-09;R11-K13-GX-09a;R11-K13-GX-09b;R11-K13-SRCH-05;R11-K13-TX-13a;R11-K13-TX-13b;R11-K13-CHG-01;R11-K13-UXK14-4;R11-K13-UXK14-5,journalist exploration with lineage; chrome ≤ 40 words (K13 §5.1),K13,R11-K13-CAP-01
U-006,feedback,feedback/OPERATOR_FEEDBACK.md U-006,C-3 trust,operator-statement,ticket(R11-CONF-01),R11-CONF-01;R11-CONF-03a;R11-CONF-03b;R11-CONF-04;R11-CONF-07a;R11-CONF-07b;R11-CONF-14,"Stream L: audit (L1/L2) -> quality suite, identity, lineage, dedup, acceptance re-measure",L3,R11-CONF-12
U-007,feedback,feedback/OPERATOR_FEEDBACK.md U-007,C-4 outcomes and scope,operator-statement,ticket(R11-K13-CAP-01),R11-K13-CAP-01;R11-CONF-14;R11-ACQ-28;R11-K13-UXK14-6,"feature richness + correctness/comprehensiveness + clarity, measured by CAP-01, CONF-14 and ACQ-28 (US-wide Flock/Axon priority in I8)",D3,gate:D3-DIR
U-008,feedback,feedback/OPERATOR_FEEDBACK.md U-008,C-5 resources,operator-statement,ticket(R11-ACT-03),R11-ACT-03,≤ $300/mo ceiling with a visible spend ledger; no humans besides the operator (L3 replaces the human spine),D3,OP-12 LATER-01 gate:OD-02
U-009,feedback,feedback/OPERATOR_FEEDBACK.md U-009,C-6 visibility,operator-statement,later-phase(CAP-02 announce-readiness passes and the operator says go (D3 §5)),LATER-22,announcement when the time is right,D3,R11-K13-CAP-02 gate:D3-Q5
U-010,feedback,feedback/OPERATOR_FEEDBACK.md U-010,C-7 red lines / reopen,operator-statement,already-done(nothing to note (verbatim); no obligation created),feedback/OPERATOR_FEEDBACK.md U-010,recorded only,D1,
U-011,feedback,feedback/OPERATOR_FEEDBACK.md U-011,C-8 autonomy,operator-statement,ticket(SEED-17),SEED-17,"OPERATING MODE encodes maximal autonomy, money transparency and no outside contact",D3,R11-ACT-03 LATER-04 gate:Q-15
U-012,feedback,feedback/OPERATOR_FEEDBACK.md U-012,C-9 process,operator-statement,ticket(SEED-13),SEED-13,Round 11 follows the existing decompose/orchestrate patterns (T3 via decompose-spec extend),D3,OP-01
U-013,feedback,feedback/OPERATOR_FEEDBACK.md U-013,F-1 counsel,operator-statement,ticket(R11-GOV-01),R11-GOV-01,public text and records stop implying counsel,E2,SEED-14 gate:Q-E2-10
U-014,feedback,feedback/OPERATOR_FEEDBACK.md U-014,F-2 contact string,operator-statement,operator-action(create contact@surveillancegraph.org),OP-10,operator address approved as contact string; alias planned,D3,R11-SAFE-06 gate:OD-04 gate:OD-15
U-015,feedback,feedback/OPERATOR_FEEDBACK.md U-015,F-3 harness history,operator-statement,already-done(B7 attributed all 480 chain commits by harness/model),research/B7-harness-attribution.md,investigated by the agent as asked; operator confirms at S5,B7,gate:OD-11
CG-ACQ-04,candidate_group,data/acquisition_plan.csv ticket=ACQ-04 -> live ACQ-07,26 acquisition-plan rows: ACQ-04 -> live ACQ-07,n=26 candidates; tiers TW:26,ticket(R11-ACQ-04),R11-ACQ-04;R11-ACQ-07,I8 acquisition plan: build ticket then live wave; per-batch HG-03 lines first,I8,
CG-ACQ-05,candidate_group,data/acquisition_plan.csv ticket=ACQ-05 -> live ACQ-07,6 acquisition-plan rows: ACQ-05 -> live ACQ-07,n=6 candidates; tiers TW:6,ticket(R11-ACQ-05),R11-ACQ-05;R11-ACQ-07,I8 acquisition plan: build ticket then live wave; per-batch HG-03 lines first,I8,
CG-ACQ-06,candidate_group,data/acquisition_plan.csv ticket=ACQ-06 -> live ACQ-07,11 acquisition-plan rows: ACQ-06 -> live ACQ-07,n=11 candidates; tiers TW:11,ticket(R11-ACQ-06),R11-ACQ-06;R11-ACQ-07,I8 acquisition plan: build ticket then live wave; per-batch HG-03 lines first,I8,
CG-ACQ-08,candidate_group,data/acquisition_plan.csv ticket=ACQ-08 -> live ACQ-16,10 acquisition-plan rows: ACQ-08 -> live ACQ-16,n=10 candidates; tiers T1:10,ticket(R11-ACQ-08),R11-ACQ-08;R11-ACQ-16,I8 acquisition plan: build ticket then live wave; per-batch HG-03 lines first,I8,gate:I7-RB-01 gate:I7-RB-02
CG-ACQ-09,candidate_group,data/acquisition_plan.csv ticket=ACQ-09 -> live ACQ-16,16 acquisition-plan rows: ACQ-09 -> live ACQ-16,n=16 candidates; tiers T1:16,ticket(R11-ACQ-09),R11-ACQ-09;R11-ACQ-16,I8 acquisition plan: build ticket then live wave; per-batch HG-03 lines first,I8,gate:I7-RB-01
CG-ACQ-10,candidate_group,data/acquisition_plan.csv ticket=ACQ-10 -> live ACQ-16,15 acquisition-plan rows: ACQ-10 -> live ACQ-16,n=15 candidates; tiers T1:15,ticket(R11-ACQ-10),R11-ACQ-10;R11-ACQ-16,I8 acquisition plan: build ticket then live wave; per-batch HG-03 lines first,I8,gate:I7-RB-01 gate:I7-RB-06
CG-ACQ-11,candidate_group,data/acquisition_plan.csv ticket=ACQ-11 -> live ACQ-16,3 acquisition-plan rows: ACQ-11 -> live ACQ-16,n=3 candidates; tiers T1:3,ticket(R11-ACQ-11),R11-ACQ-11;R11-ACQ-16,I8 acquisition plan: build ticket then live wave; per-batch HG-03 lines first,I8,gate:I7-RB-01 gate:I7-RB-04 gate:I7-RB-06
CG-ACQ-12,candidate_group,data/acquisition_plan.csv ticket=ACQ-12 -> live ACQ-16,10 acquisition-plan rows: ACQ-12 -> live ACQ-16,n=10 candidates; tiers T1:10,ticket(R11-ACQ-12),R11-ACQ-12;R11-ACQ-16,I8 acquisition plan: build ticket then live wave; per-batch HG-03 lines first,I8,gate:I7-RB-03
CG-ACQ-13,candidate_group,data/acquisition_plan.csv ticket=ACQ-13 -> live ACQ-16,23 acquisition-plan rows: ACQ-13 -> live ACQ-16,n=23 candidates; tiers T1:23,ticket(R11-ACQ-13),R11-ACQ-13;R11-ACQ-16,I8 acquisition plan: build ticket then live wave; per-batch HG-03 lines first,I8,gate:I7-RB-03 gate:I7-RB-04 gate:I7-RB-05 gate:I7-RB-06
CG-ACQ-14,candidate_group,data/acquisition_plan.csv ticket=ACQ-14 -> live ACQ-16,16 acquisition-plan rows: ACQ-14 -> live ACQ-16,n=16 candidates; tiers T1:16,ticket(R11-ACQ-14),R11-ACQ-14;R11-ACQ-16,I8 acquisition plan: build ticket then live wave; per-batch HG-03 lines first,I8,gate:I7-RB-03 gate:I7-RB-07
CG-ACQ-15,candidate_group,data/acquisition_plan.csv ticket=ACQ-15 -> live ACQ-16,14 acquisition-plan rows: ACQ-15 -> live ACQ-16,n=14 candidates; tiers T1:14,ticket(R11-ACQ-15),R11-ACQ-15;R11-ACQ-16,I8 acquisition plan: build ticket then live wave; per-batch HG-03 lines first,I8,gate:I7-RB-04 gate:I7-RB-06
CG-ACQ-17,candidate_group,data/acquisition_plan.csv ticket=ACQ-17 -> live ACQ-18,3 acquisition-plan rows: ACQ-17 -> live ACQ-18,n=3 candidates; tiers TW:3,ticket(R11-ACQ-17),R11-ACQ-17;R11-ACQ-18,I8 acquisition plan: build ticket then live wave; per-batch HG-03 lines first,I8,
CG-ACQ-19,candidate_group,data/acquisition_plan.csv ticket=ACQ-19 -> live ACQ-27 | ACQ-19 -> live ACQ-27 (aggregate-only lane) | ACQ-19 -> live ACQ-27 (conditional: C6 answer a) | ACQ-19 -> live ACQ-27 (conditional: RB-08 a) | ACQ-19 -> live ACQ-27 (flip exi…,32 acquisition-plan rows: ACQ-19 -> live ACQ-27 | ACQ-19 -> live ACQ-27 (aggregate-only lane) | ACQ-19 -> live ACQ-27 (conditional: C6 answer a) | ACQ-19 -> live ACQ…,n=32 candidates; tiers T2:32,decision(I8-Q5),I8-Q5,R11-ACQ-19 and its live wave are conditional Tier-2 work: in scope only if I8-Q5 adds Wave D,I8,R11-ACQ-19 R11-ACQ-27 gate:I7-RB-08
CG-ACQ-20,candidate_group,data/acquisition_plan.csv ticket=ACQ-20 -> live ACQ-27,14 acquisition-plan rows: ACQ-20 -> live ACQ-27,n=14 candidates; tiers T2:14,decision(I8-Q5),I8-Q5,R11-ACQ-20 and its live wave are conditional Tier-2 work: in scope only if I8-Q5 adds Wave D,I8,R11-ACQ-20 R11-ACQ-27 gate:I7-RB-08
CG-ACQ-21,candidate_group,data/acquisition_plan.csv ticket=ACQ-21 -> live ACQ-27,8 acquisition-plan rows: ACQ-21 -> live ACQ-27,n=8 candidates; tiers T2:8,decision(I8-Q5),I8-Q5,R11-ACQ-21 and its live wave are conditional Tier-2 work: in scope only if I8-Q5 adds Wave D,I8,R11-ACQ-21 R11-ACQ-27 gate:I7-RB-08
CG-ACQ-22,candidate_group,data/acquisition_plan.csv ticket=ACQ-22 -> live ACQ-27,10 acquisition-plan rows: ACQ-22 -> live ACQ-27,n=10 candidates; tiers T2:10,decision(I8-Q5),I8-Q5,R11-ACQ-22 and its live wave are conditional Tier-2 work: in scope only if I8-Q5 adds Wave D,I8,R11-ACQ-22 R11-ACQ-27 gate:I7-RB-08
CG-ACQ-23,candidate_group,data/acquisition_plan.csv ticket=ACQ-23 -> live ACQ-27 (conditional: C6 answer a) | ACQ-23 -> live ACQ-27 (conditional: N-line / RB-06 a),40 acquisition-plan rows: ACQ-23 -> live ACQ-27 (conditional: C6 answer a) | ACQ-23 -> live ACQ-27 (conditional: N-line / RB-06 a),n=40 candidates; tiers T2:40,decision(I8-Q5),I8-Q5,R11-ACQ-23a and its live wave are conditional Tier-2 work: in scope only if I8-Q5 adds Wave D,I8,R11-ACQ-23a R11-ACQ-23b R11-ACQ-27 gate:I7-RB-08
CG-ACQ-24,candidate_group,data/acquisition_plan.csv ticket=ACQ-24 -> live ACQ-27 | ACQ-24 -> live ACQ-27 (conditional: RB-08 a),8 acquisition-plan rows: ACQ-24 -> live ACQ-27 | ACQ-24 -> live ACQ-27 (conditional: RB-08 a),n=8 candidates; tiers T2:8,decision(I8-Q5),I8-Q5,R11-ACQ-24 and its live wave are conditional Tier-2 work: in scope only if I8-Q5 adds Wave D,I8,R11-ACQ-24 R11-ACQ-27 gate:I7-RB-08
CG-ACQ-25,candidate_group,data/acquisition_plan.csv ticket=ACQ-25 -> live ACQ-27 | ACQ-25 -> live ACQ-27 (facts + citations only),8 acquisition-plan rows: ACQ-25 -> live ACQ-27 | ACQ-25 -> live ACQ-27 (facts + citations only),n=8 candidates; tiers T2:8,decision(I8-Q5),I8-Q5,R11-ACQ-25 and its live wave are conditional Tier-2 work: in scope only if I8-Q5 adds Wave D,I8,R11-ACQ-25 R11-ACQ-27 gate:I7-RB-08
CG-ACQ-26,candidate_group,data/acquisition_plan.csv ticket=ACQ-26 -> live ACQ-27,23 acquisition-plan rows: ACQ-26 -> live ACQ-27,n=23 candidates; tiers T2:23,decision(I8-Q5),I8-Q5,R11-ACQ-26 and its live wave are conditional Tier-2 work: in scope only if I8-Q5 adds Wave D,I8,R11-ACQ-26 R11-ACQ-27 gate:I7-RB-08
CG-DISCOVERY-ACQ-14,candidate_group,data/acquisition_plan.csv ticket=none (discovery channel for the ACQ-14 district rows I9b-C030/C041/C042/C043; no registry row),1 acquisition-plan rows: none (discovery channel for the ACQ-14 district rows I9b-C030/C041/C042/C043; no registry row),n=1 candidates; tiers T1:1,merged-into(CG-ACQ-14),CG-ACQ-14,a discovery channel for ACQ-14's district rows; no registry row of its own,I8,
CG-G2-STEP5,candidate_group,data/acquisition_plan.csv ticket=G2-step5(E4 D-R10-SOURCES-1 dossier captures),8 acquisition-plan rows: G2-step5(E4 D-R10-SOURCES-1 dossier captures),n=8 candidates; tiers T2:8,ticket(R11-ACT-22),R11-ACT-22;R11-ACT-21,E4 D-R10-SOURCES-1 dossier captures (G2 step 5),I8,gate:E4-B1
CG-LATER-acquire-origin-mirror-derived-i-0,candidate_group,data/acquisition_plan.csv ticket=later-phase(acquire origin; mirror/derived I=0),11 acquisition-plan rows: later-phase(acquire origin; mirror/derived I=0),n=11 candidates; tiers T2:11,later-phase(acquire origin; mirror/derived I=0),LATER-09,I8 acquisition plan defers this family/row,I8,
CG-LATER-arcgis-org-identity,candidate_group,data/acquisition_plan.csv ticket=later-phase(ArcGIS org identity),1 acquisition-plan rows: later-phase(ArcGIS org identity),n=1 candidates; tiers T2:1,later-phase(ArcGIS org identity),LATER-09,I8 acquisition plan defers this family/row,I8,
CG-LATER-c6-answer-a-acq-25-family,candidate_group,data/acquisition_plan.csv ticket=later-phase(C6 answer a + ACQ-25 family),1 acquisition-plan rows: later-phase(C6 answer a + ACQ-25 family),n=1 candidates; tiers T2:1,later-phase(C6 answer a + ACQ-25 family),LATER-09,I8 acquisition plan defers this family/row,I8,
CG-LATER-c8-courtlistener-basis,candidate_group,data/acquisition_plan.csv ticket=later-phase(C8 CourtListener basis),1 acquisition-plan rows: later-phase(C8 CourtListener basis),n=1 candidates; tiers T2:1,later-phase(C8 CourtListener basis),LATER-09,I8 acquisition plan defers this family/row,I8,
CG-LATER-channel-only,candidate_group,data/acquisition_plan.csv ticket=later-phase(channel only),4 acquisition-plan rows: later-phase(channel only),n=4 candidates; tiers T2:4,later-phase(channel only),LATER-09,I8 acquisition plan defers this family/row,I8,
CG-LATER-discovery-surface-layer-is-i5-c107,candidate_group,data/acquisition_plan.csv ticket=later-phase(discovery surface; layer is I5-C107),1 acquisition-plan rows: later-phase(discovery surface; layer is I5-C107),n=1 candidates; tiers T2:1,later-phase(discovery surface; layer is I5-C107),LATER-09,I8 acquisition plan defers this family/row,I8,
CG-LATER-e4-r6a-s2-or-r4a-decided,candidate_group,data/acquisition_plan.csv ticket=later-phase(E4 R6a/S2 or R4a decided),7 acquisition-plan rows: later-phase(E4 R6a/S2 or R4a decided),n=7 candidates; tiers T2:7,later-phase(E4 R6a/S2 or R4a decided),LATER-09,I8 acquisition plan defers this family/row,I8,
CG-LATER-extraction-time-name-redaction-for-documents-j4,candidate_group,"data/acquisition_plan.csv ticket=later-phase(extraction-time name redaction for documents, J4 P8-3/P8-6)","23 acquisition-plan rows: later-phase(extraction-time name redaction for documents, J4 P8-3/P8-6)",n=23 candidates; tiers T2:23,"later-phase(extraction-time name redaction for documents, J4 P8-3/P8-6)",LATER-09,I8 acquisition plan defers this family/row,I8,
CG-LATER-faa-host-unreachable-i9b-new-1-rg3,candidate_group,"data/acquisition_plan.csv ticket=later-phase(FAA host unreachable, I9b NEW-1; RG3)","1 acquisition-plan rows: later-phase(FAA host unreachable, I9b NEW-1; RG3)",n=1 candidates; tiers T2:1,"later-phase(FAA host unreachable, I9b NEW-1; RG3)",LATER-09,I8 acquisition plan defers this family/row,I8,
CG-LATER-family-with-no-central-index,candidate_group,data/acquisition_plan.csv ticket=later-phase(family with no central index),2 acquisition-plan rows: later-phase(family with no central index),n=2 candidates; tiers T2:2,later-phase(family with no central index),LATER-09,I8 acquisition plan defers this family/row,I8,
CG-LATER-it1-decided,candidate_group,data/acquisition_plan.csv ticket=later-phase(IT1 decided),1 acquisition-plan rows: later-phase(IT1 decided),n=1 candidates; tiers T2:1,later-phase(IT1 decided),LATER-09,I8 acquisition plan defers this family/row,I8,
CG-LATER-it4-decided,candidate_group,data/acquisition_plan.csv ticket=later-phase(IT4 decided),1 acquisition-plan rows: later-phase(IT4 decided),n=1 candidates; tiers T2:1,later-phase(IT4 decided),LATER-09,I8 acquisition plan defers this family/row,I8,
CG-LATER-it7-decided,candidate_group,data/acquisition_plan.csv ticket=later-phase(IT7 decided),1 acquisition-plan rows: later-phase(IT7 decided),n=1 candidates; tiers T2:1,later-phase(IT7 decided),LATER-09,I8 acquisition plan defers this family/row,I8,
CG-LATER-marginal-class,candidate_group,data/acquisition_plan.csv ticket=later-phase(marginal class),1 acquisition-plan rows: later-phase(marginal class),n=1 candidates; tiers T2:1,later-phase(marginal class),LATER-09,I8 acquisition plan defers this family/row,I8,
CG-LATER-new-family-algoritmeregister,candidate_group,data/acquisition_plan.csv ticket=later-phase(new family algoritmeregister),1 acquisition-plan rows: later-phase(new family algoritmeregister),n=1 candidates; tiers T2:1,later-phase(new family algoritmeregister),LATER-09,I8 acquisition plan defers this family/row,I8,
CG-LATER-new-family-canadabuys,candidate_group,data/acquisition_plan.csv ticket=later-phase(new family canadabuys),1 acquisition-plan rows: later-phase(new family canadabuys),n=1 candidates; tiers T2:1,later-phase(new family canadabuys),LATER-09,I8 acquisition plan defers this family/row,I8,
CG-LATER-new-family-cbp-newsroom,candidate_group,data/acquisition_plan.csv ticket=later-phase(new family cbp_newsroom),1 acquisition-plan rows: later-phase(new family cbp_newsroom),n=1 candidates; tiers T2:1,later-phase(new family cbp_newsroom),LATER-09,I8 acquisition plan defers this family/row,I8,
CG-LATER-new-family-csv-bulk,candidate_group,data/acquisition_plan.csv ticket=later-phase(new family csv_bulk),1 acquisition-plan rows: later-phase(new family csv_bulk),n=1 candidates; tiers T2:1,later-phase(new family csv_bulk),LATER-09,I8 acquisition plan defers this family/row,I8,
CG-LATER-new-family-datex2,candidate_group,data/acquisition_plan.csv ticket=later-phase(new family datex2),1 acquisition-plan rows: later-phase(new family datex2),n=1 candidates; tiers T2:1,later-phase(new family datex2),LATER-09,I8 acquisition plan defers this family/row,I8,
CG-LATER-new-family-govuk-transparency-csv,candidate_group,data/acquisition_plan.csv ticket=later-phase(new family govuk_transparency_csv),1 acquisition-plan rows: later-phase(new family govuk_transparency_csv),n=1 candidates; tiers T2:1,later-phase(new family govuk_transparency_csv),LATER-09,I8 acquisition plan defers this family/row,I8,
CG-LATER-new-family-html-list,candidate_group,data/acquisition_plan.csv ticket=later-phase(new family html_list),2 acquisition-plan rows: later-phase(new family html_list),n=2 candidates; tiers T2:2,later-phase(new family html_list),LATER-09,I8 acquisition plan defers this family/row,I8,
CG-LATER-new-family-miamidade-govaction,candidate_group,data/acquisition_plan.csv ticket=later-phase(new family miamidade_govaction),1 acquisition-plan rows: later-phase(new family miamidade_govaction),n=1 candidates; tiers T2:1,later-phase(new family miamidade_govaction),LATER-09,I8 acquisition plan defers this family/row,I8,
CG-LATER-new-family-nt-tenders-html,candidate_group,data/acquisition_plan.csv ticket=later-phase(new family nt_tenders_html),1 acquisition-plan rows: later-phase(new family nt_tenders_html),n=1 candidates; tiers T2:1,later-phase(new family nt_tenders_html),LATER-09,I8 acquisition plan defers this family/row,I8,
CG-LATER-new-family-oc-agendaext,candidate_group,data/acquisition_plan.csv ticket=later-phase(new family oc_agendaext),1 acquisition-plan rows: later-phase(new family oc_agendaext),n=1 candidates; tiers T2:1,later-phase(new family oc_agendaext),LATER-09,I8 acquisition plan defers this family/row,I8,
CG-LATER-new-family-ocds,candidate_group,data/acquisition_plan.csv ticket=later-phase(new family ocds),2 acquisition-plan rows: later-phase(new family ocds),n=2 candidates; tiers T2:2,later-phase(new family ocds),LATER-09,I8 acquisition plan defers this family/row,I8,
CG-LATER-new-family-ogc-wms,candidate_group,data/acquisition_plan.csv ticket=later-phase(new family ogc_wms),3 acquisition-plan rows: later-phase(new family ogc_wms),n=3 candidates; tiers T2:3,later-phase(new family ogc_wms),LATER-09,I8 acquisition plan defers this family/row,I8,
CG-LATER-new-family-parliament-wqa-api,candidate_group,data/acquisition_plan.csv ticket=later-phase(new family parliament_wqa_api),1 acquisition-plan rows: later-phase(new family parliament_wqa_api),n=1 candidates; tiers T2:1,later-phase(new family parliament_wqa_api),LATER-09,I8 acquisition plan defers this family/row,I8,
CG-LATER-new-family-pdf-policy,candidate_group,data/acquisition_plan.csv ticket=later-phase(new family pdf-policy),1 acquisition-plan rows: later-phase(new family pdf-policy),n=1 candidates; tiers T2:1,later-phase(new family pdf-policy),LATER-09,I8 acquisition plan defers this family/row,I8,
CG-LATER-new-family-staatscourant-pdf-table,candidate_group,data/acquisition_plan.csv ticket=later-phase(new family staatscourant_pdf_table),1 acquisition-plan rows: later-phase(new family staatscourant_pdf_table),n=1 candidates; tiers T2:1,later-phase(new family staatscourant_pdf_table),LATER-09,I8 acquisition plan defers this family/row,I8,
CG-LATER-new-family-stac-geoparquet,candidate_group,data/acquisition_plan.csv ticket=later-phase(new family stac_geoparquet),1 acquisition-plan rows: later-phase(new family stac_geoparquet),n=1 candidates; tiers T2:1,later-phase(new family stac_geoparquet),LATER-09,I8 acquisition plan defers this family/row,I8,
CG-LATER-new-family-unspecified,candidate_group,data/acquisition_plan.csv ticket=later-phase(new family unspecified),1 acquisition-plan rows: later-phase(new family unspecified),n=1 candidates; tiers T2:1,later-phase(new family unspecified),LATER-09,I8 acquisition plan defers this family/row,I8,
CG-LATER-ocr-path,candidate_group,data/acquisition_plan.csv ticket=later-phase(OCR path),1 acquisition-plan rows: later-phase(OCR path),n=1 candidates; tiers T2:1,later-phase(OCR path),LATER-09,I8 acquisition plan defers this family/row,I8,
CG-LATER-origin-withheld,candidate_group,data/acquisition_plan.csv ticket=later-phase(origin withheld),1 acquisition-plan rows: later-phase(origin withheld),n=1 candidates; tiers T2:1,later-phase(origin withheld),LATER-09,I8 acquisition plan defers this family/row,I8,
CG-LATER-per-member-office-letters-with-no-centra,candidate_group,data/acquisition_plan.csv ticket=later-phase(per-member-office letters with no centra),1 acquisition-plan rows: later-phase(per-member-office letters with no centra),n=1 candidates; tiers T2:1,later-phase(per-member-office letters with no centra),LATER-09,I8 acquisition plan defers this family/row,I8,
CG-LATER-q-30-answered-acq-l1-sec-edgar-fts,candidate_group,data/acquisition_plan.csv ticket=later-phase(Q-30 answered -> ACQ-L1 sec_edgar_fts),4 acquisition-plan rows: later-phase(Q-30 answered -> ACQ-L1 sec_edgar_fts),n=4 candidates; tiers T2:4,later-phase(Q-30 answered -> ACQ-L1 sec_edgar_fts),LATER-09,I8 acquisition plan defers this family/row,I8,
CG-LATER-row-specific-s9-screen,candidate_group,data/acquisition_plan.csv ticket=later-phase(row-specific S9 screen),2 acquisition-plan rows: later-phase(row-specific S9 screen),n=2 candidates; tiers T2:2,later-phase(row-specific S9 screen),LATER-09,I8 acquisition plan defers this family/row,I8,
CG-LATER-s4-coarsening-wired-policy-sensitivity-sig-pub-0,candidate_group,data/acquisition_plan.csv ticket=later-phase(S4 coarsening wired: policy.sensitivity + SIG-PUB-011..014),10 acquisition-plan rows: later-phase(S4 coarsening wired: policy.sensitivity + SIG-PUB-011..014),n=10 candidates; tiers T2:10,later-phase(S4 coarsening wired: policy.sensitivity + SIG-PUB-011..014),LATER-09,I8 acquisition plan defers this family/row,I8,
CG-LATER-s6-excerpt-screen-slfrf-adapter,candidate_group,data/acquisition_plan.csv ticket=later-phase(S6 excerpt screen + slfrf adapter),1 acquisition-plan rows: later-phase(S6 excerpt screen + slfrf adapter),n=1 candidates; tiers T2:1,later-phase(S6 excerpt screen + slfrf adapter),LATER-09,I8 acquisition plan defers this family/row,I8,
CG-LATER-section-43-4-naming-gate-for-new-families,candidate_group,data/acquisition_plan.csv ticket=later-phase(section 43.4 naming gate for new families),10 acquisition-plan rows: later-phase(section 43.4 naming gate for new families),n=10 candidates; tiers T2:10,later-phase(section 43.4 naming gate for new families),LATER-09,I8 acquisition plan defers this family/row,I8,
CG-LATER-sig-pub-014a-excerpt-screen-for-new-families,candidate_group,data/acquisition_plan.csv ticket=later-phase(SIG-PUB-014a excerpt screen for new families),15 acquisition-plan rows: later-phase(SIG-PUB-014a excerpt screen for new families),n=15 candidates; tiers T2:15,later-phase(SIG-PUB-014a excerpt screen for new families),LATER-09,I8 acquisition plan defers this family/row,I8,
CG-LATER-terms-capture-then-iu-line,candidate_group,data/acquisition_plan.csv ticket=later-phase(terms capture then IU line),5 acquisition-plan rows: later-phase(terms capture then IU line),n=5 candidates; tiers T2:5,later-phase(terms capture then IU line),LATER-09,I8 acquisition plan defers this family/row,I8,
CG-LATER-tribal-data-governance-rule-i7-new-6,candidate_group,"data/acquisition_plan.csv ticket=later-phase(tribal data-governance rule, I7 NEW-6)","3 acquisition-plan rows: later-phase(tribal data-governance rule, I7 NEW-6)",n=3 candidates; tiers T2:3,"later-phase(tribal data-governance rule, I7 NEW-6)",LATER-09,I8 acquisition plan defers this family/row,I8,
CG-TIER3,candidate_group,data/acquisition_plan.csv ticket=none (I7 Tier 3),259 acquisition-plan rows: none (I7 Tier 3),n=259 candidates; tiers T3:259,"later-phase(Tier 3 (I7): capacity after Waves A-C, terms resolved, or a new channel (I8 §6.3))",LATER-09,I7 Tier 3: not in Round 11,I8,gate:I7-X1
