u_id,source_kind,source_ref,title,source_status,effective_status,blocker_class,evidence,disposition,disposition_ref,rationale,stream,priority,links
U-0001,deferral,D-ACCT.1-1,"HG-12 — a real (zero/low-cost) host + object store + PG target beyond local, and the GCP `apply`",DONE,DONE,,docs/tickets/DEFERRALS.md:72; kind=P; legacy-7-col; docs/build/reports/obligations/events.jsonl head D-ACCT.1-1:e0 (migration/preserved); backlog_home=BL-037,,,,F1,,ADR-075 ADR-077 BL-037 RETURN-PASS:P24.1
U-0002,deferral,D-CCOPS.1-1,"HG-03 — flip the reviewed CCOPS sources (`ccops_seattle`, `ccops_nyc_post`, `ccops_sf`) to `ingestion_permitted=true` after their rights reviews resolve; then the real LIVE fetches (Seattle SIR/Maste…",DONE,DONE,,docs/tickets/DEFERRALS.md:116; kind=P; docs/build/reports/obligations/events.jsonl head D-CCOPS.1-1:e0 (migration/preserved); backlog_home=BL-054,,,,F1,,BL-054 RETURN-PASS:P24.7
U-0003,deferral,D-CCOPS.1-2,"HG-04 — Stage-0 outreach to the CCOPS source operators (Seattle CTO privacy program, NYC.gov/NYPD publications, sf.gov/COIT) + the ACLU CCOPS list maintainer for the canonical jurisdiction register",WONTFIX,WONTFIX,,docs/tickets/DEFERRALS.md:118; kind=P; docs/build/reports/obligations/events.jsonl head D-CCOPS.1-2:e0 (migration/preserved),,,,F1,,RETURN-PASS:P24.7
U-0004,deferral,D-CI.1-1,The first on-runner execution of the new `composed` CI job + `nightly.yml` schedule — GitHub-hosted execution cannot be run from an isolated worker,DONE,DONE,,docs/tickets/DEFERRALS.md:76; kind=V; legacy-7-col; docs/build/reports/obligations/events.jsonl head D-CI.1-1:e0 (migration/preserved),,,,F1,,RETURN-PASS:P24.4
U-0005,deferral,D-DEPLOY.1-1,HG-12 — the real GCP `apply`/deploy of the validated IaC + the real cloud restore (GCS / Cloud SQL) under operator Application Default Credentials,DONE,DONE,,docs/tickets/DEFERRALS.md:73; kind=P; legacy-7-col; docs/build/reports/obligations/events.jsonl head D-DEPLOY.1-1:e0 (migration/preserved); backlog_home=BL-037,,,,F1,,ADR-075 ADR-081 BL-037 RETURN-PASS:P24.1
U-0006,deferral,D-FEDERAL.1-1,"hosted widened SAM.gov sweep landing — a successful `sig-ingest-sam-gov` execution emitting `procurement_notice` claims from the 19-keyword sweep, its GCS run row + per-slice outcomes, the hosted-spi…",OPEN,OPEN,scheduled,docs/tickets/DEFERRALS.md:226; kind=V; docs/build/reports/obligations/events.jsonl head D-FEDERAL.1-1:e0 (migration/preserved); backlog_home=BL-055; §(f3) domain: hosted (scheduled),,,,F1,,BL-055
U-0007,deferral,D-JURIS.2-1,"HG-03 — flip the reviewed France sources (`raa_prefectures`, `decp_fr`, `madada`) to `ingestion_permitted=true` after their rights reviews resolve; then the real LIVE fetches (RAA index → arrêté corp…",PARTIAL,PARTIAL,rights,docs/tickets/DEFERRALS.md:101; kind=P; docs/build/reports/obligations/events.jsonl head D-JURIS.2-1:e0 (migration/preserved); backlog_home=BL-042; §(f3) domain: human (rights),,,,F1,,BL-042 RETURN-PASS:P24.6
U-0008,deferral,D-JURIS.2-2,"HG-04 — Stage-0 outreach to the France source operators (data.gouv.fr RAA/DECP dataset maintainers, Ma Dada) + the Belgium `declarationcamera_be` packet if Belgium lands as a third jurisdiction",WONTFIX,WONTFIX,,docs/tickets/DEFERRALS.md:103; kind=P; docs/build/reports/obligations/events.jsonl head D-JURIS.2-2:e0 (migration/preserved),,,,F1,,RETURN-PASS:P24.6
U-0009,deferral,D-LEGAL.1-1,"HG-02 — counsel opinions (ODbL 4.4(b) RISK-P0-01, officer-naming gate, publication tiers + sensitive-coordinate rules, Part VIII of the published surface)",DONE,DONE,,docs/tickets/DEFERRALS.md:71; kind=P; legacy-7-col; docs/build/reports/obligations/events.jsonl head D-LEGAL.1-1:e0 (migration/preserved),,,,F1,,ADR-096
U-0010,deferral,D-LIVE.1a-1,HG-09 — the real LIVE smoke of the three now-green OKC document sources (`okc_procurement`/`okcpd_policy`/`ok_statute`): fetch the cited public PDFs/HTML → capture to OCFL → parse → emit the expected…,DONE,DONE,,docs/tickets/DEFERRALS.md:74; kind=V; legacy-7-col; docs/build/reports/obligations/events.jsonl head D-LIVE.1a-1:e0 (migration/preserved); backlog_home=BL-055,,,,F1,,BL-023 BL-055
U-0011,deferral,D-META.1-1,"BL-045 — ruleset calibration (volatility, directness matrix, Atlas supersession) run once real claim data exists",DONE,DONE,,docs/tickets/DEFERRALS.md:89; kind=F; docs/build/reports/obligations/events.jsonl head D-META.1-1:e0 (migration/preserved); backlog_home=BL-045,,,,F1,,BL-045
U-0012,deferral,D-META.1-2,BL-028 — records-request filing/response backend: the `records_request` template outcome log fed live,DONE,DONE,,docs/tickets/DEFERRALS.md:90; kind=F; docs/build/reports/obligations/events.jsonl head D-META.1-2:e0 (migration/preserved); backlog_home=BL-028,,,,F1,,BL-028
U-0013,deferral,D-OBS.1-1,OBS.1 live-side verification — a real webhook delivery (a configured `SIG_ALERT_WEBHOOK_URL`) and the first real probe/uptime data against the hosted stack,DONE,DONE,,docs/tickets/DEFERRALS.md:75; kind=V; legacy-7-col; docs/build/reports/obligations/events.jsonl head D-OBS.1-1:e0 (migration/preserved); backlog_home=BL-037,,,,F1,,BL-037 RETURN-PASS:P24.3
U-0014,deferral,D-P21.1-1,HG-03 — flip the reviewed OKC/critical-path sources to `ingestion_permitted=true`,DONE,DONE,,docs/tickets/DEFERRALS.md:35; kind=P; legacy-7-col; docs/build/reports/obligations/events.jsonl head D-P21.1-1:e0 (migration/preserved); backlog_home=BL-032,,,,F1,,RETURN-PASS:P21.1
U-0015,deferral,D-P21.1-2,HG-04 — record actual Stage-0 outreach outcomes to the 19 federation-compact projects,WONTFIX,WONTFIX,,docs/tickets/DEFERRALS.md:36; kind=P; legacy-7-col; docs/build/reports/obligations/events.jsonl head D-P21.1-2:e0 (migration/preserved),,,,F1,,RETURN-PASS:P21.1 RETURN-PASS:P21.8
U-0016,deferral,D-P21.3-1,HG-03 — first real LIVE fetch of ≥1 green source (document-connector modules okc_procurement/okcpd_policy/ok_statute),DONE,DONE,,docs/tickets/DEFERRALS.md:37; kind=V; legacy-7-col; docs/build/reports/obligations/events.jsonl head D-P21.3-1:e0 (migration/preserved); backlog_home=BL-023,,,,F1,,BL-023 BL-055 RETURN-PASS:P21.3
U-0017,deferral,D-P21.3-2,HG-09 — API tokens (`SIG_MUCKROCK_TOKEN`/`SIG_DATA_GOV_KEY`/`SIG_OVERPASS_ENDPOINT`/`SIG_CIVICCLERK_BASE`) exported in the worker shell,OPEN,OPEN,operator,docs/tickets/DEFERRALS.md:38; kind=P; legacy-7-col; docs/build/reports/obligations/events.jsonl head D-P21.3-2:e0 (migration/preserved); backlog_home=BL-024; §(f3) domain: human (credentials),,,,F1,,BL-024 RETURN-PASS:P21.3
U-0018,deferral,D-P21.4-1,HG-01 — name the legal home,DONE,DONE,,docs/tickets/DEFERRALS.md:39; kind=P; legacy-7-col; docs/build/reports/obligations/events.jsonl head D-P21.4-1:e0 (migration/preserved); backlog_home=BL-034,,,,F1,,BL-034 RETURN-PASS:P21.4 RETURN-PASS:P23.6 SIG-GOV-012
U-0019,deferral,D-P21.4-2,HG-11 — establish two reviewer roles + written concurrence + live takedown contact,DONE,DONE,,docs/tickets/DEFERRALS.md:40; kind=P; legacy-7-col; docs/build/reports/obligations/events.jsonl head D-P21.4-2:e0 (migration/preserved); backlog_home=BL-036,,,,F1,,BL-036 RETURN-PASS:P21.4 RETURN-PASS:P23.6
U-0020,deferral,D-P21.4-3,Go-public — DNS/host cut-over to publish the first jurisdiction,DONE,DONE,,docs/tickets/DEFERRALS.md:41; kind=P; legacy-7-col; docs/build/reports/obligations/events.jsonl head D-P21.4-3:e0 (migration/reconciled); backlog_home=BL-034,,,,F1,,BL-034 BL-036 RETURN-PASS:P21.4 RETURN-PASS:P23.6
U-0021,deferral,D-P21.5-1,HG-07 — real Zenodo (sandbox) deposit + object-store push + egress report + SWH save,PARTIAL,PARTIAL,operator,docs/tickets/DEFERRALS.md:42; kind=V; legacy-7-col; docs/build/reports/obligations/events.jsonl head D-P21.5-1:e0 (migration/reconciled); backlog_home=BL-029; owed-leading cell also records a dated terminal token; §(f3) domain: human (credentials),,,,F1,,BL-029 RETURN-PASS:P21.5
U-0022,deferral,D-P21.7-1,HG-08 — MapRoulette API key + registered OSM Organised-Editing page → real challenge push/pull,OPEN,OPEN,operator,docs/tickets/DEFERRALS.md:43; kind=V; legacy-7-col; docs/build/reports/obligations/events.jsonl head D-P21.7-1:e0 (migration/preserved); backlog_home=BL-039; §(f3) domain: human (accounts),,,,F1,,BL-039 RETURN-PASS:P21.7
U-0023,deferral,D-P21.7-2,HG-10 — run the moderated usability study with ≥5 ontology-naïve participants,WONTFIX,WONTFIX,,docs/tickets/DEFERRALS.md:44; kind=P; legacy-7-col; docs/build/reports/obligations/events.jsonl head D-P21.7-2:e0 (migration/preserved),,,,F1,,RETURN-PASS:P21.7
U-0024,deferral,D-P21.8-1,"HG-03/HG-04 — live fetch of the data-driven / coarse-international sources (eff_data_driven, aspi, carnegie, facial_recognition_world_map)",DONE,DONE,,docs/tickets/DEFERRALS.md:45; kind=V; legacy-7-col; docs/build/reports/obligations/events.jsonl head D-P21.8-1:e0 (migration/preserved); backlog_home=BL-042,,,,F1,,BL-042 RETURN-PASS:P21.8
U-0025,deferral,D-P21.9-1,HG-03/HG-04 — live fetch of the Stage-5 pathway sources (rtcc_federation / fr_css_forensics / acoustic_drone_location),DONE,DONE,,docs/tickets/DEFERRALS.md:47; kind=V; legacy-7-col (+2 literal pipe(s) inside code spans); docs/build/reports/obligations/events.jsonl head D-P21.9-1:e0 (migration/preserved); backlog_home=BL-043,,,,F1,,RETURN-PASS:P21.9
U-0026,deferral,D-P27-SPEC-1,"the P27 requirement-id `spec_src` fold-backs — the new SIG-UI/SIG-EXPORT paragraphs named in ADR-090 (national surface, §39–41/§38), ADR-091 (public-island allowance, §40), ADR-092 (observation-vs-re…",DONE,DONE,,docs/tickets/DEFERRALS.md:261; kind=H; docs/build/reports/obligations/events.jsonl head D-P27-SPEC-1:e0 (migration/preserved); backlog_home=BL-056,,,,F1,,BL-056 SIG-UI-047
U-0027,deferral,D-P27.1-1,"re-run `sig-exports audit` against the hosted spine AFTER the `camreg_osm_surveillance` OSM land (D-SOURCES.17-1) completes, refresh `PUBLIC_SURFACE_AUDIT.md` + `public_surface_audit.json`, and re-co…",DONE,DONE,,docs/tickets/DEFERRALS.md:275; kind=V; docs/build/reports/obligations/events.jsonl head D-P27.1-1:e0 (migration/preserved); backlog_home=BL-056,,,,F1,,BL-056 RETURN-PASS:P27.8
U-0028,deferral,D-P27.4-1,"run `sig-exports build --from-spine --dsn <hosted> --out exports/out/national` over the hosted `sig-pg` (read-only) AFTER the OSM land settles, producing the national `exports/out/*` bundle + the ten…",DONE,DONE,,docs/tickets/DEFERRALS.md:288; kind=V; docs/build/reports/obligations/events.jsonl head D-P27.4-1:e0 (migration/preserved),,,,F1,,RETURN-PASS:P27.8
U-0029,deferral,D-P27.5-1,"either emit the map density-bins + network centrality/ER-quality analytics into the export (a new artifact or an extension of `map.json`/`network.json`), OR ratify them as presentation-only; and deci…",DONE,DONE,,docs/tickets/DEFERRALS.md:305; kind=E; overflow-10-cells (literal pipes outside code spans); docs/build/reports/obligations/events.jsonl head D-P27.5-1:e0 (migration/preserved); backlog_home=BL-056,,,,F1,,BL-056
U-0030,deferral,D-P27.8-1,"the hosted national public cut-over: build `web/dist` from the real national export, run the published-only GCS sync to `…-sig-web` + `…-sig-public` (keeping `…-sig-restricted` PRIVATE), probe the li…",DONE,DONE,,docs/tickets/DEFERRALS.md:317; kind=V; docs/build/reports/obligations/events.jsonl head D-P27.8-1:e0 (migration/preserved),,,,F1,,RETURN-PASS:P27.8 RETURN-PASS:P27.10
U-0031,deferral,D-P27.10-1,"the operator's Squarespace DNS action (HG-11 / Go-public human step) + the post-DNS live verification: add the two `A` records at Squarespace (apex `@` `A` → `136.81.80.102`, `www` `A` → `136.81.80.1…",DONE,DONE,,docs/tickets/DEFERRALS.md:318; kind=P; docs/build/reports/obligations/events.jsonl head D-P27.10-1:e0 (migration/preserved); backlog_home=BL-056,,,,F1,,BL-056 RETURN-PASS:P27.10
U-0032,deferral,D-P30.1-1,"batch / pipeline-mode writes in `PgClaimSink` — cut per-claim round-trips (psycopg pipeline mode and/or multi-row `INSERT … ON CONFLICT DO NOTHING RETURNING` per chunk, with the `claim_evidence` link…",DONE,DONE,,docs/tickets/DEFERRALS.md:355; kind=F; docs/build/reports/obligations/events.jsonl head D-P30.1-1:e0 (migration/preserved); backlog_home=BL-057,,,,F1,,ADR-102 ADR-107 BL-057
U-0033,deferral,D-P30.1-2,incremental restarts — stream claims to the sink per capture (commit each page's claims as it is fetched) and/or skip already-captured pages (content-digest match against `evidence_capture`/the run's…,DONE,DONE,,docs/tickets/DEFERRALS.md:356; kind=F; docs/build/reports/obligations/events.jsonl head D-P30.1-2:e0 (migration/reconciled); backlog_home=BL-057,,,,F1,,ADR-102 ADR-107 BL-057
U-0034,deferral,D-P30.2-1,"refine the P28.4 §32.1 peer-class negative-space rule so it is meaningful on the real spine — e.g. peer class = (entity_type, source/connector class) or a declared tracked-predicate set per class — t…",DONE,DONE,,docs/tickets/DEFERRALS.md:366; kind=F; docs/build/reports/obligations/events.jsonl head D-P30.2-1:e0 (migration/preserved); backlog_home=BL-057,,,,F1,,ADR-103 BL-057
U-0035,deferral,D-P30.2-2,emit entity-ref (`object_entity`) claims on the hosted spine — sharing/access partners (`flock_portal` / `audit_structural` `configured_access_edge` records) and the accountability predicates (`buyer…,DONE,DONE,,docs/tickets/DEFERRALS.md:367; kind=F; docs/build/reports/obligations/events.jsonl head D-P30.2-2:e0 (migration/preserved); backlog_home=BL-057,,,,F1,,ADR-103 BL-057 RETURN-PASS:P31.16
U-0036,deferral,D-P30.2-3,"give the camera-registry predicates (`camera_latitude`, `camera_longitude`, `camera_operator`, `camera_external_ref`, `camera_jurisdiction`, `camera_coordinate_source`, `external_id`, …) rows in the…",DONE,DONE,,docs/tickets/DEFERRALS.md:368; kind=F; docs/build/reports/obligations/events.jsonl head D-P30.2-3:e0 (migration/preserved); backlog_home=BL-057,,,,F1,,ADR-103 BL-057
U-0037,deferral,D-P30.2a-1,"(a) assess the directness of every pre-existing registry predicate for the two genres P30.2a added (`camera_registry`, `connector_run` — today the conservative default D6 for all 56) and for the othe…",DONE,DONE,,docs/tickets/DEFERRALS.md:378; kind=F; docs/build/reports/obligations/events.jsonl head D-P30.2a-1:e0 (migration/reconciled); backlog_home=BL-057,,,,F1,,ADR-104 BL-057
U-0038,deferral,D-P30.2a-2,"record re-sightings: when a connector re-asserts an unchanged value, link the new capture to the existing claim (`claim_evidence`) instead of returning on the duplicate, and re-decide whether the res…",DONE,DONE,,docs/tickets/DEFERRALS.md:379; kind=F; docs/build/reports/obligations/events.jsonl head D-P30.2a-2:e0 (migration/reconciled); backlog_home=BL-057,,,,F1,,ADR-104 BL-057
U-0039,deferral,D-P30.2b-1,close the review loop for camera-site proposals: an `accept` on an `er_match:camera_site:*` review item becomes an append-only human same_as decision (`decided_by` = reviewer) that the next camera-si…,OPEN,OPEN,human,docs/tickets/DEFERRALS.md:388; kind=F; docs/build/reports/obligations/events.jsonl head D-P30.2b-1:e0 (migration/preserved); backlog_home=BL-057; §(f3) domain: human → engineering,,,,F1,,ADR-105 ADR-116 BL-057 BL-058 MANIFEST-158
U-0040,deferral,D-P30.2b-2,"encode the device-kind and place conflicts that are visible only in a site description — e.g. a police neighbourhood CCTV row vs a DOT traffic camera at the same point, or two coincident rows whose d…",OPEN,OPEN,engineering,docs/tickets/DEFERRALS.md:389; kind=F; docs/build/reports/obligations/events.jsonl head D-P30.2b-2:e0 (migration/preserved); backlog_home=BL-057; §(f3) domain: engineering,,,,F1,,ADR-105 BL-057 BL-058 MANIFEST-159
U-0041,deferral,D-P30.2b-3,"deduplicate a source that republishes its OWN layer twice (e.g. `camreg_ucsd` ingested from two identical ArcGIS targets under one source id) — a within-source, cross-target duplicate that constraint…",DONE,DONE,,docs/tickets/DEFERRALS.md:390; kind=F; docs/build/reports/obligations/events.jsonl head D-P30.2b-3:e0 (migration/preserved); backlog_home=BL-057,,,,F1,,BL-057
U-0042,deferral,D-P30.3-1,record ingest-run completion on the hosted spine so the public freshness page shows a real last-successful-run per source: every hosted `ingest_run` row is still `running` with `finished_at` NULL (20…,DONE,DONE,,docs/tickets/DEFERRALS.md:392; kind=F; docs/build/reports/obligations/events.jsonl head D-P30.3-1:e0 (migration/reconciled); backlog_home=BL-056,,,,F1,,BL-056 RETURN-PASS:P31.16
U-0043,deferral,D-P30.3-2,"serve real zoomable vector tiles: the export image has no tippecanoe, so each per-compartment PMTiles is the pure-Python single-z0 archive (coarse, ~10 km grid), and the OSM basemap archive the style…",DONE,DONE,,docs/tickets/DEFERRALS.md:393; kind=F; docs/build/reports/obligations/events.jsonl head D-P30.3-2:e0 (migration/reconciled); backlog_home=BL-056,,,,F1,,BL-056 RETURN-PASS:P31.16
U-0044,deferral,D-P30.3-3,"emit the presentation analytics a real-data build now leaves honestly empty (map density bins, network centrality/focus, the watch's tracked decision point, per-surface provenance summaries, evidence…",DONE,DONE,,docs/tickets/DEFERRALS.md:394; kind=F; docs/build/reports/obligations/events.jsonl head D-P30.3-3:e0 (migration/reconciled); backlog_home=BL-056,,,,F1,,ADR-117 BL-056 RETURN-PASS:P31.16
U-0045,deferral,D-P30.3-COUNSEL,"file the dated written counsel opinion clearing public release of the share-alike layers (ODbL `osm_physical` — all OSM camera sites; CC-BY-SA) in `docs/governance/`, citing ODbL 4.4(a)/(b) and the c…",DONE,DONE,,docs/tickets/DEFERRALS.md:391; kind=P; docs/build/reports/obligations/events.jsonl head D-P30.3-COUNSEL:e0 (migration/preserved); backlog_home=BL-056,,,,F1,,ADR-106 ADR-118 BL-056
U-0046,deferral,D-P30.4-1,"`sig-api` reconnects after a database restart: `PgReadStore` holds one long-lived psycopg connection per instance (`api/src/api/store_pg.py` `__init__`), so a Cloud SQL restart (tier change, maintena…",DONE,DONE,,docs/tickets/DEFERRALS.md:403; kind=F; docs/build/reports/obligations/events.jsonl head D-P30.4-1:e0 (migration/preserved); backlog_home=BL-057,,,,F1,,BL-057 RETURN-PASS:P31.1
U-0047,deferral,D-P30.4-2,"bound `GET /v1/search`: `PgReadStore.search` runs an unanchored `ILIKE '%q%'` over `entity_identifier` and then two follow-up queries per match (label + sources), with no LIMIT, so a broad term over…",DONE,DONE,,docs/tickets/DEFERRALS.md:404; kind=F; docs/build/reports/obligations/events.jsonl head D-P30.4-2:e0 (migration/preserved); backlog_home=BL-057,,,,F1,,BL-057
U-0048,deferral,D-P30.4-3,"ENTITY-RACE-01 (LEDGER OPEN FINDINGS, P30.1), promoted to a deferral here: add a uniqueness guard on entity creation in `PgClaimSink._entity_for_subject` (check-then-insert, with no unique constraint…",DONE,DONE,,docs/tickets/DEFERRALS.md:405; kind=F; docs/build/reports/obligations/events.jsonl head D-P30.4-3:e0 (migration/preserved); backlog_home=BL-057,,,,F1,,BL-057
U-0049,deferral,D-P30.4-4,the env-armed GCP-project leak check `tests/connectors/test_secrets.py::test_gcp_project_id_is_env_resolved_not_committed` fails when armed (`SIG_GCP_PROJECT` set): the real project id is committed l…,DONE,DONE,,docs/tickets/DEFERRALS.md:406; kind=V; docs/build/reports/obligations/events.jsonl head D-P30.4-4:e0 (migration/preserved); backlog_home=BL-057,,,,F1,,BL-057
U-0050,deferral,D-P31.1-1,"`/v1/contradiction` and `/v1/task` cost ~10 s per request: `PgReadStore._spine_watermark` counts every claim (2.3M) plus the evidence tables on every call, under the annotation lock, so concurrent ca…",DONE,DONE,,docs/tickets/DEFERRALS.md:465; kind=F; docs/build/reports/obligations/events.jsonl head D-P31.1-1:e0 (migration/reconciled); backlog_home=BL-057,,,,F1,,BL-057 RETURN-PASS:P31.1
U-0051,deferral,D-P31.1-2,"the scheduled `sig-probe` job (every 6 h) runs `sig-api:latest` (`sha256:ebb6dab9…`), whose baked `ops/cadence.toml` predates the new `sig-api-health` probe target, so the scheduled sweep does not pr…",DONE,DONE,,docs/tickets/DEFERRALS.md:466; kind=H; docs/build/reports/obligations/events.jsonl head D-P31.1-2:e0 (migration/reconciled); backlog_home=BL-057,,,,F1,,BL-057 RETURN-PASS:P31.1
U-0052,deferral,D-P31.1-3,`/v1/entity/{type}/{id}` answers 404 `unknown predicate '<p>'` for an entity that exists when ANY of its claims uses a predicate with no registry row (live: the OKC deployment `01a0a5da-9af8-…` → `re…,DONE,DONE,,docs/tickets/DEFERRALS.md:467; kind=F; docs/build/reports/obligations/events.jsonl head D-P31.1-3:e0 (migration/reconciled); backlog_home=BL-057,,,,F1,,BL-057 BL-058 RETURN-PASS:P31.1
U-0053,deferral,D-P31.3-1,"the hosted new-claim land rate of the batched sink, on `db-custom-1-3840`",DONE,DONE,,docs/tickets/DEFERRALS.md:491; kind=V; docs/build/reports/obligations/events.jsonl head D-P31.3-1:e0 (migration/reconciled); backlog_home=BL-057,,,,F1,,BL-057
U-0054,deferral,D-P31.4-1,"the 2026-10-10 `sig-sched-camreg-batch-05` OSM replay — the first full OSM run on the rolled image (`sig-api@sha256:feff986c…`, per-capture flush + resume + GCS capture store) — completes inside the…",OPEN,OPEN,scheduled,docs/tickets/DEFERRALS.md:500; kind=V; docs/build/reports/obligations/events.jsonl head D-P31.4-1:e0 (migration/preserved); backlog_home=BL-057; §(f3) domain: hosted (date-bound),,,,F1,,BL-057 RETURN-PASS:P31.4
U-0055,deferral,D-P31.5-1,the P28.2 relationship-edge materializer writes > 0 edges from emitted claims (the P31.5 contract's fixture AC),DONE,DONE,,docs/tickets/DEFERRALS.md:508; kind=F; docs/build/reports/obligations/events.jsonl head D-P31.5-1:e0 (migration/preserved); backlog_home=BL-057,,,,F1,,BL-057
U-0056,deferral,D-P31.5-2,"the read surfaces honour `organization.publication_review_required` for the P31.5 partner organisations (name-only identities are flagged `true`, SIG-ONTO-013) before they appear on a served spine",DONE,DONE,,docs/tickets/DEFERRALS.md:509; kind=F; docs/build/reports/obligations/events.jsonl head D-P31.5-2:e0 (migration/reconciled); backlog_home=BL-057,,,,F1,,ADR-112 BL-057 BL-058
U-0057,deferral,D-P32.3-1,"a recorded identity disposition for every legacy `sig.org.name` key the `partner-name-audit` report lists — for each, keep the entity (harmless single-source union), split it into the reported scoped…",OPEN,OPEN,human,docs/tickets/DEFERRALS.md:623; kind=P; docs/build/reports/obligations/events.jsonl head D-P32.3-1:e0 (migration/preserved); backlog_home=BL-058; §(f3) domain: human (reviewer session),,,,F1,,BL-058
U-0058,deferral,D-P32.10a-1,whole-plan `sqitch verify` divides by zero on a fully deployed DB: `verify/shared_temporal_contract.sql` asserts `spine_watermark count(*) = 27` but `publication_dispositions` (P32.5) added a 28th fa…,OPEN,OPEN,engineering,docs/tickets/DEFERRALS.md:624; kind=V; docs/build/reports/obligations/events.jsonl head D-P32.10a-1:e0 (migration/preserved); backlog_home=BL-058; §(f3) domain: decision (maintainer),,,,F1,,BL-058
U-0059,deferral,D-P32.16-1,"the receiver's operating prerequisites: a named moderation owner (`[intake].owner`), a staffed reviewer rotation covering the published SLAs (`[intake].staffed`), operator ratification of the retenti…",OPEN,OPEN,operator,docs/tickets/DEFERRALS.md:641; kind=P; docs/build/reports/obligations/events.jsonl head D-P32.16-1:e0 (migration/preserved); backlog_home=BL-058; §(f3) domain: human (operator),,,,F1,,ADR-145 BL-058 SIG-FIND-006 SIG-TRUST-009
U-0060,deferral,D-P32.16a-1,whole-plan `sqitch revert` fails at `revert/extensions.sql`: `DROP EXTENSION postgis` is refused because `postgis_topology` and `postgis_tiger_geocoder` depend on it (needs CASCADE or an ordered drop…,OPEN,OPEN,engineering,docs/tickets/DEFERRALS.md:642; kind=V; docs/build/reports/obligations/events.jsonl head D-P32.16a-1:e0 (migration/preserved); backlog_home=BL-058; §(f3) domain: decision (maintainer),,,,F1,,BL-058
U-0061,deferral,D-P32.18-1,"the bounded live-source RETURN PASS for the OKC dossier: actual byte captures of the six reviewed targets — the OKCPD Flock usage page, the council memo PDF, the Amendment 1 PDF (signature/execution…",OPEN,OPEN,live-execution,docs/tickets/DEFERRALS.md:643; kind=P; docs/build/reports/obligations/events.jsonl head D-P32.18-1:e0 (migration/preserved); backlog_home=BL-058; §(f3) domain: hosted,,,,F1,,BL-058 SIG-DOS-003
U-0062,deferral,D-P32.19-1,"the bounded live-source RETURN PASS for the Tulsa dossier: actual byte captures of the three registered dossier targets — TPD Policy 113C, TPD Policy 113E and the public camera-integration MOU templa…",OPEN,OPEN,live-execution,docs/tickets/DEFERRALS.md:644; kind=P; docs/build/reports/obligations/events.jsonl head D-P32.19-1:e0 (migration/preserved); backlog_home=BL-058; §(f3) domain: hosted,,,,F1,,BL-058 SIG-DOS-004
U-0063,deferral,D-P32.20-1,"the bounded live-source RETURN PASS for the San Diego dossier: actual byte captures of the four registered dossier targets — the 2025 SDPD Annual Surveillance Report (Vigilant section), the City–Ubic…",OPEN,OPEN,live-execution,docs/tickets/DEFERRALS.md:645; kind=P; docs/build/reports/obligations/events.jsonl head D-P32.20-1:e0 (migration/preserved); backlog_home=BL-058; §(f3) domain: hosted,,,,F1,,BL-058 SIG-DOS-005
U-0064,deferral,D-P32.21-1,the bounded live slices of the two incremental pilot families: oklahoma-state — the OMES statewide-contract index + one statewide-contract document (SRC-006) and the DAC UVED program page + the OSCN…,OPEN,OPEN,live-execution,docs/tickets/DEFERRALS.md:660; kind=P; docs/build/reports/obligations/events.jsonl head D-P32.21-1:e0 (migration/preserved); backlog_home=BL-058; §(f3) domain: hosted,,,,F1,,ADR-140 BL-058 SIG-ACQ-004
U-0065,deferral,D-P32.23a-1,"the production release-candidate build + validation: after the P32.22 live pass freezes the hosted `sig.repaired-snapshot/1`, run `sig-ops release-candidate` over the hosted spine to materialize unde…",OPEN,OPEN,live-execution,docs/tickets/DEFERRALS.md:676; kind=P; docs/build/reports/obligations/events.jsonl head D-P32.23a-1:e0 (migration/preserved); backlog_home=BL-058; §(f3) domain: hosted,,,,F1,,ADR-144 BL-058 MANIFEST-187 SIG-TRUST-009 SIG-TRUST-010
U-0066,deferral,D-R6.1-EVAL,Re-derive the auto-vs-human resolution balance from FIRST PRINCIPLES once real ground truth exists (§2.6): re-estimate P/R/R on a *human* holdout and re-tune `auto_write_precision_threshold` + the ti…,OPEN,OPEN,human,docs/tickets/DEFERRALS.md:331; kind=F; docs/build/reports/obligations/events.jsonl head D-R6.1-EVAL:e0 (migration/preserved); backlog_home=BL-057; §(f3) domain: human → engineering,,,,F1,,ADR-099 ADR-101 ADR-105 BL-057 BL-058 HUMAN-H4 HUMAN-H5 MANIFEST-158 MANIFEST-159 MANIFEST-184 MANIFEST-185 MANIFEST-186 MANIFEST-187 SIG-EVAL-005
U-0067,deferral,D-R6.2-EDGES,The *live-over-hosted* sharing/access relationship materialization — run the P28.2 edge materializer over the real hosted `sig-pg` spine so the `relationship` table holds real vendor↔operator / data-…,DONE,DONE,,docs/tickets/DEFERRALS.md:333; kind=V; docs/build/reports/obligations/events.jsonl head D-R6.2-EDGES:e0 (migration/preserved); backlog_home=BL-057,,,,F1,,BL-057
U-0068,deferral,D-R6.3-CONTRADICTIONS,"The *live-over-hosted* contradiction materialization — run the P28.3 contradiction materializer over the real hosted `sig-pg` spine so the `contradiction` table holds the real, live contradictions (e…",DONE,DONE,,docs/tickets/DEFERRALS.md:334; kind=V; docs/build/reports/obligations/events.jsonl head D-R6.3-CONTRADICTIONS:e0 (migration/preserved); backlog_home=BL-057,,,,F1,,BL-057
U-0069,deferral,D-R6.4-COVERAGE,The *live-over-hosted* honest-coverage materialization — run the P28.4 coverage materializer over the real hosted `sig-pg` spine so the `coverage_record` table holds real §32 coverage (counted quanti…,DONE,DONE,,docs/tickets/DEFERRALS.md:335; kind=V; docs/build/reports/obligations/events.jsonl head D-R6.4-COVERAGE:e0 (migration/preserved); backlog_home=BL-057,,,,F1,,BL-057
U-0070,deferral,D-R6.5-SURFACE,The *live-over-hosted* republish of the MATERIALIZED public surface — build the national export (`sig-exports build --from-spine`) over the real hosted `sig-pg` spine AFTER the D-R6.1..4 hosted mater…,DONE,DONE,,docs/tickets/DEFERRALS.md:336; kind=V; docs/build/reports/obligations/events.jsonl head D-R6.5-SURFACE:e0 (migration/preserved),,,,F1,,
U-0071,deferral,D-R6.6-ACCOUNTABILITY,The *live-over-hosted* materialization of the accountability linkage — run the P28.6 link materializer over the real hosted `sig-pg` spine so `inference.derived_fact` holds the real deployment→vendor…,DONE,DONE,,docs/tickets/DEFERRALS.md:337; kind=V; docs/build/reports/obligations/events.jsonl head D-R6.6-ACCOUNTABILITY:e0 (migration/preserved); backlog_home=BL-057,,,,F1,,BL-057
U-0072,deferral,D-R7.1-AUTH,"Public AUTHENTICATED contribution via OAuth against an external IdP (OSM and/or GitHub) — store only a pseudonymous external subject id + tier, NEVER passwords or PII — behind anti-poisoning + a writ…",OPEN,OPEN,operator,docs/tickets/DEFERRALS.md:332; kind=P; docs/build/reports/obligations/events.jsonl head D-R7.1-AUTH:e0 (migration/preserved); backlog_home=BL-057; §(f3) domain: human (operator decision),,,,F1,,ADR-100 BL-057
U-0073,deferral,D-R7.2-DETECTORS,The *live-over-hosted* detector run → research queue — run the P29.2 detector catalog over the real hosted `sig-pg` spine so `research_task` holds the real research queue (tasks from the hosted contr…,DONE,DONE,,docs/tickets/DEFERRALS.md:338; kind=V; docs/build/reports/obligations/events.jsonl head D-R7.2-DETECTORS:e0 (migration/preserved); backlog_home=BL-057,,,,F1,,BL-057 SIG-ENG-035
U-0074,deferral,D-R7.2-SEND,"HG (operator) — actually SEND the auto-drafted records requests (the external side effect). The P29.2 design is DRAFT, NEVER SEND: sending is an external side effect reserved to an explicit operator…",OPEN,OPEN,operator,docs/tickets/DEFERRALS.md:339; kind=P; docs/build/reports/obligations/events.jsonl head D-R7.2-SEND:e0 (migration/preserved); backlog_home=BL-028; §(f3) domain: human (operator + consenting filer),,,,F1,,BL-028 BL-057
U-0075,deferral,D-R7.3-BREADTH,"The *live-over-hosted* fetch + dedup-into-resolved of the 8 P29.3 accountability/governance sources — run each source's connector over live bytes, land its claims in the hosted `sig-pg` spine, and de…",DONE,DONE,,docs/tickets/DEFERRALS.md:340; kind=V; docs/build/reports/obligations/events.jsonl head D-R7.3-BREADTH:e0 (migration/reconciled); backlog_home=BL-057,,,,F1,,BL-057
U-0076,deferral,D-R10-HUMAN-1,Independent reference labels and separate dossier semantic review; owner HUMAN-H4 → P32.22a → HUMAN-H5 → P32.23 (cites BL-058),OPEN,OPEN,human,docs/tickets/DEFERRALS.md:580; kind=P; docs/build/reports/obligations/events.jsonl head D-R10-HUMAN-1:e0 (migration/preserved); backlog_home=BL-058; §(f3) domain: human,,,,F1,,ADR-128 ADR-136 ADR-137 ADR-138 ADR-139 ADR-145 BL-058 HUMAN-H4 HUMAN-H5 MANIFEST-184 MANIFEST-185 MANIFEST-186 MANIFEST-187 SIG-DOS-002 SIG-EVAL-001 SIG-EVAL-002 SIG-EVAL-005 SIG-EVAL-006 SIG-EVAL-007
U-0077,deferral,D-R10-LIVE-1,Bounded production recovery and final post-evaluation candidate; owners P32.22/P32.23a (cites BL-058),OPEN,OPEN,live-execution,docs/tickets/DEFERRALS.md:582; kind=V; docs/build/reports/obligations/events.jsonl head D-R10-LIVE-1:e0 (migration/preserved); backlog_home=BL-058; §(f3) domain: hosted,,,,F1,,ADR-125 ADR-143 ADR-144 BL-058 HUMAN-H4 HUMAN-H5 MANIFEST-184 MANIFEST-186 MANIFEST-187 SIG-TRUST-009 SIG-TRUST-010
U-0078,deferral,D-R10-MEMORY-1,Single-writer/event compatibility cutover; owner P32.8 (cites BL-058),OPEN,OPEN,operator,docs/tickets/DEFERRALS.md:584; kind=H; docs/build/reports/obligations/events.jsonl head D-R10-MEMORY-1:e0 (migration/preserved); backlog_home=BL-058; §(f3) domain: human (operator-approved cutover),,,,F1,,ADR-126 ADR-127 BL-058
U-0079,deferral,D-R10-PUBLISH-1,Publication and intake operating approval; GATE-G3 → P32.25 (cites BL-058),OPEN,OPEN,operator,docs/tickets/DEFERRALS.md:583; kind=P; docs/build/reports/obligations/events.jsonl head D-R10-PUBLISH-1:e0 (migration/preserved); backlog_home=BL-058; §(f3) domain: public,,,,F1,,ADR-144 ADR-145 BL-058 SIG-FIND-006 SIG-TRUST-009 SIG-TRUST-010
U-0080,deferral,D-R10-SOURCES-1,Exact-target source/evidence-use review and bounded pilot acquisition; owners P32.18–21 (cites BL-058),OPEN,OPEN,rights,docs/tickets/DEFERRALS.md:581; kind=P; docs/build/reports/obligations/events.jsonl head D-R10-SOURCES-1:e0 (migration/preserved); backlog_home=BL-058; §(f3) domain: human (rights) → hosted,,,,F1,,BL-058
U-0081,deferral,D-R10-USERS-1,Independent usability sessions; owner P32.24 (cites BL-058),OPEN,OPEN,human,docs/tickets/DEFERRALS.md:585; kind=P; docs/build/reports/obligations/events.jsonl head D-R10-USERS-1:e0 (migration/preserved); backlog_home=BL-058; §(f3) domain: human,,,,F1,,ADR-143 BL-058
U-0082,deferral,D-SOURCES.2-1,HG-09 — export `SIG_SAM_GOV_KEY` + `SIG_OPENSTATES_KEY` (free registered API keys) in the run shell / bind them in Secret Manager for the scheduled jobs,DONE,DONE,,docs/tickets/DEFERRALS.md:129; kind=P; docs/build/reports/obligations/events.jsonl head D-SOURCES.2-1:e0 (migration/preserved); backlog_home=BL-024,,,,F1,,BL-024
U-0083,deferral,D-SOURCES.2-2,HG-03/rights — `documentcloud` source-level licence decision (per-document rights vary; UNDETERMINED) and `courtlistener_recap` FLP membership-agreement acceptance (free.law/membership/allowed-api-us…,OPEN,OPEN,rights,docs/tickets/DEFERRALS.md:130; kind=P; docs/build/reports/obligations/events.jsonl head D-SOURCES.2-2:e0 (migration/preserved); backlog_home=BL-032; §(f3) domain: human (rights),,,,F1,,
U-0084,deferral,D-SOURCES.2-3,"`civicclerk` access path — the v1 API is IdentityServer-gated (anonymous reads 404 on every probed tenant; the api host serves no robots.txt → recorded `robots_unretrievable`, SIG-INGEST-012). A sess…",DONE,DONE,,docs/tickets/DEFERRALS.md:131; kind=F; docs/build/reports/obligations/events.jsonl head D-SOURCES.2-3:e0 (migration/preserved); backlog_home=BL-055,,,,F1,,BL-055
U-0085,deferral,D-SOURCES.2-4,`primegov` API-mode basis — lacity.primegov.com serves `POST /search` live but its robots.txt is `Disallow:/`; a fetch needs an ADR-083-style API-mode justification recorded for the PublicPortal surf…,DONE,DONE,,docs/tickets/DEFERRALS.md:132; kind=F; docs/build/reports/obligations/events.jsonl head D-SOURCES.2-4:e0 (migration/reconciled); backlog_home=BL-055,,,,F1,,BL-055
U-0086,deferral,D-SOURCES.7-1,"HG-03 — rights decisions for the five gated DOT/511 rows: `dot_511_la` (GOHSEP-owned item, empty licenseInfo), `dot_511_ga` (GEMA-owned, empty), `dot_511_al` (county E-911 publisher + empty), `dot_51…",OPEN,OPEN,rights,docs/tickets/DEFERRALS.md:145; kind=P; docs/build/reports/obligations/events.jsonl head D-SOURCES.7-1:e0 (migration/preserved); backlog_home=BL-055; §(f3) domain: human (rights),,,,F1,,BL-055
U-0087,deferral,D-SOURCES.7-2,HG-09 — registered API keys for the keyed 511 platforms (Iteris-platform FL/NY/AZ/NV/PA/WI/AK/CT/NewEngland511 — all answer `Invalid Key`; OHGO answers 401 'API key required'),OPEN,OPEN,operator,docs/tickets/DEFERRALS.md:146; kind=P; docs/build/reports/obligations/events.jsonl head D-SOURCES.7-2:e0 (migration/preserved); backlog_home=BL-055; §(f3) domain: human (credentials),,,,F1,,BL-055
U-0088,deferral,D-SOURCES.7-3,"hosted-spine leg — deploy the `sig-ingest-dot-511-*` Cloud Run jobs + `sig-sched-dot-511-*` triggers declared in `ops/cadence.toml`, rebuild the `sig-api` image with the P26.7 connector, and run ≥1 s…",DONE,DONE,,docs/tickets/DEFERRALS.md:147; kind=P; docs/build/reports/obligations/events.jsonl head D-SOURCES.7-3:e0 (migration/preserved); backlog_home=BL-055,,,,F1,,BL-055
U-0089,deferral,D-SOURCES.8-1,"HG-03 — rights decisions for the fourteen gated camreg rows. No licence grant located: `camreg_edmonton_ab`, `camreg_honolulu_hi`, `camreg_md_opendata` (same iMAP-conditioned terms as `dot_511_md`),…",PARTIAL,PARTIAL,rights,docs/tickets/DEFERRALS.md:160; kind=P; docs/build/reports/obligations/events.jsonl head D-SOURCES.8-1:e0 (migration/preserved); backlog_home=BL-055; §(f3) domain: human (rights),,,,F1,,BL-055
U-0090,deferral,D-SOURCES.8-2,HG-09 — registered API keys for the keyed national camera APIs: QLD `api.qldtraffic.qld.gov.au/v1/webcams` (401 Missing Authentication Token; dataset documents CC-BY-3.0) and NSW live-traffic cameras…,OPEN,OPEN,operator,docs/tickets/DEFERRALS.md:161; kind=P; docs/build/reports/obligations/events.jsonl head D-SOURCES.8-2:e0 (migration/preserved); backlog_home=BL-055; §(f3) domain: human (credentials),,,,F1,,BL-055
U-0091,deferral,D-SOURCES.9-1,"HG-03 — rights decision for `procportal_chicago_il` (Socrata dataset `rsxa-ify5` 'Contracts'): the dataset carries NO licence metadata on `/api/views` — no verbatim dedication to evaluate, unlike the…",OPEN,OPEN,rights,docs/tickets/DEFERRALS.md:176; kind=P; docs/build/reports/obligations/events.jsonl head D-SOURCES.9-1:e0 (migration/preserved); backlog_home=BL-055; §(f3) domain: human (rights),,,,F1,,BL-055
U-0092,deferral,D-SOURCES.9-2,"`bonfire` access wall — every verified `*.bonfirehub.com` tenant answers robots.txt `User-agent: *` / `Disallow: /` (laurier + columbus verified 2026-09-18, verbatim in `docs/build/reports/rights/bon…",OPEN,OPEN,external,docs/tickets/DEFERRALS.md:177; kind=F; docs/build/reports/obligations/events.jsonl head D-SOURCES.9-2:e0 (migration/preserved); backlog_home=BL-055; §(f3) domain: external + rights,,,,F1,,BL-055
U-0093,deferral,D-SOURCES.9-3,"`opengov_procurement` access wall — every `/portal/<agency>` path answers HTTP 403 `cf-mitigated: challenge` (Cloudflare managed challenge, 10 slugs probed 2026-09-18) and `/robots.txt` returns the S…",OPEN,OPEN,external,docs/tickets/DEFERRALS.md:178; kind=F; docs/build/reports/obligations/events.jsonl head D-SOURCES.9-3:e0 (migration/preserved); backlog_home=BL-055; §(f3) domain: external,,,,F1,,BL-055
U-0094,deferral,D-SOURCES.9-4,HG-03 — rights decision for `bidnet_direct` (and the `periscope_s2g` eBid surface it supersedes): the vendor platform ToS was never captured verbatim; unlike the Socrata datasets there is no per-reco…,OPEN,OPEN,rights,docs/tickets/DEFERRALS.md:179; kind=P; docs/build/reports/obligations/events.jsonl head D-SOURCES.9-4:e0 (migration/preserved); backlog_home=BL-055; §(f3) domain: human (rights),,,,F1,,BL-055
U-0095,deferral,D-SOURCES.10-1,"hosted sweep landing + spine delta + idempotent re-run — a successful `sig-ingest-openstates` execution landing the ≥40-state bill_query outcomes + typed bill claims, the hosted-spine claim delta, an…",DONE,DONE,,docs/tickets/DEFERRALS.md:192; kind=V; docs/build/reports/obligations/events.jsonl head D-SOURCES.10-1:e0 (migration/preserved); backlog_home=BL-055,,,,F1,,BL-055
U-0096,deferral,D-SOURCES.12-1,HG-03 — rights decisions for the gated sweep remainder: 257 camera-registry-shaped datasets with no clear verbatim licence grant (the reviewed artifact's `gated_licence_registries` rows — 'See Terms…,PARTIAL,PARTIAL,rights,docs/tickets/DEFERRALS.md:210; kind=P; docs/build/reports/obligations/events.jsonl head D-SOURCES.12-1:e0 (migration/preserved); backlog_home=BL-055; §(f3) domain: human (rights) + engineering,,,,F1,,BL-055
U-0097,deferral,D-SOURCES.17-1,"hosted land of `camreg_osm_surveillance` (~1.37M claims) into the `zeta-medley-508121-u7` spine via the chunked-commit path, plus the idempotent hosted re-run (+0) and the true spine delta",DONE,DONE,,docs/tickets/DEFERRALS.md:247; kind=V; docs/build/reports/obligations/events.jsonl head D-SOURCES.17-1:e0 (migration/preserved); backlog_home=BL-055,,,,F1,,BL-055 RETURN-PASS:P27.8
U-0098,requirement,SIG-ACQ-004,"A bounded source pilot must publish selection rationale, actual access/capture/extraction/link/publication funnel, unique evidence-lineage contribution, review burden, cost and maintenance outcome. A…",MET(reduced-scope?),MET,,docs/build/COVERAGE_MATRIX.csv:701; docs/2_canonical_design_spec.md:7359; level=MUST; §55.6; class=covered+tested; owning=P32.21; routing=P32.21; adrs=ADR-120;ADR-140,,,,F2,,BL-058 D-P32.21-1
U-0099,requirement,SIG-CHART-001,SIG MUST NOT be built as another surveillance map.,MET-DIFFERENTLY,MET-DIFFERENTLY,,docs/build/COVERAGE_MATRIX.csv:15; docs/2_canonical_design_spec.md:237; level=MUST; §1.3 What SIG is not building; class=process/governance; owning=—; routing=accepted,,,,F2,,
U-0100,requirement,SIG-CHART-002,SIG MUST be architected such that its distinctive output is *joined evidence* — facts that no single upstream can produce because they require reconciling independent sources that disagree. If a SIG…,MET-DIFFERENTLY,MET-DIFFERENTLY,,docs/build/COVERAGE_MATRIX.csv:16; docs/2_canonical_design_spec.md:244; level=MUST; §1.3 What SIG is not building; class=process/governance; owning=—; routing=accepted,,,,F2,,
U-0101,requirement,SIG-CHART-003,"The ontology MUST treat the fundamental unit of surveillance infrastructure as a relationship among organizations, technologies, capabilities, physical assets, datasets, policies, and access rights —…",MET-DIFFERENTLY,MET-DIFFERENTLY,,docs/build/COVERAGE_MATRIX.csv:17; docs/2_canonical_design_spec.md:252; level=MUST; §1.4 The core intellectual shift; class=process/governance; owning=—; routing=accepted,,,,F2,,
U-0102,requirement,SIG-CHART-004,"SIG MUST model surveillance power as a graph of capabilities and access, not merely a geography of sensors (OL-1.1-04).",MET-DIFFERENTLY,MET-DIFFERENTLY,,docs/build/COVERAGE_MATRIX.csv:18; docs/2_canonical_design_spec.md:269; level=MUST; §1.4 The core intellectual shift; class=process/governance; owning=—; routing=accepted,,,,F2,,
U-0103,requirement,SIG-CHART-005,The model MUST be able to express the twelve properties through which networked surveillance systems generate power (OL-1.1-02): sensor density; historical retention; cross-jurisdictional sharing; ce…,MET-DIFFERENTLY,MET-DIFFERENTLY,,docs/build/COVERAGE_MATRIX.csv:19; docs/2_canonical_design_spec.md:278; level=MUST; §1.4 The core intellectual shift; class=process/governance; owning=—; routing=accepted,,,,F2,,
U-0104,requirement,SIG-CHART-006,"Each of the following MUST be answerable from the graph, for any subject where evidence exists, with full provenance and an explicit statement of coverage where it does not. Each is bound to an accep…",MET-DIFFERENTLY,MET-DIFFERENTLY,,docs/build/COVERAGE_MATRIX.csv:20; docs/2_canonical_design_spec.md:291; level=MUST; §2.1 The thirteen questions; class=process/governance; owning=—; routing=accepted,,,,F2,,
U-0105,requirement,SIG-CHART-007,"These thirteen questions are today answered by thirteen different systems (OL-ES-03). The specification's central architectural burden is that answering them *together*, about the *same* subject, req…",MET-DIFFERENTLY,MET-DIFFERENTLY,,docs/build/COVERAGE_MATRIX.csv:21; docs/2_canonical_design_spec.md:311; level=MUST; §2.1 The thirteen questions; class=process/governance; owning=—; routing=accepted,,,,F2,,
U-0106,requirement,SIG-CHART-011,"These six sentences MUST be enforceable, not aspirational. §3.3 binds each to a schema-level or check-level enforcement point.",MET-DIFFERENTLY,MET-DIFFERENTLY,,docs/build/COVERAGE_MATRIX.csv:25; docs/2_canonical_design_spec.md:399; level=MUST; §3.1 The defining standard; class=process/governance; owning=—; routing=accepted,,,,F2,,
U-0107,requirement,SIG-CHART-012,"The following twelve principles are architectural invariants. The ""Enforced by"" column is normative: it names where a violation is *mechanically prevented or detected*, not merely discouraged.",MET-DIFFERENTLY,MET-DIFFERENTLY,,docs/build/COVERAGE_MATRIX.csv:26; docs/2_canonical_design_spec.md:404; level=MUST; §3.2 The twelve data-quality principles; class=process/governance; owning=—; routing=accepted,,,,F2,,
U-0108,requirement,SIG-CHART-014,"SIG MUST be designed for federation rather than appropriation (OL-1.2-01, OL-ES-24). Specifically, SIG MUST:",MET-DIFFERENTLY,MET-DIFFERENTLY,,docs/build/COVERAGE_MATRIX.csv:28; docs/2_canonical_design_spec.md:442; level=MUST; §3.4 The federation principle; class=process/governance; owning=—; routing=accepted,,,,F2,,
U-0109,requirement,SIG-CHART-015,SIG MUST NOT:,MET-DIFFERENTLY,MET-DIFFERENTLY,,docs/build/COVERAGE_MATRIX.csv:29; docs/2_canonical_design_spec.md:453; level=MUST; §3.4 The federation principle; class=process/governance; owning=—; routing=accepted,,,,F2,,
U-0110,requirement,SIG-CHART-016,SIG's role is a coordination and reconciliation layer across a pluralistic ecosystem (OL-1.2-09). §6 makes this operational as a per-project compact with an enforced `ingestion_permitted` flag.,MET-DIFFERENTLY,MET-DIFFERENTLY,,docs/build/COVERAGE_MATRIX.csv:30; docs/2_canonical_design_spec.md:464; level=MUST; §3.4 The federation principle; class=process/governance; owning=—; routing=accepted,,,,F2,,
U-0111,requirement,SIG-CHART-017,The graph MUST be:,MET-DIFFERENTLY,MET-DIFFERENTLY,,docs/build/COVERAGE_MATRIX.csv:31; docs/2_canonical_design_spec.md:470; level=MUST; §3.5 The six defining characteristics; class=process/governance; owning=—; routing=accepted,,,,F2,,
U-0112,requirement,SIG-CHART-018,SIG's public authority claim is bounded and MUST be stated in these terms wherever the project describes itself:,MET-DIFFERENTLY,MET-DIFFERENTLY,,docs/build/COVERAGE_MATRIX.csv:32; docs/2_canonical_design_spec.md:485; level=MUST; §3.6 Authority claim; class=process/governance; owning=—; routing=accepted,,,,F2,,
U-0113,requirement,SIG-CHART-019,SIG MUST NOT represent itself as exhaustive or authoritative where evidence is incomplete (OL-7.2-10). Every aggregate figure published by SIG MUST be accompanied by its coverage denominator (§32.2).,MET-DIFFERENTLY,MET-DIFFERENTLY,,docs/build/COVERAGE_MATRIX.csv:33; docs/2_canonical_design_spec.md:494; level=MUST; §3.6 Authority claim; class=process/governance; owning=—; routing=accepted,,,,F2,,
U-0114,requirement,SIG-CHART-020,The architecture MUST NOT designate a single source of truth. The problem is inherently multi-layered: different facts are generated by different systems (OL-22.1-01) —,MET-DIFFERENTLY,MET-DIFFERENTLY,,docs/build/COVERAGE_MATRIX.csv:34; docs/2_canonical_design_spec.md:500; level=MUST; §3.7 No single source of truth; class=process/governance; owning=—; routing=accepted,,,,F2,,
U-0115,requirement,SIG-CHART-021,The system MUST serve all eight goals. Each is bound to the phase that first satisfies it and to the metric that measures it.,MET-DIFFERENTLY,MET-DIFFERENTLY,,docs/build/COVERAGE_MATRIX.csv:35; docs/2_canonical_design_spec.md:526; level=MUST; §4.1 Goals; class=process/governance; owning=—; routing=accepted,,,,F2,,
U-0116,requirement,SIG-CHART-022,SIG MUST NOT:,MET-DIFFERENTLY,MET-DIFFERENTLY,,docs/build/COVERAGE_MATRIX.csv:36; docs/2_canonical_design_spec.md:548; level=MUST; §4.2 Non-goals; class=process/governance; owning=—; routing=accepted,,,,F2,,
U-0117,requirement,SIG-CHART-023,"SIG MUST explicitly support research, journalism, policy analysis, lawful field observation, and public-records work (OL-13.5-01), and MUST NOT provide instructions for damaging, disabling, tampering…",MET-DIFFERENTLY,MET-DIFFERENTLY,,docs/build/COVERAGE_MATRIX.csv:37; docs/2_canonical_design_spec.md:565; level=MUST; §4.2 Non-goals; class=process/governance; owning=—; routing=accepted,,,,F2,,
U-0118,requirement,SIG-CHART-024,"The project itself MUST NOT become a surveillance system (OL-13-00). The bright-line default: SIG tracks public or institutionally relevant surveillance infrastructure and organizational behavior, no…",MET-DIFFERENTLY,MET-DIFFERENTLY,,docs/build/COVERAGE_MATRIX.csv:38; docs/2_canonical_design_spec.md:571; level=MUST; §4.2 Non-goals; class=process/governance; owning=—; routing=accepted,,,,F2,,
U-0119,requirement,SIG-CHART-025,"The first release MUST be narrowly excellent at U.S. ALPR infrastructure, modeled completely enough that the ontology naturally generalizes to broader surveillance technology (OL-16-01, OL-24-13).",MET-DIFFERENTLY,MET-DIFFERENTLY,,docs/build/COVERAGE_MATRIX.csv:39; docs/2_canonical_design_spec.md:581; level=MUST; §5.1 The initial wedge; class=process/governance; owning=—; routing=accepted,,,,F2,,
U-0120,requirement,SIG-CHART-026,Initial technology scope MUST include at least: Flock; Motorola/Vigilant; Rekor; Axon ALPR where data exists; Genetec ALPR; and unknown/other ALPR (OL-16-03).,MET-DIFFERENTLY,MET-DIFFERENTLY,,docs/build/COVERAGE_MATRIX.csv:40; docs/2_canonical_design_spec.md:591; level=MUST; §5.1 The initial wedge; class=process/governance; owning=—; routing=accepted,,,,F2,,
U-0121,requirement,SIG-CHART-031,The following are out of scope for the entire specification and are recorded so that they are not silently re-added:,N/A-RATIONALE,N/A-RATIONALE,,docs/build/COVERAGE_MATRIX.csv:45; docs/2_canonical_design_spec.md:638; level=RATIONALE; §5.4 Explicitly out of scope; class=rationale-only; owning=—; routing=—,,,,F2,,
U-0122,requirement,SIG-CHART-033,"Before any connector is written for a project in this table, Stage 0 outreach (§Phase 0, §35.1) MUST have been attempted and its outcome recorded in the compact — including the outcome ""no response"",…",MET-DIFFERENTLY,MET-DIFFERENTLY,,docs/build/COVERAGE_MATRIX.csv:47; docs/2_canonical_design_spec.md:685; level=MUST; §6. The federation compact; class=process/governance; owning=—; routing=accepted,,,,F2,,
U-0123,requirement,SIG-CHART-034,"SIG's success MUST be measured partly by whether it makes other projects stronger (OL-22.6-01), not solely by its own traffic or record count. The following are tracked and published on the project's…",MET-DIFFERENTLY,MET-DIFFERENTLY,,docs/build/COVERAGE_MATRIX.csv:48; docs/2_canonical_design_spec.md:694; level=MUST; §7. Success criteria; class=process/governance; owning=—; routing=accepted,,,,F2,,
U-0124,requirement,SIG-CHART-035,The intended end state is that SIG becomes connective infrastructure for a movement of independent researchers (OL-22.6-02). Design decisions that increase SIG's centrality at the expense of the ecos…,N/A-RATIONALE,N/A-RATIONALE,,docs/build/COVERAGE_MATRIX.csv:49; docs/2_canonical_design_spec.md:707; level=RATIONALE; §7. Success criteria; class=rationale-only; owning=—; routing=—,,,,F2,,
U-0125,requirement,SIG-CONTRIB-012,"Before any connector is written for an ecosystem project, SIG MUST have attempted contact and recorded the outcome (SIG-CHART-033, SIG-INGEST-029), using a published template that states: what SIG is…",MISSING,MISSING,,docs/build/COVERAGE_MATRIX.csv:64; docs/2_canonical_design_spec.md:5367; level=MUST; §35.1 Stage 0 outreach; class=process/governance; owning=—; routing=P21.1,,,,F2,,
U-0126,requirement,SIG-CONTRIB-012a,"Where an upstream project has publicly asked for help with a problem SIG is already solving, that request SHOULD be the opening offer, ahead of any data ask.",MISSING,MISSING,,docs/build/COVERAGE_MATRIX.csv:65; docs/2_canonical_design_spec.md:5373; level=SHOULD; §35.1 Stage 0 outreach; class=process/governance; owning=—; routing=P21.1,,,,F2,,
U-0127,requirement,SIG-CONTRIB-013,"The offer MUST include archival succession: SIG will hold a mirror that survives the project's disappearance, on terms the project sets. Several of these projects are single-maintainer efforts, and t…",PARTIAL,PARTIAL,,docs/build/COVERAGE_MATRIX.csv:66; docs/2_canonical_design_spec.md:5385; level=MUST; §35.1 Stage 0 outreach; class=deferred(RISK); owning=—; routing=P20.1:backlog,,,,F2,,
U-0128,requirement,SIG-CONTRIB-019,"Where a research task's closing evidence is a public record, SIG MUST be able to emit a ready-to-file records request (§36) and to record the resulting request as a `RecordsRequest` linked back to th…",PARTIAL,PARTIAL,,"docs/build/COVERAGE_MATRIX.csv:82; docs/2_canonical_design_spec.md:5503; level=MUST; §35.3 To other projects (Q34, Q35); class=covered+untested; owning=P16.2; routing=P20.1:backlog",,,,F2,,
U-0129,requirement,SIG-DOS-002,"Dossier completion requires a fact-to-capture ledger, source search log, comparability review, currentness assessment and an independent adversarial check of every answer class. Publication is blocke…",MET(reduced-scope?),MET,,docs/build/COVERAGE_MATRIX.csv:710; docs/2_canonical_design_spec.md:7309; level=MUST; §55.3; class=covered+tested; owning=P32.17; routing=P32.17; adrs=ADR-120;ADR-136,,,,F2,,BL-058 D-R10-HUMAN-1
U-0130,requirement,SIG-DOS-003,"The Oklahoma City dossier must distinguish city-owned cameras, private city cameras, metro observations and partner-agency access; label the approximate derived city sum and do not display it as cont…",MET(reduced-scope?),MET,,docs/build/COVERAGE_MATRIX.csv:711; docs/2_canonical_design_spec.md:7311; level=MUST; §55.3; class=covered+tested; owning=P32.18; routing=P32.18; adrs=ADR-120;ADR-137,,,,F2,,BL-058 D-P32.18-1
U-0131,requirement,SIG-DOS-004,"The Tulsa dossier must separate the public private-camera MOU template from any demonstrated executed agreement, distinguish policy effective dates from capture dates, and leave unsupported counts, s…",MET(reduced-scope?),MET,,docs/build/COVERAGE_MATRIX.csv:712; docs/2_canonical_design_spec.md:7313; level=MUST; §55.3; class=covered+tested; owning=P32.19; routing=P32.19; adrs=ADR-120;ADR-138,,,,F2,,BL-058 D-P32.19-1
U-0132,requirement,SIG-DOS-005,"The San Diego dossier must distinguish the physical ALPR/streetlight system from subscription-only access to external plate data, identify prime/subcontractor roles only with evidence, and separate a…",MET(reduced-scope?),MET,,docs/build/COVERAGE_MATRIX.csv:713; docs/2_canonical_design_spec.md:7315; level=MUST; §55.3; class=covered+tested; owning=P32.20; routing=P32.20; adrs=ADR-120;ADR-139,,,,F2,,BL-058 D-P32.20-1
U-0133,requirement,SIG-ENG-002,"A phase is complete only when every acceptance criterion listed for it passes, and the phase-gate checks in §51.3 pass. Partial completion is reported as partial; it is never reported as done.",MET-DIFFERENTLY,MET-DIFFERENTLY,,docs/build/COVERAGE_MATRIX.csv:85; docs/2_canonical_design_spec.md:150; level=MUST; §0.4 The execution model; class=process/governance; owning=—; routing=accepted,,,,F2,,
U-0134,requirement,SIG-ENG-004,A requirement is Done when all of the following hold:,PARTIAL,PARTIAL,,docs/build/COVERAGE_MATRIX.csv:87; docs/2_canonical_design_spec.md:188; level=MUST; §0.6 Definition of Done; class=covered+untested; owning=P17.1;P17.2;P17.3; routing=P20.1:backlog,,,,F2,,
U-0135,requirement,SIG-ENG-005,"No requirement is Done on the strength of a manual check alone. If a behaviour genuinely cannot be automatically verified, it MUST be recorded in the risk register (§53) as an unverifiable requiremen…",MET-DIFFERENTLY,MET-DIFFERENTLY,,docs/build/COVERAGE_MATRIX.csv:88; docs/2_canonical_design_spec.md:197; level=MUST; §0.6 Definition of Done; class=process/governance; owning=P00.2; routing=accepted; adrs=ADR-041,,,,F2,,
U-0136,requirement,SIG-ENG-018,Data-quality tooling MUST be OSI-licensed; several widely-recommended options in this category have moved to source-available licences and MUST be re-verified at adoption time rather than assumed.,MET-DIFFERENTLY,MET-DIFFERENTLY,,docs/build/COVERAGE_MATRIX.csv:97; docs/2_canonical_design_spec.md:6687; level=MUST; §48. Testing; class=process/governance; owning=—; routing=accepted,,,,F2,,
U-0137,requirement,SIG-ENG-019,"Structured logging with run correlation; metrics on ingestion volume, claim/contradiction/task counts, resolution latency, and per-source freshness; error tracking.",MET-DIFFERENTLY,MET-DIFFERENTLY,,docs/build/COVERAGE_MATRIX.csv:98; docs/2_canonical_design_spec.md:6695; level=MUST; §49. Observability; class=process/governance; owning=—; routing=accepted,,,,F2,,
U-0138,requirement,SIG-ENG-020,"A public data-freshness and status page (SIG-METRIC-007). Publishing staleness is a trust affordance, and hiding it is the beginning of implying completeness.",MET-DIFFERENTLY,MET-DIFFERENTLY,,docs/build/COVERAGE_MATRIX.csv:99; docs/2_canonical_design_spec.md:6698; level=MUST; §49. Observability; class=process/governance; owning=—; routing=accepted,,,,F2,,
U-0139,requirement,SIG-ENG-021,"Alerting MUST cover: connector failure; parser drift; count-plausibility breach; ER precision breach; licence-gate failure; policy-engine failure; and a silent success condition — a connector that ""s…",MET-DIFFERENTLY,MET-DIFFERENTLY,,docs/build/COVERAGE_MATRIX.csv:100; docs/2_canonical_design_spec.md:6701; level=MUST; §49. Observability; class=process/governance; owning=—; routing=accepted,,,,F2,,
U-0140,requirement,SIG-ENG-022,Runbooks MUST exist for: source disappearance; upstream schema change; a bad-merge rollback; a takedown request; a suspected poisoning campaign; and evidence-store restoration.,MET-DIFFERENTLY,MET-DIFFERENTLY,,docs/build/COVERAGE_MATRIX.csv:101; docs/2_canonical_design_spec.md:6706; level=MUST; §49. Observability; class=process/governance; owning=—; routing=accepted,,,,F2,,
U-0141,requirement,SIG-ENG-023,Topology: managed Postgres+PostGIS; object storage with versioning and governance-mode Object Lock; a small compute instance for crawlers and jobs; CDN for static artifacts; static site hosting; erro…,MET-DIFFERENTLY,MET-DIFFERENTLY,,docs/build/COVERAGE_MATRIX.csv:102; docs/2_canonical_design_spec.md:6714; level=MUST; §50. Deployment and cost; class=process/governance; owning=—; routing=accepted,,,,F2,,
U-0142,requirement,SIG-ENG-024,"Egress-friendly object storage is a hard requirement, not an optimization (SIG-EXPORT-008).",MET-DIFFERENTLY,MET-DIFFERENTLY,,docs/build/COVERAGE_MATRIX.csv:103; docs/2_canonical_design_spec.md:6718; level=MUST; §50. Deployment and cost; class=process/governance; owning=—; routing=accepted,,,,F2,,
U-0143,requirement,SIG-ENG-025,Three cost scales MUST be maintained and reviewed quarterly:,MET-DIFFERENTLY,MET-DIFFERENTLY,,docs/build/COVERAGE_MATRIX.csv:104; docs/2_canonical_design_spec.md:6721; level=MUST; §50. Deployment and cost; class=process/governance; owning=—; routing=accepted,,,,F2,,
U-0144,requirement,SIG-ENG-026,"LLM extraction cost MUST be budgeted per document class and monitored against the budget, with the pipeline degrading to human-queue rather than exceeding it (SIG-LLM-007).",MET-DIFFERENTLY,MET-DIFFERENTLY,,docs/build/COVERAGE_MATRIX.csv:105; docs/2_canonical_design_spec.md:6729; level=MUST; §50. Deployment and cost; class=process/governance; owning=—; routing=accepted,,,,F2,,
U-0145,requirement,SIG-ENG-027,"The bootstrap scale MUST be real and tested — the project must be able to survive on it (SIG-GOV-020), and a plan that only works when funded is not a plan for a public-interest project.",MET-DIFFERENTLY,MET-DIFFERENTLY,,docs/build/COVERAGE_MATRIX.csv:106; docs/2_canonical_design_spec.md:6733; level=MUST; §50. Deployment and cost; class=process/governance; owning=—; routing=accepted,,,,F2,,
U-0146,requirement,SIG-ENG-030,"Every phase in §51.2 MUST declare which risk-register entries (§53) it retires or reduces, and each of the four critical risks R-01…R-04 MUST be named by at least one phase at or before Phase 6. A ph…",MET-DIFFERENTLY,MET-DIFFERENTLY,,docs/build/COVERAGE_MATRIX.csv:107; docs/2_canonical_design_spec.md:6745; level=MUST; §51.1 Philosophy; class=process/governance; owning=—; routing=accepted,,,,F2,,
U-0147,requirement,SIG-ENG-032,"A lawful access path exists: the aggregator's public CC BY-SA 4.0 API (SC-18). The phase proceeds against that API. The fallbacks of SIG-INGEST-031 MUST still be implemented, because the API is a sin…",MET-DIFFERENTLY,MET-DIFFERENTLY,,docs/build/COVERAGE_MATRIX.csv:109; docs/2_canonical_design_spec.md:7059; level=MUST; §Phase 11 — Flock portal layer **(ungated 2026-08-20)**; class=process/governance; owning=—; routing=accepted,,,,F2,,
U-0148,requirement,SIG-ENG-033,"The risk register MUST be reviewed at every phase gate, and each research file's Open questions section MUST be triaged into it rather than left in the cache.",MET-DIFFERENTLY,MET-DIFFERENTLY,,docs/build/COVERAGE_MATRIX.csv:110; docs/2_canonical_design_spec.md:7248; level=MUST; §53. Risk register; class=process/governance; owning=—; routing=accepted,,,,F2,,
U-0149,requirement,SIG-ENG-034,The critical path is `0 → 1 → 2 → 3 → 4 → 5 → 6 → 8`. Phase 6 is a hard synchronization point: no phase after 6 may begin until its retrospective is written.,PARTIAL,PARTIAL,,docs/build/COVERAGE_MATRIX.csv:111; docs/2_canonical_design_spec.md:7255; level=MUST; §54. Sequencing and parallelization; class=covered+untested; owning=P06.1; routing=P20.1:backlog,,,,F2,,
U-0150,requirement,SIG-ENG-035,"Phase 11 depends on an external source, not on internal work, and it MUST NOT block phases 12–18, which MUST be able to proceed on other sources. A design in which one uncooperative or unavailable up…",MET-DIFFERENTLY,MET-DIFFERENTLY,,docs/build/COVERAGE_MATRIX.csv:112; docs/2_canonical_design_spec.md:7262; level=MUST; §54. Sequencing and parallelization; class=process/governance; owning=—; routing=accepted,,,,F2,,D-R7.2-DETECTORS
U-0151,requirement,SIG-ENG-037,"This matrix MUST be regenerated at every phase gate (SIG-ENG-031) from `OUTLINE_TRACE.md` plus the current spec, and a CI check MUST fail if any row's disposition regresses from `COVERED`. The supers…",MET-DIFFERENTLY,MET-DIFFERENTLY,,docs/build/COVERAGE_MATRIX.csv:114; docs/2_canonical_design_spec.md:8080; level=MUST; §A.4 Maintenance; class=process/governance; owning=—; routing=accepted,,,,F2,,
U-0152,requirement,SIG-ENG-038,The regeneration SHOULD first split compound trace rows whose members are independently satisfiable. The adversarial review identified this as a real weakness: a row folding seven technologies into o…,MET-DIFFERENTLY,MET-DIFFERENTLY,,docs/build/COVERAGE_MATRIX.csv:115; docs/2_canonical_design_spec.md:8085; level=SHOULD; §A.4 Maintenance; class=process/governance; owning=—; routing=accepted,,,,F2,,
U-0153,requirement,SIG-EPIS-001,"Every published material fact MUST be reachable by this chain, and the chain MUST be traversable in both directions through the API and the UI:",MET-DIFFERENTLY,MET-DIFFERENTLY,,docs/build/COVERAGE_MATRIX.csv:116; docs/2_canonical_design_spec.md:1046; level=MUST; §10.1 The evidence → claim chain; class=process/governance; owning=—; routing=accepted,,,,F2,,
U-0154,requirement,SIG-EPIS-002,No shortcut through this chain is permitted. Specifically:,MET-DIFFERENTLY,MET-DIFFERENTLY,,docs/build/COVERAGE_MATRIX.csv:117; docs/2_canonical_design_spec.md:1059; level=MUST; §10.1 The evidence → claim chain; class=process/governance; owning=—; routing=accepted,,,,F2,,
U-0155,requirement,SIG-EPIS-003,"A transparency portal that reports 25 cameras today and 28 next month is one artifact with two captures, not two artifacts. This is what makes portal diffing (§29.7) and the ""what did the portal say…",MET-DIFFERENTLY,MET-DIFFERENTLY,,"docs/build/COVERAGE_MATRIX.csv:118; docs/2_canonical_design_spec.md:1082; level=MUST; §10.2 Source, EvidenceArtifact, and EvidenceCapture are three; class=process/governance; owning=—; routing=accepted",,,,F2,,
U-0156,requirement,SIG-EPIS-004,"An artifact that *disappears* MUST be recorded as an event on the artifact, not as a deletion. A vanished Flock portal is data (OL-2B-FP-03): the artifact gains a `disappeared_observed_at`, its last…",MET-DIFFERENTLY,MET-DIFFERENTLY,,"docs/build/COVERAGE_MATRIX.csv:119; docs/2_canonical_design_spec.md:1086; level=MUST; §10.2 Source, EvidenceArtifact, and EvidenceCapture are three; class=process/governance; owning=—; routing=accepted",,,,F2,,
U-0157,requirement,SIG-EPIS-005,"`capture_status` MUST be populated for every artifact. An artifact SIG cited but could not retrieve is a legitimate, recordable state (see spot-check SC-07); it MUST NOT be silently omitted, and it M…",MET-DIFFERENTLY,MET-DIFFERENTLY,,docs/build/COVERAGE_MATRIX.csv:120; docs/2_canonical_design_spec.md:1137; level=MUST; §10.3 Field specifications; class=process/governance; owning=—; routing=accepted,,,,F2,,
U-0158,requirement,SIG-EPIS-007,"Re-extracting a capture with an improved parser MUST produce a new Extraction and a new set of Claims. The prior Claims are superseded (§9.4), not deleted, so that a citation made against the old ext…",MET-DIFFERENTLY,MET-DIFFERENTLY,,docs/build/COVERAGE_MATRIX.csv:122; docs/2_canonical_design_spec.md:1186; level=MUST; §10.3 Field specifications; class=process/governance; owning=—; routing=accepted,,,,F2,,
U-0159,requirement,SIG-EPIS-008,`raw_value` is NOT NULL with no exceptions. If a claim has no corresponding literal source text — because it is an inference — it does not belong at L1. It belongs at L4.,MET-DIFFERENTLY,MET-DIFFERENTLY,,docs/build/COVERAGE_MATRIX.csv:123; docs/2_canonical_design_spec.md:1227; level=MUST; §10.3 Field specifications; class=process/governance; owning=—; routing=accepted,,,,F2,,
U-0160,requirement,SIG-EPIS-009,`derived_from_claim_ids` MUST be populated whenever SIG ingests a claim from a source that itself derived it from another source SIG also ingests. Several ecosystem projects reuse each other's data.…,MET-DIFFERENTLY,MET-DIFFERENTLY,,docs/build/COVERAGE_MATRIX.csv:124; docs/2_canonical_design_spec.md:1231; level=MUST; §10.3 Field specifications; class=process/governance; owning=—; routing=accepted,,,,F2,,
U-0161,requirement,SIG-EPIS-010,A claim MUST NOT hold a single `source` foreign key. It MUST reference an evidence set through a join table in which each row carries a role. The outline's `Claim.source` (OL-8.16-02) is a simplifica…,MET-DIFFERENTLY,MET-DIFFERENTLY,,docs/build/COVERAGE_MATRIX.csv:125; docs/2_canonical_design_spec.md:1240; level=MUST; §10.3 Field specifications; class=process/governance; owning=—; routing=accepted,,,,F2,,
U-0162,requirement,SIG-EPIS-012,"Every `establishes` row SHOULD carry a `locator`, and MUST carry one for artifacts over one page. ""The contract says 42 cameras"" is not evidence; ""page 7, table 2, row 3 of capture `sha256:ab12…`"" is…",MET-DIFFERENTLY,MET-DIFFERENTLY,,docs/build/COVERAGE_MATRIX.csv:127; docs/2_canonical_design_spec.md:1271; level=MUST; §10.3 Field specifications; class=process/governance; owning=—; routing=accepted,,,,F2,,
U-0163,requirement,SIG-EPIS-013,"The outline's Tier A–F (OL-9.1) MUST be retained as shorthand but MUST be redefined as a genre scale, not a reliability scale, and crossed with three further axes before it drives any resolution.",MET-DIFFERENTLY,MET-DIFFERENTLY,,"docs/build/COVERAGE_MATRIX.csv:128; docs/2_canonical_design_spec.md:1280; level=MUST; §10.4 Source reliability `R` — a property of the publisher, n; class=process/governance; owning=—; routing=accepted",,,,F2,,
U-0164,requirement,SIG-EPIS-016,"SIG MUST NOT score a claim's *plausibility* against a prior expectation of how much surveillance an agency ""should"" have. That is an editorial position, not a measurement, and it would make the syste…",MET-DIFFERENTLY,MET-DIFFERENTLY,,"docs/build/COVERAGE_MATRIX.csv:131; docs/2_canonical_design_spec.md:1308; level=MUST; §10.4 Source reliability `R` — a property of the publisher, n; class=process/governance; owning=—; routing=accepted",,,,F2,,
U-0165,requirement,SIG-EPIS-018,Two consequences are normative:,AT-RISK-INTEGRATION,AT-RISK-INTEGRATION,,docs/build/COVERAGE_MATRIX.csv:133; docs/2_canonical_design_spec.md:1341; level=MUST; §10.5 Claim directness `D` — the (genre × predicate) matrix; class=covered+tested; owning=—; routing=P21.2,,,,F2,,
U-0166,requirement,SIG-EPIS-019,"`I` is assigned mechanically by the pipeline: `I1` content-addressed archive stored with checksum, fetch timestamp, and HTTP status; `I2` live URL recorded and retrievable at ingest but no durable ar…",MET-DIFFERENTLY,MET-DIFFERENTLY,,"docs/build/COVERAGE_MATRIX.csv:134; docs/2_canonical_design_spec.md:1352; level=MUST; §10.6 Integrity `I`, currency `C`, and the composed weight `W; class=process/governance; owning=—; routing=accepted",,,,F2,,
U-0167,requirement,SIG-EPIS-022,"Free-form numeric confidence is prohibited unless calibrated against a labelled set with published calibration (OL-9.3-01). Weight classes are ordinal and explainable; ""87% confidence"" is neither.",MET-DIFFERENTLY,MET-DIFFERENTLY,,"docs/build/COVERAGE_MATRIX.csv:137; docs/2_canonical_design_spec.md:1381; level=MUST; §10.6 Integrity `I`, currency `C`, and the composed weight `W; class=process/governance; owning=—; routing=accepted",,,,F2,,
U-0168,requirement,SIG-EPIS-024,"The API MUST always return all four fields. A one-word presentation label MAY be derived from a published lookup for UI density, but MUST NEVER be the primary representation.",MET-DIFFERENTLY,MET-DIFFERENTLY,,"docs/build/COVERAGE_MATRIX.csv:139; docs/2_canonical_design_spec.md:1424; level=MUST; §10.7 The confidence vocabulary: three orthogonal fields, not; class=process/governance; owning=—; routing=accepted",,,,F2,,
U-0169,requirement,SIG-EPIS-026,"SIG MUST declare copying rather than infer it. Every claim carries `derived_from_claim_ids` / `derived_from_source`, populated at ingest.",MET-DIFFERENTLY,MET-DIFFERENTLY,,docs/build/COVERAGE_MATRIX.csv:141; docs/2_canonical_design_spec.md:1434; level=MUST; §10.8 Source dependence; class=process/governance; owning=—; routing=accepted,,,,F2,,
U-0170,requirement,SIG-EPIS-027,"Claims sharing an upstream origin MUST be grouped into a single independence class, and corroboration MUST be counted per class, not per claim. Three projects that all scraped one portal are one piec…",MET-DIFFERENTLY,MET-DIFFERENTLY,,docs/build/COVERAGE_MATRIX.csv:142; docs/2_canonical_design_spec.md:1442; level=MUST; §10.8 Source dependence; class=process/governance; owning=—; routing=accepted,,,,F2,,
U-0171,requirement,SIG-EPIS-029,An undeclared-copying detector MUST run: claims from nominally independent sources that match implausibly closely — including matching each other's errors — MUST raise a review flag. Matching errors…,MET-DIFFERENTLY,MET-DIFFERENTLY,,docs/build/COVERAGE_MATRIX.csv:144; docs/2_canonical_design_spec.md:1449; level=MUST; §10.8 Source dependence; class=process/governance; owning=—; routing=accepted,,,,F2,,
U-0172,requirement,SIG-EVAL-001,"Resolution evaluation must use a preregistered campaign with a frozen source snapshot, explicit target population, sampling frame, inclusion probabilities, strata, grouping, split assignment, seed an…",PARTIAL,PARTIAL,,docs/build/COVERAGE_MATRIX.csv:692; docs/2_canonical_design_spec.md:7319; level=MUST; §55.4; class=covered+tested; owning=P32.9; routing=P32.9; adrs=ADR-128,,,,F2,,BL-058 D-R10-HUMAN-1 HUMAN-H4 HUMAN-H5 MANIFEST-184 MANIFEST-185 MANIFEST-186 MANIFEST-187
U-0173,requirement,SIG-EVAL-002,"Independent human labels must be recorded append-only with pseudonymous reviewer identity, evidence references, reason and one of same-device, different-device or insufficient-evidence. Reviewers are…",PARTIAL,PARTIAL,,docs/build/COVERAGE_MATRIX.csv:693; docs/2_canonical_design_spec.md:7321; level=MUST; §55.4; class=covered+tested; owning=P32.9; routing=P32.9; adrs=ADR-128,,,,F2,,BL-058 D-R10-HUMAN-1
U-0174,requirement,SIG-EVAL-005,"A rule/threshold candidate must be derived only from development/calibration data and frozen before its confirmatory sampling frame is drawn. After the independent final campaign, evaluate that fixed…",MISSING,MISSING,,docs/build/COVERAGE_MATRIX.csv:696; docs/2_canonical_design_spec.md:7327; level=MUST; §55.4; class=unreferenced; owning=P32.23; routing=P32.23; adrs=ADR-120,,,,F2,,BL-058 D-R6.1-EVAL D-R10-HUMAN-1 HUMAN-H4 HUMAN-H5 MANIFEST-184 MANIFEST-185 MANIFEST-186 MANIFEST-187
U-0175,requirement,SIG-EVAL-006,"Published evaluation claims must identify exactly the tiers, populations, geography/source mix, model/ruleset and time window supported by the assessment. Drift in input mix, extraction semantics or…",MISSING,MISSING,,docs/build/COVERAGE_MATRIX.csv:697; docs/2_canonical_design_spec.md:7329; level=MUST; §55.4; class=unreferenced; owning=P32.23; routing=P32.23; adrs=ADR-120,,,,F2,,BL-058 D-R10-HUMAN-1 MANIFEST-187
U-0176,requirement,SIG-EVAL-007,"Select and freeze the candidate matcher using development/calibration evidence before defining and drawing its confirmatory auto-positive sampling frame. Pin ruleset, eligible edge/tier populations,…",MISSING,MISSING,,docs/build/COVERAGE_MATRIX.csv:716; docs/2_canonical_design_spec.md:7331; level=MUST; §55.4; class=unreferenced; owning=P32.22a; routing=P32.22a; adrs=ADR-120,,,,F2,,BL-058 D-R10-HUMAN-1 MANIFEST-185
U-0177,requirement,SIG-EVID-001,"The evidence store MUST satisfy, simultaneously:",PARTIAL,PARTIAL,,docs/build/COVERAGE_MATRIX.csv:146; docs/2_canonical_design_spec.md:3035; level=MUST; §17.1 Requirements; class=covered+untested; owning=P02.2; routing=P20.1:backlog,,,,F2,,
U-0178,requirement,SIG-EVID-019,"Each quarterly release MUST be deposited to Zenodo, citing the concept DOI for the dataset and the version DOI for the release. Evidence bytes MUST NOT be deposited (size limits); the evidence manife…",PARTIAL,PARTIAL,,docs/build/COVERAGE_MATRIX.csv:164; docs/2_canonical_design_spec.md:3172; level=MUST; §17.7 Reproducibility and deposit; class=process/governance; owning=—; routing=P21.5; adrs=ADR-067,,,,F2,,
U-0179,requirement,SIG-FIND-006,Anonymous correction intake must provide a durable receipt and restricted moderation workflow independent of claim-spine writes. The first receiver accepts bounded allowlisted fields without uploads…,MET(reduced-scope?),MET,,docs/build/COVERAGE_MATRIX.csv:707; docs/2_canonical_design_spec.md:7345; level=MUST; §55.5; class=covered+tested; owning=P32.16; routing=P32.16; adrs=ADR-120;ADR-135,,,,F2,,BL-058 D-P32.16-1 D-R10-PUBLISH-1
U-0180,requirement,SIG-GEO-002,"Proximity queries MUST cast to `geography` (metres). Degree-based `ST_DWithin` on 4326 geometry is prohibited — it silently produces distance errors that vary by latitude, and device-attribution (§29…",PARTIAL,PARTIAL,,docs/build/COVERAGE_MATRIX.csv:177; docs/2_canonical_design_spec.md:3253; level=MUST; §19.1 Storage and projection; class=covered+untested; owning=—; routing=P20.1:backlog,,,,F2,,
U-0181,requirement,SIG-GEO-005,"`camera:type=fixed` covers 92.0% of mapped ALPRs (SC-08), meaning ~8% — on the order of 11,500 devices — are already non-fixed. The mobility model has an immediate population and MUST be implemented…",PARTIAL,PARTIAL,,docs/build/COVERAGE_MATRIX.csv:180; docs/2_canonical_design_spec.md:3275; level=MUST; §19.2 Assets without coordinates; class=process/governance; owning=—; routing=P20.1:backlog,,,,F2,,
U-0182,requirement,SIG-GEO-007,"This is urgent rather than theoretical: `direction=*` is present on 93.6% of mapped ALPRs (SC-08.3), so a derived FOV layer would be nearly as large as the observed layer. A design that lets the two…",PARTIAL,PARTIAL,,docs/build/COVERAGE_MATRIX.csv:182; docs/2_canonical_design_spec.md:3287; level=MUST; §19.3 Derived geometry is physically separate; class=process/governance; owning=—; routing=P20.1:backlog,,,,F2,,
U-0183,requirement,SIG-GOV-012,"Before public launch, SIG MUST establish a legal home — a fiscal sponsor or its own nonprofit — and document what it implies for liability, donations, and legal defence. Operating a project with this…",PARTIAL,PARTIAL,,docs/build/COVERAGE_MATRIX.csv:200; docs/2_canonical_design_spec.md:6523; level=MUST; §46.1 Legal entity; class=deferred(RISK); owning=—; routing=P20.1:backlog,,,,F2,,D-P21.4-1
U-0184,requirement,SIG-GOV-013,SIG MUST identify legal-defence resources appropriate to public-interest research and journalism before they are needed.,PARTIAL,PARTIAL,,docs/build/COVERAGE_MATRIX.csv:201; docs/2_canonical_design_spec.md:6528; level=MUST; §46.1 Legal entity; class=deferred(RISK); owning=—; routing=P20.1:backlog,,,,F2,,
U-0185,requirement,SIG-GOV-015,"An editorial board MUST exist for contested claims, officer-naming decisions (§43.4), and sensitivity classifications, distinct from the technical maintainers. These are editorial judgments and shoul…",PARTIAL,PARTIAL,,docs/build/COVERAGE_MATRIX.csv:203; docs/2_canonical_design_spec.md:6537; level=MUST; §46.2 Decision-making; class=covered+untested; owning=—; routing=P20.1:backlog,,,,F2,,RISK-P0-10
U-0186,requirement,SIG-GOV-016,"SIG MUST document how it resists capture by any single funder, ideology, or vendor interest, including a policy on funding sources it will not accept.",PARTIAL,PARTIAL,,docs/build/COVERAGE_MATRIX.csv:204; docs/2_canonical_design_spec.md:6541; level=MUST; §46.2 Decision-making; class=covered+untested; owning=—; routing=P20.1:backlog,,,,F2,,RISK-P0-10
U-0187,requirement,SIG-GOV-017,"SIG MUST NOT build: a real-time device-liveness feed; a per-person lookup; an ""is a camera watching me right now"" surface; or individual-officer tracking as a product (SIG-API-012, non-goals N1/N3).",MET-DIFFERENTLY,MET-DIFFERENTLY,,"docs/build/COVERAGE_MATRIX.csv:205; docs/2_canonical_design_spec.md:6546; level=MUST; §46.3 Anti-misuse, stated honestly; class=process/governance; owning=—; routing=accepted",,,,F2,,
U-0188,requirement,SIG-GOV-018,"SIG MUST NOT publish instructions for damaging, disabling, tampering with, or evading enforcement in the commission of wrongdoing (OL-13.5-02).",MET-DIFFERENTLY,MET-DIFFERENTLY,,"docs/build/COVERAGE_MATRIX.csv:206; docs/2_canonical_design_spec.md:6550; level=MUST; §46.3 Anti-misuse, stated honestly; class=process/governance; owning=—; routing=accepted",,,,F2,,
U-0189,requirement,SIG-GOV-021,"The degraded mode MUST be tested, and its known decay paths documented — including that free CI schedulers commonly disable dormant scheduled workflows after a period of repository inactivity, which…",PARTIAL,PARTIAL,,docs/build/COVERAGE_MATRIX.csv:209; docs/2_canonical_design_spec.md:6568; level=MUST; §46.4 Sustainability; class=deferred(RISK); owning=—; routing=P20.1:backlog,,,,F2,,ADR-067 RISK-P7-06
U-0190,requirement,SIG-GOV-022,SIG MUST maintain: geographic mirrors; deposits to Zenodo and Software Heritage (SIG-EVID-019); an offline distribution path (SIG-EXPORT-009); and a documented plan for the disappearance of the prima…,PARTIAL,PARTIAL,,docs/build/COVERAGE_MATRIX.csv:210; docs/2_canonical_design_spec.md:6575; level=MUST; §46.5 Continuity and succession; class=process/governance; owning=—; routing=P21.5; adrs=ADR-067,,,,F2,,
U-0191,requirement,SIG-GOV-023,"SIG MUST publish a succession commitment: if the project ends, the data and code are released in a form that lets others continue, and the evidence store's OCFL layout (§17.3) means the archive remai…",PARTIAL,PARTIAL,,docs/build/COVERAGE_MATRIX.csv:211; docs/2_canonical_design_spec.md:6579; level=MUST; §46.5 Continuity and succession; class=process/governance; owning=—; routing=P21.5; adrs=ADR-067,,,,F2,,
U-0192,requirement,SIG-GOV-024,SIG MUST offer reciprocal archival insurance to single-maintainer upstream projects (SIG-CONTRIB-013). The need is concrete: the ecosystem's principal audit-analysis project is one developer on rough…,PARTIAL,PARTIAL,,docs/build/COVERAGE_MATRIX.csv:212; docs/2_canonical_design_spec.md:6583; level=MUST; §46.5 Continuity and succession; class=process/governance; owning=—; routing=P21.5; adrs=ADR-067,,,,F2,,
U-0193,requirement,SIG-IDENT-014,"An organization that fails the publicity tests of §43.4 MUST NOT be published by name. It MUST be represented publicly by an aggregate count within its jurisdiction, with the full record retained pri…",MET-DIFFERENTLY,MET-DIFFERENTLY,,docs/build/COVERAGE_MATRIX.csv:226; docs/2_canonical_design_spec.md:2431; level=MUST; §14.4 Surrogate identity for organizations with no external i; class=process/governance; owning=—; routing=accepted,,,,F2,,
U-0194,requirement,SIG-INGEST-004,"The claim's logical identity MUST include `extractor_version` and `normalizer_version`. A better parser therefore produces genuinely new claim rows, not mutations of existing ones. *(R11; this is the…",PARTIAL,PARTIAL,,docs/build/COVERAGE_MATRIX.csv:250; docs/2_canonical_design_spec.md:3447; level=MUST; §21.2 Claim identity and re-extraction; class=covered+untested; owning=—; routing=P20.1:backlog,,,,F2,,
U-0195,requirement,SIG-INGEST-005,"Re-extraction MUST preserve `observed_at` and `valid_*` from the source and set `recorded_at = now()`. An `as_of_belief` query in the past therefore still returns the old interpretation, and reproduc…",PARTIAL,PARTIAL,,docs/build/COVERAGE_MATRIX.csv:251; docs/2_canonical_design_spec.md:3451; level=MUST; §21.2 Claim identity and re-extraction; class=covered+untested; owning=—; routing=P20.1:backlog,,,,F2,,
U-0196,requirement,SIG-INGEST-006,Every connector MUST declare its ingestion mode and its incrementality strategy.,PARTIAL,PARTIAL,,"docs/build/COVERAGE_MATRIX.csv:252; docs/2_canonical_design_spec.md:3462; level=MUST; §21.3 Source classes and incrementality (Q23, Q24); class=deferred(RISK); owning=—; routing=P20.1:backlog",,,,F2,,RISK-P4-05 RISK-P4-06
U-0197,requirement,SIG-INGEST-007,"Change detection on scraped pages MUST diff the extracted structured payload, not the HTML. Boilerplate churn, session tokens, and rotating asset hashes otherwise produce a continuous stream of false…",PARTIAL,PARTIAL,,"docs/build/COVERAGE_MATRIX.csv:253; docs/2_canonical_design_spec.md:3477; level=MUST; §21.3 Source classes and incrementality (Q23, Q24); class=covered+untested; owning=—; routing=P20.1:backlog",,,,F2,,RISK-P4-05
U-0198,requirement,SIG-INGEST-008,"Some dependencies are manual-acquisition and MUST be modelled as such, with a documented human procedure recording DOI, version, and checksum. The build MUST NOT assume they are automatically fetchab…",PARTIAL,PARTIAL,,"docs/build/COVERAGE_MATRIX.csv:254; docs/2_canonical_design_spec.md:3481; level=MUST; §21.3 Source classes and incrementality (Q23, Q24); class=covered+untested; owning=—; routing=P20.1:backlog",,,,F2,,
U-0199,requirement,SIG-INGEST-010,"Disappearance MUST generate a research task and MUST be queryable, so that ""which agencies quietly removed their transparency portal"" is an answerable question. If disappearance lives only in the exc…",PARTIAL,PARTIAL,,docs/build/COVERAGE_MATRIX.csv:256; docs/2_canonical_design_spec.md:3491; level=MUST; §21.4 Source disappearance is data; class=covered+untested; owning=—; routing=P20.1:backlog,,,,F2,,
U-0200,requirement,SIG-INGEST-025a,"State reporting mandates MUST be modelled as records-acquisition leads, not as data feeds. A statutory duty to *do* something is not a duty to *publish* it, and neither implies a machine-readable dat…",PARTIAL,PARTIAL,,docs/build/COVERAGE_MATRIX.csv:272; docs/2_canonical_design_spec.md:3661; level=MUST; §22.3 Sources the outline does not name; class=covered+untested; owning=—; routing=P20.1:backlog,,,,F2,,
U-0201,requirement,SIG-INGEST-025b,Two consequences bind the design:,PARTIAL,PARTIAL,,docs/build/COVERAGE_MATRIX.csv:273; docs/2_canonical_design_spec.md:3676; level=MUST; §22.3 Sources the outline does not name; class=covered+untested; owning=—; routing=P20.1:backlog,,,,F2,,
U-0202,requirement,SIG-INGEST-025c,"Legislative citations MUST be verified against the bill text and session, never by bill number alone. Bill numbers are reused across sessions and across unrelated subjects: in the California case, tw…",PARTIAL,PARTIAL,,docs/build/COVERAGE_MATRIX.csv:274; docs/2_canonical_design_spec.md:3686; level=MUST; §22.3 Sources the outline does not name; class=covered+untested; owning=—; routing=P20.1:backlog,,,,F2,,
U-0203,requirement,SIG-INGEST-041,"The EFF Data Library index is the Phase 17 ingestion backlog, and its entries MUST be registered in Phase 0 rather than discovered later. Each is `LINK` posture until its rights are reviewed.",PARTIAL,PARTIAL,,docs/build/COVERAGE_MATRIX.csv:295; docs/2_canonical_design_spec.md:4037; level=MUST; §22.7 The Data Library specialist-dataset backlog; class=deferred(RISK); owning=—; routing=P20.1:backlog,,,,F2,,
U-0204,requirement,SIG-INGEST-044,"This connector's value is structural, not current: it proves that cross-agency ALPR networks predate and exceed any single vendor (OL-2D-DD-03), and it supplies the historical baseline against which…",N/A-RATIONALE,N/A-RATIONALE,,docs/build/COVERAGE_MATRIX.csv:302; docs/2_canonical_design_spec.md:4362; level=RATIONALE; §23.9 `data_driven` — the vendor-neutral historical ALPR netw; class=rationale-only; owning=—; routing=—,,,,F2,,BL-042
U-0205,requirement,SIG-INGEST-045b,"A bare OSM element id is not a well-defined reference across time. The same id denoted a freeway feature for fifteen years and a surveillance device thereafter. Only `(element_type, id, version)` is…",N/A-RATIONALE,N/A-RATIONALE,,docs/build/COVERAGE_MATRIX.csv:305; docs/2_canonical_design_spec.md:4133; level=RATIONALE; §23.2 `osm` — physical assets; class=rationale-only; owning=P04.2; routing=—; adrs=ADR-027,,,,F2,,
U-0206,requirement,SIG-INGEST-046b,"A `robots.txt` disallow MUST be recorded even where the data behind it is technically reachable — never silently bypassed. That project's exports exist, but its `robots.txt` disallows the API path se…",MISSING,MISSING,,docs/build/COVERAGE_MATRIX.csv:316; docs/2_canonical_design_spec.md:4276; level=MUST; §23.7 `audit_structural` — HIBF / agency audit exports; class=unreferenced; owning=—; routing=P21.3,,,,F2,,
U-0207,requirement,SIG-INGEST-046c,"An affirmative machine-readable rights reservation MUST be honoured as a refusal and recorded on the rights record. One ecosystem project combines `Content-Signal: ai-train=no`, explicit AI-crawler d…",MISSING,MISSING,,docs/build/COVERAGE_MATRIX.csv:317; docs/2_canonical_design_spec.md:4285; level=MUST; §23.7 `audit_structural` — HIBF / agency audit exports; class=unreferenced; owning=—; routing=P21.3,,,,F2,,
U-0208,requirement,SIG-INGEST-048,"These MUST be registered in Phase 0. Four were created after mid-2025, which is why the outline does not have them — and which is itself evidence that this ecosystem's membership turns over fast enou…",PARTIAL,PARTIAL,,docs/build/COVERAGE_MATRIX.csv:319; docs/2_canonical_design_spec.md:3941; level=MUST; §22.6 The seeded source registry; class=covered+untested; owning=—; routing=P20.1:backlog,,,,F2,,
U-0209,requirement,SIG-INGEST-048a,"The last row closes an open question. An uncorroborated ""336K ALPRs"" figure circulates in secondary coverage; direct measurement finds 144,312 `surveillance:type=ALPR` elements (SC-03). The likely or…",N/A-RATIONALE,N/A-RATIONALE,,docs/build/COVERAGE_MATRIX.csv:320; docs/2_canonical_design_spec.md:3956; level=RATIONALE; §22.6 The seeded source registry; class=rationale-only; owning=—; routing=—,,,,F2,,
U-0210,requirement,SIG-LIC-007,"This constraint is mission-aligned, not a cost. ODbL share-alike on the device layer requires SIG to give its operator attributions back in a form OSM contributors can use — which is what P5 and OL-2…",N/A-RATIONALE,N/A-RATIONALE,,"docs/build/COVERAGE_MATRIX.csv:339; docs/2_canonical_design_spec.md:6151; level=RATIONALE; §42.3 The ODbL posture (Q13, Q14); class=rationale-only; owning=—; routing=—",,,,F2,,
U-0211,requirement,SIG-LIC-012,"Per OL-14.3-01, open code is not enough. SIG MUST ship: open code; open schemas; downloadable datasets where licensing permits; documented APIs; provenance; versioned snapshots; and reproducible inge…",PARTIAL,PARTIAL,,docs/build/COVERAGE_MATRIX.csv:348; docs/2_canonical_design_spec.md:6223; level=MUST; §42.5 Reusability; class=covered+untested; owning=—; routing=P20.1:backlog,,,,F2,,
U-0212,requirement,SIG-ONTO-001,"SIG MUST be structured as six strictly ordered layers. Data flows upward only. No layer may write to a layer below it. Each layer is independently reconstructible from the layer beneath it, except L0…",PARTIAL,PARTIAL,,docs/build/COVERAGE_MATRIX.csv:370; docs/2_canonical_design_spec.md:721; level=MUST; §8.1 The six-layer model; class=covered+untested; owning=P02.1; routing=P20.1:backlog,,,,F2,,
U-0213,requirement,SIG-ONTO-005,"No layer may be treated as authoritative over another by default. Precedence is per-predicate and is specified in the resolution ruleset (§28.4), because authority is predicate-relative: a contract i…",MET-DIFFERENTLY,MET-DIFFERENTLY,,docs/build/COVERAGE_MATRIX.csv:374; docs/2_canonical_design_spec.md:806; level=MUST; §8.3 The domain layers (what the sources look like); class=process/governance; owning=—; routing=accepted,,,,F2,,
U-0214,requirement,SIG-ONTO-006,Layer G output MUST NOT enter L1 as an observation of a device. It enters as a `CandidateAsset` claim with `evidence_tier = F` and MUST pass the promotion rule in §43.5 before appearing in any public…,MET-DIFFERENTLY,MET-DIFFERENTLY,,docs/build/COVERAGE_MATRIX.csv:375; docs/2_canonical_design_spec.md:811; level=MUST; §8.3 The domain layers (what the sources look like); class=process/governance; owning=—; routing=accepted,,,,F2,,
U-0215,requirement,SIG-ONTO-008,"The system's distinctive output is a reconciliation, not an aggregation (OL-6.2-02). A reconciliation is a first-class, addressable, citable object that states, for a subject and a predicate:",MET-DIFFERENTLY,MET-DIFFERENTLY,,docs/build/COVERAGE_MATRIX.csv:377; docs/2_canonical_design_spec.md:842; level=MUST; §8.5 The reconciliation core; class=process/governance; owning=—; routing=accepted,,,,F2,,
U-0216,requirement,SIG-ONTO-009,"Note what that statement does *not* do: it does not declare a single ""true count"". §29.1 defines the distinct count predicates precisely so that this statement is expressible without collapsing them…",MET-DIFFERENTLY,MET-DIFFERENTLY,,docs/build/COVERAGE_MATRIX.csv:378; docs/2_canonical_design_spec.md:861; level=MUST; §8.5 The reconciliation core; class=process/governance; owning=—; routing=accepted,,,,F2,,
U-0217,requirement,SIG-ONTO-028,"`operator` MUST be optional and its absence MUST be a first-class, countable state. Measurement: only 19.1% of the world's 144,312 mapped ALPRs carry an `operator` tag — roughly 116,800 devices with…",PARTIAL,PARTIAL,,docs/build/COVERAGE_MATRIX.csv:397; docs/2_canonical_design_spec.md:1710; level=MUST; §11.8 `PhysicalAsset`; class=covered+untested; owning=P01.1; routing=P20.1:backlog,,,,F2,,
U-0218,requirement,SIG-ONTO-035,"The configuration-cut rule determines what belongs here: *if a fact can differ between two deployments of the same product with no change to hardware or software version, it is configuration.* Retent…",PARTIAL,PARTIAL,,docs/build/COVERAGE_MATRIX.csv:404; docs/2_canonical_design_spec.md:1852; level=MUST; §11.15 `ConfigurationState`; class=covered+untested; owning=P01.1; routing=P20.1:backlog,,,,F2,,
U-0219,requirement,SIG-ONTO-051,SIG-CHART-005 requires the twelve power-generating properties (OL-1.1-02) to be expressible. Their carriers:,PARTIAL,PARTIAL,,docs/build/COVERAGE_MATRIX.csv:421; docs/2_canonical_design_spec.md:2137; level=MUST; §12.9 Mapping the twelve power properties; class=covered+untested; owning=P01.1; routing=P20.1:backlog,,,,F2,,
U-0220,requirement,SIG-ONTO-054,"Every family MUST have an `-unspecified` leaf (SIG-ONTO-020). - SIG-ONTO-055 (MUST). Slugs encode `family-discriminator`, never a vendor. - SIG-ONTO-056 (MUST). Each technology carries a distinguishi…",PARTIAL,PARTIAL,,docs/build/COVERAGE_MATRIX.csv:425; docs/2_canonical_design_spec.md:2193; level=MUST; §13.1 Technology (`domain` → `family` → `technology`); class=covered+untested; owning=P01.1; routing=P20.1:backlog,,,,F2,,
U-0221,requirement,SIG-ONTO-055,"Slugs encode `family-discriminator`, never a vendor. - SIG-ONTO-056 (MUST). Each technology carries a distinguishing criterion (the single test separating it from its nearest sibling — two terms shar…",PARTIAL,PARTIAL,,docs/build/COVERAGE_MATRIX.csv:426; docs/2_canonical_design_spec.md:2194; level=MUST; §13.1 Technology (`domain` → `family` → `technology`); class=covered+untested; owning=P01.1; routing=P20.1:backlog,,,,F2,,
U-0222,requirement,SIG-ONTO-057,"Two terms that external taxonomies treat as technologies are not technologies in SIG: a *fusion center* is an Organization type; an *RTCC* is both a Technology (`rtcc-platform`, the software) and an…",PARTIAL,PARTIAL,,docs/build/COVERAGE_MATRIX.csv:428; docs/2_canonical_design_spec.md:2202; level=MUST; §13.1 Technology (`domain` → `family` → `technology`); class=covered+untested; owning=P01.1; routing=P20.1:backlog,,,,F2,,
U-0223,requirement,SIG-ONTO-057a,"Where SIG's own taxonomy must align with an external one, it SHOULD be shaped after the civil-liberties-argument taxonomy rather than the procurement-visible one, with the latter's categories as chil…",PARTIAL,PARTIAL,,docs/build/COVERAGE_MATRIX.csv:429; docs/2_canonical_design_spec.md:2207; level=SHOULD; §13.1 Technology (`domain` → `family` → `technology`); class=covered+untested; owning=—; routing=P20.1:backlog,,,,F2,,
U-0224,requirement,SIG-ONTO-060,"~45 terms at v1, following the grammar of §11.6 (Capability). Scopes: `own`, `partner`, `state`, `region`, `national`, `commercial`, `subject`. Classes: query, alerting, live-operations, acquisition/…",PARTIAL,PARTIAL,,docs/build/COVERAGE_MATRIX.csv:432; docs/2_canonical_design_spec.md:2237; level=MUST; §13.2 Capability (`verb.object.scope`); class=covered+untested; owning=P01.1; routing=P20.1:backlog,,,,F2,,
U-0225,requirement,SIG-ONTO-064,"`free_trial → operational:active` with no procurement transition is a legal path. It is the mechanism by which surveillance capability is acquired with no procurement paper trail at all, and it is th…",PARTIAL,PARTIAL,,docs/build/COVERAGE_MATRIX.csv:436; docs/2_canonical_design_spec.md:2294; level=MUST; §13.4 Deployment lifecycle — four orthogonal tracks; class=covered+untested; owning=P01.1; routing=P20.1:backlog,,,,F2,,
U-0226,requirement,SIG-ONTO-065,"Forbidden combinations MUST be soft constraints — flagged, never rejected — because the interesting cases are real:",PARTIAL,PARTIAL,,docs/build/COVERAGE_MATRIX.csv:437; docs/2_canonical_design_spec.md:2299; level=MUST; §13.4 Deployment lifecycle — four orthogonal tracks; class=covered+untested; owning=P01.1; routing=P20.1:backlog,,,,F2,,
U-0227,requirement,SIG-PUB-001,"SIG documents institutions and infrastructure, not people (SIG-CHART-024, OL-13.1-01). Every rule below follows from that.",MET-DIFFERENTLY,MET-DIFFERENTLY,,docs/build/COVERAGE_MATRIX.csv:450; docs/2_canonical_design_spec.md:6233; level=MUST; §43.1 The bright line; class=process/governance; owning=—; routing=accepted,,,,F2,,
U-0228,requirement,SIG-PUB-003d,"Where SIG becomes aware of an ecosystem project exposing personal data in this way, it SHOULD raise it privately with that project as part of Stage-0 engagement rather than publicise it. The objectiv…",MET-DIFFERENTLY,MET-DIFFERENTLY,,docs/build/COVERAGE_MATRIX.csv:456; docs/2_canonical_design_spec.md:6286; level=SHOULD; §43.2a SIG must never become the de-pseudonymisation join; class=process/governance; owning=—; routing=accepted,,,,F2,,
U-0229,requirement,SIG-PUB-006,"C1 is the default for roadside ALPR hardware, consistent with existing community practice in OSM and DeFlock. SIG does not invent a new norm for the ordinary case; it adds discipline for the unusual…",MET-DIFFERENTLY,MET-DIFFERENTLY,,docs/build/COVERAGE_MATRIX.csv:459; docs/2_canonical_design_spec.md:6309; level=MUST; §43.3 Coordinate sensitivity; class=process/governance; owning=—; routing=accepted,,,,F2,,
U-0230,requirement,SIG-PUB-007,A named individual MAY be published only if all five prongs hold:,AT-RISK-INTEGRATION,AT-RISK-INTEGRATION,,docs/build/COVERAGE_MATRIX.csv:460; docs/2_canonical_design_spec.md:6315; level=MUST; §43.4 The officer-naming test; class=covered+tested; owning=P00.2; routing=P21.4,,,,F2,,
U-0231,requirement,SIG-PUB-012,"Promotion to a published `PhysicalAsset` requires either human field or imagery confirmation, or a documentary record — never corroboration count alone.",PARTIAL,PARTIAL,,docs/build/COVERAGE_MATRIX.csv:465; docs/2_canonical_design_spec.md:6337; level=MUST; §43.5 Candidate assets and RF-derived leads; class=covered+untested; owning=—; routing=P21.6; adrs=ADR-068,,,,F2,,
U-0232,requirement,SIG-PUB-014,"Public UI MUST NOT describe an RF-derived candidate in language implying a device is known to exist. ""A radio observation consistent with this hardware vendor was recorded nearby"" is conformant; ""sus…",MET-DIFFERENTLY,MET-DIFFERENTLY,,docs/build/COVERAGE_MATRIX.csv:467; docs/2_canonical_design_spec.md:6344; level=MUST; §43.5 Candidate assets and RF-derived leads; class=process/governance; owning=—; routing=accepted,,,,F2,,
U-0233,requirement,SIG-PUB-014b,"The tension in the fourth row MUST NOT be resolved by refusing to mirror. Upstream instability is real (SC-11), and refusing to mirror loses the record. The `sealed` tier exists exactly so that SIG c…",MET-DIFFERENTLY,MET-DIFFERENTLY,,docs/build/COVERAGE_MATRIX.csv:469; docs/2_canonical_design_spec.md:6379; level=MUST; §43.6a The republisher absorbs the consequence — a worked pre; class=process/governance; owning=—; routing=accepted,,,,F2,,
U-0234,requirement,SIG-PUB-015,"Redaction produces a new capture (SIG-EVID-011), records its method and version, and is reviewable. Redaction MUST be applied to excerpts surfaced in the UI and API, not only to stored bytes.",MISSING,MISSING,,docs/build/COVERAGE_MATRIX.csv:470; docs/2_canonical_design_spec.md:6386; level=MUST; §43.7 Redaction; class=covered+untested; owning=—; routing=P21.4,,,,F2,,
U-0235,requirement,SIG-PUB-016,"Redaction MUST be irreversible in the published artifact — no black-box overlays on extractable text, which is a recurring and embarrassing failure mode in this field.",MISSING,MISSING,,docs/build/COVERAGE_MATRIX.csv:471; docs/2_canonical_design_spec.md:6390; level=MUST; §43.7 Redaction; class=covered+untested; owning=—; routing=P21.4,,,,F2,,
U-0236,requirement,SIG-RECON-039,"Event-log transitions, where available, are the highest-quality evidence and MUST be preferred over inferred transitions (REQ-R2-09).",AT-RISK-INTEGRATION,AT-RISK-INTEGRATION,,docs/build/COVERAGE_MATRIX.csv:511; docs/2_canonical_design_spec.md:4853; level=MUST; §29.4 Deployment lifecycle reconciliation; class=covered+tested; owning=P08.2; routing=P21.2; adrs=ADR-036,,,,F2,,
U-0237,requirement,SIG-RECON-040,"Fuzzy-dated events MUST be ordered using EDTF envelopes, and where two events' envelopes overlap such that their order is indeterminate, the timeline MUST record them as unordered-within-window rathe…",AT-RISK-INTEGRATION,AT-RISK-INTEGRATION,,docs/build/COVERAGE_MATRIX.csv:512; docs/2_canonical_design_spec.md:4856; level=MUST; §29.4 Deployment lifecycle reconciliation; class=covered+tested; owning=P08.2; routing=P21.2; adrs=ADR-036,,,,F2,,
U-0238,requirement,SIG-RECON-051,"SIG MUST NOT infer: any natural person's identity, location, or movements; that a device is active because it exists; that configuration matches policy; that a vendor default applies to a specific de…",MET-DIFFERENTLY,MET-DIFFERENTLY,,docs/build/COVERAGE_MATRIX.csv:523; docs/2_canonical_design_spec.md:4957; level=MUST; §30.3 Prohibited inferences; class=process/governance; owning=—; routing=accepted,,,,F2,,
U-0239,requirement,SIG-RECON-052,"Every inference MUST be visually and structurally distinguishable from observation in the UI, the API, and every export — including derived map layers, where the distinction must survive at a glance…",PARTIAL,PARTIAL,,docs/build/COVERAGE_MATRIX.csv:524; docs/2_canonical_design_spec.md:4965; level=MUST; §30.4 Labelling; class=covered+untested; owning=—; routing=P20.1:backlog,,,,F2,,
U-0240,requirement,SIG-SEC-002,"SIG's strongest protection for contributors is not holding data about them. Retention minimization is a security control and MUST be implemented as one, not treated as a privacy nicety.",MET-DIFFERENTLY,MET-DIFFERENTLY,,docs/build/COVERAGE_MATRIX.csv:531; docs/2_canonical_design_spec.md:6432; level=MUST; §44.3 Warrant-resistant architecture; class=process/governance; owning=—; routing=accepted,,,,F2,,
U-0241,requirement,SIG-SEC-003,"SIG MUST publish a transparency report covering legal demands received, complied with, and refused, and SHOULD maintain a warrant canary. The response posture for demands directed at SIG MUST be docu…",MISSING,MISSING,,docs/build/COVERAGE_MATRIX.csv:532; docs/2_canonical_design_spec.md:6436; level=MUST; §44.3 Warrant-resistant architecture; class=process/governance; owning=—; routing=P20.1:backlog,,,,F2,,
U-0242,requirement,SIG-SEC-005,"Access to `restricted`/`sealed` bytes MUST be logged with requester, purpose, and time — and that log MUST itself have a retention limit, so it does not become a surveillance record of SIG's own rese…",PARTIAL,PARTIAL,,docs/build/COVERAGE_MATRIX.csv:534; docs/2_canonical_design_spec.md:6446; level=MUST; §44.4 Access control; class=covered+untested; owning=—; routing=P20.1:backlog,,,,F2,,
U-0243,requirement,SIG-SEC-006,"Secrets in a manager, never in the repository; dependency and container scanning in CI; SBOM per release; signed releases; least-privilege service accounts; documented incident response with a disclo…",PARTIAL,PARTIAL,,docs/build/COVERAGE_MATRIX.csv:535; docs/2_canonical_design_spec.md:6452; level=MUST; §44.5 Standard practice; class=process/governance; owning=—; routing=P20.1:backlog,,,,F2,,
U-0244,requirement,SIG-STORE-004,"The following projections MUST be rebuildable from canonical state by a single documented command, and a CI job MUST rebuild each from scratch and verify it.",PARTIAL,PARTIAL,,docs/build/COVERAGE_MATRIX.csv:539; docs/2_canonical_design_spec.md:2617; level=MUST; §15.4 The projections; class=covered+untested; owning=—; routing=P21.5; adrs=ADR-067,,,,F2,,
U-0245,requirement,SIG-STORE-005,"No projection may be the sole home of any fact. Losing every projection simultaneously MUST cost only compute, never information.",PARTIAL,PARTIAL,,docs/build/COVERAGE_MATRIX.csv:540; docs/2_canonical_design_spec.md:2630; level=MUST; §15.4 The projections; class=covered+untested; owning=—; routing=P21.5; adrs=ADR-067,,,,F2,,
U-0246,requirement,SIG-STORE-013,`sys_period`'s lower bound MUST be database-assigned and immutable; its upper bound MUST be set only when SIG corrects its own record. *(REQ-R6-08.)*,PARTIAL,PARTIAL,,docs/build/COVERAGE_MATRIX.csv:548; docs/2_canonical_design_spec.md:2861; level=MUST; §16.3 Append-only enforcement; class=covered+untested; owning=—; routing=P20.1:backlog,,,,F2,,
U-0247,requirement,SIG-STORE-033,Authoritative external small-cell thresholds could not be verified from a primary US federal source during research (R6-F46). The k = 5 threshold above is therefore adopted as SIG's own documented po…,N/A-RATIONALE,N/A-RATIONALE,,docs/build/COVERAGE_MATRIX.csv:568; docs/2_canonical_design_spec.md:3239; level=RATIONALE; §18.4 Disclosure control; class=rationale-only; owning=—; routing=—; adrs=ADR-044,,,,F2,,
U-0248,requirement,SIG-STORE-037,"Vocabulary changes MUST ship with crosswalk rows using SKOS mapping relations (`exactMatch`, `closeMatch`, `broadMatch`, `narrowMatch`, `relatedMatch`) and an explicit `lossy` flag. Queries traversin…",PARTIAL,PARTIAL,,docs/build/COVERAGE_MATRIX.csv:572; docs/2_canonical_design_spec.md:3369; level=MUST; §20.2 Published vocabularies; class=covered+untested; owning=P01.1; routing=P20.1:backlog,,,,F2,,
U-0249,requirement,SIG-STORE-044,Wikidata QIDs SHOULD be treated as a first-class crosswalk identifier rather than an optional one. Measurement justifies this: `manufacturer:wikidata` is present on 83.4% of the world's mapped ALPRs…,PARTIAL,PARTIAL,,docs/build/COVERAGE_MATRIX.csv:579; docs/2_canonical_design_spec.md:3407; level=MUST; §20.5 Outward identifiers; class=covered+untested; owning=—; routing=P20.1:backlog,,,,F2,,
U-0250,requirement,SIG-STORE-045,"This DDL is the specification; the shipped DDL is generated from the LinkML ontology (§20.1). Where the two differ, the generated artifact is authoritative and the divergence is a Phase-1 defect to b…",PARTIAL,PARTIAL,,docs/build/COVERAGE_MATRIX.csv:580; docs/2_canonical_design_spec.md:8389; level=MUST; §Appendix C — Consolidated DDL for the domain entities; class=deferred(RISK); owning=—; routing=P20.1:backlog,,,,F2,,BL-049 RISK-P2-04
U-0251,requirement,SIG-TIME-003,"T1 (valid time) MUST NOT be populated by inference at ingestion. A portal's ""25 cameras"" claim has `observed_at = 2026-08-01` and `valid_from`/`valid_to` NULL with `valid_from_kind = 'unknown'`. Conv…",MET-DIFFERENTLY,MET-DIFFERENTLY,,docs/build/COVERAGE_MATRIX.csv:605; docs/2_canonical_design_spec.md:918; level=MUST; §9.2 The five temporal dimensions; class=process/governance; owning=—; routing=accepted,,,,F2,,
U-0252,requirement,SIG-TRUST-009,"A new public release requires a complete release candidate, change/withholding summary, verified source and publication authority, evaluation disclosure, tested intake operating ownership, and the ex…",MET(reduced-scope?),MET,,docs/build/COVERAGE_MATRIX.csv:688; docs/2_canonical_design_spec.md:7375; level=MUST; §55.8; class=covered+tested; owning=P32.25; routing=P32.25; adrs=ADR-120;ADR-144,,,,F2,,ADR-145 BL-058 D-P32.16-1 D-P32.23a-1 D-R10-LIVE-1 D-R10-PUBLISH-1
U-0253,requirement,SIG-TRUST-010,"After the final evaluation decision, materialize the selected or safely demoted rules against the frozen approved inputs and regenerate all affected graph, dossier, record, index, tile and analytics…",MET(reduced-scope?),MET,,docs/build/COVERAGE_MATRIX.csv:714; docs/2_canonical_design_spec.md:7379; level=MUST; §55.8; class=covered+tested; owning=P32.23a; routing=P32.23a; adrs=ADR-120;ADR-142,,,,F2,,ADR-145 BL-058 D-P32.23a-1 D-R10-LIVE-1 D-R10-PUBLISH-1
U-0254,requirement,SIG-UI-001,The surfaces MUST be designed against named personas with real tasks:,PARTIAL,PARTIAL,,docs/build/COVERAGE_MATRIX.csv:619; docs/2_canonical_design_spec.md:5715; level=MUST; §39.0 Users; class=process/governance; owning=P21.7; routing=P21.7; adrs=ADR-069,,,,F2,,
U-0255,requirement,SIG-UI-010,"The dossier is the primary public artifact. Sections, in order: at-a-glance; what is deployed; cost and expiry; who else can see the data; configuration and retention; usage; where the hardware is; p…",AT-RISK-INTEGRATION,AT-RISK-INTEGRATION,,docs/build/COVERAGE_MATRIX.csv:628; docs/2_canonical_design_spec.md:5768; level=MUST; §39.2 The local dossier; class=covered+tested; owning=P06.1;P15.2; routing=P21.4; adrs=ADR-032;ADR-050,,,,F2,,
U-0256,requirement,SIG-UI-038,"Maps MUST use an open-source renderer with self-hosted vector tiles (§19.5). Third-party tile CDNs MUST NOT be a hard dependency, and basemap attribution MUST be correct in every context (SIG-GEO-013…",MET-DIFFERENTLY,MET-DIFFERENTLY,,docs/build/COVERAGE_MATRIX.csv:661; docs/2_canonical_design_spec.md:5950; level=MUST; §40. Implementation stack and design system; class=deviated(ADR); owning=P15.3; routing=P20.2:spec; adrs=ADR-051,,,,F2,,ADR-049 BL-010
U-0257,requirement,SIG-UI-040,"Search SHOULD start with Postgres full-text search and add a dedicated engine only on demonstrated need, checking licensing at that time.",PARTIAL,PARTIAL,,docs/build/COVERAGE_MATRIX.csv:663; docs/2_canonical_design_spec.md:5987; level=SHOULD; §40. Implementation stack and design system; class=covered+untested; owning=—; routing=P20.1:backlog; adrs=ADR-049,,,,F2,,
U-0258,requirement,SIG-UI-047,An interactive client-side map renderer (MapLibre GL over the self-hosted static PMTiles + `/map/style.json` contract of SIG-UI-038/SIG-GEO-012) MAY be shipped as a progressive-enhancement island lay…,MET-DIFFERENTLY,MET-DIFFERENTLY,,docs/build/COVERAGE_MATRIX.csv:670; docs/2_canonical_design_spec.md:5959; level=MAY; §40. Implementation stack and design system; class=deviated(ADR); owning=P20.2; routing=P20.2:spec; adrs=ADR-051;ADR-067;ADR-091;ADR-097,,,,F2,,BL-010 BL-051 D-P27-SPEC-1 RISK-P20-02
U-0259,backlog,BL-001,Human-judgement gates satisfied by tested deterministic gate,accepted,accepted,,docs/build/BACKLOG.csv:1; type=process; package=policy; landing=accepted; gate=—; size=S,,,,F3,,RISK-P0-05 RISK-P0-06 RISK-P5-06
U-0260,backlog,BL-002,"Foundational tech-stack/tooling ADRs — decision stands, monitor revisit trigger",accepted,accepted,,docs/build/BACKLOG.csv:3; type=process; package=docs; landing=accepted; gate=—; size=S,,,,F3,,ADR-001 ADR-002 ADR-003 ADR-004 ADR-005 ADR-006 ADR-007 ADR-008 ADR-009 ADR-010 ADR-011 ADR-012 ADR-013 ADR-014 ADR-016 ADR-017 ADR-019 ADR-020 ADR-021 ADR-023 ADR-024 ADR-025 ADR-029 ADR-044 ADR-045 ADR-058 ADR-073
U-0261,backlog,BL-003,claim table partitioning (deferred; FK contract kept),open,open,,docs/build/BACKLOG.csv:4; type=schema-refinement; package=db; landing=P25+; gate=—; size=L,,,,F3,,ADR-022
U-0262,backlog,BL-006,Persist identity registries and mint surrogate entity_id end-to-end into PG,open,open,,docs/build/BACKLOG.csv:7; type=deferred-feature; package=resolution; landing=P25+; gate=—; size=M,,,,F3,,RISK-P3-03
U-0263,backlog,BL-008,Project bulk exports / licence compartments from a live ReadStore,open,open,,docs/build/BACKLOG.csv:9; type=deferred-feature; package=exports; landing=P21.4; gate=—; size=M,,,,F3,,RISK-P14-08 RISK-P14-18
U-0264,backlog,BL-010,"Interactive MapLibre map vs zero-JS static PMTiles (spec amendment A1 — APPLIED HG-13 2026-09-08; zero-JS map conforming, SIG-UI-047 MET-DIFFERENTLY signed)",accepted,accepted,,docs/build/BACKLOG.csv:11; type=docs-drift; package=web; landing=accepted; gate=—; size=M,,,,F3,,ADR-018 ADR-051 RISK-P15-21 RISK-P20-02 SIG-UI-038 SIG-UI-047
U-0265,backlog,BL-023,Live HTTP transports + OCFL CaptureStore for the connector family — transports/capture/runner + OKC doc connectors LANDED (P21.3 + LIVE.1 re-run + P23.5); the real live fetch stays gate-pending HG-09…,open,open,,docs/build/BACKLOG.csv:24; type=deferred-feature; package=connectors; landing=P21.3; gate=HG-03; size=L,,,,F3,,ADR-026 ADR-027 ADR-028 ADR-034 ADR-035 ADR-042 ADR-043 ADR-065 ADR-074 ADR-076 D-LIVE.1a-1 D-P21.3-1 RISK-P4-04 RISK-P4-05 RISK-P4-06 RISK-P4-10 RISK-P7-15
U-0266,backlog,BL-024,Live token mint + real FETCH (MuckRock/records/procurement/flock/slice),open,open,,docs/build/BACKLOG.csv:25; type=deferred-feature; package=connectors; landing=P21.3; gate=HG-09; size=M,,,,F3,,ADR-065 D-P21.3-2 D-SOURCES.2-1 RISK-P6-06 RISK-P7-10 RISK-P7-16 RISK-P11-05 RISK-P11-15 RISK-P13-07
U-0267,backlog,BL-025,"Concrete extraction engines (parser layers 3-5, OCR) + model client — pdf_text/pdf_table/genre layers LANDED (P21.9 + P23.5 + P24.7); OCR + model client remain unscheduled",open,open,,docs/build/BACKLOG.csv:26; type=deferred-feature; package=parsing; landing=P25+; gate=—; size=L,,,,F3,,ADR-033 RISK-P5-10 RISK-P7-05 RISK-P7-06 RISK-P7-11 RISK-P7-17
U-0268,backlog,BL-026,Live-connector WACZ per PR + byte-identical reproducibility test (SIG-EVID-017),open,open,,docs/build/BACKLOG.csv:27; type=deferred-feature; package=evidence; landing=P25+; gate=—; size=M,,,,F3,,ADR-065 RISK-P2-09 RISK-P2-10 RISK-P11-07
U-0269,backlog,BL-028,Records-request filing/response backend (template outcome log fed live),open,open,,docs/build/BACKLOG.csv:29; type=deferred-feature; package=tasks; landing=P25+; gate=—; size=M,,,,F3,,ADR-041 D-META.1-2 D-R7.2-SEND RISK-P10-17 RISK-P10-18
U-0270,backlog,BL-029,Zenodo live deposit + object store (rendered tiles + dry-run/push-stub DELIVERED P21.5 ADR-067; LIVE deposit+store gate-pending HG-07),open,open,,docs/build/BACKLOG.csv:30; type=external-dep; package=exports; landing=P21.5; gate=HG-07; size=L,,,,F3,,ADR-015 ADR-048 ADR-067 D-P21.5-1 RISK-P14-16 RISK-P14-17
U-0271,backlog,BL-031,API rate-limit enforcement + GraphQL (deferred SHOULDs),open,open,,docs/build/BACKLOG.csv:32; type=deferred-feature; package=api; landing=P25+; gate=—; size=S,,,,F3,,RISK-P14-09 RISK-P14-10
U-0272,backlog,BL-034,Legal home + counsel launch prerequisites,open,open,,docs/build/BACKLOG.csv:35; type=rights/legal; package=docs; landing=human-gate:HG-01; gate=HG-01; size=M,,,,F3,,D-P21.4-1 D-P21.4-3
U-0273,backlog,BL-035,Counsel disposition: ODbL 4.4(b) derivative / know-your-rights guidance,open,open,,docs/build/BACKLOG.csv:36; type=rights/legal; package=docs; landing=human-gate:HG-02; gate=HG-02; size=M,,,,F3,,RISK-P0-11 RISK-P16-16
U-0274,backlog,BL-036,"Operating governance: board, Code of Conduct, funding policy",open,open,,docs/build/BACKLOG.csv:37; type=operational-prereq; package=docs; landing=human-gate:HG-11; gate=HG-11; size=M,,,,F3,,D-P21.4-2 D-P21.4-3 RISK-P0-10
U-0275,backlog,BL-037,"Infra accounts + host: Zenodo concept DOI, object store, Docker CI runner (HG-07) + real GCP host/apply/deploy + OBS.1 live-side verification (HG-12; homes D-ACCT.1-1, D-DEPLOY.1-1, D-OBS.1-1)",open,open,,docs/build/BACKLOG.csv:38; type=external-dep; package=ops; landing=human-gate:HG-07; gate=HG-07 HG-12; size=S,,,,F3,,ADR-075 ADR-077 ADR-081 D-ACCT.1-1 D-DEPLOY.1-1 D-OBS.1-1
U-0276,backlog,BL-038,OSM/MapRoulette accounts + Organised-Editing activity registration (client+gate landed P21.7/ADR-069; registration itself gate-pending HG-08),open,open,,docs/build/BACKLOG.csv:39; type=external-dep; package=tasks; landing=human-gate:HG-08; gate=HG-08; size=S,,,,F3,,RISK-P16-13
U-0277,backlog,BL-039,MapRoulette client + OSM changeset feed + §7 leverage metric page LANDED (P21.7/ADR-069; dry-run+fixtures tested); live push/pull gate-pending HG-08,open,open,,docs/build/BACKLOG.csv:40; type=deferred-feature; package=tasks; landing=P21.7; gate=HG-08; size=L,,,,F3,,ADR-055 ADR-069 D-P21.7-1 RISK-P16-14 RISK-P16-15 RISK-P18-14
U-0278,backlog,BL-040,Moderated usability study (>=5 ontology-naive contributors); protocol + opt-in aggregate-only instrumentation LANDED (P21.7/ADR-069); study gate-pending HG-10,open,open,,docs/build/BACKLOG.csv:41; type=operational-prereq; package=docs; landing=P21.7; gate=HG-10; size=M,,,,F3,,RISK-P16-06
U-0279,backlog,BL-041,Contributor onboarding: jurisdiction-aware know-your-rights shown (out of scope P21.7 — separate follow-up),open,open,,docs/build/BACKLOG.csv:42; type=deferred-feature; package=web; landing=P25+; gate=—; size=S,,,,F3,,RISK-P16-08
U-0280,backlog,BL-042,Data Driven + coarse-international + France/Belgium live connectors,open,open,,docs/build/BACKLOG.csv:43; type=deferred-feature; package=connectors; landing=P21.8; gate=HG-03; size=L,,,,F3,,ADR-056 ADR-057 ADR-070 D-JURIS.2-1 D-P21.8-1 RISK-P18-04 RISK-P18-05 RISK-P18-06 RISK-P18-13 SIG-INGEST-044
U-0281,backlog,BL-044,"Data completeness as connectors land (crosswalks, vocab, gold sets, category maps)",open,open,,docs/build/BACKLOG.csv:45; type=deferred-feature; package=connectors; landing=P21.3; gate=—; size=M,,,,F3,,RISK-P1-02 RISK-P3-02 RISK-P3-07 RISK-P3-09 RISK-P4-09 RISK-P5-05 RISK-P5-11
U-0282,backlog,BL-045,"Ruleset calibration once real data exists (volatility, directness matrix, Atlas supersession)",open,open,,docs/build/BACKLOG.csv:46; type=schema-refinement; package=reconcile; landing=P25+; gate=—; size=M,,,,F3,,D-META.1-1 RISK-P1-03 RISK-P1-04 RISK-P4-08
U-0283,backlog,BL-046,Dereferenceable /id/<type>/<uuid> endpoint + ODbL physical_asset table (§42.3),open,open,,docs/build/BACKLOG.csv:47; type=deferred-feature; package=api; landing=P21.4; gate=—; size=M,,,,F3,,RISK-P3-08 RISK-P4-07
U-0284,backlog,BL-047,Schema cleanup: legacy succession slots vs reified OrganizationRelationship,open,open,,docs/build/BACKLOG.csv:48; type=schema-refinement; package=db; landing=P25+; gate=—; size=S,,,,F3,,RISK-P3-04
U-0285,backlog,BL-048,"Determinism / whole-graph audit CI jobs (resolution rebuild, TI-6/7 audit)",open,open,,docs/build/BACKLOG.csv:49; type=process; package=reconcile; landing=P25+; gate=—; size=M,,,,F3,,ADR-078 RISK-P2-03 RISK-P2-15
U-0286,backlog,BL-049,"Generate physical DDL from LinkML (ontology/db seam, SIG-STORE-045)",open,open,,docs/build/BACKLOG.csv:50; type=schema-refinement; package=db; landing=P25+; gate=—; size=L,,,,F3,,RISK-P2-04 SIG-STORE-045
U-0287,backlog,BL-050,Recorded ADR-sanctioned spec deviations — no further action,accepted,accepted,,docs/build/BACKLOG.csv:51; type=process; package=docs; landing=accepted; gate=—; size=S,,,,F3,,
U-0288,backlog,BL-051,Spec-vs-code drift after the P20.2 ticked amendments (unbuilt MAY/deferred surfaces),open,open,,docs/build/BACKLOG.csv:52; type=docs-drift; package=docs; landing=P25+; gate=—; size=S,,,,F3,,ADR-062 RISK-P20-02 SIG-UI-047
U-0289,backlog,BL-053,Third-jurisdiction onboarding + recorded P24.6 couplings (operator selects the jurisdiction; ILIKE '%<j>%' filter is a convention not a structure; §11.14 predicates out-of-ruleset; empty-tile step fo…,open,open,,docs/build/BACKLOG.csv:54; type=process; package=connectors ops exports; landing=P25+; gate=—; size=M,,,,F3,,ADR-079 ADR-084
U-0290,backlog,BL-054,CCOPS expansion beyond the three paying sources — remaining ~23 jurisdictions via legislative-platform scrapers (Legistar/Granicus/IQM2/CivicClerk); new extractor kinds per ADR-080 (revisit trigger b…,open,open,,docs/build/BACKLOG.csv:55; type=deferred-feature; package=connectors; landing=P25+; gate=HG-03; size=L,,,,F3,,ADR-080 D-CCOPS.1-1
U-0291,backlog,BL-055,Live-fetch operationalization: Overpass robots/endpoint policy decision + document-connector content-drift hardening; wire real data/live_targets.toml rows + run real fetches into the hosted spine (P…,open,open,,docs/build/BACKLOG.csv:56; type=external-dep; package=connectors; landing=P25.1; gate=HG-03; size=L,,,,F3,,ADR-082 ADR-083 ADR-085 ADR-086 ADR-087 ADR-088 ADR-089 D-FEDERAL.1-1 D-LIVE.1a-1 D-P21.3-1 D-SOURCES.2-3 D-SOURCES.2-4 D-SOURCES.7-1 D-SOURCES.7-2 D-SOURCES.7-3 D-SOURCES.8-1 D-SOURCES.8-2 D-SOURCES.9-1 D-SOURCES.9-2 D-SOURCES.9-3 D-SOURCES.9-4 D-SOURCES.10-1 D-SOURCES.12-1 D-SOURCES.17-1
U-0292,backlog,BL-056,"P27 public-launch readiness: turn the fixture-demo web into a data-driven national public surface over the real ~1.06M-claim spine — ADR-090 (national surface from a spine-built export), ADR-091 (sta…",open,open,,docs/build/BACKLOG.csv:57; type=deferred-feature; package=web; landing=P27+; gate=HG-01;HG-11;HG-02;HG-03; size=L,,,,F3,,ADR-090 ADR-091 ADR-092 ADR-093 ADR-094 ADR-095 ADR-096 ADR-097 ADR-098 ADR-106 ADR-109 ADR-117 ADR-118 D-P27-SPEC-1 D-P27.1-1 D-P27.5-1 D-P27.10-1 D-P30.3-1 D-P30.3-2 D-P30.3-3 D-P30.3-COUNSEL
U-0293,backlog,BL-057,Round 6/7 depth & activation: activate the built-but-dormant depth machinery on the real ~1.06M-claim spine (Round 6) + turn on the human and accountability loops (Round 7) — ADR-099 (materialize ent…,open,open,,docs/build/BACKLOG.csv:58; type=deferred-feature; package=resolution; landing=P28+; gate=HG-11;HG-08;HG-10;HG-03; size=L,,,,F3,,ADR-099 ADR-100 ADR-101 ADR-102 ADR-103 ADR-104 ADR-105 ADR-107 ADR-108 ADR-110 ADR-111 ADR-112 ADR-113 ADR-114 ADR-115 ADR-116 ADR-119 D-P30.1-1 D-P30.1-2 D-P30.2-1 D-P30.2-2 D-P30.2-3 D-P30.2a-1 D-P30.2a-2 D-P30.2b-1 D-P30.2b-2 D-P30.2b-3 D-P30.4-1 D-P30.4-2 D-P30.4-3 D-P30.4-4 D-P31.1-1 D-P31.1-2 D-P31.1-3 D-P31.3-1 D-P31.4-1 D-P31.5-1 D-P31.5-2 D-R6.1-EVAL D-R6.2-EDGES D-R6.3-CONTRADICTIONS D-R6.4-COVERAGE D-R6.6-ACCOUNTABILITY D-R7.1-AUTH D-R7.2-DETECTORS D-R7.2-SEND D-R7.3-BREADTH
U-0294,backlog,BL-058,Round 10: six-stream integrity and useful investigation program; actual source/human/publication outcomes remain gated; ADR-121 (P32.2 S1: the sig.assertion/1 typed envelope + sig.assertion.map.v1 wi…,open,open,,docs/build/BACKLOG.csv:59; type=deferred-feature; package=cross-package; landing=P32+; gate=HG-03;HG-11;HG-14; size=L,,,,F3,,ADR-120 ADR-121 ADR-122 ADR-123 ADR-124 ADR-125 ADR-126 ADR-127 ADR-128 ADR-129 ADR-130 ADR-131 ADR-132 ADR-133 ADR-134 ADR-135 ADR-136 ADR-137 ADR-138 ADR-139 ADR-140 ADR-141 ADR-142 ADR-143 ADR-144 ADR-145 D-P30.2b-1 D-P30.2b-2 D-P31.1-3 D-P31.5-2 D-P32.3-1 D-P32.10a-1 D-P32.16-1 D-P32.16a-1 D-P32.18-1 D-P32.19-1 D-P32.20-1 D-P32.21-1 D-P32.23a-1 D-R6.1-EVAL D-R10-HUMAN-1 D-R10-LIVE-1 D-R10-MEMORY-1 D-R10-PUBLISH-1 D-R10-SOURCES-1 D-R10-USERS-1 HUMAN-H4 MANIFEST-184 MANIFEST-187 SIG-ACQ-004 SIG-DOS-002 SIG-DOS-003 SIG-DOS-004 SIG-DOS-005 SIG-EVAL-001 SIG-EVAL-002 SIG-EVAL-005 SIG-EVAL-006 SIG-EVAL-007 SIG-FIND-006 SIG-TRUST-009 SIG-TRUST-010
U-0295,risk,RISK-P0-05,SIG-PUB-008 two-reviewer *concurrence itself* (the human judgement),routed→BL-001,accepted,,docs/risk_register.md:24; routed to BL-001 (BACKLOG status accepted),,,,F3,,BL-001
U-0296,risk,RISK-P0-06,SIG-INGEST-037 no-circumvention as a *legal posture*,routed→BL-001,accepted,,docs/risk_register.md:25; routed to BL-001 (BACKLOG status accepted),,,,F3,,BL-001
U-0297,risk,RISK-P0-10,"SIG-GOV-014/015/016 governance, Code of Conduct, editorial board, and funding policy",routed→BL-036,open,,docs/risk_register.md:26; routed to BL-036 (BACKLOG status open),,,,F3,,BL-036 SIG-GOV-015 SIG-GOV-016
U-0298,risk,RISK-P0-11,SIG-CONTRIB-007/008 know-your-rights guidance and the detained-contributor policy,routed→BL-035,open,,docs/risk_register.md:27; routed to BL-035 (BACKLOG status open),,,,F3,,BL-035
U-0299,risk,RISK-P1-02,SIG-STORE-039 (published crosswalks to *every* external taxonomy SIG ingests),routed→BL-044,open,,docs/risk_register.md:73; routed to BL-044 (BACKLOG status open),,,,F3,,BL-044
U-0300,risk,RISK-P1-03,SIG-EPIS-017 (the full genre × predicate directness matrix),routed→BL-045,open,,docs/risk_register.md:74; routed to BL-045 (BACKLOG status open),,,,F3,,BL-045
U-0301,risk,RISK-P1-04,SIG-RECON-009 (volatility half-lives recalibrated once change-rate data exists),routed→BL-045,open,,docs/risk_register.md:75; routed to BL-045 (BACKLOG status open),,,,F3,,BL-045
U-0302,risk,RISK-P2-03,SIG-STORE-018 (a CI job regenerates a sample of resolution rows from their stored inputs and asserts they match),routed→BL-048,open,,docs/risk_register.md:95; routed to BL-048 (BACKLOG status open),,,,F3,,BL-048
U-0303,risk,RISK-P2-04,SIG-STORE-045 (shipped DDL generated from the LinkML ontology),routed→BL-049,open,,docs/risk_register.md:96; routed to BL-049 (BACKLOG status open),,,,F3,,BL-049 SIG-STORE-045
U-0304,risk,RISK-P2-09,SIG-EVID-007/008 (live WACZ capture of a JS-rendered portal with a real browser),routed→BL-026,open,,docs/risk_register.md:118; routed to BL-026 (BACKLOG status open),,,,F3,,BL-026
U-0305,risk,RISK-P2-10,SIG-EVID-017 (a CI test asserts re-running a pinned connector over pinned digests yields byte-identical claim tuples modulo `claim_id`/`sys_period`),routed→BL-026,open,,docs/risk_register.md:119; routed to BL-026 (BACKLOG status open),,,,F3,,BL-026
U-0306,risk,RISK-P2-15,TI-6 (mutually-exclusive resolved intervals) and TI-7 (supersedes-chain acyclicity) as whole-graph guarantees,routed→BL-048,open,,docs/risk_register.md:141; routed to BL-048 (BACKLOG status open),,,,F3,,BL-048
U-0307,risk,RISK-P3-02,SIG-IDENT-010 (the two classification axes) draws `operating_relationship` from a vocabulary,routed→BL-044,open,,docs/risk_register.md:166; routed to BL-044 (BACKLOG status open),,,,F3,,BL-044
U-0308,risk,RISK-P3-03,Persisting registries and minting surrogate `entity_id`s end-to-end into Postgres,routed→BL-006,open,,docs/risk_register.md:167; routed to BL-006 (BACKLOG status open),,,,F3,,BL-006
U-0309,risk,RISK-P3-04,The legacy `Organization.succession` / `SuccessionKind` slots (P01.1) coexist with the reified `OrganizationRelation`,routed→BL-047,open,,docs/risk_register.md:168; routed to BL-047 (BACKLOG status open),,,,F3,,BL-047
U-0310,risk,RISK-P3-07,SIG-IDENT-002 UCR↔USPS table and the SIG-IDENT-033/034 crosswalk *content*,routed→BL-044,open,,docs/risk_register.md:189; routed to BL-044 (BACKLOG status open),,,,F3,,BL-044
U-0311,risk,RISK-P3-08,SIG-IDENT-031 dereferenceable `/id/<type>/<uuid>` HTTP endpoint + rendered HTML/JSON-LD/RDF representations,routed→BL-046,open,,docs/risk_register.md:190; routed to BL-046 (BACKLOG status open),,,,F3,,BL-046
U-0312,risk,RISK-P3-09,"The Tier-2 collision list and the acronym/normalise ruleset are seed data, not the full data-generated corpus",routed→BL-044,open,,docs/risk_register.md:191; routed to BL-044 (BACKLOG status open),,,,F3,,BL-044
U-0313,risk,RISK-P4-04,"The real OCFL-backed `CaptureStore` adapter over `evidence.store.EvidenceStore` (SIG-INGEST-001, §17)",routed→BL-023,open,,docs/risk_register.md:215; routed to BL-023 (BACKLOG status open),,,,F3,,BL-023
U-0314,risk,RISK-P4-05,Source-specific `discover/fetch/parse/extract/normalize` and a real HTTP `Transport` for `PoliteFetcher` (SIG-INGEST-006/007),routed→BL-023,open,,docs/risk_register.md:216; routed to BL-023 (BACKLOG status open),,,,F3,,BL-023 SIG-INGEST-006 SIG-INGEST-007
U-0315,risk,RISK-P4-06,"Live Overpass fetching: a real HTTP `Transport` for `PoliteFetcher`, the OCFL `CaptureStore` adapter (carried from RISK-P4-04/05), and shared-layer handling of Overpass 429 → back off / poll `/api/st…",routed→BL-023,open,,docs/risk_register.md:235; routed to BL-023 (BACKLOG status open),,,,F3,,BL-023 SIG-INGEST-006
U-0316,risk,RISK-P4-07,A physically separate ODbL `physical_asset` table in the DB per §42.3. The Appendix-C `physical_asset` table carries the OSM columns inline and is not itself compartment-split.,routed→BL-046,open,,docs/risk_register.md:236; routed to BL-046 (BACKLOG status open),,,,F3,,BL-046
U-0317,risk,RISK-P4-08,"Resolver-side supersession / temporal qualification of an Atlas row by later evidence (§23.3, OL-2D-AT-06). The connector does not itself decide when a later claim supersedes an Atlas row.",routed→BL-045,open,,docs/risk_register.md:257; routed to BL-045 (BACKLOG status open),,,,F3,,BL-045
U-0318,risk,RISK-P4-09,"An exhaustive Atlas category → family map. Only the five crosswalk-seeded families (ALPR, face recognition, gunshot detection, UAS, camera-federation hub) are mapped; the real Atlas taxonomy carries…",routed→BL-044,open,,docs/risk_register.md:258; routed to BL-044 (BACKLOG status open),,,,F3,,BL-044
U-0319,risk,RISK-P4-10,Live Atlas fetching: a real HTTP `Transport` for `PoliteFetcher` and the OCFL `CaptureStore` adapter (carried from RISK-P4-04/05/06).,routed→BL-023,open,,docs/risk_register.md:259; routed to BL-023 (BACKLOG status open),,,,F3,,BL-023
U-0320,risk,RISK-P5-05,"The gold set's model m/u values are seeded by judgement, not EM-estimated, and the committed gold set is a small illustrative one, not the national stratified sample.",routed→BL-044,open,,docs/risk_register.md:290; routed to BL-044 (BACKLOG status open),,,,F3,,BL-044
U-0321,risk,RISK-P5-06,The adjudicators' human judgement itself (the correctness of a `match` / `non_match` / `not_enough_information` label) and inter-adjudicator agreement in the wild.,routed→BL-001,accepted,,docs/risk_register.md:291; routed to BL-001 (BACKLOG status accepted),,,,F3,,BL-001
U-0322,risk,RISK-P5-10,The actual model client for model-assisted extraction (`SIG-LLM-001`). No vendor SDK or network call is wired; `run_extraction` drives an injected `ModelClient` protocol.,routed→BL-025,open,,docs/risk_register.md:319; routed to BL-025 (BACKLOG status open),,,,F3,,BL-025
U-0323,risk,RISK-P5-11,"The gold-set accuracy cadence for SIG-LLM-006 uses seeded per-type thresholds and an on-demand `measure_accuracy`, not a scheduled measurement against a national gold set.",routed→BL-044,open,,docs/risk_register.md:320; routed to BL-044 (BACKLOG status open),,,,F3,,BL-044
U-0324,risk,RISK-P6-06,"Live acquisition of the slice's evidence. The records/procurement/parsing connectors (P07) and the portal layer (P11) do not exist yet, so the slice's evidence is committed fixtures faithfully transc…",routed→BL-024,open,,docs/risk_register.md:358; routed to BL-024 (BACKLOG status open),,,,F3,,BL-024
U-0325,risk,RISK-P7-05,"The concrete extraction engines for layers 3–5 (PDF text/table, OCR). Only the layer *selection* and interface are built; classification routes to a layer, it does not run one. Owner: P07.2/P07.3 (AD…",routed→BL-025,open,,docs/risk_register.md:392; routed to BL-025 (BACKLOG status open),,,,F3,,BL-025
U-0326,risk,RISK-P7-06,The nightly canary schedule (SIG-PARSE-008 MUST). The deterministic drift core exists; the scheduled fetch-a-live-sample-and-alert job does not. Owner: the `orchestration/` layer / live-run wiring —…,routed→BL-025,open,,docs/risk_register.md:393; routed to BL-025 (BACKLOG status open),,,,F3,,BL-025 SIG-GOV-021
U-0327,risk,RISK-P7-10,The live MuckRock token mint (POST username/password to `accounts.muckrock.com/api/token/`) and the real HTTP transport the connector fetches through. Only the TTL / refresh-on-401 cache logic and th…,routed→BL-024,open,,docs/risk_register.md:423; routed to BL-024 (BACKLOG status open),,,,F3,,BL-024
U-0328,risk,RISK-P7-11,"Running the layer-3/4/5 extraction engine over a captured released document (PDF text/table, OCR). P07.2 captures each released document as an `EvidenceArtifact` and classifies it (routing it to a la…",routed→BL-025,open,,docs/risk_register.md:424; routed to BL-025 (BACKLOG status open),,,,F3,,BL-025
U-0329,risk,RISK-P7-15,"The live HTTP transport for USAspending / cooperative-vehicle / agenda-platform APIs the connector fetches through. Only the endpoint/field facts (`procurement_vocab.toml`, `agenda_tenants.toml`) and…",routed→BL-023,open,,docs/risk_register.md:456; routed to BL-023 (BACKLOG status open),,,,F3,,BL-023
U-0330,risk,RISK-P7-16,"The tenant registry is a small, partly-unverified seed, and the tenant-discovery negatives are produced but not yet consumed by a coverage surface. Owner: ongoing records/discovery research; P09.1 fo…",routed→BL-024,open,,docs/risk_register.md:457; routed to BL-024 (BACKLOG status open),,,,F3,,BL-024
U-0331,risk,RISK-P7-17,"Running the layer-3/4/5 extraction engine over a captured procurement document (a signed PDF contract, an award-packet ZIP). The connector captures each document as an `EvidenceArtifact` with its `ar…",routed→BL-025,open,,docs/risk_register.md:458; routed to BL-025 (BACKLOG status open),,,,F3,,BL-025
U-0332,risk,RISK-P10-17,"The per-jurisdiction operational-detail fields (`response_deadline`, `fee_rules`, `appeal_path`) are honest seed summaries, not counsel-reviewed legal advice",routed→BL-028,open,,docs/risk_register.md:641; routed to BL-028 (BACKLOG status open),,,,F3,,BL-028
U-0333,risk,RISK-P10-18,"Template success rates are measured through an in-memory `TemplateOutcomeLog` fed by the caller, not by a live filing/response backend (SIG-TASK-017)",routed→BL-028,open,,docs/risk_register.md:642; routed to BL-028 (BACKLOG status open),,,,F3,,BL-028
U-0334,risk,RISK-P11-05,The connector is not DB-wired and runs no live `/api/v1/data` fetch in CI; cross-capture snapshot diffing (§29.7) and portal appearance/disappearance detection (SIG-INGEST-035) are module functions i…,routed→BL-024,open,,docs/risk_register.md:665; routed to BL-024 (BACKLOG status open),,,,F3,,BL-024
U-0335,risk,RISK-P11-07,"`upstream_refresh_days` is a conservative data default (1 day), not the confirmed upstream cadence (SIG-INGEST-030a)",routed→BL-026,open,,docs/risk_register.md:667; routed to BL-026 (BACKLOG status open),,,,F3,,BL-026
U-0336,risk,RISK-P11-15,The connector is not DB-wired and runs no live public-records fetch in CI; cross-export de-duplication across many captures is bounded to within-run window blocks,routed→BL-024,open,,docs/risk_register.md:692; routed to BL-024 (BACKLOG status open),,,,F3,,BL-024
U-0337,risk,RISK-P13-07,The connector is not DB-wired and runs no live Accountability Atlas / CourtListener fetch in CI,routed→BL-024,open,,docs/risk_register.md:795; routed to BL-024 (BACKLOG status open),,,,F3,,BL-024
U-0338,risk,RISK-P14-08,"Bulk exports, export-licence computation, the ODbL split, crosswalk export, and Zenodo deposit are out of scope",routed→BL-008,open,,docs/risk_register.md:829; routed to BL-008 (BACKLOG status open),,,,F3,,BL-008
U-0339,risk,RISK-P14-09,"Rate limiting is expressed as tier metadata, not enforced in-process",routed→BL-031,open,,docs/risk_register.md:830; routed to BL-031 (BACKLOG status open),,,,F3,,BL-031
U-0340,risk,RISK-P14-10,"GraphQL (SIG-API-010, a SHOULD) is not offered",routed→BL-031,open,,docs/risk_register.md:831; routed to BL-031 (BACKLOG status open),,,,F3,,BL-031
U-0341,risk,RISK-P14-16,"The Zenodo deposit runs against a deterministic `FakeZenodoTransport`, not the live Zenodo HTTP API",routed→BL-029,open,,docs/risk_register.md:860; routed to BL-029 (BACKLOG status open),,,,F3,,BL-029
U-0342,risk,RISK-P14-17,The PMTiles tileset is metadata-only (no rendered vector tiles),routed→BL-029,open,,docs/risk_register.md:861; routed to BL-029 (BACKLOG status open),,,,F3,,BL-029
U-0343,risk,RISK-P14-18,"Export inputs (`ExportTable`s) are supplied by the caller/CLI, not yet projected from a live `ReadStore`",routed→BL-008,open,,docs/risk_register.md:862; routed to BL-008 (BACKLOG status open),,,,F3,,BL-008
U-0344,risk,RISK-P15-21,"No interactive MapLibre map ships; the served `/map/style.json` is not yet loaded by a running renderer, and the real `sig-infrastructure.pmtiles` / basemap archives do not exist yet",routed→BL-010,accepted,,docs/risk_register.md:947; routed to BL-010 (BACKLOG status accepted),,,,F3,,BL-010
U-0345,risk,RISK-P16-06,SIG-CONTRIB-003 the moderated usability study is run with real ontology-naïve humans,routed→BL-040,open,,docs/risk_register.md:1015; routed to BL-040 (BACKLOG status open),,,,F3,,BL-040
U-0346,risk,RISK-P16-08,SIG-CONTRIB-007/008 jurisdiction-aware know-your-rights + detained-contributor guidance shown during onboarding,routed→BL-041,open,,docs/risk_register.md:1017; routed to BL-041 (BACKLOG status open),,,,F3,,BL-041
U-0347,risk,RISK-P16-13,SIG-CONTRIB-016/016d the ADR and the Organised Editing activity page are actually filed with OSMF (the automated-edits scope conclusion and the registered activity),routed→BL-038,open,,docs/risk_register.md:1041; routed to BL-038 (BACKLOG status open),,,,F3,,BL-038
U-0348,risk,RISK-P16-14,The contribution system is modelled in memory; there is no live MapRoulette client and no live OSM changeset feed populating `LeverageLedger`,routed→BL-039,open,,docs/risk_register.md:1042; routed to BL-039 (BACKLOG status open),,,,F3,,BL-039
U-0349,risk,RISK-P16-15,The §7 leverage metric's published surface (§39.8 public metrics page) reads the live count,routed→BL-039,open,,docs/risk_register.md:1043; routed to BL-039 (BACKLOG status open),,,,F3,,BL-039
U-0350,risk,RISK-P16-16,SIG-LIC-009 counsel review: whether device-linked API responses / OSM-sourced geometry constitute ODbL derivative-database distribution,routed→BL-035,open,,docs/risk_register.md:1044; routed to BL-035 (BACKLOG status open),,,,F3,,BL-035
U-0351,risk,RISK-P18-04,"The per-source ingestion checklist items — boundary sources, Wikidata coverage, the law-enforcement organisation registry, procurement portals, the official gazette, DPA corpora, date/number locale (…",routed→BL-042,open,,docs/risk_register.md:1169; routed to BL-042 (BACKLOG status open),,,,F3,,BL-042
U-0352,risk,RISK-P18-05,"The coarse-international layer is the claim shape + anti-disaggregation guard, not a live connector; the three datasets (Carnegie AI GSI, Facial Recognition World Map, ASPI) are registered `ingestion…",routed→BL-042,open,,docs/risk_register.md:1170; routed to BL-042 (BACKLOG status open),,,,F3,,BL-042
U-0353,risk,RISK-P18-06,"The France/Belgium connectors themselves (Technopolice, prefectoral-order → LegalInstrument, national procurement → Contract, the ~12,000-camera OSM import study) are not built here.",routed→BL-042,open,,docs/risk_register.md:1171; routed to BL-042 (BACKLOG status open),,,,F3,,BL-042
U-0354,risk,RISK-P18-13,Live fetch of the France/Belgium sources and arrêté-PDF text extraction / segmentation are not performed here.,routed→BL-042,open,,docs/risk_register.md:1210; routed to BL-042 (BACKLOG status open),,,,F3,,BL-042
U-0355,risk,RISK-P18-14,Any SIG-originated OSM contribution executed at scale is not performed here.,routed→BL-039,open,,docs/risk_register.md:1211; routed to BL-039 (BACKLOG status open),,,,F3,,BL-039
U-0356,risk,RISK-P20-02,"Unbuilt work legitimised by the ticked amendments could drift from the spec. The amendments accept deferrals whose *build* is still outstanding: the optional MapLibre island (SIG-UI-047 → P21.5), the…",routed→BL-051,open,,docs/risk_register.md:1276; routed to BL-051 (BACKLOG status open),,,,F3,,BL-010 BL-051 SIG-UI-047
U-0357,ledger_finding,APPENDIX-F-01,"ADR-072's Appendix F row was deferred by P22.2 (adding it needs a `spec_src` edit + `BUILD.sh` rebuild, out of a docs ticket's scope). CAPSTONE (or a spec-reconciliation pass) should add the ADR-072…",open,open,,docs/build/LEDGER.md:275 (OPEN FINDINGS; no RESOLVED/CLOSED/RETIRED marker),,,,B4,,
U-0358,return_pass,RETURN-PASS:P21.1,P21.1 — ~~HG-03 (per-source flips)~~ DONE 2026-09-10; HG-04 (Stage-0 outreach outcomes) still owed,table=partly-done-marked key=partly-done-marked,terminal,,docs/build/LEDGER.md:226 (RETURN PASS table); docs/build/LEDGER.md:39 (returnPass key); linked deferrals: 2 (0 owed),,,,B3,,D-P21.1-1 D-P21.1-2
U-0359,return_pass,RETURN-PASS:P21.3,P21.3 — ~~HG-03 (green source to fetch live)~~ CLEARED 2026-09-10; HG-09 (API tokens) + network egress still owed,table=partly-done-marked key=listed,owed,,docs/build/LEDGER.md:227 (RETURN PASS table); docs/build/LEDGER.md:39 (returnPass key); linked deferrals: 2 (1 owed: D-P21.3-2),,,,B3,,D-P21.3-1 D-P21.3-2
U-0360,return_pass,RETURN-PASS:P21.4,"P21.4 — HG-01 (legal home), HG-11 (governance roles + concurrence + takedown contact), Go-public (DNS cut-over)",table=listed key=listed,terminal,,docs/build/LEDGER.md:228 (RETURN PASS table); docs/build/LEDGER.md:39 (returnPass key); linked deferrals: 3 (0 owed),,,,B3,,D-P21.4-1 D-P21.4-2 D-P21.4-3
U-0361,return_pass,RETURN-PASS:P21.5,P21.5 — HG-07 (Zenodo/object-store/SWH credentials),table=listed key=listed,owed,,docs/build/LEDGER.md:229 (RETURN PASS table); docs/build/LEDGER.md:39 (returnPass key); linked deferrals: 1 (1 owed: D-P21.5-1),,,,B3,,D-P21.5-1
U-0362,return_pass,RETURN-PASS:P21.7,"P21.7 — HG-08 (MapRoulette key + OSM OE page), HG-10 (≥5 study participants)",table=listed key=listed,owed,,docs/build/LEDGER.md:230 (RETURN PASS table); docs/build/LEDGER.md:39 (returnPass key); linked deferrals: 2 (1 owed: D-P21.7-1),,,,B3,,D-P21.7-1 D-P21.7-2
U-0363,return_pass,RETURN-PASS:P21.8,P21.8 — ~~HG-03/HG-04 per source + HG-09 + network~~ landed via P25.x; D-P21.8-1 DONE 2026-09-16,table=done-marked key=done-marked,terminal,,docs/build/LEDGER.md:231 (RETURN PASS table); docs/build/LEDGER.md:39 (returnPass key); linked deferrals: 2 (0 owed),,,,B3,,D-P21.1-2 D-P21.8-1
U-0364,return_pass,RETURN-PASS:P21.9,P21.9 — ~~HG-03/HG-04 per source + HG-09 + network~~ landed via P25.x; D-P21.9-1 DONE 2026-09-16,table=done-marked key=done-marked,terminal,,docs/build/LEDGER.md:232 (RETURN PASS table); docs/build/LEDGER.md:39 (returnPass key); linked deferrals: 1 (0 owed),,,,B3,,D-P21.9-1
U-0365,return_pass,RETURN-PASS:P23.1,P23.1 (REL.1 / HG-05) — HG-05 (integrate & release),table=listed key=listed,unlinked,,docs/build/LEDGER.md:233 (RETURN PASS table); docs/build/LEDGER.md:39 (returnPass key); linked deferrals: 0 (0 owed),,,,B3,,
U-0366,return_pass,RETURN-PASS:P23.6,P23.6 (Go-public / GL-GATE-05) — Go-public (after real HG-01 + HG-11),table=listed key=listed,terminal,,docs/build/LEDGER.md:234 (RETURN PASS table); docs/build/LEDGER.md:39 (returnPass key); linked deferrals: 3 (0 owed),,,,B3,,D-P21.4-1 D-P21.4-2 D-P21.4-3
U-0367,return_pass,RETURN-PASS:P24.1,"P24.1 (DEPLOY.1 / GL-DEPLOY-01) — HG-12 (real GCP `apply`/deploy + cloud restore; `D-DEPLOY.1-1`, xref `D-ACCT.1-1`)",table=listed key=listed,terminal,,docs/build/LEDGER.md:235 (RETURN PASS table); docs/build/LEDGER.md:39 (returnPass key); linked deferrals: 2 (0 owed),,,,B3,,D-ACCT.1-1 D-DEPLOY.1-1
U-0368,return_pass,RETURN-PASS:P24.3,P24.3(OBS.1 — live-side verification once HG-12 endpoints + optional SIG_ALERT_WEBHOOK_URL exist; D-OBS.1-1),table=- key=listed,terminal,,docs/build/LEDGER.md:39 (returnPass key); linked deferrals: 1 (0 owed),,,,B3,,D-OBS.1-1
U-0369,return_pass,RETURN-PASS:P24.4,P24.4 (CI.1 / GL-CI-01) — ~~First on-runner execution of the new workflows~~ DONE 2026-09-14 (`D-CI.1-1` closed),table=done-marked key=done-marked,terminal,,docs/build/LEDGER.md:236 (RETURN PASS table); docs/build/LEDGER.md:39 (returnPass key); linked deferrals: 1 (0 owed),,,,B3,,D-CI.1-1
U-0370,return_pass,RETURN-PASS:P24.6,"P24.6(JURIS.2 — flips + LIVE fetches landed via P25.5/P25.7 [decp 7,234 spine claims, madada 26, raa 8 recorded refusals]; D-JURIS.2-1 stays PARTIAL — only declarationcamera_be eID/HG-04 owed; D-JURI…",table=- key=listed,owed,,docs/build/LEDGER.md:39 (returnPass key); linked deferrals: 2 (1 owed: D-JURIS.2-1),,,,B3,,D-JURIS.2-1 D-JURIS.2-2
U-0371,return_pass,RETURN-PASS:P24.7,"P24.7(CCOPS.1 — flips + LIVE fetches + NCSL seed landed via P25.5/P25.7; D-CCOPS.1-1 DONE 2026-09-16 [nyc 79 + seattle 2 spine claims, sf 202-challenge confirmed from Cloud Run, NCSL 108 claims as_of…",table=- key=done-marked,terminal,,docs/build/LEDGER.md:39 (returnPass key); linked deferrals: 2 (0 owed),,,,B3,,D-CCOPS.1-1 D-CCOPS.1-2
U-0372,return_pass,RETURN-PASS:P27.8,"P27.8 (LAUNCH.8 / HG-01, HG-11, HG-02) — ~~Go-public (the hosted national cut-over)~~ DONE 2026-09-24 via P30.3 (D-P27.8-1 closed, PR #135) — Go-public (the hosted national cut-over) — `D-P27.8-1` (t…",table=done-marked key=done-marked,terminal,,docs/build/LEDGER.md:237 (RETURN PASS table); docs/build/LEDGER.md:39 (returnPass key); linked deferrals: 4 (0 owed),,,,B3,,D-P27.1-1 D-P27.4-1 D-P27.8-1 D-SOURCES.17-1
U-0373,return_pass,RETURN-PASS:P27.10,"P27.10 (LAUNCH.10 / HG-11, Go-public) — ~~Go-public (the custom-domain DNS cut-over)~~ DONE (D-P27.10-1 closed 2026-09-23; national data live 2026-09-24 via P30.3) — Go-public (the custom-domain DNS…",table=done-marked key=done-marked,terminal,,docs/build/LEDGER.md:238 (RETURN PASS table); docs/build/LEDGER.md:39 (returnPass key); linked deferrals: 2 (0 owed),,,,B3,,D-P27.8-1 D-P27.10-1
U-0374,return_pass,RETURN-PASS:P31.1,P31.1 (HARDEN.1 / D-P30.4-1) — hosted fast-reconnect re-proof (the Round-9 Q2 approval covered ONE terminate drill; it ran on the first image),table=listed key=done-marked,terminal,,docs/build/LEDGER.md:239 (RETURN PASS table); docs/build/LEDGER.md:39 (returnPass key); linked deferrals: 4 (0 owed),,,,B3,,D-P30.4-1 D-P31.1-1 D-P31.1-2 D-P31.1-3
U-0375,return_pass,RETURN-PASS:P31.4,"P31.4 (HARDEN.4 / D-P31.4-1) — none (Q4 answered; its condition was met) — a date-bound check of the 2026-10-10 `sig-sched-camreg-batch-05` OSM replay, the first full OSM run on the rolled image `sig…",table=listed key=-,owed,,docs/build/LEDGER.md:240 (RETURN PASS table); linked deferrals: 1 (1 owed: D-P31.4-1),,,,B3,,D-P31.4-1
U-0376,return_pass,RETURN-PASS:P31.16,P31.16 (SURFACE.3 — publish half) — HG-11 (Q10 RATIFIED — pauses for operator sign-off; the first org-to-org edges + accountability links go public),table=listed key=partly-done-marked,terminal,,docs/build/LEDGER.md:241 (RETURN PASS table); docs/build/LEDGER.md:39 (returnPass key); linked deferrals: 4 (0 owed),,,,B3,,D-P30.2-2 D-P30.3-1 D-P30.3-2 D-P30.3-3
U-0377,adr_trigger,ADR-001,PostgreSQL 18 + PostGIS as the canonical store; everything else a projection,monitor,monitor,,"docs/adr/ADR-001-postgresql-18-+-postgis-as-the-canonical-store.md:25; status=Accepted; trigger: PostGIS or a core Postgres capability SIG depends on is deprecated, or the claim spine cannot meet query-latency budgets at national scale despite projection.",,,,S1,,BL-002
U-0378,adr_trigger,ADR-002,Append-only claim table; entity tables hold identity only,monitor,monitor,,"docs/adr/ADR-002-append-only-claim-table.md:25; status=Accepted; trigger: A measured need arises to store a value with no supporting claim, or the derived-value view cannot meet performance budgets even after projection.",,,,S1,,BL-002
U-0379,adr_trigger,ADR-003,Two interval time dimensions plus one ordering scalar,monitor,monitor,,"docs/adr/ADR-003-two-interval-time-dimensions-plus-one-ordering-scalar.md:25; status=Accepted; trigger: A third independent time dimension proves necessary, or bitemporal modelling is shown to be unusable by contributors in practice.",,,,S1,,BL-002
U-0380,adr_trigger,ADR-004,EDTF for uncertain dates,monitor,monitor,,"docs/adr/ADR-004-edtf-for-uncertain-dates.md:25; status=Accepted; trigger: EDTF tooling becomes unmaintained, or a superseding standard is broadly adopted by our data sources.",,,,S1,,BL-002
U-0381,adr_trigger,ADR-005,"Resolution as a stored decision record, not a view",monitor,monitor,,"docs/adr/ADR-005-resolution-as-a-stored-decision-record-not-a-view.md:25; status=Accepted; trigger: Resolution volume makes stored decisions impractical, or a provably-auditable view mechanism becomes available.",,,,S1,,BL-002
U-0382,adr_trigger,ADR-006,OCFL 1.1 evidence store on object storage with governance-mode Object Lock,monitor,monitor,,"docs/adr/ADR-006-ocfl-11-evidence-store-on-object-storage-with-governance-mod.md:25; status=Accepted; trigger: OCFL is superseded by a better-supported preservation standard, or a legal regime forces reconsideration of governance vs compliance mode.",,,,S1,,BL-002
U-0383,adr_trigger,ADR-007,LinkML as the single ontology source of truth,monitor,monitor,,"docs/adr/ADR-007-linkml-as-the-single-ontology-source-of-truth.md:25; status=Accepted; trigger: LinkML tooling becomes unmaintained, or generation cannot express a modelling need the domain requires.",,,,S1,,BL-002
U-0384,adr_trigger,ADR-008,SKOS for published controlled vocabularies,monitor,monitor,,"docs/adr/ADR-008-skos-for-published-controlled-vocabularies.md:25; status=Accepted; trigger: SKOS proves insufficient for a required vocabulary relationship, or adoption data shows consumers need a different format.",,,,S1,,BL-002
U-0385,adr_trigger,ADR-009,"SPDX expressions for per-source licensing, with a build-time compatibility gate",monitor,monitor,,"docs/adr/ADR-009-spdx-expressions-for-per-source-licensing-with-a-build-time.md:25; status=Accepted; trigger: SPDX cannot express a licence SIG must ingest, or the compartment model needs a regime the data schema cannot represent.",,,,S1,,BL-002
U-0386,adr_trigger,ADR-010,DuckDB/Parquet analytics boundary; no raw audit rows anywhere,monitor,monitor,,"docs/adr/ADR-010-duckdb-parquet-analytics-boundary.md:25; status=Accepted; trigger: Aggregation-only analytics cannot answer a required question, or DuckDB cannot meet analytic scale.",,,,S1,,BL-002
U-0387,adr_trigger,ADR-011,The ODbL posture: OSM-derived assets in a separate compartment (Strategy B),monitor,monitor,,"docs/adr/ADR-011-the-odbl-posture.md:25; status=Accepted; trigger: OSMF issues definitive guidance that changes the substantiality or collective-database analysis, or counsel (SIG-LIC-009) reaches a different regional-cut conclusion.",,,,S1,,BL-002
U-0388,adr_trigger,ADR-012,"Sensitivity tiers enforced by RLS, applied at the view layer",monitor,monitor,,"docs/adr/ADR-012-sensitivity-tiers-enforced-by-rls-applied-at-the-view-layer.md:25; status=Accepted; trigger: Postgres RLS proves inadequate for a required policy, or the view-layer transform cannot meet query-latency budgets.",,,,S1,,BL-002
U-0389,adr_trigger,ADR-013,uv as the workspace and lockfile tool,monitor,monitor,,"docs/adr/ADR-013-uv-as-the-workspace-and-lockfile-tool.md:25; status=Accepted; trigger: uv's licence or maintenance changes adversely, or PEP 751 tooling in the wider ecosystem makes a different resolver clearly preferable.",,,,S1,,BL-002
U-0390,adr_trigger,ADR-014,Astro for the public web surface,monitor,monitor,,"docs/adr/ADR-014-astro-for-the-public-web-surface.md:25; status=Accepted; trigger: Astro cannot meet the accessibility/no-JS or print requirements, or its maintenance/licence posture changes.",,,,S1,,BL-002
U-0391,adr_trigger,ADR-015,AWS S3 for the evidence store and CloudFront for bulk-export delivery,monitor,monitor,,"docs/adr/ADR-015-aws-s3-for-the-evidence-store-and-cloudfront-for-bulk-export.md:25; status=Accepted; trigger: Monthly egress cost crosses the budgeted threshold, download volume exceeds the modelled TB/month, or a provider changes egress pricing — at which point bulk delivery shifts further to the low-egress mirror and peer-to-peer distribution.",,,,S1,,BL-029
U-0392,adr_trigger,ADR-016,"Dagster OSS for orchestration, kept reversible",monitor,monitor,,"docs/adr/ADR-016-dagster-oss-for-orchestration-kept-reversible.md:25; status=Accepted; trigger: Dagster moves to a non-OSI licence, its self-hosting economics degrade, or the asset model stops fitting — in which case the confined import boundary lets cron/Prefect replace it.",,,,S1,,BL-002
U-0393,adr_trigger,ADR-017,FastAPI for the read API,monitor,monitor,,"docs/adr/ADR-017-fastapi-for-the-read-api.md:25; status=Accepted; trigger: The API grows needs FastAPI cannot serve, or its maintenance posture changes materially.",,,,S1,,BL-002
U-0394,adr_trigger,ADR-018,MapLibre GL for the web map,monitor,monitor,,"docs/adr/ADR-018-maplibre-gl-for-the-web-map.md:25; status=Accepted; trigger: MapLibre cannot render a required cartographic feature, or a superior open renderer is broadly adopted.",,,,S1,,BL-010
U-0395,adr_trigger,ADR-019,pytest + Hypothesis for testing,monitor,monitor,,"docs/adr/ADR-019-pytest-+-hypothesis-for-testing.md:25; status=Accepted; trigger: Hypothesis maintenance/licence changes, or property tests prove net-negative in maintenance for this codebase.",,,,S1,,BL-002
U-0396,adr_trigger,ADR-020,GitHub Actions for CI,monitor,monitor,,"docs/adr/ADR-020-github-actions-for-ci.md:25; status=Accepted; trigger: The project moves off GitHub, Actions pricing/limits become prohibitive, or a compliance need requires self-hosted runners.",,,,S1,,BL-002
U-0397,adr_trigger,ADR-021,"Source registry as seeded data, with a runtime ingestion gate in `connectors`",monitor,monitor,,docs/adr/ADR-021-source-registry-as-seeded-data-with-a-runtime-ingestion-gate.md:55; status=Accepted; trigger: The §47 layout gains a dedicated ingestion/registry package; or the per-source row needs a field the `policy.rights.RightsRecord` cannot carry; or the source count grows past the point where a single flat TOML is maintainable and the seed needs to be partitioned per layer.,,,,S1,,BL-002
U-0398,adr_trigger,ADR-022,Defer physical partitioning of `claim` to preserve the `claim_id` FK contract,monitor,monitor,,"docs/adr/ADR-022-defer-claim-partitioning-to-preserve-the-claim_id-fk-contract.md:69; status=Accepted; trigger: `claim` growth or query-latency measurements show table-wide maintenance or scan cost exceeding budget despite projection and indexing, at which point a partition-compatible FK strategy is designed and this decision is superseded by a new ADR plus a sqitch migration.",,,,S1,,BL-003
U-0399,adr_trigger,ADR-023,"An `evidence/` package, and content-addressed blob dedup for the capture row",monitor,monitor,,"docs/adr/ADR-023-evidence-package-and-content-addressed-blob-dedup.md:64; status=Accepted; trigger: §47 is amended to name an evidence package (fold `evidence/` into it), or the evidence-store contract moves to per-fetch content addressing that makes the separate blob registry redundant.",,,,S1,,BL-002
U-0400,adr_trigger,ADR-024,"A pinned, deterministic, in-repo EDTF envelope derivation",monitor,monitor,,"docs/adr/ADR-024-deterministic-edtf-envelope-derivation.md:44; status=Accepted; trigger: A maintained, deterministic, permissively-licensed EDTF Level 1 library exposes a versionable widening policy, or SIG data requires EDTF Level 2 features.",,,,S1,,BL-002
U-0401,adr_trigger,ADR-025,Temporal invariants as pipeline data-quality checks; as-of as SQL functions,monitor,monitor,,"docs/adr/ADR-025-temporal-invariants-as-pipeline-checks-and-as-of-sql-functions.md:47; status=Accepted; trigger: A batch check proves insufficient against production data (e.g. a cross-batch supersedes cycle slips through), or the as-of filter needs pushdown the SQL functions cannot express.",,,,S1,,BL-002
U-0402,adr_trigger,ADR-026,"The eight-stage connector framework — fetch-only egress, socket-level network-isolated replay",monitor,monitor,,docs/adr/ADR-026-the-eight-stage-connector-framework-fetch-only-egress-and-network-isolated-replay.md:94; status=Accepted; trigger: The OCFL `CaptureStore` adapter lands (P04.2) and reveals the protocol is too narrow; or a source legitimately needs egress in a stage other than `fetch()` (would require re-reading SIG-INGEST-002); or socket-level isolation proves too coarse for a connector that mus…,,,,S1,,BL-023
U-0403,adr_trigger,ADR-027,"The `osm` connector — versioned tag vocabulary, `(type,id,version)` keying, and ODbL landing",monitor,monitor,,docs/adr/ADR-027-the-osm-connector-vocabulary-keying-and-odbl-landing.md:126; status=Accepted; trigger: The live HTTP transport + OCFL `CaptureStore` adapter land and let 429/504 be handled in the shared layer (retiring the connector-local helpers); or the DB gains a physically separate ODbL asset table per §42.3 (superseding the connector-layer compartment realisation); or OSM introduces a surve…,,,,S1,,BL-023
U-0404,adr_trigger,ADR-028,"The `atlas` connector — family-level `deployment_exists`, agency-id keying, and category-retirement-as-not-a-world-change",monitor,monitor,,"docs/adr/ADR-028-the-atlas-connector-family-granularity-agency-keying-and-category-retirement.md:122; status=Accepted; trigger: The live HTTP transport + OCFL `CaptureStore` adapter land (letting `atlas` fetch and archive real bulk exports); or the resolver's supersession/reconciliation logic (P08.x) lands and needs a firmer contract from the connector than ""append only with full provenance""; or…",,,,S1,,BL-023
U-0405,adr_trigger,ADR-029,"Splink 4 on DuckDB for the probabilistic ER tiers 4–5, as a fully-specified deterministic model",monitor,monitor,,"docs/adr/ADR-029-splink-4-for-probabilistic-entity-resolution-tiers-4-5.md:128; status=Accepted; trigger: Holdout precision for an auto-write tier cannot reach the published `auto_write_precision_threshold` even after model refinement (the demotion gate fires persistently), indicating the deterministic tiers themselves need revision; or the gold set grows large enough to justify EM-estimated `u`…",,,,S1,,BL-002
U-0406,adr_trigger,ADR-030,"The review queue and the LLM-extraction scaffolding as library + CLI, in `resolution` and `parsing`",monitor,monitor,,"docs/adr/ADR-030-review-queue-and-llm-extraction-scaffolding-as-library-plus-cli.md:110; status=Accepted; trigger: The live claim-table writer (P08.x) lands and needs a firmer contract from the queue than ""in-memory items + `to_dict`""; or the Phase-15 web curation UI (P15.x) lands and supersedes the CLI surface; or a real model client is wired and the `ModelClient` protocol needs to grow (batchin…",,,,S1,,
U-0407,adr_trigger,ADR-031,"A minimal count-reconciliation seed, and the three missing count predicates, for the P06.1 vertical slice",monitor,monitor,,"docs/adr/ADR-031-minimal-count-reconciliation-and-added-count-predicates-for-the-vertical-slice.md:65; status=Accepted; trigger: P08 lands the full reconciliation engine and contradiction model. At that point `reconcile/{weight,counts,model}.py` is either promoted to the engine's core or replaced by it, and this ADR is superseded by the P08 ADRs. Also revisit if the count model gains a `scope`/po…",,,,S1,,
U-0408,adr_trigger,ADR-032,"A minimal slice dossier renderer, with a print-CSS PDF path, ahead of the production surface",monitor,monitor,,docs/adr/ADR-032-minimal-slice-dossier-renderer-ahead-of-the-production-surface.md:58; status=Accepted; trigger: P15.2 lands the production dossier surface with the full epistemic visual language and a server-side PDF path; at that point `exports/dossier.py` is superseded and this ADR is closed out by the P15.2 ADRs.,,,,S1,,
U-0409,adr_trigger,ADR-033,"The layered document-parsing stack as the parser interface every connector extracts through, in `parsing`",monitor,monitor,,"docs/adr/ADR-033-the-layered-parsing-stack-and-the-parser-interface.md:143; status=Accepted; trigger: A concrete layer-3/4/5 parser (PDF text/table, OCR) is wired by P07.2/P07.3 and needs the layer interface to carry more than a method string (e.g. per-layer confidence or fallback chains); or the reason-kind/signal-strength fields earn a first-class physical column in an additive P08 migration; o…",,,,S1,,BL-025
U-0410,adr_trigger,ADR-034,"The `records` connector — targeted-lookup posture, MuckRock api_v2 + short-lived JWT, and the `no_responsive_records` → coverage bridge",monitor,monitor,,"docs/adr/ADR-034-the-records-connector-targeted-lookups-muckrock-jwt-and-the-no-responsive-records-coverage-bridge.md:143; status=Accepted; trigger: Revisit if any of: MuckRock changes its auth model or api_v2 object model (the token host, the five-minute TTL, or the endpoint set — re-verify against `accounts.muckrock.com` and the `/api_v2/` router root); a records source's rights review resolves…",,,,S1,,BL-023
U-0411,adr_trigger,ADR-035,"The `procurement` connector — cooperative-piggyback contracts, USAspending sub-award tracing, the `FundingInstrument` runtime shape, and the published agenda-p…",monitor,monitor,,"docs/adr/ADR-035-the-procurement-connector-cooperative-piggyback-federal-subawards-and-the-agenda-platform-tenant-registry.md:168; status=Accepted; trigger: Revisit if any of: a cooperative vehicle or agenda platform changes its API shape or a new vehicle/platform is added (update `procurement_vocab.toml` / `agenda_tenants.toml`, re-verify the tenant mappings); USAspending changes its sub-award e…",,,,S1,,BL-023
U-0412,adr_trigger,ADR-036,The §29 reconciliation workflows as value-object modules layered on the resolver,monitor,monitor,,"docs/adr/ADR-036-the-reconciliation-workflows-layered-on-the-resolver.md:88; status=Accepted; trigger: Revisit when P08.3 lands the materialized `Contradiction` entity and P12.x lands the L4 inference layer: at that point the value objects here are wired to their persisted forms (or superseded by them), and the device-attribution `Inference` is promoted onto `inference.derived_fact`. Also revisit…",,,,S1,,
U-0413,adr_trigger,ADR-037,"The materialized Contradiction entity, its lifecycle, and the byte-identical L3 rebuild",monitor,monitor,,docs/adr/ADR-037-the-materialized-contradiction-entity-and-byte-identical-l3-rebuild.md:102; status=Accepted; trigger: Revisit when P14.1 lands the public read API (the `publishable_view` projection is wired to the endpoint) and when the `contradiction`/`research_task` tables are written for real (the Python entity is persisted or superseded by an ORM/row shape). Also revisit if the `input_digest…,,,,S1,,
U-0414,adr_trigger,ADR-038,"The coverage-metrics layer, its home in `inference`, and the executable capture–recapture prohibition",monitor,monitor,,"docs/adr/ADR-038-the-coverage-metrics-layer-and-the-executable-capture-recapture-prohibition.md:102; status=Accepted; trigger: Revisit when P14.1 lands the read-API envelope + coverage statement (the `public_view` / `as_json` projections are wired to endpoints and the `coverage_record` table is written for real), when P15.5 renders the methodology/freshness/coverage pages (the ""distinguishable in…",,,,S1,,
U-0415,adr_trigger,ADR-039,"The research-task engine — detector-as-data, callable closing conditions, and the disposition→data bridge",monitor,monitor,,"docs/adr/ADR-039-the-research-task-engine-detector-as-data-callable-closing-conditions-and-executable-anti-abuse.md:109; status=Accepted; trigger: Revisit when the engine is persisted (the `research_task` row is written/claimed for real and a `local_group`/claim schema is added), when P10.2 registers the §33.2 catalog against this DSL (the `Facts` shape the detectors read is pinned to the real gr…",,,,S1,,
U-0416,adr_trigger,ADR-040,The §33.2 detector catalog and the §31 contradiction→task map,monitor,monitor,,"docs/adr/ADR-040-the-detector-catalog-and-the-contradiction-task-map.md:88; status=Accepted; trigger: Revisit when the detectors are bound to the real materialized-graph query surface (the `Facts` keys become live projections), when §33.2 gains or loses a row (update `CATALOG_SIZE` and the count-authority assertion), when §31 adds a `contradiction_type` (the map must gain a route or the test fail…",,,,S1,,
U-0417,adr_trigger,ADR-041,"The records-request generator — the 51-jurisdiction records-law table, residency routing, versioned templates, and consent",monitor,monitor,,"docs/adr/ADR-041-the-records-request-generator-the-51-jurisdiction-law-table-residency-routing-and-consent.md:132; status=Accepted; trigger: Revisit when a filing/response backend lands (the `TemplateOutcomeLog` is fed by real outcomes and the local-filer routing is applied through a live `TaskPool` reassignment and geographic-queue claim), when the per-jurisdiction operational fields (deadline/f…",,,,S1,,BL-028
U-0418,adr_trigger,ADR-042,"The `flock_portal` connector — the CC BY-SA compartment, snapshot-keyed change detection, and the P08.2 reconciler seam",monitor,monitor,,"docs/adr/ADR-042-the-flock-portal-connector-cc-by-sa-compartment-snapshot-keyed-change-detection-and-the-reconciler-seam.md:136; status=Accepted; trigger: Revisit if any of: Eyes on Flock changes its API shape, licence, or `data_last_updated` semantics (re-verify against `/api/v1/data`); the confirmed upstream refresh cadence lands from Stage-0 outreach (a data edit to `upstream_refresh_days`, SI…",,,,S1,,BL-023
U-0419,adr_trigger,ADR-043,"The `audit_structural` connector — aggregates-only, the §18.1 per-plate bright line, and the independent count / sharing reconciler seams",monitor,monitor,,"docs/adr/ADR-043-the-audit-structural-connector-aggregates-only-the-per-plate-bright-line-and-independent-count-and-sharing-seams.md:97; status=Accepted; trigger: Revisit if any of: P12.1 lands the `UsageAggregate` DuckDB/Parquet substrate (the connector's rows become that boundary's input — re-check the §11.16 predicate surface, small-cell suppression, and the UUID+period join); the agency audit…",,,,S1,,BL-023
U-0420,adr_trigger,ADR-044,"The usage-analytics boundary — DuckDB/Parquet substrate in `db`, the UUID+period join, partition-as-evidence, and rationale-driven small-cell suppression",monitor,monitor,,"docs/adr/ADR-044-the-usage-analytics-boundary-duckdb-parquet-substrate-uuid-period-join-partition-as-evidence-and-small-cell-suppression.md:100; status=Accepted; trigger: Revisit if: interactive aggregate latency ever demands ClickHouse (the documented §18.2 escape hatch, R6-F45); a partner licence requires a suppression model richer than `(rationale, k)` (e.g. per-cell differential privacy); the…",,,,S1,,BL-002
U-0421,adr_trigger,ADR-045,"Access-path closure — the composition/scope/temporal bound, the speculative label, and the required-`automaticity` tightening",monitor,monitor,,"docs/adr/ADR-045-access-path-closure-the-composition-bound-and-the-required-automaticity-tightening.md:107; status=Accepted; trigger: Revisit if: the published hop threshold or the hard cap needs to change once real network data shows their effect on precision (both are parameters today); a confirmed scope-composition policy replaces the conservative ""never broaden"" ranking; a new composable edge…",,,,S1,,BL-002
U-0422,adr_trigger,ADR-046,"Policy/LegalInstrument surfaces, the never-merged invariant, and the SIG-EPIS-030 general form",monitor,monitor,,"docs/adr/ADR-046-policy-legal-instruments-the-never-merged-invariant-and-the-curated-index-general-form.md:64; status=Accepted; trigger: Revisit when the read/export surfaces over `Policy` / `LegalInstrument` land (P14.1 / P14.2) — if they need a persisted representation of a curated source index (rather than the in-memory `CuratedSourceIndex` value object), promote `connectors.curated_index` to…",,,,S1,,
U-0423,adr_trigger,ADR-047,"The public read API — a hand-written, versioned contract, the resolution envelope on every fact, and the prohibited-endpoint bar",monitor,monitor,,"docs/adr/ADR-047-the-public-read-api-hand-written-versioned-contract-envelope-on-every-fact-and-the-prohibited-endpoint-bar.md:103; status=Accepted; trigger: Revisit when the production `ReadStore` is wired to Postgres (orchestration phase): confirm the belief-time filter, coordinate reduction, and tier gate hold identically against real storage, and that the SQL `claim_as_of`/`resolution_as_of`…",,,,S1,,
U-0424,adr_trigger,ADR-048,"Bulk exports — computed-licence compartments, reproducible releases, Zenodo concept/version DOIs, and egress-friendly distribution",monitor,monitor,,"docs/adr/ADR-048-bulk-exports-computed-licence-compartments-reproducible-releases-and-egress-friendly-distribution.md:103; status=Accepted; trigger: Revisit when the map surface (Phase 15) lands, to fill the PMTiles tile bodies with real rendered vector tiles (and confirm the ODbL container licence still holds), and when the production `ReadStore` is wired to Postgres, to confirm the export proje…",,,,S1,,BL-029
U-0425,adr_trigger,ADR-049,"The epistemic visual language and the no-JS, archivable web shell",monitor,monitor,,"docs/adr/ADR-049-the-epistemic-visual-language-and-the-no-js-archivable-web-shell.md:102; status=Accepted; trigger: Revisit when the shell is wired to the live `/v1` read API (if the envelope subset in `fixtures.ts` diverges from `api/src/api/models.py`), when the self-hosted-tiles map renderer lands (P15.3, SIG-UI-038) and the reference SVG must be reconciled with it, or when a new dependency re…",,,,S1,,SIG-UI-038
U-0426,adr_trigger,ADR-050,"The production local-dossier surface — a print-to-PDF path, and the superseded slice renderer",monitor,monitor,,"docs/adr/ADR-050-the-production-local-dossier-surface-print-to-pdf-and-the-superseded-slice-renderer.md:81; status=Accepted; trigger: The shell is wired to the live `/v1` dossier API (replacing the committed fixture), or a second jurisdiction's dossier requires per-jurisdiction data loading beyond a single committed fixture.",,,,S1,,
U-0427,adr_trigger,ADR-051,The infrastructure map + network explorer — honest-rendering rules and the static-PMTiles serving contract,monitor,monitor,,"docs/adr/ADR-051-the-infrastructure-map-and-network-explorer-honest-rendering-and-the-static-pmtiles-serving-contract.md:119; status=Accepted; trigger: Revisit when an interactive MapLibre map is wired into the page (at which point the committed `/map/style.json` is loaded by a `client:`-directed renderer and the perf budget for that page must be re-derived), when the upstream geospatial phase pu…",,,,S1,,BL-010
U-0428,adr_trigger,ADR-052,"The renewal watch, evidence recommender, and evidence viewer — the neutrality guarantee and static per-jurisdiction subscriptions",monitor,monitor,,"docs/adr/ADR-052-the-renewal-watch-evidence-recommender-and-evidence-viewer-neutrality-and-static-subscriptions.md:94; status=Accepted; trigger: Revisit when the live `/v1` read API gains a DB-wired store: at that point the watch, recommender, and viewer should read contracts, artifacts, captures, and claim history from the API instead of the committed fixtures (the shapes already mirror the wire…",,,,S1,,
U-0429,adr_trigger,ADR-053,"The research queue, public corrections log, methodology/metrics pages, and the editorial-standards conformance gate",monitor,monitor,,"docs/adr/ADR-053-the-research-queue-corrections-log-methodology-metrics-and-editorial-standards-conformance-gate.md:108; status=Accepted; trigger: When the live `tasks` queue, governance intake, and metrics APIs gain a DB-wired read path (cf. RISK-P14-07/17), swap the committed fixtures for live reads — the view-model shapes and the executable gates are unchanged. Any change to the register rules…",,,,S1,,
U-0430,adr_trigger,ADR-054,"The contributor system — five write tiers, L0 entry, revert-as-new-assertion, and poisoning resistance",monitor,monitor,,"docs/adr/ADR-054-the-contributor-system-five-tiers-l0-entry-revert-as-new-assertion-and-poisoning-resistance.md:120; status=Accepted; trigger: When the contributor system gains a DB-wired persistence path (a `contributor` / `submission` store and the live `retraction_of` revert beyond the test fixture), revisit whether the in-memory models should be thinned to adapters over the store. Any change…",,,,S1,,
U-0431,adr_trigger,ADR-055,No direct automated OSM writes — the human-mediated suggestion workflow and the OSM compliance analysis,monitor,monitor,,"docs/adr/ADR-055-no-direct-automated-osm-writes-the-human-mediated-suggestion-workflow-and-the-osm-compliance-analysis.md:126; status=Accepted; trigger: Revisit when the contribution path gains a live MapRoulette client and a live OSM changeset feed (so `LeverageLedger` reads real changesets), or if the OSM Automated Edits Code / Organised Editing Guidelines change materially, or if counsel advis…",,,,S1,,BL-039
U-0432,adr_trigger,ADR-056,"The jurisdiction adapter framework — country-namespaced vocabularies, BCP-47 labels, and coarse international ingestion",monitor,monitor,,"docs/adr/ADR-056-the-jurisdiction-adapter-framework-namespaced-vocabularies-bcp47-labels-and-coarse-international-ingestion.md:106; status=Accepted; trigger: Revisit when P18.2 lands the first live France/Belgium connectors (which will exercise the adapter end-to-end: ingest → reconcile → serve for one municipality), when a coarse dataset's rights review flips `ingestion_permitted`, or if a new c…",,,,S1,,BL-042
U-0433,adr_trigger,ADR-057,"The France/Belgium (Technopolice) connectors — prefectural orders → LegalInstrument, DECP → Contract, and the OSM import study",monitor,monitor,,"docs/adr/ADR-057-the-france-belgium-technopolice-connectors-prefectural-orders-decp-and-the-osm-import-study.md:121; status=Accepted; trigger: Revisit when a France/Belgium source's rights review flips `ingestion_permitted` (enabling a live run), when the DECP amendment history warrants first-class dated sub-events, or when a SIG-originated OSM contribution at scale is actually proposed (which mu…",,,,S1,,BL-042
U-0434,adr_trigger,ADR-058,Tickets and build memory are committed; agent scratch is unified,monitor,monitor,,"docs/adr/ADR-058-tickets-and-build-memory-are-committed-and-scratch-is-unified.md:56; status=Accepted; trigger: Revisit if raw run ledgers or PR bodies are ever wanted in git (this ADR deliberately keeps them gitignored under `.agents/scratch/`, committing only the promoted build-memory artifacts under `docs/build/`), or if the committed `docs/tickets/` record needs a different home or format.",,,,S1,,BL-002
U-0435,adr_trigger,ADR-059,"Capstone spine wiring — PgClaimSink, PgReadStore, and the compute-on-read seam",monitor,monitor,,"docs/adr/ADR-059-the-capstone-spine-wiring-pgclaimsink-pgreadstore-and-compute-on-read.md:94; status=Accepted; trigger: Revisit when P21.2 materialises the graph annotations: at that point `_compute_on_read()` must be replaced by a read of the persisted rows, and the RISK-P19-07 `--recompute` diagnostic + rebuild-equality test must prove the persisted rows equal the computed ones. Also revisit if…",,,,S1,,
U-0436,adr_trigger,ADR-060,The resolver (P08.1) — retro-fitted record,monitor,monitor,,"docs/adr/ADR-060-the-resolver-p08-1-retro-fitted-record.md:69; status=Accepted; trigger: Revisit if the total-order tie-break, the `U0–U8` ambiguity contract, or the ruleset/registry split changes; or when P08.3's materialised `Contradiction` and P21.2's persisted annotations change how the resolver's output is stored (the compute-on-read seam of ADR-059).",,,,S1,,
U-0437,adr_trigger,ADR-061,"Capstone gap closure — the derivative export gate, jurisdiction-conditional web render, and ER over PostgreSQL",monitor,monitor,,"docs/adr/ADR-061-capstone-gap-closure-export-gate-jurisdiction-render-er-over-pg.md:71; status=Accepted; trigger: Revisit if: an export legitimately needs a derivative-forbidden source under a narrowly-scoped grant (then the grant, not the gate, records the exception); the jurisdiction publication table must diverge between Python and TypeScript (generate the TS table from the Python data); or P2…",,,,S1,,
U-0438,adr_trigger,ADR-062,Spec reconciliation after the 46-ticket build,monitor,monitor,,"docs/adr/ADR-062-spec-reconciliation-after-the-46-ticket-build.md:66; status=Accepted; trigger: Revisit at the next planning pass, or whenever a later ticket adds an ADR or a requirement id (its Appendix F row and, if a requirement, its `spec_src` paragraph must land in the same PR — SIG-ENG-039), or if an operator later ticks an amendment that this pass left unticked (there are none today).",,,,S1,,BL-051
U-0439,adr_trigger,ADR-063,Registry review metadata and the flip rule,monitor,monitor,,"docs/adr/ADR-063-registry-review-metadata-and-the-flip-rule.md:84; status=Accepted; trigger: Revisit when the operator answers HG-03 (which sources to flip) or HG-04 (outreach outcomes): the flips + review metadata land on `sources.toml` (with `last_verified`), `STAGE0_OUTREACH_RECORD.md` gains dated rows, and `validate` then shows `loadable now ≥ 1`. Also revisit if the packet set widens beyond…",,,,S1,,
U-0440,adr_trigger,ADR-065,"Live connector wiring — the httpx transport, OCFL capture store, and the gated `run` CLI",monitor,monitor,,"docs/adr/ADR-065-live-connector-wiring-httpx-transport-ocfl-capture-store-and-the-gated-run-cli.md:100; status=Accepted; trigger: Revisit when the operator answers HG-03 (flips a source to a fully-green `review-status`) and/or HG-09 (provides a token): the first real fetch then runs — `run --mode live` stops refusing for that source, a dated fetch record lands in `docs/build/live_runs/`, and `LIV…",,,,S1,,BL-023 BL-024 BL-026
U-0441,adr_trigger,ADR-066,Runtime composition (`sig-ops`) and the export-backed web data layer,monitor,monitor,,"docs/adr/ADR-066-runtime-composition-and-the-export-backed-web-data-layer.md:75; status=Accepted; trigger: Revisit when any of the following fires (SIG-STORE-007): - A source is flipped green (HG-03) and a real live fetch begins — the fixture-backed `seed`/`shadow` posture of `run_okc.sh` is replaced by live ingest, and the ""not live"" framing here no longer holds. - Go-public is approved (HG-01 +…",,,,S1,,
U-0442,adr_trigger,ADR-067,"Zenodo deposits, object store/CDN, tile generation, mirrors, and degraded mode",monitor,monitor,,"docs/adr/ADR-067-deposits-object-store-tiles-mirrors-and-degraded-mode.md:122; status=Accepted; trigger: Revisit this decision when any of the following holds: - HG-07 credentials arrive. When a Zenodo (production) token, object-store keys, or a Software Heritage token become available, the gate-pending integrations run for real: a production deposit mints a `10.5281/…` concept DOI (recorded in `…",,,,S1,,BL-029 SIG-GOV-021
U-0443,adr_trigger,ADR-068,The authenticated curation service and the `/curate/` web surface,monitor,monitor,,docs/adr/ADR-068-the-authenticated-curation-service-and-the-curate-web-surface.md:125; status=Accepted; trigger: Revisit when any of the following fires (SIG-STORE-007): - A real annotation-persistence layer is built (P21.2 un-shrunk) — the compute-on-read dispositions and the JSONL `CurationLog` are replaced by that layer's repos; the `CurationLog` seam is the intended swap point. - Go-public is…,,,,S1,,
U-0444,adr_trigger,ADR-069,"Contribution-back live: the MapRoulette client, the OSM changeset feed, and the registration gate",monitor,monitor,,"docs/adr/ADR-069-contribution-back-live-maproulette-client-osm-changeset-feed-and-the-registration-gate.md:103; status=Accepted; trigger: Revisit when HG-08 clears (a real MapRoulette/OSM account + the OSMF activities registration): flipping `ops/config.toml [tasks.contribution] registered=true`, providing `SIG_MAPROULETTE_API_KEY` + `SIG_OSM_OE_PAGE`, and running the first live push/pull replace…",,,,S1,,BL-039
U-0445,adr_trigger,ADR-070,The Data Driven release model and the coarse-international capture path,monitor,monitor,,docs/adr/ADR-070-data-driven-release-model-and-the-coarse-international-capture-path.md:98; status=Accepted; trigger: Revisit when HG-03 clears for any of these sources: an operator flips `eff_data_driven` (or one of the coarse trio) to `ingestion_permitted=true` with recorded review metadata after deciding its rights packet. At that point the first live `sig-connectors run --mode live` fetch run…,,,,S1,,BL-042
U-0446,adr_trigger,ADR-071,"The `pathways` connector: one connector + three extractors, the ADR-033-deferred parser layers, and the procured≠deployed epistemic guard",monitor,monitor,,docs/adr/ADR-071-the-pathways-connector-one-connector-three-extractors-the-adr-033-deferred-parser-layers-and-the-procured-not-deployed-epistemic-guard.md:100; status=Accepted; trigger: Revisit when HG-03/HG-04 clears for any pathway source — an operator flips `pathways_rtcc_federation` / `pathways_fr_css_forensics` / `pathways_acoustic_drone_location` to `ingestion_permitted = true` with a resol…,,,,S1,,
U-0447,adr_trigger,ADR-072,"Documentation freshness gates: two vendored detectors, `make docs-check`, and a CI step",monitor,monitor,,"docs/adr/ADR-072-documentation-freshness-gates.md:60; status=Accepted; trigger: Revisit if the detectors' false-positive rate exceeds 1 per PR (e.g. the `/build/` exclusion or reference heuristics flag valid docs often enough to erode trust), or if a third document set is introduced that neither detector covers. At that point, either patch the vendored logic (recording the deviation in the proven…",,,,S1,,
U-0448,adr_trigger,ADR-073,Build memory is committed under `docs/build/`; agent scratch is retired,monitor,monitor,,"docs/adr/ADR-073-build-memory-committed-under-docs-build-scratch-retired.md:69; status=Accepted; trigger: Revisit if the committed build memory measurably slows the inner loop or bloats the repo beyond audit value (e.g. a single run ledger or report exceeds the validator's 5 MB flag, or `docs/build/` growth dominates clone size), or if `build-memory` upstream changes the layout contract in a way…",,,,S1,,BL-002
U-0449,adr_trigger,ADR-074,"OKC document connectors (`okc_procurement`/`okcpd_policy`/`ok_statute`) over the sig-parsing layers, with the Part VIII guard",monitor,monitor,,"docs/adr/ADR-074-okc-document-connectors-okc-procurement-okcpd-policy-ok-statute-over-the-sig-parsing-layers-with-the-part-viii-guard.md:50; status=Accepted; trigger: Revisit if: (a) the real live smoke lands (HG-09 tokens provided) and the OCFL-captured document parses to a different claim shape than the fixture encodes (the fixture would then be corrected, append-only, and the shadow diff re-ba…",,,,S1,,BL-023
U-0450,adr_trigger,ADR-075,GCP hosted deployment: an e2-micro compose stack (vs Cloud SQL) + the validated-IaC design,monitor,monitor,,"docs/adr/ADR-075-gcp-hosted-deployment-e2-micro-vs-cloud-sql.md:107; status=Accepted; trigger: Revisit this decision when any of the following holds: - Operator ADC arrives (HG-12 / `D-ACCT.1-1`). When `gcloud auth application-default login` + `SIG_GCP_PROJECT` are exported in the run shell, run `bash ops/gcp/provision.sh --apply` and `sig-ops deploy --target gcp` for real, and perform the cloud…",,,,S1,,BL-037 D-ACCT.1-1 D-DEPLOY.1-1
U-0451,adr_trigger,ADR-076,Re-ingest cadence: a GitHub Actions cron scheduler (vs Prefect/Dagster) and the cadence-vs-etiquette design,monitor,monitor,,"docs/adr/ADR-076-reingest-cadence-github-actions-scheduler-vs-prefect-dagster-and-the-cadence-vs-etiquette-design.md:109; status=Accepted; trigger: Revisit this decision when any of the following holds: - A source is flipped green (HG-03) and its real cadence is observed. Once live fetches run, confirm the derived interval matches what the source tolerates (429 rate, `Retry-After` patterns in the…",,,,S1,,BL-023
U-0452,adr_trigger,ADR-077,"Observability & alerting: the recorded-alert ledger, the env-webhook notifier, and bounded JSONL logs (vs a hosted monitoring stack)",monitor,monitor,,docs/adr/ADR-077-observability-and-alerting-recorded-alert-ledger-env-webhook-notifier-and-bounded-logs.md:125; status=Accepted; trigger: Revisit this decision when any of the following holds: - The hosted stack is live (HG-12 / D-ACCT.1-1 resolved) and real probe traffic exists. Confirm `uptime_target_pct = 99.0` matches what an e2-micro + scales-to-zero API can actually hold; tighten or split p…,,,,S1,,BL-037 D-ACCT.1-1
U-0453,adr_trigger,ADR-078,"CI composed hardening: a real composed-e2e job, offline vendored scanners, the PR-vs-nightly split, and the starlette security bump (vs a SaaS scanning stack)",monitor,monitor,,docs/adr/ADR-078-ci-composed-hardening-composed-e2e-job-offline-scanners-nightly-cadence-and-the-starlette-fix.md:148; status=Accepted; trigger: Revisit this decision when any of the following holds: - The runner image changes (ubuntu-latest drops a Docker daemon or Node): the `composed` job would fail loudly via `SIG_REQUIRE_DB_TESTS=1` — revisit if the fix is a heavier runner rather than a rest…,,,,S1,,BL-048
U-0454,adr_trigger,ADR-079,"The second jurisdiction: France (Commune de Gex, vidéoprotection) through the P18.1 adapter framework — generalised seed/export/dossier seams, committed fixtur…",monitor,monitor,,"docs/adr/ADR-079-second-jurisdiction-france-gex-adapter-wiring-and-the-okc-assumption-dispositions.md:180; status=Accepted; trigger: Revisit this decision when any of the following holds: - The operator selects a different second jurisdiction — the dispatch tables (`_SEED_SLICES`, `_jurisdiction_request`, `build_web_dossiers`, `CONNECTOR_FOR_SOURCE`) are the seam; a new jurisdiction is a new row…",,,,S1,,BL-053
U-0455,adr_trigger,ADR-080,"The `government_mandated_disclosure` connector (CCOPS): one connector, three paying source adapters; the per-agency aggregate-row schema; the two-layer `procur…",monitor,monitor,,"docs/adr/ADR-080-government-mandated-disclosure-ccops-one-connector-three-source-adapters-the-per-agency-aggregate-row-schema-and-the-two-layer-procured-not-deployed-guard.md:156; status=Accepted; trigger: Revisit if (a) a CCOPS jurisdiction ships a machine-readable inventory (the `machine_readable_outputs = 0` scope fact and the document-pipeline assumption change), (b) a fourth paying source or…",,,,S1,,BL-054
U-0456,adr_trigger,ADR-081,"The real GCP deployment: Cloud SQL + Cloud Run (vs ADR-075's e2-micro DECISION path), and the three IaC gap-closures the live apply required",monitor,monitor,,docs/adr/ADR-081-gcp-live-deployment-cloud-sql-and-cloud-run-vs-the-e2-micro-decision-plus-the-image-dsn-and-read-grant-gap-closures.md:33; status=Accepted; trigger: Revisit if: the monthly cost matters enough to move the DB back to the always-free e2-micro (ADR-075) or to Cloud SQL's newer shared-core tiers; or Go-public is approved (HG-11 + counsel) and the buckets/Cloud Run must flip to public…,,,,S1,,BL-037 D-DEPLOY.1-1
U-0457,adr_trigger,ADR-082,"Live fetch targets as a declarative table (`data/live_targets.toml`), and the Overpass robots-gate finding",monitor,monitor,,docs/adr/ADR-082-live-fetch-targets-table-and-the-overpass-robots-gate-finding.md:22; status=Accepted; trigger: Revisit if: the operator provides a robots-permitting Overpass endpoint (or the rights determination) so the OSM live fetch can run and this records its evidence; or P25.1 lands document-connector content-drift handling and adds their `live_targets.toml` rows; or the target schema needs…,,,,S1,,BL-055
U-0458,adr_trigger,ADR-083,"Crawler conduct: documented API access is not crawling (an auditable, allow-listed carve-out to strict robots-honouring)",monitor,monitor,,"docs/adr/ADR-083-crawler-conduct-documented-api-access-is-not-crawling-carve-out.md:26; status=Accepted; trigger: Revisit if: counsel (HG-02) reviews the carve-out (flip `counsel_reviewed`); or a host on the allow-list changes its ToS to forbid programmatic access (remove it); or the distinction proves insufficient for an authenticated-API source (extend the allow-list schema with the auth model,…",,,,S1,,BL-055
U-0459,adr_trigger,ADR-084,Accept `LicenceOuverte-2.0` in the SPDX set for DECP (France/Belgium open procurement),monitor,monitor,,docs/adr/ADR-084-accept-licence-ouverte-2-0-in-the-spdx-set-for-decp-fr.md:41; status=Accepted; trigger: Revisit if: counsel (HG-02) confirms Licence Ouverte 2.0 is CC-BY-4.0-compatible — then widen `relicensable_to`; or Etalab's published compatibility position changes; or a data.gouv.fr source appears under a *different* LO version (`fr-lo` v1 vs `lov2`) whose terms differ.,,,,S1,,BL-053
U-0460,adr_trigger,ADR-085,Municipal-mandated-disclosure + derived-facts basis for CCOPS and pathways flips,monitor,monitor,,"docs/adr/ADR-085-municipal-mandated-disclosure-and-derived-facts-basis-for-ccops-and-pathways.md:68; status=Accepted; trigger: Revisit if counsel (HG-02) rules the derived-facts boundary insufficient for municipal records, if a CCOPS/pathways connector is changed to ingest upstream document bytes (at which point the municipal-copyright question attaches and a new basis is required), or if a juris…",,,,S1,,BL-055
U-0461,adr_trigger,ADR-086,HG-02 counsel resolution: derived-facts sources publish in a dedicated `derived_facts` compartment,monitor,monitor,,"docs/adr/ADR-086-hg02-counsel-resolution-derived-facts-publication-compartment.md:69; status=Accepted; trigger: Revisit if counsel refines the publication terms for derived-facts sources (e.g. permits folding into CC-BY-4.0, or attaches conditions beyond attribution), or if a connector for a derived-facts source is ever changed to emit upstream content rather than SIG-authored claims.",,,,S1,,BL-055
U-0462,adr_trigger,ADR-087,A 4xx robots.txt response means no policy exists (RFC 9309 §2.3.1.4 access-result split),monitor,monitor,,docs/adr/ADR-087-robots-4xx-means-no-policy-exists-rfc-9309-access-result-split.md:87; status=Accepted; trigger: RFC 9309 is revised or superseded; a tenant host answers 4xx on robots.txt but its operators publish a policy elsewhere that clearly binds (then honour it); or a 4xx-permitted fetch surfaces an access control on the data path that the recorded outcome would have masked (review whether…,,,,S1,,BL-055
U-0463,adr_trigger,ADR-088,"Robots verdicts are probed and recorded, never enforced (GL-GATE-08)",monitor,monitor,,"docs/adr/ADR-088-robots-verdicts-recorded-never-enforced-gl-gate-08.md:123; status=Accepted; trigger: - An egress-IP block is observed on shared vendor infrastructure (the GL-GATE-08-named exposure), or a host's operators object to the crawled access — then re-gate per-platform or globally by a new ADR. - Counsel objects to disregarding robots verdicts (the Dolby/HiQ landscape shifts, or HG-02-cl…",,,,S1,,BL-055
U-0464,adr_trigger,ADR-089,Bound the SAM.gov sweep to one daily quota window (request budget + no-re-probe stop),monitor,monitor,,"docs/adr/ADR-089-bounded-quota-aware-sam-gov-sweep.md:106; status=Accepted; trigger: - The api.data.gov daily tier changes (an operator key-tier upgrade, or a documented limit change) — re-measure and raise/remove `daily_request_budget`. - The prioritised keyword set grows past the budget — then the paged cursor becomes load-bearing and needs durable cross-run persistence (a new ADR). - A 429 is…",,,,S1,,BL-055
U-0465,adr_trigger,ADR-090,The public surface renders the national graph from a spine-built export,monitor,monitor,,"docs/adr/ADR-090-national-public-surface-from-a-spine-built-export.md:65; status=Accepted; trigger: - If, after the P27.2 rights work, the *publishable* scope is still tiny (a national surface is not honestly viable) — fall back to a curated-jurisdictions surface by a new ADR. - If a jurisdiction objects, or breadth creates a safety concern under Part VIII (§0.7) that per-jurisdiction framing avo…",,,,S1,,BL-056
U-0466,adr_trigger,ADR-091,Static content core + progressive-enhancement React islands (DECISION-SPA = B),monitor,monitor,,"docs/adr/ADR-091-static-core-plus-progressive-enhancement-react-islands.md:63; status=Accepted; trigger: - An island's no-JS fallback becomes unmaintainable, or a public island breaks the a11y/archival/perf contract in CI — re-gate or remove that island by a new ADR. - The operator later wants a full SPA — a new ADR superseding this one and SIG-UI-036/037 (with the archivability/a11y mitigations…",,,,S1,,BL-056
U-0467,adr_trigger,ADR-092,The export is built from the live spine; launch resolution posture is compute-on-read + observation-level,monitor,monitor,,"docs/adr/ADR-092-spine-built-export-and-launch-resolution-posture.md:61; status=Accepted; trigger: - Cross-source dedup / resolution becomes a load-bearing *public* claim (e.g. a headline ""N cameras"" that must be a resolved count) — materialize resolution by a new ADR. - The read API must serve resolved entities (a consumer needs them) — materialize by a new ADR. - Compute-on-read at national sca…",,,,S1,,BL-056
U-0468,adr_trigger,ADR-093,"Information-architecture redesign: grouped nav, national landing, per-jurisdiction dossier index",monitor,monitor,,"docs/adr/ADR-093-information-architecture-redesign-and-national-landing.md:59; status=Accepted; trigger: - The grouped nav / landing fails a11y or comprehension testing with real users (council members, journalists) — revise the IA by a new ADR. - ADR-090's national scope is revisited (e.g. narrowed to curated jurisdictions) — the index structure revisits with it. - A future surface needs a nav g…",,,,S1,,BL-056
U-0469,adr_trigger,ADR-094,"Maximize publishable scope by evidenced rights resolution, never gate bypass",monitor,monitor,,"docs/adr/ADR-094-maximize-publishable-scope-rights-resolution.md:55; status=Accepted; trigger: - Counsel revises the public-record / factual-compilation basis, or a source's operator objects to publication — re-gate that source by a new ADR / gate decision. - A held Part VIII class's sign-off changes (granted or withdrawn) — record the change as a new gate decision; never a silent flip. - A new U…",,,,S1,,BL-056
U-0470,adr_trigger,ADR-095,Append-only `rights_decision` log for resolving UNDETERMINED-recorded claims,monitor,monitor,,"docs/adr/ADR-095-append-only-rights-decision-log.md:54; status=Accepted; trigger: - A rights disposition changes for a source (narrowing, objection, counsel revision) — append a NEW `rights_decision`; never edit a row. - A consumer needs per-claim (not per-source) resolution — extend the log with a claim-scoped decision kind in a new ADR.",,,,S1,,BL-056
U-0471,adr_trigger,ADR-096,National public cut-over publishes only the non-share-alike published compartment,monitor,monitor,,docs/adr/ADR-096-national-public-cutover-published-compartment.md:68; status=Accepted; trigger: - HG-02 counsel records a dated ODbL 4.4(b) opinion (`D-LEGAL.1-1`) and the operator decides to publish the national ODbL layer — add an ODbL public compartment/bucket and widen the classifier in a new ADR (the ODbL layer then ships as a separate public file per §42.3). - A new non-share-alike licence…,,,,S1,,BL-056 D-LEGAL.1-1
U-0472,adr_trigger,ADR-097,"Three public interactive islands (map, network graph, search) extend the ADR-068 island allowance",monitor,monitor,,"docs/adr/ADR-097-public-progressive-enhancement-islands-map-graph-search.md:89; status=Accepted; trigger: - An island's no-JS fallback becomes unmaintainable, or a public island breaks the a11y / archival / performance contract in CI (a11y < 100 on the island page, or a `<script>` appears on a non-island public page) — re-gate or remove that island by a new ADR. - The operator later wants a full…",,,,S1,,BL-056
U-0473,adr_trigger,ADR-098,Custom-domain cut-over to surveillancegraph.org via an external HTTPS load balancer + serverless NEG,monitor,monitor,,"docs/adr/ADR-098-custom-domain-cutover-via-external-https-load-balancer.md:108; status=Accepted; trigger: - Cost pressure or a return to the zero-cost posture (SIG-STORE-003): once the operator verifies `surveillancegraph.org` in Google Search Console (adds the verification TXT + confirms — a step the ADC scope cannot do), migrate to a Cloud Run domain mapping (zero-cost), swap the Squarespace `A…",,,,S1,,BL-056
U-0474,adr_trigger,ADR-099,"Materialize entity resolution at scale, governed by a measured eval loop",monitor,monitor,,"docs/adr/ADR-099-materialize-entity-resolution-at-scale-with-a-measured-eval-loop.md:102; status=Accepted; trigger: - Real human-labelled ground truth exists — field-verified sites, contributor-verified matches, or a substantially larger human-adjudicated holdout: re-estimate P/R/R on a *human* holdout, re-tune the floor and tier cutoffs against it, and close `D-R6.1-EVAL` in a new ADR (SIG-ENG-0…",,,,S1,,BL-057 D-R6.1-EVAL
U-0475,adr_trigger,ADR-100,Identity minimization for contribution; no homegrown accounts,monitor,monitor,,"docs/adr/ADR-100-identity-minimization-for-contribution.md:83; status=Accepted; trigger: - Demonstrated demand for public authenticated contribution beyond the vetted curator set, plus a ratified moderation/abuse/safety plan and a contributor-exposure threat model — then design external- IdP OAuth (pseudonymous subject id + tier only) in a new ADR + ticket, closing `D-R7.1-AUTH`; never a homegrow…",,,,S1,,BL-057 D-R7.1-AUTH
U-0476,adr_trigger,ADR-101,The public surface reads the materialized graph (reconciling ADR-092),monitor,monitor,,"docs/adr/ADR-101-public-surface-reads-the-materialized-graph.md:81; status=Accepted; trigger: - Materialization cost or staleness changes the tradeoff — if re-running the Round-6 materialization passes to keep the surface fresh becomes expensive or the export lags the spine unacceptably, reconsider the compute-vs-materialize boundary (e.g. incremental materialization, or compute-on-read for the f…",,,,S1,,BL-057 D-R6.1-EVAL
U-0477,adr_trigger,ADR-102,"Temporary Cloud SQL scale-up for the OSM land, and a settled audit snapshot status",monitor,monitor,,"docs/adr/ADR-102-temporary-cloud-sql-scale-up-and-settled-audit-snapshot.md:57; status=Accepted; trigger: Revisit when P30.4 scales `sig-pg` back down (confirm the tier is restored and record the date), or when D-P30.1-1 / D-P30.1-2 land (a future large land should then need no scale-up), or if any future audit is labelled `--settled` while a land it depends on is still running.",,,,S1,,BL-057 D-P30.1-1 D-P30.1-2
U-0478,adr_trigger,ADR-103,"Hosted Round-6 materialization: a least-privilege materialize role, in-GCP execution, and the hosted-scale deviations",monitor,monitor,,"docs/adr/ADR-103-hosted-round6-materialization-least-privilege-role-and-in-gcp-execution.md:83; status=Accepted; trigger: Revisit when D-P30.2-1 lands a peer-class refinement (then run coverage with negative space), when D-P30.2-2 / D-P30.2-3 land (re-run edges / accountability / resolution and expect non-zero counts), if a second materialize login or a non-`sig` schema owner is introduced, or if…",,,,S1,,BL-057 D-P30.2-1 D-P30.2-2 D-P30.2-3
U-0479,adr_trigger,ADR-104,"Camera-registry predicates in the predicate registry: genres, per-predicate epistemics, an absolute coordinate tolerance, and capture-time dating",monitor,monitor,,"docs/adr/ADR-104-camera-registry-predicates-in-the-predicate-registry.md:148; status=Accepted; trigger: Revisit when any of: (a) P30.2b lands cross-source camera-site ER — identifiers become per-source multi-valued on a merged entity (the single-cardinality `authoritative_source_wins` choice for `external_id` / `camera_external_ref` must then be re-decided), latitude/longitude must be resolved as…",,,,S1,,BL-057 D-P30.2a-1 D-P30.2a-2
U-0480,adr_trigger,ADR-105,"Geospatial camera-site entity resolution: the resolved-site unit, geo blocking, tiered same-device rules, and a measured auto-write gate",monitor,monitor,,docs/adr/ADR-105-geospatial-camera-site-entity-resolution.md:142; status=Accepted; trigger: Revisit when any of: (a) human review decisions on the queued proposals accumulate (D-P30.2b-1) — feed accepted merges into clustering and re-measure the tiers on a new holdout version; (b) the per-run measurement drops a tier below the 0.98 floor (it auto-demotes; a persistent miss re-opens the rules); (c…,,,,S1,,BL-057 D-P30.2b-1 D-P30.2b-2 D-R6.1-EVAL
U-0481,adr_trigger,ADR-106,"Share-alike compartments go public as separate, attributed compartments; mixed-licence artifacts never do",monitor,monitor,,"docs/adr/ADR-106-public-share-alike-compartments-published-separately.md:125; status=Accepted; trigger: - Counsel's dated written opinion (`D-P30.3-COUNSEL`) differs from the operator-reported clearance (e.g. limits ODbL 4.4(b) produced-work use, requires share-alike layers be served apart from the site, or wants the site's `/map/points.json` rendering data split per compartment) — record the nar…",,,,S1,,BL-056 D-P30.3-COUNSEL
U-0482,adr_trigger,ADR-107,Cloud SQL steady-state tier after launch: `db-custom-1-3840`,monitor,monitor,,"docs/adr/ADR-107-cloud-sql-steady-state-tier-after-launch.md:108; status=Accepted; trigger: Revisit if any of these happens: - the 2026-10-10 (or any later) `sig-sched-camreg-batch-05` OSM replay fails or nears its 36 h deadline; - `sig-api` warm point reads regress past ~2× the table above, or a list endpoint starts hitting the Cloud Run request timeout; - a large land, re-materialization or re-…",,,,S1,,BL-057 D-P30.1-1 D-P30.1-2
U-0483,adr_trigger,ADR-108,Read-API connection pool and the bounded `/v1/search` contract,monitor,monitor,,"docs/adr/ADR-108-api-connection-pool-and-bounded-search.md:135; status=Accepted; trigger: Revisit if any of these happens: - Cloud Run `max-instances` or the Cloud SQL tier changes, so `(POOL_MAX + 1) × max-instances` must be re-checked against `max_connections`; - `/health` or `probe-hosted` records `requests_waiting > 0` or a pool-timeout 503 under normal traffic; - `/v1/search` p95 exceeds ~2…",,,,S1,,BL-057
U-0484,adr_trigger,ADR-109,One `ingest_run` per execution; completion is an appended row,monitor,monitor,,"docs/adr/ADR-109-append-only-ingest-run-completion.md:129; status=Accepted; trigger: Revisit if any of these happens: - P31.4 changes restart semantics (resume under one logical run) in a way that needs more than one live completion per run, or a completion per chunk; - a scheduled execution is observed with no completion although its WORM row says it finished (the pipeline hook is not firing, or…",,,,S1,,BL-056
U-0485,adr_trigger,ADR-110,"Entity-identity guard, batched claim writes, and the sink's extension points",monitor,monitor,,"docs/adr/ADR-110-sink-identity-guard-and-batched-writes.md:194; status=Accepted; trigger: - (a) P31.4's hosted replay on the rolled image shows the chunk write is no longer DB-bound, or a chunk exceeds a Cloud Run task deadline. Then revisit `insert_batch_size` / `commit_chunk_size`, or consider `COPY` into a staging table. - (b) A deadlock on `claim_content_digest` is observed between concurrent…",,,,S1,,BL-057
U-0486,adr_trigger,ADR-111,"Restart = resume: per-capture flush, capture marks, a GCS capture store, and jobs pinned by digest",monitor,monitor,,"docs/adr/ADR-111-restart-resume-capture-store-and-pinned-job-images.md:148; status=Accepted; trigger: - (a) The 2026-10-10 `sig-sched-camreg-batch-05` replay (the first full OSM run on this image) takes more than 1 h, fails, or its run row's `fetches`/`resumed` show an unexpected resume. Compare with the projection above and ADR-107. - (b) A resumed execution ever records a different emitted coun…",,,,S1,,BL-057
U-0487,adr_trigger,ADR-112,"Partner organisations as entity-ref claims: one identifier scheme, the ambiguity rule, and never a person",monitor,monitor,,"docs/adr/ADR-112-partner-organisation-entity-ref-claims.md:158; status=Accepted; trigger: Revisit when any of: (a) an emitter starts capturing a crosswalk id (UEI/LEI/CAGE/agency code) — decide how a crosswalk-keyed entity and the same body's `sig.org.name` entity are linked (a recorded `same_as`, P28.1); (b) `normalize_org_name`'s ruleset or `partner_identity.toml` changes version — entity-ref c…",,,,S1,,BL-057 D-P31.5-2
U-0488,adr_trigger,ADR-113,"Access-edge claims on the spine, and the asserting replay of persisted captures",monitor,monitor,,"docs/adr/ADR-113-asserting-replay-of-persisted-captures.md:84; status=Accepted; trigger: Revisit when any of: (a) a second ticket needs asserting replay — decide whether `replay_ingest` generalises (per-predicate filtering, dry-run, multi-source sweep); (b) marks predate the P31.4 capture roll — synthetic `ingest_run_capture` rows without OCFL objects may need a distinct disposition from `missing…",,,,S1,,BL-057
U-0489,adr_trigger,ADR-114,"Claim re-sightings on the spine, and latest-capture dating (the design's ADR-R9-RESIGHT)",monitor,monitor,,docs/adr/ADR-114-claim-re-sightings-and-latest-capture-dating.md:107; status=Accepted; trigger: Revisit — in a new ADR — when any of: (a) the storage budget is crossed — the measured projection is recorded in `docs/build/runs/P31.7.md` and `docs/build/reports/p31.7-hosted/`; the named threshold is projected `claim_evidence` growth exceeding 50% of the provisioned `sig-pg` disk within 12 months (r…,,,,S1,,BL-057
U-0490,adr_trigger,ADR-115,"Peer-class negative space: declared `(entity_type, connector)` classes with declared tracked predicates (the design's ADR-R9-PEERCLASS)",monitor,monitor,,docs/adr/ADR-115-peer-class-negative-space-declared-tracked-predicates.md:87; status=Accepted; trigger: - A connector ships with no declared class and its absence surface is wanted (the declaration must be extended — the load-time validator + the `measured ⇐ declared` test make the drift loud). - Claim subjects gain non-`deployment` types at scale; re-measure per-class membership. - A class's mea…,,,,S1,,BL-057
U-0491,adr_trigger,ADR-116,"Human review decisions into camera-site clustering, and evidenced duplicate-target lineage (the design's ADR-R9-HUMANER)",monitor,monitor,,"docs/adr/ADR-116-human-review-decisions-into-camera-site-clustering.md:138; status=Accepted; trigger: Revisit when any of: (a) the Round-10 review campaign produces real decisions — verify real accepted decisions clustering on hosted and re-measure (D-P30.2b-1, with P31.18); (b) a curator rejects a pair the duplicate-target evidence merged, or accepts what a constraint refused, often enough to su…",,,,S1,,BL-057 D-P30.2b-1 MANIFEST-159
U-0492,adr_trigger,ADR-117,Presentation analytics emitted by the spine export (the design's ADR-R9-ANALYTICS),monitor,monitor,,docs/adr/ADR-117-presentation-analytics-emitted-by-the-spine-export.md:141; status=Accepted; trigger: Revisit when any of: (a) P31.16 re-exports and republishes — verify the national bundle renders every analytic on the live surfaces and re-close D-P30.3-3's public half; (b) the map gains zoom-dependent density (P31.15) — the res-3 national bins need zoom-tier companions or a vector-tile source r…,,,,S1,,BL-056 D-P30.3-3
U-0493,adr_trigger,ADR-118,"Per-compartment z0–z14 vector tiles, repo-owned sig-web compression, and the retirement of the combined /map/points.json (the design's ADR-R9-TILES)",monitor,monitor,,"docs/adr/ADR-118-per-compartment-vector-tiles-compression-and-points-json-retirement.md:133; status=Accepted; trigger: Revisit when (a) the map needs a basemap — revisit ONLY as the costed self-hosted extract follow-up (Q8(b)), never a third-party tile service; (b) a licensor, counsel's written opinion (D-P30.3-COUNSEL), or the OSMF requires splitting or further separating any tile layer — the pe…",,,,S1,,BL-056 D-P30.3-COUNSEL
U-0494,adr_trigger,ADR-119,The GCP project-id leak check is scoped to code + config; the append-only build memory is exempt (the design's ADR-R9-LEAKSCOPE),monitor,monitor,,"docs/adr/ADR-119-project-id-leak-check-scoped-to-code-and-config.md:98; status=Accepted; trigger: Revisit when (a) the project id ever carries sensitivity beyond an identifier (e.g. a policy that treats infrastructure naming as confidential — then the recorded history, not the check, becomes the problem, and the answer is a new policy ADR, not a history rewrite); (b) a new deployable surface is a…",,,,S1,,BL-057
U-0495,adr_trigger,ADR-120,"Evidence integrity, useful investigations and current build memory",monitor,monitor,,docs/adr/ADR-120-six-stream-integrity-investigation-and-memory-extension.md:44; status=accepted as an engineering specification/planning decision…; trigger: Revisit when a selected source/predicate mapping cannot express a material document clause; field evidence invalidates role/count assumptions; a source/ruleset mix drifts beyond the evaluated population; the preregistered gate is inconclusive…,,,,S1,,BL-058
U-0496,adr_trigger,ADR-121,"Typed assertion envelope, actual-capture bindings, and safe omission of unregistered predicates (P32.2)",monitor,monitor,,"docs/adr/ADR-121-typed-assertions-and-actual-capture-bindings.md:37; status=accepted (engineering; offline-only — no live fetch, public…; trigger: Revisit when a connector needs a locator kind outside `parsing.LocatorKind` (extend the enum + `sig.assertion.map` version), when the `sig.assertion/1` envelope needs a field that changes claim identity (versioned map bump + ADR), when a release/consum…",,,,S1,,BL-058
U-0497,adr_trigger,ADR-122,"Role semantics, scope-qualified counts, and conservative organization identity (P32.3)",monitor,monitor,,"docs/adr/ADR-122-role-semantics-count-scope-and-conservative-organization-identity.md:40; status=accepted (engineering; offline-only — no live fetch, public…; trigger: Revisit when a new organisation role or provenance genre is needed (extend `ROLE_OF_PREDICATE` + `artifact_genres` together — the taxonomy is the single mapping), when scoped-name candidates accumulate enough that a disposition wor…",,,,S1,,BL-058
U-0498,adr_trigger,ADR-123,One shared bitemporal occurrence-selection contract (P32.4),monitor,monitor,,"docs/adr/ADR-123-shared-bitemporal-occurrence-selection.md:112; status=accepted (engineering; offline-only — no live fetch, public…; trigger: Revisit when a reader needs a different occurrence definition (extend the contract version and all three carriers together — a private ""latest"" is the defect this ADR closes), when the lateral `DISTINCT ON` reads exceed the serving budget on the measured fi…",,,,S1,,BL-058
U-0499,adr_trigger,ADR-124,One publication eligibility/disposition policy (P32.5),monitor,monitor,,"docs/adr/ADR-124-one-publication-eligibility-policy.md:140; status=accepted (engineering; offline-only — no live fetch, public…; trigger: - If a legitimately-public denial needs more than the six reason categories (e.g. a consent-withdrawn vocabulary for person surfaces under a future Part VIII decision), extend `ReasonCategory` + the CHECK together under `publication-eligibility/2`. - If `restri…",,,,S1,,BL-058
U-0500,adr_trigger,ADR-125,The offline legacy-evidence audit and bounded recovery-plan contract (P32.6),monitor,monitor,,"docs/adr/ADR-125-legacy-evidence-audit-and-recovery-plan-contract.md:113; status=accepted (engineering; offline-only — no live fetch, public…; trigger: - If the live pass (P32.22, `D-R10-LIVE-1`) finds the grade taxonomy insufficient for a real population — e.g. a partial-WACZ state or a mark-present/row-absent divergence the fixture never covered — extend the grade/findings vocabulary under `evi…",,,,S1,,BL-058 D-R10-LIVE-1
U-0501,adr_trigger,ADR-126,Evidence-backed obligation events and the deterministic current projection (P32.7),monitor,monitor,,"docs/adr/ADR-126-obligation-events-and-current-projection.md:125; status=accepted (engineering; offline-only — shadow mode, no contr…; trigger: - P32.8 cutover (`D-R10-MEMORY-1`): when the single-writer protocol lands, the shadow `append` path becomes the enforced writer, `check` joins closeout, and this ADR's shadow-mode statements get superseded by the cutover ADR. - A second transition surface…",,,,S1,,BL-058 D-R10-MEMORY-1
U-0502,adr_trigger,ADR-127,The single-writer closeout protocol `closeout-op/1` and the worktree-safe validator (P32.8),monitor,monitor,,docs/adr/ADR-127-single-writer-closeout-protocol.md:147; status=accepted (engineering; shadow mode — entry-point enforcemen…; trigger: Revisit when: the operator approves the D-R10-MEMORY-1 entry-point cutover (apply `contract/patch/1..3` and flip enforcement); a second host ever participates in the build chain (the single-host PID-liveness assumption must then be replaced — e.g. by a shared-stor…,,,,S1,,BL-058 D-R10-MEMORY-1
U-0503,adr_trigger,ADR-128,"The preregistered, dependency-disjoint, blinded human-evaluation campaign surface (P32.9)",monitor,monitor,,docs/adr/ADR-128-preregistered-blinded-human-evaluation-campaigns.md:143; status=accepted (engineering; campaign tooling only — `D-R10-HUMAN…; trigger: Revisit when: `D-R10-HUMAN-1` advances (real human reviewers provisioned — verify provisioning docs + attestation flow against real accounts); the rubric changes (new `eval-rubric/N` ⇒ new `protocol_digest` ⇒ new campaign); a label is corrected af…,,,,S1,,BL-058 D-R10-HUMAN-1
U-0504,adr_trigger,ADR-129,Design-aware resolution evaluation and the shadow confidence gate (P32.10),monitor,monitor,,docs/adr/ADR-129-design-aware-resolution-evaluation-and-shadow-confidence-gates.md:153; status=accepted (engineering; the confidence policy ships `mode='s…; trigger: Revisit when: HUMAN-H5 produces the first measured labelled campaign (the shadow report is re-run against real reference labels and its arithmetic is re-verified); P32.23 takes the measured decision (arming requires the new ADR + ope…,,,,S1,,BL-058 HUMAN-H5 MANIFEST-186 MANIFEST-187
U-0505,adr_trigger,ADR-130,"Acquisition is a gap-driven reviewed queue: passports as data, hard rights/sensitivity gates outside the score (P32.11)",monitor,monitor,,"docs/adr/ADR-130-acquisition-reviewed-queue.md:123; status=accepted (engineering; live acquisition, rights decisions a…; trigger: Revisit when (a) the first reviewer assessment supersedes `acq-seed/1` and a calibration disagreement emerges that the ordinal model cannot express; (b) P32.18–P32.21 pilot acquisition produces measured costs that show the effort bands are systematically wrong; (c) a c…",,,,S1,,BL-058
U-0506,adr_trigger,ADR-131,The `dossier_documents` connector: one shared bounded adapter over a frozen field crosswalk (P32.12),monitor,monitor,,"docs/adr/ADR-131-dossier-documents-connector-shared-bounded-adapter-frozen-field-crosswalk.md:131; status=accepted (engineering; all three sources stay `ingestion_pe…; trigger: A pilot family requires a third document protocol (OCR or an office format), the `instrument_execution_state` amendment is consumed by a schema ticket (the crosswalk row then maps to the landed predicate and `needs_amendme…",,,,S1,,BL-058
U-0507,adr_trigger,ADR-132,"Immutable release namespaces: pre-render identity, acyclic integrity manifest, access-time withdrawal barrier (P32.13)",monitor,monitor,,"docs/adr/ADR-132-immutable-release-namespaces-and-acyclic-integrity.md:120; status=accepted (engineering; offline tooling only — nothing is de…; trigger: Revisit if the deployment target cannot express a pre-origin deny map (the access-time barrier must move into the origin layer), if `sig.publication-descriptor/1` needs new intentional inputs (descriptor version bump — namespaces change globally…",,,,S1,,BL-058
U-0508,adr_trigger,ADR-133,"Per-compartment immutable corpus search: emitted SQLite FTS5 index artifacts, verified read-only mount, cursor-bounded queries, access-time withdrawal filterin…",monitor,monitor,,"docs/adr/ADR-133-per-compartment-immutable-corpus-search-indexes.md:194; status=accepted (engineering; offline tooling only — nothing is de…; trigger: Revisit when (a) a compartment exceeds ~5M records and FTS5 warm-p95 breaches the 500 ms bound at 8 readers, (b) a cross-compartment search requirement is authorized — it needs a new ADR and a licence-join design, (c) the index format or cursor con…",,,,S1,,BL-058
U-0509,adr_trigger,ADR-134,"One versioned workspace-state contract (`sig.workspace-state/1`) shared by the three investigation islands, bounded navigation everywhere, evidence-bearing net…",monitor,monitor,,"docs/adr/ADR-134-coordinated-investigation-workspace-state.md:184; status=accepted (engineering; offline tooling only — nothing is de…; trigger: Revisit when (a) a requirement asks to share the map viewport or any other transient state — needs an explicit `v=2` encoding decision, never a silent `z/lat/lon` leak; (b) a fourth investigation view or a cross-view selection model appears — the contrac…",,,,S1,,BL-058
U-0510,adr_trigger,ADR-135,"Durable anonymous correction intake as a separate receiver process over an isolated `intake` schema: receipts via POST-secret, private loopback-only moderation…",monitor,monitor,,"docs/adr/ADR-135-isolated-durable-anonymous-correction-intake.md:182; status=accepted (engineering; the receiver is built but NOT operat…; trigger: Revisit when (a) P32.16a lands the authorized correction-application bridge — its role must be added to the writer guard's `applied`/`published` allow-list deliberately, never by loosening the guard for existing roles; (b) the receiver's field contrac…",,,,S1,,BL-058
U-0511,adr_trigger,ADR-136,"The research-dossier schema: `sig.dossier-packet/1` → `sig.research-dossier/1` → `sig.dossier-portfolio/1`, a distinct eleventh artifact class (P32.17)",monitor,monitor,,"docs/adr/ADR-136-research-dossier-schema-portfolio-completion-and-eleventh-artifact-class.md:114; status=accepted (engineering; publication and live deployment stay…; trigger: A pilot dossier needs a seventh answer state (e.g. a distinct ""correction pending"" state), the rubric gate is recalibrated after the first independent review campaign (D-R10-HUMAN-1 evidence), a future contract ticket adds…",,,,S1,,BL-058 D-R10-HUMAN-1
U-0512,adr_trigger,ADR-137,The Oklahoma City dossier packet + the additive seed-correction packet (P32.18),monitor,monitor,,"docs/adr/ADR-137-oklahoma-city-dossier-packet-and-additive-seed-correction.md:145; status=accepted (engineering; live source capture, rights review a…; trigger: The live RETURN PASS executes (`live_verification=true` re-dispatch of the same contract after HG-03 review decides the six targets' lanes) — captured bytes replace stand-ins and the packet is rebuilt from real captures; an independent re…",,,,S1,,BL-058 D-R10-HUMAN-1
U-0513,adr_trigger,ADR-138,The Tulsa dossier packet: template-vs-executed separation and honest bounded unknowns (P32.19),monitor,monitor,,"docs/adr/ADR-138-tulsa-dossier-packet-template-executed-and-honest-unknowns.md:145; status=accepted (engineering; live source capture, rights review,…; trigger: The live RETURN PASS executes (`live_verification=true` re-dispatch of the same contract after HG-03 review decides the targets' lanes) — captured bytes replace stand-ins and the packet is rebuilt from real captures; an independent review…",,,,S1,,BL-058 D-R10-HUMAN-1
U-0514,adr_trigger,ADR-139,"The San Diego dossier packet: subscription-vs-hardware, prime-vs-component, proposed recommendation, and the metadata-only Part VIII preflight (P32.20)",monitor,monitor,,"docs/adr/ADR-139-san-diego-dossier-packet-subscription-hardware-prime-component-and-proposed-recommendation.md:202; status=accepted (engineering; live source capture, rights review,…; trigger: The live RETURN PASS executes (`live_verification=true` re-dispatch of the same contract after HG-03 review decides the targets' lanes) — captured bytes replace stand-ins and the packet is rebuilt from real…",,,,S1,,BL-058 D-R10-HUMAN-1
U-0515,adr_trigger,ADR-140,"The acquisition pilot: family-granularity batch selection, the measurement schemas, and the gate packets (P32.21)",monitor,monitor,,"docs/adr/ADR-140-acquisition-pilot-batch-selection-funnel-measurement-and-gate-packets.md:165; status=accepted (engineering; the bounded live slices, rights deci…; trigger: The D-P32.21-1 bounded live slices execute (`live_verification=true` re-dispatch after HG-03 decides the lanes and the Part VIII screens run) — real captures, measured minutes and link-support numbers replace the pending_live…",,,,S1,,BL-058 D-P32.21-1
U-0516,adr_trigger,ADR-141,"The bounded recovery apply: exactly-once receipts, the sig_recovery role, and ordered rematerialization (P32.22)",monitor,monitor,,"docs/adr/ADR-141-bounded-recovery-apply-exactly-once-receipts-and-rematerialization.md:141; status=accepted (engineering; `live_verification=false` — fixture/…; trigger: - The live return pass (the production execution of `LIVE_RETURN_PASS.json`) exercises a scope or failure class the fixture cannot express — e.g. a receipt collision under two operator appliers, batch-boundary aborts over >10 000…",,,,S1,,BL-058 HUMAN-H4 MANIFEST-184 MANIFEST-185
U-0517,adr_trigger,ADR-142,"The release candidate under deferred evaluation: one pinned identity, the changed-input stop, and unpublished-by-construction staging (P32.23a)",monitor,monitor,,"docs/adr/ADR-142-release-candidate-identity-deferred-evaluation-and-pointer-immutability.md:173; status=accepted (engineering; `live_verification=false` — fixture/…; trigger: - The operator resumes the S3 human-evaluation spine (HUMAN-H4 → P32.22a → HUMAN-H5 → P32.23): a measured decision lands, `eval-confidence/1` can activate under its recorded authority, and `evaluation.status=deferred` + `pro…",,,,S1,,BL-058 HUMAN-H4 HUMAN-H5 MANIFEST-184 MANIFEST-185 MANIFEST-186 MANIFEST-187
U-0518,adr_trigger,ADR-143,"The investigation-journey acceptance portfolio: declared corpus, staged scratch release, evidence classes, and honest gaps (P32.24)",monitor,monitor,,docs/adr/ADR-143-investigation-journey-acceptance-portfolio-evidence-classes-and-honest-gaps.md:160; status=accepted (engineering; `live_verification=false` — committe…; trigger: - `D-R10-LIVE-1` closes: re-run `sig-ops journey-verify --candidate <production packet>` — `candidate.record_surface` and `B.candidate_network` must flip from `not_applicable` to real pass/fail rows. - `D-R10-USERS-1` ga…,,,,S1,,BL-058 D-R10-LIVE-1 D-R10-USERS-1
U-0519,adr_trigger,ADR-144,"Bounded release publication, unauthenticated verification, and rollback rehearsal (P32.25)",monitor,monitor,,"docs/adr/ADR-144-bounded-release-publication-unauthenticated-verification-and-rollback-rehearsal.md:177; status=accepted (engineering; `live_verification=false` — the boun…; trigger: - `D-R10-LIVE-1` closes / the operator's production return pass runs: re-run `sig-ops release-publish --candidate <production packet>` over the hosted registry, then execute the LIVE_RETURN_PASS deploy + probe sequen…",,,,S1,,BL-058 D-P32.23a-1 D-R10-LIVE-1 D-R10-PUBLISH-1
U-0520,adr_trigger,ADR-145,Round-10 spec reconciliation to the landed design (P33.5),monitor,monitor,,"docs/adr/ADR-145-round10-spec-reconciliation-to-landed-design.md:154; status=Accepted; trigger: - The S3 human-evaluation chain re-enters (HUMAN-H4 → P32.22a → HUMAN-H5 → P32.23, `D-R10-HUMAN-1`): the §55.9 landed-status record and the `SIG-TRUST-009`/`SIG-TRUST-010` deferred-scope clauses are superseded by the actual evaluation decision and candidate re-issue — record via a new ADR. - A robots-p…",,,,S1,,BL-058 D-P32.16-1 D-R10-HUMAN-1 D-R10-PUBLISH-1 HUMAN-H4 HUMAN-H5 MANIFEST-184 MANIFEST-185 MANIFEST-186 MANIFEST-187 SIG-TRUST-009 SIG-TRUST-010
U-0521,readout,HUMAN-H4,HUMAN-H4 — pending readout,PENDING,PENDING,,docs/build/readouts/HUMAN-H4.md:3: PENDING. No human work or approval is asserted.,,,,F4,,ADR-141 ADR-142 ADR-145 BL-058 D-R6.1-EVAL D-R10-HUMAN-1 D-R10-LIVE-1 MANIFEST-184 MANIFEST-185 SIG-EVAL-001 SIG-EVAL-005
U-0522,readout,HUMAN-H5,HUMAN-H5 — pending readout,PENDING,PENDING,,docs/build/readouts/HUMAN-H5.md:3: PENDING. No human work or approval is asserted.,,,,F4,,ADR-129 ADR-142 ADR-145 D-R6.1-EVAL D-R10-HUMAN-1 D-R10-LIVE-1 MANIFEST-186 SIG-EVAL-001 SIG-EVAL-005
U-0523,manifest_row,MANIFEST-158,P31.17 (LLM annotation first pass) — unused row: DROPPED,unused(DROPPED),not-landed,,"docs/tickets/00_MANIFEST.md:343 (unused-row note; no table row, no BUILD_INDEX row); docs/build/reports/obligations/reconciliations.json tickets/dependency-not-in-chain P31.17 → docs/build/reports/p32.1-baseline/RECONCILIATION.md",,,,F4,,D-P30.2b-1 D-R6.1-EVAL
U-0524,manifest_row,MANIFEST-159,P31.18 (eval re-derivation) — unused row: moved to Round 10,unused(moved to Round 10),not-landed,,"docs/tickets/00_MANIFEST.md:343 (unused-row note; no table row, no BUILD_INDEX row); docs/build/reports/obligations/reconciliations.json tickets/dependency-not-in-chain P31.18 → docs/build/reports/p32.1-baseline/RECONCILIATION.md",,,,F4,,ADR-116 D-P30.2b-2 D-R6.1-EVAL
U-0525,manifest_row,MANIFEST-184,"HUMAN-H4 — S3 — Human development review and dossier semantic acceptance; depends P32.9, P32.10, P32.22.",deferred,not-landed,,docs/tickets/00_MANIFEST.md:380 (kind=human; gate: actual human development and dossier semantic review; never guessed past); deferred by the S3 dispatch amendment docs/tickets/00_MANIFEST.md:5; BUILD_INDEX row: none,,,,F4,,ADR-141 ADR-142 ADR-145 BL-058 D-R6.1-EVAL D-R10-HUMAN-1 D-R10-LIVE-1 HUMAN-H4 SIG-EVAL-001 SIG-EVAL-005
U-0526,manifest_row,MANIFEST-185,"P32.22a — S3 — Freeze the candidate and its confirmatory sampling frame; depends HUMAN-H4, P32.10, P32.22.",deferred,not-landed,,docs/tickets/00_MANIFEST.md:381 (kind=ticket; gate: signed HUMAN-H4 development/dossier readout; operator confirms final campaign workload); deferred by the S3 dispatch amendment docs/tickets/00_MANIFEST.md:5; BUILD_INDEX row: none,,,,F4,,ADR-141 ADR-142 ADR-145 D-R6.1-EVAL D-R10-HUMAN-1 HUMAN-H4 SIG-EVAL-001 SIG-EVAL-005 SIG-EVAL-007
U-0527,manifest_row,MANIFEST-186,HUMAN-H5 — S3 — Complete blinded confirmatory adjudication for the frozen candidate; depends P32.22a.,deferred,not-landed,,docs/tickets/00_MANIFEST.md:382 (kind=human; gate: actual independent confirmatory human work; never guessed past); deferred by the S3 dispatch amendment docs/tickets/00_MANIFEST.md:5; BUILD_INDEX row: none,,,,F4,,ADR-129 ADR-142 ADR-145 D-R6.1-EVAL D-R10-HUMAN-1 D-R10-LIVE-1 HUMAN-H5 SIG-EVAL-001 SIG-EVAL-005
U-0528,manifest_row,MANIFEST-187,"P32.23 — S3 — Re-derive resolution decisions from independent human evidence; depends HUMAN-H5, P32.22a, P32.10.",deferred,not-landed,,docs/tickets/00_MANIFEST.md:383 (kind=ticket; gate: signed HUMAN-H5 final campaign and P32.22a frozen candidate/frame; any policy exception requires a new explicit decision); deferred by the S3 dispatch amendment docs/tickets/00_MANIFEST.md:5; BUILD_INDEX row: none,,,,F4,,ADR-129 ADR-142 ADR-145 BL-058 D-P32.23a-1 D-R6.1-EVAL D-R10-HUMAN-1 D-R10-LIVE-1 SIG-EVAL-001 SIG-EVAL-005 SIG-EVAL-006
